dataset,consumer,resource,support,cooccurrence_support,sites
Quercus,Aaet,AcalS,3,4,22
Quercus,Aars,AcurS,10,12,22
Quercus,Euro,AcurS,9,11,22
Quercus,Euro,AquaA,3,9,22
Quercus,Mfas,AcalS,2,6,22
Quercus,Mxan,AcalS,6,7,22
Quercus,Mxan,AglaS,9,10,22
Quercus,Mxan,AquaA,6,12,22
Quercus,Tfla,NqueS,8,11,22
Quercus,Tger,AcurS,8,14,22
Quercus,Omit,Amit,6,6,22
Quercus,Cdia,Teke,11,19,22
Quercus,Clyn.,Teke,2,19,22
Quercus,Plon,Teke,9,11,22
Quercus,Ceur,Ppyg,7,7,22
Quercus,Ctri,Ppyg,9,9,22
Quercus,Cnau,Tdod,6,6,22
Quercus,Cnau,Teke,19,19,22
Quercus,Mfas,ClonA,9,11,22
Quercus,Syn1,ClonA,7,7,22
Quercus,Syn2,AcurS,5,12,22
Quercus,Syn3,ClonA,6,6,22
Quercus,Aspci,Ealb,1,1,22
Quercus,Scat,Ppyg,2,2,22
Quercus,Cdia,Ealb,9,14,22
Quercus,Clyn.,Phy,18,18,22
Quercus,Aars,NqueS,10,12,22
Quercus,Bapa,NqueS,3,3,22
Quercus,Mfas,NantA,1,1,22
Quercus,Mfas,NqueS,5,13,22
Quercus,Taur,AcurS,1,2,22
Quercus,Tger,ClonA,8,10,22
Quercus,Tger,NqueS,7,12,22
Quercus,Mtho,Amit,1,1,22
Quercus,Cdia,Phy,7,15,22
Quercus,Clyn.,Ealb,1,13,22
Quercus,Nchl,Ealb,12,12,22
Quercus,Sgor,Amit,1,2,22
Quercus,Aaet,ClonA,3,5,22
Quercus,Aski,AquaA,8,9,22
Quercus,Euro,ClonA,3,8,22
Quercus,Mxan,ClonA,1,9,22
Quercus,Opom,NqueS,3,7,22
Quercus,Syn2,AquaA,6,9,22
Quercus,Syn2,ClonA,1,8,22
Quercus,Syn2,NqueS,9,9,22
Quercus,Tceno,NqueS,1,1,22
Quercus,Tfla,AquaA,6,9,22
Quercus,Aaet,AglaS,1,4,22
Quercus,Aaet,NqueS,1,4,22
Quercus,Aars,AquaA,1,8,22
Quercus,Aski,NqueS,3,8,22
Quercus,Euro,AcalS,1,4,22
Quercus,Euro,NqueS,5,11,22
Quercus,Mxan,NqueS,3,10,22
Quercus,Syn,AcalS,1,1,22
Quercus,Syn,AquaA,1,1,22
Quercus,Syn,AqueS,1,1,22
Quercus,Syn,NqueS,2,2,22
Quercus,Taur,NqueS,2,3,22
Quercus,Clyn.,NqueS,1,14,22
Quercus,Pagr,Teke,2,2,22
Quercus,Sser,Phy,5,5,22
Quercus,Scam,Teke,1,1,22
Quercus,Aaet,Phy,1,5,22
Quercus,Mfas,Clon asex,1,1,22
Quercus,Syn1,Clon asex,1,1,22
Quercus,Plon,Phy,1,9,22
Quercus,Sgor,Phy,2,3,22
Quercus,Mdub,AcurS,1,5,22
Quercus,Mfas,AcurS,9,16,22
Quercus,Mxan,AcurS,3,13,22
Quercus,Abut,Phy,3,3,22
Quercus,Cpic,Phy,1,1,22
Quercus,Cpen,Ealb,1,2,22
Quercus,Bapa,ClonA,1,4,22
Quercus,Ebru,ClonA,3,3,22
Quercus,Mdub,ClonA,2,3,22
Quercus,Mser,ClonA,1,1,22
Quercus,Opom,ClonA,4,8,22
Quercus,PteA,ClonA,4,4,22
Quercus,Tcya,ClonA,4,4,22
Quercus,Psau,Phy,1,1,22
Quercus,Tger,NantA,1,2,22
Quercus,Cpen,Colfllu,1,1,22
Quercus,Tger,AinfS,1,4,22
Quercus,Sxan,Amit,2,2,22
Quercus,Sxan,Calc,1,1,22
Quercus,Mdor,NqueS,1,2,22
Quercus,Mama,AcurS,3,3,22
Quercus,Mdub,NqueS,2,2,22
Quercus,Mfas,AglaS,2,9,22
Quercus,Mser,NqueS,1,1,22
Quercus,Trob,AquaA,2,2,22
Quercus,Tfla,AcurS,4,11,22
Quercus,Mfas,AquaA,1,11,22
Quercus,Abula,Phyhar,2,2,22
Quercus,Clyn.,Phyhar,1,1,22
Quercus,Tcya,AquaA,1,5,22
Quercus,Tger,AquaA,1,13,22
Quercus,Brac5,Amit,3,3,22
Quercus,Syn2,AinfS,1,3,22
Quercus,TflaA,AquaA,1,1,22
Quercus,TflaB,NqueA,2,2,22
Quercus,Gpum,Sti,1,1,22
Quercus,Cdia,ClonA,1,11,22
Quercus,Cdia,Sti,1,1,22
Quercus,Aars,NqueA,2,5,22
Quercus,Opom,AcurS,2,8,22
Quercus,Syn4,NqueA,3,3,22
Quercus,Tcya,NqueS,1,3,22
Quercus,Tfla,NqueA,1,4,22
Quercus,Alat,Phy,1,1,22
Quercus,PteA,NqueS,1,3,22
Quercus,Mtib,AglaS,1,1,22
Quercus,Syn2,AqueS,1,1,22
Quercus,Tfla,AinfS,1,2,22
Quercus,Abula,Phy,1,1,22
Quercus,Mtar,AcurS,1,1,22
Quercus,Syn,AcurS,1,1,22
Quercus,Tcya,AcurS,1,6,22
Quercus,Tnot,AcurS,1,1,22
Quercus,Tscu,AcurS,1,1,22
Quercus,Abula,Phyque,1,1,22
Quercus,Dmes,Col,1,1,22
Quercus,Cdia,Phyhar,1,2,22
Quercus,Cdia,Phyque,1,1,22
Quercus,Cdia,Ppyg,1,11,22
Quercus,Sser,Phyhar,1,1,22
Quercus,Mdor,AinfS,1,1,22
Quercus,Mxan,AinfS,1,4,22
Quercus,Opom,AquaA,1,8,22
Quercus,Plon,Ealb,1,6,22
Nahuel,Pol1,Plant1,7,7,8
Nahuel,Pol1,Plant3,4,7,8
Nahuel,Pol2,Plant2,8,8,8
Nahuel,Pol2,Plant4,7,7,8
Nahuel,Pol2,Plant5,7,7,8
Nahuel,Pol2,Plant6,3,6,8
Nahuel,Pol3,Plant1,4,6,8
Nahuel,Pol3,Plant2,5,7,8
Nahuel,Pol3,Plant3,5,7,8
Nahuel,Pol5,Plant2,5,5,8
Nahuel,Pol5,Plant5,1,5,8
Nahuel,Pol6,Plant4,3,5,8
Nahuel,Pol6,Plant9,1,2,8
Nahuel,Pol7,Plant2,5,8,8
Nahuel,Pol7,Plant6,6,6,8
Nahuel,Pol9,Plant2,3,7,8
Nahuel,Pol9,Plant3,4,7,8
Nahuel,Pol10,Plant2,6,7,8
Nahuel,Pol11,Plant2,3,4,8
Nahuel,Pol11,Plant11,4,4,8
Nahuel,Pol13,Plant2,6,7,8
Nahuel,Pol13,Plant6,1,5,8
Nahuel,Pol14,Plant2,3,6,8
Nahuel,Pol14,Plant3,2,6,8
Nahuel,Pol14,Plant6,4,6,8
Nahuel,Pol16,Plant2,4,4,8
Nahuel,Pol17,Plant6,3,5,8
Nahuel,Pol18,Plant3,1,1,8
Nahuel,Pol22,Plant2,2,2,8
Nahuel,Pol26,Plant12,4,4,8
Nahuel,Pol27,Plant2,6,7,8
Nahuel,Pol28,Plant8,3,3,8
Nahuel,Pol29,Plant2,5,5,8
Nahuel,Pol34,Plant2,3,5,8
Nahuel,Pol35,Plant2,3,3,8
Nahuel,Pol37,Plant2,4,4,8
Nahuel,Pol38,Plant2,5,5,8
Nahuel,Pol50,Plant6,2,2,8
Nahuel,Pol51,Plant3,1,1,8
Nahuel,Pol52,Plant3,1,1,8
Nahuel,Pol59,Plant2,1,2,8
Nahuel,Pol83,Plant2,1,1,8
Nahuel,Pol88,Plant3,1,1,8
Nahuel,Pol2,Plant3,1,8,8
Nahuel,Pol2,Plant11,3,5,8
Nahuel,Pol4,Plant4,4,6,8
Nahuel,Pol4,Plant10,3,3,8
Nahuel,Pol6,Plant8,1,2,8
Nahuel,Pol7,Plant3,2,8,8
Nahuel,Pol8,Plant2,6,6,8
Nahuel,Pol9,Plant6,4,6,8
Nahuel,Pol12,Plant4,3,3,8
Nahuel,Pol13,Plant11,4,5,8
Nahuel,Pol14,Plant1,2,5,8
Nahuel,Pol15,Plant3,2,3,8
Nahuel,Pol16,Plant11,1,2,8
Nahuel,Pol17,Plant11,3,5,8
Nahuel,Pol27,Plant11,2,5,8
Nahuel,Pol30,Plant11,2,2,8
Nahuel,Pol32,Plant3,1,1,8
Nahuel,Pol33,Plant2,3,3,8
Nahuel,Pol36,Plant2,2,2,8
Nahuel,Pol36,Plant11,1,1,8
Nahuel,Pol42,Plant11,2,2,8
Nahuel,Pol46,Plant6,2,2,8
Nahuel,Pol56,Plant11,1,1,8
Nahuel,Pol60,Plant2,2,2,8
Nahuel,Pol70,Plant2,1,1,8
Nahuel,Pol82,Plant11,1,1,8
Nahuel,Pol84,Plant6,1,1,8
Nahuel,Pol85,Plant6,1,1,8
Nahuel,Pol2,Plant13,1,2,8
Nahuel,Pol4,Plant9,2,4,8
Nahuel,Pol8,Plant11,2,4,8
Nahuel,Pol15,Plant2,2,3,8
Nahuel,Pol15,Plant4,1,2,8
Nahuel,Pol15,Plant13,2,2,8
Nahuel,Pol19,Plant8,2,2,8
Nahuel,Pol19,Plant9,1,2,8
Nahuel,Pol24,Plant5,1,1,8
Nahuel,Pol25,Plant8,3,3,8
Nahuel,Pol37,Plant14,1,1,8
Nahuel,Pol41,Plant2,2,2,8
Nahuel,Pol43,Plant9,1,3,8
Nahuel,Pol45,Plant2,2,2,8
Nahuel,Pol55,Plant2,1,2,8
Nahuel,Pol57,Plant2,1,1,8
Nahuel,Pol66,Plant8,1,1,8
Nahuel,Pol69,Plant2,1,1,8
Nahuel,Pol87,Plant2,1,1,8
Nahuel,Pol89,Plant2,1,1,8
Nahuel,Pol3,Plant6,4,6,8
Nahuel,Pol6,Plant10,2,3,8
Nahuel,Pol9,Plant10,1,3,8
Nahuel,Pol20,Plant6,2,3,8
Nahuel,Pol21,Plant3,1,3,8
Nahuel,Pol21,Plant6,2,3,8
Nahuel,Pol49,Plant3,1,1,8
Nahuel,Pol54,Plant3,1,1,8
Nahuel,Pol55,Plant6,1,1,8
Nahuel,Pol56,Plant3,1,2,8
Nahuel,Pol65,Plant3,1,1,8
Nahuel,Pol67,Plant3,1,1,8
Nahuel,Pol68,Plant3,1,1,8
Nahuel,Pol72,Plant3,1,1,8
Nahuel,Pol75,Plant3,1,1,8
Nahuel,Pol76,Plant6,1,1,8
Nahuel,Pol81,Plant3,1,1,8
Nahuel,Pol3,Plant4,1,7,8
Nahuel,Pol8,Plant4,1,6,8
Nahuel,Pol9,Plant4,2,6,8
Nahuel,Pol17,Plant2,2,6,8
Nahuel,Pol20,Plant2,1,4,8
Nahuel,Pol20,Plant9,2,3,8
Nahuel,Pol21,Plant2,2,3,8
Nahuel,Pol30,Plant2,1,3,8
Nahuel,Pol31,Plant3,1,2,8
Nahuel,Pol34,Plant6,2,4,8
Nahuel,Pol43,Plant3,2,4,8
Nahuel,Pol47,Plant2,1,1,8
Nahuel,Pol48,Plant4,1,1,8
Nahuel,Pol53,Plant1,2,2,8
Nahuel,Pol58,Plant6,1,1,8
Nahuel,Pol61,Plant3,1,1,8
Nahuel,Pol62,Plant2,1,1,8
Nahuel,Pol63,Plant2,1,1,8
Nahuel,Pol71,Plant2,1,1,8
Nahuel,Pol74,Plant2,1,1,8
Nahuel,Pol80,Plant2,1,1,8
Nahuel,Pol90,Plant2,1,1,8
Nahuel,Pol2,Plant7,1,1,8
Nahuel,Pol2,Plant10,1,3,8
Nahuel,Pol2,Plant12,1,4,8
Nahuel,Pol3,Plant7,1,1,8
Nahuel,Pol5,Plant7,1,1,8
Nahuel,Pol9,Plant12,2,4,8
Nahuel,Pol10,Plant6,1,6,8
Nahuel,Pol14,Plant4,1,6,8
Nahuel,Pol27,Plant6,1,5,8
Nahuel,Pol27,Plant7,1,1,8
Nahuel,Pol30,Plant6,1,3,8
Nahuel,Pol38,Plant7,1,1,8
Nahuel,Pol39,Plant7,1,1,8
Nahuel,Pol59,Plant6,1,2,8
Nahuel,Pol73,Plant6,1,1,8
Nahuel,Pol79,Plant2,1,1,8
Nahuel,Pol4,Plant3,1,7,8
Nahuel,Pol20,Plant8,2,2,8
Nahuel,Pol31,Plant8,1,1,8
Nahuel,Pol40,Plant2,1,1,8
Nahuel,Pol42,Plant2,1,3,8
Nahuel,Pol42,Plant13,1,2,8
Nahuel,Pol43,Plant8,1,2,8
Nahuel,Pol77,Plant2,1,1,8
Nahuel,Pol78,Plant2,1,1,8
Nahuel,Pol86,Plant8,1,1,8
Nahuel,Pol7,Plant4,1,7,8
Nahuel,Pol9,Plant9,1,4,8
Nahuel,Pol23,Plant1,1,1,8
Nahuel,Pol23,Plant3,1,1,8
Nahuel,Pol39,Plant1,1,1,8
Nahuel,Pol39,Plant2,1,2,8
Nahuel,Pol44,Plant2,1,1,8
Salix_Galpar,Eacicu,Ovimin,29,34,341
Salix_Galpar,Etorym,Ovimin,24,25,341
Salix_Galpar,Ilappo,Ovimin,5,5,341
Salix_Galpar,Ccruxx,Ovimin,18,22,341
Salix_Galpar,Pdolic,Ovimin,15,24,341
Salix_Galpar,Chalci,Ovimin,32,37,341
Salix_Galpar,Eacicu,Ogalla,3,6,341
Salix_Galpar,Pdolic,Ogalla,6,11,341
Salix_Galpar,Ilappo,Ogalla,2,2,341
Salix_Galpar,Aminim,Ogalla,1,1,341
Salix_Galpar,Ccruxx,Ogalla,4,4,341
Salix_Galpar,Pdolic,Obridg,18,25,341
Salix_Galpar,Ilappo,Obridg,1,6,341
Salix_Galpar,Aminim,Obridg,1,3,341
Salix_Galpar,Ccruxx,Obridg,10,14,341
Salix_Galpar,Binter,Ovesic,3,4,341
Salix_Galpar,Eacicu,Ovesic,11,18,341
Salix_Galpar,Pdolic,Ovesic,6,14,341
Salix_Galpar,Bdisco,Ovesic,3,5,341
Salix_Galpar,Bpicti,Ovesic,3,3,341
Salix_Galpar,Ccruxx,Ovesic,6,11,341
Salix_Galpar,Eacicu,Opedun,7,8,341
Salix_Galpar,Pdolic,Opedun,6,9,341
Salix_Galpar,Ilappo,Opedun,2,6,341
Salix_Galpar,Aminim,Opedun,3,5,341
Salix_Galpar,Mvesic,Ovesic,1,1,341
Salix_Galpar,Amorri,Ovesic,1,1,341
Salix_Galpar,Svesic,Ovesic,13,16,341
Salix_Galpar,Pnemat,Otrian,1,2,341
Salix_Galpar,Pdolic,Otrian,5,7,341
Salix_Galpar,Lsubco,Otrian,1,1,341
Salix_Galpar,Ccruxx,Otrian,4,7,341
Salix_Galpar,Pdolic,Oproxi,18,21,341
Salix_Galpar,Ccruxx,Oproxi,26,27,341
Salix_Galpar,Etoxon,Oproxi,7,8,341
Salix_Galpar,Llugen,Oproxi,19,19,341
Salix_Galpar,Dstram,Opedun,1,1,341
Salix_Galpar,Ccruxx,Opedun,10,10,341
Salix_Galpar,Etoxon,Opedun,6,7,341
Salix_Galpar,Binter,Obridg,1,4,341
Salix_Galpar,Etoxon,Obridg,9,11,341
Salix_Galpar,Binter,Ovimin,3,6,341
Salix_Galpar,Etoxon,Ovimin,1,7,341
Salix_Galpar,Eacicu,Obella,2,3,341
Salix_Galpar,Pdolic,Obella,2,3,341
Salix_Galpar,Bdisco,Obella,1,2,341
Salix_Galpar,Binter,Obella,2,2,341
Salix_Galpar,Ilappo,Obella,1,1,341
Salix_Galpar,Ccruxx,Obella,1,2,341
Salix_Galpar,Bdisco,Oproxi,8,8,341
Salix_Galpar,Etorym,Obridg,1,11,341
Salix_Galpar,Olesic,Obridg,2,2,341
Salix_Galpar,Hruber,Obridg,9,16,341
Salix_Galpar,Hruber,Ohasta,6,8,341
Salix_Galpar,Pdolic,Onigri,10,10,341
Salix_Galpar,Aalvea,Ovesic,1,2,341
Salix_Galpar,Ealbit,Ovesic,1,4,341
Salix_Galpar,Etorym,Ovesic,7,14,341
Salix_Galpar,Eurozo,Ovesic,1,3,341
Salix_Galpar,Chalci,Ovesic,16,20,341
Salix_Galpar,Ealbit,Ovimin,3,6,341
Salix_Galpar,Eurozo,Ovimin,2,4,341
Salix_Galpar,Ealbit,Oproxi,4,6,341
Salix_Galpar,Eurozo,Oproxi,3,3,341
Salix_Galpar,Bracin,Oproxi,6,9,341
Salix_Galpar,Eacicu,Ovaria,22,26,341
Salix_Galpar,Chalci,Ovaria,32,34,341
Salix_Galpar,Svesic,Ovaria,10,24,341
Salix_Galpar,Cvitta,Onigri,1,1,341
Salix_Galpar,Binter,Onigri,1,1,341
Salix_Galpar,Svesic,Onigri,9,10,341
Salix_Galpar,Lalpio,Ovesic,1,1,341
Salix_Galpar,Pdolic,Oobscu,8,12,341
Salix_Galpar,Chalci,Oobscu,13,15,341
Salix_Galpar,Broman,Oobscu,6,10,341
Salix_Galpar,Bracin,Oobscu,5,8,341
Salix_Galpar,Pdolic,Ovaria,16,27,341
Salix_Galpar,Chalci,Obridg,24,30,341
Salix_Galpar,Bracin,Obridg,1,6,341
Salix_Galpar,Slappo,Obridg,5,6,341
Salix_Galpar,Etorym,Oretus,1,3,341
Salix_Galpar,Pdolic,Oretus,2,4,341
Salix_Galpar,Pponta,Oretus,6,6,341
Salix_Galpar,Chalci,Oretus,6,6,341
Salix_Galpar,Aalvea,Ovimin,2,2,341
Salix_Galpar,Svesic,Ovimin,10,24,341
Salix_Galpar,Broman,Oproxi,1,3,341
Salix_Galpar,Svesic,Oproxi,20,20,341
Salix_Galpar,Bracin,Ovesic,3,8,341
Salix_Galpar,Pclavi,Oproxi,1,1,341
Salix_Galpar,Chalci,Ofoeti,11,13,341
Salix_Galpar,Broman,Ofoeti,6,11,341
Salix_Galpar,Broman,Ovaria,7,15,341
Salix_Galpar,Broman,Oretus,4,4,341
Salix_Galpar,Ichnin,Oretus,2,3,341
Salix_Galpar,Ichnin,Ovesic,2,9,341
Salix_Galpar,Lalpio,Ovimin,1,1,341
Salix_Galpar,Broman,Ohasta,7,15,341
Salix_Galpar,Svesic,Ohasta,9,21,341
Salix_Galpar,Chalci,Omacul,8,10,341
Salix_Galpar,Pdolic,Ofoeti,9,12,341
Salix_Galpar,Svesic,Ofoeti,9,11,341
Salix_Galpar,Ichnin,Ofoeti,1,8,341
Salix_Galpar,Chalci,Omonti,4,4,341
Salix_Galpar,Broman,Omonti,1,2,341
Salix_Galpar,Svesic,Omonti,2,3,341
Salix_Galpar,Bracin,Omonti,1,3,341
Salix_Galpar,Tspone,Oobscu,1,1,341
Salix_Galpar,Broman,Ovimin,4,9,341
Salix_Galpar,Pnemat,Oproxi,10,10,341
Salix_Galpar,Chalci,Oproxi,22,24,341
Salix_Galpar,Tspfiv,Obridg,1,1,341
Salix_Galpar,Bdisco,Obridg,2,3,341
Salix_Galpar,Llugen,Obridg,7,8,341
Salix_Galpar,Themip,Oviril,2,2,341
Salix_Galpar,Chalci,Opedun,8,9,341
Salix_Galpar,Eacicu,Oproxi,3,10,341
Salix_Galpar,Svesic,Ohelve,2,3,341
Salix_Galpar,Hruber,Ohelve,2,3,341
Salix_Galpar,Hruber,Onigri,5,7,341
Salix_Galpar,Anigro,Onigri,1,2,341
Salix_Galpar,Etorym,Oadaph,9,15,341
Salix_Galpar,Hruber,Oadaph,4,8,341
Salix_Galpar,Pcynip,Ovaria,3,7,341
Salix_Galpar,Hruber,Ovaria,13,18,341
Salix_Galpar,Pdolic,Oretic,4,7,341
Salix_Galpar,Pponta,Oretic,4,8,341
Salix_Galpar,Chalci,Oretic,6,8,341
Salix_Galpar,Bkopel,Oretic,2,6,341
Salix_Galpar,Broman,Oretic,7,8,341
Salix_Galpar,Broman,Omacul,3,8,341
Salix_Galpar,Hruber,Omacul,3,5,341
Salix_Galpar,Svesic,Onival,6,18,341
Salix_Galpar,Hruber,Onival,4,9,341
Salix_Galpar,Etorym,Ohasta,10,17,341
Salix_Galpar,Chalci,Ohasta,16,23,341
Salix_Galpar,Eacicu,Ohasta,11,16,341
Salix_Galpar,Pdolic,Ohasta,10,21,341
Salix_Galpar,Bracin,Ohasta,1,11,341
Salix_Galpar,Hruber,Ovesic,4,6,341
Salix_Galpar,Bdisco,Ofoeti,1,1,341
Salix_Galpar,Bracin,Ovimin,4,11,341
Salix_Galpar,Ppecti,Oobscu,1,1,341
Salix_Galpar,Etorym,Oobscu,1,6,341
Salix_Galpar,Cflavi,Oobscu,2,2,341
Salix_Galpar,Svesic,Oobscu,9,11,341
Salix_Galpar,Etorym,Ofoeti,5,7,341
Salix_Galpar,Bracin,Ofoeti,4,8,341
Salix_Galpar,Hruber,Ofoeti,7,11,341
Salix_Galpar,Etorym,Ovaria,14,23,341
Salix_Galpar,Bracin,Oretus,2,3,341
Salix_Galpar,Ealbit,Obridg,1,2,341
Salix_Galpar,Psauli,Obridg,1,1,341
Salix_Galpar,Pnemat,Obridg,3,4,341
Salix_Galpar,Bbrevi,Obridg,1,1,341
Salix_Galpar,Svesic,Obridg,14,25,341
Salix_Galpar,Bbrevi,Oproxi,6,6,341
Salix_Galpar,Bdisco,Ovaria,1,3,341
Salix_Galpar,Anigro,Oviril,1,2,341
Salix_Galpar,Csalic,Opedun,1,1,341
Salix_Galpar,Tspfou,Hangli,1,1,341
Salix_Galpar,Pcynip,Ovesic,1,4,341
Salix_Galpar,Eacicu,Oadaph,16,18,341
Salix_Galpar,Chalci,Oadaph,16,19,341
Salix_Galpar,Anigro,Oadaph,1,4,341
Salix_Galpar,Svesic,Oadaph,6,13,341
Salix_Galpar,Ccruxx,Oadaph,8,9,341
Salix_Galpar,Pdolic,Oadaph,6,14,341
Salix_Galpar,Pdolic,Ohelve,2,2,341
Salix_Galpar,Salcal,Ohelve,1,1,341
Salix_Galpar,Bracin,Ohelve,1,2,341
Salix_Galpar,Anigro,Ohelve,1,1,341
Salix_Galpar,Chalci,Ohelve,2,3,341
Salix_Galpar,Etorym,Omacul,2,7,341
Salix_Galpar,Svesic,Omacul,4,9,341
Salix_Galpar,Eacicu,Okriec,11,13,341
Salix_Galpar,Etorym,Okriec,12,13,341
Salix_Galpar,Chalci,Okriec,11,13,341
Salix_Galpar,Mymari,Ohasta,1,1,341
Salix_Galpar,Chalci,Obrevi,3,3,341
Salix_Galpar,Broman,Obrevi,3,3,341
Salix_Galpar,Spygid,Obrevi,1,2,341
Salix_Galpar,Chalci,Oviril,9,11,341
Salix_Galpar,Svesic,Oviril,6,7,341
Salix_Galpar,Anigro,Oretus,1,1,341
Salix_Galpar,Pcynip,Ohasta,1,3,341
Salix_Galpar,Anigro,Ofoeti,1,2,341
Salix_Galpar,Llugen,Ofoeti,1,1,341
Salix_Galpar,Ccruxx,Ovaria,10,12,341
Salix_Galpar,Eacicu,Ofoeti,4,8,341
Salix_Galpar,Anigro,Oobscu,1,2,341
Salix_Galpar,Llugen,Oobscu,2,3,341
Salix_Galpar,Hruber,Oobscu,5,9,341
Salix_Galpar,Bracin,Omacul,1,5,341
Salix_Galpar,Chalci,Onival,21,24,341
Salix_Galpar,Spygid,Ohasta,1,3,341
Salix_Galpar,Etorym,Onival,7,15,341
Salix_Galpar,Peuura,Egemmh,10,10,341
Salix_Galpar,Geliss,Egemmh,1,2,341
Salix_Galpar,Bracin,Oadaph,3,7,341
Salix_Galpar,Bracin,Ovaria,3,14,341
Salix_Galpar,Anigro,Ovaria,1,2,341
Salix_Galpar,Etorym,Ocolla,5,5,341
Salix_Galpar,Svesic,Ocolla,6,8,341
Salix_Galpar,Aminim,Ocolla,6,6,341
Salix_Galpar,Chalci,Onigri,10,12,341
Salix_Galpar,Epygma,Onigri,1,1,341
Salix_Galpar,Eacicu,Odolic,3,10,341
Salix_Galpar,Chalci,Odolic,9,13,341
Salix_Galpar,Svesic,Odolic,4,8,341
Salix_Galpar,Chalci,Oarcti,11,15,341
Salix_Galpar,Hruber,Oarcti,4,5,341
Salix_Galpar,Ccruxx,Onigri,2,2,341
Salix_Galpar,Ichnin,Obridg,3,13,341
Salix_Galpar,Ichnin,Onigri,1,7,341
Salix_Galpar,Aalvea,Ovaria,1,1,341
Salix_Galpar,Pdolic,Oglauc,4,5,341
Salix_Galpar,Chalci,Oglauc,4,6,341
Salix_Galpar,Broman,Oglauc,2,3,341
Salix_Galpar,Claevi,Oglauc,2,2,341
Salix_Galpar,Bracin,Oglauc,2,4,341
Salix_Galpar,Svesic,Oglauc,2,3,341
Salix_Galpar,Chalci,Oglabr,8,12,341
Salix_Galpar,Acubic,Olappo,10,11,341
Salix_Galpar,Chalci,Olappo,11,16,341
Salix_Galpar,Svesic,Olappo,4,12,341
Salix_Galpar,Cvitta,Onorve,1,2,341
Salix_Galpar,Etorym,Onorve,5,5,341
Salix_Galpar,Celong,Olappl,6,11,341
Salix_Galpar,Pdolic,Olappl,8,16,341
Salix_Galpar,Celong,Ospset,2,2,341
Salix_Galpar,Pdolic,Ospset,3,3,341
Salix_Galpar,Chalci,Ospset,3,3,341
Salix_Galpar,Svesic,Ospset,3,3,341
Salix_Galpar,Hruber,Ospset,1,2,341
Salix_Galpar,Celong,Odolic,6,11,341
Salix_Galpar,Etorym,Ospset,1,2,341
Salix_Galpar,Eacicu,Onorve,2,2,341
Salix_Galpar,Chalci,Onorve,4,4,341
Salix_Galpar,Hruber,Onorve,1,1,341
Salix_Galpar,Eacicu,Onival,12,19,341
Salix_Galpar,Eacicu,Oarcti,9,14,341
Salix_Galpar,Cvitta,Oarcti,1,1,341
Salix_Galpar,Etorym,Oarcti,6,10,341
Salix_Galpar,Pdolic,Oarcti,5,12,341
Salix_Galpar,Eacicu,Osamol,6,13,341
Salix_Galpar,Etorym,Osamol,6,10,341
Salix_Galpar,Chalci,Osamol,12,15,341
Salix_Galpar,Hruber,Osamol,1,3,341
Salix_Galpar,Etorym,Omyrti,3,3,341
Salix_Galpar,Chalci,Omyrti,3,3,341
Salix_Galpar,Pdolic,Emyrti,3,3,341
Salix_Galpar,Svesic,Emyrti,1,3,341
Salix_Galpar,Sgranu,Onival,2,3,341
Salix_Galpar,Pdolic,Osamol,7,14,341
Salix_Galpar,Eacicu,Oglabr,4,10,341
Salix_Galpar,Etorym,Oglabr,3,7,341
Salix_Galpar,Svesic,Oglabr,4,8,341
Salix_Galpar,Hruber,Oglabr,2,2,341
Salix_Galpar,Eacicu,Omyrti,2,3,341
Salix_Galpar,Pdolic,Omyrti,1,2,341
Salix_Galpar,Chalci,Omyrsi,7,8,341
Salix_Galpar,Chalci,Ospeit,2,2,341
Salix_Galpar,Pdolic,Elappo,1,17,341
Salix_Galpar,Pdolic,Elappc,3,12,341
Salix_Galpar,Chalci,Elappc,11,13,341
Salix_Galpar,Bracin,Omyrti,1,2,341
Salix_Galpar,Svesic,Onorve,2,3,341
Salix_Galpar,Anigro,Onorve,1,1,341
Salix_Galpar,Sgranu,Onorve,2,3,341
Salix_Galpar,Bracin,Olappo,3,5,341
Salix_Galpar,Anigro,Olappo,1,3,341
Salix_Galpar,Chalci,Oherba,5,7,341
Salix_Galpar,Acubic,Oherba,2,4,341
Salix_Galpar,Anigro,Ohasta,1,4,341
Salix_Galpar,Sgranu,Ohasta,2,3,341
Salix_Galpar,Enobbe,Emucro,10,10,341
Salix_Galpar,Pdolic,Emucro,3,5,341
Salix_Galpar,Chalci,Emucro,10,13,341
Salix_Galpar,Claevi,Emucro,1,1,341
Salix_Galpar,Tsptwo,Okriec,1,1,341
Salix_Galpar,Tspthr,Okriec,1,1,341
Salix_Galpar,Binter,Okriec,1,1,341
Salix_Galpar,Bracin,Okriec,4,5,341
Salix_Galpar,Svesic,Okriec,4,8,341
Salix_Galpar,Etorym,Obella,2,3,341
Salix_Galpar,Bbrevi,Obella,1,1,341
Salix_Galpar,Claevi,Obella,1,1,341
Salix_Galpar,Bracin,Obella,1,2,341
Salix_Galpar,Svesic,Obella,2,4,341
Salix_Galpar,Etorym,Ogalla,3,5,341
Salix_Galpar,Chalci,Ogalla,10,13,341
Salix_Galpar,Bbrevi,Ogalla,1,2,341
Salix_Galpar,Bracin,Ogalla,1,2,341
Salix_Galpar,Svesic,Ogalla,4,9,341
Salix_Galpar,Pcynip,Oadaph,2,7,341
Salix_Galpar,Binter,Oadaph,1,1,341
Salix_Galpar,Hruber,Olappo,3,5,341
Salix_Galpar,Cvitta,Ohasta,1,3,341
Salix_Galpar,Pdolic,Oviril,3,7,341
Salix_Galpar,Ccruxx,Oviril,7,8,341
Salix_Galpar,Etoxon,Ovesic,1,3,341
Salix_Galpar,Chalci,Otrian,3,6,341
Salix_Galpar,Apusil,Hleuco,8,11,341
Salix_Galpar,Svesic,Opedun,1,7,341
Salix_Galpar,Bracin,Opedun,2,3,341
Salix_Galpar,Eacicu,Ocolla,5,5,341
Salix_Galpar,Mvesic,Ocolla,2,3,341
Salix_Galpar,Pcynip,Ocolla,3,5,341
Salix_Galpar,Pdolic,Ocolla,7,7,341
Salix_Galpar,Chalci,Ocolla,9,10,341
Salix_Galpar,Ccruxx,Ocolla,6,6,341
Salix_Galpar,Ilappo,Oadaph,2,4,341
Salix_Galpar,Aminim,Oadaph,2,3,341
Salix_Galpar,Eheyer,Ocolla,1,1,341
Salix_Galpar,Ealbit,Ocolla,1,1,341
Salix_Galpar,Tspsix,Ovimin,1,1,341
Salix_Galpar,Saotis,Oproxi,1,1,341
Salix_Galpar,Epygma,Oviril,1,1,341
Salix_Galpar,Dstram,Oproxi,1,1,341
Salix_Galpar,Atymbe,Oelaea,1,1,341
Salix_Galpar,Cvitta,Oelaea,1,1,341
Salix_Galpar,Pdolic,Oelaea,3,3,341
Salix_Galpar,Chalci,Oelaea,3,3,341
Salix_Galpar,Svesic,Oelaea,3,3,341
Salix_Galpar,Ccruxx,Oelaea,3,3,341
Salix_Galpar,Hruber,Oelaea,2,3,341
Salix_Galpar,Ccruxx,Okriec,7,9,341
Salix_Galpar,Bepitr,Ovesic,3,5,341
Salix_Galpar,Bepitr,Ovimin,3,6,341
Salix_Galpar,Hruber,Ovimin,3,10,341
Salix_Galpar,Pdolic,Okriec,5,8,341
Salix_Galpar,Broman,Onigri,3,6,341
Salix_Galpar,Svesic,Obrevi,1,3,341
Salix_Galpar,Ichnin,Obrevi,3,3,341
Salix_Galpar,Hruber,Obrevi,2,3,341
Salix_Galpar,Pdolic,Omacul,4,7,341
Salix_Galpar,Pterom,Omacul,1,1,341
Salix_Galpar,Psoemi,Ohelve,1,1,341
Salix_Galpar,Pponta,Ohelve,1,2,341
Salix_Galpar,Hruber,Oviril,1,2,341
Salix_Galpar,Etoxon,Oadaph,1,1,341
Salix_Galpar,Svesic,Otrian,3,5,341
Salix_Galpar,Epygma,Oglabr,2,4,341
Salix_Galpar,Epygma,Onival,5,7,341
Salix_Galpar,Lflexi,Ohasta,1,5,341
Salix_Galpar,Pdolic,Olappo,10,14,341
Salix_Galpar,Pponta,Olappo,6,13,341
Salix_Galpar,Ilappo,Olappo,4,9,341
Salix_Galpar,Epygma,Olappo,3,6,341
Salix_Galpar,Epygma,Oarcti,3,4,341
Salix_Galpar,Pdolic,Onival,4,21,341
Salix_Galpar,Pponta,Onival,7,15,341
Salix_Galpar,Chalci,Olappl,10,16,341
Salix_Galpar,Celong,Oglauc,2,4,341
Salix_Galpar,Pponta,Oglauc,4,5,341
Salix_Galpar,Eacicu,Opustu,3,3,341
Salix_Galpar,Pdolic,Opustu,2,3,341
Salix_Galpar,Chalci,Opustu,2,3,341
Salix_Galpar,Acubic,Opustu,2,3,341
Salix_Galpar,Svesic,Opustu,2,3,341
Salix_Galpar,Ichnin,Opustu,1,3,341
Salix_Galpar,Ccruxx,Opustu,1,1,341
Salix_Galpar,Hruber,Opustu,1,1,341
Salix_Galpar,Ilappo,Ovaria,7,8,341
Salix_Galpar,Lflexi,Ovaria,3,7,341
Salix_Galpar,Epygma,Ohasta,1,2,341
Salix_Galpar,Pponta,Oglabr,5,8,341
Salix_Galpar,Lflexi,Oglabr,2,8,341
Salix_Galpar,Etorym,Olappo,2,7,341
Salix_Galpar,Broman,Onival,6,16,341
Salix_Galpar,Ilappo,Onival,4,13,341
Salix_Galpar,Eacicu,Oherba,3,6,341
Salix_Galpar,Pdolic,Oherba,4,6,341
Salix_Galpar,Pponta,Oherba,7,7,341
Salix_Galpar,Broman,Oherba,8,8,341
Salix_Galpar,Pponta,Oarcti,4,9,341
Salix_Galpar,Ccruxx,Oarcti,2,2,341
Salix_Galpar,Hruber,Ogalla,3,4,341
Salix_Galpar,Pponta,Olappl,5,13,341
Salix_Galpar,Broman,Olappl,5,12,341
Salix_Galpar,Pponta,Ehasta,1,6,341
Salix_Galpar,Chalci,Ehasta,15,17,341
Salix_Galpar,Pponta,Ohasta,3,11,341
Salix_Galpar,Broman,Oglabr,5,8,341
Salix_Galpar,Ilappo,Oglabr,2,6,341
Salix_Galpar,Bracin,Onival,2,11,341
Salix_Galpar,Lflexi,Onival,2,9,341
Salix_Galpar,Pponta,Osamol,3,12,341
Salix_Galpar,Broman,Osamol,5,11,341
Salix_Galpar,Ichnin,Osamol,3,8,341
Salix_Galpar,Broman,Oarcti,1,7,341
Salix_Galpar,Ilappo,Oarcti,4,7,341
Salix_Galpar,Lflexi,Oarcti,1,6,341
Salix_Galpar,Celong,Ohasta,2,13,341
Salix_Galpar,Acubic,Osamol,5,9,341
Salix_Galpar,Lflexi,Osamol,3,8,341
Salix_Galpar,Lforti,Ehasta,1,1,341
Salix_Galpar,Chalci,Elappo,19,23,341
Salix_Galpar,Slappo,Oherba,2,4,341
Salix_Galpar,Slappo,Oretic,1,3,341
Salix_Galpar,Lflexi,Oretic,1,3,341
Salix_Galpar,Ichnin,Oherba,2,6,341
Salix_Galpar,Pponta,Elappo,1,14,341
Salix_Galpar,Pcynip,Onorve,1,1,341
Salix_Galpar,Bracin,Onorve,1,2,341
Salix_Galpar,Eacicu,Omyrsi,5,6,341
Salix_Galpar,Broman,Omyrsi,4,5,341
Salix_Galpar,Broman,Ospeit,1,1,341
Salix_Galpar,Broman,Elappc,3,7,341
Salix_Galpar,Lflexi,Omyrsi,1,3,341
Salix_Galpar,Pponta,Omyrsi,4,6,341
Salix_Galpar,Pcynip,Ogalla,1,2,341
Salix_Galpar,Pponta,Ogalla,1,2,341
Salix_Galpar,Campop,Ogalla,1,1,341
Salix_Galpar,Chalci,Obella,5,8,341
Salix_Galpar,Bepitr,Obella,1,1,341
Salix_Galpar,Broman,Obella,2,3,341
Salix_Galpar,Apusil,Hpruss,8,20,341
Salix_Galpar,Apante,Oproxi,1,1,341
Salix_Galpar,Epygma,Oelaea,1,1,341
Salix_Galpar,Spygid,Ovaria,4,6,341
Salix_Galpar,Etoxon,Ovaria,2,2,341
Salix_Galpar,Aminim,Ovaria,2,2,341
Salix_Galpar,Ilappo,Okriec,2,3,341
Salix_Galpar,Slappo,Ofoeti,1,3,341
Salix_Galpar,Slappo,Ohasta,1,8,341
Salix_Galpar,Slappo,Onival,1,10,341
Salix_Galpar,Slappo,Omacul,2,3,341
Salix_Galpar,Celong,Olappo,2,11,341
Salix_Galpar,Eacicu,Olappo,4,11,341
Salix_Galpar,Eacicu,Olappl,4,12,341
Salix_Galpar,Coreop,Olappl,1,1,341
Salix_Galpar,Croman,Olappl,1,1,341
Salix_Galpar,Hruber,Odolic,1,3,341
Salix_Galpar,Pcynip,Oherba,1,1,341
Salix_Galpar,Acubic,Oarcti,4,6,341
Salix_Galpar,Svesic,Oarcti,4,11,341
Salix_Galpar,Bracin,Oarcti,2,6,341
Salix_Galpar,Celong,Omyrsi,1,4,341
Salix_Galpar,Pdolic,Omyrsi,3,6,341
Salix_Galpar,Bkopel,Oherba,4,4,341
Salix_Galpar,Pdolic,Oglabr,1,9,341
Salix_Galpar,Broman,Odolic,5,7,341
Salix_Galpar,Epygma,Odolic,1,1,341
Salix_Galpar,Svesic,Olappl,4,11,341
Salix_Galpar,Svesic,Osamol,4,11,341
Salix_Galpar,Sgranu,Oglabr,1,3,341
Salix_Galpar,Sgranu,Ovaria,3,4,341
Salix_Galpar,Ilappo,Osamol,1,8,341
Salix_Galpar,Broman,Olappo,5,11,341
Salix_Galpar,Acubic,Onival,2,10,341
Salix_Galpar,Eacicu,Oglauc,1,3,341
Salix_Galpar,Ilappo,Omyrsi,1,4,341
Salix_Galpar,Pponta,Eboreo,1,11,341
Salix_Galpar,Chalci,Eboreo,20,21,341
Salix_Galpar,Celong,Onigri,3,6,341
Salix_Galpar,Bracin,Onigri,2,6,341
Salix_Galpar,Enobbe,Emyrsi,2,2,341
Salix_Galpar,Chalci,Emyrsi,8,10,341
Salix_Galpar,Ilappo,Emyrsi,1,2,341
Salix_Galpar,Pponta,Ovaria,2,9,341
Salix_Galpar,Bpicti,Ogalla,2,2,341
Salix_Galpar,Broman,Ogalla,1,1,341
Salix_Galpar,Etoxon,Ogalla,1,3,341
Salix_Galpar,Apusil,Hischn,2,5,341
Salix_Galpar,Croman,Hischn,1,1,341
Salix_Galpar,Strico,Hischn,4,6,341
Salix_Galpar,Peuura,Emyrsi,2,4,341
Salix_Galpar,Pponta,Onigri,1,5,341
Salix_Galpar,Claevi,Onigri,1,3,341
Salix_Galpar,Bpicti,Ovaria,1,1,341
Salix_Galpar,Peuura,Ehasta,10,11,341
Salix_Galpar,Peuura,Egemmf,7,8,341
Salix_Galpar,Svesic,Egemmf,1,9,341
Salix_Galpar,Pdolic,Omonti,3,3,341
Salix_Galpar,Pponta,Oobscu,2,7,341
Salix_Galpar,Claevi,Oobscu,1,2,341
Salix_Galpar,Pcynip,Ofoeti,3,3,341
Salix_Galpar,Binter,Ofoeti,1,1,341
Salix_Galpar,Claevi,Ofoeti,1,2,341
Salix_Galpar,Hruber,Omonti,2,3,341
Salix_Galpar,Bepitr,Oobscu,1,1,341
Salix_Galpar,Bkopel,Oobscu,2,3,341
Salix_Galpar,Salpin,Oobscu,1,1,341
Salix_Galpar,Pcynip,Okriec,2,3,341
Salix_Galpar,Aacumi,Eelaea,6,7,341
Salix_Galpar,Esalic,Eelaea,6,7,341
Salix_Galpar,Peuura,Eelaea,1,2,341
Salix_Galpar,Torymu,Eelaea,1,1,341
Salix_Galpar,Chalci,Eelaea,8,12,341
Salix_Galpar,Ichnin,Eelaea,1,6,341
Salix_Galpar,Enobbe,Eelaea,1,4,341
Salix_Galpar,Pdolic,Eelaea,4,9,341
Salix_Galpar,Bracin,Eelaea,1,5,341
Salix_Galpar,Celong,Hcarin,2,2,341
Salix_Galpar,Ctrifa,Hcarin,1,1,341
Salix_Galpar,Bepitr,Onival,1,1,341
Salix_Galpar,Peuura,Eboreo,4,7,341
Salix_Galpar,Chalci,Egemmh,8,11,341
Salix_Galpar,Celong,Hplicg,18,22,341
Salix_Galpar,Agalli,Hplicg,2,2,341
Salix_Galpar,Enobbe,Ehasta,2,3,341
Salix_Galpar,Eacicu,Omacul,1,5,341
Salix_Galpar,Eurozo,Omacul,1,1,341
Salix_Galpar,Pponta,Omacul,1,3,341
Salix_Galpar,Celong,Hspirh,2,3,341
Salix_Galpar,Apusil,Hspirh,1,1,341
Salix_Galpar,Smorle,Hspirh,2,2,341
Salix_Galpar,Claevi,Omacul,1,1,341
Salix_Galpar,Ichnin,Ehasta,3,10,341
Salix_Galpar,Pdolic,Obrevi,1,3,341
Salix_Galpar,Geliss,Obrevi,1,1,341
Salix_Galpar,Enobbe,Egemmh,1,3,341
Salix_Galpar,Peuura,Oobscu,1,6,341
Salix_Galpar,Chalci,Egemmf,7,11,341
Salix_Galpar,Esalic,Enigri,2,2,341
Salix_Galpar,Bbrevi,Enigri,1,2,341
Salix_Galpar,Ccruxx,Enigri,1,2,341
Salix_Galpar,Aacumi,Emucro,2,4,341
Salix_Galpar,Mvesic,Emucro,1,1,341
Salix_Galpar,Peuura,Emucro,3,4,341
Salix_Galpar,Lforti,Emucro,1,1,341
Salix_Galpar,Saotis,Emucro,1,1,341
Salix_Galpar,Ccruxx,Emucro,2,4,341
Salix_Galpar,Cnrsub,Onigri,1,1,341
Salix_Galpar,Pponta,Ofoeti,4,7,341
Salix_Galpar,Dwestw,Ofoeti,1,1,341
Salix_Galpar,Ichnin,Emyrsi,2,5,341
Salix_Galpar,Aprost,Eelaea,1,1,341
Salix_Galpar,Ealbit,Eelaea,1,1,341
Salix_Galpar,Ccruxx,Eelaea,3,7,341
Salix_Galpar,Mesole,Onival,1,2,341
Salix_Galpar,Pdolic,Egemmh,2,8,341
Salix_Galpar,Celong,Hspira,10,10,341
Salix_Galpar,Broman,Obridg,2,9,341
Salix_Galpar,Broman,Egemmh,2,8,341
Salix_Galpar,Enobbe,Egemmf,1,2,341
Salix_Galpar,Peuura,Elanat,1,1,341
Salix_Galpar,Ichnin,Ohasta,2,14,341
Salix_Galpar,Esalic,Elanat,1,1,341
Salix_Galpar,Chalci,Elanat,9,10,341
Salix_Galpar,Slappo,Osamol,3,7,341
Salix_Galpar,Claevi,Olappl,4,6,341
Salix_Galpar,Esalic,Elappo,1,1,341
Salix_Galpar,Chalci,Ephyli,3,5,341
Salix_Galpar,Pdolic,Odolic,3,11,341
Salix_Galpar,Latole,Hischn,1,1,341
Salix_Galpar,Ichnin,Evenus,2,4,341
Salix_Galpar,Slappo,Oglauc,3,4,341
Salix_Galpar,Ichnin,Oglauc,1,4,341
Salix_Galpar,Ichnin,Onival,4,13,341
Salix_Galpar,Claevi,Elappc,1,5,341
Salix_Galpar,Slappo,Elappc,1,8,341
Salix_Galpar,Lforti,Eboreo,1,3,341
Salix_Galpar,Lforti,Elappo,1,3,341
Salix_Galpar,Slappo,Olappl,3,9,341
Salix_Galpar,Ichnin,Olappl,2,10,341
Salix_Galpar,Llappo,Elappc,3,3,341
Salix_Galpar,Olesic,Elappc,2,2,341
Salix_Galpar,Pdolic,Evenus,3,9,341
Salix_Galpar,Chalci,Evenus,4,11,341
Salix_Galpar,Lforti,Evenus,1,1,341
Salix_Galpar,Claevi,Obridg,1,3,341
Salix_Galpar,Slappo,Odolic,2,5,341
Salix_Galpar,Lforti,Elappc,1,3,341
Salix_Galpar,Ichnin,Oglabr,1,7,341
Salix_Galpar,Enobbe,Evenus,1,4,341
Salix_Galpar,Peuura,Elappo,3,6,341
Salix_Galpar,Slappo,Olappo,1,7,341
Salix_Galpar,Ichnin,Olappo,1,9,341
Salix_Galpar,Celong,Hacuti,6,8,341
Salix_Galpar,Celong,Hleuco,7,18,341
Salix_Galpar,Celong,Hpruss,21,38,341
Salix_Galpar,Celong,Hplicd,6,7,341
Salix_Galpar,Chalci,Edaphn,5,6,341
Salix_Galpar,Aminim,Edaphn,1,1,341
Salix_Galpar,Aminim,Eelaea,2,2,341
Salix_Galpar,Bepitr,Oadaph,1,2,341
Salix_Galpar,Celong,Hischn,4,16,341
Salix_Galpar,Pdolic,Emyrsi,2,6,341
Salix_Galpar,Eacicu,Onigri,1,8,341
Salix_Galpar,Adelog,Hspira,9,11,341
Salix_Galpar,Cincer,Emyrsi,1,1,341
Salix_Galpar,Ichnin,Oobscu,4,8,341
Salix_Galpar,Eacicu,Omonti,1,3,341
Salix_Galpar,Etorym,Omonti,1,3,341
Salix_Galpar,Ichnin,Omonti,1,3,341
Salix_Galpar,Ichnin,Egemmf,1,8,341
Salix_Galpar,Eacicu,Edaphn,1,6,341
Salix_Galpar,Pponta,Ovesic,2,3,341
Salix_Galpar,Blivid,Ovesic,1,1,341
Salix_Galpar,Bpulch,Ovesic,2,2,341
Salix_Galpar,Celong,Hpolit,13,22,341
Salix_Galpar,Hruber,Okriec,3,7,341
Salix_Galpar,Lalpic,Eelaea,1,1,341
Salix_Galpar,Enobbe,Epurpu,4,5,341
Salix_Galpar,Ichnin,Epurpu,3,4,341
Salix_Galpar,Ichnin,Omacul,1,3,341
Salix_Galpar,Pdolic,Egemmf,1,10,341
Salix_Galpar,Pdolic,Ehasta,1,15,341
Salix_Galpar,Aacumi,Epurpu,6,6,341
Salix_Galpar,Esalic,Epurpu,6,7,341
Salix_Galpar,Pdolic,Epurpu,2,8,341
Salix_Galpar,Lalpic,Epurpu,1,1,341
Salix_Galpar,Slappo,Oobscu,2,3,341
Salix_Galpar,Peuura,Ovesic,1,4,341
Salix_Galpar,Chalci,Epurpu,4,10,341
Salix_Galpar,Blivid,Ovimin,1,2,341
Salix_Galpar,Aminim,Ovimin,5,7,341
Salix_Galpar,Mlongi,Eelaea,1,1,341
Salix_Galpar,Bpulch,Okriec,1,1,341
Salix_Galpar,Enobbe,Edaphn,3,4,341
Salix_Galpar,Pdolic,Edaphn,1,5,341
Salix_Galpar,Peuura,Edaphn,2,2,341
Salix_Galpar,Esalic,Eatraa,7,7,341
Salix_Galpar,Aacumi,Eatraa,3,3,341
Salix_Galpar,Peuura,Eatraa,1,1,341
Salix_Galpar,Ichnin,Eatraa,1,2,341
Salix_Galpar,Mspone,Epurpu,1,1,341
Salix_Galpar,Ibrevi,Hpolit,5,5,341
Salix_Galpar,Celong,Hleuca,30,41,341
Salix_Galpar,Adelog,Hleuca,8,12,341
Salix_Galpar,Adelog,Hpolit,8,14,341
Salix_Galpar,Celong,Halien,9,14,341
Salix_Galpar,Adelog,Hangli,3,7,341
Salix_Galpar,Cincer,Obridg,1,1,341
Salix_Galpar,Ichnin,Okriec,1,4,341
Salix_Galpar,Ichnin,Oadaph,1,4,341
Salix_Galpar,Strico,Hpolit,2,3,341
Salix_Galpar,Dcoleo,Hpruss,1,1,341
Salix_Galpar,Adelog,Hpruss,7,12,341
Salix_Galpar,Enobbe,Eatraa,4,4,341
Salix_Galpar,Chalci,Eatraa,6,7,341
Salix_Galpar,Apusil,Hleuca,8,19,341
Salix_Galpar,Ichnin,Hleuca,4,10,341
Salix_Galpar,Adelog,Hsglab,3,3,341
Salix_Galpar,Adelog,Hischn,2,6,341
Salix_Galpar,Adelog,Hplicg,3,3,341
Salix_Galpar,Adelog,Hcarin,1,1,341
Salix_Galpar,Adelog,Hspirh,1,2,341
Salix_Galpar,Chalci,Hplicg,4,20,341
Salix_Galpar,Adelog,Htuber,1,2,341
Salix_Galpar,Chalci,Hischn,1,16,341
Salix_Galpar,Adelog,Hplicd,3,4,341
Salix_Galpar,Strico,Hplicd,1,2,341
Salix_Galpar,Aminim,Etesta,1,1,341
Salix_Galpar,Esalic,Eweiff,4,4,341
Salix_Galpar,Pdolic,Eweiff,1,3,341
Salix_Galpar,Svesic,Eweiff,5,5,341
Salix_Galpar,Chalci,Esubge,1,2,341
Salix_Galpar,Pdolic,Etesta,2,3,341
Salix_Galpar,Chalci,Etesta,5,6,341
Salix_Galpar,Ccruxx,Etesta,2,2,341
Salix_Galpar,Spygid,Ofoeti,1,4,341
Salix_Galpar,Apusil,Hpolit,5,9,341
Salix_Galpar,Svesic,Hpolit,1,8,341
Salix_Galpar,Bracin,Hoblit,1,5,341
Salix_Galpar,Celong,Hangli,9,19,341
Salix_Galpar,Dlongi,Hangli,1,1,341
Salix_Galpar,Chalci,Hangli,2,11,341
Salix_Galpar,Chalci,Halien,1,10,341
Salix_Galpar,Adelog,Halien,3,5,341
Salix_Galpar,Adelog,Heryth,2,3,341
Salix_Galpar,Bracin,Eboreo,1,5,341
Salix_Galpar,Enobbe,Egemmc,1,3,341
Salix_Galpar,Enobbe,Eweiff,2,2,341
Salix_Galpar,Slappo,Ospeit,1,1,341
Salix_Galpar,Pcynip,Ospset,1,1,341
Salix_Galpar,Bracin,Ospset,1,2,341
Salix_Galpar,Pponta,Odolic,2,8,341
Salix_Galpar,Bracin,Odolic,2,6,341
Salix_Galpar,Eridol,Odolic,1,1,341
Salix_Galpar,Bkopel,Oglauc,1,1,341
Salix_Galpar,Svesic,Oherba,1,5,341
Salix_Galpar,Eacicu,Oretic,1,4,341
Salix_Galpar,Eacicu,Evenus,2,6,341
Salix_Galpar,Eacicu,Etesta,2,3,341
Salix_Galpar,Ilappo,Odolic,1,5,341
Salix_Galpar,Ichnin,Odolic,1,6,341
Salix_Galpar,Etorym,Omyrsi,2,4,341
Salix_Galpar,Ichnin,Omyrsi,2,4,341
Salix_Galpar,Pponta,Obridg,1,5,341
Salix_Galpar,Pponta,Evenus,1,2,341
Salix_Galpar,Llugen,Otrian,1,2,341
Salix_Galpar,Bconju,Oproxi,2,3,341
Salix_Galpar,Euryto,Ovimin,1,1,341
Salix_Galpar,Enobbe,Emyrti,2,4,341
Salix_Galpar,Peuura,Emyrti,2,2,341
Salix_Galpar,Chalci,Emyrti,5,5,341
Salix_Galpar,Chalci,Esmyrt,4,4,341
Salix_Galpar,Enobbe,Elappo,2,5,341
Salix_Galpar,Enobbe,Esmyrt,1,3,341
Salix_Galpar,Enobbe,Esmyrs,1,1,341
Salix_Galpar,Chalci,Esmyrs,2,3,341
Salix_Galpar,Ichnin,Elappc,3,8,341
Salix_Galpar,Peuura,Esmyrs,1,2,341
Salix_Galpar,Chalci,Enigri,2,3,341
Salix_Galpar,Enobbe,Elappc,1,2,341
Salix_Galpar,Chalci,Eaurit,10,11,341
Salix_Galpar,Ccruxx,Eaurit,1,2,341
Salix_Galpar,Enobbe,Eaurit,5,8,341
Salix_Galpar,Chalci,Eciner,4,4,341
Salix_Galpar,Pdolic,Eboreo,1,16,341
Salix_Galpar,Chalci,Egemmc,2,4,341
Salix_Galpar,Chalci,Eweiff,5,6,341
Salix_Galpar,Ichnin,Hplicg,8,19,341
Salix_Galpar,Celong,Hoblit,6,11,341
Salix_Galpar,Adelog,Hoblit,1,7,341
Salix_Galpar,Mesole,Hoblit,1,1,341
Salix_Galpar,Ichnin,Hpolit,5,9,341
Salix_Galpar,Ichnin,Halien,1,4,341
Salix_Galpar,Esalic,Emucro,2,5,341
Salix_Galpar,Pdolic,Egemmc,1,3,341
Salix_Galpar,Eurozo,Eweiff,2,2,341
Salix_Galpar,Pcynip,Eweiff,2,3,341
Salix_Galpar,Eridol,Eweiff,1,1,341
Salix_Galpar,Mesole,Eweiff,1,1,341
Salix_Galpar,Bracin,Ocolla,1,2,341
Salix_Galpar,Ichnin,Ocolla,1,2,341
Salix_Galpar,Ccruxx,Ofoeti,1,3,341
Salix_Galpar,Aminim,Obella,1,2,341
Salix_Galpar,Aacumi,Etesta,3,3,341
Salix_Galpar,Esalic,Evenus,1,2,341
Salix_Galpar,Aminim,Evenus,1,1,341
Salix_Galpar,Ccruxx,Evenus,2,2,341
Salix_Galpar,Svesic,Etesta,2,2,341
Salix_Galpar,Bracin,Hpolit,3,6,341
Salix_Galpar,Espone,Hangli,1,1,341
Salix_Galpar,Celong,Heryth,7,12,341
Salix_Galpar,Acubic,Heryth,1,1,341
Salix_Galpar,Apusil,Hangli,3,9,341
Salix_Galpar,Aacumi,Eappen,1,1,341
Salix_Galpar,Pdolic,Eappen,1,1,341
Salix_Galpar,Peuura,Eappen,1,1,341
Salix_Galpar,Chalci,Eappen,2,2,341
Salix_Galpar,Enobbe,Eappen,1,1,341
Salix_Galpar,Aacumi,Hischn,1,2,341
Salix_Galpar,Aacumi,Egemmh,1,1,341
Salix_Galpar,Acubic,Hplicd,1,1,341
Salix_Galpar,Apusil,Hplicd,1,2,341
Salix_Galpar,Chalci,Hcarin,1,4,341
Salix_Galpar,Ichnin,Hcarin,2,2,341
Salix_Galpar,Ichnin,Hoblit,2,6,341
Salix_Galpar,Smorle,Hplicg,1,2,341
Salix_Galpar,Svesic,Hplicg,1,14,341
Salix_Galpar,Aacumi,Eaurit,5,5,341
Salix_Galpar,Esalic,Eaurit,2,4,341
Salix_Galpar,Peuura,Eaurit,1,2,341
Salix_Galpar,Tspone,Ovesic,1,2,341
Salix_Galpar,Axanth,Ovesic,1,1,341
Salix_Galpar,Bconju,Ovesic,1,1,341
Salix_Galpar,Aminim,Ovesic,1,4,341
Salix_Galpar,Ichnin,Oproxi,1,7,341
Salix_Galpar,Broman,Okriec,1,2,341
Salix_Galpar,Csalic,Okriec,1,1,341
Salix_Galpar,Bpicti,Ovimin,1,3,341
Salix_Galpar,Ibrevi,Ovimin,1,4,341
Salix_Galpar,Broman,Ovesic,1,3,341
Salix_Galpar,Mesole,Onigri,1,1,341
Salix_Galpar,Pcynip,Ovimin,1,5,341
Salix_Galpar,Tspfiv,Okriec,1,1,341
Salix_Galpar,Bbrevi,Okriec,1,2,341
Salix_Galpar,Bpicti,Okriec,1,1,341
Salix_Galpar,Mesole,Okriec,1,1,341
Salix_Galpar,Bracin,Obrevi,2,2,341
Salix_Galpar,Tspfiv,Ovimin,1,2,341
Salix_Galpar,Bobscu,Ovaria,1,1,341
Salix_Galpar,Mesole,Ovaria,1,4,341
Salix_Galpar,Mesole,Oobscu,1,2,341
Salix_Galpar,Pponta,Obrevi,1,2,341
Salix_Galpar,Mesole,Obrevi,1,1,341
Salix_Galpar,Mesole,Oretus,1,1,341
Salix_Galpar,Bobscu,Obrevi,1,2,341
Salix_Galpar,Ichnin,Opedun,1,3,341
Salix_Galpar,Ichnin,Oretic,1,6,341
Salix_Galpar,Hruber,Oretic,1,3,341
Salix_Galpar,Eanali,Hangli,2,2,341
Salix_Galpar,Ichnin,Hangli,4,8,341
Salix_Galpar,Chalci,Hoblit,1,12,341
Salix_Galpar,Polybl,Hangli,1,1,341
Salix_Galpar,Mvesic,Eweiff,1,2,341
Salix_Galpar,Chalci,Hpruss,1,21,341
Salix_Galpar,Ialter,Hischn,1,1,341
Salix_Galpar,Aacumi,Enigri,1,1,341
Salix_Galpar,Bimmut,Enigri,1,1,341
Salix_Galpar,Bracin,Enigri,1,1,341
Salix_Galpar,Ichnin,Enigri,1,2,341
Salix_Galpar,Csalic,Enigri,1,1,341
Salix_Galpar,Bimmut,Oproxi,1,1,341
Salix_Galpar,Aminim,Oproxi,1,5,341
Salix_Galpar,Bconju,Ovimin,1,3,341
Salix_Galpar,Esalic,Etesta,1,2,341
Salix_Galpar,Bepitr,Okriec,1,2,341
Salix_Galpar,Bkopel,Obridg,1,2,341
Salix_Galpar,Bkopel,Obrevi,2,2,341
Salix_Galpar,Bkopel,Ofoeti,1,3,341
Salix_Galpar,Bimmut,Obrevi,1,1,341
Salix_Galpar,Ichnin,Ovaria,1,14,341
Salix_Galpar,Bkopel,Ovaria,1,4,341
Salix_Galpar,Bkopel,Oproxi,1,1,341
Salix_Galpar,Strico,Hoblit,3,3,341
Salix_Galpar,Bracin,Hangli,2,7,341
Salix_Galpar,Svesic,Omyrti,1,2,341
Salix_Galpar,Eacicu,Emyrti,3,4,341
Salix_Galpar,Eacicu,Esmyrt,1,3,341
Salix_Galpar,Bracin,Elappo,1,7,341
Salix_Galpar,Ichnin,Elappo,2,13,341
Salix_Galpar,Esalic,Eciner,2,2,341
Salix_Galpar,Pdolic,Eciner,1,2,341
Salix_Galpar,Peuura,Eciner,1,1,341
Salix_Galpar,Ssubar,Hnudip,5,5,341
Salix_Galpar,Celong,Hplicp,2,4,341
Salix_Galpar,Celong,Hnudip,9,16,341
Salix_Galpar,Lpunct,Hischn,2,4,341
Salix_Galpar,Bracin,Hplicp,1,2,341
Salix_Galpar,Ssubar,Hplicp,1,1,341
Salix_Galpar,Sborea,Hnudip,2,2,341
Salix_Galpar,Eanali,Hplicl,1,1,341
Salix_Galpar,Lpunct,Hplicg,1,2,341
Salix_Galpar,Atroch,Hnudip,2,2,341
Salix_Galpar,Ichnin,Hnudip,4,9,341
Salix_Galpar,Chalci,Hleuco,1,10,341
Salix_Galpar,Lalpiu,Hleuco,1,1,341
Salix_Galpar,Ichnin,Hischn,1,10,341
Salix_Galpar,Celong,Htuber,3,6,341
Salix_Galpar,Bracin,Hnudip,1,6,341
Salix_Galpar,Strico,Hnudip,1,1,341
Salix_Galpar,Celong,Hscapr,1,2,341
Salix_Galpar,Apusil,Hscapr,1,1,341
Salix_Galpar,Mesole,Hscapr,1,1,341
Salix_Galpar,Smorle,Hscapr,1,1,341
Salix_Galpar,Srenov,Hscapr,1,1,341
Salix_Galpar,Atroch,Htuber,1,1,341
Salix_Galpar,Etaige,Htuber,1,1,341
Salix_Galpar,Eclytu,Hplicg,1,1,341
Salix_Galpar,Apusil,Htuber,1,2,341
Salix_Galpar,Bracin,Hplicg,2,8,341
Salix_Galpar,Srenov,Hanoma,1,1,341
Salix_Galpar,Apusil,Hplicg,6,12,341
Salix_Galpar,Apusil,Hacuti,2,5,341
Salix_Galpar,Coreop,Hplicg,1,2,341
Salix_Galpar,Snigri,Hacuti,1,2,341
Salix_Galpar,Cdorsa,Heryth,1,2,341
Salix_Galpar,Lpunct,Hplicl,2,2,341
Salix_Galpar,Cdorsa,Halien,2,2,341
Salix_Galpar,Lpunct,Halien,3,3,341
Salix_Galpar,Cgraci,Obridg,1,1,341
Salix_Galpar,Chalci,Oaacut,1,1,341
Salix_Galpar,Broman,Oaacut,1,1,341
Salix_Galpar,Bracin,Oaacut,1,1,341
Salix_Galpar,Smorle,Hleuca,4,6,341
Salix_Galpar,Apusil,Hspira,3,3,341
Salix_Galpar,Ichnin,Hspira,1,4,341
Salix_Galpar,Celong,Hpurpu,9,13,341
Salix_Galpar,Slappo,Onigri,1,4,341
Salix_Galpar,Bepitr,Ogalla,1,1,341
Salix_Galpar,Bracin,Otrian,1,2,341
Salix_Galpar,Celong,Hanoma,8,16,341
Salix_Galpar,Apusil,Halien,5,8,341
Salix_Galpar,Bracin,Hleuca,1,7,341
Salix_Galpar,Smorle,Hpolit,1,2,341
Salix_Galpar,Ppumil,Hpurpu,1,1,341
Salix_Galpar,Celong,Hpscho,1,5,341
Salix_Galpar,Strico,Hpscho,1,1,341
Salix_Galpar,Bracin,Hpruss,1,11,341
Salix_Galpar,Chalci,Hleuca,4,23,341
Salix_Galpar,Apusil,Heryth,3,9,341
Salix_Galpar,Ppumil,Hangli,1,1,341
Salix_Galpar,Ichnin,Hacuti,2,10,341
Salix_Galpar,Bracin,Opustu,1,1,341
Salix_Galpar,Ppumil,Opustu,1,1,341
Salix_Galpar,Adelog,Hleuco,1,5,341
Salix_Galpar,Chalci,Hacuti,1,9,341
Salix_Galpar,Celong,Hplicl,5,7,341
Salix_Galpar,Eacicu,Opolar,1,1,341
Salix_Galpar,Croman,Hplicg,1,2,341
Salix_Galpar,Eacicu,Eboreo,1,14,341
Salix_Galpar,Croman,Halien,1,1,341
Salix_Galpar,Ichnin,Heryth,3,4,341
Salix_Galpar,Bracin,Hischn,1,9,341
Salix_Galpar,Smorle,Hischn,1,2,341
Salix_Galpar,Bracin,Hacuti,1,4,341
Salix_Galpar,Ichnin,Eboreo,1,13,341
Salix_Galpar,Cflavi,Hplicp,1,1,341
Salix_Galpar,Bracin,Oglabr,1,5,341
Salix_Galpar,Ichnin,Elanat,1,5,341
Salix_Galpar,Peuura,Eweiff,1,1,341
Salix_Galpar,Ichnin,Eweiff,1,2,341
Salix_Galpar,Chalci,Opprox,2,2,341
Salix_Galpar,Bimmut,Opprox,2,2,341
Salix_Galpar,Ccruxx,Opprox,2,2,341
Salix_Galpar,Bkopel,Opprox,1,1,341
Salix_Galpar,Bracin,Opprox,1,1,341
Salix_Galpar,Aacumi,Eciner,1,1,341
Salix_Galpar,Torymu,Eweiff,2,2,341
Salix_Galpar,Gornat,Eweiff,1,1,341
Salix_Galpar,Ireuni,Hpolit,2,2,341
Salix_Galpar,Ireuni,Hpurpu,1,2,341
Salix_Galpar,Ireuni,Hleuca,3,5,341
Salix_Galpar,Cvarie,Heryth,1,1,341
Salix_Galpar,Smorle,Hpruss,1,6,341
Salix_Galpar,Ireuni,Hpruss,1,5,341
Salix_Galpar,Ecalca,Hoblit,1,1,341
Salix_Galpar,Smorle,Hangli,1,2,341
Salix_Galpar,Svesic,Oaacut,1,1,341
Salix_Galpar,Adelog,Hpurpu,1,5,341
Salix_Galpar,Adelog,Hanoma,3,6,341
Salix_Galpar,Bracin,Eweiff,1,2,341
Salix_Galpar,Celong,Hspecc,1,3,341
Salix_Galpar,Strico,Hpruss,1,2,341
Salix_Galpar,Strico,Hplicg,1,2,341
Salix_Galpar,Ichnsp,Obridg,1,1,341
Salix_Galpar,Latole,Obridg,1,1,341
Salix_Galpar,Esalic,Emyrsi,1,1,341
Salix_Galpar,Svesic,Elappc,1,8,341
Salix_Galpar,Bracsp,Eweiff,2,2,341
Salix_Galpar,Efront,Hplicg,1,1,341
Salix_Galpar,Rbrach,Hplicg,1,1,341
Salix_Galpar,Celong,Hsglau,2,4,341
Salix_Galpar,Slappo,Hischn,1,4,341
Salix_Galpar,Smorle,Halien,1,2,341
Salix_Galpar,Saotis,Halien,1,1,341
Salix_Galpar,Latole,Halien,1,1,341
Salix_Galpar,Ctenoc,Hplicl,1,1,341
Salix_Galpar,Rbrach,Hplicl,1,1,341
Salix_Galpar,Smorle,Hplicl,1,1,341
Salix_Galpar,Aminim,Oviril,1,3,341
Salix_Galpar,Tetras,Eweiff,1,1,341
Salix_Galpar,Bracin,Hanoma,1,4,341
Salix_Galpar,Cflavi,Hleuco,1,1,341
Salix_Galpar,Chalci,Hspira,1,5,341
Salix_Galpar,Chalci,Hpurpu,1,7,341
Salix_Galpar,Chalci,Heryth,1,7,341
Salix_Galpar,Dstram,Heryth,1,1,341
Salix_Galpar,Apusil,Hplicl,3,7,341
Salix_Galpar,Ichnin,Hplicl,2,6,341
Salix_Galpar,Snigri,Hnudip,1,1,341
Salix_Galpar,Ichnin,Hsglau,1,4,341
Gottin_HP,Cacoxenus.indagator,Osmia.rufa,20,20,32
Gottin_HP,Chrysis.ignita.agg.,Ancistrocerus.nigricornis,17,19,32
Gottin_HP,Chrysis.ignita.agg.,Eumenidae.spec,26,28,32
Gottin_HP,Chrysis.ignita.agg.,Hylaeus.communis,2,6,32
Gottin_HP,Chrysis.ignita.agg.,Symmorphus.bifasciatus,2,2,32
Gottin_HP,Encyrtidae.spec,Hylaeus.spec,2,2,32
Gottin_HP,Gasteruption.assector,Osmia.rufa,1,5,32
Gottin_HP,Gasteruption.spec,Hylaeus.spec,3,3,32
Gottin_HP,Ichneumonidae.spec,Osmia.rufa,2,10,32
Gottin_HP,Ichneumonidae.spec,Trypoxylon.clavicerum,7,9,32
Gottin_HP,Melittobia.spec,Eumenidae.spec,17,28,32
Gottin_HP,Melittobia.spec,Nitela.spinolae,7,7,32
Gottin_HP,Melittobia.spec,Osmia.rufa,3,21,32
Gottin_HP,Melittobia.spec,Pemphredon.lethifer,1,1,32
Gottin_HP,Melittobia.spec,Trypoxylon.spec,20,25,32
Gottin_HP,Monodontomerus.spec,Osmia.rufa,7,7,32
Gottin_HP,Omalus.aeneus,Megachile.versicolor,1,3,32
Gottin_HP,Omalus.aeneus,Passaloecus.eremita,3,3,32
Gottin_HP,Omalus.aeneus,Trypoxylon.spec,1,8,32
Gottin_HP,Pseudomalus.auratus,Passaloecus.spec,5,7,32
Gottin_HP,mites,Osmia.rufa,2,3,32
Gottin_HP,Chrysis.ignita.agg.,Ancistrocerus.gazella,4,4,32
Gottin_HP,Coelioxys.mandibularis,Megachile.spec,4,5,32
Gottin_HP,Ichneumonidae.spec,Megachile.versicolor,1,5,32
Gottin_HP,Melittobia.spec,Osmia.leaiana,3,6,32
Gottin_HP,Sapyga.quinquepunctata,Osmia.leaiana,1,1,32
Gottin_HP,Trichrysis.cyanea,Trypoxylon.clavicerum,15,15,32
Gottin_HP,Trichrysis.cyanea,Trypoxylon.spec,17,22,32
Gottin_HP,Megatoma.spec,Heriades.truncorum,1,4,32
Gottin_HP,Megatoma.spec,Osmia.rufa,5,8,32
Gottin_HP,Sapygina.decemguttata,Heriades.truncorum,4,4,32
Gottin_HP,Ichneumonidae.spec,Osmia.spec,2,3,32
Gottin_HP,Melittobia.spec,Dipogon.subintermedius,4,7,32
Gottin_HP,Melittobia.spec,Osmia.spec,4,7,32
Gottin_HP,Sapyga.clavicornis,Chelostoma.florisomne,3,3,32
Gottin_HP,Coelioxys.mandibularis,Megachile.versicolor,5,6,32
Gottin_HP,Omalus.aeneus,Hylaeus.spec,1,6,32
Gottin_HP,Melittobia.spec,Ancistrocerus.nigricornis,4,19,32
Gottin_HP,Melittobia.spec,Chelostoma.rapunculi,1,2,32
Gottin_HP,Trichrysis.cyanea,Ancistrocerus.nigricornis,1,15,32
Gottin_HP,Chrysis.ignita.agg.,Ancistrocerus.trifasciatus,11,12,32
Gottin_HP,Gasteruption.assector,Hylaeus.spec,6,7,32
Gottin_HP,Ichneumonidae.spec,Eumenidae.spec,2,14,32
Gottin_HP,Ichneumonidae.spec,Passaloecus.spec,4,8,32
Gottin_HP,Ichneumonidae.spec,Trypoxylon.spec,6,11,32
Gottin_HP,Melittobia.spec,Passaloecus.spec,3,12,32
Gottin_HP,Omalus.aeneus,Passaloecus.spec,4,8,32
Gottin_HP,Trichrysis.cyanea,Dipogon.subintermedius,5,7,32
Gottin_HP,Chrysis.ignita.agg.,Osmia.rufa,2,20,32
Gottin_HP,Melittobia.spec,Chelostoma.spec,4,4,32
Gottin_HP,Melittobia.spec,Megachile.spec,7,11,32
Gottin_HP,Pseudomalus.auratus,Passaloecus.corniger,1,3,32
Gottin_HP,Gasteruption.assector,Hylaeus.communis,2,4,32
Gottin_HP,Ichneumonidae.spec,Passaloecus.corniger,2,2,32
Gottin_HP,Megatoma.spec,Osmia.leaiana,2,4,32
Gottin_HP,Omalus.aeneus,Passaloecus.corniger,1,1,32
Gottin_HP,Melittobia.spec,Megachile.versicolor,3,8,32
Gottin_HP,Melittobia.spec,Psenulus.pallipes,1,3,32
Gottin_HP,Melittobia.spec,Trypoxylon.clavicerum,2,15,32
Gottin_HP,Megatoma.spec,Eumenidae.spec,2,12,32
Gottin_HP,Pseudomalus.auratus,Eumenidae.spec,1,10,32
Gottin_HP,mites,Osmia.brevicornis,2,2,32
Gottin_HP,mites,Osmia.spec,2,2,32
Gottin_HP,Megatoma.spec,Ancistrocerus.nigricornis,1,8,32
Gottin_HP,Chrysis.ignita.agg.,Ancistrocerus.antilope,2,4,32
Gottin_HP,Chrysis.ignita.agg.,Symmorphus.gracilis,2,2,32
Gottin_HP,Melittobia.spec,Ancistrocerus.antilope,1,4,32
Gottin_HP,Melittobia.spec,Crossocerus.spec,3,4,32
Gottin_HP,Melittobia.spec,Trypoxylon.figulus,1,1,32
Gottin_HP,Omalus.aeneus,Psenulus.pallipes,1,2,32
Gottin_HP,Pseudomalus.auratus,Passaloecus.gracilis,1,1,32
Gottin_HP,Trichrysis.cyanea,Hylaeus.communis,1,3,32
Gottin_HP,indet,Trypoxylon.spec,3,4,32
Gottin_HP,Melittobia.spec,Discoelius.zonalis,1,3,32
Gottin_HP,Megatoma.spec,Ancistrocerus.trifasciatus,1,6,32
Gottin_HP,Melittobia.spec,Hylaeus.spec,1,11,32
Gottin_HP,Trichrysis.cyanea,Megachile.versicolor,1,7,32
Gottin_HP,Trichrysis.cyanea,Trypoxylon.minus,1,1,32
Gottin_HP,Chrysis.ignita.agg.,Trypoxylon.clavicerum,1,16,32
Gottin_HP,Megatoma.spec,Trypoxylon.clavicerum,1,6,32
Gottin_HP,mites,Ancistrocerus.antilope,1,1,32
Gottin_HP,Gasteruption.spec,Hylaeus.communis,1,2,32
Gottin_HP,Pseudomalus.auratus,Pemphredon.lugens,2,2,32
Gottin_HP,Melittobia.spec,Chelostoma.campanularum,1,2,32
Gottin_HP,Anthrax.anthrax,Osmia.leaiana,1,1,32
Gottin_HP,Ichneumonidae.spec,Passaloecus.eremita,1,2,32
Gottin_HP,Pseudomalus.auratus,Heriades.truncorum,1,2,32
Gottin_HP,mites,Osmia.leaiana,1,2,32
Gottin_HP,Chrysis.ignita.agg.,Euodynerus.quadrifasciatus,1,2,32
Gottin_HP,Ichneumonidae.spec,Euodynerus.quadrifasciatus,1,1,32
Gottin_HP,Megatoma.spec,Ancistrocerus.antilope,1,3,32
Gottin_HP,Megatoma.spec,Discoelius.zonalis,2,2,32
Gottin_HP,Gasteruption.jaculator,Hylaeus.spec,1,1,32
Gottin_HP,Ichneumonidae.spec,Psenulus.pallipes,1,1,32
Gottin_HP,Megatoma.spec,Chelostoma.rapunculi,1,1,32
Gottin_HP,Melittobia.spec,Ancistrocerus.gazella,1,4,32
Gottin_HP,Trichrysis.cyanea,Eumenidae.spec,1,25,32
Gottin_HP,Chrysis.ignita.agg.,Passaloecus.corniger,1,3,32
Gottin_HP,Megatoma.spec,Megachile.spec,1,5,32
Gottin_HP,indet,Euodynerus.quadrifasciatus,1,1,32
Gottin_HP,Chrysis.fulgida,Eumenidae.spec,1,1,32
Gottin_HP,Melittobia.spec,Chelostoma.florisomne,1,3,32
Gottin_HP,indet,Heriades.truncorum,1,1,32
Gottin_HP,Megatoma.spec,Crossocerus.spec,1,2,32
Gottin_HP,Chrysis.ignita.agg.,Chelostoma.campanularum,1,2,32
Gottin_HP,Ichneumonidae.spec,Osmia.leaiana,1,4,32
Gottin_HP,Megatoma.spec,Trypoxylon.spec,1,11,32
Gottin_HP,Omalus.aeneus,Passaloecus.insignis,1,1,32
Gottin_PP,Andrena.fulvago,Hieracium.pilosella,3,3,32
Gottin_PP,Andrena.humilis,Hieracium.pilosella,1,1,32
Gottin_PP,Andrena.minutula,Pimpinella.saxifraga,4,13,32
Gottin_PP,Andrena.minutula,Potentilla.reptans,2,5,32
Gottin_PP,Andrena.minutuloides,Daucus.carota,7,10,32
Gottin_PP,Andrena.minutuloides,Pimpinella.saxifraga,5,10,32
Gottin_PP,Anthidium.strigatum,Lotus.corniculatus,4,7,32
Gottin_PP,Bombus.lapidarius,Campanula.rotundifolia,6,18,32
Gottin_PP,Bombus.lapidarius,Centaurea.jacea,16,23,32
Gottin_PP,Bombus.lapidarius,Cirsium.acaule,10,20,32
Gottin_PP,Bombus.lapidarius,Hippocrepis.comosa,13,21,32
Gottin_PP,Bombus.lapidarius,Knautia.arvensis,24,32,32
Gottin_PP,Bombus.lapidarius,Lotus.corniculatus,19,26,32
Gottin_PP,Bombus.lapidarius,Ononis.spinosa,3,11,32
Gottin_PP,Bombus.lapidarius,Sanguisorba.minor,1,4,32
Gottin_PP,Bombus.lapidarius,Thymus.pulegioides,6,20,32
Gottin_PP,Bombus.pascuorum,Cirsium.acaule,15,20,32
Gottin_PP,Bombus.pascuorum,Hippocrepis.comosa,12,21,32
Gottin_PP,Bombus.pascuorum,Lotus.corniculatus,12,26,32
Gottin_PP,Bombus.terrestris.agg,Hippocrepis.comosa,4,20,32
Gottin_PP,Cheilosia.impressa,Daucus.carota,1,2,32
Gottin_PP,Cheilosia.ranunculi/albitarsis,Ranunculus.bulbosus,8,8,32
Gottin_PP,Cheilosia.soror,Daucus.carota,6,11,32
Gottin_PP,Episyrphus.balteatus,Daucus.carota,9,22,32
Gottin_PP,Episyrphus.balteatus,Galium.verum,7,8,32
Gottin_PP,Episyrphus.balteatus,Hypericum.perforatum,19,21,32
Gottin_PP,Episyrphus.balteatus,Knautia.arvensis,30,32,32
Gottin_PP,Eristalis.arbustorum,Pimpinella.saxifraga,5,13,32
Gottin_PP,Eristalis.tenax,Cirsium.acaule,2,19,32
Gottin_PP,Eupeodes.corollae,Daucus.carota,3,12,32
Gottin_PP,Eupeodes.corollae,Lotus.corniculatus,1,12,32
Gottin_PP,Eupeodes.corollae,Pimpinella.saxifraga,2,14,32
Gottin_PP,Eupeodes.corollae,Potentilla.reptans,1,2,32
Gottin_PP,Halictus.maculatus,Hypericum.perforatum,1,1,32
Gottin_PP,Halictus.rubicundus,Centaurea.jacea,3,7,32
Gottin_PP,Halictus.simplex,Carlina.vulgaris,1,1,32
Gottin_PP,Halictus.simplex,Centaurea.jacea,1,1,32
Gottin_PP,Halictus.simplex,Knautia.arvensis,1,1,32
Gottin_PP,Halictus.simplex,Ranunculus.bulbosus,1,1,32
Gottin_PP,Halictus.tumulorum,Centaurea.jacea,7,16,32
Gottin_PP,Halictus.tumulorum,Knautia.arvensis,4,21,32
Gottin_PP,Heringia.spec,Campanula.rotundifolia,3,4,32
Gottin_PP,Lasioglossum.calceatum,Centaurea.jacea,5,11,32
Gottin_PP,Lasioglossum.fulvicorne,Pimpinella.saxifraga,2,12,32
Gottin_PP,Lasioglossum.fulvicorne,Ranunculus.bulbosus,1,8,32
Gottin_PP,Lasioglossum.fulvicorne,Thymus.pulegioides,7,9,32
Gottin_PP,Lasioglossum.leucozonium,Hieracium.pilosella,1,1,32
Gottin_PP,Lasioglossum.lineare,Centaurea.jacea,1,1,32
Gottin_PP,Lasioglossum.lineare,Cirsium.acaule,1,1,32
Gottin_PP,Lasioglossum.morio,Daucus.carota,2,17,32
Gottin_PP,Lasioglossum.pauxillum,Centaurea.jacea,5,18,32
Gottin_PP,Lasioglossum.pauxillum,Cirsium.acaule,2,17,32
Gottin_PP,Lasioglossum.pauxillum,Pimpinella.saxifraga,2,23,32
Gottin_PP,Lasioglossum.pauxillum,Sedum.sexangulare,1,2,32
Gottin_PP,Lasioglossum.pauxillum,Thymus.pulegioides,10,17,32
Gottin_PP,Lasioglossum.villosulum,Hieracium.pilosella,10,10,32
Gottin_PP,Myathropa.florea,Daucus.carota,10,13,32
Gottin_PP,Myathropa.florea,Pimpinella.saxifraga,9,15,32
Gottin_PP,Nomada.sheppardana,Potentilla.neumanniana,1,1,32
Gottin_PP,Osmia.aurulenta,Hippocrepis.comosa,3,4,32
Gottin_PP,Osmia.rufa,Hippocrepis.comosa,1,2,32
Gottin_PP,Scaeva.pyrastri,Ononis.spinosa,2,5,32
Gottin_PP,Sphaerophoria.spec,Cirsium.acaule,2,20,32
Gottin_PP,Sphaerophoria.spec,Daucus.carota,12,21,32
Gottin_PP,Sphaerophoria.spec,Knautia.arvensis,7,30,32
Gottin_PP,Sphaerophoria.spec,Pimpinella.saxifraga,24,29,32
Gottin_PP,Sphaerophoria.spec,Potentilla.reptans,3,5,32
Gottin_PP,Sphaerophoria.spec,Thymus.pulegioides,13,20,32
Gottin_PP,Sphecodes.ferruginatus,Centaurea.jacea,1,3,32
Gottin_PP,Sphecodes.ferruginatus,Daucus.carota,2,4,32
Gottin_PP,Sphecodes.ferruginatus,Pimpinella.saxifraga,3,4,32
Gottin_PP,Sphecodes.ferruginatus,Sedum.sexangulare,1,1,32
Gottin_PP,Sphecodes.geoffrellus,Sedum.sexangulare,1,1,32
Gottin_PP,Sphecodes.gibbus,Sedum.sexangulare,1,1,32
Gottin_PP,Sphecodes.hyalinatus,Daucus.carota,2,5,32
Gottin_PP,Sphecodes.hyalinatus,Sedum.sexangulare,1,1,32
Gottin_PP,Sphecodes.niger,Daucus.carota,2,3,32
Gottin_PP,Syritta.pipiens,Pimpinella.saxifraga,7,15,32
Gottin_PP,Syrphus.ribesii,Daucus.carota,7,19,32
Gottin_PP,Syrphus.ribesii,Pimpinella.saxifraga,12,25,32
Gottin_PP,Syrphus.vitripennis,Daucus.carota,11,20,32
Gottin_PP,Syrphus.vitripennis,Pimpinella.saxifraga,13,28,32
Gottin_PP,Andrena.minutuloides,Knautia.arvensis,2,10,32
Gottin_PP,Bombus.lapidarius,Anthyllis.vulneraria,1,4,32
Gottin_PP,Bombus.lapidarius,Campanula.glomerata,1,3,32
Gottin_PP,Bombus.lapidarius,Centaurea.scabiosa,18,23,32
Gottin_PP,Bombus.lapidarius,Genista.tinctoria,4,5,32
Gottin_PP,Bombus.lapidarius,Rubus.fruticosus,1,3,32
Gottin_PP,Bombus.pascuorum,Centaurea.jacea,9,23,32
Gottin_PP,Bombus.pascuorum,Centaurea.scabiosa,10,23,32
Gottin_PP,Bombus.pascuorum,Knautia.arvensis,16,32,32
Gottin_PP,Bombus.pascuorum,Ononis.spinosa,5,11,32
Gottin_PP,Bombus.terrestris.agg,Cornus.sanguinea,3,3,32
Gottin_PP,Bombus.terrestris.agg,Rosa.NA,9,10,32
Gottin_PP,Bombus.terrestris.agg,Salvia.pratensis,1,1,32
Gottin_PP,Cheilosia.scutellata,Daucus.carota,1,1,32
Gottin_PP,Cheilosia.soror,Centaurea.jacea,1,14,32
Gottin_PP,Cheilosia.soror,Pimpinella.saxifraga,14,17,32
Gottin_PP,Cheilosia.vulpina,Daucus.carota,3,4,32
Gottin_PP,Episyrphus.balteatus,Centaurea.jacea,10,23,32
Gottin_PP,Episyrphus.balteatus,Centaurea.scabiosa,13,23,32
Gottin_PP,Episyrphus.balteatus,Pimpinella.saxifraga,22,31,32
Gottin_PP,Episyrphus.balteatus,Senecio.jacobaea,4,16,32
Gottin_PP,Eristalis.arbustorum,Knautia.arvensis,3,13,32
Gottin_PP,Eristalis.interrupta,Daucus.carota,7,17,32
Gottin_PP,Eristalis.interrupta,Knautia.arvensis,14,22,32
Gottin_PP,Eristalis.intricaria,Centaurea.jacea,1,2,32
Gottin_PP,Eristalis.pertinax,Centaurea.jacea,3,15,32
Gottin_PP,Eristalis.pertinax,Knautia.arvensis,12,20,32
Gottin_PP,Eristalis.tenax,Knautia.arvensis,25,30,32
Gottin_PP,Eupeodes.corollae,Centaurea.scabiosa,1,10,32
Gottin_PP,Eupeodes.lapponicus,Centaurea.scabiosa,1,1,32
Gottin_PP,Halictus.rubicundus,Daucus.carota,1,7,32
Gottin_PP,Halictus.rubicundus,Knautia.arvensis,2,8,32
Gottin_PP,Halictus.tumulorum,Achillea.millefolium,2,16,32
Gottin_PP,Halictus.tumulorum,Daucus.carota,1,17,32
Gottin_PP,Halictus.tumulorum,Senecio.jacobaea,3,13,32
Gottin_PP,Halictus.tumulorum,Thymus.pulegioides,15,17,32
Gottin_PP,Hylaeus.brevicornis,Daucus.carota,2,3,32
Gottin_PP,Hylaeus.gredleri,Daucus.carota,2,2,32
Gottin_PP,Lasioglossum.calceatum,Knautia.arvensis,5,14,32
Gottin_PP,Lasioglossum.morio,Centaurea.jacea,3,16,32
Gottin_PP,Lasioglossum.pauxillum,Achillea.millefolium,6,18,32
Gottin_PP,Lasioglossum.pauxillum,Anthemis.tinctoria,2,2,32
Gottin_PP,Lasioglossum.pauxillum,Daucus.carota,3,20,32
Gottin_PP,Lasioglossum.pauxillum,Knautia.arvensis,7,24,32
Gottin_PP,Lasioglossum.pauxillum,Ranunculus.bulbosus,2,17,32
Gottin_PP,Lasioglossum.pauxillum,Sanguisorba.minor,1,3,32
Gottin_PP,Osmia.bicolor,Potentilla.neumanniana,4,6,32
Gottin_PP,Paragus.spec,Knautia.arvensis,2,6,32
Gottin_PP,Pipizella.spec,Daucus.carota,1,9,32
Gottin_PP,Psithyrus.bohemicus,Knautia.arvensis,5,12,32
Gottin_PP,Scaeva.pyrastri,Daucus.carota,5,8,32
Gottin_PP,Scaeva.pyrastri,Pimpinella.saxifraga,3,10,32
Gottin_PP,Scaeva.selenitica,Cornus.sanguinea,1,2,32
Gottin_PP,Sphaerophoria.spec,Galium.verum,5,8,32
Gottin_PP,Sphecodes.crassus,Daucus.carota,1,2,32
Gottin_PP,Sphecodes.ephippius,Daucus.carota,2,5,32
Gottin_PP,Syritta.pipiens,Daucus.carota,4,12,32
Gottin_PP,Syrphus.ribesii,Galium.verum,1,7,32
Gottin_PP,Syrphus.ribesii,Senecio.jacobaea,1,12,32
Gottin_PP,Syrphus.torvus,Anthemis.arvensis,1,1,32
Gottin_PP,Syrphus.torvus,Centaurea.scabiosa,3,15,32
Gottin_PP,Syrphus.torvus,Knautia.arvensis,5,19,32
Gottin_PP,Volucella.bombylans,Knautia.arvensis,2,2,32
Gottin_PP,Andrena.minutula,Daucus.carota,3,11,32
Gottin_PP,Andrena.nigroaenea,Leucanthemum.vulgare,1,1,32
Gottin_PP,Andrena.subopaca,Bellis.perennis,1,1,32
Gottin_PP,Anthophora.plumipes,Primula.veris,2,2,32
Gottin_PP,Bombus.hypnorum,Knautia.arvensis,1,3,32
Gottin_PP,Bombus.lapidarius,Crepis.biennis,1,5,32
Gottin_PP,Bombus.lapidarius,Hypericum.perforatum,3,21,32
Gottin_PP,Bombus.lapidarius,Trifolium.pratense,4,19,32
Gottin_PP,Bombus.pascuorum,Medicago.falcata,1,5,32
Gottin_PP,Bombus.pascuorum,Prunella.vulgaris,1,3,32
Gottin_PP,Bombus.pascuorum,Trifolium.pratense,12,19,32
Gottin_PP,Bombus.pascuorum,Trifolium.repens,2,2,32
Gottin_PP,Bombus.terrestris.agg,Lathyrus.pratensis,1,1,32
Gottin_PP,Bombus.terrestris.agg,Plantago.media,6,12,32
Gottin_PP,Bombus.terrestris.agg,Primula.veris,2,5,32
Gottin_PP,Chrysotoxum.bicinctum,Pastinaca.sativa,1,2,32
Gottin_PP,Chrysotoxum.bicinctum,Plantago.media,1,3,32
Gottin_PP,Didea.intermedia,Knautia.arvensis,1,1,32
Gottin_PP,Episyrphus.balteatus,Crepis.biennis,2,5,32
Gottin_PP,Episyrphus.balteatus,Fragaria.vesca,1,8,32
Gottin_PP,Episyrphus.balteatus,Galium.mollugo,10,17,32
Gottin_PP,Episyrphus.balteatus,Pastinaca.sativa,2,2,32
Gottin_PP,Episyrphus.balteatus,Plantago.media,5,12,32
Gottin_PP,Episyrphus.balteatus,Ranunculus.bulbosus,3,19,32
Gottin_PP,Eristalis.pertinax,Daucus.carota,9,15,32
Gottin_PP,Eristalis.pertinax,Plantago.media,1,7,32
Gottin_PP,Eupeodes.corollae,Crepis.biennis,1,1,32
Gottin_PP,Eupeodes.corollae,Euphrasia.stricta,1,1,32
Gottin_PP,Halictus.tumulorum,Bellis.perennis,1,2,32
Gottin_PP,Halictus.tumulorum,Lotus.corniculatus,3,17,32
Gottin_PP,Halictus.tumulorum,Ranunculus.bulbosus,3,16,32
Gottin_PP,Halictus.tumulorum,Taraxacum.officinale,2,4,32
Gottin_PP,Helophilus.trivittatus,Centaurea.jacea,4,7,32
Gottin_PP,Helophilus.trivittatus,Knautia.arvensis,4,10,32
Gottin_PP,Hylaeus.brevicornis,Crepis.biennis,1,1,32
Gottin_PP,Lasioglossum.leucopus,Crepis.biennis,1,2,32
Gottin_PP,Lasioglossum.pauxillum,Crepis.biennis,1,5,32
Gottin_PP,Lasioglossum.pauxillum,Senecio.jacobaea,5,14,32
Gottin_PP,Lasioglossum.villosulum,Crepis.biennis,2,2,32
Gottin_PP,Lasioglossum.villosulum,Leontodon.hispidus,9,11,32
Gottin_PP,Megachile.versicolor,Hippocrepis.comosa,1,2,32
Gottin_PP,Melanostoma.spec,Plantago.media,2,7,32
Gottin_PP,Melanostoma.spec,Thymus.pulegioides,2,9,32
Gottin_PP,Melitta.leporina,Medicago.falcata,1,1,32
Gottin_PP,Nomada.flavoguttata,Crepis.biennis,1,1,32
Gottin_PP,Osmia.bicolor,Orchis.mascula,1,2,32
Gottin_PP,Osmia.rufa,Ranunculus.bulbosus,1,2,32
Gottin_PP,Paragus.spec,Euphorbia.cyparissias,1,1,32
Gottin_PP,Sphaerophoria.spec,Achillea.millefolium,9,20,32
Gottin_PP,Sphaerophoria.spec,Crepis.biennis,2,5,32
Gottin_PP,Sphaerophoria.spec,Euphrasia.stricta,1,1,32
Gottin_PP,Sphaerophoria.spec,Helianthemum.nummularium,6,11,32
Gottin_PP,Sphaerophoria.spec,Senecio.jacobaea,3,15,32
Gottin_PP,Syrphus.torvus,Hypericum.perforatum,4,14,32
Gottin_PP,Syrphus.torvus,Plantago.media,4,8,32
Gottin_PP,Syrphus.torvus,Potentilla.reptans,1,2,32
Gottin_PP,Syrphus.vitripennis,Galium.mollugo,10,17,32
Gottin_PP,Syrphus.vitripennis,Hypericum.perforatum,8,19,32
Gottin_PP,Syrphus.vitripennis,Plantago.media,1,10,32
Gottin_PP,Syrphus.vitripennis,Potentilla.reptans,1,5,32
Gottin_PP,Andrena.bicolor,Campanula.rotundifolia,4,4,32
Gottin_PP,Andrena.labialis,Hippocrepis.comosa,1,1,32
Gottin_PP,Andrena.minutuloides,Achillea.millefolium,1,7,32
Gottin_PP,Andrena.minutuloides,Campanula.rotundifolia,2,6,32
Gottin_PP,Bombus.lapidarius,Prunella.grandiflora,4,12,32
Gottin_PP,Bombus.pascuorum,Campanula.rotundifolia,1,18,32
Gottin_PP,Bombus.pascuorum,Prunella.grandiflora,10,12,32
Gottin_PP,Bombus.pascuorum,Thymus.pulegioides,3,20,32
Gottin_PP,Bombus.pratorum,Thymus.pulegioides,1,3,32
Gottin_PP,Bombus.terrestris.agg,Helianthemum.nummularium,3,11,32
Gottin_PP,Bombus.terrestris.agg,Knautia.arvensis,14,30,32
Gottin_PP,Bombus.terrestris.agg,Prunella.grandiflora,4,10,32
Gottin_PP,Bombus.terrestris.agg,Thymus.pulegioides,2,20,32
Gottin_PP,Bombus.terrestris.agg,Vincetoxicum.hirundinaria,1,1,32
Gottin_PP,Ceratina.cyanea,Hieracium.pilosella,2,3,32
Gottin_PP,Cheilosia.fraterna,Ranunculus.bulbosus,1,1,32
Gottin_PP,Chrysotoxum.bicinctum,Pimpinella.saxifraga,2,5,32
Gottin_PP,Eristalis.arbustorum,Daucus.carota,3,9,32
Gottin_PP,Eristalis.interrupta,Pimpinella.saxifraga,4,22,32
Gottin_PP,Eristalis.lineata,Knautia.arvensis,2,4,32
Gottin_PP,Eristalis.pertinax,Achillea.millefolium,6,16,32
Gottin_PP,Eristalis.pertinax,Pimpinella.saxifraga,6,19,32
Gottin_PP,Eristalis.tenax,Centaurea.jacea,10,22,32
Gottin_PP,Eristalis.tenax,Pimpinella.saxifraga,5,29,32
Gottin_PP,Eristalis.tenax,Thymus.pulegioides,1,19,32
Gottin_PP,Eupeodes.corollae,Thymus.pulegioides,2,12,32
Gottin_PP,Halictus.rubicundus,Thymus.pulegioides,3,8,32
Gottin_PP,Halictus.tumulorum,Campanula.rotundifolia,3,12,32
Gottin_PP,Halictus.tumulorum,Polygala.comosa,1,2,32
Gottin_PP,Helophilus.hybridus,Knautia.arvensis,1,2,32
Gottin_PP,Helophilus.pendulus,Knautia.arvensis,9,13,32
Gottin_PP,Helophilus.trivittatus,Cirsium.acaule,1,7,32
Gottin_PP,Heriades.truncorum,Senecio.jacobaea,2,2,32
Gottin_PP,Heringia.spec,Achillea.millefolium,1,4,32
Gottin_PP,Lasioglossum.fulvicorne,Senecio.jacobaea,3,8,32
Gottin_PP,Lasioglossum.leucopus,Plantago.media,1,3,32
Gottin_PP,Lasioglossum.morio,Thymus.pulegioides,10,16,32
Gottin_PP,Lasioglossum.pygmaeum,Galium.mollugo,1,2,32
Gottin_PP,Melitta.haemorrhoidalis,Campanula.rotundifolia,3,3,32
Gottin_PP,Nomada.flavoguttata,Bellis.perennis,1,2,32
Gottin_PP,Nomada.flavoguttata,Veronica.teucrium,2,5,32
Gottin_PP,Pipiza.noctiluca/bimaculata,Daucus.carota,1,2,32
Gottin_PP,Pipiza.noctiluca/bimaculata,Knautia.arvensis,2,2,32
Gottin_PP,Sphaerophoria.spec,Campanula.rotundifolia,5,16,32
Gottin_PP,Sphaerophoria.spec,Ononis.spinosa,2,11,32
Gottin_PP,Sphaerophoria.spec,Prunella.grandiflora,5,11,32
Gottin_PP,Sphecodes.crassus,Achillea.millefolium,1,2,32
Gottin_PP,Sphecodes.ferruginatus,Achillea.millefolium,1,2,32
Gottin_PP,Sphecodes.ferruginatus,Thymus.pulegioides,1,4,32
Gottin_PP,Sphecodes.niger,Achillea.millefolium,1,2,32
Gottin_PP,Sphecodes.niger,Pimpinella.saxifraga,1,3,32
Gottin_PP,Syritta.pipiens,Achillea.millefolium,3,10,32
Gottin_PP,Syritta.pipiens,Thymus.pulegioides,3,11,32
Gottin_PP,Syrphus.vitripennis,Centaurium.erythraea,1,4,32
Gottin_PP,Andrena.falsifica,Fragaria.vesca,2,3,32
Gottin_PP,Andrena.subopaca,Veronica.teucrium,6,8,32
Gottin_PP,Bombus.lapidarius,Medicago.lupulina,2,9,32
Gottin_PP,Bombus.lapidarius,Trifolium.repens,1,2,32
Gottin_PP,Bombus.lapidarius,Veronica.teucrium,3,10,32
Gottin_PP,Bombus.pascuorum,Clinopodium.vulgare,8,9,32
Gottin_PP,Bombus.pascuorum,Veronica.teucrium,2,10,32
Gottin_PP,Bombus.pascuorum,Vicia.cracca,4,5,32
Gottin_PP,Bombus.terrestris.agg,Centaurea.scabiosa,7,22,32
Gottin_PP,Bombus.terrestris.agg,Genista.tinctoria,2,5,32
Gottin_PP,Bombus.terrestris.agg,Hypericum.perforatum,2,20,32
Gottin_PP,Bombus.terrestris.agg,Plantago.lanceolata,2,2,32
Gottin_PP,Bombus.terrestris.agg,Trifolium.repens,1,2,32
Gottin_PP,Bombus.terrestris.agg,Veronica.teucrium,5,9,32
Gottin_PP,Chelostoma.rapunculi,Helianthemum.nummularium,1,3,32
Gottin_PP,Chrysotoxum.verralli,Leontodon.hispidus,1,1,32
Gottin_PP,Episyrphus.balteatus,Campanula.rotundifolia,4,18,32
Gottin_PP,Episyrphus.balteatus,Helianthemum.nummularium,4,11,32
Gottin_PP,Episyrphus.balteatus,Leontodon.hispidus,13,18,32
Gottin_PP,Episyrphus.balteatus,Medicago.falcata,2,5,32
Gottin_PP,Episyrphus.balteatus,Prunella.grandiflora,3,12,32
Gottin_PP,Eristalis.interrupta,Achillea.millefolium,5,18,32
Gottin_PP,Eristalis.interrupta,Centaurea.scabiosa,2,15,32
Gottin_PP,Eristalis.interrupta,Solidago.canadensis,1,1,32
Gottin_PP,Eristalis.tenax,Centaurea.scabiosa,7,21,32
Gottin_PP,Eristalis.tenax,Clinopodium.vulgare,2,8,32
Gottin_PP,Eristalis.tenax,Solidago.canadensis,1,1,32
Gottin_PP,Halictus.tumulorum,Leontodon.hispidus,4,14,32
Gottin_PP,Halictus.tumulorum,Potentilla.neumanniana,4,10,32
Gottin_PP,Hylaeus.confusus,Achillea.millefolium,1,6,32
Gottin_PP,Hylaeus.confusus,Veronica.teucrium,5,5,32
Gottin_PP,Lasioglossum.fulvicorne,Solidago.canadensis,1,1,32
Gottin_PP,Lasioglossum.morio,Helianthemum.nummularium,1,9,32
Gottin_PP,Lasioglossum.pauxillum,Centaurium.erythraea,2,4,32
Gottin_PP,Lasioglossum.pauxillum,Helianthemum.nummularium,1,10,32
Gottin_PP,Lasioglossum.pauxillum,Leucanthemum.vulgare,5,10,32
Gottin_PP,Lasioglossum.pauxillum,Plantago.media,1,10,32
Gottin_PP,Lasioglossum.pauxillum,Solidago.canadensis,1,1,32
Gottin_PP,Megachile.willughbiella,Genista.tinctoria,1,1,32
Gottin_PP,Melanostoma.spec,Centaurea.jacea,1,12,32
Gottin_PP,Osmia.bicolor,Fragaria.vesca,2,6,32
Gottin_PP,Osmia.bicolor,Ranunculus.bulbosus,5,9,32
Gottin_PP,Osmia.bicolor,Taraxacum.officinale,2,4,32
Gottin_PP,Pipizella.spec,Potentilla.neumanniana,2,7,32
Gottin_PP,Pipizella.spec,Ranunculus.bulbosus,3,9,32
Gottin_PP,Pipizella.spec,Veronica.teucrium,1,4,32
Gottin_PP,Psithyrus.sylvestris,Centaurea.jacea,2,3,32
Gottin_PP,Scaeva.selenitica,Veronica.teucrium,2,2,32
Gottin_PP,Sphaerophoria.spec,Galium.mollugo,3,17,32
Gottin_PP,Sphaerophoria.spec,Genista.tinctoria,2,5,32
Gottin_PP,Sphaerophoria.spec,Hypericum.perforatum,5,20,32
Gottin_PP,Sphaerophoria.spec,Lotus.corniculatus,3,24,32
Gottin_PP,Sphaerophoria.spec,Medicago.lupulina,5,8,32
Gottin_PP,Sphaerophoria.spec,Potentilla.neumanniana,1,10,32
Gottin_PP,Sphaerophoria.spec,Solidago.canadensis,1,1,32
Gottin_PP,Sphaerophoria.spec,Veronica.chamaedrys,1,3,32
Gottin_PP,Syritta.pipiens,Solidago.canadensis,1,1,32
Gottin_PP,Syrphus.ribesii,Knautia.arvensis,9,25,32
Gottin_PP,Syrphus.torvus,Genista.tinctoria,1,2,32
Gottin_PP,Syrphus.torvus,Plantago.lanceolata,1,2,32
Gottin_PP,Syrphus.torvus,Veronica.teucrium,1,8,32
Gottin_PP,Syrphus.vitripennis,Helianthemum.nummularium,2,11,32
Gottin_PP,Xanthogramma.pedissequum,Galium.mollugo,1,2,32
Gottin_PP,Andrena.falsifica,Potentilla.neumanniana,3,5,32
Gottin_PP,Andrena.flavipes,Thymus.pulegioides,2,3,32
Gottin_PP,Anthidium.strigatum,Knautia.arvensis,1,7,32
Gottin_PP,Bombus.pascuorum,Carlina.vulgaris,4,5,32
Gottin_PP,Bombus.soroeensis,Campanula.rotundifolia,1,2,32
Gottin_PP,Bombus.terrestris.agg,Prunella.vulgaris,1,3,32
Gottin_PP,Bombus.terrestris.agg,Ranunculus.bulbosus,3,18,32
Gottin_PP,Ceratina.cyanea,Centaurea.jacea,1,5,32
Gottin_PP,Cheilosia.antiqua,Ranunculus.bulbosus,1,1,32
Gottin_PP,Chelostoma.rapunculi,Thymus.pulegioides,1,4,32
Gottin_PP,Chelostoma.rapunculi,Veronica.teucrium,1,3,32
Gottin_PP,Dasysyrphus.albostriatus,Daucus.carota,1,1,32
Gottin_PP,Eristalis.tenax,Daucus.carota,1,22,32
Gottin_PP,Lasioglossum.calceatum,Cirsium.acaule,2,9,32
Gottin_PP,Lasioglossum.fulvicorne,Primula.veris,1,1,32
Gottin_PP,Lasioglossum.minutulum,Pimpinella.saxifraga,1,1,32
Gottin_PP,Nomada.flavoguttata,Ranunculus.bulbosus,2,6,32
Gottin_PP,Nomada.flavoguttata,Thymus.pulegioides,1,6,32
Gottin_PP,Osmia.bicolor,Hippocrepis.comosa,6,10,32
Gottin_PP,Osmia.spinulosa,Thymus.pulegioides,1,2,32
Gottin_PP,Pipizella.spec,Pimpinella.saxifraga,4,11,32
Gottin_PP,Pipizella.spec,Senecio.jacobaea,1,6,32
Gottin_PP,Pipizella.spec,Thymus.pulegioides,1,9,32
Gottin_PP,Sphecodes.ephippius,Pimpinella.saxifraga,2,6,32
Gottin_PP,Sphecodes.ephippius,Thymus.pulegioides,1,5,32
Gottin_PP,Sphecodes.gibbus,Fragaria.vesca,1,1,32
Gottin_PP,Sphecodes.monilicornis,Daucus.carota,2,2,32
Gottin_PP,Syrphus.torvus,Daucus.carota,4,13,32
Gottin_PP,Syrphus.vitripennis,Centaurea.jacea,4,23,32
Gottin_PP,Syrphus.vitripennis,Knautia.arvensis,4,29,32
Gottin_PP,Andrena.flavipes,Centaurea.jacea,1,2,32
Gottin_PP,Andrena.flavipes,Centaurea.scabiosa,1,3,32
Gottin_PP,Andrena.flavipes,Ononis.spinosa,1,2,32
Gottin_PP,Andrena.subopaca,Agrimonia.eupatoria,1,2,32
Gottin_PP,Andrena.subopaca,Galium.mollugo,1,9,32
Gottin_PP,Andrena.subopaca,Potentilla.erecta,1,1,32
Gottin_PP,Andrena.subopaca,Potentilla.neumanniana,1,4,32
Gottin_PP,Andrena.subopaca,Rosa.NA,2,6,32
Gottin_PP,Bombus.hypnorum,Gymnadenia.conopsea,1,2,32
Gottin_PP,Bombus.lapidarius,Polygala.comosa,1,2,32
Gottin_PP,Bombus.pascuorum,Anthyllis.vulneraria,2,4,32
Gottin_PP,Bombus.terrestris.agg,Hieracium.pilosella,1,11,32
Gottin_PP,Bombus.terrestris.agg,Lotus.corniculatus,3,25,32
Gottin_PP,Cheilosia.barbata,Daucus.carota,1,3,32
Gottin_PP,Chrysotoxum.bicinctum,Centaurium.erythraea,1,2,32
Gottin_PP,Didea.fasciata,Knautia.arvensis,1,4,32
Gottin_PP,Episyrphus.balteatus,Cirsium.acaule,3,20,32
Gottin_PP,Episyrphus.balteatus,Leucanthemum.vulgare,5,11,32
Gottin_PP,Eristalis.interrupta,Senecio.jacobaea,1,13,32
Gottin_PP,Eupeodes.corollae,Hypericum.perforatum,1,11,32
Gottin_PP,Halictus.rubicundus,Centaurium.erythraea,1,2,32
Gottin_PP,Halictus.tumulorum,Trifolium.pratense,1,10,32
Gottin_PP,Lasioglossum.morio,Potentilla.erecta,1,1,32
Gottin_PP,Lasioglossum.pauxillum,Potentilla.erecta,1,1,32
Gottin_PP,Lasioglossum.villosulum,Ranunculus.bulbosus,1,11,32
Gottin_PP,Melanostoma.spec,Pimpinella.saxifraga,5,14,32
Gottin_PP,Paragus.spec,Pimpinella.saxifraga,1,6,32
Gottin_PP,Psithyrus.bohemicus,Centaurea.scabiosa,5,10,32
Gottin_PP,Psithyrus.rupestris,Centaurea.scabiosa,4,7,32
Gottin_PP,Scaeva.selenitica,Gymnadenia.conopsea,1,1,32
Gottin_PP,Scaeva.selenitica,Leucanthemum.vulgare,2,3,32
Gottin_PP,Sphaerophoria.spec,Centaurea.jacea,4,21,32
Gottin_PP,Sphaerophoria.spec,Centaurea.scabiosa,5,23,32
Gottin_PP,Sphaerophoria.spec,Leontodon.hispidus,10,17,32
Gottin_PP,Sphaerophoria.spec,Potentilla.erecta,1,1,32
Gottin_PP,Syrphus.ribesii,Agrimonia.eupatoria,1,5,32
Gottin_PP,Syrphus.ribesii,Centaurium.erythraea,1,4,32
Gottin_PP,Syrphus.ribesii,Hypericum.perforatum,4,15,32
Gottin_PP,Syrphus.ribesii,Leucanthemum.vulgare,1,10,32
Gottin_PP,Syrphus.torvus,Agrimonia.eupatoria,1,4,32
Gottin_PP,Syrphus.torvus,Centaurium.erythraea,1,3,32
Gottin_PP,Syrphus.torvus,Hieracium.pilosella,3,6,32
Gottin_PP,Syrphus.torvus,Leucanthemum.vulgare,3,10,32
Gottin_PP,Syrphus.torvus,Ranunculus.bulbosus,2,12,32
Gottin_PP,Syrphus.vitripennis,Gymnadenia.conopsea,1,3,32
Gottin_PP,Andrena.strohmella,Genista.tinctoria,1,1,32
Gottin_PP,Bombus.hortorum,Centaurea.scabiosa,1,2,32
Gottin_PP,Bombus.lapidarius,Primula.veris,1,5,32
Gottin_PP,Chelostoma.rapunculi,Campanula.glomerata,2,2,32
Gottin_PP,Chelostoma.rapunculi,Campanula.rotundifolia,4,7,32
Gottin_PP,Episyrphus.balteatus,Campanula.glomerata,2,3,32
Gottin_PP,Eristalis.lineata,Leucanthemum.vulgare,1,1,32
Gottin_PP,Eristalis.tenax,Orchis.mascula,1,2,32
Gottin_PP,Halictus.tumulorum,Campanula.glomerata,1,3,32
Gottin_PP,Halictus.tumulorum,Fragaria.vesca,1,5,32
Gottin_PP,Halictus.tumulorum,Leucanthemum.vulgare,2,9,32
Gottin_PP,Halictus.tumulorum,Solidago.virgaurea,1,4,32
Gottin_PP,Hylaeus.communis,Campanula.glomerata,1,2,32
Gottin_PP,Hylaeus.confusus,Campanula.glomerata,1,1,32
Gottin_PP,Hylaeus.confusus,Helianthemum.nummularium,1,3,32
Gottin_PP,Lasioglossum.calceatum,Ranunculus.bulbosus,1,10,32
Gottin_PP,Lasioglossum.morio,Campanula.glomerata,1,3,32
Gottin_PP,Lasioglossum.morio,Campanula.rotundifolia,2,13,32
Gottin_PP,Lasioglossum.morio,Fragaria.vesca,1,5,32
Gottin_PP,Lasioglossum.morio,Hieracium.pilosella,2,9,32
Gottin_PP,Lasioglossum.morio,Knautia.arvensis,4,20,32
Gottin_PP,Lasioglossum.morio,Leucanthemum.vulgare,2,9,32
Gottin_PP,Lasioglossum.morio,Potentilla.neumanniana,1,10,32
Gottin_PP,Lasioglossum.morio,Ranunculus.bulbosus,3,16,32
Gottin_PP,Lasioglossum.morio,Solidago.virgaurea,3,3,32
Gottin_PP,Lasioglossum.morio,Taraxacum.officinale,1,3,32
Gottin_PP,Lasioglossum.pauxillum,Solidago.virgaurea,2,4,32
Gottin_PP,Nomada.flavoguttata,Leucanthemum.vulgare,1,4,32
Gottin_PP,Osmia.bicolor,Helianthemum.nummularium,1,6,32
Gottin_PP,Osmia.uncinata,Hippocrepis.comosa,1,1,32
Gottin_PP,Pipizella.spec,Solidago.virgaurea,1,3,32
Gottin_PP,Sericomyia.silentis,Knautia.arvensis,1,1,32
Gottin_PP,Sphecodes.ephippius,Anthriscus.sylvestris,1,1,32
Gottin_PP,Sphecodes.ephippius,Potentilla.neumanniana,1,5,32
Gottin_PP,Syrphus.ribesii,Centaurea.scabiosa,2,17,32
Gottin_PP,Syrphus.ribesii,Thymus.pulegioides,1,17,32
Gottin_PP,Syrphus.vitripennis,Leucanthemum.vulgare,4,10,32
Gottin_PP,Volucella.pellucens,Knautia.arvensis,2,2,32
Gottin_PP,Andrena.minutula,Medicago.lupulina,1,3,32
Gottin_PP,Bombus.lapidarius,Solidago.virgaurea,1,5,32
Gottin_PP,Bombus.pascuorum,Rhinanthus.minor,1,2,32
Gottin_PP,Bombus.pascuorum,Vicia.sepium,1,1,32
Gottin_PP,Bombus.terrestris.agg,Trifolium.pratense,2,17,32
Gottin_PP,Cheilosia.barbata,Pimpinella.saxifraga,3,4,32
Gottin_PP,Cheilosia.ranunculi/albitarsis,Ranunculus.acris,1,1,32
Gottin_PP,Chelostoma.campanularum,Campanula.rotundifolia,4,5,32
Gottin_PP,Chrysogaster.solstitialis,Daucus.carota,1,1,32
Gottin_PP,Chrysogaster.solstitialis,Pimpinella.saxifraga,1,1,32
Gottin_PP,Episyrphus.balteatus,Potentilla.reptans,1,5,32
Gottin_PP,Episyrphus.balteatus,Trifolium.pratense,4,19,32
Gottin_PP,Episyrphus.balteatus,Valeriana.officinalis,1,2,32
Gottin_PP,Eristalis.tenax,Papaver.rhoeas,1,1,32
Gottin_PP,Eristalis.tenax,Senecio.erucifolius,2,3,32
Gottin_PP,Eristalis.tenax,Trifolium.pratense,1,19,32
Gottin_PP,Helophilus.pendulus,Leontodon.hispidus,2,6,32
Gottin_PP,Helophilus.pendulus,Solidago.virgaurea,1,3,32
Gottin_PP,Lasioglossum.albipes,Medicago.lupulina,1,2,32
Gottin_PP,Lasioglossum.pauxillum,Potentilla.reptans,1,4,32
Gottin_PP,Platycheirus.albimanus,Potentilla.reptans,1,1,32
Gottin_PP,Psithyrus.rupestris,Stachys.germanica,1,1,32
Gottin_PP,Psithyrus.sylvestris,Knautia.arvensis,3,5,32
Gottin_PP,Sphaerophoria.spec,Solidago.virgaurea,2,5,32
Gottin_PP,Sphaerophoria.spec,Trifolium.pratense,1,17,32
Gottin_PP,Syrphus.ribesii,Potentilla.reptans,1,4,32
Gottin_PP,Syrphus.ribesii,Trifolium.pratense,2,14,32
Gottin_PP,Syrphus.vitripennis,Leontodon.hispidus,5,17,32
Gottin_PP,Andrena.minutula,Leontodon.hispidus,2,9,32
Gottin_PP,Bombus.lapidarius,Hieracium.pilosella,1,11,32
Gottin_PP,Bombus.lapidarius,Leucanthemum.vulgare,1,11,32
Gottin_PP,Bombus.pascuorum,Echium.vulgare,3,4,32
Gottin_PP,Bombus.terrestris.agg,Campanula.glomerata,1,3,32
Gottin_PP,Bombus.terrestris.agg,Centaurea.jacea,4,21,32
Gottin_PP,Chelostoma.rapunculi,Centaurea.scabiosa,1,7,32
Gottin_PP,Episyrphus.balteatus,Achillea.millefolium,5,22,32
Gottin_PP,Eristalis.interrupta,Centaurea.jacea,5,18,32
Gottin_PP,Eristalis.intricaria,Knautia.arvensis,1,2,32
Gottin_PP,Eristalis.pertinax,Solidago.virgaurea,1,3,32
Gottin_PP,Heringia.spec,Campanula.glomerata,1,2,32
Gottin_PP,Heringia.spec,Gentiana.ciliata,1,1,32
Gottin_PP,Hylaeus.communis,Galium.mollugo,1,2,32
Gottin_PP,Hylaeus.communis,Senecio.jacobaea,1,4,32
Gottin_PP,Lasioglossum.albipes,Ranunculus.bulbosus,1,2,32
Gottin_PP,Lasioglossum.albipes,Solidago.virgaurea,2,3,32
Gottin_PP,Lasioglossum.morio,Anthemis.tinctoria,1,2,32
Gottin_PP,Lasioglossum.morio,Centaurea.scabiosa,1,15,32
Gottin_PP,Lasioglossum.morio,Senecio.jacobaea,2,11,32
Gottin_PP,Lasioglossum.villosulum,Hieracium.NA,2,2,32
Gottin_PP,Osmia.bicolor,Crataegus.laevigata,2,2,32
Gottin_PP,Psithyrus.rupestris,Centaurea.jacea,1,5,32
Gottin_PP,Psithyrus.rupestris,Cirsium.acaule,1,6,32
Gottin_PP,Psithyrus.sylvestris,Centaurea.scabiosa,3,5,32
Gottin_PP,Sphaerophoria.spec,Leucanthemum.vulgare,3,11,32
Gottin_PP,Syrphus.torvus,Galium.mollugo,5,12,32
Gottin_PP,Syrphus.torvus,Senecio.jacobaea,1,13,32
Gottin_PP,Syrphus.vitripennis,Heracleum.sphondylium,1,2,32
Gottin_PP,Syrphus.vitripennis,Senecio.jacobaea,2,14,32
Gottin_PP,Andrena.minutula,Valeriana.officinalis,1,2,32
Gottin_PP,Colletes.daviesanus,Tanacetum.vulgare,1,1,32
Gottin_PP,Episyrphus.balteatus,Lotus.corniculatus,3,26,32
Gottin_PP,Eristalis.arbustorum,Achillea.millefolium,2,10,32
Gottin_PP,Eristalis.arbustorum,Valeriana.officinalis,1,2,32
Gottin_PP,Eupeodes.corollae,Achillea.millefolium,3,10,32
Gottin_PP,Hylaeus.communis,Hypericum.perforatum,1,3,32
Gottin_PP,Hylaeus.nigritus,Centaurea.jacea,1,1,32
Gottin_PP,Lasioglossum.morio,Leontodon.hispidus,2,12,32
Gottin_PP,Lasioglossum.pauxillum,Leontodon.hispidus,7,17,32
Gottin_PP,Megachile.versicolor,Centaurea.jacea,2,3,32
Gottin_PP,Melanostoma.spec,Daucus.carota,2,11,32
Gottin_PP,Paragus.spec,Lotus.corniculatus,1,5,32
Gottin_PP,Sphaerophoria.spec,Agrimonia.eupatoria,2,6,32
Gottin_PP,Syrphus.ribesii,Achillea.millefolium,3,19,32
Gottin_PP,Syrphus.ribesii,Leontodon.hispidus,6,16,32
Gottin_PP,Syrphus.vitripennis,Centaurea.scabiosa,1,20,32
Gottin_PP,Bombus.pascuorum,Melampyrum.arvense,2,2,32
Gottin_PP,Bombus.pratorum,Echium.vulgare,1,1,32
Gottin_PP,Bombus.pratorum,Prunella.grandiflora,1,4,32
Gottin_PP,Bombus.terrestris.agg,Cirsium.acaule,2,18,32
Gottin_PP,Bombus.terrestris.agg,Melampyrum.arvense,2,2,32
Gottin_PP,Didea.fasciata,Centaurea.jacea,1,4,32
Gottin_PP,Episyrphus.balteatus,Hieracium.pilosella,1,11,32
Gottin_PP,Episyrphus.balteatus,Prunella.vulgaris,1,3,32
Gottin_PP,Eristalis.lineata,Achillea.millefolium,1,4,32
Gottin_PP,Eristalis.tenax,Ligustrum.vulgare,1,1,32
Gottin_PP,Melanostoma.spec,Hieracium.pilosella,1,5,32
Gottin_PP,Osmia.aurulenta,Prunella.grandiflora,1,1,32
Gottin_PP,Scaeva.selenitica,Hieracium.pilosella,1,4,32
Gottin_PP,Syritta.pipiens,Centaurea.jacea,1,11,32
Gottin_PP,Syrphus.ribesii,Hieracium.pilosella,1,10,32
Gottin_PP,Syrphus.torvus,Ligustrum.vulgare,1,1,32
Gottin_PP,Syrphus.torvus,Prunella.grandiflora,1,9,32
Gottin_PP,Syrphus.torvus,Prunella.vulgaris,1,3,32
Gottin_PP,Syrphus.vitripennis,Hieracium.pilosella,2,11,32
Gottin_PP,Syrphus.vitripennis,Ligustrum.vulgare,1,1,32
Gottin_PP,Syrphus.vitripennis,Melampyrum.arvense,1,2,32
Gottin_PP,Andrena.wilkella,Hippocrepis.comosa,2,2,32
Gottin_PP,Bombus.lapidarius,Clinopodium.vulgare,1,9,32
Gottin_PP,Bombus.pascuorum,Plantago.media,1,12,32
Gottin_PP,Cheilosia.vulpina,Pimpinella.saxifraga,1,4,32
Gottin_PP,Eristalis.tenax,Leontodon.hispidus,4,18,32
Gottin_PP,Halictus.rubicundus,Leontodon.hispidus,1,4,32
Gottin_PP,Halictus.tumulorum,Centaurea.scabiosa,1,15,32
Gottin_PP,Helophilus.trivittatus,Centaurea.scabiosa,2,8,32
Gottin_PP,Lasioglossum.fulvicorne,Knautia.arvensis,1,12,32
Gottin_PP,Lasioglossum.morio,Crepis.biennis,1,4,32
Gottin_PP,Pipizella.spec,Hippocrepis.comosa,1,6,32
Gottin_PP,Sphecodes.hyalinatus,Achillea.millefolium,2,3,32
Gottin_PP,Andrena.flavipes,Cirsium.arvense,1,1,32
Gottin_PP,Bombus.pascuorum,Astragalus.glycyphyllos,2,2,32
Gottin_PP,Bombus.terrestris.agg,Cirsium.arvense,1,4,32
Gottin_PP,Bombus.terrestris.agg,Clinopodium.vulgare,1,9,32
Gottin_PP,Chrysotoxum.bicinctum,Daucus.carota,1,5,32
Gottin_PP,Epistrophe.grossulariae,Knautia.arvensis,2,2,32
Gottin_PP,Episyrphus.balteatus,Agrimonia.eupatoria,3,6,32
Gottin_PP,Episyrphus.balteatus,Cirsium.arvense,1,4,32
Gottin_PP,Episyrphus.balteatus,Clinopodium.vulgare,3,9,32
Gottin_PP,Eristalis.arbustorum,Cirsium.arvense,1,2,32
Gottin_PP,Eristalis.arbustorum,Senecio.erucifolius,1,3,32
Gottin_PP,Eristalis.interrupta,Cirsium.arvense,1,3,32
Gottin_PP,Eristalis.interrupta,Senecio.erucifolius,1,2,32
Gottin_PP,Eristalis.pertinax,Senecio.erucifolius,1,3,32
Gottin_PP,Eristalis.tenax,Achillea.millefolium,2,21,32
Gottin_PP,Eristalis.tenax,Cirsium.arvense,1,3,32
Gottin_PP,Eupeodes.corollae,Galium.verum,2,5,32
Gottin_PP,Eupeodes.luniger,Galium.verum,1,1,32
Gottin_PP,Helophilus.hybridus,Senecio.erucifolius,1,1,32
Gottin_PP,Helophilus.pendulus,Senecio.erucifolius,1,3,32
Gottin_PP,Helophilus.pendulus,Thymus.pulegioides,1,8,32
Gottin_PP,Helophilus.trivittatus,Senecio.erucifolius,2,2,32
Gottin_PP,Hylaeus.communis,Cirsium.arvense,1,1,32
Gottin_PP,Hylaeus.confusus,Agrimonia.eupatoria,1,1,32
Gottin_PP,Lasioglossum.albipes,Senecio.erucifolius,1,2,32
Gottin_PP,Lasioglossum.calceatum,Cirsium.arvense,1,3,32
Gottin_PP,Lasioglossum.calceatum,Senecio.erucifolius,1,2,32
Gottin_PP,Lasioglossum.morio,Agrimonia.eupatoria,1,4,32
Gottin_PP,Lasioglossum.morio,Senecio.erucifolius,1,2,32
Gottin_PP,Lasioglossum.pauxillum,Campanula.rotundifolia,1,15,32
Gottin_PP,Lasioglossum.pauxillum,Cirsium.arvense,1,2,32
Gottin_PP,Lasioglossum.pauxillum,Galium.verum,1,7,32
Gottin_PP,Lasioglossum.pauxillum,Hypericum.perforatum,1,15,32
Gottin_PP,Lasioglossum.pauxillum,Senecio.erucifolius,1,3,32
Gottin_PP,Melanostoma.spec,Agrimonia.eupatoria,1,4,32
Gottin_PP,Paragus.spec,Stellaria.media,1,1,32
Gottin_PP,Scaeva.pyrastri,Cirsium.arvense,1,2,32
Gottin_PP,Scaeva.pyrastri,Thymus.pulegioides,1,9,32
Gottin_PP,Sphaerophoria.spec,Cirsium.arvense,1,3,32
Gottin_PP,Sphaerophoria.spec,Clinopodium.vulgare,3,9,32
Gottin_PP,Sphaerophoria.spec,Senecio.erucifolius,1,3,32
Gottin_PP,Sphecodes.ephippius,Achillea.millefolium,1,6,32
Gottin_PP,Sphecodes.ephippius,Leucanthemum.vulgare,1,3,32
Gottin_PP,Sphecodes.rufiventris,Daucus.carota,1,1,32
Gottin_PP,Syritta.pipiens,Cirsium.arvense,1,1,32
Gottin_PP,Syrphus.ribesii,Convolvulus.arvensis,1,1,32
Gottin_PP,Syrphus.torvus,Cirsium.arvense,1,3,32
Gottin_PP,Syrphus.vitripennis,Agrimonia.eupatoria,3,5,32
Gottin_PP,Syrphus.vitripennis,Galium.verum,1,7,32
Gottin_PP,Anthidium.manicatum,Ononis.spinosa,1,1,32
Gottin_PP,Episyrphus.balteatus,Ononis.spinosa,2,11,32
Gottin_PP,Eupeodes.lapponicus,Campanula.rotundifolia,1,1,32
Gottin_PP,Ferdinandea.cuprea,Cichorium.intybus,1,1,32
Gottin_PP,Lasioglossum.pauxillum,Cichorium.intybus,1,1,32
Gottin_PP,Psithyrus.rupestris,Knautia.arvensis,2,8,32
Gottin_PP,Sphaerophoria.spec,Cichorium.intybus,2,2,32
Gottin_PP,Sphaerophoria.spec,Medicago.falcata,1,5,32
Gottin_PP,Andrena.subopaca,Helianthemum.nummularium,2,5,32
Gottin_PP,Bombus.lapidarius,Cirsium.arvense,2,4,32
Gottin_PP,Bombus.lapidarius,Helianthemum.nummularium,1,11,32
Gottin_PP,Bombus.terrestris.agg,Crataegus.laevigata,1,3,32
Gottin_PP,Bombus.terrestris.agg,Ononis.spinosa,1,10,32
Gottin_PP,Bombus.terrestris.agg,Rubus.fruticosus,1,3,32
Gottin_PP,Didea.fasciata,Agrimonia.eupatoria,1,2,32
Gottin_PP,Episyrphus.balteatus,Picris.hieracioides,1,1,32
Gottin_PP,Episyrphus.balteatus,Trifolium.campestre,1,1,32
Gottin_PP,Episyrphus.balteatus,Veronica.teucrium,2,10,32
Gottin_PP,Eumerus.ornatus,Veronica.teucrium,2,2,32
Gottin_PP,Hylaeus.brevicornis,Pimpinella.saxifraga,1,3,32
Gottin_PP,Nomada.flavoguttata,Fragaria.vesca,1,5,32
Gottin_PP,Syrphus.torvus,Helianthemum.nummularium,1,7,32
Gottin_PP,Syrphus.vitripennis,Lotus.corniculatus,1,23,32
Gottin_PP,Andrena.angustior,Orchis.militaris,1,1,32
Gottin_PP,Andrena.minutula,Achillea.millefolium,1,10,32
Gottin_PP,Andrena.minutula,Helianthemum.nummularium,1,8,32
Gottin_PP,Bombus.lapidarius,Leontodon.hispidus,2,18,32
Gottin_PP,Chelostoma.florisomne,Ranunculus.bulbosus,2,2,32
Gottin_PP,Eristalis.arbustorum,Senecio.jacobaea,1,8,32
Gottin_PP,Eristalis.interrupta,Leontodon.hispidus,1,14,32
Gottin_PP,Eristalis.pertinax,Senecio.jacobaea,2,13,32
Gottin_PP,Eristalis.tenax,Senecio.jacobaea,1,16,32
Gottin_PP,Helophilus.pendulus,Centaurea.scabiosa,2,10,32
Gottin_PP,Heringia.heringi,Pimpinella.saxifraga,1,1,32
Gottin_PP,Hylaeus.communis,Leontodon.hispidus,1,4,32
Gottin_PP,Lasioglossum.calceatum,Leontodon.hispidus,1,6,32
Gottin_PP,Lasioglossum.fulvicorne,Leontodon.hispidus,1,7,32
Gottin_PP,Osmia.leaiana,Leontodon.hispidus,1,1,32
Gottin_PP,Osmia.leaiana,Pimpinella.saxifraga,1,2,32
Gottin_PP,Osmia.spinulosa,Leontodon.hispidus,2,3,32
Gottin_PP,Osmia.spinulosa,Senecio.jacobaea,1,2,32
Gottin_PP,Pipizella.spec,Leontodon.hispidus,1,7,32
Gottin_PP,Bombus.lapidarius,Ononis.repens,1,1,32
Gottin_PP,Bombus.pascuorum,Polygala.vulgaris,1,1,32
Gottin_PP,Bombus.terrestris.agg,Anthyllis.vulneraria,1,4,32
Gottin_PP,Bombus.terrestris.agg,Echium.vulgare,1,4,32
Gottin_PP,Bombus.terrestris.agg,Leucanthemum.vulgare,2,11,32
Gottin_PP,Cheilosia.impressa,Pimpinella.saxifraga,1,2,32
Gottin_PP,Hylaeus.annularis,Leucanthemum.vulgare,1,1,32
Gottin_PP,Lasioglossum.pygmaeum,Thymus.pulegioides,1,2,32
Gottin_PP,Megachile.apicalis,Centaurea.jacea,1,1,32
Gottin_PP,Scaeva.pyrastri,Leontodon.hispidus,1,5,32
Gottin_PP,Scaeva.selenitica,Leontodon.hispidus,1,4,32
Gottin_PP,Syritta.pipiens,Leucanthemum.vulgare,2,6,32
Gottin_PP,Syrphus.torvus,Pimpinella.saxifraga,1,18,32
Gottin_PP,Andrena.labiata,Veronica.teucrium,1,1,32
Gottin_PP,Andrena.minutula,Thymus.pulegioides,2,11,32
Gottin_PP,Andrena.minutuloides,Thymus.pulegioides,1,9,32
Gottin_PP,Anthidium.punctatum,Lotus.corniculatus,1,1,32
Gottin_PP,Anthidium.strigatum,Medicago.falcata,1,1,32
Gottin_PP,Bombus.lapidarius,Carlina.vulgaris,1,5,32
Gottin_PP,Bombus.soroeensis,Knautia.arvensis,2,3,32
Gottin_PP,Hylaeus.communis,Daucus.carota,1,5,32
Gottin_PP,Hylaeus.nigritus,Centaurea.scabiosa,1,2,32
Gottin_PP,Lasioglossum.lativentre,Thymus.pulegioides,1,1,32
Gottin_PP,Lasioglossum.lucidulum,Thymus.pulegioides,1,1,32
Gottin_PP,Myathropa.florea,Knautia.arvensis,1,15,32
Gottin_PP,Osmia.aurulenta,Lotus.corniculatus,1,4,32
Gottin_PP,Andrena.haemorrhoa,Prunus.spinosa,1,1,32
Gottin_PP,Bombus.lapidarius,Plantago.media,1,12,32
Gottin_PP,Bombus.lapidarius,Rosa.NA,2,12,32
Gottin_PP,Bombus.pascuorum,Genista.tinctoria,1,5,32
Gottin_PP,Bombus.sylvarum,Centaurea.jacea,1,1,32
Gottin_PP,Bombus.terrestris.agg,Sanguisorba.minor,2,4,32
Gottin_PP,Ceratina.cyanea,Leontodon.hispidus,1,5,32
Gottin_PP,Chelostoma.rapunculi,Leontodon.hispidus,1,6,32
Gottin_PP,Chelostoma.rapunculi,Ononis.spinosa,1,3,32
Gottin_PP,Episyrphus.balteatus,Vicia.cracca,1,5,32
Gottin_PP,Eupeodes.corollae,Leontodon.hispidus,1,6,32
Gottin_PP,Nomada.goodeniana,Ranunculus.bulbosus,1,1,32
Gottin_PP,Sphecodes.hyalinatus,Pimpinella.saxifraga,1,5,32
Gottin_PP,Andrena.minutula,Sedum.sexangulare,1,2,32
Gottin_PP,Andrena.subopaca,Sedum.sexangulare,1,1,32
Gottin_PP,Bombus.pascuorum,Lathyrus.tuberosus,1,1,32
Gottin_PP,Bombus.pratorum,Centaurea.scabiosa,1,2,32
Gottin_PP,Bombus.pratorum,Viola.arvensis,1,1,32
Gottin_PP,Chelostoma.campanularum,Prunella.grandiflora,1,2,32
Gottin_PP,Didea.fasciata,Pimpinella.saxifraga,1,4,32
Gottin_PP,Eupeodes.nitens,Leucanthemum.vulgare,1,1,32
Gottin_PP,Halictus.rubicundus,Sedum.sexangulare,1,2,32
Gottin_PP,Helophilus.pendulus,Achillea.millefolium,1,9,32
Gottin_PP,Helophilus.pendulus,Senecio.fucsii,1,1,32
Gottin_PP,Lasioglossum.morio,Sedum.sexangulare,1,2,32
Gottin_PP,Myathropa.florea,Achillea.millefolium,1,11,32
Gottin_PP,Myathropa.florea,Senecio.fucsii,1,1,32
Gottin_PP,Nomada.flavoguttata,Potentilla.neumanniana,1,3,32
Gottin_PP,Nomada.flavoguttata,Sedum.sexangulare,1,1,32
Gottin_PP,Pipizella.spec,Helianthemum.nummularium,1,5,32
Gottin_PP,Sphaerophoria.spec,Gymnadenia.conopsea,1,2,32
Gottin_PP,Sphecodes.ephippius,Sedum.sexangulare,1,1,32
Gottin_PP,Syrphus.torvus,Achillea.millefolium,2,15,32
Gottin_PP,Syrphus.torvus,Gymnadenia.conopsea,1,3,32
Gottin_PP,Andrena.subopaca,Medicago.lupulina,1,5,32
Gottin_PP,Andrena.subopaca,Taraxacum.officinale,1,4,32
Gottin_PP,Bombus.hortorum,Prunella.grandiflora,1,2,32
Gottin_PP,Bombus.hypnorum,Veronica.teucrium,1,1,32
Gottin_PP,Bombus.lapidarius,Fragaria.vesca,1,8,32
Gottin_PP,Bombus.pascuorum,Ranunculus.bulbosus,1,19,32
Gottin_PP,Bombus.pratorum,Gymnadenia.conopsea,1,2,32
Gottin_PP,Bombus.terrestris.agg,Rhinanthus.minor,1,2,32
Gottin_PP,Episyrphus.balteatus,Gymnadenia.conopsea,1,3,32
Gottin_PP,Lasioglossum.leucopus,Ranunculus.bulbosus,1,4,32
Gottin_PP,Syrphus.torvus,Leontodon.hispidus,1,13,32
Gottin_PP,Syrphus.torvus,Trifolium.pratense,1,11,32
Gottin_PP,Andrena.angustior,Ranunculus.bulbosus,1,2,32
Gottin_PP,Andrena.minutula,Convolvulus.arvensis,1,1,32
Gottin_PP,Bombus.lapidarius,Clematis.vitalba,1,1,32
Gottin_PP,Bombus.pascuorum,Tilia.platyphyllos,1,1,32
Gottin_PP,Ceratina.cyanea,Campanula.rotundifolia,1,4,32
Gottin_PP,Ceratina.cyanea,Ranunculus.bulbosus,1,6,32
Gottin_PP,Episyrphus.balteatus,Clematis.vitalba,1,1,32
Gottin_PP,Halictus.tumulorum,Rosa.NA,1,8,32
Gottin_PP,Lasioglossum.leucopus,Tilia.platyphyllos,1,1,32
Gottin_PP,Lasioglossum.morio,Hypericum.perforatum,1,11,32
Gottin_PP,Lasioglossum.pauxillum,Medicago.lupulina,1,7,32
Gottin_PP,Melanostoma.spec,Helianthemum.nummularium,1,5,32
Gottin_PP,Syrphus.torvus,Crepis.biennis,1,5,32
Gottin_PP,Syrphus.torvus,Tilia.cordata,1,1,32
Gottin_PP,Syrphus.vitripennis,Clematis.vitalba,1,1,32
Gottin_PP,Syrphus.vitripennis,Crepis.biennis,1,4,32
Gottin_PP,Andrena.subopaca,Fragaria.vesca,1,7,32
Gottin_PP,Andrena.subopaca,Potentilla.reptans,1,3,32
Gottin_PP,Andrena.subopaca,Senecio.jacobaea,1,7,32
Gottin_PP,Bombus.hortorum,Cirsium.acaule,1,2,32
Gottin_PP,Bombus.lapidarius,Potentilla.reptans,1,5,32
Gottin_PP,Bombus.lapidarius,Trifolium.medium,1,1,32
Gottin_PP,Helophilus.pendulus,Centaurea.jacea,1,8,32
Gottin_PP,Osmia.bicolor,Rosa.NA,1,7,32
Gottin_PP,Psithyrus.bohemicus,Cirsium.acaule,1,7,32
Gottin_PP,Eupeodes.corollae,Trifolium.pratense,1,7,32
Gottin_PP,Syrphus.torvus,Galium.verum,1,5,32
Gottin_PP,Andrena.subopaca,Veronica.chamaedrys,2,3,32
Gottin_PP,Bombus.terrestris.agg,Veronica.chamaedrys,1,3,32
Gottin_PP,Eupeodes.corollae,Galium.mollugo,1,8,32
Gottin_PP,Eupeodes.corollae,Knautia.arvensis,1,14,32
Gottin_PP,Halictus.tumulorum,Medicago.lupulina,2,6,32
Gottin_PP,Lasioglossum.albipes,Senecio.jacobaea,1,3,32
Gottin_PP,Lasioglossum.calceatum,Solidago.virgaurea,1,2,32
Gottin_PP,Osmia.bicolor,Veronica.chamaedrys,1,2,32
Gottin_PP,Psithyrus.bohemicus,Thymus.pulegioides,1,6,32
Gottin_PP,Psithyrus.campestris,Centaurea.scabiosa,1,1,32
Gottin_PP,Scaeva.pyrastri,Centaurea.scabiosa,1,6,32
Gottin_PP,Andrena.fucata,Rosa.NA,1,1,32
Gottin_PP,Ceratina.cyanea,Knautia.arvensis,1,6,32
Gottin_PP,Eristalis.tenax,Ononis.spinosa,1,11,32
Gottin_PP,Ferdinandea.cuprea,Leontodon.hispidus,1,2,32
Gottin_PP,Megachile.willughbiella,Ononis.spinosa,1,1,32
Gottin_PP,Melanostoma.spec,Achillea.millefolium,2,9,32
Gottin_PP,Syrphus.ribesii,Ononis.spinosa,1,11,32
Gottin_PP,Anthidium.strigatum,Galium.verum,1,2,32
Gottin_PP,Cheilosia.soror,Aegopodium.podagraria,1,1,32
Gottin_PP,Dasysyrphus.tricinctus,Knautia.arvensis,1,1,32
Gottin_PP,Eristalis.pertinax,Centaurea.scabiosa,1,12,32
Gottin_PP,Eristalis.pertinax,Heracleum.sphondylium,1,2,32
Gottin_PP,Lasioglossum.leucopus,Prunella.grandiflora,1,3,32
Gottin_PP,Melanostoma.spec,Taraxacum.officinale,1,3,32
Gottin_PP,Melanostoma.spec,Trifolium.pratense,1,11,32
Gottin_PP,Syrphus.torvus,Rubus.fruticosus,1,3,32
Gottin_PP,Xanthandrus.comtus,Galium.verum,1,1,32
Gottin_PP,Xanthogramma.pedissequum,Galium.verum,1,1,32
Gottin_PP,Bombus.pascuorum,Cirsium.arvense,1,4,32
Gottin_PP,Episyrphus.balteatus,Cichorium.intybus,1,2,32
Gottin_PP,Lasioglossum.calceatum,Thymus.pulegioides,1,11,32
Gottin_PP,Bombus.lapidarius,Origanum.vulgare,1,1,32
Gottin_PP,Bombus.terrestris.agg,Origanum.vulgare,1,1,32
Gottin_PP,Episyrphus.balteatus,Origanum.vulgare,1,1,32
Gottin_PP,Heriades.truncorum,Achillea.millefolium,1,3,32
Gottin_PP,Lasioglossum.leucopus,Pimpinella.saxifraga,1,5,32
Gottin_PP,Megachile.willughbiella,Veronica.teucrium,1,2,32
Gottin_PP,Nomada.flava,Cornus.sanguinea,1,1,32
Gottin_PP,Osmia.bicolor,Veronica.teucrium,1,7,32
Gottin_PP,Psithyrus.bohemicus,Origanum.vulgare,1,1,32
Gottin_PP,Psithyrus.rupestris,Origanum.vulgare,1,1,32
Gottin_PP,Sphaerophoria.spec,Veronica.teucrium,1,9,32
Gottin_PP,Episyrphus.balteatus,Genista.tinctoria,1,5,32
Gottin_PP,Melanostoma.spec,Knautia.arvensis,1,15,32
Gottin_PP,Meliscaeva.cinctella,Knautia.arvensis,1,1,32
Gottin_PP,Osmia.leaiana,Ranunculus.bulbosus,1,2,32
Gottin_PP,Syrphus.vitripennis,Achillea.millefolium,1,21,32
Garraf_HP,Leucospis.dorsigera,Osmia nasoproducta,1,1,25
Garraf_HP,Miltogramma.spp..sp1,Ancistrocerus longispinosus,6,6,25
Garraf_HP,Miltogramma.spp..sp1,Megachile rotundata,2,4,25
Garraf_HP,Anthrax.anthrax,Megachile apicalis,3,5,25
Garraf_HP,Omalus_sp1,Passaloecus gracilis,6,6,25
Garraf_HP,Miltogramma.spp.,Trypoxylon sp.1,1,3,25
Garraf_HP,Anthrax.anthrax,Osmia caerulescens,14,16,25
Garraf_HP,Pteromalidae_sp1,Nitela_fallax,1,1,25
Garraf_HP,Chaetodactylus_sp1,Osmia bicornis,1,1,25
Garraf_HP,Coelyoxis.echinata,Megachile rotundata,3,3,25
Garraf_HP,Sapyga_quinquepunctata,Osmia bicornis,1,1,25
Garraf_HP,Miltogramma.spp.,Ancistrocerus longispinosus,6,7,25
Garraf_HP,Anthrax.anthrax,Ancistrocerus longispinosus,6,13,25
Garraf_HP,Omalus.sp.1,Ancistrocerus longispinosus,1,4,25
Garraf_HP,Omalus.sp.1,Passaloecus gracilis,6,6,25
Garraf_HP,Omalus.sp.1,Trypoxylon sp.1,3,4,25
Garraf_HP,Trichodes_leucopsideus,Megachile rotundata,1,1,25
Garraf_HP,Trichodes_leucopsideus,Solierella sp1,1,1,25
Garraf_HP,Hedycridium_sp1,Solierella compedita,1,1,25
Garraf_HP,Leucospis.dorsigera,Osmia submicans,1,1,25
Garraf_HP,Melittobia.sp..sp1,Ancistrocerus longispinosus,1,3,25
Garraf_HP,Melittobia.sp..sp1,Heriades crenulatus,1,1,25
Garraf_HP,Melittobia.sp..sp1,Solierella compedita,1,1,25
Garraf_HP,Anthrax.anthrax,Heriades crenulatus,3,4,25
Garraf_HP,Anthrax.anthrax,Osmia submicans,7,9,25
Garraf_HP,Chrysis.ignita,Ancistrocerus longispinosus,2,2,25
Garraf_HP,Hedycridium,Solierella compedita,1,1,25
Garraf_HP,Melittobia_sp1,Ancistrocerus longispinosus,1,3,25
Garraf_HP,Anthrax_anthrax,Megachile ericetorum,1,1,25
Garraf_HP,Coelioxys_echinata,Megachile rotundata,2,2,25
Garraf_HP,Hybomischos.sp.1,Auplopus carbonaria,1,1,25
Garraf_HP,Hybomischos.sp.1,Psenulus fuscipennis,1,1,25
Garraf_HP,Anthrax.anthrax,Osmia tricornis,1,1,25
Garraf_HP,Melittobia_sp1,Osmia submicans,2,3,25
Garraf_HP,Chalcis_sp1,Passaloecus gracilis,1,1,25
Garraf_HP,Sapyga_quinquepunctata,Osmia caerulescens,1,3,25
Garraf_HP,Sapyga_quinquepunctata,Osmia submicans,2,2,25
Garraf_HP,Anthrax_anthrax,Osmia bicornis,1,1,25
Garraf_HP,Melittobia_sp1,Osmia tricornis,1,2,25
Garraf_HP,Miltogramma.spp.,Megachile rotundata,1,4,25
Garraf_HP,Gasteruption.sp.1,Chelostoma edentulum ,1,1,25
Garraf_HP,Gasteruption.sp.1,Hylaeus taeniolatus,1,1,25
Garraf_HP,Miltogramma.spp..sp1,Trypoxylon sp1,1,2,25
Garraf_HP,Melittobia.sp.,Passaloecus gracilis,1,1,25
Garraf_HP,Anthrax.anthrax,Chelostoma edentulum ,1,2,25
Garraf_HP,Toxophora_sp1,Ancistrocerus longispinosus,2,2,25
Garraf_HP,Cystomutilla_sp1,Osmia submicans,2,3,25
Garraf_HP,Melittobia.sp..sp1,Auplopus carbonaria,1,1,25
Garraf_HP,Melittobia.sp..sp1,Nitela sp1,1,1,25
Garraf_HP,Caliphoridae.sp..1,Osmia caerulescens,1,1,25
Garraf_HP,Chalcis.sp.1,Osmia caerulescens,1,1,25
Garraf_HP,Omalus.sp.1,Diodontus sp.1,1,1,25
Garraf_HP,Omalus.sp.2,Passaloecus gracilis,1,1,25
Garraf_HP,Melittobia.sp.,Megachile apicalis,1,2,25
Garraf_HP,Melittobia.sp.,Osmia caerulescens,2,3,25
Garraf_HP,Miltogramma.spp.,Osmia caerulescens,2,7,25
Garraf_HP,Cystomutilla_sp1,Megachile rotundata,2,2,25
Garraf_HP,Melittobia.sp.,Ancistrocerus longispinosus,1,3,25
Garraf_HP,Sapyga.quinquepunctata,Hoplitis adunca,1,1,25
Garraf_HP,Sapyga.quinquepunctata,Osmia caerulescens,4,4,25
Garraf_HP,Sapyga.quinquepunctata,Osmia submicans,2,2,25
Garraf_HP,Trichodes.leucopsideus.,Hoplitis adunca,1,1,25
Garraf_HP,Trichodes.leucopsideus.,Megachile apicalis,1,1,25
Garraf_HP,Coelyoxis.echinata,Megachile apicalis,1,1,25
Garraf_HP,Cystomutilla_sp1,Hoplitis adunca,1,1,25
Garraf_HP,Cystomutilla_sp1,Megachile apicalis,1,2,25
Garraf_HP,Chrysura_sp1,Osmia caerulescens,1,1,25
Garraf_HP,Trogoderma_sp1,Megachile rotundata,2,2,25
Garraf_HP,Trichrysis.cyanea,Trypoxylon sp.1,1,1,25
Garraf_HP,Anthrax.anthrax,Trypoxylon sp.1,1,4,25
Garraf_HP,Miltogramma.spp..sp1,Ampulex ruficollis,1,1,25
Garraf_HP,Trogoderma_sp1,Ancistrocerus longispinosus,1,2,25
Garraf_HP,Trogoderma_sp1,Osmia submicans,1,2,25
Garraf_HP,Melittobia.sp..sp1,Osmia caerulescens,1,2,25
Garraf_HP,Melittobia.sp..sp1,Osmia submicans,1,2,25
Garraf_HP,Melittobia.sp..sp1,Psenulus fuscipennis,1,1,25
Garraf_HP,Melittobia.sp..sp1,Trypoxylon sp1,1,1,25
Garraf_HP,Chrisis_ignita,Ancistrocerus longispinosus,2,2,25
Garraf_HP,Trichodes.leucopsideus.,Osmia caerulescens,3,4,25
Garraf_HP,Melittobia_sp1,Megachile rotundata,1,3,25
Garraf_HP,Anthrax_sp2,Heriades crenulatus,1,1,25
Garraf_HP,Meloidae_sp1,Anthidium nigricolle,1,1,25
Garraf_HP,Xorides.sp.1,Ancistrocerus longispinosus,1,1,25
Garraf_HP,Mutillidae_sp1,Ancistrocerus longispinosus,1,1,25
Garraf_HP,Melittobia_sp1,Psenulus fuscipennis,1,2,25
Garraf_HP,Trichodes.leucopsideus.,Nitela fallax,1,1,25
Garraf_HP,Melittobia.sp.,Nitela sp.1,1,1,25
Garraf_HP,Chalcis.sp.1,Nitela sp.1,1,1,25
Garraf_HP,Miltogramma_sp1,Ancistrocerus longispinosus,1,1,25
Garraf_PP,Andrena_angustior_impressa,ROF,13,14,40
Garraf_PP,Andrena_djelfensis,CAL,2,3,40
Garraf_PP,Anthophora_dispar,ROF,7,9,40
Garraf_PP,Apis,ROF,38,39,40
Garraf_PP,Apis,TVUF,35,40,40
Garraf_PP,Apis,TVUH,28,36,40
Garraf_PP,Bibio_sp,ROF,11,11,40
Garraf_PP,Bombus_terrestris,ROF,10,10,40
Garraf_PP,Eristalis_tenax,TVUH,1,1,40
Garraf_PP,Lasioglossum_interruptum,CAL,1,2,40
Garraf_PP,Lasioglossum_malachurum,TVUF,1,1,40
Garraf_PP,Lasioglossum_transitorium_planulum,ROF,17,25,40
Garraf_PP,Mosca_1,TVUH,1,1,40
Garraf_PP,Mosca_7,TVUH,2,3,40
Garraf_PP,Oxythyrea_funesta,CAL,2,3,40
Garraf_PP,Pseudophilotes_panoptes,TVUF,13,18,40
Garraf_PP,Scaeva_albomaculata,ROF,1,1,40
Garraf_PP,Andrena_angustior_impressa,TVUH,1,13,40
Garraf_PP,Andrena_djelfensis,EFL,7,10,40
Garraf_PP,Andrena_fulva,ROF,1,1,40
Garraf_PP,Anthophora_acervorum,ROF,2,3,40
Garraf_PP,Apis,EFL,2,14,40
Garraf_PP,Bombylius_discolor,ROF,3,4,40
Garraf_PP,Empididae,TVUF,12,17,40
Garraf_PP,Lasioglossum_subhirtum,ROF,4,5,40
Garraf_PP,Mosca_9,ROF,3,4,40
Garraf_PP,Mosca_petita_1,ROF,1,1,40
Garraf_PP,Oxythyrea_funesta,ROF,19,27,40
Garraf_PP,Pseudophilotes_panoptes,TVUH,8,17,40
Garraf_PP,Stratyomidae_1,ROF,1,1,40
Garraf_PP,Stratyomidae_2,TVUH,1,1,40
Garraf_PP,Apis,EMU,1,1,40
Garraf_PP,Aplocnemus_calidus,ROF,3,3,40
Garraf_PP,Chalcididae_1,TVUF,1,1,40
Garraf_PP,Chalcididae_3,ROF,1,1,40
Garraf_PP,Chalcididae_3,TVUF,1,1,40
Garraf_PP,Lasioglossum_griseolum,ROF,2,7,40
Garraf_PP,Lasioglossum_interruptum,ROF,4,7,40
Garraf_PP,Megachile_pyrenaica,ROF,1,2,40
Garraf_PP,Mosca_11,ROF,1,1,40
Garraf_PP,Syrphidae_1,ROF,1,2,40
Garraf_PP,Andrena_nigroaenea,ROF,10,16,40
Garraf_PP,Chrysotoxum_cautum,ROF,7,11,40
Garraf_PP,Hylaeus_hyalinatus,TVUF,5,10,40
Garraf_PP,Hylaeus_hyalinatus,TVUH,4,9,40
Garraf_PP,Lasioglossum_transitorium_planulum,TVUF,17,25,40
Garraf_PP,Miridae_2,ROF,1,1,40
Garraf_PP,Sarcophagidae_1,TVUF,3,5,40
Garraf_PP,Chrysotoxum_cautum,EFL,4,5,40
Garraf_PP,Danacea_longiceps,ROF,1,1,40
Garraf_PP,Lobonyx_aeneus,CSA,6,7,40
Garraf_PP,Lobonyx_aeneus,ROF,6,10,40
Garraf_PP,Mosca_petita_2,TVUH,1,1,40
Garraf_PP,Nomada_sheppardana,TVUF,1,1,40
Garraf_PP,Andrena_djelfensis,CSA,2,4,40
Garraf_PP,Epysirphus_balteatus,ROF,1,1,40
Garraf_PP,Lasioglossum_mediterraneum,TVUF,3,6,40
Garraf_PP,Oxythyrea_funesta,CSA,5,9,40
Garraf_PP,Adela_aldrovandella,TVUF,5,12,40
Garraf_PP,Anthophora_dispar,CSP,3,3,40
Garraf_PP,Apis,CSP,1,4,40
Garraf_PP,Calliphoridae_3,TVUF,1,2,40
Garraf_PP,Dasytes_nigroaeneus,ROF,4,9,40
Garraf_PP,Empididae_2,ROF,4,5,40
Garraf_PP,Hylaeus_garrulus,TVUF,3,4,40
Garraf_PP,Lasioglossum_albocinctum,ROF,2,2,40
Garraf_PP,Malthinus,ROF,2,3,40
Garraf_PP,Oxythyrea_funesta,CSP,1,2,40
Garraf_PP,Smaragdina_diversipes,CSP,2,2,40
Garraf_PP,Tachinidae_1,ROF,1,1,40
Garraf_PP,Tropinota_squalida,ROF,3,3,40
Garraf_PP,Tropinota_squalida,TVUF,1,3,40
Garraf_PP,Adela_aldrovandella,TVUH,5,9,40
Garraf_PP,Andrena_djelfensis,BLA,2,3,40
Garraf_PP,Ceratina_cyanea,ROF,1,3,40
Garraf_PP,Chamaesyrphus,HOE,3,6,40
Garraf_PP,Chamaesyrphus,TVUF,3,9,40
Garraf_PP,Hylaeus_hyalinatus,HOE,2,4,40
Garraf_PP,Lasioglossum_ibericum,ROF,1,1,40
Garraf_PP,Nomada_1,TVUF,1,1,40
Garraf_PP,Osmia_rufohirta,FAB,1,1,40
Garraf_PP,Rodanthidium_sticticum,HOE,3,6,40
Garraf_PP,Rodanthidium_sticticum,ROF,5,12,40
Garraf_PP,Sarcophagidae_6,TVUH,2,2,40
Garraf_PP,Sphecodes,ROF,1,1,40
Garraf_PP,Andrena_djelfensis,ROF,3,15,40
Garraf_PP,Chalcididae_4,EFL,1,1,40
Garraf_PP,Empididae,TVUH,7,15,40
Garraf_PP,Euodynerus_bidentoides,TVUH,1,1,40
Garraf_PP,Gymnosoma,EFL,2,2,40
Garraf_PP,Himenòpter_parasitoid,ROF,1,1,40
Garraf_PP,Lasioglossum_soror,ROF,1,1,40
Garraf_PP,Lasioglossum_soror,TVUH,1,1,40
Garraf_PP,Lobonyx_aeneus,TVUH,1,10,40
Garraf_PP,Meligethes_2,ROF,1,1,40
Garraf_PP,Oedemera_flavipes,RGR,1,1,40
Garraf_PP,Oxythyrea_funesta,RGR,1,1,40
Garraf_PP,Sarcophagidae_4,TVUF,5,7,40
Garraf_PP,Andrena_djelfensis,TVUF,4,16,40
Garraf_PP,Andrena_djelfensis,TVUH,4,16,40
Garraf_PP,Andrena_nigroaenea,TVUH,4,15,40
Garraf_PP,Fals_conòpid,TVUF,3,4,40
Garraf_PP,Lasioglossum_griseolum,HOE,1,1,40
Garraf_PP,Chrysotoxum_cautum,TVUH,2,10,40
Garraf_PP,Eucera_nigrilabris,ROF,1,1,40
Garraf_PP,Lasioglossum_transitorium_planulum,TVUH,4,23,40
Garraf_PP,Apis,PRUNUS,1,1,40
Garraf_PP,Chamaesyrphus,ROF,2,9,40
Garraf_PP,Chrysotoxum_intermedium,TVUF,1,1,40
Garraf_PP,Oxythyrea_funesta,PRUNUS,1,1,40
Garraf_PP,Sarcophagidae_1,TVUH,2,5,40
Garraf_PP,Andrena_limata,ROF,1,2,40
Garraf_PP,Andrena_nigroaenea,TVUF,3,16,40
Garraf_PP,Apis,CAL,2,3,40
Garraf_PP,Bruchidius_2,EFL,1,1,40
Garraf_PP,Dasytes_nigroaeneus,EFL,2,6,40
Garraf_PP,Eurydema_oleracea,EFL,1,1,40
Garraf_PP,Lasioglossum_mediterraneum,ROF,2,6,40
Garraf_PP,Malthinus,EFL,2,2,40
Garraf_PP,Scatophagidae..,ROF,1,2,40
Garraf_PP,Andrena_nigroaenea,CSA,2,5,40
Garraf_PP,Anthrenus_1,ECH,1,2,40
Garraf_PP,Ceratina_cyanea,TVUF,1,3,40
Garraf_PP,Chrysotoxum_cautum,TVUF,2,11,40
Garraf_PP,Halictus_smaragdalus,ROF,2,3,40
Garraf_PP,Leptidea_sinapis,ROF,1,1,40
Garraf_PP,Mordellistena_1,BLA,1,1,40
Garraf_PP,Oedemera_flavipes,TVUH,1,3,40
Garraf_PP,Oxythyrea_funesta,ECH,1,1,40
Garraf_PP,Rodanthidium_sticticum,OLA,5,6,40
Garraf_PP,Andrena_vulpecula,HOE,2,2,40
Garraf_PP,Chrysura_dichroa,UMBE,1,1,40
Garraf_PP,Ichneumonidae_6,TVUH,2,3,40
Garraf_PP,Lasioglossum_interruptum,OLA,1,2,40
Garraf_PP,Lasioglossum_interruptum,TVUF,2,7,40
Garraf_PP,Mosca_3,TVUH,1,4,40
Garraf_PP,Polistes_gallicus,EFL,1,1,40
Garraf_PP,Adela_aldrovandella,ROF,6,12,40
Garraf_PP,Anaspis,EFL,1,3,40
Garraf_PP,Bombus_pascuorum,ROF,1,1,40
Garraf_PP,Chamaesyrphus,TVUH,2,9,40
Garraf_PP,Dasytes_nigroaeneus,HOE,1,2,40
Garraf_PP,Escarabat_2,EFL,1,1,40
Garraf_PP,Heteropter_marró_sense_punts,EFL,1,1,40
Garraf_PP,Mosca_mitjana.gran_1,TVUH,1,1,40
Garraf_PP,Osmia_rufohirta,TVUF,1,3,40
Garraf_PP,Syritta_pipiens,EFL,1,1,40
Garraf_PP,Braconidae,TVUF,1,1,40
Garraf_PP,Euodynerus_bidentoides,TVUF,1,2,40
Garraf_PP,Gasteruption_1,TVUF,1,1,40
Garraf_PP,Hylaeus_sp_1,TVUF,1,1,40
Garraf_PP,Lasioglossum_transitorium_planulum,FLA,1,4,40
Garraf_PP,Andrena_djelfensis,HOE,2,7,40
Garraf_PP,Andrena_limata,EFL,1,2,40
Garraf_PP,Anthrenus_1,EFL,2,2,40
Garraf_PP,Chamaesyrphus,EFL,1,2,40
Garraf_PP,Dipter_gran_1,EFL,1,1,40
Garraf_PP,Eumenes_coarctatus,TVUF,2,2,40
Garraf_PP,Halictus_quadricinctus,TVUF,1,1,40
Garraf_PP,Lasioglossum_bimaculatum,TVUF,2,4,40
Garraf_PP,Lasioglossum_subhirtum,TVUF,2,5,40
Garraf_PP,Mordellistena_1,EFL,1,1,40
Garraf_PP,Mosca_14,ROF,2,2,40
Garraf_PP,Mosca_9,ECH,2,2,40
Garraf_PP,Mosca_mitjana_1,TVUF,2,2,40
Garraf_PP,Mosca_prima_1,ROF,1,1,40
Garraf_PP,Mosca_taques_ales_1,EFL,1,1,40
Garraf_PP,Sarcophagidae_4,EFL,1,4,40
Garraf_PP,Sarcophagidae_4,ROF,2,7,40
Garraf_PP,Ceratina_cyanea,AMO,1,1,40
Garraf_PP,Clanoptilus_abdominalis,ROF,4,6,40
Garraf_PP,Cryptocephalus_ramburi,AMO,1,1,40
Garraf_PP,Diodontus,TVUH,1,1,40
Garraf_PP,Ichneumonidae_6,ROF,1,3,40
Garraf_PP,Lasioglossum_transitorium_planulum,HOE,2,6,40
Garraf_PP,Microhoria_plumbea,HOE,2,2,40
Garraf_PP,Microlepidoptera,ROF,1,5,40
Garraf_PP,Mosca_15,ROF,2,2,40
Garraf_PP,Mosca_19,ROF,1,1,40
Garraf_PP,Osmia_rufohirta,HOE,1,3,40
Garraf_PP,Oxythyrea_funesta,AMO,1,2,40
Garraf_PP,Pompilidae,ROF,1,1,40
Garraf_PP,Symphyta,ROF,1,1,40
Garraf_PP,Tachinidae_2,ROF,1,1,40
Garraf_PP,Anthophora_acervorum,FLA,1,1,40
Garraf_PP,Bombylius_cruciatus,ROF,1,1,40
Garraf_PP,Chalcididae_5,TVUF,1,1,40
Garraf_PP,Chamaesyrphus,FLA,1,2,40
Garraf_PP,Dipter_molt_llarg._mes_que_apis._ales_fosques._grisos,ROF,1,1,40
Garraf_PP,Escarabat_rodonet_com_una_marieta_però_blau,HOE,1,1,40
Garraf_PP,Halictus_smaragdalus,HOE,1,1,40
Garraf_PP,Lasioglossum_bimaculatum,ROF,2,4,40
Garraf_PP,Oedemera_flavipes,BLA,1,2,40
Garraf_PP,Oedemera_flavipes,POT,1,1,40
Garraf_PP,Oedemera_flavipes,ROF,1,3,40
Garraf_PP,Andrena_lepida,TVUF,2,3,40
Garraf_PP,Escarabat_petit_1,FLA,1,1,40
Garraf_PP,Lasioglossum_griseolum,OLA,1,2,40
Garraf_PP,Nomada_succinta,TVUF,2,3,40
Garraf_PP,Adela_aldrovandella,BLA,1,4,40
Garraf_PP,Andrena_lepida,EFL,1,2,40
Garraf_PP,Andrena_nana,BLA,1,1,40
Garraf_PP,Anthaxia,BLA,1,1,40
Garraf_PP,Anthaxia,HOE,1,1,40
Garraf_PP,Calliphoridae_3,ROF,1,2,40
Garraf_PP,Empididae,EFL,2,8,40
Garraf_PP,Empididae,HOE,2,5,40
Garraf_PP,Lasioglossum_bimaculatum,HOE,1,3,40
Garraf_PP,Mecoptera,ROF,1,1,40
Garraf_PP,Mosca_15,ECH,2,2,40
Garraf_PP,Osmia_gallarum,ROF,1,1,40
Garraf_PP,Sarcophagidae_1,EFL,1,1,40
Garraf_PP,Sarcophagidae_1,ROF,1,5,40
Garraf_PP,Scatophagidae..,ECH,1,1,40
Garraf_PP,Syrphidae_1,ECH,1,1,40
Garraf_PP,Anthrenus_2,EFL,1,1,40
Garraf_PP,Apis,HOE,1,12,40
Garraf_PP,Callophrys_rubi,ROF,1,1,40
Garraf_PP,Pieris_rapae,ROF,1,1,40
Garraf_PP,Anthaxia,TVUH,1,2,40
Garraf_PP,Lasioglossum_griseolum,TVUF,2,7,40
Garraf_PP,Oxythyrea_funesta,TVUH,1,24,40
Garraf_PP,Megachile_pyrenaica,LIN,1,1,40
Garraf_PP,Sarcophagidae_2,TVUH,1,1,40
Garraf_PP,Chalcididae_6,EFL,1,1,40
Garraf_PP,Dasytes_nigroaeneus,TVUH,1,9,40
Garraf_PP,Dipter_2,EFL,1,1,40
Garraf_PP,Meligethes_aeneus,TVUF,2,3,40
Garraf_PP,Mosca_petita_3,ROF,1,1,40
Garraf_PP,Bruchidius_1,EFL,1,1,40
Garraf_PP,Butterfly,TVUH,1,1,40
Garraf_PP,Mosca_14,ECH,1,2,40
Garraf_PP,Nomada_flavoguttata,TVUF,2,2,40
Garraf_PP,Syrphidae_2,EFL,1,1,40
Garraf_PP,Anthrenus_1,CSA,2,3,40
Garraf_PP,Coleòpter_vermell_gruixut,CSA,1,1,40
Garraf_PP,Conòpid_llarg_vermell,ROF,1,1,40
Garraf_PP,Lasioglossum_griseolum,TVUH,2,7,40
Garraf_PP,Mosca_9,TVUF,1,5,40
Garraf_PP,Moth_1,TVUH,1,1,40
Garraf_PP,Attalus_pictus,ROF,1,1,40
Garraf_PP,Dipter_blanc,OLA,1,1,40
Garraf_PP,Mosca_3,ROF,2,4,40
Garraf_PP,Sarcophagidae_5,TVUF,4,4,40
Garraf_PP,Apis,CSA,4,10,40
Garraf_PP,Bombylius_discolor,TVUF,1,4,40
Garraf_PP,Clanoptilus_abdominalis,CSA,2,3,40
Garraf_PP,Merodon,TVUH,1,1,40
Garraf_PP,Anthrenus_2,CSA,1,1,40
Garraf_PP,Dasytes_nigroaeneus,CSA,1,4,40
Garraf_PP,Dipter_elipse_1,CSA,1,1,40
Garraf_PP,Empididae,CSA,1,6,40
Garraf_PP,Lasioglossum_transitorium_planulum,CSA,1,7,40
Garraf_PP,Mordellistena_1,CSA,1,2,40
Garraf_PP,Mosca_16,TVUF,2,2,40
Garraf_PP,Adela_aldrovandella,DPE,1,1,40
Garraf_PP,Anaspis,AMO,1,1,40
Garraf_PP,Anthophora_acervorum,HOE,1,2,40
Garraf_PP,Anthophora_acervorum,TVUF,1,3,40
Garraf_PP,Gonopteryx_cleopatra,AMO,1,1,40
Garraf_PP,Halictus_tetrazonius,TVUH,3,3,40
Garraf_PP,Hylaeus_garrulus,DPE,1,1,40
Garraf_PP,Lasioglossum_interruptum,TVUH,2,7,40
Garraf_PP,Lasioglossum_mediterraneum,TVUH,3,6,40
Garraf_PP,Lobonyx_aeneus,TVUF,1,10,40
Garraf_PP,Microlepidoptera,TVUF,4,5,40
Garraf_PP,Microlepidoptera,TVUH,4,5,40
Garraf_PP,Miridae_3,HOE,1,1,40
Garraf_PP,Mosca_8,TVUF,1,1,40
Garraf_PP,Paragus_tibialis,TVUF,1,2,40
Garraf_PP,Paragus_tibialis,TVUH,1,2,40
Garraf_PP,Pseudophilotes_panoptes,HOE,1,6,40
Garraf_PP,Rodanthidium_sticticum,TVUF,1,12,40
Garraf_PP,Sarcophagidae_3,TVUH,1,1,40
Garraf_PP,Sarcophagidae_4,TVUH,2,7,40
Garraf_PP,Anaspis,HOE,1,3,40
Garraf_PP,Clytra_quadripunctata,HOE,1,1,40
Garraf_PP,Eristalinus_aeneus,TVUF,1,1,40
Garraf_PP,Himenopter_molt_petit,HOE,1,1,40
Garraf_PP,Meligethes_aeneus,EFL,1,2,40
Garraf_PP,Mosca_normal_1,TVUF,1,1,40
Garraf_PP,Musca_1,TVUF,1,1,40
Garraf_PP,Paragus_tibialis,HOE,1,2,40
Garraf_PP,Platynochaetus_setosus,TVUH,1,1,40
Garraf_PP,Stratyomidae_3,TVUH,1,1,40
Garraf_PP,Empididae_2,TVUF,1,5,40
Garraf_PP,Fals_conòpid,TVUH,2,4,40
Garraf_PP,Mosca_3,TVUF,1,4,40
Garraf_PP,Polistes_gallicus,TVUF,1,2,40
Garraf_PP,Sarcophagidae_5,TVUH,1,4,40
Garraf_PP,Anaspis,ESE,1,1,40
Garraf_PP,Anaspis,SHI,1,1,40
Garraf_PP,Andrena_nana,TVUF,2,3,40
Garraf_PP,Andrena_nana,TVUH,1,3,40
Garraf_PP,Bombylius_sp_1,ROF,1,1,40
Garraf_PP,Bruchid_2,CAL,1,1,40
Garraf_PP,Chrysotoxum_cautum,ESE,1,1,40
Garraf_PP,Clanoptilus_abdominalis,CAL,1,1,40
Garraf_PP,Clanoptilus_abdominalis,ESE,1,1,40
Garraf_PP,Coleoptera_3,EFL,1,1,40
Garraf_PP,Dasytes_nigroaeneus,CAL,1,2,40
Garraf_PP,Fals_conòpid,EFL,1,1,40
Garraf_PP,Mosca_17,TVUH,1,2,40
Garraf_PP,Mosca_20,TVUH,1,1,40
Garraf_PP,Mosca_7,TVUF,2,3,40
Garraf_PP,Pterophoridae,TVUH,1,1,40
Garraf_PP,Andrena_nana,CSA,1,2,40
Garraf_PP,Anthrenus_3,CSA,1,1,40
Garraf_PP,Conophorus,TVUH,1,1,40
Garraf_PP,Lasioglossum_griseolum,FLA,2,3,40
Garraf_PP,Lucilia,TVUH,1,1,40
Garraf_PP,Mosca_16,TVUH,1,2,40
Garraf_PP,Mosca_17,TVUF,1,2,40
Garraf_PP,Mosca_18,TVUF,1,1,40
Garraf_PP,Nomada_succinta,TVUH,1,3,40
Garraf_PP,Rodanthidium_sticticum,AZA,1,1,40
Garraf_PP,Rodanthidium_sticticum,FLA,1,3,40
Garraf_PP,Vespa_parasita_negra_potes_taronja,TVUF,1,1,40
Garraf_PP,Apis,FLA,1,5,40
Garraf_PP,Lasioglossum_mediterraneum,CSA,1,3,40
Garraf_PP,Tropinota_squalida,CSA,1,2,40
Garraf_PP,Hadrodemus_m.flavum,TVUH,1,1,40
Garraf_PP,Meligethes_aeneus,TVUH,1,3,40
Garraf_PP,Miridae_1,ROF,1,1,40
Garraf_PP,Mosca_poc_peluda_1,ROF,1,1,40
Garraf_PP2,Trypoxylon.sp1,Euphorbia.flavicoma,10,10,21
Garraf_PP2,Tropinota.squalida,Cistus.albidus,2,2,21
Garraf_PP2,Tropinota.squalida,Cistus.salviifolius,3,3,21
Garraf_PP2,Tropinota.squalida,Rosmarinus.officinalis,8,8,21
Garraf_PP2,Tropinota.squalida,Thymus.vulgaris,7,7,21
Garraf_PP2,Tropinota.sp1,Cistus.albidus,4,4,21
Garraf_PP2,Tropinota.sp1,Cistus.salviifolius,9,9,21
Garraf_PP2,Tropinota.sp1,Rosmarinus.officinalis,20,20,21
Garraf_PP2,Tropinota.sp1,Thymus.vulgaris,18,18,21
Garraf_PP2,Sphecodes.pseudofasciatus,Cistus.salviifolius,1,1,21
Garraf_PP2,Sphecodes.pseudofasciatus,Euphorbia.flavicoma,1,1,21
Garraf_PP2,Rhodanthidium.sticticum,Cistus.albidus,4,4,21
Garraf_PP2,Rhodanthidium.sticticum,Cistus.salviifolius,9,9,21
Garraf_PP2,Rhodanthidium.sticticum,Euphorbia.flavicoma,10,10,21
Garraf_PP2,Rhodanthidium.sticticum,Gladiolus.illyricus,14,14,21
Garraf_PP2,Rhodanthidium.sticticum,Rosmarinus.officinalis,21,21,21
Garraf_PP2,Rhodanthidium.sticticum,Thymus.vulgaris,19,19,21
Garraf_PP2,Rhodanthidium.septemdentatum,Cistus.albidus,4,4,21
Garraf_PP2,Rhodanthidium.septemdentatum,Cistus.salviifolius,9,9,21
Garraf_PP2,Rhodanthidium.septemdentatum,Gladiolus.illyricus,14,14,21
Garraf_PP2,Rhodanthidium.septemdentatum,Thymus.vulgaris,19,19,21
Garraf_PP2,Pyronia.bathseba,Cistus.albidus,4,4,21
Garraf_PP2,Pyronia.bathseba,Rosmarinus.officinalis,21,21,21
Garraf_PP2,Pyronia.bathseba,Thymus.vulgaris,19,19,21
Garraf_PP2,Psilothrix.viridicoerulea,Cistus.albidus,3,3,21
Garraf_PP2,Polistes.dominulus,Cistus.albidus,4,4,21
Garraf_PP2,Polistes.dominulus,Cistus.salviifolius,8,8,21
Garraf_PP2,Polistes.dominulus,Euphorbia.flavicoma,9,9,21
Garraf_PP2,Polistes.dominulus,Rosmarinus.officinalis,18,18,21
Garraf_PP2,Polistes.dominulus,Thymus.vulgaris,16,16,21
Garraf_PP2,Platynochaetus.setosus,Cistus.albidus,4,4,21
Garraf_PP2,Platynochaetus.setosus,Cistus.salviifolius,8,8,21
Garraf_PP2,Platynochaetus.setosus,Euphorbia.flavicoma,8,8,21
Garraf_PP2,Platynochaetus.setosus,Rosmarinus.officinalis,17,17,21
Garraf_PP2,Platynochaetus.setosus,Thymus.vulgaris,15,15,21
Garraf_PP2,Pieris.rapae,Rosmarinus.officinalis,1,1,21
Garraf_PP2,Pieris.rapae,Thymus.vulgaris,1,1,21
Garraf_PP2,Oxythyrea.funesta,Aphyllanthes.monspeliensis,16,16,21
Garraf_PP2,Oxythyrea.funesta,Cistus.albidus,4,4,21
Garraf_PP2,Oxythyrea.funesta,Cistus.salviifolius,9,9,21
Garraf_PP2,Oxythyrea.funesta,Rosmarinus.officinalis,21,21,21
Garraf_PP2,Oxythyrea.funesta,Thymus.vulgaris,19,19,21
Garraf_PP2,Osmia.rufohirta,Cistus.albidus,4,4,21
Garraf_PP2,Osmia.rufohirta,Cistus.salviifolius,9,9,21
Garraf_PP2,Osmia.rufohirta,Fumana.laevipes,6,6,21
Garraf_PP2,Osmia.rufohirta,Gladiolus.illyricus,13,13,21
Garraf_PP2,Osmia.rufohirta,Thymus.vulgaris,17,17,21
Garraf_PP2,Osmia.gallarum,Cistus.albidus,3,3,21
Garraf_PP2,Osmia.gallarum,Cistus.salviifolius,6,6,21
Garraf_PP2,Osmia.gallarum,Euphorbia.flavicoma,5,5,21
Garraf_PP2,Osmia.gallarum,Rosmarinus.officinalis,8,8,21
Garraf_PP2,Osmia.gallarum,Thymus.vulgaris,8,8,21
Garraf_PP2,Oedemera.flavipes,Cistus.albidus,4,4,21
Garraf_PP2,Oedemera.flavipes,Cistus.salviifolius,9,9,21
Garraf_PP2,Oedemera.flavipes,Euphorbia.flavicoma,10,10,21
Garraf_PP2,Oedemera.flavipes,Gladiolus.illyricus,14,14,21
Garraf_PP2,Oedemera.flavipes,Rosmarinus.officinalis,21,21,21
Garraf_PP2,Oedemera.flavipes,Thymus.vulgaris,19,19,21
Garraf_PP2,Nomada.sheppardana,Cistus.salviifolius,4,4,21
Garraf_PP2,Nomada.sheppardana,Thymus.vulgaris,7,7,21
Garraf_PP2,Mordellistena.sp4,Cistus.albidus,3,3,21
Garraf_PP2,Mordellistena.sp4,Cistus.salviifolius,5,5,21
Garraf_PP2,Mordellistena.sp1,Cistus.albidus,4,4,21
Garraf_PP2,Mordellistena.sp1,Cistus.salviifolius,9,9,21
Garraf_PP2,Mordellistena.sp1,Rosmarinus.officinalis,21,21,21
Garraf_PP2,Minoa.murinata,Euphorbia.flavicoma,5,5,21
Garraf_PP2,Minoa.murinata,Thymus.vulgaris,8,8,21
Garraf_PP2,Merodon.funestus,Cistus.albidus,3,3,21
Garraf_PP2,Merodon.funestus,Cistus.salviifolius,8,8,21
Garraf_PP2,Merodon.funestus,Euphorbia.flavicoma,9,9,21
Garraf_PP2,Merodon.funestus,Thymus.vulgaris,17,17,21
Garraf_PP2,Meligethes.sp1,Cistus.albidus,4,4,21
Garraf_PP2,Meligethes.sp1,Cistus.salviifolius,9,9,21
Garraf_PP2,Meligethes.sp1,Euphorbia.flavicoma,10,10,21
Garraf_PP2,Meligethes.sp1,Rosmarinus.officinalis,21,21,21
Garraf_PP2,Meligethes.sp1,Thymus.vulgaris,19,19,21
Garraf_PP2,Megachile.pyrenaica,Cistus.albidus,2,2,21
Garraf_PP2,Megachile.pyrenaica,Rosmarinus.officinalis,11,11,21
Garraf_PP2,Megachile.pyrenaica,Thymus.vulgaris,9,9,21
Garraf_PP2,Lobonyx.aeneus,Cistus.albidus,4,4,21
Garraf_PP2,Lobonyx.aeneus,Cistus.salviifolius,9,9,21
Garraf_PP2,Lobonyx.aeneus,Gladiolus.illyricus,14,14,21
Garraf_PP2,Lobonyx.aeneus,Rosmarinus.officinalis,21,21,21
Garraf_PP2,Lobonyx.aeneus,Thymus.vulgaris,19,19,21
Garraf_PP2,Lasioglossum.transitorium,Cistus.albidus,4,4,21
Garraf_PP2,Lasioglossum.transitorium,Cistus.salviifolius,9,9,21
Garraf_PP2,Lasioglossum.transitorium,Euphorbia.flavicoma,10,10,21
Garraf_PP2,Lasioglossum.transitorium,Fumana.laevipes,7,7,21
Garraf_PP2,Lasioglossum.transitorium,Gladiolus.illyricus,14,14,21
Garraf_PP2,Lasioglossum.transitorium,Rosmarinus.officinalis,21,21,21
Garraf_PP2,Lasioglossum.transitorium,Thymus.vulgaris,19,19,21
Garraf_PP2,Lasioglossum.subhirtum,Cistus.albidus,4,4,21
Garraf_PP2,Lasioglossum.subhirtum,Cistus.salviifolius,9,9,21
Garraf_PP2,Lasioglossum.subhirtum,Euphorbia.flavicoma,10,10,21
Garraf_PP2,Lasioglossum.subhirtum,Gladiolus.illyricus,14,14,21
Garraf_PP2,Lasioglossum.subhirtum,Rosmarinus.officinalis,21,21,21
Garraf_PP2,Lasioglossum.subhirtum,Thymus.vulgaris,19,19,21
Garraf_PP2,Lasioglossum.morio,Cistus.albidus,3,3,21
Garraf_PP2,Lasioglossum.morio,Cistus.salviifolius,4,4,21
Garraf_PP2,Lasioglossum.morio,Euphorbia.flavicoma,5,5,21
Garraf_PP2,Lasioglossum.morio,Fumana.laevipes,3,3,21
Garraf_PP2,Lasioglossum.morio,Gladiolus.illyricus,7,7,21
Garraf_PP2,Lasioglossum.morio,Rosmarinus.officinalis,7,7,21
Garraf_PP2,Lasioglossum.morio,Thymus.vulgaris,7,7,21
Garraf_PP2,Lasioglossum.mediterraneum,Cistus.albidus,3,3,21
Garraf_PP2,Lasioglossum.mediterraneum,Cistus.salviifolius,6,6,21
Garraf_PP2,Lasioglossum.mediterraneum,Euphorbia.flavicoma,5,5,21
Garraf_PP2,Lasioglossum.mediterraneum,Gladiolus.illyricus,10,10,21
Garraf_PP2,Lasioglossum.mediterraneum,Rosmarinus.officinalis,13,13,21
Garraf_PP2,Lasioglossum.mediterraneum,Thymus.vulgaris,11,11,21
Garraf_PP2,Lasioglossum.malachurum,Cistus.albidus,4,4,21
Garraf_PP2,Lasioglossum.malachurum,Cistus.salviifolius,9,9,21
Garraf_PP2,Lasioglossum.malachurum,Euphorbia.flavicoma,10,10,21
Garraf_PP2,Lasioglossum.malachurum,Gladiolus.illyricus,14,14,21
Garraf_PP2,Lasioglossum.malachurum,Rosmarinus.officinalis,21,21,21
Garraf_PP2,Lasioglossum.malachurum,Thymus.vulgaris,19,19,21
Garraf_PP2,Lasioglossum.interruptum,Cistus.albidus,1,1,21
Garraf_PP2,Lasioglossum.interruptum,Cistus.salviifolius,2,2,21
Garraf_PP2,Lasioglossum.interruptum,Euphorbia.flavicoma,1,1,21
Garraf_PP2,Lasioglossum.interruptum,Gladiolus.illyricus,1,1,21
Garraf_PP2,Lasioglossum.interruptum,Rosmarinus.officinalis,2,2,21
Garraf_PP2,Lasioglossum.interruptum,Thymus.vulgaris,2,2,21
Garraf_PP2,Lasioglossum.griseolum,Cistus.albidus,4,4,21
Garraf_PP2,Lasioglossum.griseolum,Cistus.salviifolius,8,8,21
Garraf_PP2,Lasioglossum.griseolum,Euphorbia.flavicoma,8,8,21
Garraf_PP2,Lasioglossum.griseolum,Fumana.laevipes,6,6,21
Garraf_PP2,Lasioglossum.griseolum,Gladiolus.illyricus,12,12,21
Garraf_PP2,Lasioglossum.griseolum,Rosmarinus.officinalis,16,16,21
Garraf_PP2,Lasioglossum.griseolum,Thymus.vulgaris,15,15,21
Garraf_PP2,Lasioglossum.bimaculatum,Cistus.albidus,3,3,21
Garraf_PP2,Lasioglossum.bimaculatum,Cistus.salviifolius,7,7,21
Garraf_PP2,Lasioglossum.bimaculatum,Euphorbia.flavicoma,8,8,21
Garraf_PP2,Lasioglossum.bimaculatum,Gladiolus.illyricus,11,11,21
Garraf_PP2,Lasioglossum.bimaculatum,Rosmarinus.officinalis,18,18,21
Garraf_PP2,Lasioglossum.bimaculatum,Thymus.vulgaris,16,16,21
Garraf_PP2,Lasioglossum.albocinctum,Cistus.albidus,3,3,21
Garraf_PP2,Lasioglossum.albocinctum,Cistus.salviifolius,7,7,21
Garraf_PP2,Lasioglossum.albocinctum,Euphorbia.flavicoma,9,9,21
Garraf_PP2,Lasioglossum.albocinctum,Gladiolus.illyricus,12,12,21
Garraf_PP2,Lasioglossum.albocinctum,Rosmarinus.officinalis,19,19,21
Garraf_PP2,Hylaeus.taeniolatus,Cistus.albidus,2,2,21
Garraf_PP2,Hylaeus.taeniolatus,Cistus.salviifolius,2,2,21
Garraf_PP2,Hylaeus.taeniolatus,Gladiolus.illyricus,2,2,21
Garraf_PP2,Hylaeus.taeniolatus,Rosmarinus.officinalis,3,3,21
Garraf_PP2,Hylaeus.hyalinatus,Cistus.albidus,2,2,21
Garraf_PP2,Hylaeus.hyalinatus,Cistus.salviifolius,5,5,21
Garraf_PP2,Hylaeus.hyalinatus,Euphorbia.flavicoma,6,6,21
Garraf_PP2,Hylaeus.hyalinatus,Gladiolus.illyricus,7,7,21
Garraf_PP2,Hylaeus.hyalinatus,Rosmarinus.officinalis,11,11,21
Garraf_PP2,Hylaeus.hyalinatus,Thymus.vulgaris,10,10,21
Garraf_PP2,Hylaeus.gibbus,Cistus.albidus,1,1,21
Garraf_PP2,Hylaeus.garrulus,Thymus.vulgaris,10,10,21
Garraf_PP2,Halictus.scabiosae,Cistus.albidus,3,3,21
Garraf_PP2,Halictus.scabiosae,Cistus.salviifolius,6,6,21
Garraf_PP2,Halictus.fulvipes,Cistus.albidus,2,2,21
Garraf_PP2,Halictus.fulvipes,Rosmarinus.officinalis,4,4,21
Garraf_PP2,Halictus.fulvipes,Thymus.vulgaris,4,4,21
Garraf_PP2,Eupeodes.corollae,Cistus.salviifolius,2,2,21
Garraf_PP2,Eupeodes.corollae,Euphorbia.flavicoma,2,2,21
Garraf_PP2,Eupeodes.corollae,Rosmarinus.officinalis,2,2,21
Garraf_PP2,Eupeodes.corollae,Thymus.vulgaris,2,2,21
Garraf_PP2,Eumerus.argyropus,Aphyllanthes.monspeliensis,16,16,21
Garraf_PP2,Eumerus.argyropus,Cistus.albidus,4,4,21
Garraf_PP2,Eumerus.argyropus,Cistus.salviifolius,9,9,21
Garraf_PP2,Eumerus.argyropus,Euphorbia.flavicoma,10,10,21
Garraf_PP2,Eucera.collaris,Cistus.albidus,2,2,21
Garraf_PP2,Eucera.collaris,Cistus.salviifolius,4,4,21
Garraf_PP2,Eucera.collaris,Rosmarinus.officinalis,9,9,21
Garraf_PP2,Dasytes.nigroaeneus,Cistus.albidus,4,4,21
Garraf_PP2,Dasytes.nigroaeneus,Cistus.salviifolius,9,9,21
Garraf_PP2,Dasytes.nigroaeneus,Euphorbia.flavicoma,10,10,21
Garraf_PP2,Dasytes.nigroaeneus,Gladiolus.illyricus,14,14,21
Garraf_PP2,Dasytes.nigroaeneus,Rosmarinus.officinalis,21,21,21
Garraf_PP2,Dasytes.nigroaeneus,Thymus.vulgaris,19,19,21
Garraf_PP2,Danacea.longiceps,Cistus.albidus,4,4,21
Garraf_PP2,Danacea.longiceps,Cistus.salviifolius,9,9,21
Garraf_PP2,Danacea.longiceps,Rosmarinus.officinalis,21,21,21
Garraf_PP2,Clytus.rhamni,Cistus.salviifolius,9,9,21
Garraf_PP2,Chrysotoxum.cautum,Euphorbia.flavicoma,7,7,21
Garraf_PP2,Chrysotoxum.cautum,Rosmarinus.officinalis,15,15,21
Garraf_PP2,Chrysotoxum.cautum,Thymus.vulgaris,14,14,21
Garraf_PP2,Ceratina.cucurbitina,Cistus.albidus,3,3,21
Garraf_PP2,Ceratina.cucurbitina,Gladiolus.illyricus,4,4,21
Garraf_PP2,Ceratina.cucurbitina,Rosmarinus.officinalis,7,7,21
Garraf_PP2,Ceratina.cucurbitina,Thymus.vulgaris,5,5,21
Garraf_PP2,Bombus.terrestris,Cistus.albidus,4,4,21
Garraf_PP2,Bombus.terrestris,Cistus.salviifolius,9,9,21
Garraf_PP2,Bombus.terrestris,Gladiolus.illyricus,14,14,21
Garraf_PP2,Bombus.terrestris,Rosmarinus.officinalis,21,21,21
Garraf_PP2,Bombus.terrestris,Thymus.vulgaris,19,19,21
Garraf_PP2,Aplocnemus.calidus,Cistus.albidus,4,4,21
Garraf_PP2,Aplocnemus.calidus,Cistus.salviifolius,9,9,21
Garraf_PP2,Aplocnemus.calidus,Euphorbia.flavicoma,9,9,21
Garraf_PP2,Aplocnemus.calidus,Gladiolus.illyricus,14,14,21
Garraf_PP2,Aplocnemus.calidus,Rosmarinus.officinalis,19,19,21
Garraf_PP2,Aplocnemus.calidus,Thymus.vulgaris,18,18,21
Garraf_PP2,Apis.mellifera,Cistus.albidus,4,4,21
Garraf_PP2,Apis.mellifera,Cistus.salviifolius,9,9,21
Garraf_PP2,Apis.mellifera,Euphorbia.flavicoma,10,10,21
Garraf_PP2,Apis.mellifera,Gladiolus.illyricus,14,14,21
Garraf_PP2,Apis.mellifera,Rosmarinus.officinalis,21,21,21
Garraf_PP2,Apis.mellifera,Thymus.vulgaris,19,19,21
Garraf_PP2,Anthrenus.sp1,Cistus.albidus,1,1,21
Garraf_PP2,Anthrenus.sp1,Cistus.salviifolius,3,3,21
Garraf_PP2,Anthophora.dispar,Rosmarinus.officinalis,19,19,21
Garraf_PP2,Anthophora.dispar,Thymus.vulgaris,17,17,21
Garraf_PP2,Anthophora.acervorum,Cistus.albidus,4,4,21
Garraf_PP2,Anthophora.acervorum,Cistus.salviifolius,5,5,21
Garraf_PP2,Anthophora.acervorum,Gladiolus.illyricus,5,5,21
Garraf_PP2,Anthophora.acervorum,Rosmarinus.officinalis,8,8,21
Garraf_PP2,Anthophora.acervorum,Thymus.vulgaris,7,7,21
Garraf_PP2,Anthaxia.spinolae,Cistus.albidus,4,4,21
Garraf_PP2,Anthaxia.spinolae,Cistus.salviifolius,9,9,21
Garraf_PP2,Anthaxia.scutullaris,Cistus.albidus,4,4,21
Garraf_PP2,Anthaxia.scutullaris,Cistus.salviifolius,9,9,21
Garraf_PP2,Anthaxia.scutullaris,Thymus.vulgaris,18,18,21
Garraf_PP2,Anthaxia.millefolii,Cistus.albidus,4,4,21
Garraf_PP2,Anthaxia.millefolii,Cistus.salviifolius,9,9,21
Garraf_PP2,Andrena.vulpecula,Cistus.albidus,2,2,21
Garraf_PP2,Andrena.vulpecula,Cistus.salviifolius,3,3,21
Garraf_PP2,Andrena.senecionis,Cistus.salviifolius,9,9,21
Garraf_PP2,Andrena.senecionis,Euphorbia.flavicoma,10,10,21
Garraf_PP2,Andrena.senecionis,Rosmarinus.officinalis,21,21,21
Garraf_PP2,Andrena.senecionis,Thymus.vulgaris,19,19,21
Garraf_PP2,Andrena.nigroaenea,Cistus.albidus,4,4,21
Garraf_PP2,Andrena.nigroaenea,Cistus.salviifolius,9,9,21
Garraf_PP2,Andrena.nigroaenea,Euphorbia.flavicoma,10,10,21
Garraf_PP2,Andrena.nigroaenea,Rosmarinus.officinalis,21,21,21
Garraf_PP2,Andrena.nigroaenea,Thymus.vulgaris,19,19,21
Garraf_PP2,Andrena.lepida,Euphorbia.flavicoma,8,8,21
Garraf_PP2,Andrena.lepida,Thymus.vulgaris,14,14,21
Garraf_PP2,Andrena.flavipes,Rosmarinus.officinalis,7,7,21
Garraf_PP2,Andrena.djelfensis,Cistus.albidus,4,4,21
Garraf_PP2,Andrena.djelfensis,Cistus.salviifolius,9,9,21
Garraf_PP2,Andrena.djelfensis,Euphorbia.flavicoma,10,10,21
Garraf_PP2,Andrena.djelfensis,Rosmarinus.officinalis,21,21,21
Garraf_PP2,Andrena.djelfensis,Thymus.vulgaris,19,19,21
Garraf_PP2,Andrena.angustior,Cistus.salviifolius,4,4,21
Garraf_PP2,Andrena.angustior,Rosmarinus.officinalis,9,9,21
Garraf_PP2,Andrena.angustior,Thymus.vulgaris,8,8,21
Garraf_PP2,Anaspis.sp1,Aphyllanthes.monspeliensis,16,16,21
Garraf_PP2,Anaspis.sp1,Cistus.albidus,4,4,21
Garraf_PP2,Anaspis.sp1,Cistus.salviifolius,9,9,21
Garraf_PP2,Anaspis.sp1,Euphorbia.flavicoma,10,10,21
Garraf_PP2,Anaspis.sp1,Thymus.vulgaris,19,19,21
Garraf_PP2,Amegilla.quadrifasciata,Rosmarinus.officinalis,1,1,21
Garraf_PP2,Adelidae.sp1,Cistus.salviifolius,7,7,21
Garraf_PP2,Adelidae.sp1,Euphorbia.flavicoma,8,8,21
Garraf_PP2,Adelidae.sp1,Rosmarinus.officinalis,17,17,21
Garraf_PP2,Adelidae.sp1,Thymus.vulgaris,16,16,21
Garraf_PP2,Acmaeodera.cylindrica,Cistus.albidus,4,4,21
Garraf_PP2,Acmaeodera.cylindrica,Cistus.salviifolius,9,9,21
Garraf_PP2,Acmaeodera.cylindrica,Biscutella.laevigata,12,12,21
Garraf_PP2,Acmaeodera.cylindrica,Ononis.minutissima,1,9,21
Garraf_PP2,Anaspis.sp1,Biscutella.laevigata,12,12,21
Garraf_PP2,Anaspis.sp1,Ononis.minutissima,1,11,21
Garraf_PP2,Andrena.djelfensis,Biscutella.laevigata,12,12,21
Garraf_PP2,Andrena.djelfensis,Ononis.minutissima,1,11,21
Garraf_PP2,Andrena.nigroaenea,Argyrolobium.zanonii,8,8,21
Garraf_PP2,Andrena.nigroaenea,Biscutella.laevigata,12,12,21
Garraf_PP2,Andrena.nigroaenea,Ononis.minutissima,1,11,21
Garraf_PP2,Andrena.senecionis,Biscutella.laevigata,12,12,21
Garraf_PP2,Andrena.senecionis,Ononis.minutissima,1,11,21
Garraf_PP2,Anthaxia.millefolii,Biscutella.laevigata,12,12,21
Garraf_PP2,Anthaxia.millefolii,Centaurea.linifolia.,4,4,21
Garraf_PP2,Anthaxia.millefolii,Ononis.minutissima,1,8,21
Garraf_PP2,Anthaxia.scutullaris,Centaurea.linifolia.,4,4,21
Garraf_PP2,Anthaxia.spinolae,Biscutella.laevigata,12,12,21
Garraf_PP2,Anthaxia.spinolae,Centaurea.linifolia.,5,5,21
Garraf_PP2,Anthaxia.spinolae,Ononis.minutissima,1,9,21
Garraf_PP2,Anthrenus.sp1,Biscutella.laevigata,6,6,21
Garraf_PP2,Anthrenus.sp1,Ononis.minutissima,1,7,21
Garraf_PP2,Apis.mellifera,Argyrolobium.zanonii,8,8,21
Garraf_PP2,Apis.mellifera,Biscutella.laevigata,12,12,21
Garraf_PP2,Apis.mellifera,Centaurea.linifolia.,5,5,21
Garraf_PP2,Apis.mellifera,Euphorbia.characias,4,4,21
Garraf_PP2,Apis.mellifera,Ononis.minutissima,1,11,21
Garraf_PP2,Apis.mellifera,Viccia.cracca,1,1,21
Garraf_PP2,Aplocnemus.calidus,Centaurea.linifolia.,4,4,21
Garraf_PP2,Bombus.terrestris,Biscutella.laevigata,12,12,21
Garraf_PP2,Bombus.terrestris,Centaurea.linifolia.,5,5,21
Garraf_PP2,Bombus.terrestris,Ononis.minutissima,1,11,21
Garraf_PP2,Bombus.terrestris,Viccia.cracca,1,1,21
Garraf_PP2,Bruchidius.sp3,Biscutella.laevigata,1,1,21
Garraf_PP2,Bruchidius.sp3,Centaurea.linifolia.,1,1,21
Garraf_PP2,Bruchidius.sp3,Cistus.salviifolius,1,1,21
Garraf_PP2,Bruchidius.sp3,Euphorbia.flavicoma,1,1,21
Garraf_PP2,Bruchidius.sp3,Ononis.minutissima,1,1,21
Garraf_PP2,Chrysotoxum.cautum,Biscutella.laevigata,9,9,21
Garraf_PP2,Chrysotoxum.cautum,Ononis.minutissima,1,8,21
Garraf_PP2,Clanoptilus.abdominalis,Rosmarinus.officinalis,11,11,21
Garraf_PP2,Clytus.rhamni,Biscutella.laevigata,12,12,21
Garraf_PP2,Clytus.rhamni,Centaurea.linifolia.,5,5,21
Garraf_PP2,Clytus.rhamni,Ononis.minutissima,1,10,21
Garraf_PP2,Coenonympha.pamphilus,Centaurea.linifolia.,1,1,21
Garraf_PP2,Danacea.longiceps,Centaurea.linifolia.,5,5,21
Garraf_PP2,Dasytes.nigroaeneus,Biscutella.laevigata,12,12,21
Garraf_PP2,Dasytes.nigroaeneus,Centaurea.linifolia.,5,5,21
Garraf_PP2,Dasytes.nigroaeneus,Ononis.minutissima,1,11,21
Garraf_PP2,Eristalis.tenax,Cistus.salviifolius,3,3,21
Garraf_PP2,Eristalis.tenax,Euphorbia.characias,1,1,21
Garraf_PP2,Eristalis.tenax,Euphorbia.flavicoma,3,3,21
Garraf_PP2,Eristalis.tenax,Rosmarinus.officinalis,5,5,21
Garraf_PP2,Eristalis.tenax,Thymus.vulgaris,5,5,21
Garraf_PP2,Euchloe.crameri,Biscutella.laevigata,6,6,21
Garraf_PP2,Euchloe.crameri,Ononis.minutissima,1,5,21
Garraf_PP2,Euchloe.crameri,Thymus.vulgaris,6,6,21
Garraf_PP2,Eumerus.argyropus,Centaurea.linifolia.,5,5,21
Garraf_PP2,Hylaeus.hyalinatus,Biscutella.laevigata,5,5,21
Garraf_PP2,Hylaeus.hyalinatus,Centaurea.linifolia.,3,3,21
Garraf_PP2,Hylaeus.hyalinatus,Ononis.minutissima,1,8,21
Garraf_PP2,Lasioglossum.albocinctum,Biscutella.laevigata,10,10,21
Garraf_PP2,Lasioglossum.albocinctum,Centaurea.linifolia.,5,5,21
Garraf_PP2,Lasioglossum.albocinctum,Ononis.minutissima,1,10,21
Garraf_PP2,Lasioglossum.bimaculatum,Biscutella.laevigata,9,9,21
Garraf_PP2,Lasioglossum.bimaculatum,Centaurea.linifolia.,5,5,21
Garraf_PP2,Lasioglossum.bimaculatum,Ononis.minutissima,1,11,21
Garraf_PP2,Lasioglossum.griseolum,Biscutella.laevigata,9,9,21
Garraf_PP2,Lasioglossum.griseolum,Centaurea.linifolia.,4,4,21
Garraf_PP2,Lasioglossum.griseolum,Ononis.minutissima,7,7,21
Garraf_PP2,Lasioglossum.ibericum,Biscutella.laevigata,1,1,21
Garraf_PP2,Lasioglossum.ibericum,Centaurea.linifolia.,1,1,21
Garraf_PP2,Lasioglossum.ibericum,Cistus.salviifolius,1,1,21
Garraf_PP2,Lasioglossum.ibericum,Euphorbia.flavicoma,1,1,21
Garraf_PP2,Lasioglossum.ibericum,Gladiolus.illyricus,1,1,21
Garraf_PP2,Lasioglossum.ibericum,Ononis.minutissima,1,1,21
Garraf_PP2,Lasioglossum.ibericum,Rosmarinus.officinalis,1,1,21
Garraf_PP2,Lasioglossum.ibericum,Thymus.vulgaris,1,1,21
Garraf_PP2,Lasioglossum.malachurum,Biscutella.laevigata,12,12,21
Garraf_PP2,Lasioglossum.malachurum,Centaurea.linifolia.,5,5,21
Garraf_PP2,Lasioglossum.malachurum,Ononis.minutissima,1,11,21
Garraf_PP2,Lasioglossum.mediterraneum,Biscutella.laevigata,9,9,21
Garraf_PP2,Lasioglossum.mediterraneum,Centaurea.linifolia.,2,2,21
Garraf_PP2,Lasioglossum.mediterraneum,Ononis.minutissima,1,7,21
Garraf_PP2,Lasioglossum.subhirtum,Biscutella.laevigata,12,12,21
Garraf_PP2,Lasioglossum.subhirtum,Centaurea.linifolia.,5,5,21
Garraf_PP2,Lasioglossum.subhirtum,Ononis.minutissima,1,11,21
Garraf_PP2,Lasioglossum.transitorium,Biscutella.laevigata,12,12,21
Garraf_PP2,Lasioglossum.transitorium,Centaurea.linifolia.,5,5,21
Garraf_PP2,Lasioglossum.transitorium,Ononis.minutissima,1,11,21
Garraf_PP2,Lasiommata.megera,Centaurea.linifolia.,2,2,21
Garraf_PP2,Lobonyx.aeneus,Biscutella.laevigata,12,12,21
Garraf_PP2,Lobonyx.aeneus,Centaurea.linifolia.,5,5,21
Garraf_PP2,Lobonyx.aeneus,Ononis.minutissima,1,11,21
Garraf_PP2,Melanargia.occitanica,Centaurea.linifolia.,2,2,21
Garraf_PP2,Melanargia.occitanica,Thymus.vulgaris,6,6,21
Garraf_PP2,Meligethes.sp1,Biscutella.laevigata,12,12,21
Garraf_PP2,Meligethes.sp1,Ononis.minutissima,1,11,21
Garraf_PP2,Merodon.funestus,Biscutella.laevigata,11,11,21
Garraf_PP2,Merodon.funestus,Centaurea.linifolia.,3,3,21
Garraf_PP2,Merodon.funestus,Ononis.minutissima,1,9,21
Garraf_PP2,Merodon.obscuritarsis,Biscutella.laevigata,3,3,21
Garraf_PP2,Merodon.obscuritarsis,Ononis.minutissima,1,1,21
Garraf_PP2,Nomada.hispanica,Biscutella.laevigata,3,3,21
Garraf_PP2,Nomada.hispanica,Ononis.minutissima,1,2,21
Garraf_PP2,Nomada.hispanica,Rosmarinus.officinalis,4,4,21
Garraf_PP2,Oedemera.flavipes,Biscutella.laevigata,12,12,21
Garraf_PP2,Oedemera.flavipes,Centaurea.linifolia.,5,5,21
Garraf_PP2,Oedemera.flavipes,Euphorbia.characias,4,4,21
Garraf_PP2,Oedemera.flavipes,Ononis.minutissima,1,11,21
Garraf_PP2,Osmia.gallarum,Biscutella.laevigata,6,6,21
Garraf_PP2,Osmia.gallarum,Ononis.minutissima,1,4,21
Garraf_PP2,Osmia.gallarum,Viccia.cracca,1,1,21
Garraf_PP2,Osmia.rufohirta,Biscutella.laevigata,11,11,21
Garraf_PP2,Osmia.rufohirta,Centaurea.linifolia.,4,4,21
Garraf_PP2,Osmia.rufohirta,Ononis.minutissima,10,10,21
Garraf_PP2,Oxythyrea.funesta,Euphorbia.characias,4,4,21
Garraf_PP2,Polistes.dominulus,Biscutella.laevigata,11,11,21
Garraf_PP2,Polistes.dominulus,Centaurea.linifolia.,4,4,21
Garraf_PP2,Polistes.dominulus,Ononis.minutissima,1,10,21
Garraf_PP2,Priocnemis.sp1,Cistus.salviifolius,4,4,21
Garraf_PP2,Pyronia.bathseba,Centaurea.linifolia.,5,5,21
Garraf_PP2,Rhodanthidium.septemdentatum,Centaurea.linifolia.,5,5,21
Garraf_PP2,Rhodanthidium.sticticum,Argyrolobium.zanonii,8,8,21
Garraf_PP2,Rhodanthidium.sticticum,Biscutella.laevigata,12,12,21
Garraf_PP2,Rhodanthidium.sticticum,Centaurea.linifolia.,5,5,21
Garraf_PP2,Rhodanthidium.sticticum,Ononis.minutissima,1,11,21
Garraf_PP2,Spermophagus.sp1,Biscutella.laevigata,1,1,21
Garraf_PP2,Spermophagus.sp1,Cistus.salviifolius,1,1,21
Garraf_PP2,Spermophagus.sp1,Euphorbia.flavicoma,1,1,21
Garraf_PP2,Spermophagus.sp1,Ononis.minutissima,1,1,21
Garraf_PP2,Stenurella.melanura,Cistus.salviifolius,7,7,21
Garraf_PP2,Tenthredopsis.cabrerae,Rosmarinus.officinalis,1,1,21
Garraf_PP2,Xylocopa.violacea,Rosmarinus.officinalis,2,2,21
Garraf_PP2,Zygaena.sp1,Centaurea.linifolia.,5,5,21
Garraf_PP2,Adelidae.sp1,Biscutella.laevigata,10,10,21
Garraf_PP2,Anaspis.sp1,Sideritis.hirsuta,1,1,21
Garraf_PP2,Andrena.senecionis,Sideritis.hirsuta,1,1,21
Garraf_PP2,Anthophora.acervorum,Sideritis.hirsuta,1,1,21
Garraf_PP2,Apis.mellifera,Sideritis.hirsuta,1,1,21
Garraf_PP2,Aplocnemus.calidus,Sideritis.hirsuta,1,1,21
Garraf_PP2,Athalia.bicolor,Biscutella.laevigata,5,5,21
Garraf_PP2,Athalia.sp1,Biscutella.laevigata,4,4,21
Garraf_PP2,Bombus.terrestris,Sideritis.hirsuta,1,1,21
Garraf_PP2,Clytus.rhamni,Sideritis.hirsuta,1,1,21
Garraf_PP2,Danacea.longiceps,Sideritis.hirsuta,1,1,21
Garraf_PP2,Dasytes.nigroaeneus,Sideritis.hirsuta,1,1,21
Garraf_PP2,Lasioglossum.bimaculatum,Sideritis.hirsuta,1,1,21
Garraf_PP2,Lasioglossum.griseolum,Sideritis.hirsuta,1,1,21
Garraf_PP2,Lasioglossum.malachurum,Sideritis.hirsuta,1,1,21
Garraf_PP2,Lasioglossum.mediterraneum,Sideritis.hirsuta,1,1,21
Garraf_PP2,Lasioglossum.subhirtum,Sideritis.hirsuta,1,1,21
Garraf_PP2,Lasioglossum.transitorium,Sideritis.hirsuta,1,1,21
Garraf_PP2,Lobonyx.aeneus,Sideritis.hirsuta,1,1,21
Garraf_PP2,Oedemera.flavipes,Sideritis.hirsuta,1,1,21
Garraf_PP2,Osmia.melanogaster/leaiana,Biscutella.laevigata,4,4,21
Garraf_PP2,Osmia.melanogaster/leaiana,Rosmarinus.officinalis,6,6,21
Garraf_PP2,Osmia.melanogaster/leaiana,Sideritis.hirsuta,1,1,21
Garraf_PP2,Osmia.melanogaster/leaiana,Thymus.vulgaris,5,5,21
Garraf_PP2,Osmia.nasoproducta,Rosmarinus.officinalis,3,3,21
Garraf_PP2,Osmia.nasoproducta,Thymus.vulgaris,3,3,21
Garraf_PP2,Panurgus.dentipes,Biscutella.laevigata,11,11,21
Garraf_PP2,Platynochaetus.setosus,Biscutella.laevigata,10,10,21
Garraf_PP2,Polistes.dominulus,Sideritis.hirsuta,1,1,21
Garraf_PP2,Pyronia.bathseba,Sideritis.hirsuta,1,1,21
Garraf_PP2,Rhodanthidium.septemdentatum,Sideritis.hirsuta,1,1,21
Garraf_PP2,Rhodanthidium.sticticum,Sideritis.hirsuta,1,1,21
Garraf_PP2,Acmaeodera.cylindrica,Convolvulus.lanuginosus,2,2,21
Garraf_PP2,Adelidae.sp1,Convolvulus.lanuginosus,2,2,21
Garraf_PP2,Anaspis.sp1,Convolvulus.lanuginosus,2,2,21
Garraf_PP2,Ancistrocerus.biphaleratus,Rosmarinus.officinalis,2,2,21
Garraf_PP2,Ancistrocerus.biphaleratus,Thymus.vulgaris,2,2,21
Garraf_PP2,Anthaxia.millefolii,Allium.sphaerocephalon,2,2,21
Garraf_PP2,Anthaxia.millefolii,Convolvulus.lanuginosus,2,2,21
Garraf_PP2,Apis.mellifera,Allium.sphaerocephalon,2,2,21
Garraf_PP2,Apis.mellifera,Convolvulus.lanuginosus,2,2,21
Garraf_PP2,Apis.mellifera,Sedum.sediforme,3,3,21
Garraf_PP2,Aplocnemus.calidus,Convolvulus.lanuginosus,2,2,21
Garraf_PP2,Bombus.terrestris,Allium.sphaerocephalon,2,2,21
Garraf_PP2,Bombus.terrestris,Sedum.sediforme,3,3,21
Garraf_PP2,Bruchidius.pusillus,Allium.sphaerocephalon,1,1,21
Garraf_PP2,Bruchidius.pusillus,Biscutella.laevigata,1,1,21
Garraf_PP2,Bruchidius.pusillus,Convolvulus.lanuginosus,1,1,21
Garraf_PP2,Bruchidius.pusillus,Scorpiurus.muricatus,1,1,21
Garraf_PP2,Bruchidius.seminarius,Allium.sphaerocephalon,1,1,21
Garraf_PP2,Bruchidius.seminarius,Biscutella.laevigata,1,1,21
Garraf_PP2,Bruchidius.seminarius,Convolvulus.lanuginosus,1,1,21
Garraf_PP2,Bruchidius.seminarius,Scorpiurus.muricatus,1,1,21
Garraf_PP2,Bruchidius.villosus,Allium.sphaerocephalon,1,1,21
Garraf_PP2,Bruchidius.villosus,Biscutella.laevigata,1,1,21
Garraf_PP2,Bruchidius.villosus,Convolvulus.lanuginosus,1,1,21
Garraf_PP2,Bruchidius.villosus,Scorpiurus.muricatus,1,1,21
Garraf_PP2,Clytus.rhamni,Allium.sphaerocephalon,2,2,21
Garraf_PP2,Danacea.longiceps,Allium.sphaerocephalon,2,2,21
Garraf_PP2,Danacea.longiceps,Convolvulus.lanuginosus,2,2,21
Garraf_PP2,Dasytes.nigroaeneus,Allium.sphaerocephalon,2,2,21
Garraf_PP2,Dasytes.nigroaeneus,Convolvulus.lanuginosus,2,2,21
Garraf_PP2,Eumerus.argyropus,Allium.sphaerocephalon,2,2,21
Garraf_PP2,Eumerus.argyropus,Convolvulus.lanuginosus,2,2,21
Garraf_PP2,Eumerus.argyropus,Scorpiurus.muricatus,3,3,21
Garraf_PP2,Halictus.gemmeus,Allium.sphaerocephalon,2,2,21
Garraf_PP2,Halictus.gemmeus,Anagallis.arvensis,3,3,21
Garraf_PP2,Halictus.gemmeus,Sedum.sediforme,1,1,21
Garraf_PP2,Lasioglossum.griseolum,Allium.sphaerocephalon,2,2,21
Garraf_PP2,Lasioglossum.griseolum,Anagallis.arvensis,4,4,21
Garraf_PP2,Lasioglossum.griseolum,Convolvulus.lanuginosus,1,1,21
Garraf_PP2,Lasioglossum.griseolum,Fumana.laevis,3,3,21
Garraf_PP2,Lasioglossum.griseolum,Scorpiurus.muricatus,3,3,21
Garraf_PP2,Lasioglossum.griseolum,Sedum.sediforme,3,3,21
Garraf_PP2,Lasioglossum.malachurum,Allium.sphaerocephalon,2,2,21
Garraf_PP2,Lasioglossum.malachurum,Anagallis.arvensis,4,4,21
Garraf_PP2,Lasioglossum.malachurum,Convolvulus.lanuginosus,2,2,21
Garraf_PP2,Lasioglossum.malachurum,Scorpiurus.muricatus,3,3,21
Garraf_PP2,Lasioglossum.malachurum,Sedum.sediforme,3,3,21
Garraf_PP2,Lasioglossum.mediterraneum,Allium.sphaerocephalon,2,2,21
Garraf_PP2,Lasioglossum.mediterraneum,Anagallis.arvensis,4,4,21
Garraf_PP2,Lasioglossum.mediterraneum,Convolvulus.lanuginosus,2,2,21
Garraf_PP2,Lasioglossum.mediterraneum,Scorpiurus.muricatus,3,3,21
Garraf_PP2,Lasioglossum.mediterraneum,Sedum.sediforme,1,1,21
Garraf_PP2,Lasioglossum.subhirtum,Allium.sphaerocephalon,2,2,21
Garraf_PP2,Lasioglossum.subhirtum,Anagallis.arvensis,4,4,21
Garraf_PP2,Lasioglossum.subhirtum,Convolvulus.lanuginosus,2,2,21
Garraf_PP2,Lasioglossum.subhirtum,Scorpiurus.muricatus,3,3,21
Garraf_PP2,Lasioglossum.subhirtum,Sedum.sediforme,3,3,21
Garraf_PP2,Lasioglossum.transitorium,Allium.sphaerocephalon,2,2,21
Garraf_PP2,Lasioglossum.transitorium,Anagallis.arvensis,4,4,21
Garraf_PP2,Lasioglossum.transitorium,Convolvulus.lanuginosus,2,2,21
Garraf_PP2,Lasioglossum.transitorium,Fumana.laevis,6,6,21
Garraf_PP2,Lasioglossum.transitorium,Scorpiurus.muricatus,3,3,21
Garraf_PP2,Lasioglossum.transitorium,Sedum.sediforme,3,3,21
Garraf_PP2,Lobonyx.aeneus,Convolvulus.lanuginosus,2,2,21
Garraf_PP2,Merodon.funestus,Scorpiurus.muricatus,2,2,21
Garraf_PP2,Minoa.murinata,Convolvulus.lanuginosus,2,2,21
Garraf_PP2,Mordellistena.sp1,Allium.sphaerocephalon,2,2,21
Garraf_PP2,Mordellistena.sp1,Convolvulus.lanuginosus,2,2,21
Garraf_PP2,Mordellistena.sp1,Scorpiurus.muricatus,3,3,21
Garraf_PP2,Mordellistena.sp4,Allium.sphaerocephalon,1,1,21
Garraf_PP2,Mordellistena.sp4,Biscutella.laevigata,8,8,21
Garraf_PP2,Normannia.esculi,Allium.sphaerocephalon,2,2,21
Garraf_PP2,Oedemera.flavipes,Allium.sphaerocephalon,2,2,21
Garraf_PP2,Oedemera.flavipes,Convolvulus.lanuginosus,2,2,21
Garraf_PP2,Osmia.gallarum,Anagallis.arvensis,2,2,21
Garraf_PP2,Osmia.gallarum,Convolvulus.lanuginosus,2,2,21
Garraf_PP2,Osmia.gallarum,Scorpiurus.muricatus,1,1,21
Garraf_PP2,Osmia.rufohirta,Anagallis.arvensis,2,3,21
Garraf_PP2,Osmia.rufohirta,Convolvulus.lanuginosus,2,2,21
Garraf_PP2,Osmia.rufohirta,Fumana.laevis,6,6,21
Garraf_PP2,Osmia.rufohirta,Scorpiurus.muricatus,3,3,21
Garraf_PP2,Oxythyrea.funesta,Allium.sphaerocephalon,2,2,21
Garraf_PP2,Polistes.dominulus,Allium.sphaerocephalon,2,2,21
Garraf_PP2,Protosmia.exenterata,Allium.sphaerocephalon,1,1,21
Garraf_PP2,Protosmia.exenterata,Anagallis.arvensis,2,2,21
Garraf_PP2,Protosmia.exenterata,Biscutella.laevigata,5,5,21
Garraf_PP2,Protosmia.exenterata,Convolvulus.lanuginosus,2,2,21
Garraf_PP2,Protosmia.exenterata,Rosmarinus.officinalis,9,9,21
Garraf_PP2,Protosmia.exenterata,Scorpiurus.muricatus,1,1,21
Garraf_PP2,Protosmia.exenterata,Thymus.vulgaris,9,9,21
Garraf_PP2,Pyronia.bathseba,Allium.sphaerocephalon,2,2,21
Garraf_PP2,Pyronia.bathseba,Convolvulus.lanuginosus,2,2,21
Garraf_PP2,Rhodanthidium.septemdentatum,Allium.sphaerocephalon,2,2,21
Garraf_PP2,Rhodanthidium.septemdentatum,Anagallis.arvensis,3,4,21
Garraf_PP2,Rhodanthidium.septemdentatum,Convolvulus.lanuginosus,2,2,21
Garraf_PP2,Rhodanthidium.septemdentatum,Scorpiurus.muricatus,3,3,21
Garraf_PP2,Rhodanthidium.sticticum,Anagallis.arvensis,4,4,21
Garraf_PP2,Rhodanthidium.sticticum,Convolvulus.lanuginosus,2,2,21
Garraf_PP2,Rhodanthidium.sticticum,Scorpiurus.muricatus,3,3,21
Garraf_PP2,Sphaerophoria.scripta,Biscutella.laevigata,1,1,21
Garraf_PP2,Sphaerophoria.scripta,Rosmarinus.officinalis,2,2,21
Garraf_PP2,Sphaerophoria.scripta,Thymus.vulgaris,2,2,21
Garraf_PP2,Sphecodes.ruficrus,Anagallis.arvensis,1,1,21
Garraf_PP2,Sphecodes.ruficrus,Scorpiurus.muricatus,1,1,21
Garraf_PP2,Sphecodes.sp4,Anagallis.arvensis,1,1,21
Garraf_PP2,Sphecodes.sp4,Scorpiurus.muricatus,1,1,21
Garraf_PP2,Stenurella.melanura,Allium.sphaerocephalon,2,2,21
Garraf_PP2,Stenurella.melanura,Convolvulus.lanuginosus,2,2,21
Garraf_PP2,Trypoxylon.sp1,Scorpiurus.muricatus,3,3,21
Garraf_PP2,Zerynthia.rumina,Convolvulus.lanuginosus,2,2,21
Garraf_PP2,Hylaeus.hyalinatus,Sedum.sediforme,1,1,21
Garraf_PP2,Lasioglossum.bimaculatum,Sedum.sediforme,2,2,21
Garraf_PP2,Smaragdina.diversipes,Thymus.vulgaris,3,3,21
Garraf_PP2,Attalus.pictus,Rosmarinus.officinalis,1,1,21
Garraf_PP2,Attalus.pictus,Thymus.vulgaris,1,1,21
Garraf_PP2,Eucera.nigrilabris,Rosmarinus.officinalis,3,3,21
Garraf_PP2,Protosmia.exenterata,Centaurea.linifolia.,3,3,21
Garraf_PP2,Anaspis.sp1,Helianthemum.oelandicum.spp.italicum,8,8,21
Garraf_PP2,Andrena.djelfensis,Helianthemum.oelandicum.spp.italicum,8,8,21
Garraf_PP2,Andrena.limata,Dorycnium.pentaphyllum,2,2,21
Garraf_PP2,Andrena.limata,Euphorbia.flavicoma,1,1,21
Garraf_PP2,Andrena.limata,Rosmarinus.officinalis,2,2,21
Garraf_PP2,Apis.mellifera,Dorycnium.pentaphyllum,13,13,21
Garraf_PP2,Apis.mellifera,Helianthemum.oelandicum.spp.italicum,8,8,21
Garraf_PP2,Bombus.terrestris,Dorycnium.pentaphyllum,13,13,21
Garraf_PP2,Bruchidius.obscuripes,Biscutella.laevigata,1,1,21
Garraf_PP2,Bruchidius.obscuripes,Dorycnium.pentaphyllum,1,1,21
Garraf_PP2,Bruchidius.obscuripes,Euphorbia.flavicoma,1,1,21
Garraf_PP2,Bruchus.viciae,Biscutella.laevigata,2,2,21
Garraf_PP2,Bruchus.viciae,Dorycnium.pentaphyllum,2,2,21
Garraf_PP2,Bruchus.viciae,Euphorbia.flavicoma,2,2,21
Garraf_PP2,Dasytes.nigroaeneus,Dorycnium.pentaphyllum,13,13,21
Garraf_PP2,Dasytes.nigroaeneus,Helianthemum.oelandicum.spp.italicum,8,8,21
Garraf_PP2,Halictus.scabiosae,Sedum.sediforme,1,1,21
Garraf_PP2,Lasioglossum.albocinctum,Dorycnium.pentaphyllum,12,12,21
Garraf_PP2,Lasioglossum.bimaculatum,Dorycnium.pentaphyllum,11,11,21
Garraf_PP2,Lasioglossum.bimaculatum,Helianthemum.oelandicum.spp.italicum,8,8,21
Garraf_PP2,Lasioglossum.bimaculatum,Thesium.divaricatum,2,2,21
Garraf_PP2,Lasioglossum.griseolum,Helianthemum.oelandicum.spp.italicum,6,6,21
Garraf_PP2,Lasioglossum.malachurum,Dorycnium.pentaphyllum,13,13,21
Garraf_PP2,Lasioglossum.malachurum,Helianthemum.oelandicum.spp.italicum,8,8,21
Garraf_PP2,Lasioglossum.malachurum,Thesium.divaricatum,2,2,21
Garraf_PP2,Lasioglossum.subhirtum,Dorycnium.pentaphyllum,13,13,21
Garraf_PP2,Lasioglossum.subhirtum,Helianthemum.oelandicum.spp.italicum,8,8,21
Garraf_PP2,Lasioglossum.subhirtum,Thesium.divaricatum,2,2,21
Garraf_PP2,Lasioglossum.transitorium,Helianthemum.oelandicum.spp.italicum,8,8,21
Garraf_PP2,Lobonyx.aeneus,Dorycnium.pentaphyllum,13,13,21
Garraf_PP2,Oedemera.flavipes,Dorycnium.pentaphyllum,13,13,21
Garraf_PP2,Osmia.rufohirta,Helianthemum.oelandicum.spp.italicum,7,7,21
Garraf_PP2,Rhodanthidium.sticticum,Helianthemum.oelandicum.spp.italicum,8,8,21
Garraf_PP2,Sphecodes.puncticeps,Euphorbia.flavicoma,2,2,21
Garraf_PP2,Sphecodes.puncticeps,Rosmarinus.officinalis,2,2,21
Garraf_PP2,Stenurella.melanura,Dorycnium.pentaphyllum,11,11,21
Garraf_PP2,Acmaeodera.cylindrica,Dorycnium.hirsutum,2,2,21
Garraf_PP2,Anaspis.sp1,Dorycnium.hirsutum,2,2,21
Garraf_PP2,Andrena.nigroaenea,Cistus.monspeliensis,2,2,21
Garraf_PP2,Andrena.nigroaenea,Dorycnium.hirsutum,2,2,21
Garraf_PP2,Andrena.vulpecula,Biscutella.laevigata,5,5,21
Garraf_PP2,Andrena.vulpecula,Helianthemum.oelandicum.spp.italicum,5,5,21
Garraf_PP2,Anthaxia.scutullaris,Dorycnium.hirsutum,2,2,21
Garraf_PP2,Anthophora.dispar,Muscari.neglectum,2,2,21
Garraf_PP2,Apis.mellifera,Dorycnium.hirsutum,2,2,21
Garraf_PP2,Apis.mellifera,Muscari.neglectum,3,3,21
Garraf_PP2,Aplocnemus.calidus,Dorycnium.hirsutum,1,1,21
Garraf_PP2,Bombus.terrestris,Dorycnium.hirsutum,2,2,21
Garraf_PP2,Bombus.terrestris,Muscari.neglectum,3,3,21
Garraf_PP2,Callophrys.rubi,Rosmarinus.officinalis,5,5,21
Garraf_PP2,Callophrys.rubi,Thymus.vulgaris,4,4,21
Garraf_PP2,Clytus.rhamni,Dorycnium.hirsutum,2,2,21
Garraf_PP2,Danacea.longiceps,Dorycnium.hirsutum,2,2,21
Garraf_PP2,Dasytes.nigroaeneus,Dorycnium.hirsutum,2,2,21
Garraf_PP2,Dasytes.nigroaeneus,Muscari.neglectum,3,3,21
Garraf_PP2,Eucera.collaris,Anagallis.arvensis,1,1,21
Garraf_PP2,Eucera.collaris,Dorycnium.hirsutum,2,2,21
Garraf_PP2,Halictus.scabiosae,Anagallis.arvensis,1,1,21
Garraf_PP2,Lasioglossum.bimaculatum,Anagallis.arvensis,1,2,21
Garraf_PP2,Lasioglossum.bimaculatum,Cistus.monspeliensis,2,2,21
Garraf_PP2,Lasioglossum.bimaculatum,Dorycnium.hirsutum,2,2,21
Garraf_PP2,Lasioglossum.bimaculatum,Muscari.neglectum,3,3,21
Garraf_PP2,Lasioglossum.griseolum,Muscari.neglectum,2,2,21
Garraf_PP2,Lasioglossum.malachurum,Cistus.monspeliensis,2,2,21
Garraf_PP2,Lasioglossum.malachurum,Dorycnium.hirsutum,2,2,21
Garraf_PP2,Lasioglossum.malachurum,Muscari.neglectum,3,3,21
Garraf_PP2,Lasioglossum.mediterraneum,Cistus.monspeliensis,2,2,21
Garraf_PP2,Lasioglossum.mediterraneum,Dorycnium.hirsutum,2,2,21
Garraf_PP2,Lasioglossum.mediterraneum,Helianthemum.oelandicum.spp.italicum,5,5,21
Garraf_PP2,Lasioglossum.mediterraneum,Muscari.neglectum,1,1,21
Garraf_PP2,Lasioglossum.morio,Anagallis.arvensis,2,2,21
Garraf_PP2,Lasioglossum.morio,Biscutella.laevigata,5,5,21
Garraf_PP2,Lasioglossum.morio,Helianthemum.oelandicum.spp.italicum,3,3,21
Garraf_PP2,Lasioglossum.morio,Muscari.neglectum,2,2,21
Garraf_PP2,Lasioglossum.subhirtum,Cistus.monspeliensis,2,2,21
Garraf_PP2,Lasioglossum.subhirtum,Dorycnium.hirsutum,2,2,21
Garraf_PP2,Lasioglossum.subhirtum,Muscari.neglectum,3,3,21
Garraf_PP2,Lasioglossum.transitorium,Muscari.neglectum,3,3,21
Garraf_PP2,Lasiommata.megera,Dorycnium.hirsutum,2,2,21
Garraf_PP2,Lobonyx.aeneus,Dorycnium.hirsutum,2,2,21
Garraf_PP2,Megachile.pyrenaica,Dorycnium.hirsutum,2,2,21
Garraf_PP2,Merodon.sp7/9,Biscutella.laevigata,3,3,21
Garraf_PP2,Merodon.sp7/9,Thymus.vulgaris,4,4,21
Garraf_PP2,Mordellistena.sp1,Dorycnium.hirsutum,2,2,21
Garraf_PP2,Oedemera.flavipes,Cistus.monspeliensis,2,2,21
Garraf_PP2,Oedemera.flavipes,Dorycnium.hirsutum,2,2,21
Garraf_PP2,Osmia.tricornis,Dorycnium.hirsutum,1,1,21
Garraf_PP2,Osmia.tricornis,Thymus.vulgaris,3,3,21
Garraf_PP2,Oxythyrea.funesta,Cistus.monspeliensis,2,2,21
Garraf_PP2,Oxythyrea.funesta,Dorycnium.hirsutum,2,2,21
Garraf_PP2,Platynochaetus.setosus,Cistus.monspeliensis,2,2,21
Garraf_PP2,Platynochaetus.setosus,Dorycnium.hirsutum,2,2,21
Garraf_PP2,Polistes.dominulus,Dorycnium.hirsutum,2,2,21
Garraf_PP2,Protosmia.exenterata,Dorycnium.hirsutum,1,1,21
Garraf_PP2,Pyronia.bathseba,Dorycnium.hirsutum,2,2,21
Garraf_PP2,Rhodanthidium.septemdentatum,Dorycnium.hirsutum,2,2,21
Garraf_PP2,Rhodanthidium.septemdentatum,Muscari.neglectum,3,3,21
Garraf_PP2,Rhodanthidium.sticticum,Dorycnium.hirsutum,2,2,21
Garraf_PP2,Rhodanthidium.sticticum,Muscari.neglectum,3,3,21
Garraf_PP2,Stenurella.melanura,Dorycnium.hirsutum,2,2,21
Garraf_PP2,Stenurella.nigra,Dorycnium.hirsutum,1,1,21
Garraf_PP2,Zygaena.sp1,Dorycnium.hirsutum,2,2,21
Garraf_PP2,Anthrenus.sp1,Galium.aparine,3,3,21
Garraf_PP2,Bombus.pascuorum,Rosmarinus.officinalis,1,1,21
Garraf_PP2,Clytus.rhamni,Galium.aparine,5,5,21
Garraf_PP2,Gonepteryx.cleopatra,Aphyllanthes.monspeliensis,5,5,21
Garraf_PP2,Nomada.flavoguttata,Helichrysum.stoechas,1,1,21
Garraf_PP2,Rhodanthidium.septemdentatum,Teucrium.chamaedrys,5,5,21
Garraf_PP2,Anaspis.sp1,Galium.aparine,5,5,21
Garraf_PP2,Anthophora.acervorum,Fumana.ericifolia,3,3,21
Garraf_PP2,Aplocnemus.calidus,Galium.aparine,5,5,21
Garraf_PP2,Ceratina.cucurbitina,Dorycnium.pentaphyllum,5,5,21
Garraf_PP2,Danacea.longiceps,Galium.aparine,5,5,21
Garraf_PP2,Eumerus.argyropus,Galium.aparine,5,5,21
Garraf_PP2,Meligethes.sp1,Galium.aparine,5,5,21
Garraf_PP2,Mordellistena.sp1,Galium.aparine,5,5,21
Garraf_PP2,Osmia.rufohirta,Fumana.ericifolia,8,8,21
Garraf_PP2,Stenurella.melanura,Galium.aparine,3,3,21
Garraf_PP2,Apis.mellifera,Fumana.ericifolia,8,8,21
Garraf_PP2,Bombus.terrestris,Teucrium.chamaedrys,5,5,21
Garraf_PP2,Dasytes.nigroaeneus,Galium.aparine,5,5,21
Garraf_PP2,Hylaeus.hyalinatus,Dorycnium.pentaphyllum,7,7,21
Garraf_PP2,Hylaeus.hyalinatus,Galium.aparine,4,4,21
Garraf_PP2,Lasioglossum.albocinctum,Galium.aparine,5,5,21
Garraf_PP2,Lasioglossum.bimaculatum,Galium.aparine,5,5,21
Garraf_PP2,Lasioglossum.malachurum,Galium.aparine,5,5,21
Garraf_PP2,Lasioglossum.mediterraneum,Dorycnium.pentaphyllum,8,8,21
Garraf_PP2,Lasioglossum.mediterraneum,Galium.aparine,4,4,21
Garraf_PP2,Lasioglossum.subhirtum,Galium.aparine,5,5,21
Garraf_PP2,Lobonyx.aeneus,Galium.aparine,5,5,21
Garraf_PP2,Oedemera.flavipes,Galium.aparine,5,5,21
Garraf_PP2,Polistes.dominulus,Dorycnium.pentaphyllum,11,11,21
Garraf_PP2,Polistes.dominulus,Galium.aparine,5,5,21
Garraf_PP2,Rhodanthidium.sticticum,Fumana.ericifolia,8,8,21
Garraf_PP2,Rhodanthidium.sticticum,Galium.aparine,5,5,21
Garraf_PP2,Lasioglossum.transitorium,Fumana.ericifolia,8,8,21
Garraf_PP2,Lasioglossum.transitorium,Galium.aparine,5,5,21
Garraf_PP2,Lasioglossum.transitorium,Helichrysum.stoechas,3,3,21
Garraf_PP2,Adelidae.sp1,Dorycnium.pentaphyllum,10,10,21
Garraf_PP2,Adelidae.sp1,Ranunculus.gramineus,1,1,21
Garraf_PP2,Andrena.nigroaenea,Ranunculus.gramineus,1,1,21
Garraf_PP2,Andrena.senecionis,Ranunculus.gramineus,1,1,21
Garraf_PP2,Anthaxia.spinolae,Ranunculus.gramineus,1,1,21
Garraf_PP2,Anthophora.dispar,Ranunculus.gramineus,1,1,21
Garraf_PP2,Apis.mellifera,Ranunculus.gramineus,1,1,21
Garraf_PP2,Bombus.terrestris,Ranunculus.gramineus,1,1,21
Garraf_PP2,Bruchus.brachialis,Allium.sphaerocephalon,1,1,21
Garraf_PP2,Bruchus.brachialis,Biscutella.laevigata,1,1,21
Garraf_PP2,Bruchus.brachialis,Cistus.albidus,1,1,21
Garraf_PP2,Bruchus.brachialis,Cistus.salviifolius,1,1,21
Garraf_PP2,Bruchus.brachialis,Dorycnium.pentaphyllum,2,2,21
Garraf_PP2,Bruchus.brachialis,Euphorbia.flavicoma,2,2,21
Garraf_PP2,Bruchus.brachialis,Ranunculus.gramineus,1,1,21
Garraf_PP2,Coenonympha.pamphilus,Allium.sphaerocephalon,1,1,21
Garraf_PP2,Dasytes.nigroaeneus,Ranunculus.gramineus,1,1,21
Garraf_PP2,Eucera.(Synhalonia).alternans,Cistus.albidus,2,2,21
Garraf_PP2,Eumenes.coarctatus,Allium.sphaerocephalon,1,1,21
Garraf_PP2,Eumenes.coarctatus,Anagallis.arvensis,1,1,21
Garraf_PP2,Eumenes.coarctatus,Biscutella.laevigata,3,3,21
Garraf_PP2,Eumenes.coarctatus,Cistus.albidus,1,1,21
Garraf_PP2,Eumenes.coarctatus,Dorycnium.pentaphyllum,3,3,21
Garraf_PP2,Eumenes.coarctatus,Thymus.vulgaris,3,3,21
Garraf_PP2,Halictus.gemmeus,Dorycnium.pentaphyllum,6,6,21
Garraf_PP2,Lasioglossum.griseolum,Ranunculus.gramineus,1,1,21
Garraf_PP2,Lasioglossum.malachurum,Ranunculus.gramineus,1,1,21
Garraf_PP2,Lasioglossum.mediterraneum,Ranunculus.gramineus,1,1,21
Garraf_PP2,Lasioglossum.morio,Allium.sphaerocephalon,1,1,21
Garraf_PP2,Lasioglossum.morio,Ranunculus.gramineus,1,1,21
Garraf_PP2,Lasioglossum.subhirtum,Ranunculus.gramineus,1,1,21
Garraf_PP2,Lasioglossum.transitorium,Ranunculus.gramineus,1,1,21
Garraf_PP2,Lasiommata.megera,Cistus.albidus,2,2,21
Garraf_PP2,Lobonyx.aeneus,Ranunculus.gramineus,1,1,21
Garraf_PP2,Melanargia.occitanica,Cistus.albidus,2,2,21
Garraf_PP2,Meligethes.sp1,Ranunculus.gramineus,1,1,21
Garraf_PP2,Merodon.funestus,Ranunculus.gramineus,1,1,21
Garraf_PP2,Merodon.obscuritarsis,Cistus.albidus,1,1,21
Garraf_PP2,Merodon.obscuritarsis,Ranunculus.gramineus,1,1,21
Garraf_PP2,Oedemera.flavipes,Ranunculus.gramineus,1,1,21
Garraf_PP2,Osmia.gallarum,Dorycnium.pentaphyllum,5,5,21
Garraf_PP2,Osmia.rufohirta,Ranunculus.gramineus,1,1,21
Garraf_PP2,Osmia.tricornis,Cistus.albidus,1,1,21
Garraf_PP2,Osmia.tricornis,Ranunculus.gramineus,1,1,21
Garraf_PP2,Oxythyrea.funesta,Ranunculus.gramineus,1,1,21
Garraf_PP2,Platynochaetus.setosus,Ranunculus.gramineus,1,1,21
Garraf_PP2,Plebejus.argus,Allium.sphaerocephalon,1,1,21
Garraf_PP2,Polistes.dominulus,Ranunculus.gramineus,1,1,21
Garraf_PP2,Polydrosus.sp1,Cistus.salviifolius,1,1,21
Garraf_PP2,Rhodanthidium.sticticum,Ranunculus.gramineus,1,1,21
Garraf_PP2,Stenurella.melanura,Cistus.albidus,2,2,21
Garraf_PP2,Lasioglossum.griseolum,Fumana.ericifolia,4,4,21
Garraf_PP2,Lasioglossum.interruptum,Dorycnium.pentaphyllum,1,1,21
Garraf_PP2,Nomada.flavoguttata,Cistus.salviifolius,1,1,21
Garraf_PP2,Nomada.flavoguttata,Thymus.vulgaris,1,1,21
Garraf_PP2,Acmaeodera.cylindrica,Leuzea.conifera,1,1,21
Garraf_PP2,Anaspis.sp1,Leuzea.conifera,1,1,21
Garraf_PP2,Anthaxia.millefolii,Galium.aparine,4,4,21
Garraf_PP2,Anthaxia.millefolii,Teucrium.chamaedrys,1,3,21
Garraf_PP2,Anthaxia.scutullaris,Teucrium.chamaedrys,1,4,21
Garraf_PP2,Anthaxia.spinolae,Teucrium.chamaedrys,1,3,21
Garraf_PP2,Apis.mellifera,Teucrium.chamaedrys,1,5,21
Garraf_PP2,Aplocnemus.calidus,Teucrium.chamaedrys,1,5,21
Garraf_PP2,Bruchus.viciae,Centaurea.linifolia.,1,1,21
Garraf_PP2,Bruchus.viciae,Cistus.albidus,1,1,21
Garraf_PP2,Bruchus.viciae,Cistus.salviifolius,1,1,21
Garraf_PP2,Bruchus.viciae,Galium.aparine,1,1,21
Garraf_PP2,Bruchus.viciae,Leuzea.conifera,1,1,21
Garraf_PP2,Bruchus.viciae,Teucrium.chamaedrys,1,1,21
Garraf_PP2,Ceratina.cucurbitina,Biscutella.laevigata,3,3,21
Garraf_PP2,Ceratina.cucurbitina,Centaurea.linifolia.,2,2,21
Garraf_PP2,Ceratina.cucurbitina,Leuzea.conifera,1,1,21
Garraf_PP2,Ceratina.cucurbitina,Teucrium.chamaedrys,1,4,21
Garraf_PP2,Clytra.quadripunctata,Cistus.albidus,1,1,21
Garraf_PP2,Clytra.quadripunctata,Dorycnium.pentaphyllum,1,1,21
Garraf_PP2,Clytus.rhamni,Teucrium.chamaedrys,1,4,21
Garraf_PP2,Danacea.longiceps,Leuzea.conifera,1,1,21
Garraf_PP2,Danacea.longiceps,Teucrium.chamaedrys,1,5,21
Garraf_PP2,Dasytes.nigroaeneus,Leuzea.conifera,1,1,21
Garraf_PP2,Dasytes.nigroaeneus,Teucrium.chamaedrys,1,5,21
Garraf_PP2,Eristalis.tenax,Cistus.albidus,2,2,21
Garraf_PP2,Eumerus.argyropus,Leuzea.conifera,1,1,21
Garraf_PP2,Eumerus.argyropus,Teucrium.chamaedrys,1,5,21
Garraf_PP2,Hemipenthes sp.1,Centaurea.linifolia.,2,2,21
Garraf_PP2,Hemipenthes sp.1,Galium.aparine,2,2,21
Garraf_PP2,Hemipenthes sp.1,Leuzea.conifera,1,1,21
Garraf_PP2,Hemipenthes sp.1,Teucrium.chamaedrys,1,1,21
Garraf_PP2,Hylaeus.hyalinatus,Leuzea.conifera,1,1,21
Garraf_PP2,Hylaeus.hyalinatus,Teucrium.chamaedrys,1,5,21
Garraf_PP2,Hylaeus.taeniolatus,Biscutella.laevigata,1,1,21
Garraf_PP2,Lasioglossum.albocinctum,Teucrium.chamaedrys,1,5,21
Garraf_PP2,Lasioglossum.bimaculatum,Leuzea.conifera,1,1,21
Garraf_PP2,Lasioglossum.bimaculatum,Teucrium.chamaedrys,1,5,21
Garraf_PP2,Lasioglossum.griseolum,Galium.aparine,2,2,21
Garraf_PP2,Lasioglossum.griseolum,Leuzea.conifera,1,1,21
Garraf_PP2,Lasioglossum.griseolum,Teucrium.chamaedrys,1,3,21
Garraf_PP2,Lasioglossum.malachurum,Leuzea.conifera,1,1,21
Garraf_PP2,Lasioglossum.malachurum,Teucrium.chamaedrys,1,5,21
Garraf_PP2,Lasioglossum.subhirtum,Leuzea.conifera,1,1,21
Garraf_PP2,Lasioglossum.subhirtum,Teucrium.chamaedrys,1,5,21
Garraf_PP2,Lasioglossum.transitorium,Leuzea.conifera,1,1,21
Garraf_PP2,Lasioglossum.transitorium,Teucrium.chamaedrys,1,5,21
Garraf_PP2,Lasiommata.megera,Teucrium.chamaedrys,1,1,21
Garraf_PP2,Lobonyx.aeneus,Leuzea.conifera,1,1,21
Garraf_PP2,Lobonyx.aeneus,Teucrium.chamaedrys,1,5,21
Garraf_PP2,Melanargia.occitanica,Teucrium.chamaedrys,1,1,21
Garraf_PP2,Merodon.funestus,Leuzea.conifera,1,1,21
Garraf_PP2,Merodon.funestus,Teucrium.chamaedrys,1,4,21
Garraf_PP2,Minoa.murinata,Centaurea.linifolia.,1,1,21
Garraf_PP2,Minoa.murinata,Galium.aparine,2,2,21
Garraf_PP2,Minoa.murinata,Teucrium.chamaedrys,1,3,21
Garraf_PP2,Mordellistena.sp4,Galium.aparine,4,4,21
Garraf_PP2,Oedemera.flavipes,Leuzea.conifera,1,1,21
Garraf_PP2,Oedemera.flavipes,Teucrium.chamaedrys,1,5,21
Garraf_PP2,Osmia.gallarum,Galium.aparine,2,2,21
Garraf_PP2,Osmia.melanogaster/leaiana,Centaurea.linifolia.,1,1,21
Garraf_PP2,Osmia.melanogaster/leaiana,Cistus.albidus,1,1,21
Garraf_PP2,Osmia.melanogaster/leaiana,Teucrium.chamaedrys,1,1,21
Garraf_PP2,Osmia.rufohirta,Teucrium.chamaedrys,1,5,21
Garraf_PP2,Polistes.dominulus,Leuzea.conifera,1,1,21
Garraf_PP2,Polistes.dominulus,Teucrium.chamaedrys,1,4,21
Garraf_PP2,Protosmia.exenterata,Cistus.albidus,1,1,21
Garraf_PP2,Protosmia.exenterata,Galium.aparine,2,2,21
Garraf_PP2,Protosmia.exenterata,Leuzea.conifera,1,1,21
Garraf_PP2,Protosmia.exenterata,Teucrium.chamaedrys,1,3,21
Garraf_PP2,Pyronia.bathseba,Leuzea.conifera,1,1,21
Garraf_PP2,Pyronia.bathseba,Teucrium.chamaedrys,1,5,21
Garraf_PP2,Rhodanthidium.septemdentatum,Leuzea.conifera,1,1,21
Garraf_PP2,Rhodanthidium.sticticum,Leuzea.conifera,1,1,21
Garraf_PP2,Rhodanthidium.sticticum,Teucrium.chamaedrys,1,5,21
Garraf_PP2,Scaeva.pyvastri,Biscutella.laevigata,1,1,21
Garraf_PP2,Scaeva.pyvastri,Centaurea.linifolia.,1,1,21
Garraf_PP2,Scaeva.pyvastri,Galium.aparine,1,1,21
Garraf_PP2,Scaeva.pyvastri,Rosmarinus.officinalis,1,1,21
Garraf_PP2,Scaeva.pyvastri,Teucrium.chamaedrys,1,1,21
Garraf_PP2,Scaeva.pyvastri,Thymus.vulgaris,1,1,21
Garraf_PP2,Zygaena.sp1,Teucrium.chamaedrys,1,1,21
Garraf_PP2,Ceratina.cucurbitina,Dorycnium.hirsutum,1,1,21
Garraf_PP2,Eucera.elongatula,Dorycnium.pentaphyllum,4,4,21
Garraf_PP2,Lasioglossum.bimaculatum,Hypericum.perforatum,1,1,21
Garraf_PP2,Lasioglossum.malachurum,Hypericum.perforatum,1,1,21
Garraf_PP2,Lasioglossum.mediterraneum,Hypericum.perforatum,1,1,21
Garraf_PP2,Lasioglossum.subhirtum,Hypericum.perforatum,1,1,21
Garraf_PP2,Leptidea.sinapis,Rosmarinus.officinalis,2,2,21
Garraf_PP2,Leptochilus.tarsatus,Rosmarinus.officinalis,3,3,21
Garraf_PP2,Microhoria.plumbea,Helianthemum.oelandicum.spp.italicum,5,5,21
Garraf_PP2,Osmia.rufohirta,Dorycnium.hirsutum,1,1,21
Garraf_PP2,Ancistrocerus.biphaleratus,Cistus.albidus,1,1,21
Garraf_PP2,Andrena.labialis,Cistus.albidus,1,1,21
Garraf_PP2,Andrena.labialis,Rosmarinus.officinalis,1,1,21
Garraf_PP2,Andrena.labialis,Scorpiurus.muricatus,1,1,21
Garraf_PP2,Andrena.labialis,Thymus.vulgaris,1,1,21
Garraf_PP2,Anthophora.acervorum,Helianthemum.oelandicum.spp.italicum,3,3,21
Garraf_PP2,Apion.sp2,Cistus.albidus,1,1,21
Garraf_PP2,Eucera.collaris,Centaurea.linifolia.,2,2,21
Garraf_PP2,Eucera.elongatula,Cistus.salviifolius,1,1,21
Garraf_PP2,Lasioglossum.bimaculatum,Scorpiurus.muricatus,2,2,21
Garraf_PP2,Lasioglossum.morio,Centaurea.linifolia.,1,1,21
Garraf_PP2,Lasioglossum.morio,Galium.aparine,2,2,21
Garraf_PP2,Lasioglossum.morio,Scorpiurus.muricatus,1,1,21
Garraf_PP2,Leptochilus.tarsatus,Thymus.vulgaris,2,2,21
Garraf_PP2,Nomada.dicrepans,Cistus.salviifolius,1,1,21
Garraf_PP2,Pompilidae.sp2,Biscutella.laevigata,1,1,21
Garraf_PP2,Sphecodes.puncticeps,Scorpiurus.muricatus,1,1,21
Garraf_PP2,Eupeodes.corollae,Biscutella.laevigata,1,1,21
Garraf_PP2,Lasioglossum.morio,Fumana.ericifolia,3,3,21
Garraf_PP2,Platynochaetus.setosus,Euphorbia.characias,2,2,21
Garraf_PP2,Sphecodes.ruficrus,Euphorbia.flavicoma,1,1,21
Garraf_PP2,Andrena.nigroolivacea,Phlomis.lychnitis,1,1,21
Garraf_PP2,Andrena.senecionis,Phlomis.lychnitis,1,1,21
Garraf_PP2,Anthaxia.millefolii,Phlomis.lychnitis,1,1,21
Garraf_PP2,Aplocnemus.calidus,Phlomis.lychnitis,1,1,21
Garraf_PP2,Clytus.rhamni,Phlomis.lychnitis,1,1,21
Garraf_PP2,Danacea.longiceps,Phlomis.lychnitis,1,1,21
Garraf_PP2,Dasytes.nigroaeneus,Phlomis.lychnitis,1,1,21
Garraf_PP2,Gonepteryx.cleopatra,Gladiolus.illyricus,2,2,21
Garraf_PP2,Lasioglossum.albocinctum,Anagallis.arvensis,1,3,21
Garraf_PP2,Lasioglossum.bimaculatum,Phlomis.lychnitis,1,1,21
Garraf_PP2,Lasioglossum.griseolum,Phlomis.lychnitis,1,1,21
Garraf_PP2,Lasioglossum.malachurum,Phlomis.lychnitis,1,1,21
Garraf_PP2,Lasioglossum.mediterraneum,Phlomis.lychnitis,1,1,21
Garraf_PP2,Lasioglossum.subhirtum,Phlomis.lychnitis,1,1,21
Garraf_PP2,Lasioglossum.transitorium,Phlomis.lychnitis,1,1,21
Garraf_PP2,Lasiommata.megera,Anagallis.arvensis,1,3,21
Garraf_PP2,Lobonyx.aeneus,Phlomis.lychnitis,1,1,21
Garraf_PP2,Mordellistena.sp1,Phlomis.lychnitis,1,1,21
Garraf_PP2,Oedemera.flavipes,Phlomis.lychnitis,1,1,21
Garraf_PP2,Osmia.rufohirta,Phlomis.lychnitis,1,1,21
Garraf_PP2,Oxythyrea.funesta,Anagallis.arvensis,1,4,21
Garraf_PP2,Polistes.dominulus,Phlomis.lychnitis,1,1,21
Garraf_PP2,Rhodanthidium.sticticum,Phlomis.lychnitis,1,1,21
Garraf_PP2,Scolia.hirta,Anagallis.arvensis,1,1,21
Garraf_PP2,Acmaeodera.cylindrica,Centaurea.montana.ssp..semidecurrens,1,1,21
Garraf_PP2,Anaspis.sp1,Centaurea.montana.ssp..semidecurrens,1,1,21
Garraf_PP2,Anthaxia.scutullaris,Centaurea.montana.ssp..semidecurrens,1,1,21
Garraf_PP2,Anthaxia.spinolae,Centaurea.montana.ssp..semidecurrens,1,1,21
Garraf_PP2,Anthocharis.euphenoides,Euphorbia.flavicoma,1,1,21
Garraf_PP2,Anthocharis.euphenoides,Thymus.vulgaris,2,2,21
Garraf_PP2,Anthophora.acervorum,Muscari.neglectum,1,1,21
Garraf_PP2,Anthrenus.sp1,Centaurea.montana.ssp..semidecurrens,1,1,21
Garraf_PP2,Apis.mellifera,Centaurea.montana.ssp..semidecurrens,1,1,21
Garraf_PP2,Apis.mellifera,Erica.multiflora,2,2,21
Garraf_PP2,Attagenus.sp1,Euphorbia.characias,1,1,21
Garraf_PP2,Bombus.terrestris,Centaurea.montana.ssp..semidecurrens,1,1,21
Garraf_PP2,Bombus.terrestris,Psoralera.bituminosa,1,1,21
Garraf_PP2,Bruchus.brachialis,Centaurea.linifolia.,1,1,21
Garraf_PP2,Bruchus.brachialis,Centaurea.montana.ssp..semidecurrens,1,1,21
Garraf_PP2,Chryptocephalus.ramburi,Centaurea.linifolia.,1,1,21
Garraf_PP2,Clytus.rhamni,Centaurea.montana.ssp..semidecurrens,1,1,21
Garraf_PP2,Danacea.longiceps,Centaurea.montana.ssp..semidecurrens,1,1,21
Garraf_PP2,Dasytes.nigroaeneus,Centaurea.montana.ssp..semidecurrens,1,1,21
Garraf_PP2,Eucera.taurica,Centaurea.montana.ssp..semidecurrens,1,1,21
Garraf_PP2,Eumerus.argyropus,Centaurea.montana.ssp..semidecurrens,1,1,21
Garraf_PP2,Gonepteryx.cleopatra,Euphorbia.flavicoma,1,1,21
Garraf_PP2,Halictus.gemmeus,Centaurea.montana.ssp..semidecurrens,1,1,21
Garraf_PP2,Hemipenthes sp.1,Centaurea.montana.ssp..semidecurrens,1,1,21
Garraf_PP2,Hylaeus.hyalinatus,Helianthemum.oelandicum.spp.italicum,3,3,21
Garraf_PP2,Lasioglossum.albocinctum,Centaurea.montana.ssp..semidecurrens,1,1,21
Garraf_PP2,Lasioglossum.bimaculatum,Centaurea.montana.ssp..semidecurrens,1,1,21
Garraf_PP2,Lasioglossum.malachurum,Centaurea.montana.ssp..semidecurrens,1,1,21
Garraf_PP2,Lasioglossum.subhirtum,Centaurea.montana.ssp..semidecurrens,1,1,21
Garraf_PP2,Lasioglossum.transitorium,Centaurea.montana.ssp..semidecurrens,1,1,21
Garraf_PP2,Lobonyx.aeneus,Centaurea.montana.ssp..semidecurrens,1,1,21
Garraf_PP2,Meligethes.sp1,Centaurea.montana.ssp..semidecurrens,1,1,21
Garraf_PP2,Mordellistena.sp1,Centaurea.montana.ssp..semidecurrens,1,1,21
Garraf_PP2,Normannia.esculi,Centaurea.montana.ssp..semidecurrens,1,1,21
Garraf_PP2,Oedemera.flavipes,Centaurea.montana.ssp..semidecurrens,1,1,21
Garraf_PP2,Osmia.rufohirta,Centaurea.montana.ssp..semidecurrens,1,1,21
Garraf_PP2,Osmia.rufohirta,Muscari.neglectum,2,2,21
Garraf_PP2,Polistes.dominulus,Centaurea.montana.ssp..semidecurrens,1,1,21
Garraf_PP2,Protosmia.exenterata,Centaurea.montana.ssp..semidecurrens,1,1,21
Garraf_PP2,Pyronia.bathseba,Centaurea.montana.ssp..semidecurrens,1,1,21
Garraf_PP2,Rhodanthidium.septemdentatum,Centaurea.montana.ssp..semidecurrens,1,1,21
Garraf_PP2,Rhodanthidium.sticticum,Centaurea.montana.ssp..semidecurrens,1,1,21
Garraf_PP2,Stenurella.melanura,Centaurea.montana.ssp..semidecurrens,1,1,21
Garraf_PP2,Bruchus.villosus,Biscutella.laevigata,1,1,21
Garraf_PP2,Bruchus.villosus,Dorycnium.pentaphyllum,1,1,21
Garraf_PP2,Bruchus.villosus,Galium.aparine,1,1,21
Garraf_PP2,Ceratina.cyanea,Aphyllanthes.monspeliensis,1,1,21
Garraf_PP2,Ceratina.cyanea,Biscutella.laevigata,1,1,21
Garraf_PP2,Ceratina.cyanea,Dorycnium.pentaphyllum,1,1,21
Garraf_PP2,Ceratina.cyanea,Galium.aparine,1,1,21
Garraf_PP2,Ceratina.cyanea,Rosmarinus.officinalis,1,1,21
Garraf_PP2,Ceratina.cyanea,Thymus.vulgaris,1,1,21
Garraf_PP2,Chryptocephalus.ramburi,Aphyllanthes.monspeliensis,2,2,21
Garraf_PP2,Eumenes.coarctatus,Galium.aparine,1,1,21
Garraf_PP2,Halictus.quadricinctus,Thymus.vulgaris,1,1,21
Garraf_PP2,Lasioglossum.morio,Fumana.laevis,1,1,21
Garraf_PP2,Andrena.trimmerana,Euphorbia.characias,1,1,21
Garraf_PP2,Apis.mellifera,Echium.vulgare,1,1,21
Garraf_PP2,Bombus.terrestris,Echium.vulgare,1,1,21
Garraf_PP2,Bruchidius.seminarius,Euphorbia.flavicoma,1,1,21
Garraf_PP2,Ceratina.cucurbitina,Echium.vulgare,1,1,21
Garraf_PP2,Ceratina.cucurbitina,Linum.stricticum,1,1,21
Garraf_PP2,Ceratina.cucurbitina,Muscari.neglectum,1,1,21
Garraf_PP2,Danacea.longiceps,Linum.stricticum,1,1,21
Garraf_PP2,Eucera.collaris,Echium.vulgare,1,1,21
Garraf_PP2,Eumerus.argyropus,Linum.stricticum,1,1,21
Garraf_PP2,Hylaeus.hyalinatus,Linum.stricticum,1,1,21
Garraf_PP2,Lasioglossum.bimaculatum,Echium.vulgare,1,1,21
Garraf_PP2,Lasioglossum.bimaculatum,Linum.stricticum,1,1,21
Garraf_PP2,Lasioglossum.griseolum,Echium.vulgare,1,1,21
Garraf_PP2,Lasioglossum.griseolum,Linum.stricticum,1,1,21
Garraf_PP2,Lasioglossum.malachurum,Echium.vulgare,1,1,21
Garraf_PP2,Lasioglossum.malachurum,Linum.stricticum,1,1,21
Garraf_PP2,Lasioglossum.morio,Linum.stricticum,1,1,21
Garraf_PP2,Lasioglossum.subhirtum,Echium.vulgare,1,1,21
Garraf_PP2,Lasioglossum.subhirtum,Linum.stricticum,1,1,21
Garraf_PP2,Lasioglossum.transitorium,Echium.vulgare,1,1,21
Garraf_PP2,Lasioglossum.transitorium,Linum.stricticum,1,1,21
Garraf_PP2,Oedemera.flavipes,Potentilla.sp.,1,1,21
Garraf_PP2,Polistes.dominulus,Linum.stricticum,1,1,21
Garraf_PP2,Spermophagus.kuesteri,Euphorbia.flavicoma,1,1,21
Garraf_PP2,Anthocharis.euphenoides,Biscutella.laevigata,1,1,21
Garraf_PP2,Ceratina.cucurbitina,Convolvulus.lanuginosus,1,1,21
Garraf_PP2,Chrysotoxum.cautum,Orobanche.latisquama,1,1,21
Garraf_PP2,Dasytes.nigroaeneus,Orobanche.latisquama,1,1,21
Garraf_PP2,Hoplitis.anthocopoides,Thymus.vulgaris,1,1,21
Garraf_PP2,Hylaeus.hyalinatus,Convolvulus.lanuginosus,1,1,21
Garraf_PP2,Lasioglossum.bimaculatum,Convolvulus.lanuginosus,1,1,21
Garraf_PP2,Lasioglossum.bimaculatum,Orobanche.latisquama,1,1,21
Garraf_PP2,Lasioglossum.malachurum,Orobanche.latisquama,1,1,21
Garraf_PP2,Lasioglossum.mediterraneum,Orobanche.latisquama,1,1,21
Garraf_PP2,Lasioglossum.subhirtum,Orobanche.latisquama,1,1,21
Garraf_PP2,Lasioglossum.transitorium,Orobanche.latisquama,1,1,21
Garraf_PP2,Lobonyx.aeneus,Orobanche.latisquama,1,1,21
Garraf_PP2,Oedemera.flavipes,Orobanche.latisquama,1,1,21
Garraf_PP2,Protosmia.exenterata,Orobanche.latisquama,1,1,21
Garraf_PP2,Rhodanthidium.septemdentatum,Orobanche.latisquama,1,1,21
Garraf_PP2,Rhodanthidium.sticticum,Orobanche.latisquama,1,1,21
Garraf_PP2,Eupeodes.sp1,Biscutella.laevigata,1,1,21
Garraf_PP2,Eupeodes.sp1,Cistus.salviifolius,1,1,21
Garraf_PP2,Eupeodes.sp1,Euphorbia.flavicoma,1,1,21
Garraf_PP2,Eupeodes.sp1,Rosmarinus.officinalis,1,1,21
Garraf_PP2,Eupeodes.sp1,Thymus.vulgaris,1,1,21
Olot,mono,O. cornuta,9,9,14
Olot,melitto,Ch. emarginata,1,2,14
Olot,melitto,M. apicalis,1,1,14
Olot,melitto,O. submicans,1,6,14
Olot,melitto,Trypoxylon figulus (suma 2),1,2,14
Olot,trichod,M. apicalis,1,1,14
Olot,trichod,O. rufa,8,10,14
Olot,trichod,O. submicans,3,5,14
Olot,trichod,Psenulus fuscipennis,5,7,14
Olot,sapyga,O. caerulescens,3,4,14
Olot,sapyga,O. submicans,5,6,14
Olot,pyem,O. submicans,1,6,14
Olot,pyem,Trypoxylon figulus (suma 2),1,2,14
Olot,mono,E. posticus,1,9,14
Olot,melitto,E. posticus,10,11,14
Olot,melitto,Hoplitis adunca,2,2,14
Olot,melitto,Passaloecus spp,2,4,14
Olot,trichod,E. posticus,8,11,14
Olot,trichod,Hy. communis,2,2,14
Olot,trichod,Hy. taeniolatus,2,3,14
Olot,pyem,E. posticus,10,11,14
Olot,Chrysis.ignita,E. posticus,5,5,14
Olot,diptergr,E. posticus,9,10,14
Olot,diptergr,Trypoxylon figulus,2,2,14
Olot,dipterpt,E. posticus,7,8,14
Olot,mono,O. rufa,9,10,14
Olot,melitto,M. rotundata,3,4,14
Olot,melitto,O. cornuta,3,10,14
Olot,melitto,O. rufa,6,11,14
Olot,trichod,Ch. campanularum,1,1,14
Olot,trichod,M. rotundata,3,4,14
Olot,trichod,Microdynerus nugdunensis,1,1,14
Olot,trichod,O. caerulescens,6,10,14
Olot,trichod,Trypoxylon figulus (suma 2),1,2,14
Olot,trichod,Trypoxylon spp (clavicerum+minus),2,8,14
Olot,anthrax,O. rufa,8,8,14
Olot,chaetod,O. cornuta,6,8,14
Olot,cacox,O. rufa,6,6,14
Olot,ptinus.pyrenaeus,O. rufa,2,2,14
Olot,ptinus.sexp,O. rufa,1,2,14
Olot,plodia,O. cornuta,4,7,14
Olot,plodia,O. rufa,6,8,14
Olot,diptergr,Trypoxylon figulus (suma 2),1,1,14
Olot,dipterpt,Trypoxylon figulus (suma 2),1,1,14
Olot,melitto,Pison atrum,1,1,14
Olot,melitto,Trypoxylon spp (clavicerum+minus),8,9,14
Olot,anthrax,O. submicans,3,4,14
Olot,pyem,Psenulus fuscipennis,4,8,14
Olot,hybomisc,Psenulus fuscipennis,2,3,14
Olot,trichod,O. cornuta,3,10,14
Olot,anthrax,O. caerulescens,4,7,14
Olot,anthrax,O. cornuta,2,7,14
Olot,diptergr,Trypoxylon figulus(suma2),3,3,14
Olot,dipterpt,Microdynerus timidus,1,1,14
Olot,chaetod,O. rufa,5,8,14
Olot,melitto,Ch. florisomnis,1,1,14
Olot,ptinus.pyrenaeus,Heriades truncorum,1,1,14
Olot,stelis.minuta,Ch. florisomnis,1,1,14
Olot,melitto,O. caerulescens,3,10,14
Olot,melitto,Trypoxylon figulus (suma2),1,1,14
Olot,melitto,Trypoxylon spp (clav+min)(suma2),1,1,14
Olot,pyem,Passaloecus spp,2,4,14
Olot,diptergr,Trypoxylon figulus (suma2),1,1,14
Olot,dipterpt,Trypoxylon figulus (suma2),1,1,14
Olot,melitto,Trypoxylon figulus(suma2),1,3,14
Olot,ptinus.sexp,M. rotundata,1,2,14
Olot,gasterup,Hy. taeniolatus,2,2,14
Olot,melitto,Passaloecus spp (suma2),1,2,14
Olot,trichod,M. centicularis,1,1,14
Olot,ptinus.sexp,M. centicularis,1,1,14
Olot,Trichr..Cyanea,Trypoxylon spp (clavicerum+minus),3,3,14
Olot,hybomisc,Trypoxylon figulus,1,1,14
Olot,dipterpt,Passaloecus spp (suma2),1,2,14
Olot,dipterpt,Trypoxylon spp (clavicerum+minus),3,7,14
Olot,pyem,O. caerulescens,1,10,14
Olot,pyem,Trypoxylon spp (clavicerum+minus),1,9,14
Olot,Trichr..Cyanea,O. caerulescens,1,3,14
Olot,Omalus.auratus,Passaloecus spp (suma2),1,1,14
Olot,melitto,Hy. taeniolatus,1,3,14
Olot,trichod,Ch. emarginata,1,2,14
Olot,trichod,Passaloecus spp,2,4,14
Olot,Omalus.auratus,Psenulus fuscipennis,1,1,14
Olot,gasterup,Hy. communis,1,1,14
Olot,dipterpt,Passaloecus spp,2,4,14
Olot,melitto,Psenulus fuscipennis,1,8,14
Olot,pyem,O. cornuta,1,10,14
Olot,dipterpt,Trypoxylon figulus,1,4,14
Olot,trichod,Hy. Communis,1,1,14
Olot,trichod,M. timidus,1,1,14
Olot,stelis.brev,H. truncorum,1,1,14
Olot,gasterup,Hy. Taenoliatus,1,1,14
Olot,hybomisc,E. posticus,1,2,14
Montseny,Pol-Ame,Plant-Csa,16,18,18
Montseny,Pol-Ame,Plant-Cal,9,9,18
Montseny,Pol-Ame,Plant-Csc,7,11,18
Montseny,Pol-Apl,Plant-Csa,4,14,18
Montseny,Pol-Apl,Plant-Cal,2,6,18
Montseny,Pol-Mel,Plant-Csa,17,17,18
Montseny,Pol-Mel,Plant-Cal,8,9,18
Montseny,Pol-Mel,Plant-Ecy,2,2,18
Montseny,Pol-Ppy,Plant-Csa,13,14,18
Montseny,Pol-Ppy,Plant-Ecy,2,2,18
Montseny,Pol-Ort1,Plant-Csa,6,10,18
Montseny,Pol-Bte,Plant-Csc,5,11,18
Montseny,Pol-Lmi,Plant-Csa,18,18,18
Montseny,Pol-Lmi,Plant-Cal,7,9,18
Montseny,Pol-Lmi,Plant-Ecy,2,2,18
Montseny,Pol-Lmi,Plant-Csc,4,11,18
Montseny,Pol-Ete,Plant-Csa,12,15,18
Montseny,Pol-Ete,Plant-Cal,3,9,18
Montseny,Pol-Ete,Plant-Ecy,2,2,18
Montseny,Pol-Eba,Plant-Csa,18,18,18
Montseny,Pol-Dip24,Plant-Csa,1,1,18
Montseny,Pol-Lae,Plant-Csa,7,9,18
Montseny,Pol-Melig,Plant-Csa,12,14,18
Montseny,Pol-Fge,Plant-Csa,7,11,18
Montseny,Pol-Fge,Plant-Cal,1,5,18
Montseny,Pol-Fge,Plant-Ecy,2,2,18
Montseny,Pol-Fge,Plant-Csc,3,9,18
Montseny,Pol-Lpe,Plant-Csa,10,13,18
Montseny,Pol-Lpe,Plant-Cal,4,7,18
Montseny,Pol-Lpe,Plant-Csc,3,9,18
Montseny,Pol-Ant2,Plant-Csc,1,3,18
Montseny,Pol-Ant2,Plant-Upa,1,1,18
Montseny,Pol-And12,Plant-Csa,1,1,18
Montseny,Pol-And12,Plant-Cal,1,1,18
Montseny,Pol-Sca,Plant-Csa,15,15,18
Montseny,Pol-Ani,Plant-Csa,15,16,18
Montseny,Pol-Ani,Plant-Cal,6,8,18
Montseny,Pol-Hsc,Plant-Csa,4,7,18
Montseny,Pol-Chr,Plant-Csa,6,9,18
Montseny,Pol-Mor1,Plant-Csa,7,9,18
Montseny,Pol-Syr6,Plant-Ecy,1,1,18
Montseny,Pol-Ofu,Plant-Csa,13,13,18
Montseny,Pol-Das,Plant-Csa,12,12,18
Montseny,Pol-Dan,Plant-Csa,7,7,18
Montseny,Pol-Ofl,Plant-Csa,7,7,18
Montseny,Pol-And,Plant-Csa,5,6,18
Montseny,Pol-Ole,Plant-Csa,1,4,18
Montseny,Pol-Dip11,Plant-Ecy,1,1,18
Montseny,Pol-Afu,Plant-Csa,8,9,18
Montseny,Pol-And5,Plant-Csa,4,9,18
Montseny,Pol-And5,Plant-Cal,1,5,18
Montseny,Pol-Aan,Plant-Csa,3,6,18
Montseny,Pol-Aan,Plant-Ecy,1,2,18
Montseny,Pol-Bom1,Plant-Csa,7,16,18
Montseny,Pol-Bom1,Plant-Cal,3,7,18
Montseny,Pol-Ade,Plant-Csa,10,13,18
Montseny,Pol-Par,Plant-Ecy,2,2,18
Montseny,Pol-Mst,Plant-Csa,1,8,18
Montseny,Pol-Chal,Plant-Csa,2,5,18
Montseny,Pol-Lgr,Plant-Ecy,2,2,18
Montseny,Pol-Csc,Plant-Csa,2,3,18
Montseny,Pol-Das,Plant-Lst,2,11,18
Montseny,Pol-Das,Plant-TvuF,2,9,18
Montseny,Pol-Das,Plant-TvuHF,3,9,18
Montseny,Pol-Das,Plant-Lta,1,1,18
Montseny,Pol-Lmi,Plant-Lta,1,1,18
Montseny,Pol-Lmi,Plant-Bra,2,2,18
Montseny,Pol-Lae,Plant-Lta,1,1,18
Montseny,Pol-Ppa,Plant-TvuF,4,8,18
Montseny,Pol-Ame,Plant-Lst,6,14,18
Montseny,Pol-Ame,Plant-TvuF,10,13,18
Montseny,Pol-Ame,Plant-TvuHF,9,11,18
Montseny,Pol-Bte,Plant-Lst,13,14,18
Montseny,Pol-Bte,Plant-TvuF,4,13,18
Montseny,Pol-Bte,Plant-TvuHF,4,11,18
Montseny,Pol-Ade,Plant-TvuF,7,11,18
Montseny,Pol-Ade,Plant-TvuHF,6,9,18
Montseny,Pol-Apl,Plant-Lst,9,10,18
Montseny,Pol-Eba,Plant-Bra,1,2,18
Montseny,Pol-And2,Plant-Csa,8,10,18
Montseny,Pol-And2,Plant-TvuHF,3,6,18
Montseny,Pol-And2,Plant-Lta,1,1,18
Montseny,Pol-Lpe,Plant-TvuF,3,9,18
Montseny,Pol-Lpe,Plant-TvuHF,5,8,18
Montseny,Pol-Lpe,Plant-Lta,1,1,18
Montseny,Pol-Lpe,Plant-Bra,2,2,18
Montseny,Pol-Cur1,Plant-Csa,3,4,18
Montseny,Pol-Ccr,Plant-Lst,1,7,18
Montseny,Pol-Ccr,Plant-TvuHF,2,5,18
Montseny,Pol-Osm7,Plant-Lst,1,1,18
Montseny,Pol-Osm7,Plant-TvuF,1,1,18
Montseny,Pol-Cru,Plant-Lst,3,5,18
Montseny,Pol-Cru,Plant-TvuF,3,5,18
Montseny,Pol-Cru,Plant-TvuHF,2,5,18
Montseny,Pol-Ich2,Plant-TvuHF,1,1,18
Montseny,Pol-Ant3,Plant-Lst,6,6,18
Montseny,Pol-Nom1,Plant-TvuHF,1,2,18
Montseny,Pol-Bom1,Plant-Lst,5,12,18
Montseny,Pol-Bom1,Plant-TvuF,7,12,18
Montseny,Pol-Bom1,Plant-TvuHF,7,10,18
Montseny,Pol-Bom1,Plant-Bra,1,2,18
Montseny,Pol-Att,Plant-Csa,1,2,18
Montseny,Pol-Att,Plant-Ech,1,2,18
Montseny,Pol-Att,Plant-Lta,1,1,18
Montseny,Pol-Att,Plant-Bra,1,1,18
Montseny,Pol-Ofl,Plant-TvuF,1,5,18
Montseny,Pol-Ofl,Plant-Bra,1,2,18
Montseny,Pol-Par,Plant-TvuF,4,7,18
Montseny,Pol-Par,Plant-Bra,2,2,18
Montseny,Pol-Ssc,Plant-TvuF,2,6,18
Montseny,Pol-Afu,Plant-Lta,1,1,18
Montseny,Pol-Bib1,Plant-TvuHF,1,1,18
Montseny,Pol-Adeg,Plant-Csa,3,4,18
Montseny,Pol-Pdo,Plant-TvuF,1,1,18
Montseny,Pol-Ahu,Plant-Csa,3,4,18
Montseny,Pol-Ahu,Plant-Lta,1,1,18
Montseny,Pol-Hal1,Plant-Csa,2,3,18
Montseny,Pol-Pra,Plant-TvuF,2,3,18
Montseny,Pol-Pra,Plant-TvuHF,3,3,18
Montseny,Pol-Ant2,Plant-Lst,4,6,18
Montseny,Pol-Anthr,Plant-Csa,2,3,18
Montseny,Pol-Anthr,Plant-Bra,1,1,18
Montseny,Pol-Ipo,Plant-TvuF,1,3,18
Montseny,Pol-Pan1,Plant-Lta,1,1,18
Montseny,Pol-Nom5,Plant-Lst,1,2,18
Montseny,Pol-Nom5,Plant-TvuF,1,2,18
Montseny,Pol-Ccy,Plant-Csa,1,4,18
Montseny,Pol-Ccu,Plant-Lst,5,6,18
Montseny,Pol-Ccu,Plant-TvuF,2,5,18
Montseny,Pol-Hop2,Plant-Lst,1,1,18
Montseny,Pol-Aan,Plant-TvuF,3,5,18
Montseny,Pol-Meg2,Plant-Lst,2,2,18
Montseny,Pol-Hsc,Plant-Lta,1,1,18
Montseny,Pol-Bte,Plant-Csa,7,18,18
Montseny,Pol-Bte,Plant-Cal,8,9,18
Montseny,Pol-Ant4,Plant-Lst,1,1,18
Montseny,Pol-Ant4,Plant-Gtr,1,1,18
Montseny,Pol-Lpe,Plant-Ger,1,3,18
Montseny,Pol-Lpe,Plant-Gal,1,1,18
Montseny,Pol-Lmi,Plant-Ger,1,5,18
Montseny,Pol-Lmi,Plant-Rbu,2,6,18
Montseny,Pol-Lmi,Plant-Gal,1,1,18
Montseny,Pol-Euc1,Plant-Lst,2,3,18
Montseny,Pol-Meg,Plant-Gtr,1,1,18
Montseny,Pol-Mel,Plant-Csc,10,11,18
Montseny,Pol-Mel,Plant-Rbu,4,6,18
Montseny,Pol-Sca,Plant-Cal,4,7,18
Montseny,Pol-Sca,Plant-Ger,1,4,18
Montseny,Pol-Eup,Plant-Csa,10,12,18
Montseny,Pol-Eup,Plant-Ger,1,5,18
Montseny,Pol-Ete,Plant-Tar,1,1,18
Montseny,Pol-Ort1,Plant-Rbu,1,4,18
Montseny,Pol-Ant5,Plant-Cal,1,1,18
Montseny,Pol-And,Plant-Rbu,1,3,18
Montseny,Pol-Che1,Plant-Csa,4,4,18
Montseny,Pol-Che1,Plant-Rbu,3,3,18
Montseny,Pol-Mer2,Plant-Csa,6,7,18
Montseny,Pol-Eba,Plant-Cal,5,9,18
Montseny,Pol-Eba,Plant-Ger,1,5,18
Montseny,Pol-Ade,Plant-Lst,2,11,18
Montseny,Pol-Ade,Plant-Gtr,1,2,18
Montseny,Pol-Ade,Plant-Ger,1,4,18
Montseny,Pol-Adi,Plant-Csa,2,6,18
Montseny,Pol-Adi,Plant-Lina,1,1,18
Montseny,Pol-Bom4,Plant-Csa,2,4,18
Montseny,Pol-Bom4,Plant-Cal,1,2,18
Montseny,Pol-Bom4,Plant-Lst,4,4,18
Montseny,Pol-Bom4,Plant-TvuF,3,4,18
Montseny,Pol-Bom4,Plant-Ger,2,2,18
Montseny,Pol-Bom4,Plant-Ata,1,1,18
Montseny,Pol-Bom4,Plant-Lina,1,1,18
Montseny,Pol-Lae,Plant-Cal,3,5,18
Montseny,Pol-Melig,Plant-Cal,2,8,18
Montseny,Pol-Bom1,Plant-Tar,1,1,18
Montseny,Pol-Bom1,Plant-Soc,5,5,18
Montseny,Pol-Bom1,Plant-Ger,3,5,18
Montseny,Pol-Bru1,Plant-Csa,4,4,18
Montseny,Pol-Bru1,Plant-Cal,1,2,18
Montseny,Pol-Bru1,Plant-Csc,3,3,18
Montseny,Pol-Cla,Plant-Aza,1,1,18
Montseny,Pol-Hal1,Plant-Lina,1,1,18
Montseny,Pol-And5,Plant-Csc,4,8,18
Montseny,Pol-Dip12,Plant-Ger,1,1,18
Montseny,Pol-Ase,Plant-Csa,6,6,18
Montseny,Pol-Ccu,Plant-Csa,3,7,18
Montseny,Pol-Par,Plant-Csc,2,6,18
Montseny,Pol-Par,Plant-Rbu,2,4,18
Montseny,Pol-Cur3,Plant-Csc,1,1,18
Montseny,Pol-Het5,Plant-Csa,1,1,18
Montseny,Pol-Lgr,Plant-Csa,10,13,18
Montseny,Pol-And11,Plant-Ger,1,1,18
Montseny,Pol-Nom5,Plant-Csa,1,2,18
Montseny,Pol-Ame,Plant-Son,1,4,18
Montseny,Pol-Eba,Plant-Csc,5,11,18
Montseny,Pol-Bom1,Plant-Csc,1,11,18
Montseny,Pol-Bru3,Plant-Csc,2,2,18
Montseny,Pol-Mor1,Plant-Rbu,1,2,18
Montseny,Pol-Col4,Plant-Rbu,1,1,18
Montseny,Pol-Ort2,Plant-Csa,7,7,18
Montseny,Pol-Ort2,Plant-Csc,1,5,18
Montseny,Pol-Ort2,Plant-Rbu,2,3,18
Montseny,Pol-Ant4,Plant-Soc,1,2,18
Montseny,Pol-Apl,Plant-Soc,2,4,18
Montseny,Pol-Ofl,Plant-Csc,1,5,18
Montseny,Pol-Ant3,Plant-Soc,1,2,18
Montseny,Pol-Sca,Plant-Csc,4,9,18
Montseny,Pol-Con,Plant-Csa,1,1,18
Montseny,Pol-Melig,Plant-Csc,2,8,18
Montseny,Pol-Melig,Plant-Son,1,2,18
Montseny,Pol-Ofu,Plant-Csc,1,7,18
Montseny,Pol-Eup,Plant-Csc,2,8,18
Montseny,Pol-Fge,Plant-Rbu,1,4,18
Montseny,Pol-Fge,Plant-Sho,1,2,18
Montseny,Pol-Mst,Plant-Soc,3,4,18
Montseny,Pol-Chry1,Plant-Csc,1,2,18
Montseny,Pol-Lgr,Plant-Csc,3,10,18
Montseny,Pol-Bom3,Plant-Soc,3,3,18
Montseny,Pol-Bom3,Plant-Ger,1,2,18
Montseny,Pol-Nom4,Plant-Csa,1,2,18
Montseny,Pol-Che1,Plant-Csc,1,3,18
Montseny,Pol-Che1,Plant-Son,1,1,18
Montseny,Pol-Syr5,Plant-Csa,1,1,18
Montseny,Pol-Bpa,Plant-Csc,2,6,18
Montseny,Pol-Red,Plant-Csa,1,3,18
Montseny,Pol-Lgran,Plant-Csa,1,2,18
Montseny,Pol-Cla,Plant-Csa,2,6,18
Montseny,Pol-Cla,Plant-Csc,1,4,18
Montseny,Pol-Cla,Plant-Rbu,1,3,18
Montseny,Pol-Chr,Plant-Csc,2,7,18
Montseny,Pol-Nom2,Plant-Csa,3,5,18
Montseny,Pol-Nom2,Plant-Rbu,1,2,18
Montseny,Pol-Col5,Plant-Csc,1,1,18
Montseny,Pol-Csc,Plant-Csc,1,2,18
Montseny,Pol-Ort1,Plant-Csc,2,8,18
Montseny,Pol-Dip6,Plant-Csa,1,1,18
Montseny,Pol-Mel,Plant-TvuF,7,12,18
Montseny,Pol-Mel,Plant-TvuHF,6,10,18
Montseny,Pol-Mel,Plant-Lco,1,4,18
Montseny,Pol-Mel,Plant-Hie,1,1,18
Montseny,Pol-Mel,Plant-Son,1,4,18
Montseny,Pol-Ani,Plant-TvuF,4,12,18
Montseny,Pol-Ani,Plant-Csc,2,9,18
Montseny,Pol-Ani,Plant-Son,1,4,18
Montseny,Pol-Sca,Plant-TvuF,2,10,18
Montseny,Pol-Sca,Plant-TvuHF,1,8,18
Montseny,Pol-Sca,Plant-Hie,1,1,18
Montseny,Pol-Sca,Plant-Son,1,3,18
Montseny,Pol-Eba,Plant-TvuHF,4,11,18
Montseny,Pol-Eba,Plant-Lvu,1,2,18
Montseny,Pol-Lgr,Plant-Pgr,1,1,18
Montseny,Pol-Lgr,Plant-Fve,1,2,18
Montseny,Pol-Bom3,Plant-Csa,1,5,18
Montseny,Pol-Bom3,Plant-Cal,1,3,18
Montseny,Pol-Bom3,Plant-TvuF,1,4,18
Montseny,Pol-Bom3,Plant-Son,1,2,18
Montseny,Pol-Bom3,Plant-Pgr,1,1,18
Montseny,Pol-And10,Plant-Csa,1,1,18
Montseny,Pol-And10,Plant-TvuHF,1,1,18
Montseny,Pol-And5,Plant-Cem,1,1,18
Montseny,Pol-And5,Plant-Lco,1,4,18
Montseny,Pol-Lmi,Plant-TvuF,5,13,18
Montseny,Pol-Lmi,Plant-TvuHF,6,11,18
Montseny,Pol-Lmi,Plant-Son,1,4,18
Montseny,Pol-Clan,Plant-Csa,1,2,18
Montseny,Pol-Bla,Plant-Csc,1,1,18
Montseny,Pol-Bom1,Plant-Lvu,2,2,18
Montseny,Pol-Bom1,Plant-Hie,1,1,18
Montseny,Pol-Bom1,Plant-Pgr,1,1,18
Montseny,Pol-Ich3,Plant-Ech,1,1,18
Montseny,Pol-And9,Plant-Hie,1,1,18
Montseny,Pol-Bpa,Plant-Cem,1,1,18
Montseny,Pol-Aful,Plant-TvuF,1,1,18
Montseny,Pol-Ete,Plant-TvuHF,2,8,18
Montseny,Pol-Dip1,Plant-TvuHF,4,8,18
Montseny,Pol-Apl,Plant-TvuF,1,11,18
Montseny,Pol-Mci,Plant-TvuHF,1,1,18
Montseny,Pol-Mci,Plant-Son,1,1,18
Montseny,Pol-Lep2,Plant-Lvu,2,2,18
Montseny,Pol-Eer,Plant-Cal,3,6,18
Montseny,Pol-Mel,Plant-Ech,7,9,18
Montseny,Pol-Bpa,Plant-Gtr,1,1,18
Montseny,Pol-Bpa,Plant-Lco,1,4,18
Montseny,Pol-Lgr,Plant-Ech,4,7,18
Montseny,Pol-Lgr,Plant-Eam,1,1,18
Montseny,Pol-Eba,Plant-Ech,6,10,18
Montseny,Pol-Eba,Plant-Eam,1,1,18
Montseny,Pol-Eba,Plant-Son,2,4,18
Montseny,Pol-Bru2,Plant-Eam,1,1,18
Montseny,Pol-Bru2,Plant-Csc,1,1,18
Montseny,Pol-Ssc,Plant-Csc,1,4,18
Montseny,Pol-Apl,Plant-Ama,1,1,18
Montseny,Pol-Dip23,Plant-Ech,1,1,18
Montseny,Pol-Dip23,Plant-Rbu,1,1,18
Montseny,Pol-Lmi,Plant-Eam,1,1,18
Montseny,Pol-Cla,Plant-Ech,3,4,18
Montseny,Pol-Mer1,Plant-Csa,2,2,18
Montseny,Pol-Bte,Plant-Gtr,1,2,18
Montseny,Pol-Call,Plant-TvuHF,1,7,18
Montseny,Pol-Call,Plant-Ech,6,7,18
Montseny,Pol-Fge,Plant-Ech,5,6,18
Montseny,Pol-And5,Plant-Eam,1,1,18
Montseny,Pol-Osm3,Plant-Gtr,1,1,18
Montseny,Pol-Het4,Plant-Csa,1,1,18
Montseny,Pol-Bom1,Plant-Lco,1,4,18
Montseny,Pol-Adi,Plant-Lst,5,6,18
Montseny,Pol-Aca,Plant-TvuF,1,1,18
Montseny,Pol-Aca,Plant-Ama,1,1,18
Montseny,Pol-Oca,Plant-Lco,3,3,18
Montseny,Pol-Lpe,Plant-Eam,1,1,18
Montseny,Pol-Eri1,Plant-Csa,3,5,18
Montseny,Pol-Eri1,Plant-TvuHF,2,5,18
Montseny,Pol-Ani,Plant-Aza,1,4,18
Montseny,Pol-Ani,Plant-Tof,1,2,18
Montseny,Pol-And3,Plant-Csa,3,3,18
Montseny,Pol-And3,Plant-Cal,1,2,18
Montseny,Pol-And3,Plant-TvuF,1,2,18
Montseny,Pol-And3,Plant-Tof,1,1,18
Montseny,Pol-Lmi,Plant-Tof,3,3,18
Montseny,Pol-Mel,Plant-Aza,2,4,18
Montseny,Pol-Mel,Plant-Sen,1,1,18
Montseny,Pol-Mel,Plant-Tof,2,3,18
Montseny,Pol-Mel,Plant-Ama,1,2,18
Montseny,Pol-Mel,Plant-Ger,1,5,18
Montseny,Pol-Mel,Plant-Cer,1,1,18
Montseny,Pol-Mel,Plant-Hgu,1,1,18
Montseny,Pol-Sca,Plant-Lst,3,11,18
Montseny,Pol-Sca,Plant-Sen,1,1,18
Montseny,Pol-Sca,Plant-Tof,2,2,18
Montseny,Pol-Sca,Plant-Rbu,1,6,18
Montseny,Pol-Sca,Plant-Cer,1,1,18
Montseny,Pol-Melig,Plant-Rbu,1,5,18
Montseny,Pol-Lgr,Plant-TvuF,3,10,18
Montseny,Pol-Ade,Plant-Cal,2,7,18
Montseny,Pol-Ade,Plant-Sen,1,1,18
Montseny,Pol-Ade,Plant-Cer,1,1,18
Montseny,Pol-Eup,Plant-Tof,2,3,18
Montseny,Pol-Ete,Plant-TvuF,2,10,18
Montseny,Pol-Ccr,Plant-Ech,5,6,18
Montseny,Pol-Ort2,Plant-Lst,1,6,18
Montseny,Pol-Nom6,Plant-TvuF,1,1,18
Montseny,Pol-Ort1,Plant-Cal,1,6,18
Montseny,Pol-And2,Plant-Cal,2,6,18
Montseny,Pol-And2,Plant-Tof,1,3,18
Montseny,Pol-And2,Plant-Rbu,1,3,18
Montseny,Pol-And2,Plant-Cer,1,1,18
Montseny,Pol-Ant2,Plant-Cal,1,4,18
Montseny,Pol-Ant2,Plant-Aza,1,2,18
Montseny,Pol-Ant2,Plant-Lat,1,1,18
Montseny,Pol-Ccu,Plant-Tof,2,3,18
Montseny,Pol-And8,Plant-Csa,1,1,18
Montseny,Pol-Eba,Plant-Sen,1,1,18
Montseny,Pol-Eba,Plant-Rbu,3,6,18
Montseny,Pol-Hsc,Plant-Cal,1,3,18
Montseny,Pol-Bom3,Plant-Lat,1,1,18
Montseny,Pol-Dip3,Plant-Aza,1,1,18
Montseny,Pol-Ppy,Plant-Cal,1,7,18
Montseny,Pol-Lph,Plant-Ger,1,1,18
Montseny,Pol-Nom1,Plant-TvuF,1,3,18
Montseny,Pol-Lsi,Plant-Ama,1,1,18
Montseny,Pol-Bte,Plant-Vcr,1,1,18
Montseny,Pol-Bpa,Plant-Vcr,1,1,18
Montseny,Pol-Bpa,Plant-Tpr,1,1,18
Montseny,Pol-Euc1,Plant-Vcr,1,1,18
Montseny,Pol-Euc1,Plant-Vic,1,1,18
Montseny,Pol-Dip5,Plant-Lvu,1,1,18
Montseny,Pol-Bru1,Plant-Lvu,1,1,18
Montseny,Pol-Ame,Plant-Vcr,1,1,18
Montseny,Pol-Ame,Plant-Tof,1,3,18
Montseny,Pol-Ame,Plant-Lvu,1,2,18
Montseny,Pol-Apl,Plant-Vcr,1,1,18
Montseny,Pol-Mel,Plant-Lvu,1,2,18
Montseny,Pol-Mel,Plant-Fve,1,2,18
Montseny,Pol-Mel,Plant-Sho,1,2,18
Montseny,Pol-Sca,Plant-Svu,1,2,18
Montseny,Pol-Sca,Plant-Sho,1,2,18
Montseny,Pol-Eup,Plant-Ain,1,1,18
Montseny,Pol-Eup,Plant-Lvu,1,1,18
Montseny,Pol-Eba,Plant-Lco,1,4,18
Montseny,Pol-Ppy,Plant-Ese,1,1,18
Montseny,Pol-Ppy,Plant-Vcr,1,1,18
Montseny,Pol-Ppy,Plant-Lvu,1,1,18
Montseny,Pol-Mir,Plant-Ese,1,1,18
Montseny,Pol-Ani,Plant-Sho,1,2,18
Montseny,Pol-Che1,Plant-Lvu,1,1,18
Montseny,Pol-Che1,Plant-Sho,1,2,18
Montseny,Pol-Eer,Plant-Csa,6,9,18
Montseny,Pol-Eer,Plant-Csc,2,5,18
Montseny,Pol-Dip22,Plant-Csc,1,1,18
Montseny,Pol-Dip22,Plant-Lco,1,1,18
Montseny,Pol-Dip22,Plant-Lvu,1,1,18
Montseny,Pol-Dip22,Plant-Rbu,1,1,18
Montseny,Pol-Ete,Plant-Csc,1,10,18
Montseny,Pol-Ete,Plant-Lvu,1,2,18
Montseny,Pol-Aful,Plant-Csa,1,2,18
Montseny,Pol-Ant,Plant-Csa,1,6,18
Montseny,Pol-Ant,Plant-Vcr,1,1,18
Montseny,Pol-Che2,Plant-Rbu,1,1,18
Montseny,Pol-Che2,Plant-Sho,1,1,18
Montseny,Pol-Osm3,Plant-Csa,2,5,18
Montseny,Pol-Osm3,Plant-Vcr,1,1,18
Montseny,Pol-Osm3,Plant-Ain,1,1,18
Montseny,Pol-Osm6,Plant-Lco,1,1,18
Montseny,Pol-Nom1,Plant-Csa,1,5,18
Montseny,Pol-Ssc,Plant-Sho,1,1,18
Montseny,Pol-And5,Plant-Vcr,1,1,18
Montseny,Pol-Ant3,Plant-Vcr,1,1,18
Montseny,Pol-Ich1,Plant-Cmon,1,1,18
Montseny,Pol-Dip2,Plant-Csa,6,9,18
Montseny,Pol-Nom4,Plant-Sho,1,2,18
Montseny,Pol-Dip3,Plant-Sho,1,1,18
Montseny,Pol-Anthr,Plant-Lvu,1,1,18
Montseny,Pol-Ahu,Plant-Rbu,1,2,18
Montseny,Pol-Che3,Plant-Csa,1,1,18
Montseny,Pol-Ame,Plant-Ech,1,10,18
Montseny,Pol-Bte,Plant-Pbi,1,4,18
Montseny,Pol-Bte,Plant-Vpu,1,1,18
Montseny,Pol-Apl,Plant-Csc,1,9,18
Montseny,Pol-Ant,Plant-Lst,5,5,18
Montseny,Pol-Ant,Plant-TvuHF,1,4,18
Montseny,Pol-Lmi,Plant-Vpu,1,1,18
Montseny,Pol-And5,Plant-Lst,1,5,18
Montseny,Pol-And6,Plant-Csa,1,1,18
Montseny,Pol-Ccu,Plant-TvuHF,1,3,18
Montseny,Pol-Ccu,Plant-Ger,1,4,18
Montseny,Pol-Mel,Plant-Vpu,1,1,18
Montseny,Pol-Eba,Plant-Vpu,1,1,18
Montseny,Pol-Eup,Plant-Cal,1,5,18
Montseny,Pol-Eup,Plant-TvuHF,1,7,18
Montseny,Pol-Ete,Plant-Lst,1,11,18
Montseny,Pol-Dip2,Plant-Cal,1,4,18
Montseny,Pol-Dip2,Plant-Ech,3,4,18
Montseny,Pol-Dip2,Plant-Csc,2,6,18
Montseny,Pol-Dip4,Plant-Csa,1,2,18
Montseny,Pol-Dip4,Plant-Cal,1,2,18
Montseny,Pol-Dip4,Plant-Csc,1,2,18
Montseny,Pol-Dip1,Plant-Cal,2,6,18
Montseny,Pol-Dip1,Plant-Ech,5,7,18
Montseny,Pol-Dip1,Plant-Lco,1,2,18
Montseny,Pol-Luc,Plant-TvuF,1,4,18
Montseny,Pol-Luc,Plant-Ech,5,5,18
Montseny,Pol-Das,Plant-Cal,3,6,18
Montseny,Pol-Melig,Plant-Vpu,1,1,18
Montseny,Pol-Ofl,Plant-Cal,1,4,18
Montseny,Pol-Ofl,Plant-Ech,1,4,18
Montseny,Pol-Ade,Plant-Ech,1,7,18
Montseny,Pol-Sse,Plant-Lco,1,1,18
Montseny,Pol-Lgr,Plant-Vpu,1,1,18
Montseny,Pol-Fge,Plant-TvuF,1,7,18
Montseny,Pol-Mec,Plant-Ech,1,1,18
Montseny,Pol-Bpa,Plant-Pbi,1,1,18
Montseny,Pol-Hop1,Plant-Lst,2,2,18
Montseny,Pol-Meg3,Plant-Lst,1,1,18
Montseny,Pol-And7,Plant-TvuF,1,1,18
Montseny,Pol-Mer2,Plant-Tof,1,2,18
Montseny,Pol-Bom4,Plant-TvuHF,2,3,18
Montseny,Pol-Bom4,Plant-Lco,1,1,18
Montseny,Pol-Dip3,Plant-Ech,3,4,18
Montseny,Pol-Ofu,Plant-Cal,3,8,18
Montseny,Pol-Ipo,Plant-TvuHF,1,3,18
Montseny,Pol-Dba,Plant-TvuHF,1,3,18
Montseny,Pol-Dba,Plant-Ech,4,4,18
Montseny,Pol-Dba,Plant-Pbi,1,3,18
Montseny,Pol-Gym2,Plant-Ech,1,1,18
Montseny,Pol-Dan,Plant-Cal,2,4,18
Montseny,Pol-Dan,Plant-TvuHF,1,5,18
Montseny,Pol-Mal1,Plant-Csa,2,2,18
Montseny,Pol-Mal1,Plant-Cal,2,2,18
Montseny,Pol-Oca,Plant-Lst,2,5,18
Montseny,Pol-Oca,Plant-Tof,1,2,18
Montseny,Pol-Hyl1,Plant-TvuF,1,1,18
Montseny,Pol-Hyl1,Plant-TvuHF,1,1,18
Montseny,Pol-Chr,Plant-Ech,1,3,18
Montseny,Pol-Gym3,Plant-Ech,1,1,18
Montseny,Pol-Cur2,Plant-Cal,1,1,18
Montseny,Pol-Cur2,Plant-Vpu,1,1,18
Montseny,Pol-Ppa,Plant-TvuHF,4,8,18
Montseny,Pol-Het2,Plant-Tof,1,1,18
Montseny,Pol-Ccy,Plant-TvuF,2,4,18
Montseny,Pol-Ccy,Plant-Tof,1,1,18
Montseny,Pol-Par,Plant-Tof,1,2,18
Montseny,Pol-Gym1,Plant-TvuHF,1,1,18
Montseny,Pol-Afu,Plant-Ech,1,4,18
Montseny,Pol-Afu,Plant-Sin,1,1,18
Montseny,Pol-Cla,Plant-Vpu,1,1,18
Montseny,Pol-Ccro,Plant-Cal,1,1,18
Montseny,Pol-Osm3,Plant-Lst,2,4,18
Montseny,Pol-Osm3,Plant-TvuF,2,3,18
Montseny,Pol-Osm5,Plant-Csa,1,1,18
Montseny,Pol-Osm5,Plant-Lco,1,1,18
Montseny,Pol-Eri1,Plant-Ech,3,4,18
Montseny,Pol-Chry1,Plant-Csa,1,2,18
Montseny,Pol-Adeg,Plant-Sin,1,2,18
Montseny,Pol-Lep2,Plant-Csa,1,3,18
Montseny,Pol-Red,Plant-TvuHF,1,2,18
Montseny,Pol-Aan,Plant-Csc,1,3,18
Montseny,Pol-Eer,Plant-Ech,2,6,18
Montseny,Pol-Gcl,Plant-Cal,1,1,18
Montseny,Pol-Gcl,Plant-Lco,1,1,18
Montseny,Pol-Mst,Plant-TvuF,1,6,18
Montseny,Pol-Syr4,Plant-Csa,2,2,18
Montseny,Pol-Lme,Plant-Lst,1,1,18
Montseny,Pol-Lmi,Plant-Lst,3,14,18
Montseny,Pol-Lci,Plant-Csa,1,2,18
Montseny,Pol-Zyg,Plant-Csa,1,1,18
Montseny,Pol-Zyg,Plant-Csc,1,1,18
Montseny,Pol-Hal1,Plant-Csc,1,2,18
Montseny,Pol-Afu,Plant-Csc,1,6,18
Montseny,Pol-Ant2,Plant-Csa,2,7,18
Montseny,Pol-Nit1,Plant-Csa,1,2,18
Montseny,Pol-Nit1,Plant-Csc,1,1,18
Montseny,Pol-Lep1,Plant-Csa,1,1,18
Montseny,Pol-Lep1,Plant-Lst,1,1,18
Montseny,Pol-Lgran,Plant-Lst,1,1,18
Montseny,Pol-Xvi,Plant-Csa,1,1,18
Montseny,Pol-Mel,Plant-Cmo,2,2,18
Montseny,Pol-Eba,Plant-Ecy,1,2,18
Montseny,Pol-Eba,Plant-Cmo,2,2,18
Montseny,Pol-Ete,Plant-Ech,1,7,18
Montseny,Pol-Syr4,Plant-Csc,1,2,18
Montseny,Pol-Pse,Plant-Csa,1,3,18
Montseny,Pol-Pse,Plant-Cmo,1,1,18
Montseny,Pol-Dip2,Plant-TvuHF,2,6,18
Montseny,Pol-Dip2,Plant-Ecy,1,1,18
Montseny,Pol-Bom1,Plant-Lin,1,1,18
Montseny,Pol-Cae,Plant-Ech,1,1,18
Montseny,Pol-Melec1,Plant-Lst,2,2,18
Montseny,Pol-Ofl,Plant-Ecy,1,2,18
Montseny,Pol-Ofl,Plant-Cmo,1,1,18
Montseny,Pol-Ccr,Plant-Ecy,1,1,18
Montseny,Pol-Had,Plant-Csa,2,2,18
Montseny,Pol-Aan,Plant-TvuHF,1,5,18
Montseny,Pol-And2,Plant-Lst,2,9,18
Montseny,Pol-And2,Plant-Ecy,1,1,18
Montseny,Pol-Ole,Plant-Lst,3,3,18
Montseny,Pol-Ole,Plant-TvuF,1,3,18
Montseny,Pol-Ole,Plant-TvuHF,1,3,18
Montseny,Pol-Oru,Plant-Lst,2,3,18
Montseny,Pol-Eri1,Plant-Ecy,1,1,18
Montseny,Pol-Par,Plant-Csa,1,10,18
Montseny,Pol-Par,Plant-Cal,1,5,18
Montseny,Pol-Par,Plant-TvuHF,4,6,18
Montseny,Pol-Cpi,Plant-Ech,1,1,18
Montseny,Pol-Cpi,Plant-Ecy,1,1,18
Montseny,Pol-Ade,Plant-Cmo,1,2,18
Montseny,Pol-Melig,Plant-Ecy,1,2,18
Montseny,Pol-Ort2,Plant-Cal,1,4,18
Montseny,Pol-Ort2,Plant-Ecy,1,1,18
Montseny,Pol-Ort2,Plant-Cmo,1,1,18
Montseny,Pol-Dba,Plant-Ecy,1,1,18
Montseny,Pol-Osm,Plant-Lst,1,1,18
Montseny,Pol-Lpe,Plant-Ech,1,7,18
Montseny,Pol-Lpe,Plant-Cmo,2,2,18
Montseny,Pol-Dip4,Plant-Ecy,1,1,18
Montseny,Pol-Mir,Plant-Cmo,1,1,18
Montseny,Pol-Ani,Plant-Lst,1,12,18
Montseny,Pol-Ani,Plant-TvuHF,2,10,18
Montseny,Pol-Ani,Plant-Cmo,2,2,18
Montseny,Pol-Chal,Plant-Ecy,1,2,18
Montseny,Pol-Oph,Plant-TvuF,1,1,18
Montseny,Pol-Oph,Plant-Ecy,1,1,18
Montseny,Pol-Afu,Plant-Rbu,1,2,18
Montseny,Pol-Att,Plant-Ecy,1,1,18
Montseny,Pol-Ipo,Plant-Lst,1,3,18
Montseny,Pol-Bpa,Plant-Lst,1,3,18
Montseny,Pol-Anthr,Plant-Ecy,1,1,18
Montseny,Pol-Spe,Plant-Ecy,1,1,18
Montseny,Pol-Pen2,Plant-Lst,1,1,18
Montseny,Pol-Pen2,Plant-Ech,1,1,18
Montseny,Pol-Ort1,Plant-Ecy,1,2,18
Montseny,Pol-Ccy,Plant-Lst,2,4,18
Montseny,Pol-Ccy,Plant-TvuHF,1,4,18
Montseny,Pol-Nom2,Plant-TvuF,1,2,18
Montseny,Pol-Ssc,Plant-Csa,3,8,18
Montseny,Pol-Red,Plant-Cmo,1,1,18
Montseny,Pol-Nom,Plant-Csa,1,1,18
Montseny,Pol-Mer2,Plant-TvuHF,1,4,18
Montseny,Pol-Cal,Plant-TvuHF,1,1,18
Montseny,Pol-Apl,Plant-TvuHF,1,10,18
Montseny,Pol-Call,Plant-Csa,1,8,18
Montseny,Pol-Dip1,Plant-Csa,3,9,18
Montseny,Pol-Dip1,Plant-TvuF,2,8,18
Montseny,Pol-Col3,Plant-Csa,1,1,18
Montseny,Pol-Dip11,Plant-Ech,1,1,18
Montseny,Pol-Grh,Plant-Csa,1,1,18
Montseny,Pol-Sca,Plant-Ech,1,8,18
Montseny,Pol-Ofu,Plant-Ech,1,8,18
Montseny,Pol-Mst,Plant-Lst,3,6,18
Montseny,Pol-Ant2,Plant-TvuHF,1,3,18
Montseny,Pol-Ssc,Plant-TvuHF,1,6,18
Montseny,Pol-Pse,Plant-Ech,1,3,18
Montseny,Pol-Bte,Plant-Dpe,1,1,18
Montseny,Pol-Bte,Plant-Svu,1,2,18
Montseny,Pol-Nit1,Plant-Evu,1,1,18
Montseny,Pol-Cer1,Plant-Evu,1,1,18
Montseny,Pol-Mir,Plant-Csa,1,3,18
Montseny,Pol-Mir,Plant-Aza,1,1,18
Montseny,Pol-Mir,Plant-Pbi,1,1,18
Montseny,Pol-Ort3,Plant-Lob,1,1,18
Montseny,Pol-Chal,Plant-Ech,1,3,18
Montseny,Pol-Vge,Plant-Ech,1,1,18
Montseny,Pol-Mel,Plant-Dpe,1,1,18
Montseny,Pol-Gym1,Plant-Ech,1,2,18
Montseny,Pol-Cur1,Plant-Lst,1,4,18
Montseny,Pol-Oed1,Plant-Csa,1,1,18
Montseny,Pol-Oed1,Plant-Cal,1,1,18
Montseny,Pol-Lci,Plant-Ech,1,1,18
Montseny,Pol-Ant,Plant-Pbi,1,2,18
Montseny,Pol-Ant,Plant-Evu,1,1,18
Montseny,Pol-Nom1,Plant-Lst,2,4,18
Montseny,Pol-Het2,Plant-Csa,2,3,18
Montseny,Pol-Ort4,Plant-Lob,1,1,18
Montseny,Pol-Oca,Plant-Cal,1,3,18
Montseny,Pol-Bru2,Plant-Cal,1,1,18
Montseny,Pol-Otr,Plant-Lst,2,2,18
Montseny,Pol-Ame,Plant-Soc,1,5,18
Montseny,Pol-Lmi,Plant-Soc,1,5,18
Montseny,Pol-Sca,Plant-Soc,1,4,18
Montseny,Pol-Mel,Plant-Soc,2,5,18
Montseny,Pol-Mel,Plant-Sin,1,2,18
Montseny,Pol-Eba,Plant-Lst,1,14,18
Montseny,Pol-Eba,Plant-TvuF,1,13,18
Montseny,Pol-Eba,Plant-Soc,1,5,18
Montseny,Pol-Xan,Plant-Soc,1,1,18
Montseny,Pol-Bme,Plant-Lst,1,1,18
Montseny,Pol-Bom4,Plant-Soc,1,2,18
Montseny,Pol-Tep,Plant-Ech,1,1,18
Montseny,Pol-Ofl,Plant-Soc,1,3,18
Montseny,Pol-Euc1,Plant-Pbi,1,1,18
Montseny,Pol-Lpe,Plant-Pbi,1,3,18
Montseny,Pol-Lpe,Plant-Soc,2,4,18
Montseny,Pol-Meg,Plant-Lst,2,3,18
Montseny,Pol-Eup,Plant-Soc,2,5,18
Montseny,Pol-Hsc,Plant-Lst,1,5,18
Montseny,Pol-Osm1,Plant-Lst,1,1,18
Montseny,Pol-Osm1,Plant-Ech,1,1,18
Montseny,Pol-And,Plant-Lst,1,3,18
Montseny,Pol-Mer2,Plant-Soc,1,3,18
Montseny,Pol-Chr,Plant-TvuF,1,6,18
Montseny,Pol-Anthi1,Plant-Lst,1,1,18
Montseny,Pol-Tro,Plant-Csa,1,1,18
Montseny,Pol-Tro,Plant-TvuF,1,1,18
Montseny,Pol-Tro,Plant-Bra,1,1,18
Montseny,Pol-Ant1,Plant-Soc,1,1,18
Montseny,Pol-Osm2,Plant-Lst,1,1,18
Montseny,Pol-Spe,Plant-Csa,1,2,18
Montseny,Pol-Het3,Plant-Ech,1,1,18
Montseny,Pol-Hsu,Plant-Csa,1,1,18
Montseny,Pol-Hsu,Plant-Bra,1,1,18
Montseny,Pol-Call,Plant-Bra,1,1,18
Montseny,Pol-Dip2,Plant-TvuF,2,6,18
Montseny,Pol-Oru,Plant-Csa,1,3,18
Montseny,Pol-Nom3,Plant-Csa,1,1,18
Montseny,Pol-Lgr,Plant-Cal,1,7,18
Montseny,Pol-Lgr,Plant-Soc,1,5,18
Montseny,Pol-Bom3,Plant-Lst,1,3,18
Montseny,Pol-Fge,Plant-Soc,1,3,18
Montseny,Pol-Chal,Plant-TvuF,1,3,18
Montseny,Pol-Ifa,Plant-Lst,1,1,18
Montseny,Pol-Mel,Plant-Lst,2,13,18
Montseny,Pol-Das,Plant-Soc,1,3,18
Montseny,Pol-Lgr,Plant-Lst,1,9,18
Montseny,Pol-Lgr,Plant-TvuHF,1,8,18
Montseny,Pol-Lph,Plant-TvuHF,1,1,18
Montseny,Pol-Mst,Plant-TvuHF,2,6,18
Montseny,Pol-Bom3,Plant-TvuHF,1,3,18
Montseny,Pol-Ccr,Plant-Csa,1,7,18
Montseny,Pol-Ccr,Plant-TvuF,2,6,18
Montseny,Pol-Ame,Plant-Aza,1,4,18
Montseny,Pol-Eup,Plant-TvuF,1,9,18
Montseny,Pol-Eup,Plant-Aza,1,3,18
Montseny,Pol-Cpi,Plant-Csa,1,2,18
Montseny,Pol-Cpi,Plant-TvuF,1,2,18
Montseny,Pol-Cpi,Plant-Csc,1,2,18
Montseny,Pol-Ppy,Plant-Lst,1,12,18
Montseny,Pol-Eup,Plant-Son,1,3,18
Montseny,Pol-And1,Plant-Son,1,1,18
Montseny,Pol-Gme,Plant-Lst,1,1,18
Montseny,Pol-Ant3,Plant-Pbi,1,2,18
Montseny,Pol-Eer,Plant-Son,1,2,18
Montseny,Pol-Clan,Plant-Son,1,2,18
Montseny,Pol-Mal1,Plant-Pbi,1,2,18
Montseny,Pol-Ppy,Plant-Ech,1,8,18
Montseny,Pol-Pse,Plant-Lst,1,3,18
Montseny,Pol-Pse,Plant-TvuHF,1,3,18
Montseny,Pol-Bom2,Plant-Lst,1,1,18
Montseny,Pol-Meg1,Plant-Lst,1,1,18
Montseny,Pol-Nom2,Plant-TvuHF,1,2,18
Montseny,Pol-And3,Plant-Son,1,1,18
Montseny,Pol-Het1,Plant-Cal,1,1,18
Montseny,Pol-Mor1,Plant-Son,1,2,18
Montseny,Pol-Ant,Plant-Cmo,1,2,18
Montseny,Pol-Lmi,Plant-Cmo,1,2,18
Montseny,Pol-Eup,Plant-Cmo,1,1,18
Montseny,Pol-Dip1,Plant-Upa,1,1,18
Montseny,Pol-Ofu,Plant-TvuHF,1,9,18
Montseny,Pol-Ofu,Plant-Cmo,1,2,18
Montseny,Pol-Ase,Plant-Cmo,1,2,18
Montseny,Pol-Bte,Plant-Upa,1,2,18
Montseny,Pol-Coll,Plant-Lst,1,1,18
Montseny,Pol-Xan,Plant-Csa,1,2,18
Montseny,Pol-Xan,Plant-TvuHF,1,2,18
Montseny,Pol-Chr,Plant-TvuHF,1,5,18
Montseny,Pol-Afu,Plant-Cmo,1,2,18
Montseny,Pol-Tsq,Plant-Cmo,1,1,18
Montseny,Pol-Pae,Plant-TvuF,1,1,18
Montseny,Pol-Call,Plant-TvuF,1,7,18
Montseny,Pol-Oca,Plant-Csa,1,6,18
