"site","consumer","resource"
"P1","Trypoxylon.sp1","Euphorbia.flavicoma"
"P1","Tropinota.squalida","Cistus.albidus"
"P1","Tropinota.squalida","Cistus.salviifolius"
"P1","Tropinota.squalida","Rosmarinus.officinalis"
"P1","Tropinota.squalida","Thymus.vulgaris"
"P1","Tropinota.sp1","Cistus.albidus"
"P1","Tropinota.sp1","Cistus.salviifolius"
"P1","Tropinota.sp1","Rosmarinus.officinalis"
"P1","Tropinota.sp1","Thymus.vulgaris"
"P1","Sphecodes.pseudofasciatus","Cistus.salviifolius"
"P1","Sphecodes.pseudofasciatus","Euphorbia.flavicoma"
"P1","Rhodanthidium.sticticum","Cistus.albidus"
"P1","Rhodanthidium.sticticum","Cistus.salviifolius"
"P1","Rhodanthidium.sticticum","Euphorbia.flavicoma"
"P1","Rhodanthidium.sticticum","Gladiolus.illyricus"
"P1","Rhodanthidium.sticticum","Rosmarinus.officinalis"
"P1","Rhodanthidium.sticticum","Thymus.vulgaris"
"P1","Rhodanthidium.septemdentatum","Cistus.albidus"
"P1","Rhodanthidium.septemdentatum","Cistus.salviifolius"
"P1","Rhodanthidium.septemdentatum","Gladiolus.illyricus"
"P1","Rhodanthidium.septemdentatum","Thymus.vulgaris"
"P1","Pyronia.bathseba","Cistus.albidus"
"P1","Pyronia.bathseba","Rosmarinus.officinalis"
"P1","Pyronia.bathseba","Thymus.vulgaris"
"P1","Psilothrix.viridicoerulea","Cistus.albidus"
"P1","Polistes.dominulus","Cistus.albidus"
"P1","Polistes.dominulus","Cistus.salviifolius"
"P1","Polistes.dominulus","Euphorbia.flavicoma"
"P1","Polistes.dominulus","Rosmarinus.officinalis"
"P1","Polistes.dominulus","Thymus.vulgaris"
"P1","Platynochaetus.setosus","Cistus.albidus"
"P1","Platynochaetus.setosus","Cistus.salviifolius"
"P1","Platynochaetus.setosus","Euphorbia.flavicoma"
"P1","Platynochaetus.setosus","Rosmarinus.officinalis"
"P1","Platynochaetus.setosus","Thymus.vulgaris"
"P1","Pieris.rapae","Rosmarinus.officinalis"
"P1","Pieris.rapae","Thymus.vulgaris"
"P1","Oxythyrea.funesta","Aphyllanthes.monspeliensis"
"P1","Oxythyrea.funesta","Cistus.albidus"
"P1","Oxythyrea.funesta","Cistus.salviifolius"
"P1","Oxythyrea.funesta","Rosmarinus.officinalis"
"P1","Oxythyrea.funesta","Thymus.vulgaris"
"P1","Osmia.rufohirta","Cistus.albidus"
"P1","Osmia.rufohirta","Cistus.salviifolius"
"P1","Osmia.rufohirta","Fumana.laevipes"
"P1","Osmia.rufohirta","Gladiolus.illyricus"
"P1","Osmia.rufohirta","Thymus.vulgaris"
"P1","Osmia.gallarum","Cistus.albidus"
"P1","Osmia.gallarum","Cistus.salviifolius"
"P1","Osmia.gallarum","Euphorbia.flavicoma"
"P1","Osmia.gallarum","Rosmarinus.officinalis"
"P1","Osmia.gallarum","Thymus.vulgaris"
"P1","Oedemera.flavipes","Cistus.albidus"
"P1","Oedemera.flavipes","Cistus.salviifolius"
"P1","Oedemera.flavipes","Euphorbia.flavicoma"
"P1","Oedemera.flavipes","Gladiolus.illyricus"
"P1","Oedemera.flavipes","Rosmarinus.officinalis"
"P1","Oedemera.flavipes","Thymus.vulgaris"
"P1","Nomada.sheppardana","Cistus.salviifolius"
"P1","Nomada.sheppardana","Thymus.vulgaris"
"P1","Mordellistena.sp4","Cistus.albidus"
"P1","Mordellistena.sp4","Cistus.salviifolius"
"P1","Mordellistena.sp1","Cistus.albidus"
"P1","Mordellistena.sp1","Cistus.salviifolius"
"P1","Mordellistena.sp1","Rosmarinus.officinalis"
"P1","Minoa.murinata","Euphorbia.flavicoma"
"P1","Minoa.murinata","Thymus.vulgaris"
"P1","Merodon.funestus","Cistus.albidus"
"P1","Merodon.funestus","Cistus.salviifolius"
"P1","Merodon.funestus","Euphorbia.flavicoma"
"P1","Merodon.funestus","Thymus.vulgaris"
"P1","Meligethes.sp1","Cistus.albidus"
"P1","Meligethes.sp1","Cistus.salviifolius"
"P1","Meligethes.sp1","Euphorbia.flavicoma"
"P1","Meligethes.sp1","Rosmarinus.officinalis"
"P1","Meligethes.sp1","Thymus.vulgaris"
"P1","Megachile.pyrenaica","Cistus.albidus"
"P1","Megachile.pyrenaica","Rosmarinus.officinalis"
"P1","Megachile.pyrenaica","Thymus.vulgaris"
"P1","Lobonyx.aeneus","Cistus.albidus"
"P1","Lobonyx.aeneus","Cistus.salviifolius"
"P1","Lobonyx.aeneus","Gladiolus.illyricus"
"P1","Lobonyx.aeneus","Rosmarinus.officinalis"
"P1","Lobonyx.aeneus","Thymus.vulgaris"
"P1","Lasioglossum.transitorium","Cistus.albidus"
"P1","Lasioglossum.transitorium","Cistus.salviifolius"
"P1","Lasioglossum.transitorium","Euphorbia.flavicoma"
"P1","Lasioglossum.transitorium","Fumana.laevipes"
"P1","Lasioglossum.transitorium","Gladiolus.illyricus"
"P1","Lasioglossum.transitorium","Rosmarinus.officinalis"
"P1","Lasioglossum.transitorium","Thymus.vulgaris"
"P1","Lasioglossum.subhirtum","Cistus.albidus"
"P1","Lasioglossum.subhirtum","Cistus.salviifolius"
"P1","Lasioglossum.subhirtum","Euphorbia.flavicoma"
"P1","Lasioglossum.subhirtum","Gladiolus.illyricus"
"P1","Lasioglossum.subhirtum","Rosmarinus.officinalis"
"P1","Lasioglossum.subhirtum","Thymus.vulgaris"
"P1","Lasioglossum.morio","Cistus.albidus"
"P1","Lasioglossum.morio","Cistus.salviifolius"
"P1","Lasioglossum.morio","Euphorbia.flavicoma"
"P1","Lasioglossum.morio","Fumana.laevipes"
"P1","Lasioglossum.morio","Gladiolus.illyricus"
"P1","Lasioglossum.morio","Rosmarinus.officinalis"
"P1","Lasioglossum.morio","Thymus.vulgaris"
"P1","Lasioglossum.mediterraneum","Cistus.albidus"
"P1","Lasioglossum.mediterraneum","Cistus.salviifolius"
"P1","Lasioglossum.mediterraneum","Euphorbia.flavicoma"
"P1","Lasioglossum.mediterraneum","Gladiolus.illyricus"
"P1","Lasioglossum.mediterraneum","Rosmarinus.officinalis"
"P1","Lasioglossum.mediterraneum","Thymus.vulgaris"
"P1","Lasioglossum.malachurum","Cistus.albidus"
"P1","Lasioglossum.malachurum","Cistus.salviifolius"
"P1","Lasioglossum.malachurum","Euphorbia.flavicoma"
"P1","Lasioglossum.malachurum","Gladiolus.illyricus"
"P1","Lasioglossum.malachurum","Rosmarinus.officinalis"
"P1","Lasioglossum.malachurum","Thymus.vulgaris"
"P1","Lasioglossum.interruptum","Cistus.albidus"
"P1","Lasioglossum.interruptum","Cistus.salviifolius"
"P1","Lasioglossum.interruptum","Euphorbia.flavicoma"
"P1","Lasioglossum.interruptum","Gladiolus.illyricus"
"P1","Lasioglossum.interruptum","Rosmarinus.officinalis"
"P1","Lasioglossum.interruptum","Thymus.vulgaris"
"P1","Lasioglossum.griseolum","Cistus.albidus"
"P1","Lasioglossum.griseolum","Cistus.salviifolius"
"P1","Lasioglossum.griseolum","Euphorbia.flavicoma"
"P1","Lasioglossum.griseolum","Fumana.laevipes"
"P1","Lasioglossum.griseolum","Gladiolus.illyricus"
"P1","Lasioglossum.griseolum","Rosmarinus.officinalis"
"P1","Lasioglossum.griseolum","Thymus.vulgaris"
"P1","Lasioglossum.bimaculatum","Cistus.albidus"
"P1","Lasioglossum.bimaculatum","Cistus.salviifolius"
"P1","Lasioglossum.bimaculatum","Euphorbia.flavicoma"
"P1","Lasioglossum.bimaculatum","Gladiolus.illyricus"
"P1","Lasioglossum.bimaculatum","Rosmarinus.officinalis"
"P1","Lasioglossum.bimaculatum","Thymus.vulgaris"
"P1","Lasioglossum.albocinctum","Cistus.albidus"
"P1","Lasioglossum.albocinctum","Cistus.salviifolius"
"P1","Lasioglossum.albocinctum","Euphorbia.flavicoma"
"P1","Lasioglossum.albocinctum","Gladiolus.illyricus"
"P1","Lasioglossum.albocinctum","Rosmarinus.officinalis"
"P1","Hylaeus.taeniolatus","Cistus.albidus"
"P1","Hylaeus.taeniolatus","Cistus.salviifolius"
"P1","Hylaeus.taeniolatus","Gladiolus.illyricus"
"P1","Hylaeus.taeniolatus","Rosmarinus.officinalis"
"P1","Hylaeus.hyalinatus","Cistus.albidus"
"P1","Hylaeus.hyalinatus","Cistus.salviifolius"
"P1","Hylaeus.hyalinatus","Euphorbia.flavicoma"
"P1","Hylaeus.hyalinatus","Gladiolus.illyricus"
"P1","Hylaeus.hyalinatus","Rosmarinus.officinalis"
"P1","Hylaeus.hyalinatus","Thymus.vulgaris"
"P1","Hylaeus.gibbus","Cistus.albidus"
"P1","Hylaeus.garrulus","Thymus.vulgaris"
"P1","Halictus.scabiosae","Cistus.albidus"
"P1","Halictus.scabiosae","Cistus.salviifolius"
"P1","Halictus.fulvipes","Cistus.albidus"
"P1","Halictus.fulvipes","Rosmarinus.officinalis"
"P1","Halictus.fulvipes","Thymus.vulgaris"
"P1","Eupeodes.corollae","Cistus.salviifolius"
"P1","Eupeodes.corollae","Euphorbia.flavicoma"
"P1","Eupeodes.corollae","Rosmarinus.officinalis"
"P1","Eupeodes.corollae","Thymus.vulgaris"
"P1","Eumerus.argyropus","Aphyllanthes.monspeliensis"
"P1","Eumerus.argyropus","Cistus.albidus"
"P1","Eumerus.argyropus","Cistus.salviifolius"
"P1","Eumerus.argyropus","Euphorbia.flavicoma"
"P1","Eucera.collaris","Cistus.albidus"
"P1","Eucera.collaris","Cistus.salviifolius"
"P1","Eucera.collaris","Rosmarinus.officinalis"
"P1","Dasytes.nigroaeneus","Cistus.albidus"
"P1","Dasytes.nigroaeneus","Cistus.salviifolius"
"P1","Dasytes.nigroaeneus","Euphorbia.flavicoma"
"P1","Dasytes.nigroaeneus","Gladiolus.illyricus"
"P1","Dasytes.nigroaeneus","Rosmarinus.officinalis"
"P1","Dasytes.nigroaeneus","Thymus.vulgaris"
"P1","Danacea.longiceps","Cistus.albidus"
"P1","Danacea.longiceps","Cistus.salviifolius"
"P1","Danacea.longiceps","Rosmarinus.officinalis"
"P1","Clytus.rhamni","Cistus.salviifolius"
"P1","Chrysotoxum.cautum","Euphorbia.flavicoma"
"P1","Chrysotoxum.cautum","Rosmarinus.officinalis"
"P1","Chrysotoxum.cautum","Thymus.vulgaris"
"P1","Ceratina.cucurbitina","Cistus.albidus"
"P1","Ceratina.cucurbitina","Gladiolus.illyricus"
"P1","Ceratina.cucurbitina","Rosmarinus.officinalis"
"P1","Ceratina.cucurbitina","Thymus.vulgaris"
"P1","Bombus.terrestris","Cistus.albidus"
"P1","Bombus.terrestris","Cistus.salviifolius"
"P1","Bombus.terrestris","Gladiolus.illyricus"
"P1","Bombus.terrestris","Rosmarinus.officinalis"
"P1","Bombus.terrestris","Thymus.vulgaris"
"P1","Aplocnemus.calidus","Cistus.albidus"
"P1","Aplocnemus.calidus","Cistus.salviifolius"
"P1","Aplocnemus.calidus","Euphorbia.flavicoma"
"P1","Aplocnemus.calidus","Gladiolus.illyricus"
"P1","Aplocnemus.calidus","Rosmarinus.officinalis"
"P1","Aplocnemus.calidus","Thymus.vulgaris"
"P1","Apis.mellifera","Cistus.albidus"
"P1","Apis.mellifera","Cistus.salviifolius"
"P1","Apis.mellifera","Euphorbia.flavicoma"
"P1","Apis.mellifera","Gladiolus.illyricus"
"P1","Apis.mellifera","Rosmarinus.officinalis"
"P1","Apis.mellifera","Thymus.vulgaris"
"P1","Anthrenus.sp1","Cistus.albidus"
"P1","Anthrenus.sp1","Cistus.salviifolius"
"P1","Anthophora.dispar","Rosmarinus.officinalis"
"P1","Anthophora.dispar","Thymus.vulgaris"
"P1","Anthophora.acervorum","Cistus.albidus"
"P1","Anthophora.acervorum","Cistus.salviifolius"
"P1","Anthophora.acervorum","Gladiolus.illyricus"
"P1","Anthophora.acervorum","Rosmarinus.officinalis"
"P1","Anthophora.acervorum","Thymus.vulgaris"
"P1","Anthaxia.spinolae","Cistus.albidus"
"P1","Anthaxia.spinolae","Cistus.salviifolius"
"P1","Anthaxia.scutullaris","Cistus.albidus"
"P1","Anthaxia.scutullaris","Cistus.salviifolius"
"P1","Anthaxia.scutullaris","Thymus.vulgaris"
"P1","Anthaxia.millefolii","Cistus.albidus"
"P1","Anthaxia.millefolii","Cistus.salviifolius"
"P1","Andrena.vulpecula","Cistus.albidus"
"P1","Andrena.vulpecula","Cistus.salviifolius"
"P1","Andrena.senecionis","Cistus.salviifolius"
"P1","Andrena.senecionis","Euphorbia.flavicoma"
"P1","Andrena.senecionis","Rosmarinus.officinalis"
"P1","Andrena.senecionis","Thymus.vulgaris"
"P1","Andrena.nigroaenea","Cistus.albidus"
"P1","Andrena.nigroaenea","Cistus.salviifolius"
"P1","Andrena.nigroaenea","Euphorbia.flavicoma"
"P1","Andrena.nigroaenea","Rosmarinus.officinalis"
"P1","Andrena.nigroaenea","Thymus.vulgaris"
"P1","Andrena.lepida","Euphorbia.flavicoma"
"P1","Andrena.lepida","Thymus.vulgaris"
"P1","Andrena.flavipes","Rosmarinus.officinalis"
"P1","Andrena.djelfensis","Cistus.albidus"
"P1","Andrena.djelfensis","Cistus.salviifolius"
"P1","Andrena.djelfensis","Euphorbia.flavicoma"
"P1","Andrena.djelfensis","Rosmarinus.officinalis"
"P1","Andrena.djelfensis","Thymus.vulgaris"
"P1","Andrena.angustior","Cistus.salviifolius"
"P1","Andrena.angustior","Rosmarinus.officinalis"
"P1","Andrena.angustior","Thymus.vulgaris"
"P1","Anaspis.sp1","Aphyllanthes.monspeliensis"
"P1","Anaspis.sp1","Cistus.albidus"
"P1","Anaspis.sp1","Cistus.salviifolius"
"P1","Anaspis.sp1","Euphorbia.flavicoma"
"P1","Anaspis.sp1","Thymus.vulgaris"
"P1","Amegilla.quadrifasciata","Rosmarinus.officinalis"
"P1","Adelidae.sp1","Cistus.salviifolius"
"P1","Adelidae.sp1","Euphorbia.flavicoma"
"P1","Adelidae.sp1","Rosmarinus.officinalis"
"P1","Adelidae.sp1","Thymus.vulgaris"
"P1","Acmaeodera.cylindrica","Cistus.albidus"
"P1","Acmaeodera.cylindrica","Cistus.salviifolius"
"P2","Acmaeodera.cylindrica","Biscutella.laevigata"
"P2","Acmaeodera.cylindrica","Cistus.salviifolius"
"P2","Acmaeodera.cylindrica","Ononis.minutissima"
"P2","Anaspis.sp1","Aphyllanthes.monspeliensis"
"P2","Anaspis.sp1","Biscutella.laevigata"
"P2","Anaspis.sp1","Cistus.salviifolius"
"P2","Anaspis.sp1","Euphorbia.flavicoma"
"P2","Anaspis.sp1","Ononis.minutissima"
"P2","Anaspis.sp1","Thymus.vulgaris"
"P2","Andrena.angustior","Cistus.salviifolius"
"P2","Andrena.angustior","Rosmarinus.officinalis"
"P2","Andrena.angustior","Thymus.vulgaris"
"P2","Andrena.djelfensis","Biscutella.laevigata"
"P2","Andrena.djelfensis","Cistus.salviifolius"
"P2","Andrena.djelfensis","Euphorbia.flavicoma"
"P2","Andrena.djelfensis","Ononis.minutissima"
"P2","Andrena.djelfensis","Rosmarinus.officinalis"
"P2","Andrena.djelfensis","Thymus.vulgaris"
"P2","Andrena.lepida","Euphorbia.flavicoma"
"P2","Andrena.lepida","Thymus.vulgaris"
"P2","Andrena.nigroaenea","Argyrolobium.zanonii"
"P2","Andrena.nigroaenea","Biscutella.laevigata"
"P2","Andrena.nigroaenea","Cistus.salviifolius"
"P2","Andrena.nigroaenea","Euphorbia.flavicoma"
"P2","Andrena.nigroaenea","Ononis.minutissima"
"P2","Andrena.nigroaenea","Rosmarinus.officinalis"
"P2","Andrena.nigroaenea","Thymus.vulgaris"
"P2","Andrena.senecionis","Biscutella.laevigata"
"P2","Andrena.senecionis","Cistus.salviifolius"
"P2","Andrena.senecionis","Euphorbia.flavicoma"
"P2","Andrena.senecionis","Ononis.minutissima"
"P2","Andrena.senecionis","Rosmarinus.officinalis"
"P2","Andrena.senecionis","Thymus.vulgaris"
"P2","Anthaxia.millefolii","Biscutella.laevigata"
"P2","Anthaxia.millefolii","Centaurea.linifolia."
"P2","Anthaxia.millefolii","Cistus.salviifolius"
"P2","Anthaxia.millefolii","Ononis.minutissima"
"P2","Anthaxia.scutullaris","Centaurea.linifolia."
"P2","Anthaxia.scutullaris","Cistus.salviifolius"
"P2","Anthaxia.scutullaris","Thymus.vulgaris"
"P2","Anthaxia.spinolae","Biscutella.laevigata"
"P2","Anthaxia.spinolae","Centaurea.linifolia."
"P2","Anthaxia.spinolae","Cistus.salviifolius"
"P2","Anthaxia.spinolae","Ononis.minutissima"
"P2","Anthophora.dispar","Rosmarinus.officinalis"
"P2","Anthophora.dispar","Thymus.vulgaris"
"P2","Anthrenus.sp1","Biscutella.laevigata"
"P2","Anthrenus.sp1","Cistus.salviifolius"
"P2","Anthrenus.sp1","Ononis.minutissima"
"P2","Apis.mellifera","Argyrolobium.zanonii"
"P2","Apis.mellifera","Biscutella.laevigata"
"P2","Apis.mellifera","Centaurea.linifolia."
"P2","Apis.mellifera","Cistus.salviifolius"
"P2","Apis.mellifera","Euphorbia.characias"
"P2","Apis.mellifera","Euphorbia.flavicoma"
"P2","Apis.mellifera","Gladiolus.illyricus"
"P2","Apis.mellifera","Ononis.minutissima"
"P2","Apis.mellifera","Rosmarinus.officinalis"
"P2","Apis.mellifera","Thymus.vulgaris"
"P2","Apis.mellifera","Viccia.cracca"
"P2","Aplocnemus.calidus","Centaurea.linifolia."
"P2","Aplocnemus.calidus","Cistus.salviifolius"
"P2","Aplocnemus.calidus","Euphorbia.flavicoma"
"P2","Aplocnemus.calidus","Gladiolus.illyricus"
"P2","Aplocnemus.calidus","Rosmarinus.officinalis"
"P2","Aplocnemus.calidus","Thymus.vulgaris"
"P2","Bombus.terrestris","Biscutella.laevigata"
"P2","Bombus.terrestris","Centaurea.linifolia."
"P2","Bombus.terrestris","Cistus.salviifolius"
"P2","Bombus.terrestris","Gladiolus.illyricus"
"P2","Bombus.terrestris","Ononis.minutissima"
"P2","Bombus.terrestris","Rosmarinus.officinalis"
"P2","Bombus.terrestris","Thymus.vulgaris"
"P2","Bombus.terrestris","Viccia.cracca"
"P2","Bruchidius.sp3","Biscutella.laevigata"
"P2","Bruchidius.sp3","Centaurea.linifolia."
"P2","Bruchidius.sp3","Cistus.salviifolius"
"P2","Bruchidius.sp3","Euphorbia.flavicoma"
"P2","Bruchidius.sp3","Ononis.minutissima"
"P2","Chrysotoxum.cautum","Biscutella.laevigata"
"P2","Chrysotoxum.cautum","Euphorbia.flavicoma"
"P2","Chrysotoxum.cautum","Ononis.minutissima"
"P2","Chrysotoxum.cautum","Rosmarinus.officinalis"
"P2","Chrysotoxum.cautum","Thymus.vulgaris"
"P2","Clanoptilus.abdominalis","Rosmarinus.officinalis"
"P2","Clytus.rhamni","Biscutella.laevigata"
"P2","Clytus.rhamni","Centaurea.linifolia."
"P2","Clytus.rhamni","Cistus.salviifolius"
"P2","Clytus.rhamni","Ononis.minutissima"
"P2","Coenonympha.pamphilus","Centaurea.linifolia."
"P2","Danacea.longiceps","Centaurea.linifolia."
"P2","Danacea.longiceps","Cistus.salviifolius"
"P2","Danacea.longiceps","Rosmarinus.officinalis"
"P2","Dasytes.nigroaeneus","Biscutella.laevigata"
"P2","Dasytes.nigroaeneus","Centaurea.linifolia."
"P2","Dasytes.nigroaeneus","Cistus.salviifolius"
"P2","Dasytes.nigroaeneus","Euphorbia.flavicoma"
"P2","Dasytes.nigroaeneus","Gladiolus.illyricus"
"P2","Dasytes.nigroaeneus","Ononis.minutissima"
"P2","Dasytes.nigroaeneus","Rosmarinus.officinalis"
"P2","Dasytes.nigroaeneus","Thymus.vulgaris"
"P2","Eristalis.tenax","Cistus.salviifolius"
"P2","Eristalis.tenax","Euphorbia.characias"
"P2","Eristalis.tenax","Euphorbia.flavicoma"
"P2","Eristalis.tenax","Rosmarinus.officinalis"
"P2","Eristalis.tenax","Thymus.vulgaris"
"P2","Euchloe.crameri","Biscutella.laevigata"
"P2","Euchloe.crameri","Ononis.minutissima"
"P2","Euchloe.crameri","Thymus.vulgaris"
"P2","Eumerus.argyropus","Aphyllanthes.monspeliensis"
"P2","Eumerus.argyropus","Centaurea.linifolia."
"P2","Eumerus.argyropus","Cistus.salviifolius"
"P2","Eumerus.argyropus","Euphorbia.flavicoma"
"P2","Halictus.fulvipes","Rosmarinus.officinalis"
"P2","Halictus.fulvipes","Thymus.vulgaris"
"P2","Hylaeus.garrulus","Thymus.vulgaris"
"P2","Hylaeus.hyalinatus","Biscutella.laevigata"
"P2","Hylaeus.hyalinatus","Centaurea.linifolia."
"P2","Hylaeus.hyalinatus","Cistus.salviifolius"
"P2","Hylaeus.hyalinatus","Euphorbia.flavicoma"
"P2","Hylaeus.hyalinatus","Gladiolus.illyricus"
"P2","Hylaeus.hyalinatus","Ononis.minutissima"
"P2","Hylaeus.hyalinatus","Rosmarinus.officinalis"
"P2","Hylaeus.hyalinatus","Thymus.vulgaris"
"P2","Lasioglossum.albocinctum","Biscutella.laevigata"
"P2","Lasioglossum.albocinctum","Centaurea.linifolia."
"P2","Lasioglossum.albocinctum","Cistus.salviifolius"
"P2","Lasioglossum.albocinctum","Euphorbia.flavicoma"
"P2","Lasioglossum.albocinctum","Gladiolus.illyricus"
"P2","Lasioglossum.albocinctum","Ononis.minutissima"
"P2","Lasioglossum.albocinctum","Rosmarinus.officinalis"
"P2","Lasioglossum.bimaculatum","Biscutella.laevigata"
"P2","Lasioglossum.bimaculatum","Centaurea.linifolia."
"P2","Lasioglossum.bimaculatum","Cistus.salviifolius"
"P2","Lasioglossum.bimaculatum","Euphorbia.flavicoma"
"P2","Lasioglossum.bimaculatum","Gladiolus.illyricus"
"P2","Lasioglossum.bimaculatum","Ononis.minutissima"
"P2","Lasioglossum.bimaculatum","Rosmarinus.officinalis"
"P2","Lasioglossum.bimaculatum","Thymus.vulgaris"
"P2","Lasioglossum.griseolum","Biscutella.laevigata"
"P2","Lasioglossum.griseolum","Centaurea.linifolia."
"P2","Lasioglossum.griseolum","Cistus.salviifolius"
"P2","Lasioglossum.griseolum","Euphorbia.flavicoma"
"P2","Lasioglossum.griseolum","Fumana.laevipes"
"P2","Lasioglossum.griseolum","Gladiolus.illyricus"
"P2","Lasioglossum.griseolum","Ononis.minutissima"
"P2","Lasioglossum.griseolum","Rosmarinus.officinalis"
"P2","Lasioglossum.griseolum","Thymus.vulgaris"
"P2","Lasioglossum.ibericum","Biscutella.laevigata"
"P2","Lasioglossum.ibericum","Centaurea.linifolia."
"P2","Lasioglossum.ibericum","Cistus.salviifolius"
"P2","Lasioglossum.ibericum","Euphorbia.flavicoma"
"P2","Lasioglossum.ibericum","Gladiolus.illyricus"
"P2","Lasioglossum.ibericum","Ononis.minutissima"
"P2","Lasioglossum.ibericum","Rosmarinus.officinalis"
"P2","Lasioglossum.ibericum","Thymus.vulgaris"
"P2","Lasioglossum.malachurum","Biscutella.laevigata"
"P2","Lasioglossum.malachurum","Centaurea.linifolia."
"P2","Lasioglossum.malachurum","Cistus.salviifolius"
"P2","Lasioglossum.malachurum","Euphorbia.flavicoma"
"P2","Lasioglossum.malachurum","Gladiolus.illyricus"
"P2","Lasioglossum.malachurum","Ononis.minutissima"
"P2","Lasioglossum.malachurum","Rosmarinus.officinalis"
"P2","Lasioglossum.malachurum","Thymus.vulgaris"
"P2","Lasioglossum.mediterraneum","Biscutella.laevigata"
"P2","Lasioglossum.mediterraneum","Centaurea.linifolia."
"P2","Lasioglossum.mediterraneum","Cistus.salviifolius"
"P2","Lasioglossum.mediterraneum","Euphorbia.flavicoma"
"P2","Lasioglossum.mediterraneum","Gladiolus.illyricus"
"P2","Lasioglossum.mediterraneum","Ononis.minutissima"
"P2","Lasioglossum.mediterraneum","Rosmarinus.officinalis"
"P2","Lasioglossum.mediterraneum","Thymus.vulgaris"
"P2","Lasioglossum.subhirtum","Biscutella.laevigata"
"P2","Lasioglossum.subhirtum","Centaurea.linifolia."
"P2","Lasioglossum.subhirtum","Cistus.salviifolius"
"P2","Lasioglossum.subhirtum","Euphorbia.flavicoma"
"P2","Lasioglossum.subhirtum","Gladiolus.illyricus"
"P2","Lasioglossum.subhirtum","Ononis.minutissima"
"P2","Lasioglossum.subhirtum","Rosmarinus.officinalis"
"P2","Lasioglossum.subhirtum","Thymus.vulgaris"
"P2","Lasioglossum.transitorium","Biscutella.laevigata"
"P2","Lasioglossum.transitorium","Centaurea.linifolia."
"P2","Lasioglossum.transitorium","Cistus.salviifolius"
"P2","Lasioglossum.transitorium","Euphorbia.flavicoma"
"P2","Lasioglossum.transitorium","Fumana.laevipes"
"P2","Lasioglossum.transitorium","Gladiolus.illyricus"
"P2","Lasioglossum.transitorium","Ononis.minutissima"
"P2","Lasioglossum.transitorium","Rosmarinus.officinalis"
"P2","Lasioglossum.transitorium","Thymus.vulgaris"
"P2","Lasiommata.megera","Centaurea.linifolia."
"P2","Lobonyx.aeneus","Biscutella.laevigata"
"P2","Lobonyx.aeneus","Centaurea.linifolia."
"P2","Lobonyx.aeneus","Cistus.salviifolius"
"P2","Lobonyx.aeneus","Gladiolus.illyricus"
"P2","Lobonyx.aeneus","Ononis.minutissima"
"P2","Lobonyx.aeneus","Rosmarinus.officinalis"
"P2","Lobonyx.aeneus","Thymus.vulgaris"
"P2","Melanargia.occitanica","Centaurea.linifolia."
"P2","Melanargia.occitanica","Thymus.vulgaris"
"P2","Meligethes.sp1","Biscutella.laevigata"
"P2","Meligethes.sp1","Cistus.salviifolius"
"P2","Meligethes.sp1","Euphorbia.flavicoma"
"P2","Meligethes.sp1","Ononis.minutissima"
"P2","Meligethes.sp1","Rosmarinus.officinalis"
"P2","Meligethes.sp1","Thymus.vulgaris"
"P2","Merodon.funestus","Biscutella.laevigata"
"P2","Merodon.funestus","Centaurea.linifolia."
"P2","Merodon.funestus","Cistus.salviifolius"
"P2","Merodon.funestus","Euphorbia.flavicoma"
"P2","Merodon.funestus","Ononis.minutissima"
"P2","Merodon.funestus","Thymus.vulgaris"
"P2","Merodon.obscuritarsis","Biscutella.laevigata"
"P2","Merodon.obscuritarsis","Ononis.minutissima"
"P2","Mordellistena.sp1","Cistus.salviifolius"
"P2","Mordellistena.sp1","Rosmarinus.officinalis"
"P2","Nomada.hispanica","Biscutella.laevigata"
"P2","Nomada.hispanica","Ononis.minutissima"
"P2","Nomada.hispanica","Rosmarinus.officinalis"
"P2","Oedemera.flavipes","Biscutella.laevigata"
"P2","Oedemera.flavipes","Centaurea.linifolia."
"P2","Oedemera.flavipes","Cistus.salviifolius"
"P2","Oedemera.flavipes","Euphorbia.characias"
"P2","Oedemera.flavipes","Euphorbia.flavicoma"
"P2","Oedemera.flavipes","Gladiolus.illyricus"
"P2","Oedemera.flavipes","Ononis.minutissima"
"P2","Oedemera.flavipes","Rosmarinus.officinalis"
"P2","Oedemera.flavipes","Thymus.vulgaris"
"P2","Osmia.gallarum","Biscutella.laevigata"
"P2","Osmia.gallarum","Cistus.salviifolius"
"P2","Osmia.gallarum","Euphorbia.flavicoma"
"P2","Osmia.gallarum","Ononis.minutissima"
"P2","Osmia.gallarum","Rosmarinus.officinalis"
"P2","Osmia.gallarum","Thymus.vulgaris"
"P2","Osmia.gallarum","Viccia.cracca"
"P2","Osmia.rufohirta","Biscutella.laevigata"
"P2","Osmia.rufohirta","Centaurea.linifolia."
"P2","Osmia.rufohirta","Cistus.salviifolius"
"P2","Osmia.rufohirta","Fumana.laevipes"
"P2","Osmia.rufohirta","Gladiolus.illyricus"
"P2","Osmia.rufohirta","Ononis.minutissima"
"P2","Osmia.rufohirta","Thymus.vulgaris"
"P2","Oxythyrea.funesta","Aphyllanthes.monspeliensis"
"P2","Oxythyrea.funesta","Cistus.salviifolius"
"P2","Oxythyrea.funesta","Euphorbia.characias"
"P2","Oxythyrea.funesta","Rosmarinus.officinalis"
"P2","Oxythyrea.funesta","Thymus.vulgaris"
"P2","Polistes.dominulus","Biscutella.laevigata"
"P2","Polistes.dominulus","Centaurea.linifolia."
"P2","Polistes.dominulus","Cistus.salviifolius"
"P2","Polistes.dominulus","Euphorbia.flavicoma"
"P2","Polistes.dominulus","Ononis.minutissima"
"P2","Polistes.dominulus","Rosmarinus.officinalis"
"P2","Polistes.dominulus","Thymus.vulgaris"
"P2","Priocnemis.sp1","Cistus.salviifolius"
"P2","Pyronia.bathseba","Centaurea.linifolia."
"P2","Pyronia.bathseba","Rosmarinus.officinalis"
"P2","Pyronia.bathseba","Thymus.vulgaris"
"P2","Rhodanthidium.septemdentatum","Centaurea.linifolia."
"P2","Rhodanthidium.septemdentatum","Cistus.salviifolius"
"P2","Rhodanthidium.septemdentatum","Gladiolus.illyricus"
"P2","Rhodanthidium.septemdentatum","Thymus.vulgaris"
"P2","Rhodanthidium.sticticum","Argyrolobium.zanonii"
"P2","Rhodanthidium.sticticum","Biscutella.laevigata"
"P2","Rhodanthidium.sticticum","Centaurea.linifolia."
"P2","Rhodanthidium.sticticum","Cistus.salviifolius"
"P2","Rhodanthidium.sticticum","Euphorbia.flavicoma"
"P2","Rhodanthidium.sticticum","Gladiolus.illyricus"
"P2","Rhodanthidium.sticticum","Ononis.minutissima"
"P2","Rhodanthidium.sticticum","Rosmarinus.officinalis"
"P2","Rhodanthidium.sticticum","Thymus.vulgaris"
"P2","Spermophagus.sp1","Biscutella.laevigata"
"P2","Spermophagus.sp1","Cistus.salviifolius"
"P2","Spermophagus.sp1","Euphorbia.flavicoma"
"P2","Spermophagus.sp1","Ononis.minutissima"
"P2","Stenurella.melanura","Cistus.salviifolius"
"P2","Tenthredopsis.cabrerae","Rosmarinus.officinalis"
"P2","Tropinota.sp1","Cistus.salviifolius"
"P2","Tropinota.sp1","Rosmarinus.officinalis"
"P2","Tropinota.sp1","Thymus.vulgaris"
"P2","Tropinota.squalida","Cistus.salviifolius"
"P2","Tropinota.squalida","Rosmarinus.officinalis"
"P2","Tropinota.squalida","Thymus.vulgaris"
"P2","Trypoxylon.sp1","Euphorbia.flavicoma"
"P2","Xylocopa.violacea","Rosmarinus.officinalis"
"P2","Zygaena.sp1","Centaurea.linifolia."
"P3","Acmaeodera.cylindrica","Biscutella.laevigata"
"P3","Acmaeodera.cylindrica","Cistus.salviifolius"
"P3","Adelidae.sp1","Biscutella.laevigata"
"P3","Adelidae.sp1","Cistus.salviifolius"
"P3","Adelidae.sp1","Rosmarinus.officinalis"
"P3","Adelidae.sp1","Thymus.vulgaris"
"P3","Anaspis.sp1","Aphyllanthes.monspeliensis"
"P3","Anaspis.sp1","Biscutella.laevigata"
"P3","Anaspis.sp1","Cistus.salviifolius"
"P3","Anaspis.sp1","Sideritis.hirsuta"
"P3","Anaspis.sp1","Thymus.vulgaris"
"P3","Andrena.djelfensis","Biscutella.laevigata"
"P3","Andrena.djelfensis","Cistus.salviifolius"
"P3","Andrena.djelfensis","Rosmarinus.officinalis"
"P3","Andrena.djelfensis","Thymus.vulgaris"
"P3","Andrena.lepida","Thymus.vulgaris"
"P3","Andrena.nigroaenea","Biscutella.laevigata"
"P3","Andrena.nigroaenea","Cistus.salviifolius"
"P3","Andrena.nigroaenea","Rosmarinus.officinalis"
"P3","Andrena.nigroaenea","Thymus.vulgaris"
"P3","Andrena.senecionis","Biscutella.laevigata"
"P3","Andrena.senecionis","Cistus.salviifolius"
"P3","Andrena.senecionis","Rosmarinus.officinalis"
"P3","Andrena.senecionis","Sideritis.hirsuta"
"P3","Andrena.senecionis","Thymus.vulgaris"
"P3","Anthaxia.millefolii","Biscutella.laevigata"
"P3","Anthaxia.millefolii","Cistus.salviifolius"
"P3","Anthaxia.scutullaris","Cistus.salviifolius"
"P3","Anthaxia.scutullaris","Thymus.vulgaris"
"P3","Anthaxia.spinolae","Biscutella.laevigata"
"P3","Anthaxia.spinolae","Cistus.salviifolius"
"P3","Anthophora.acervorum","Cistus.salviifolius"
"P3","Anthophora.acervorum","Gladiolus.illyricus"
"P3","Anthophora.acervorum","Rosmarinus.officinalis"
"P3","Anthophora.acervorum","Sideritis.hirsuta"
"P3","Anthophora.acervorum","Thymus.vulgaris"
"P3","Anthophora.dispar","Rosmarinus.officinalis"
"P3","Anthophora.dispar","Thymus.vulgaris"
"P3","Apis.mellifera","Biscutella.laevigata"
"P3","Apis.mellifera","Cistus.salviifolius"
"P3","Apis.mellifera","Gladiolus.illyricus"
"P3","Apis.mellifera","Rosmarinus.officinalis"
"P3","Apis.mellifera","Sideritis.hirsuta"
"P3","Apis.mellifera","Thymus.vulgaris"
"P3","Aplocnemus.calidus","Cistus.salviifolius"
"P3","Aplocnemus.calidus","Gladiolus.illyricus"
"P3","Aplocnemus.calidus","Rosmarinus.officinalis"
"P3","Aplocnemus.calidus","Sideritis.hirsuta"
"P3","Aplocnemus.calidus","Thymus.vulgaris"
"P3","Athalia.bicolor","Biscutella.laevigata"
"P3","Athalia.sp1","Biscutella.laevigata"
"P3","Bombus.terrestris","Biscutella.laevigata"
"P3","Bombus.terrestris","Cistus.salviifolius"
"P3","Bombus.terrestris","Gladiolus.illyricus"
"P3","Bombus.terrestris","Rosmarinus.officinalis"
"P3","Bombus.terrestris","Sideritis.hirsuta"
"P3","Bombus.terrestris","Thymus.vulgaris"
"P3","Chrysotoxum.cautum","Biscutella.laevigata"
"P3","Chrysotoxum.cautum","Rosmarinus.officinalis"
"P3","Chrysotoxum.cautum","Thymus.vulgaris"
"P3","Clytus.rhamni","Biscutella.laevigata"
"P3","Clytus.rhamni","Cistus.salviifolius"
"P3","Clytus.rhamni","Sideritis.hirsuta"
"P3","Danacea.longiceps","Cistus.salviifolius"
"P3","Danacea.longiceps","Rosmarinus.officinalis"
"P3","Danacea.longiceps","Sideritis.hirsuta"
"P3","Dasytes.nigroaeneus","Biscutella.laevigata"
"P3","Dasytes.nigroaeneus","Cistus.salviifolius"
"P3","Dasytes.nigroaeneus","Gladiolus.illyricus"
"P3","Dasytes.nigroaeneus","Rosmarinus.officinalis"
"P3","Dasytes.nigroaeneus","Sideritis.hirsuta"
"P3","Dasytes.nigroaeneus","Thymus.vulgaris"
"P3","Euchloe.crameri","Biscutella.laevigata"
"P3","Euchloe.crameri","Thymus.vulgaris"
"P3","Eumerus.argyropus","Aphyllanthes.monspeliensis"
"P3","Eumerus.argyropus","Cistus.salviifolius"
"P3","Hylaeus.garrulus","Thymus.vulgaris"
"P3","Lasioglossum.bimaculatum","Biscutella.laevigata"
"P3","Lasioglossum.bimaculatum","Cistus.salviifolius"
"P3","Lasioglossum.bimaculatum","Gladiolus.illyricus"
"P3","Lasioglossum.bimaculatum","Rosmarinus.officinalis"
"P3","Lasioglossum.bimaculatum","Sideritis.hirsuta"
"P3","Lasioglossum.bimaculatum","Thymus.vulgaris"
"P3","Lasioglossum.griseolum","Biscutella.laevigata"
"P3","Lasioglossum.griseolum","Cistus.salviifolius"
"P3","Lasioglossum.griseolum","Gladiolus.illyricus"
"P3","Lasioglossum.griseolum","Ononis.minutissima"
"P3","Lasioglossum.griseolum","Rosmarinus.officinalis"
"P3","Lasioglossum.griseolum","Sideritis.hirsuta"
"P3","Lasioglossum.griseolum","Thymus.vulgaris"
"P3","Lasioglossum.malachurum","Biscutella.laevigata"
"P3","Lasioglossum.malachurum","Cistus.salviifolius"
"P3","Lasioglossum.malachurum","Gladiolus.illyricus"
"P3","Lasioglossum.malachurum","Rosmarinus.officinalis"
"P3","Lasioglossum.malachurum","Sideritis.hirsuta"
"P3","Lasioglossum.malachurum","Thymus.vulgaris"
"P3","Lasioglossum.mediterraneum","Biscutella.laevigata"
"P3","Lasioglossum.mediterraneum","Cistus.salviifolius"
"P3","Lasioglossum.mediterraneum","Gladiolus.illyricus"
"P3","Lasioglossum.mediterraneum","Rosmarinus.officinalis"
"P3","Lasioglossum.mediterraneum","Sideritis.hirsuta"
"P3","Lasioglossum.mediterraneum","Thymus.vulgaris"
"P3","Lasioglossum.subhirtum","Biscutella.laevigata"
"P3","Lasioglossum.subhirtum","Cistus.salviifolius"
"P3","Lasioglossum.subhirtum","Gladiolus.illyricus"
"P3","Lasioglossum.subhirtum","Rosmarinus.officinalis"
"P3","Lasioglossum.subhirtum","Sideritis.hirsuta"
"P3","Lasioglossum.subhirtum","Thymus.vulgaris"
"P3","Lasioglossum.transitorium","Biscutella.laevigata"
"P3","Lasioglossum.transitorium","Cistus.salviifolius"
"P3","Lasioglossum.transitorium","Gladiolus.illyricus"
"P3","Lasioglossum.transitorium","Rosmarinus.officinalis"
"P3","Lasioglossum.transitorium","Sideritis.hirsuta"
"P3","Lasioglossum.transitorium","Thymus.vulgaris"
"P3","Lobonyx.aeneus","Biscutella.laevigata"
"P3","Lobonyx.aeneus","Cistus.salviifolius"
"P3","Lobonyx.aeneus","Gladiolus.illyricus"
"P3","Lobonyx.aeneus","Rosmarinus.officinalis"
"P3","Lobonyx.aeneus","Sideritis.hirsuta"
"P3","Lobonyx.aeneus","Thymus.vulgaris"
"P3","Melanargia.occitanica","Thymus.vulgaris"
"P3","Meligethes.sp1","Biscutella.laevigata"
"P3","Meligethes.sp1","Cistus.salviifolius"
"P3","Meligethes.sp1","Rosmarinus.officinalis"
"P3","Meligethes.sp1","Thymus.vulgaris"
"P3","Merodon.funestus","Biscutella.laevigata"
"P3","Merodon.funestus","Cistus.salviifolius"
"P3","Merodon.funestus","Thymus.vulgaris"
"P3","Mordellistena.sp1","Cistus.salviifolius"
"P3","Mordellistena.sp1","Rosmarinus.officinalis"
"P3","Nomada.sheppardana","Cistus.salviifolius"
"P3","Nomada.sheppardana","Thymus.vulgaris"
"P3","Oedemera.flavipes","Biscutella.laevigata"
"P3","Oedemera.flavipes","Cistus.salviifolius"
"P3","Oedemera.flavipes","Gladiolus.illyricus"
"P3","Oedemera.flavipes","Rosmarinus.officinalis"
"P3","Oedemera.flavipes","Sideritis.hirsuta"
"P3","Oedemera.flavipes","Thymus.vulgaris"
"P3","Osmia.melanogaster/leaiana","Biscutella.laevigata"
"P3","Osmia.melanogaster/leaiana","Rosmarinus.officinalis"
"P3","Osmia.melanogaster/leaiana","Sideritis.hirsuta"
"P3","Osmia.melanogaster/leaiana","Thymus.vulgaris"
"P3","Osmia.nasoproducta","Rosmarinus.officinalis"
"P3","Osmia.nasoproducta","Thymus.vulgaris"
"P3","Osmia.rufohirta","Biscutella.laevigata"
"P3","Osmia.rufohirta","Cistus.salviifolius"
"P3","Osmia.rufohirta","Gladiolus.illyricus"
"P3","Osmia.rufohirta","Ononis.minutissima"
"P3","Osmia.rufohirta","Thymus.vulgaris"
"P3","Oxythyrea.funesta","Aphyllanthes.monspeliensis"
"P3","Oxythyrea.funesta","Cistus.salviifolius"
"P3","Oxythyrea.funesta","Rosmarinus.officinalis"
"P3","Oxythyrea.funesta","Thymus.vulgaris"
"P3","Panurgus.dentipes","Biscutella.laevigata"
"P3","Platynochaetus.setosus","Biscutella.laevigata"
"P3","Platynochaetus.setosus","Cistus.salviifolius"
"P3","Platynochaetus.setosus","Rosmarinus.officinalis"
"P3","Platynochaetus.setosus","Thymus.vulgaris"
"P3","Polistes.dominulus","Biscutella.laevigata"
"P3","Polistes.dominulus","Cistus.salviifolius"
"P3","Polistes.dominulus","Rosmarinus.officinalis"
"P3","Polistes.dominulus","Sideritis.hirsuta"
"P3","Polistes.dominulus","Thymus.vulgaris"
"P3","Priocnemis.sp1","Cistus.salviifolius"
"P3","Pyronia.bathseba","Rosmarinus.officinalis"
"P3","Pyronia.bathseba","Sideritis.hirsuta"
"P3","Pyronia.bathseba","Thymus.vulgaris"
"P3","Rhodanthidium.septemdentatum","Cistus.salviifolius"
"P3","Rhodanthidium.septemdentatum","Gladiolus.illyricus"
"P3","Rhodanthidium.septemdentatum","Sideritis.hirsuta"
"P3","Rhodanthidium.septemdentatum","Thymus.vulgaris"
"P3","Rhodanthidium.sticticum","Biscutella.laevigata"
"P3","Rhodanthidium.sticticum","Cistus.salviifolius"
"P3","Rhodanthidium.sticticum","Gladiolus.illyricus"
"P3","Rhodanthidium.sticticum","Rosmarinus.officinalis"
"P3","Rhodanthidium.sticticum","Sideritis.hirsuta"
"P3","Rhodanthidium.sticticum","Thymus.vulgaris"
"P3","Stenurella.melanura","Cistus.salviifolius"
"P3","Tropinota.sp1","Cistus.salviifolius"
"P3","Tropinota.sp1","Rosmarinus.officinalis"
"P3","Tropinota.sp1","Thymus.vulgaris"
"P4","Acmaeodera.cylindrica","Biscutella.laevigata"
"P4","Acmaeodera.cylindrica","Convolvulus.lanuginosus"
"P4","Adelidae.sp1","Biscutella.laevigata"
"P4","Adelidae.sp1","Convolvulus.lanuginosus"
"P4","Adelidae.sp1","Rosmarinus.officinalis"
"P4","Adelidae.sp1","Thymus.vulgaris"
"P4","Anaspis.sp1","Aphyllanthes.monspeliensis"
"P4","Anaspis.sp1","Biscutella.laevigata"
"P4","Anaspis.sp1","Convolvulus.lanuginosus"
"P4","Anaspis.sp1","Thymus.vulgaris"
"P4","Ancistrocerus.biphaleratus","Rosmarinus.officinalis"
"P4","Ancistrocerus.biphaleratus","Thymus.vulgaris"
"P4","Andrena.djelfensis","Biscutella.laevigata"
"P4","Andrena.djelfensis","Rosmarinus.officinalis"
"P4","Andrena.djelfensis","Thymus.vulgaris"
"P4","Andrena.flavipes","Rosmarinus.officinalis"
"P4","Andrena.lepida","Thymus.vulgaris"
"P4","Andrena.nigroaenea","Argyrolobium.zanonii"
"P4","Andrena.nigroaenea","Biscutella.laevigata"
"P4","Andrena.nigroaenea","Rosmarinus.officinalis"
"P4","Andrena.nigroaenea","Thymus.vulgaris"
"P4","Andrena.senecionis","Biscutella.laevigata"
"P4","Andrena.senecionis","Rosmarinus.officinalis"
"P4","Andrena.senecionis","Thymus.vulgaris"
"P4","Anthaxia.millefolii","Allium.sphaerocephalon"
"P4","Anthaxia.millefolii","Biscutella.laevigata"
"P4","Anthaxia.millefolii","Convolvulus.lanuginosus"
"P4","Anthaxia.scutullaris","Thymus.vulgaris"
"P4","Anthaxia.spinolae","Biscutella.laevigata"
"P4","Anthophora.dispar","Rosmarinus.officinalis"
"P4","Anthophora.dispar","Thymus.vulgaris"
"P4","Anthrenus.sp1","Biscutella.laevigata"
"P4","Apis.mellifera","Allium.sphaerocephalon"
"P4","Apis.mellifera","Argyrolobium.zanonii"
"P4","Apis.mellifera","Biscutella.laevigata"
"P4","Apis.mellifera","Convolvulus.lanuginosus"
"P4","Apis.mellifera","Gladiolus.illyricus"
"P4","Apis.mellifera","Rosmarinus.officinalis"
"P4","Apis.mellifera","Sedum.sediforme"
"P4","Apis.mellifera","Thymus.vulgaris"
"P4","Aplocnemus.calidus","Convolvulus.lanuginosus"
"P4","Aplocnemus.calidus","Gladiolus.illyricus"
"P4","Aplocnemus.calidus","Rosmarinus.officinalis"
"P4","Aplocnemus.calidus","Thymus.vulgaris"
"P4","Athalia.bicolor","Biscutella.laevigata"
"P4","Bombus.terrestris","Allium.sphaerocephalon"
"P4","Bombus.terrestris","Biscutella.laevigata"
"P4","Bombus.terrestris","Gladiolus.illyricus"
"P4","Bombus.terrestris","Rosmarinus.officinalis"
"P4","Bombus.terrestris","Sedum.sediforme"
"P4","Bombus.terrestris","Thymus.vulgaris"
"P4","Bruchidius.pusillus","Allium.sphaerocephalon"
"P4","Bruchidius.pusillus","Biscutella.laevigata"
"P4","Bruchidius.pusillus","Convolvulus.lanuginosus"
"P4","Bruchidius.pusillus","Scorpiurus.muricatus"
"P4","Bruchidius.seminarius","Allium.sphaerocephalon"
"P4","Bruchidius.seminarius","Biscutella.laevigata"
"P4","Bruchidius.seminarius","Convolvulus.lanuginosus"
"P4","Bruchidius.seminarius","Scorpiurus.muricatus"
"P4","Bruchidius.villosus","Allium.sphaerocephalon"
"P4","Bruchidius.villosus","Biscutella.laevigata"
"P4","Bruchidius.villosus","Convolvulus.lanuginosus"
"P4","Bruchidius.villosus","Scorpiurus.muricatus"
"P4","Clytus.rhamni","Allium.sphaerocephalon"
"P4","Clytus.rhamni","Biscutella.laevigata"
"P4","Danacea.longiceps","Allium.sphaerocephalon"
"P4","Danacea.longiceps","Convolvulus.lanuginosus"
"P4","Danacea.longiceps","Rosmarinus.officinalis"
"P4","Dasytes.nigroaeneus","Allium.sphaerocephalon"
"P4","Dasytes.nigroaeneus","Biscutella.laevigata"
"P4","Dasytes.nigroaeneus","Convolvulus.lanuginosus"
"P4","Dasytes.nigroaeneus","Gladiolus.illyricus"
"P4","Dasytes.nigroaeneus","Rosmarinus.officinalis"
"P4","Dasytes.nigroaeneus","Thymus.vulgaris"
"P4","Eristalis.tenax","Rosmarinus.officinalis"
"P4","Eristalis.tenax","Thymus.vulgaris"
"P4","Eumerus.argyropus","Allium.sphaerocephalon"
"P4","Eumerus.argyropus","Aphyllanthes.monspeliensis"
"P4","Eumerus.argyropus","Convolvulus.lanuginosus"
"P4","Eumerus.argyropus","Scorpiurus.muricatus"
"P4","Halictus.gemmeus","Allium.sphaerocephalon"
"P4","Halictus.gemmeus","Anagallis.arvensis"
"P4","Halictus.gemmeus","Sedum.sediforme"
"P4","Hylaeus.garrulus","Thymus.vulgaris"
"P4","Lasioglossum.albocinctum","Biscutella.laevigata"
"P4","Lasioglossum.albocinctum","Gladiolus.illyricus"
"P4","Lasioglossum.albocinctum","Rosmarinus.officinalis"
"P4","Lasioglossum.griseolum","Allium.sphaerocephalon"
"P4","Lasioglossum.griseolum","Anagallis.arvensis"
"P4","Lasioglossum.griseolum","Biscutella.laevigata"
"P4","Lasioglossum.griseolum","Convolvulus.lanuginosus"
"P4","Lasioglossum.griseolum","Fumana.laevipes"
"P4","Lasioglossum.griseolum","Fumana.laevis"
"P4","Lasioglossum.griseolum","Gladiolus.illyricus"
"P4","Lasioglossum.griseolum","Rosmarinus.officinalis"
"P4","Lasioglossum.griseolum","Scorpiurus.muricatus"
"P4","Lasioglossum.griseolum","Sedum.sediforme"
"P4","Lasioglossum.griseolum","Thymus.vulgaris"
"P4","Lasioglossum.malachurum","Allium.sphaerocephalon"
"P4","Lasioglossum.malachurum","Anagallis.arvensis"
"P4","Lasioglossum.malachurum","Biscutella.laevigata"
"P4","Lasioglossum.malachurum","Convolvulus.lanuginosus"
"P4","Lasioglossum.malachurum","Gladiolus.illyricus"
"P4","Lasioglossum.malachurum","Rosmarinus.officinalis"
"P4","Lasioglossum.malachurum","Scorpiurus.muricatus"
"P4","Lasioglossum.malachurum","Sedum.sediforme"
"P4","Lasioglossum.malachurum","Thymus.vulgaris"
"P4","Lasioglossum.mediterraneum","Allium.sphaerocephalon"
"P4","Lasioglossum.mediterraneum","Anagallis.arvensis"
"P4","Lasioglossum.mediterraneum","Biscutella.laevigata"
"P4","Lasioglossum.mediterraneum","Convolvulus.lanuginosus"
"P4","Lasioglossum.mediterraneum","Gladiolus.illyricus"
"P4","Lasioglossum.mediterraneum","Rosmarinus.officinalis"
"P4","Lasioglossum.mediterraneum","Scorpiurus.muricatus"
"P4","Lasioglossum.mediterraneum","Sedum.sediforme"
"P4","Lasioglossum.mediterraneum","Thymus.vulgaris"
"P4","Lasioglossum.subhirtum","Allium.sphaerocephalon"
"P4","Lasioglossum.subhirtum","Anagallis.arvensis"
"P4","Lasioglossum.subhirtum","Biscutella.laevigata"
"P4","Lasioglossum.subhirtum","Convolvulus.lanuginosus"
"P4","Lasioglossum.subhirtum","Gladiolus.illyricus"
"P4","Lasioglossum.subhirtum","Rosmarinus.officinalis"
"P4","Lasioglossum.subhirtum","Scorpiurus.muricatus"
"P4","Lasioglossum.subhirtum","Sedum.sediforme"
"P4","Lasioglossum.subhirtum","Thymus.vulgaris"
"P4","Lasioglossum.transitorium","Allium.sphaerocephalon"
"P4","Lasioglossum.transitorium","Anagallis.arvensis"
"P4","Lasioglossum.transitorium","Biscutella.laevigata"
"P4","Lasioglossum.transitorium","Convolvulus.lanuginosus"
"P4","Lasioglossum.transitorium","Fumana.laevipes"
"P4","Lasioglossum.transitorium","Fumana.laevis"
"P4","Lasioglossum.transitorium","Gladiolus.illyricus"
"P4","Lasioglossum.transitorium","Rosmarinus.officinalis"
"P4","Lasioglossum.transitorium","Scorpiurus.muricatus"
"P4","Lasioglossum.transitorium","Sedum.sediforme"
"P4","Lasioglossum.transitorium","Thymus.vulgaris"
"P4","Lobonyx.aeneus","Biscutella.laevigata"
"P4","Lobonyx.aeneus","Convolvulus.lanuginosus"
"P4","Lobonyx.aeneus","Gladiolus.illyricus"
"P4","Lobonyx.aeneus","Rosmarinus.officinalis"
"P4","Lobonyx.aeneus","Thymus.vulgaris"
"P4","Meligethes.sp1","Biscutella.laevigata"
"P4","Meligethes.sp1","Rosmarinus.officinalis"
"P4","Meligethes.sp1","Thymus.vulgaris"
"P4","Merodon.funestus","Biscutella.laevigata"
"P4","Merodon.funestus","Scorpiurus.muricatus"
"P4","Merodon.funestus","Thymus.vulgaris"
"P4","Minoa.murinata","Convolvulus.lanuginosus"
"P4","Minoa.murinata","Thymus.vulgaris"
"P4","Mordellistena.sp1","Allium.sphaerocephalon"
"P4","Mordellistena.sp1","Convolvulus.lanuginosus"
"P4","Mordellistena.sp1","Rosmarinus.officinalis"
"P4","Mordellistena.sp1","Scorpiurus.muricatus"
"P4","Mordellistena.sp4","Allium.sphaerocephalon"
"P4","Mordellistena.sp4","Biscutella.laevigata"
"P4","Normannia.esculi","Allium.sphaerocephalon"
"P4","Oedemera.flavipes","Allium.sphaerocephalon"
"P4","Oedemera.flavipes","Biscutella.laevigata"
"P4","Oedemera.flavipes","Convolvulus.lanuginosus"
"P4","Oedemera.flavipes","Gladiolus.illyricus"
"P4","Oedemera.flavipes","Rosmarinus.officinalis"
"P4","Oedemera.flavipes","Thymus.vulgaris"
"P4","Osmia.gallarum","Anagallis.arvensis"
"P4","Osmia.gallarum","Biscutella.laevigata"
"P4","Osmia.gallarum","Convolvulus.lanuginosus"
"P4","Osmia.gallarum","Rosmarinus.officinalis"
"P4","Osmia.gallarum","Scorpiurus.muricatus"
"P4","Osmia.gallarum","Thymus.vulgaris"
"P4","Osmia.rufohirta","Anagallis.arvensis"
"P4","Osmia.rufohirta","Biscutella.laevigata"
"P4","Osmia.rufohirta","Convolvulus.lanuginosus"
"P4","Osmia.rufohirta","Fumana.laevipes"
"P4","Osmia.rufohirta","Fumana.laevis"
"P4","Osmia.rufohirta","Gladiolus.illyricus"
"P4","Osmia.rufohirta","Scorpiurus.muricatus"
"P4","Osmia.rufohirta","Thymus.vulgaris"
"P4","Oxythyrea.funesta","Allium.sphaerocephalon"
"P4","Oxythyrea.funesta","Aphyllanthes.monspeliensis"
"P4","Oxythyrea.funesta","Rosmarinus.officinalis"
"P4","Oxythyrea.funesta","Thymus.vulgaris"
"P4","Panurgus.dentipes","Biscutella.laevigata"
"P4","Platynochaetus.setosus","Biscutella.laevigata"
"P4","Platynochaetus.setosus","Rosmarinus.officinalis"
"P4","Platynochaetus.setosus","Thymus.vulgaris"
"P4","Polistes.dominulus","Allium.sphaerocephalon"
"P4","Polistes.dominulus","Biscutella.laevigata"
"P4","Polistes.dominulus","Rosmarinus.officinalis"
"P4","Polistes.dominulus","Thymus.vulgaris"
"P4","Protosmia.exenterata","Allium.sphaerocephalon"
"P4","Protosmia.exenterata","Anagallis.arvensis"
"P4","Protosmia.exenterata","Biscutella.laevigata"
"P4","Protosmia.exenterata","Convolvulus.lanuginosus"
"P4","Protosmia.exenterata","Rosmarinus.officinalis"
"P4","Protosmia.exenterata","Scorpiurus.muricatus"
"P4","Protosmia.exenterata","Thymus.vulgaris"
"P4","Pyronia.bathseba","Allium.sphaerocephalon"
"P4","Pyronia.bathseba","Convolvulus.lanuginosus"
"P4","Pyronia.bathseba","Rosmarinus.officinalis"
"P4","Pyronia.bathseba","Thymus.vulgaris"
"P4","Rhodanthidium.septemdentatum","Allium.sphaerocephalon"
"P4","Rhodanthidium.septemdentatum","Anagallis.arvensis"
"P4","Rhodanthidium.septemdentatum","Convolvulus.lanuginosus"
"P4","Rhodanthidium.septemdentatum","Gladiolus.illyricus"
"P4","Rhodanthidium.septemdentatum","Scorpiurus.muricatus"
"P4","Rhodanthidium.septemdentatum","Thymus.vulgaris"
"P4","Rhodanthidium.sticticum","Anagallis.arvensis"
"P4","Rhodanthidium.sticticum","Argyrolobium.zanonii"
"P4","Rhodanthidium.sticticum","Biscutella.laevigata"
"P4","Rhodanthidium.sticticum","Convolvulus.lanuginosus"
"P4","Rhodanthidium.sticticum","Gladiolus.illyricus"
"P4","Rhodanthidium.sticticum","Rosmarinus.officinalis"
"P4","Rhodanthidium.sticticum","Scorpiurus.muricatus"
"P4","Rhodanthidium.sticticum","Thymus.vulgaris"
"P4","Sphaerophoria.scripta","Biscutella.laevigata"
"P4","Sphaerophoria.scripta","Rosmarinus.officinalis"
"P4","Sphaerophoria.scripta","Thymus.vulgaris"
"P4","Sphecodes.ruficrus","Anagallis.arvensis"
"P4","Sphecodes.ruficrus","Scorpiurus.muricatus"
"P4","Sphecodes.sp4","Anagallis.arvensis"
"P4","Sphecodes.sp4","Scorpiurus.muricatus"
"P4","Stenurella.melanura","Allium.sphaerocephalon"
"P4","Stenurella.melanura","Convolvulus.lanuginosus"
"P4","Trypoxylon.sp1","Scorpiurus.muricatus"
"P4","Zerynthia.rumina","Convolvulus.lanuginosus"
"P5","Adelidae.sp1","Rosmarinus.officinalis"
"P5","Adelidae.sp1","Thymus.vulgaris"
"P5","Anaspis.sp1","Thymus.vulgaris"
"P5","Andrena.djelfensis","Rosmarinus.officinalis"
"P5","Andrena.djelfensis","Thymus.vulgaris"
"P5","Andrena.nigroaenea","Rosmarinus.officinalis"
"P5","Andrena.nigroaenea","Thymus.vulgaris"
"P5","Andrena.senecionis","Rosmarinus.officinalis"
"P5","Andrena.senecionis","Thymus.vulgaris"
"P5","Anthaxia.scutullaris","Thymus.vulgaris"
"P5","Apis.mellifera","Gladiolus.illyricus"
"P5","Apis.mellifera","Rosmarinus.officinalis"
"P5","Apis.mellifera","Sedum.sediforme"
"P5","Apis.mellifera","Thymus.vulgaris"
"P5","Aplocnemus.calidus","Gladiolus.illyricus"
"P5","Aplocnemus.calidus","Rosmarinus.officinalis"
"P5","Aplocnemus.calidus","Thymus.vulgaris"
"P5","Bombus.terrestris","Gladiolus.illyricus"
"P5","Bombus.terrestris","Rosmarinus.officinalis"
"P5","Bombus.terrestris","Sedum.sediforme"
"P5","Bombus.terrestris","Thymus.vulgaris"
"P5","Chrysotoxum.cautum","Rosmarinus.officinalis"
"P5","Chrysotoxum.cautum","Thymus.vulgaris"
"P5","Clanoptilus.abdominalis","Rosmarinus.officinalis"
"P5","Danacea.longiceps","Rosmarinus.officinalis"
"P5","Dasytes.nigroaeneus","Gladiolus.illyricus"
"P5","Dasytes.nigroaeneus","Rosmarinus.officinalis"
"P5","Dasytes.nigroaeneus","Thymus.vulgaris"
"P5","Hylaeus.hyalinatus","Gladiolus.illyricus"
"P5","Hylaeus.hyalinatus","Rosmarinus.officinalis"
"P5","Hylaeus.hyalinatus","Sedum.sediforme"
"P5","Hylaeus.hyalinatus","Thymus.vulgaris"
"P5","Lasioglossum.albocinctum","Gladiolus.illyricus"
"P5","Lasioglossum.albocinctum","Rosmarinus.officinalis"
"P5","Lasioglossum.bimaculatum","Gladiolus.illyricus"
"P5","Lasioglossum.bimaculatum","Rosmarinus.officinalis"
"P5","Lasioglossum.bimaculatum","Sedum.sediforme"
"P5","Lasioglossum.bimaculatum","Thymus.vulgaris"
"P5","Lasioglossum.griseolum","Gladiolus.illyricus"
"P5","Lasioglossum.griseolum","Rosmarinus.officinalis"
"P5","Lasioglossum.griseolum","Sedum.sediforme"
"P5","Lasioglossum.griseolum","Thymus.vulgaris"
"P5","Lasioglossum.malachurum","Gladiolus.illyricus"
"P5","Lasioglossum.malachurum","Rosmarinus.officinalis"
"P5","Lasioglossum.malachurum","Sedum.sediforme"
"P5","Lasioglossum.malachurum","Thymus.vulgaris"
"P5","Lasioglossum.subhirtum","Gladiolus.illyricus"
"P5","Lasioglossum.subhirtum","Rosmarinus.officinalis"
"P5","Lasioglossum.subhirtum","Sedum.sediforme"
"P5","Lasioglossum.subhirtum","Thymus.vulgaris"
"P5","Lasioglossum.transitorium","Gladiolus.illyricus"
"P5","Lasioglossum.transitorium","Rosmarinus.officinalis"
"P5","Lasioglossum.transitorium","Sedum.sediforme"
"P5","Lasioglossum.transitorium","Thymus.vulgaris"
"P5","Lobonyx.aeneus","Gladiolus.illyricus"
"P5","Lobonyx.aeneus","Rosmarinus.officinalis"
"P5","Lobonyx.aeneus","Thymus.vulgaris"
"P5","Megachile.pyrenaica","Rosmarinus.officinalis"
"P5","Megachile.pyrenaica","Thymus.vulgaris"
"P5","Meligethes.sp1","Rosmarinus.officinalis"
"P5","Meligethes.sp1","Thymus.vulgaris"
"P5","Merodon.funestus","Thymus.vulgaris"
"P5","Minoa.murinata","Thymus.vulgaris"
"P5","Mordellistena.sp1","Rosmarinus.officinalis"
"P5","Oedemera.flavipes","Gladiolus.illyricus"
"P5","Oedemera.flavipes","Rosmarinus.officinalis"
"P5","Oedemera.flavipes","Thymus.vulgaris"
"P5","Osmia.melanogaster/leaiana","Rosmarinus.officinalis"
"P5","Osmia.melanogaster/leaiana","Thymus.vulgaris"
"P5","Osmia.nasoproducta","Rosmarinus.officinalis"
"P5","Osmia.nasoproducta","Thymus.vulgaris"
"P5","Osmia.rufohirta","Gladiolus.illyricus"
"P5","Osmia.rufohirta","Thymus.vulgaris"
"P5","Oxythyrea.funesta","Rosmarinus.officinalis"
"P5","Oxythyrea.funesta","Thymus.vulgaris"
"P5","Platynochaetus.setosus","Rosmarinus.officinalis"
"P5","Platynochaetus.setosus","Thymus.vulgaris"
"P5","Polistes.dominulus","Rosmarinus.officinalis"
"P5","Polistes.dominulus","Thymus.vulgaris"
"P5","Protosmia.exenterata","Rosmarinus.officinalis"
"P5","Protosmia.exenterata","Thymus.vulgaris"
"P5","Pyronia.bathseba","Rosmarinus.officinalis"
"P5","Pyronia.bathseba","Thymus.vulgaris"
"P5","Rhodanthidium.septemdentatum","Gladiolus.illyricus"
"P5","Rhodanthidium.septemdentatum","Thymus.vulgaris"
"P5","Rhodanthidium.sticticum","Gladiolus.illyricus"
"P5","Rhodanthidium.sticticum","Rosmarinus.officinalis"
"P5","Rhodanthidium.sticticum","Thymus.vulgaris"
"P5","Smaragdina.diversipes","Thymus.vulgaris"
"P5","Tropinota.sp1","Rosmarinus.officinalis"
"P5","Tropinota.sp1","Thymus.vulgaris"
"P6","Adelidae.sp1","Rosmarinus.officinalis"
"P6","Adelidae.sp1","Thymus.vulgaris"
"P6","Anaspis.sp1","Aphyllanthes.monspeliensis"
"P6","Anaspis.sp1","Thymus.vulgaris"
"P6","Andrena.angustior","Rosmarinus.officinalis"
"P6","Andrena.angustior","Thymus.vulgaris"
"P6","Andrena.djelfensis","Rosmarinus.officinalis"
"P6","Andrena.djelfensis","Thymus.vulgaris"
"P6","Andrena.lepida","Thymus.vulgaris"
"P6","Andrena.nigroaenea","Rosmarinus.officinalis"
"P6","Andrena.nigroaenea","Thymus.vulgaris"
"P6","Andrena.senecionis","Rosmarinus.officinalis"
"P6","Andrena.senecionis","Thymus.vulgaris"
"P6","Anthaxia.millefolii","Centaurea.linifolia."
"P6","Anthaxia.spinolae","Centaurea.linifolia."
"P6","Anthophora.dispar","Rosmarinus.officinalis"
"P6","Anthophora.dispar","Thymus.vulgaris"
"P6","Apis.mellifera","Centaurea.linifolia."
"P6","Apis.mellifera","Rosmarinus.officinalis"
"P6","Apis.mellifera","Thymus.vulgaris"
"P6","Aplocnemus.calidus","Centaurea.linifolia."
"P6","Aplocnemus.calidus","Rosmarinus.officinalis"
"P6","Aplocnemus.calidus","Thymus.vulgaris"
"P6","Attalus.pictus","Rosmarinus.officinalis"
"P6","Attalus.pictus","Thymus.vulgaris"
"P6","Bombus.terrestris","Centaurea.linifolia."
"P6","Bombus.terrestris","Rosmarinus.officinalis"
"P6","Bombus.terrestris","Thymus.vulgaris"
"P6","Chrysotoxum.cautum","Rosmarinus.officinalis"
"P6","Chrysotoxum.cautum","Thymus.vulgaris"
"P6","Clanoptilus.abdominalis","Rosmarinus.officinalis"
"P6","Clytus.rhamni","Centaurea.linifolia."
"P6","Danacea.longiceps","Centaurea.linifolia."
"P6","Danacea.longiceps","Rosmarinus.officinalis"
"P6","Dasytes.nigroaeneus","Centaurea.linifolia."
"P6","Dasytes.nigroaeneus","Rosmarinus.officinalis"
"P6","Dasytes.nigroaeneus","Thymus.vulgaris"
"P6","Eucera.nigrilabris","Rosmarinus.officinalis"
"P6","Eumerus.argyropus","Aphyllanthes.monspeliensis"
"P6","Eumerus.argyropus","Centaurea.linifolia."
"P6","Hylaeus.taeniolatus","Rosmarinus.officinalis"
"P6","Lasioglossum.albocinctum","Centaurea.linifolia."
"P6","Lasioglossum.albocinctum","Rosmarinus.officinalis"
"P6","Lasioglossum.bimaculatum","Centaurea.linifolia."
"P6","Lasioglossum.bimaculatum","Rosmarinus.officinalis"
"P6","Lasioglossum.bimaculatum","Thymus.vulgaris"
"P6","Lasioglossum.griseolum","Centaurea.linifolia."
"P6","Lasioglossum.griseolum","Rosmarinus.officinalis"
"P6","Lasioglossum.griseolum","Thymus.vulgaris"
"P6","Lasioglossum.malachurum","Centaurea.linifolia."
"P6","Lasioglossum.malachurum","Rosmarinus.officinalis"
"P6","Lasioglossum.malachurum","Thymus.vulgaris"
"P6","Lasioglossum.subhirtum","Centaurea.linifolia."
"P6","Lasioglossum.subhirtum","Rosmarinus.officinalis"
"P6","Lasioglossum.subhirtum","Thymus.vulgaris"
"P6","Lasioglossum.transitorium","Centaurea.linifolia."
"P6","Lasioglossum.transitorium","Rosmarinus.officinalis"
"P6","Lasioglossum.transitorium","Thymus.vulgaris"
"P6","Lobonyx.aeneus","Centaurea.linifolia."
"P6","Lobonyx.aeneus","Rosmarinus.officinalis"
"P6","Lobonyx.aeneus","Thymus.vulgaris"
"P6","Megachile.pyrenaica","Rosmarinus.officinalis"
"P6","Megachile.pyrenaica","Thymus.vulgaris"
"P6","Meligethes.sp1","Rosmarinus.officinalis"
"P6","Meligethes.sp1","Thymus.vulgaris"
"P6","Mordellistena.sp1","Rosmarinus.officinalis"
"P6","Nomada.hispanica","Rosmarinus.officinalis"
"P6","Oedemera.flavipes","Centaurea.linifolia."
"P6","Oedemera.flavipes","Rosmarinus.officinalis"
"P6","Oedemera.flavipes","Thymus.vulgaris"
"P6","Oxythyrea.funesta","Aphyllanthes.monspeliensis"
"P6","Oxythyrea.funesta","Rosmarinus.officinalis"
"P6","Oxythyrea.funesta","Thymus.vulgaris"
"P6","Platynochaetus.setosus","Rosmarinus.officinalis"
"P6","Platynochaetus.setosus","Thymus.vulgaris"
"P6","Protosmia.exenterata","Centaurea.linifolia."
"P6","Protosmia.exenterata","Rosmarinus.officinalis"
"P6","Protosmia.exenterata","Thymus.vulgaris"
"P6","Pyronia.bathseba","Centaurea.linifolia."
"P6","Pyronia.bathseba","Rosmarinus.officinalis"
"P6","Pyronia.bathseba","Thymus.vulgaris"
"P6","Rhodanthidium.septemdentatum","Centaurea.linifolia."
"P6","Rhodanthidium.septemdentatum","Thymus.vulgaris"
"P6","Rhodanthidium.sticticum","Centaurea.linifolia."
"P6","Rhodanthidium.sticticum","Rosmarinus.officinalis"
"P6","Rhodanthidium.sticticum","Thymus.vulgaris"
"P6","Smaragdina.diversipes","Thymus.vulgaris"
"P6","Tropinota.sp1","Rosmarinus.officinalis"
"P6","Tropinota.sp1","Thymus.vulgaris"
"P6","Tropinota.squalida","Rosmarinus.officinalis"
"P6","Tropinota.squalida","Thymus.vulgaris"
"P6","Zygaena.sp1","Centaurea.linifolia."
"P7","Acmaeodera.cylindrica","Biscutella.laevigata"
"P7","Anaspis.sp1","Aphyllanthes.monspeliensis"
"P7","Anaspis.sp1","Biscutella.laevigata"
"P7","Anaspis.sp1","Euphorbia.flavicoma"
"P7","Anaspis.sp1","Helianthemum.oelandicum.spp.italicum"
"P7","Anaspis.sp1","Thymus.vulgaris"
"P7","Andrena.djelfensis","Biscutella.laevigata"
"P7","Andrena.djelfensis","Euphorbia.flavicoma"
"P7","Andrena.djelfensis","Helianthemum.oelandicum.spp.italicum"
"P7","Andrena.djelfensis","Rosmarinus.officinalis"
"P7","Andrena.djelfensis","Thymus.vulgaris"
"P7","Andrena.lepida","Euphorbia.flavicoma"
"P7","Andrena.lepida","Thymus.vulgaris"
"P7","Andrena.limata","Dorycnium.pentaphyllum"
"P7","Andrena.limata","Euphorbia.flavicoma"
"P7","Andrena.limata","Rosmarinus.officinalis"
"P7","Andrena.nigroaenea","Biscutella.laevigata"
"P7","Andrena.nigroaenea","Euphorbia.flavicoma"
"P7","Andrena.nigroaenea","Rosmarinus.officinalis"
"P7","Andrena.nigroaenea","Thymus.vulgaris"
"P7","Andrena.senecionis","Biscutella.laevigata"
"P7","Andrena.senecionis","Euphorbia.flavicoma"
"P7","Andrena.senecionis","Rosmarinus.officinalis"
"P7","Andrena.senecionis","Thymus.vulgaris"
"P7","Anthaxia.millefolii","Biscutella.laevigata"
"P7","Anthaxia.scutullaris","Thymus.vulgaris"
"P7","Anthaxia.spinolae","Biscutella.laevigata"
"P7","Anthophora.dispar","Rosmarinus.officinalis"
"P7","Anthophora.dispar","Thymus.vulgaris"
"P7","Anthrenus.sp1","Biscutella.laevigata"
"P7","Apis.mellifera","Biscutella.laevigata"
"P7","Apis.mellifera","Dorycnium.pentaphyllum"
"P7","Apis.mellifera","Euphorbia.flavicoma"
"P7","Apis.mellifera","Helianthemum.oelandicum.spp.italicum"
"P7","Apis.mellifera","Rosmarinus.officinalis"
"P7","Apis.mellifera","Sedum.sediforme"
"P7","Apis.mellifera","Thymus.vulgaris"
"P7","Aplocnemus.calidus","Euphorbia.flavicoma"
"P7","Aplocnemus.calidus","Rosmarinus.officinalis"
"P7","Aplocnemus.calidus","Thymus.vulgaris"
"P7","Bombus.terrestris","Biscutella.laevigata"
"P7","Bombus.terrestris","Dorycnium.pentaphyllum"
"P7","Bombus.terrestris","Rosmarinus.officinalis"
"P7","Bombus.terrestris","Sedum.sediforme"
"P7","Bombus.terrestris","Thymus.vulgaris"
"P7","Bruchidius.obscuripes","Biscutella.laevigata"
"P7","Bruchidius.obscuripes","Dorycnium.pentaphyllum"
"P7","Bruchidius.obscuripes","Euphorbia.flavicoma"
"P7","Bruchus.viciae","Biscutella.laevigata"
"P7","Bruchus.viciae","Dorycnium.pentaphyllum"
"P7","Bruchus.viciae","Euphorbia.flavicoma"
"P7","Chrysotoxum.cautum","Biscutella.laevigata"
"P7","Chrysotoxum.cautum","Euphorbia.flavicoma"
"P7","Chrysotoxum.cautum","Rosmarinus.officinalis"
"P7","Chrysotoxum.cautum","Thymus.vulgaris"
"P7","Clanoptilus.abdominalis","Rosmarinus.officinalis"
"P7","Clytus.rhamni","Biscutella.laevigata"
"P7","Danacea.longiceps","Rosmarinus.officinalis"
"P7","Dasytes.nigroaeneus","Biscutella.laevigata"
"P7","Dasytes.nigroaeneus","Dorycnium.pentaphyllum"
"P7","Dasytes.nigroaeneus","Euphorbia.flavicoma"
"P7","Dasytes.nigroaeneus","Helianthemum.oelandicum.spp.italicum"
"P7","Dasytes.nigroaeneus","Rosmarinus.officinalis"
"P7","Dasytes.nigroaeneus","Thymus.vulgaris"
"P7","Eucera.collaris","Rosmarinus.officinalis"
"P7","Eucera.nigrilabris","Rosmarinus.officinalis"
"P7","Eumerus.argyropus","Aphyllanthes.monspeliensis"
"P7","Eumerus.argyropus","Euphorbia.flavicoma"
"P7","Halictus.scabiosae","Sedum.sediforme"
"P7","Hylaeus.garrulus","Thymus.vulgaris"
"P7","Lasioglossum.albocinctum","Biscutella.laevigata"
"P7","Lasioglossum.albocinctum","Dorycnium.pentaphyllum"
"P7","Lasioglossum.albocinctum","Euphorbia.flavicoma"
"P7","Lasioglossum.albocinctum","Rosmarinus.officinalis"
"P7","Lasioglossum.bimaculatum","Biscutella.laevigata"
"P7","Lasioglossum.bimaculatum","Dorycnium.pentaphyllum"
"P7","Lasioglossum.bimaculatum","Euphorbia.flavicoma"
"P7","Lasioglossum.bimaculatum","Helianthemum.oelandicum.spp.italicum"
"P7","Lasioglossum.bimaculatum","Rosmarinus.officinalis"
"P7","Lasioglossum.bimaculatum","Sedum.sediforme"
"P7","Lasioglossum.bimaculatum","Thesium.divaricatum"
"P7","Lasioglossum.bimaculatum","Thymus.vulgaris"
"P7","Lasioglossum.griseolum","Biscutella.laevigata"
"P7","Lasioglossum.griseolum","Euphorbia.flavicoma"
"P7","Lasioglossum.griseolum","Helianthemum.oelandicum.spp.italicum"
"P7","Lasioglossum.griseolum","Rosmarinus.officinalis"
"P7","Lasioglossum.griseolum","Sedum.sediforme"
"P7","Lasioglossum.griseolum","Thymus.vulgaris"
"P7","Lasioglossum.malachurum","Biscutella.laevigata"
"P7","Lasioglossum.malachurum","Dorycnium.pentaphyllum"
"P7","Lasioglossum.malachurum","Euphorbia.flavicoma"
"P7","Lasioglossum.malachurum","Helianthemum.oelandicum.spp.italicum"
"P7","Lasioglossum.malachurum","Rosmarinus.officinalis"
"P7","Lasioglossum.malachurum","Sedum.sediforme"
"P7","Lasioglossum.malachurum","Thesium.divaricatum"
"P7","Lasioglossum.malachurum","Thymus.vulgaris"
"P7","Lasioglossum.subhirtum","Biscutella.laevigata"
"P7","Lasioglossum.subhirtum","Dorycnium.pentaphyllum"
"P7","Lasioglossum.subhirtum","Euphorbia.flavicoma"
"P7","Lasioglossum.subhirtum","Helianthemum.oelandicum.spp.italicum"
"P7","Lasioglossum.subhirtum","Rosmarinus.officinalis"
"P7","Lasioglossum.subhirtum","Sedum.sediforme"
"P7","Lasioglossum.subhirtum","Thesium.divaricatum"
"P7","Lasioglossum.subhirtum","Thymus.vulgaris"
"P7","Lasioglossum.transitorium","Biscutella.laevigata"
"P7","Lasioglossum.transitorium","Euphorbia.flavicoma"
"P7","Lasioglossum.transitorium","Helianthemum.oelandicum.spp.italicum"
"P7","Lasioglossum.transitorium","Rosmarinus.officinalis"
"P7","Lasioglossum.transitorium","Sedum.sediforme"
"P7","Lasioglossum.transitorium","Thymus.vulgaris"
"P7","Lobonyx.aeneus","Biscutella.laevigata"
"P7","Lobonyx.aeneus","Dorycnium.pentaphyllum"
"P7","Lobonyx.aeneus","Rosmarinus.officinalis"
"P7","Lobonyx.aeneus","Thymus.vulgaris"
"P7","Megachile.pyrenaica","Rosmarinus.officinalis"
"P7","Megachile.pyrenaica","Thymus.vulgaris"
"P7","Meligethes.sp1","Biscutella.laevigata"
"P7","Meligethes.sp1","Euphorbia.flavicoma"
"P7","Meligethes.sp1","Rosmarinus.officinalis"
"P7","Meligethes.sp1","Thymus.vulgaris"
"P7","Merodon.funestus","Biscutella.laevigata"
"P7","Merodon.funestus","Euphorbia.flavicoma"
"P7","Merodon.funestus","Thymus.vulgaris"
"P7","Mordellistena.sp1","Rosmarinus.officinalis"
"P7","Nomada.sheppardana","Thymus.vulgaris"
"P7","Oedemera.flavipes","Biscutella.laevigata"
"P7","Oedemera.flavipes","Dorycnium.pentaphyllum"
"P7","Oedemera.flavipes","Euphorbia.flavicoma"
"P7","Oedemera.flavipes","Rosmarinus.officinalis"
"P7","Oedemera.flavipes","Thymus.vulgaris"
"P7","Osmia.melanogaster/leaiana","Biscutella.laevigata"
"P7","Osmia.melanogaster/leaiana","Rosmarinus.officinalis"
"P7","Osmia.melanogaster/leaiana","Thymus.vulgaris"
"P7","Osmia.rufohirta","Biscutella.laevigata"
"P7","Osmia.rufohirta","Helianthemum.oelandicum.spp.italicum"
"P7","Osmia.rufohirta","Thymus.vulgaris"
"P7","Oxythyrea.funesta","Aphyllanthes.monspeliensis"
"P7","Oxythyrea.funesta","Rosmarinus.officinalis"
"P7","Oxythyrea.funesta","Thymus.vulgaris"
"P7","Panurgus.dentipes","Biscutella.laevigata"
"P7","Platynochaetus.setosus","Biscutella.laevigata"
"P7","Platynochaetus.setosus","Euphorbia.flavicoma"
"P7","Platynochaetus.setosus","Rosmarinus.officinalis"
"P7","Platynochaetus.setosus","Thymus.vulgaris"
"P7","Protosmia.exenterata","Biscutella.laevigata"
"P7","Protosmia.exenterata","Rosmarinus.officinalis"
"P7","Protosmia.exenterata","Thymus.vulgaris"
"P7","Pyronia.bathseba","Rosmarinus.officinalis"
"P7","Pyronia.bathseba","Thymus.vulgaris"
"P7","Rhodanthidium.septemdentatum","Thymus.vulgaris"
"P7","Rhodanthidium.sticticum","Biscutella.laevigata"
"P7","Rhodanthidium.sticticum","Euphorbia.flavicoma"
"P7","Rhodanthidium.sticticum","Helianthemum.oelandicum.spp.italicum"
"P7","Rhodanthidium.sticticum","Rosmarinus.officinalis"
"P7","Rhodanthidium.sticticum","Thymus.vulgaris"
"P7","Sphecodes.puncticeps","Euphorbia.flavicoma"
"P7","Sphecodes.puncticeps","Rosmarinus.officinalis"
"P7","Stenurella.melanura","Dorycnium.pentaphyllum"
"P7","Tropinota.sp1","Rosmarinus.officinalis"
"P7","Tropinota.sp1","Thymus.vulgaris"
"P7","Tropinota.squalida","Rosmarinus.officinalis"
"P7","Tropinota.squalida","Thymus.vulgaris"
"P7","Trypoxylon.sp1","Euphorbia.flavicoma"
"P8","Acmaeodera.cylindrica","Biscutella.laevigata"
"P8","Acmaeodera.cylindrica","Dorycnium.hirsutum"
"P8","Adelidae.sp1","Biscutella.laevigata"
"P8","Adelidae.sp1","Rosmarinus.officinalis"
"P8","Adelidae.sp1","Thymus.vulgaris"
"P8","Anaspis.sp1","Aphyllanthes.monspeliensis"
"P8","Anaspis.sp1","Biscutella.laevigata"
"P8","Anaspis.sp1","Dorycnium.hirsutum"
"P8","Anaspis.sp1","Helianthemum.oelandicum.spp.italicum"
"P8","Anaspis.sp1","Thymus.vulgaris"
"P8","Andrena.djelfensis","Biscutella.laevigata"
"P8","Andrena.djelfensis","Helianthemum.oelandicum.spp.italicum"
"P8","Andrena.djelfensis","Rosmarinus.officinalis"
"P8","Andrena.djelfensis","Thymus.vulgaris"
"P8","Andrena.lepida","Thymus.vulgaris"
"P8","Andrena.nigroaenea","Argyrolobium.zanonii"
"P8","Andrena.nigroaenea","Biscutella.laevigata"
"P8","Andrena.nigroaenea","Cistus.monspeliensis"
"P8","Andrena.nigroaenea","Dorycnium.hirsutum"
"P8","Andrena.nigroaenea","Rosmarinus.officinalis"
"P8","Andrena.nigroaenea","Thymus.vulgaris"
"P8","Andrena.senecionis","Biscutella.laevigata"
"P8","Andrena.senecionis","Rosmarinus.officinalis"
"P8","Andrena.senecionis","Thymus.vulgaris"
"P8","Andrena.vulpecula","Biscutella.laevigata"
"P8","Andrena.vulpecula","Helianthemum.oelandicum.spp.italicum"
"P8","Anthaxia.millefolii","Biscutella.laevigata"
"P8","Anthaxia.scutullaris","Dorycnium.hirsutum"
"P8","Anthaxia.scutullaris","Thymus.vulgaris"
"P8","Anthaxia.spinolae","Biscutella.laevigata"
"P8","Anthophora.dispar","Muscari.neglectum"
"P8","Anthophora.dispar","Rosmarinus.officinalis"
"P8","Anthophora.dispar","Thymus.vulgaris"
"P8","Anthrenus.sp1","Biscutella.laevigata"
"P8","Apis.mellifera","Argyrolobium.zanonii"
"P8","Apis.mellifera","Biscutella.laevigata"
"P8","Apis.mellifera","Dorycnium.hirsutum"
"P8","Apis.mellifera","Gladiolus.illyricus"
"P8","Apis.mellifera","Helianthemum.oelandicum.spp.italicum"
"P8","Apis.mellifera","Muscari.neglectum"
"P8","Apis.mellifera","Rosmarinus.officinalis"
"P8","Apis.mellifera","Thymus.vulgaris"
"P8","Aplocnemus.calidus","Dorycnium.hirsutum"
"P8","Aplocnemus.calidus","Gladiolus.illyricus"
"P8","Aplocnemus.calidus","Rosmarinus.officinalis"
"P8","Aplocnemus.calidus","Thymus.vulgaris"
"P8","Bombus.terrestris","Biscutella.laevigata"
"P8","Bombus.terrestris","Dorycnium.hirsutum"
"P8","Bombus.terrestris","Gladiolus.illyricus"
"P8","Bombus.terrestris","Muscari.neglectum"
"P8","Bombus.terrestris","Rosmarinus.officinalis"
"P8","Bombus.terrestris","Thymus.vulgaris"
"P8","Callophrys.rubi","Rosmarinus.officinalis"
"P8","Callophrys.rubi","Thymus.vulgaris"
"P8","Chrysotoxum.cautum","Biscutella.laevigata"
"P8","Chrysotoxum.cautum","Rosmarinus.officinalis"
"P8","Chrysotoxum.cautum","Thymus.vulgaris"
"P8","Clanoptilus.abdominalis","Rosmarinus.officinalis"
"P8","Clytus.rhamni","Biscutella.laevigata"
"P8","Clytus.rhamni","Dorycnium.hirsutum"
"P8","Danacea.longiceps","Dorycnium.hirsutum"
"P8","Danacea.longiceps","Rosmarinus.officinalis"
"P8","Dasytes.nigroaeneus","Biscutella.laevigata"
"P8","Dasytes.nigroaeneus","Dorycnium.hirsutum"
"P8","Dasytes.nigroaeneus","Gladiolus.illyricus"
"P8","Dasytes.nigroaeneus","Helianthemum.oelandicum.spp.italicum"
"P8","Dasytes.nigroaeneus","Muscari.neglectum"
"P8","Dasytes.nigroaeneus","Rosmarinus.officinalis"
"P8","Dasytes.nigroaeneus","Thymus.vulgaris"
"P8","Eristalis.tenax","Rosmarinus.officinalis"
"P8","Eristalis.tenax","Thymus.vulgaris"
"P8","Eucera.collaris","Anagallis.arvensis"
"P8","Eucera.collaris","Dorycnium.hirsutum"
"P8","Eucera.collaris","Rosmarinus.officinalis"
"P8","Euchloe.crameri","Biscutella.laevigata"
"P8","Euchloe.crameri","Thymus.vulgaris"
"P8","Eumerus.argyropus","Aphyllanthes.monspeliensis"
"P8","Halictus.gemmeus","Anagallis.arvensis"
"P8","Halictus.scabiosae","Anagallis.arvensis"
"P8","Lasioglossum.albocinctum","Biscutella.laevigata"
"P8","Lasioglossum.albocinctum","Gladiolus.illyricus"
"P8","Lasioglossum.albocinctum","Rosmarinus.officinalis"
"P8","Lasioglossum.bimaculatum","Anagallis.arvensis"
"P8","Lasioglossum.bimaculatum","Biscutella.laevigata"
"P8","Lasioglossum.bimaculatum","Cistus.monspeliensis"
"P8","Lasioglossum.bimaculatum","Dorycnium.hirsutum"
"P8","Lasioglossum.bimaculatum","Gladiolus.illyricus"
"P8","Lasioglossum.bimaculatum","Helianthemum.oelandicum.spp.italicum"
"P8","Lasioglossum.bimaculatum","Muscari.neglectum"
"P8","Lasioglossum.bimaculatum","Rosmarinus.officinalis"
"P8","Lasioglossum.bimaculatum","Thymus.vulgaris"
"P8","Lasioglossum.griseolum","Anagallis.arvensis"
"P8","Lasioglossum.griseolum","Biscutella.laevigata"
"P8","Lasioglossum.griseolum","Fumana.laevipes"
"P8","Lasioglossum.griseolum","Gladiolus.illyricus"
"P8","Lasioglossum.griseolum","Helianthemum.oelandicum.spp.italicum"
"P8","Lasioglossum.griseolum","Muscari.neglectum"
"P8","Lasioglossum.griseolum","Ononis.minutissima"
"P8","Lasioglossum.griseolum","Rosmarinus.officinalis"
"P8","Lasioglossum.griseolum","Thymus.vulgaris"
"P8","Lasioglossum.malachurum","Anagallis.arvensis"
"P8","Lasioglossum.malachurum","Biscutella.laevigata"
"P8","Lasioglossum.malachurum","Cistus.monspeliensis"
"P8","Lasioglossum.malachurum","Dorycnium.hirsutum"
"P8","Lasioglossum.malachurum","Gladiolus.illyricus"
"P8","Lasioglossum.malachurum","Helianthemum.oelandicum.spp.italicum"
"P8","Lasioglossum.malachurum","Muscari.neglectum"
"P8","Lasioglossum.malachurum","Rosmarinus.officinalis"
"P8","Lasioglossum.malachurum","Thymus.vulgaris"
"P8","Lasioglossum.mediterraneum","Anagallis.arvensis"
"P8","Lasioglossum.mediterraneum","Biscutella.laevigata"
"P8","Lasioglossum.mediterraneum","Cistus.monspeliensis"
"P8","Lasioglossum.mediterraneum","Dorycnium.hirsutum"
"P8","Lasioglossum.mediterraneum","Gladiolus.illyricus"
"P8","Lasioglossum.mediterraneum","Helianthemum.oelandicum.spp.italicum"
"P8","Lasioglossum.mediterraneum","Muscari.neglectum"
"P8","Lasioglossum.mediterraneum","Rosmarinus.officinalis"
"P8","Lasioglossum.mediterraneum","Thymus.vulgaris"
"P8","Lasioglossum.morio","Anagallis.arvensis"
"P8","Lasioglossum.morio","Biscutella.laevigata"
"P8","Lasioglossum.morio","Fumana.laevipes"
"P8","Lasioglossum.morio","Gladiolus.illyricus"
"P8","Lasioglossum.morio","Helianthemum.oelandicum.spp.italicum"
"P8","Lasioglossum.morio","Muscari.neglectum"
"P8","Lasioglossum.morio","Rosmarinus.officinalis"
"P8","Lasioglossum.morio","Thymus.vulgaris"
"P8","Lasioglossum.subhirtum","Anagallis.arvensis"
"P8","Lasioglossum.subhirtum","Biscutella.laevigata"
"P8","Lasioglossum.subhirtum","Cistus.monspeliensis"
"P8","Lasioglossum.subhirtum","Dorycnium.hirsutum"
"P8","Lasioglossum.subhirtum","Gladiolus.illyricus"
"P8","Lasioglossum.subhirtum","Helianthemum.oelandicum.spp.italicum"
"P8","Lasioglossum.subhirtum","Muscari.neglectum"
"P8","Lasioglossum.subhirtum","Rosmarinus.officinalis"
"P8","Lasioglossum.subhirtum","Thymus.vulgaris"
"P8","Lasioglossum.transitorium","Anagallis.arvensis"
"P8","Lasioglossum.transitorium","Biscutella.laevigata"
"P8","Lasioglossum.transitorium","Fumana.laevipes"
"P8","Lasioglossum.transitorium","Gladiolus.illyricus"
"P8","Lasioglossum.transitorium","Helianthemum.oelandicum.spp.italicum"
"P8","Lasioglossum.transitorium","Muscari.neglectum"
"P8","Lasioglossum.transitorium","Rosmarinus.officinalis"
"P8","Lasioglossum.transitorium","Thymus.vulgaris"
"P8","Lasiommata.megera","Dorycnium.hirsutum"
"P8","Lobonyx.aeneus","Biscutella.laevigata"
"P8","Lobonyx.aeneus","Dorycnium.hirsutum"
"P8","Lobonyx.aeneus","Gladiolus.illyricus"
"P8","Lobonyx.aeneus","Rosmarinus.officinalis"
"P8","Lobonyx.aeneus","Thymus.vulgaris"
"P8","Megachile.pyrenaica","Dorycnium.hirsutum"
"P8","Megachile.pyrenaica","Rosmarinus.officinalis"
"P8","Megachile.pyrenaica","Thymus.vulgaris"
"P8","Meligethes.sp1","Biscutella.laevigata"
"P8","Meligethes.sp1","Rosmarinus.officinalis"
"P8","Meligethes.sp1","Thymus.vulgaris"
"P8","Merodon.funestus","Biscutella.laevigata"
"P8","Merodon.funestus","Thymus.vulgaris"
"P8","Merodon.sp7/9","Biscutella.laevigata"
"P8","Merodon.sp7/9","Thymus.vulgaris"
"P8","Mordellistena.sp1","Dorycnium.hirsutum"
"P8","Mordellistena.sp1","Rosmarinus.officinalis"
"P8","Mordellistena.sp4","Biscutella.laevigata"
"P8","Oedemera.flavipes","Biscutella.laevigata"
"P8","Oedemera.flavipes","Cistus.monspeliensis"
"P8","Oedemera.flavipes","Dorycnium.hirsutum"
"P8","Oedemera.flavipes","Gladiolus.illyricus"
"P8","Oedemera.flavipes","Rosmarinus.officinalis"
"P8","Oedemera.flavipes","Thymus.vulgaris"
"P8","Osmia.nasoproducta","Rosmarinus.officinalis"
"P8","Osmia.nasoproducta","Thymus.vulgaris"
"P8","Osmia.tricornis","Dorycnium.hirsutum"
"P8","Osmia.tricornis","Thymus.vulgaris"
"P8","Oxythyrea.funesta","Aphyllanthes.monspeliensis"
"P8","Oxythyrea.funesta","Cistus.monspeliensis"
"P8","Oxythyrea.funesta","Dorycnium.hirsutum"
"P8","Oxythyrea.funesta","Rosmarinus.officinalis"
"P8","Oxythyrea.funesta","Thymus.vulgaris"
"P8","Panurgus.dentipes","Biscutella.laevigata"
"P8","Platynochaetus.setosus","Biscutella.laevigata"
"P8","Platynochaetus.setosus","Cistus.monspeliensis"
"P8","Platynochaetus.setosus","Dorycnium.hirsutum"
"P8","Platynochaetus.setosus","Rosmarinus.officinalis"
"P8","Platynochaetus.setosus","Thymus.vulgaris"
"P8","Polistes.dominulus","Biscutella.laevigata"
"P8","Polistes.dominulus","Dorycnium.hirsutum"
"P8","Polistes.dominulus","Rosmarinus.officinalis"
"P8","Polistes.dominulus","Thymus.vulgaris"
"P8","Protosmia.exenterata","Anagallis.arvensis"
"P8","Protosmia.exenterata","Biscutella.laevigata"
"P8","Protosmia.exenterata","Dorycnium.hirsutum"
"P8","Protosmia.exenterata","Rosmarinus.officinalis"
"P8","Protosmia.exenterata","Thymus.vulgaris"
"P8","Pyronia.bathseba","Dorycnium.hirsutum"
"P8","Pyronia.bathseba","Rosmarinus.officinalis"
"P8","Pyronia.bathseba","Thymus.vulgaris"
"P8","Rhodanthidium.septemdentatum","Anagallis.arvensis"
"P8","Rhodanthidium.septemdentatum","Dorycnium.hirsutum"
"P8","Rhodanthidium.septemdentatum","Gladiolus.illyricus"
"P8","Rhodanthidium.septemdentatum","Muscari.neglectum"
"P8","Rhodanthidium.septemdentatum","Thymus.vulgaris"
"P8","Rhodanthidium.sticticum","Anagallis.arvensis"
"P8","Rhodanthidium.sticticum","Argyrolobium.zanonii"
"P8","Rhodanthidium.sticticum","Biscutella.laevigata"
"P8","Rhodanthidium.sticticum","Dorycnium.hirsutum"
"P8","Rhodanthidium.sticticum","Gladiolus.illyricus"
"P8","Rhodanthidium.sticticum","Helianthemum.oelandicum.spp.italicum"
"P8","Rhodanthidium.sticticum","Muscari.neglectum"
"P8","Rhodanthidium.sticticum","Rosmarinus.officinalis"
"P8","Rhodanthidium.sticticum","Thymus.vulgaris"
"P8","Stenurella.melanura","Dorycnium.hirsutum"
"P8","Stenurella.nigra","Dorycnium.hirsutum"
"P8","Tropinota.sp1","Rosmarinus.officinalis"
"P8","Tropinota.sp1","Thymus.vulgaris"
"P8","Zygaena.sp1","Dorycnium.hirsutum"
"P9","Andrena.angustior","Rosmarinus.officinalis"
"P9","Andrena.djelfensis","Rosmarinus.officinalis"
"P9","Andrena.nigroaenea","Rosmarinus.officinalis"
"P9","Andrena.senecionis","Rosmarinus.officinalis"
"P9","Anthophora.dispar","Rosmarinus.officinalis"
"P9","Anthrenus.sp1","Galium.aparine"
"P9","Bombus.pascuorum","Rosmarinus.officinalis"
"P9","Callophrys.rubi","Rosmarinus.officinalis"
"P9","Clytus.rhamni","Galium.aparine"
"P9","Gonepteryx.cleopatra","Aphyllanthes.monspeliensis"
"P9","Megachile.pyrenaica","Rosmarinus.officinalis"
"P9","Nomada.flavoguttata","Helichrysum.stoechas"
"P9","Platynochaetus.setosus","Rosmarinus.officinalis"
"P9","Pyronia.bathseba","Rosmarinus.officinalis"
"P9","Rhodanthidium.septemdentatum","Teucrium.chamaedrys"
"P9","Tropinota.sp1","Rosmarinus.officinalis"
"P9","Tropinota.squalida","Rosmarinus.officinalis"
"P9","Anaspis.sp1","Aphyllanthes.monspeliensis"
"P9","Anaspis.sp1","Galium.aparine"
"P9","Anthophora.acervorum","Fumana.ericifolia"
"P9","Anthophora.acervorum","Rosmarinus.officinalis"
"P9","Aplocnemus.calidus","Galium.aparine"
"P9","Aplocnemus.calidus","Rosmarinus.officinalis"
"P9","Ceratina.cucurbitina","Dorycnium.pentaphyllum"
"P9","Ceratina.cucurbitina","Rosmarinus.officinalis"
"P9","Danacea.longiceps","Galium.aparine"
"P9","Danacea.longiceps","Rosmarinus.officinalis"
"P9","Eumerus.argyropus","Aphyllanthes.monspeliensis"
"P9","Eumerus.argyropus","Galium.aparine"
"P9","Meligethes.sp1","Galium.aparine"
"P9","Meligethes.sp1","Rosmarinus.officinalis"
"P9","Mordellistena.sp1","Galium.aparine"
"P9","Mordellistena.sp1","Rosmarinus.officinalis"
"P9","Osmia.rufohirta","Fumana.ericifolia"
"P9","Osmia.rufohirta","Ononis.minutissima"
"P9","Oxythyrea.funesta","Aphyllanthes.monspeliensis"
"P9","Oxythyrea.funesta","Rosmarinus.officinalis"
"P9","Stenurella.melanura","Dorycnium.pentaphyllum"
"P9","Stenurella.melanura","Galium.aparine"
"P9","Apis.mellifera","Dorycnium.pentaphyllum"
"P9","Apis.mellifera","Fumana.ericifolia"
"P9","Apis.mellifera","Rosmarinus.officinalis"
"P9","Bombus.terrestris","Dorycnium.pentaphyllum"
"P9","Bombus.terrestris","Rosmarinus.officinalis"
"P9","Bombus.terrestris","Teucrium.chamaedrys"
"P9","Dasytes.nigroaeneus","Dorycnium.pentaphyllum"
"P9","Dasytes.nigroaeneus","Galium.aparine"
"P9","Dasytes.nigroaeneus","Rosmarinus.officinalis"
"P9","Hylaeus.hyalinatus","Dorycnium.pentaphyllum"
"P9","Hylaeus.hyalinatus","Galium.aparine"
"P9","Hylaeus.hyalinatus","Rosmarinus.officinalis"
"P9","Lasioglossum.albocinctum","Dorycnium.pentaphyllum"
"P9","Lasioglossum.albocinctum","Galium.aparine"
"P9","Lasioglossum.albocinctum","Rosmarinus.officinalis"
"P9","Lasioglossum.bimaculatum","Dorycnium.pentaphyllum"
"P9","Lasioglossum.bimaculatum","Galium.aparine"
"P9","Lasioglossum.bimaculatum","Rosmarinus.officinalis"
"P9","Lasioglossum.malachurum","Dorycnium.pentaphyllum"
"P9","Lasioglossum.malachurum","Galium.aparine"
"P9","Lasioglossum.malachurum","Rosmarinus.officinalis"
"P9","Lasioglossum.mediterraneum","Dorycnium.pentaphyllum"
"P9","Lasioglossum.mediterraneum","Galium.aparine"
"P9","Lasioglossum.mediterraneum","Rosmarinus.officinalis"
"P9","Lasioglossum.subhirtum","Dorycnium.pentaphyllum"
"P9","Lasioglossum.subhirtum","Galium.aparine"
"P9","Lasioglossum.subhirtum","Rosmarinus.officinalis"
"P9","Lobonyx.aeneus","Dorycnium.pentaphyllum"
"P9","Lobonyx.aeneus","Galium.aparine"
"P9","Lobonyx.aeneus","Rosmarinus.officinalis"
"P9","Oedemera.flavipes","Dorycnium.pentaphyllum"
"P9","Oedemera.flavipes","Galium.aparine"
"P9","Oedemera.flavipes","Rosmarinus.officinalis"
"P9","Polistes.dominulus","Dorycnium.pentaphyllum"
"P9","Polistes.dominulus","Galium.aparine"
"P9","Polistes.dominulus","Rosmarinus.officinalis"
"P9","Rhodanthidium.sticticum","Fumana.ericifolia"
"P9","Rhodanthidium.sticticum","Galium.aparine"
"P9","Rhodanthidium.sticticum","Rosmarinus.officinalis"
"P9","Lasioglossum.transitorium","Fumana.ericifolia"
"P9","Lasioglossum.transitorium","Galium.aparine"
"P9","Lasioglossum.transitorium","Helichrysum.stoechas"
"P9","Lasioglossum.transitorium","Rosmarinus.officinalis"
"P10","Acmaeodera.cylindrica","Biscutella.laevigata"
"P10","Acmaeodera.cylindrica","Cistus.albidus"
"P10","Acmaeodera.cylindrica","Cistus.salviifolius"
"P10","Adelidae.sp1","Biscutella.laevigata"
"P10","Adelidae.sp1","Cistus.salviifolius"
"P10","Adelidae.sp1","Dorycnium.pentaphyllum"
"P10","Adelidae.sp1","Euphorbia.flavicoma"
"P10","Adelidae.sp1","Ranunculus.gramineus"
"P10","Adelidae.sp1","Rosmarinus.officinalis"
"P10","Adelidae.sp1","Thymus.vulgaris"
"P10","Anaspis.sp1","Aphyllanthes.monspeliensis"
"P10","Anaspis.sp1","Biscutella.laevigata"
"P10","Anaspis.sp1","Cistus.albidus"
"P10","Anaspis.sp1","Cistus.salviifolius"
"P10","Anaspis.sp1","Euphorbia.flavicoma"
"P10","Anaspis.sp1","Thymus.vulgaris"
"P10","Andrena.angustior","Cistus.salviifolius"
"P10","Andrena.angustior","Rosmarinus.officinalis"
"P10","Andrena.angustior","Thymus.vulgaris"
"P10","Andrena.djelfensis","Biscutella.laevigata"
"P10","Andrena.djelfensis","Cistus.albidus"
"P10","Andrena.djelfensis","Cistus.salviifolius"
"P10","Andrena.djelfensis","Euphorbia.flavicoma"
"P10","Andrena.djelfensis","Rosmarinus.officinalis"
"P10","Andrena.djelfensis","Thymus.vulgaris"
"P10","Andrena.lepida","Euphorbia.flavicoma"
"P10","Andrena.lepida","Thymus.vulgaris"
"P10","Andrena.nigroaenea","Biscutella.laevigata"
"P10","Andrena.nigroaenea","Cistus.albidus"
"P10","Andrena.nigroaenea","Cistus.salviifolius"
"P10","Andrena.nigroaenea","Euphorbia.flavicoma"
"P10","Andrena.nigroaenea","Ranunculus.gramineus"
"P10","Andrena.nigroaenea","Rosmarinus.officinalis"
"P10","Andrena.nigroaenea","Thymus.vulgaris"
"P10","Andrena.senecionis","Biscutella.laevigata"
"P10","Andrena.senecionis","Cistus.salviifolius"
"P10","Andrena.senecionis","Euphorbia.flavicoma"
"P10","Andrena.senecionis","Ranunculus.gramineus"
"P10","Andrena.senecionis","Rosmarinus.officinalis"
"P10","Andrena.senecionis","Thymus.vulgaris"
"P10","Anthaxia.millefolii","Allium.sphaerocephalon"
"P10","Anthaxia.millefolii","Biscutella.laevigata"
"P10","Anthaxia.millefolii","Cistus.albidus"
"P10","Anthaxia.millefolii","Cistus.salviifolius"
"P10","Anthaxia.scutullaris","Cistus.albidus"
"P10","Anthaxia.scutullaris","Cistus.salviifolius"
"P10","Anthaxia.scutullaris","Thymus.vulgaris"
"P10","Anthaxia.spinolae","Biscutella.laevigata"
"P10","Anthaxia.spinolae","Cistus.albidus"
"P10","Anthaxia.spinolae","Cistus.salviifolius"
"P10","Anthaxia.spinolae","Ranunculus.gramineus"
"P10","Anthophora.acervorum","Cistus.albidus"
"P10","Anthophora.acervorum","Cistus.salviifolius"
"P10","Anthophora.acervorum","Gladiolus.illyricus"
"P10","Anthophora.acervorum","Rosmarinus.officinalis"
"P10","Anthophora.acervorum","Thymus.vulgaris"
"P10","Anthophora.dispar","Ranunculus.gramineus"
"P10","Anthophora.dispar","Rosmarinus.officinalis"
"P10","Anthophora.dispar","Thymus.vulgaris"
"P10","Apis.mellifera","Allium.sphaerocephalon"
"P10","Apis.mellifera","Biscutella.laevigata"
"P10","Apis.mellifera","Cistus.albidus"
"P10","Apis.mellifera","Cistus.salviifolius"
"P10","Apis.mellifera","Dorycnium.pentaphyllum"
"P10","Apis.mellifera","Euphorbia.flavicoma"
"P10","Apis.mellifera","Gladiolus.illyricus"
"P10","Apis.mellifera","Ranunculus.gramineus"
"P10","Apis.mellifera","Rosmarinus.officinalis"
"P10","Apis.mellifera","Thymus.vulgaris"
"P10","Aplocnemus.calidus","Cistus.albidus"
"P10","Aplocnemus.calidus","Cistus.salviifolius"
"P10","Aplocnemus.calidus","Euphorbia.flavicoma"
"P10","Aplocnemus.calidus","Gladiolus.illyricus"
"P10","Aplocnemus.calidus","Rosmarinus.officinalis"
"P10","Aplocnemus.calidus","Thymus.vulgaris"
"P10","Athalia.sp1","Biscutella.laevigata"
"P10","Bombus.terrestris","Allium.sphaerocephalon"
"P10","Bombus.terrestris","Biscutella.laevigata"
"P10","Bombus.terrestris","Cistus.albidus"
"P10","Bombus.terrestris","Cistus.salviifolius"
"P10","Bombus.terrestris","Dorycnium.pentaphyllum"
"P10","Bombus.terrestris","Gladiolus.illyricus"
"P10","Bombus.terrestris","Ranunculus.gramineus"
"P10","Bombus.terrestris","Rosmarinus.officinalis"
"P10","Bombus.terrestris","Thymus.vulgaris"
"P10","Bruchus.brachialis","Allium.sphaerocephalon"
"P10","Bruchus.brachialis","Biscutella.laevigata"
"P10","Bruchus.brachialis","Cistus.albidus"
"P10","Bruchus.brachialis","Cistus.salviifolius"
"P10","Bruchus.brachialis","Dorycnium.pentaphyllum"
"P10","Bruchus.brachialis","Euphorbia.flavicoma"
"P10","Bruchus.brachialis","Ranunculus.gramineus"
"P10","Clytus.rhamni","Allium.sphaerocephalon"
"P10","Clytus.rhamni","Biscutella.laevigata"
"P10","Clytus.rhamni","Cistus.salviifolius"
"P10","Coenonympha.pamphilus","Allium.sphaerocephalon"
"P10","Danacea.longiceps","Allium.sphaerocephalon"
"P10","Danacea.longiceps","Cistus.albidus"
"P10","Danacea.longiceps","Cistus.salviifolius"
"P10","Danacea.longiceps","Rosmarinus.officinalis"
"P10","Dasytes.nigroaeneus","Allium.sphaerocephalon"
"P10","Dasytes.nigroaeneus","Biscutella.laevigata"
"P10","Dasytes.nigroaeneus","Cistus.albidus"
"P10","Dasytes.nigroaeneus","Cistus.salviifolius"
"P10","Dasytes.nigroaeneus","Dorycnium.pentaphyllum"
"P10","Dasytes.nigroaeneus","Euphorbia.flavicoma"
"P10","Dasytes.nigroaeneus","Gladiolus.illyricus"
"P10","Dasytes.nigroaeneus","Ranunculus.gramineus"
"P10","Dasytes.nigroaeneus","Rosmarinus.officinalis"
"P10","Dasytes.nigroaeneus","Thymus.vulgaris"
"P10","Eucera.(Synhalonia).alternans","Cistus.albidus"
"P10","Eumenes.coarctatus","Allium.sphaerocephalon"
"P10","Eumenes.coarctatus","Anagallis.arvensis"
"P10","Eumenes.coarctatus","Biscutella.laevigata"
"P10","Eumenes.coarctatus","Cistus.albidus"
"P10","Eumenes.coarctatus","Dorycnium.pentaphyllum"
"P10","Eumenes.coarctatus","Thymus.vulgaris"
"P10","Eumerus.argyropus","Allium.sphaerocephalon"
"P10","Eumerus.argyropus","Aphyllanthes.monspeliensis"
"P10","Eumerus.argyropus","Cistus.albidus"
"P10","Eumerus.argyropus","Cistus.salviifolius"
"P10","Eumerus.argyropus","Euphorbia.flavicoma"
"P10","Halictus.gemmeus","Allium.sphaerocephalon"
"P10","Halictus.gemmeus","Anagallis.arvensis"
"P10","Halictus.gemmeus","Dorycnium.pentaphyllum"
"P10","Hylaeus.garrulus","Thymus.vulgaris"
"P10","Lasioglossum.griseolum","Allium.sphaerocephalon"
"P10","Lasioglossum.griseolum","Anagallis.arvensis"
"P10","Lasioglossum.griseolum","Biscutella.laevigata"
"P10","Lasioglossum.griseolum","Cistus.albidus"
"P10","Lasioglossum.griseolum","Cistus.salviifolius"
"P10","Lasioglossum.griseolum","Euphorbia.flavicoma"
"P10","Lasioglossum.griseolum","Fumana.laevipes"
"P10","Lasioglossum.griseolum","Gladiolus.illyricus"
"P10","Lasioglossum.griseolum","Ranunculus.gramineus"
"P10","Lasioglossum.griseolum","Rosmarinus.officinalis"
"P10","Lasioglossum.griseolum","Thymus.vulgaris"
"P10","Lasioglossum.malachurum","Allium.sphaerocephalon"
"P10","Lasioglossum.malachurum","Anagallis.arvensis"
"P10","Lasioglossum.malachurum","Biscutella.laevigata"
"P10","Lasioglossum.malachurum","Cistus.albidus"
"P10","Lasioglossum.malachurum","Cistus.salviifolius"
"P10","Lasioglossum.malachurum","Dorycnium.pentaphyllum"
"P10","Lasioglossum.malachurum","Euphorbia.flavicoma"
"P10","Lasioglossum.malachurum","Gladiolus.illyricus"
"P10","Lasioglossum.malachurum","Ranunculus.gramineus"
"P10","Lasioglossum.malachurum","Rosmarinus.officinalis"
"P10","Lasioglossum.malachurum","Thymus.vulgaris"
"P10","Lasioglossum.mediterraneum","Allium.sphaerocephalon"
"P10","Lasioglossum.mediterraneum","Anagallis.arvensis"
"P10","Lasioglossum.mediterraneum","Biscutella.laevigata"
"P10","Lasioglossum.mediterraneum","Cistus.albidus"
"P10","Lasioglossum.mediterraneum","Cistus.salviifolius"
"P10","Lasioglossum.mediterraneum","Dorycnium.pentaphyllum"
"P10","Lasioglossum.mediterraneum","Euphorbia.flavicoma"
"P10","Lasioglossum.mediterraneum","Gladiolus.illyricus"
"P10","Lasioglossum.mediterraneum","Ranunculus.gramineus"
"P10","Lasioglossum.mediterraneum","Rosmarinus.officinalis"
"P10","Lasioglossum.mediterraneum","Thymus.vulgaris"
"P10","Lasioglossum.morio","Allium.sphaerocephalon"
"P10","Lasioglossum.morio","Anagallis.arvensis"
"P10","Lasioglossum.morio","Biscutella.laevigata"
"P10","Lasioglossum.morio","Cistus.albidus"
"P10","Lasioglossum.morio","Cistus.salviifolius"
"P10","Lasioglossum.morio","Euphorbia.flavicoma"
"P10","Lasioglossum.morio","Fumana.laevipes"
"P10","Lasioglossum.morio","Gladiolus.illyricus"
"P10","Lasioglossum.morio","Ranunculus.gramineus"
"P10","Lasioglossum.morio","Rosmarinus.officinalis"
"P10","Lasioglossum.morio","Thymus.vulgaris"
"P10","Lasioglossum.subhirtum","Allium.sphaerocephalon"
"P10","Lasioglossum.subhirtum","Anagallis.arvensis"
"P10","Lasioglossum.subhirtum","Biscutella.laevigata"
"P10","Lasioglossum.subhirtum","Cistus.albidus"
"P10","Lasioglossum.subhirtum","Cistus.salviifolius"
"P10","Lasioglossum.subhirtum","Dorycnium.pentaphyllum"
"P10","Lasioglossum.subhirtum","Euphorbia.flavicoma"
"P10","Lasioglossum.subhirtum","Gladiolus.illyricus"
"P10","Lasioglossum.subhirtum","Ranunculus.gramineus"
"P10","Lasioglossum.subhirtum","Rosmarinus.officinalis"
"P10","Lasioglossum.subhirtum","Thymus.vulgaris"
"P10","Lasioglossum.transitorium","Allium.sphaerocephalon"
"P10","Lasioglossum.transitorium","Anagallis.arvensis"
"P10","Lasioglossum.transitorium","Biscutella.laevigata"
"P10","Lasioglossum.transitorium","Cistus.albidus"
"P10","Lasioglossum.transitorium","Cistus.salviifolius"
"P10","Lasioglossum.transitorium","Euphorbia.flavicoma"
"P10","Lasioglossum.transitorium","Fumana.laevipes"
"P10","Lasioglossum.transitorium","Gladiolus.illyricus"
"P10","Lasioglossum.transitorium","Ranunculus.gramineus"
"P10","Lasioglossum.transitorium","Rosmarinus.officinalis"
"P10","Lasioglossum.transitorium","Thymus.vulgaris"
"P10","Lasiommata.megera","Cistus.albidus"
"P10","Lobonyx.aeneus","Biscutella.laevigata"
"P10","Lobonyx.aeneus","Cistus.albidus"
"P10","Lobonyx.aeneus","Cistus.salviifolius"
"P10","Lobonyx.aeneus","Dorycnium.pentaphyllum"
"P10","Lobonyx.aeneus","Gladiolus.illyricus"
"P10","Lobonyx.aeneus","Ranunculus.gramineus"
"P10","Lobonyx.aeneus","Rosmarinus.officinalis"
"P10","Lobonyx.aeneus","Thymus.vulgaris"
"P10","Melanargia.occitanica","Cistus.albidus"
"P10","Melanargia.occitanica","Thymus.vulgaris"
"P10","Meligethes.sp1","Biscutella.laevigata"
"P10","Meligethes.sp1","Cistus.albidus"
"P10","Meligethes.sp1","Cistus.salviifolius"
"P10","Meligethes.sp1","Euphorbia.flavicoma"
"P10","Meligethes.sp1","Ranunculus.gramineus"
"P10","Meligethes.sp1","Rosmarinus.officinalis"
"P10","Meligethes.sp1","Thymus.vulgaris"
"P10","Merodon.funestus","Biscutella.laevigata"
"P10","Merodon.funestus","Cistus.albidus"
"P10","Merodon.funestus","Cistus.salviifolius"
"P10","Merodon.funestus","Euphorbia.flavicoma"
"P10","Merodon.funestus","Ranunculus.gramineus"
"P10","Merodon.funestus","Thymus.vulgaris"
"P10","Merodon.obscuritarsis","Biscutella.laevigata"
"P10","Merodon.obscuritarsis","Cistus.albidus"
"P10","Merodon.obscuritarsis","Ranunculus.gramineus"
"P10","Minoa.murinata","Euphorbia.flavicoma"
"P10","Minoa.murinata","Thymus.vulgaris"
"P10","Mordellistena.sp1","Allium.sphaerocephalon"
"P10","Mordellistena.sp1","Cistus.albidus"
"P10","Mordellistena.sp1","Cistus.salviifolius"
"P10","Mordellistena.sp1","Rosmarinus.officinalis"
"P10","Normannia.esculi","Allium.sphaerocephalon"
"P10","Oedemera.flavipes","Allium.sphaerocephalon"
"P10","Oedemera.flavipes","Biscutella.laevigata"
"P10","Oedemera.flavipes","Cistus.albidus"
"P10","Oedemera.flavipes","Cistus.salviifolius"
"P10","Oedemera.flavipes","Dorycnium.pentaphyllum"
"P10","Oedemera.flavipes","Euphorbia.flavicoma"
"P10","Oedemera.flavipes","Gladiolus.illyricus"
"P10","Oedemera.flavipes","Ranunculus.gramineus"
"P10","Oedemera.flavipes","Rosmarinus.officinalis"
"P10","Oedemera.flavipes","Thymus.vulgaris"
"P10","Osmia.gallarum","Anagallis.arvensis"
"P10","Osmia.gallarum","Biscutella.laevigata"
"P10","Osmia.gallarum","Cistus.albidus"
"P10","Osmia.gallarum","Cistus.salviifolius"
"P10","Osmia.gallarum","Dorycnium.pentaphyllum"
"P10","Osmia.gallarum","Euphorbia.flavicoma"
"P10","Osmia.gallarum","Rosmarinus.officinalis"
"P10","Osmia.gallarum","Thymus.vulgaris"
"P10","Osmia.rufohirta","Anagallis.arvensis"
"P10","Osmia.rufohirta","Biscutella.laevigata"
"P10","Osmia.rufohirta","Cistus.albidus"
"P10","Osmia.rufohirta","Cistus.salviifolius"
"P10","Osmia.rufohirta","Fumana.laevipes"
"P10","Osmia.rufohirta","Gladiolus.illyricus"
"P10","Osmia.rufohirta","Ranunculus.gramineus"
"P10","Osmia.rufohirta","Thymus.vulgaris"
"P10","Osmia.tricornis","Cistus.albidus"
"P10","Osmia.tricornis","Ranunculus.gramineus"
"P10","Osmia.tricornis","Thymus.vulgaris"
"P10","Oxythyrea.funesta","Allium.sphaerocephalon"
"P10","Oxythyrea.funesta","Aphyllanthes.monspeliensis"
"P10","Oxythyrea.funesta","Cistus.albidus"
"P10","Oxythyrea.funesta","Cistus.salviifolius"
"P10","Oxythyrea.funesta","Ranunculus.gramineus"
"P10","Oxythyrea.funesta","Rosmarinus.officinalis"
"P10","Oxythyrea.funesta","Thymus.vulgaris"
"P10","Panurgus.dentipes","Biscutella.laevigata"
"P10","Platynochaetus.setosus","Biscutella.laevigata"
"P10","Platynochaetus.setosus","Cistus.albidus"
"P10","Platynochaetus.setosus","Cistus.salviifolius"
"P10","Platynochaetus.setosus","Euphorbia.flavicoma"
"P10","Platynochaetus.setosus","Ranunculus.gramineus"
"P10","Platynochaetus.setosus","Rosmarinus.officinalis"
"P10","Platynochaetus.setosus","Thymus.vulgaris"
"P10","Plebejus.argus","Allium.sphaerocephalon"
"P10","Polistes.dominulus","Allium.sphaerocephalon"
"P10","Polistes.dominulus","Biscutella.laevigata"
"P10","Polistes.dominulus","Cistus.albidus"
"P10","Polistes.dominulus","Cistus.salviifolius"
"P10","Polistes.dominulus","Dorycnium.pentaphyllum"
"P10","Polistes.dominulus","Euphorbia.flavicoma"
"P10","Polistes.dominulus","Ranunculus.gramineus"
"P10","Polistes.dominulus","Rosmarinus.officinalis"
"P10","Polistes.dominulus","Thymus.vulgaris"
"P10","Polydrosus.sp1","Cistus.salviifolius"
"P10","Pyronia.bathseba","Allium.sphaerocephalon"
"P10","Pyronia.bathseba","Cistus.albidus"
"P10","Pyronia.bathseba","Rosmarinus.officinalis"
"P10","Pyronia.bathseba","Thymus.vulgaris"
"P10","Rhodanthidium.septemdentatum","Allium.sphaerocephalon"
"P10","Rhodanthidium.septemdentatum","Anagallis.arvensis"
"P10","Rhodanthidium.septemdentatum","Cistus.albidus"
"P10","Rhodanthidium.septemdentatum","Cistus.salviifolius"
"P10","Rhodanthidium.septemdentatum","Gladiolus.illyricus"
"P10","Rhodanthidium.septemdentatum","Thymus.vulgaris"
"P10","Rhodanthidium.sticticum","Anagallis.arvensis"
"P10","Rhodanthidium.sticticum","Biscutella.laevigata"
"P10","Rhodanthidium.sticticum","Cistus.albidus"
"P10","Rhodanthidium.sticticum","Cistus.salviifolius"
"P10","Rhodanthidium.sticticum","Euphorbia.flavicoma"
"P10","Rhodanthidium.sticticum","Gladiolus.illyricus"
"P10","Rhodanthidium.sticticum","Ranunculus.gramineus"
"P10","Rhodanthidium.sticticum","Rosmarinus.officinalis"
"P10","Rhodanthidium.sticticum","Thymus.vulgaris"
"P10","Stenurella.melanura","Allium.sphaerocephalon"
"P10","Stenurella.melanura","Cistus.albidus"
"P10","Stenurella.melanura","Cistus.salviifolius"
"P10","Stenurella.melanura","Dorycnium.pentaphyllum"
"P10","Tropinota.sp1","Cistus.albidus"
"P10","Tropinota.sp1","Cistus.salviifolius"
"P10","Tropinota.sp1","Rosmarinus.officinalis"
"P10","Tropinota.sp1","Thymus.vulgaris"
"P10","Trypoxylon.sp1","Euphorbia.flavicoma"
"P11","Acmaeodera.cylindrica","Cistus.salviifolius"
"P11","Anaspis.sp1","Cistus.salviifolius"
"P11","Anaspis.sp1","Thymus.vulgaris"
"P11","Andrena.djelfensis","Cistus.salviifolius"
"P11","Andrena.djelfensis","Rosmarinus.officinalis"
"P11","Andrena.djelfensis","Thymus.vulgaris"
"P11","Andrena.lepida","Thymus.vulgaris"
"P11","Andrena.nigroaenea","Cistus.salviifolius"
"P11","Andrena.nigroaenea","Rosmarinus.officinalis"
"P11","Andrena.nigroaenea","Thymus.vulgaris"
"P11","Andrena.senecionis","Cistus.salviifolius"
"P11","Andrena.senecionis","Rosmarinus.officinalis"
"P11","Andrena.senecionis","Thymus.vulgaris"
"P11","Anthaxia.millefolii","Cistus.salviifolius"
"P11","Anthaxia.scutullaris","Cistus.salviifolius"
"P11","Anthaxia.scutullaris","Thymus.vulgaris"
"P11","Anthaxia.spinolae","Cistus.salviifolius"
"P11","Anthophora.dispar","Rosmarinus.officinalis"
"P11","Anthophora.dispar","Thymus.vulgaris"
"P11","Anthrenus.sp1","Cistus.salviifolius"
"P11","Apis.mellifera","Cistus.salviifolius"
"P11","Apis.mellifera","Dorycnium.pentaphyllum"
"P11","Apis.mellifera","Fumana.ericifolia"
"P11","Apis.mellifera","Rosmarinus.officinalis"
"P11","Apis.mellifera","Thymus.vulgaris"
"P11","Aplocnemus.calidus","Cistus.salviifolius"
"P11","Aplocnemus.calidus","Rosmarinus.officinalis"
"P11","Aplocnemus.calidus","Thymus.vulgaris"
"P11","Bombus.terrestris","Cistus.salviifolius"
"P11","Bombus.terrestris","Dorycnium.pentaphyllum"
"P11","Bombus.terrestris","Rosmarinus.officinalis"
"P11","Bombus.terrestris","Teucrium.chamaedrys"
"P11","Bombus.terrestris","Thymus.vulgaris"
"P11","Clytus.rhamni","Cistus.salviifolius"
"P11","Danacea.longiceps","Cistus.salviifolius"
"P11","Danacea.longiceps","Rosmarinus.officinalis"
"P11","Dasytes.nigroaeneus","Cistus.salviifolius"
"P11","Dasytes.nigroaeneus","Dorycnium.pentaphyllum"
"P11","Dasytes.nigroaeneus","Rosmarinus.officinalis"
"P11","Dasytes.nigroaeneus","Thymus.vulgaris"
"P11","Eucera.collaris","Cistus.salviifolius"
"P11","Eucera.collaris","Rosmarinus.officinalis"
"P11","Eumerus.argyropus","Cistus.salviifolius"
"P11","Halictus.gemmeus","Dorycnium.pentaphyllum"
"P11","Halictus.scabiosae","Cistus.salviifolius"
"P11","Hylaeus.garrulus","Thymus.vulgaris"
"P11","Hylaeus.hyalinatus","Cistus.salviifolius"
"P11","Hylaeus.hyalinatus","Dorycnium.pentaphyllum"
"P11","Hylaeus.hyalinatus","Rosmarinus.officinalis"
"P11","Hylaeus.hyalinatus","Thymus.vulgaris"
"P11","Lasioglossum.albocinctum","Cistus.salviifolius"
"P11","Lasioglossum.albocinctum","Dorycnium.pentaphyllum"
"P11","Lasioglossum.albocinctum","Rosmarinus.officinalis"
"P11","Lasioglossum.bimaculatum","Cistus.salviifolius"
"P11","Lasioglossum.bimaculatum","Dorycnium.pentaphyllum"
"P11","Lasioglossum.bimaculatum","Rosmarinus.officinalis"
"P11","Lasioglossum.bimaculatum","Thymus.vulgaris"
"P11","Lasioglossum.griseolum","Cistus.salviifolius"
"P11","Lasioglossum.griseolum","Fumana.ericifolia"
"P11","Lasioglossum.griseolum","Fumana.laevipes"
"P11","Lasioglossum.griseolum","Fumana.laevis"
"P11","Lasioglossum.griseolum","Ononis.minutissima"
"P11","Lasioglossum.griseolum","Rosmarinus.officinalis"
"P11","Lasioglossum.griseolum","Thymus.vulgaris"
"P11","Lasioglossum.interruptum","Cistus.salviifolius"
"P11","Lasioglossum.interruptum","Dorycnium.pentaphyllum"
"P11","Lasioglossum.interruptum","Rosmarinus.officinalis"
"P11","Lasioglossum.interruptum","Thymus.vulgaris"
"P11","Lasioglossum.malachurum","Cistus.salviifolius"
"P11","Lasioglossum.malachurum","Dorycnium.pentaphyllum"
"P11","Lasioglossum.malachurum","Rosmarinus.officinalis"
"P11","Lasioglossum.malachurum","Thymus.vulgaris"
"P11","Lasioglossum.subhirtum","Cistus.salviifolius"
"P11","Lasioglossum.subhirtum","Dorycnium.pentaphyllum"
"P11","Lasioglossum.subhirtum","Rosmarinus.officinalis"
"P11","Lasioglossum.subhirtum","Thymus.vulgaris"
"P11","Lasioglossum.transitorium","Cistus.salviifolius"
"P11","Lasioglossum.transitorium","Fumana.ericifolia"
"P11","Lasioglossum.transitorium","Fumana.laevipes"
"P11","Lasioglossum.transitorium","Fumana.laevis"
"P11","Lasioglossum.transitorium","Rosmarinus.officinalis"
"P11","Lasioglossum.transitorium","Thymus.vulgaris"
"P11","Lobonyx.aeneus","Cistus.salviifolius"
"P11","Lobonyx.aeneus","Dorycnium.pentaphyllum"
"P11","Lobonyx.aeneus","Rosmarinus.officinalis"
"P11","Lobonyx.aeneus","Thymus.vulgaris"
"P11","Meligethes.sp1","Cistus.salviifolius"
"P11","Meligethes.sp1","Rosmarinus.officinalis"
"P11","Meligethes.sp1","Thymus.vulgaris"
"P11","Merodon.funestus","Cistus.salviifolius"
"P11","Merodon.funestus","Thymus.vulgaris"
"P11","Mordellistena.sp1","Cistus.salviifolius"
"P11","Mordellistena.sp1","Rosmarinus.officinalis"
"P11","Nomada.flavoguttata","Cistus.salviifolius"
"P11","Nomada.flavoguttata","Thymus.vulgaris"
"P11","Oedemera.flavipes","Cistus.salviifolius"
"P11","Oedemera.flavipes","Dorycnium.pentaphyllum"
"P11","Oedemera.flavipes","Rosmarinus.officinalis"
"P11","Oedemera.flavipes","Thymus.vulgaris"
"P11","Osmia.gallarum","Cistus.salviifolius"
"P11","Osmia.gallarum","Dorycnium.pentaphyllum"
"P11","Osmia.gallarum","Rosmarinus.officinalis"
"P11","Osmia.gallarum","Thymus.vulgaris"
"P11","Osmia.rufohirta","Cistus.salviifolius"
"P11","Osmia.rufohirta","Fumana.ericifolia"
"P11","Osmia.rufohirta","Fumana.laevipes"
"P11","Osmia.rufohirta","Fumana.laevis"
"P11","Osmia.rufohirta","Ononis.minutissima"
"P11","Osmia.rufohirta","Thymus.vulgaris"
"P11","Osmia.tricornis","Thymus.vulgaris"
"P11","Oxythyrea.funesta","Cistus.salviifolius"
"P11","Oxythyrea.funesta","Rosmarinus.officinalis"
"P11","Oxythyrea.funesta","Thymus.vulgaris"
"P11","Platynochaetus.setosus","Cistus.salviifolius"
"P11","Platynochaetus.setosus","Rosmarinus.officinalis"
"P11","Platynochaetus.setosus","Thymus.vulgaris"
"P11","Protosmia.exenterata","Rosmarinus.officinalis"
"P11","Protosmia.exenterata","Thymus.vulgaris"
"P11","Pyronia.bathseba","Rosmarinus.officinalis"
"P11","Pyronia.bathseba","Thymus.vulgaris"
"P11","Rhodanthidium.septemdentatum","Cistus.salviifolius"
"P11","Rhodanthidium.septemdentatum","Teucrium.chamaedrys"
"P11","Rhodanthidium.septemdentatum","Thymus.vulgaris"
"P11","Rhodanthidium.sticticum","Cistus.salviifolius"
"P11","Rhodanthidium.sticticum","Fumana.ericifolia"
"P11","Rhodanthidium.sticticum","Rosmarinus.officinalis"
"P11","Rhodanthidium.sticticum","Thymus.vulgaris"
"P11","Smaragdina.diversipes","Thymus.vulgaris"
"P11","Stenurella.melanura","Cistus.salviifolius"
"P11","Stenurella.melanura","Dorycnium.pentaphyllum"
"P11","Tropinota.sp1","Cistus.salviifolius"
"P11","Tropinota.sp1","Rosmarinus.officinalis"
"P11","Tropinota.sp1","Thymus.vulgaris"
"P12","Acmaeodera.cylindrica","Biscutella.laevigata"
"P12","Acmaeodera.cylindrica","Cistus.albidus"
"P12","Acmaeodera.cylindrica","Cistus.salviifolius"
"P12","Acmaeodera.cylindrica","Leuzea.conifera"
"P12","Adelidae.sp1","Biscutella.laevigata"
"P12","Adelidae.sp1","Cistus.salviifolius"
"P12","Adelidae.sp1","Dorycnium.pentaphyllum"
"P12","Adelidae.sp1","Euphorbia.flavicoma"
"P12","Adelidae.sp1","Rosmarinus.officinalis"
"P12","Adelidae.sp1","Thymus.vulgaris"
"P12","Anaspis.sp1","Aphyllanthes.monspeliensis"
"P12","Anaspis.sp1","Biscutella.laevigata"
"P12","Anaspis.sp1","Cistus.albidus"
"P12","Anaspis.sp1","Cistus.salviifolius"
"P12","Anaspis.sp1","Euphorbia.flavicoma"
"P12","Anaspis.sp1","Galium.aparine"
"P12","Anaspis.sp1","Leuzea.conifera"
"P12","Anaspis.sp1","Thymus.vulgaris"
"P12","Andrena.djelfensis","Biscutella.laevigata"
"P12","Andrena.djelfensis","Cistus.albidus"
"P12","Andrena.djelfensis","Cistus.salviifolius"
"P12","Andrena.djelfensis","Euphorbia.flavicoma"
"P12","Andrena.djelfensis","Rosmarinus.officinalis"
"P12","Andrena.djelfensis","Thymus.vulgaris"
"P12","Andrena.flavipes","Rosmarinus.officinalis"
"P12","Andrena.lepida","Euphorbia.flavicoma"
"P12","Andrena.lepida","Thymus.vulgaris"
"P12","Andrena.nigroaenea","Biscutella.laevigata"
"P12","Andrena.nigroaenea","Cistus.albidus"
"P12","Andrena.nigroaenea","Cistus.salviifolius"
"P12","Andrena.nigroaenea","Euphorbia.flavicoma"
"P12","Andrena.nigroaenea","Rosmarinus.officinalis"
"P12","Andrena.nigroaenea","Thymus.vulgaris"
"P12","Andrena.senecionis","Biscutella.laevigata"
"P12","Andrena.senecionis","Cistus.salviifolius"
"P12","Andrena.senecionis","Euphorbia.flavicoma"
"P12","Andrena.senecionis","Rosmarinus.officinalis"
"P12","Andrena.senecionis","Thymus.vulgaris"
"P12","Anthaxia.millefolii","Biscutella.laevigata"
"P12","Anthaxia.millefolii","Centaurea.linifolia."
"P12","Anthaxia.millefolii","Cistus.albidus"
"P12","Anthaxia.millefolii","Cistus.salviifolius"
"P12","Anthaxia.millefolii","Galium.aparine"
"P12","Anthaxia.millefolii","Teucrium.chamaedrys"
"P12","Anthaxia.scutullaris","Centaurea.linifolia."
"P12","Anthaxia.scutullaris","Cistus.albidus"
"P12","Anthaxia.scutullaris","Cistus.salviifolius"
"P12","Anthaxia.scutullaris","Teucrium.chamaedrys"
"P12","Anthaxia.scutullaris","Thymus.vulgaris"
"P12","Anthaxia.spinolae","Biscutella.laevigata"
"P12","Anthaxia.spinolae","Centaurea.linifolia."
"P12","Anthaxia.spinolae","Cistus.albidus"
"P12","Anthaxia.spinolae","Cistus.salviifolius"
"P12","Anthaxia.spinolae","Teucrium.chamaedrys"
"P12","Anthophora.acervorum","Cistus.albidus"
"P12","Anthophora.acervorum","Cistus.salviifolius"
"P12","Anthophora.acervorum","Gladiolus.illyricus"
"P12","Anthophora.acervorum","Rosmarinus.officinalis"
"P12","Anthophora.acervorum","Thymus.vulgaris"
"P12","Anthophora.dispar","Rosmarinus.officinalis"
"P12","Anthophora.dispar","Thymus.vulgaris"
"P12","Apis.mellifera","Biscutella.laevigata"
"P12","Apis.mellifera","Centaurea.linifolia."
"P12","Apis.mellifera","Cistus.albidus"
"P12","Apis.mellifera","Cistus.salviifolius"
"P12","Apis.mellifera","Dorycnium.pentaphyllum"
"P12","Apis.mellifera","Euphorbia.flavicoma"
"P12","Apis.mellifera","Gladiolus.illyricus"
"P12","Apis.mellifera","Rosmarinus.officinalis"
"P12","Apis.mellifera","Teucrium.chamaedrys"
"P12","Apis.mellifera","Thymus.vulgaris"
"P12","Aplocnemus.calidus","Centaurea.linifolia."
"P12","Aplocnemus.calidus","Cistus.albidus"
"P12","Aplocnemus.calidus","Cistus.salviifolius"
"P12","Aplocnemus.calidus","Euphorbia.flavicoma"
"P12","Aplocnemus.calidus","Galium.aparine"
"P12","Aplocnemus.calidus","Gladiolus.illyricus"
"P12","Aplocnemus.calidus","Rosmarinus.officinalis"
"P12","Aplocnemus.calidus","Teucrium.chamaedrys"
"P12","Aplocnemus.calidus","Thymus.vulgaris"
"P12","Athalia.bicolor","Biscutella.laevigata"
"P12","Athalia.sp1","Biscutella.laevigata"
"P12","Bombus.terrestris","Biscutella.laevigata"
"P12","Bombus.terrestris","Centaurea.linifolia."
"P12","Bombus.terrestris","Cistus.albidus"
"P12","Bombus.terrestris","Cistus.salviifolius"
"P12","Bombus.terrestris","Dorycnium.pentaphyllum"
"P12","Bombus.terrestris","Gladiolus.illyricus"
"P12","Bombus.terrestris","Rosmarinus.officinalis"
"P12","Bombus.terrestris","Teucrium.chamaedrys"
"P12","Bombus.terrestris","Thymus.vulgaris"
"P12","Bruchus.viciae","Biscutella.laevigata"
"P12","Bruchus.viciae","Centaurea.linifolia."
"P12","Bruchus.viciae","Cistus.albidus"
"P12","Bruchus.viciae","Cistus.salviifolius"
"P12","Bruchus.viciae","Dorycnium.pentaphyllum"
"P12","Bruchus.viciae","Euphorbia.flavicoma"
"P12","Bruchus.viciae","Galium.aparine"
"P12","Bruchus.viciae","Leuzea.conifera"
"P12","Bruchus.viciae","Teucrium.chamaedrys"
"P12","Ceratina.cucurbitina","Biscutella.laevigata"
"P12","Ceratina.cucurbitina","Centaurea.linifolia."
"P12","Ceratina.cucurbitina","Cistus.albidus"
"P12","Ceratina.cucurbitina","Dorycnium.pentaphyllum"
"P12","Ceratina.cucurbitina","Gladiolus.illyricus"
"P12","Ceratina.cucurbitina","Leuzea.conifera"
"P12","Ceratina.cucurbitina","Rosmarinus.officinalis"
"P12","Ceratina.cucurbitina","Teucrium.chamaedrys"
"P12","Ceratina.cucurbitina","Thymus.vulgaris"
"P12","Chrysotoxum.cautum","Biscutella.laevigata"
"P12","Chrysotoxum.cautum","Euphorbia.flavicoma"
"P12","Chrysotoxum.cautum","Rosmarinus.officinalis"
"P12","Chrysotoxum.cautum","Thymus.vulgaris"
"P12","Clytra.quadripunctata","Cistus.albidus"
"P12","Clytra.quadripunctata","Dorycnium.pentaphyllum"
"P12","Clytus.rhamni","Biscutella.laevigata"
"P12","Clytus.rhamni","Centaurea.linifolia."
"P12","Clytus.rhamni","Cistus.salviifolius"
"P12","Clytus.rhamni","Galium.aparine"
"P12","Clytus.rhamni","Teucrium.chamaedrys"
"P12","Danacea.longiceps","Centaurea.linifolia."
"P12","Danacea.longiceps","Cistus.albidus"
"P12","Danacea.longiceps","Cistus.salviifolius"
"P12","Danacea.longiceps","Galium.aparine"
"P12","Danacea.longiceps","Leuzea.conifera"
"P12","Danacea.longiceps","Rosmarinus.officinalis"
"P12","Danacea.longiceps","Teucrium.chamaedrys"
"P12","Dasytes.nigroaeneus","Biscutella.laevigata"
"P12","Dasytes.nigroaeneus","Centaurea.linifolia."
"P12","Dasytes.nigroaeneus","Cistus.albidus"
"P12","Dasytes.nigroaeneus","Cistus.salviifolius"
"P12","Dasytes.nigroaeneus","Dorycnium.pentaphyllum"
"P12","Dasytes.nigroaeneus","Euphorbia.flavicoma"
"P12","Dasytes.nigroaeneus","Galium.aparine"
"P12","Dasytes.nigroaeneus","Gladiolus.illyricus"
"P12","Dasytes.nigroaeneus","Leuzea.conifera"
"P12","Dasytes.nigroaeneus","Rosmarinus.officinalis"
"P12","Dasytes.nigroaeneus","Teucrium.chamaedrys"
"P12","Dasytes.nigroaeneus","Thymus.vulgaris"
"P12","Eristalis.tenax","Cistus.albidus"
"P12","Eristalis.tenax","Cistus.salviifolius"
"P12","Eristalis.tenax","Euphorbia.flavicoma"
"P12","Eristalis.tenax","Rosmarinus.officinalis"
"P12","Eristalis.tenax","Thymus.vulgaris"
"P12","Euchloe.crameri","Biscutella.laevigata"
"P12","Euchloe.crameri","Thymus.vulgaris"
"P12","Eumerus.argyropus","Aphyllanthes.monspeliensis"
"P12","Eumerus.argyropus","Centaurea.linifolia."
"P12","Eumerus.argyropus","Cistus.albidus"
"P12","Eumerus.argyropus","Cistus.salviifolius"
"P12","Eumerus.argyropus","Euphorbia.flavicoma"
"P12","Eumerus.argyropus","Galium.aparine"
"P12","Eumerus.argyropus","Leuzea.conifera"
"P12","Eumerus.argyropus","Teucrium.chamaedrys"
"P12","Halictus.scabiosae","Cistus.albidus"
"P12","Halictus.scabiosae","Cistus.salviifolius"
"P12","Hemipenthes sp.1","Centaurea.linifolia."
"P12","Hemipenthes sp.1","Galium.aparine"
"P12","Hemipenthes sp.1","Leuzea.conifera"
"P12","Hemipenthes sp.1","Teucrium.chamaedrys"
"P12","Hylaeus.hyalinatus","Biscutella.laevigata"
"P12","Hylaeus.hyalinatus","Centaurea.linifolia."
"P12","Hylaeus.hyalinatus","Cistus.albidus"
"P12","Hylaeus.hyalinatus","Cistus.salviifolius"
"P12","Hylaeus.hyalinatus","Dorycnium.pentaphyllum"
"P12","Hylaeus.hyalinatus","Euphorbia.flavicoma"
"P12","Hylaeus.hyalinatus","Galium.aparine"
"P12","Hylaeus.hyalinatus","Gladiolus.illyricus"
"P12","Hylaeus.hyalinatus","Leuzea.conifera"
"P12","Hylaeus.hyalinatus","Rosmarinus.officinalis"
"P12","Hylaeus.hyalinatus","Teucrium.chamaedrys"
"P12","Hylaeus.hyalinatus","Thymus.vulgaris"
"P12","Hylaeus.taeniolatus","Biscutella.laevigata"
"P12","Hylaeus.taeniolatus","Cistus.albidus"
"P12","Hylaeus.taeniolatus","Cistus.salviifolius"
"P12","Hylaeus.taeniolatus","Gladiolus.illyricus"
"P12","Hylaeus.taeniolatus","Rosmarinus.officinalis"
"P12","Lasioglossum.albocinctum","Biscutella.laevigata"
"P12","Lasioglossum.albocinctum","Centaurea.linifolia."
"P12","Lasioglossum.albocinctum","Cistus.albidus"
"P12","Lasioglossum.albocinctum","Cistus.salviifolius"
"P12","Lasioglossum.albocinctum","Dorycnium.pentaphyllum"
"P12","Lasioglossum.albocinctum","Euphorbia.flavicoma"
"P12","Lasioglossum.albocinctum","Galium.aparine"
"P12","Lasioglossum.albocinctum","Gladiolus.illyricus"
"P12","Lasioglossum.albocinctum","Rosmarinus.officinalis"
"P12","Lasioglossum.albocinctum","Teucrium.chamaedrys"
"P12","Lasioglossum.bimaculatum","Biscutella.laevigata"
"P12","Lasioglossum.bimaculatum","Centaurea.linifolia."
"P12","Lasioglossum.bimaculatum","Cistus.albidus"
"P12","Lasioglossum.bimaculatum","Cistus.salviifolius"
"P12","Lasioglossum.bimaculatum","Dorycnium.pentaphyllum"
"P12","Lasioglossum.bimaculatum","Euphorbia.flavicoma"
"P12","Lasioglossum.bimaculatum","Galium.aparine"
"P12","Lasioglossum.bimaculatum","Gladiolus.illyricus"
"P12","Lasioglossum.bimaculatum","Leuzea.conifera"
"P12","Lasioglossum.bimaculatum","Rosmarinus.officinalis"
"P12","Lasioglossum.bimaculatum","Teucrium.chamaedrys"
"P12","Lasioglossum.bimaculatum","Thymus.vulgaris"
"P12","Lasioglossum.griseolum","Biscutella.laevigata"
"P12","Lasioglossum.griseolum","Centaurea.linifolia."
"P12","Lasioglossum.griseolum","Cistus.albidus"
"P12","Lasioglossum.griseolum","Cistus.salviifolius"
"P12","Lasioglossum.griseolum","Euphorbia.flavicoma"
"P12","Lasioglossum.griseolum","Galium.aparine"
"P12","Lasioglossum.griseolum","Gladiolus.illyricus"
"P12","Lasioglossum.griseolum","Leuzea.conifera"
"P12","Lasioglossum.griseolum","Ononis.minutissima"
"P12","Lasioglossum.griseolum","Rosmarinus.officinalis"
"P12","Lasioglossum.griseolum","Teucrium.chamaedrys"
"P12","Lasioglossum.griseolum","Thymus.vulgaris"
"P12","Lasioglossum.malachurum","Biscutella.laevigata"
"P12","Lasioglossum.malachurum","Centaurea.linifolia."
"P12","Lasioglossum.malachurum","Cistus.albidus"
"P12","Lasioglossum.malachurum","Cistus.salviifolius"
"P12","Lasioglossum.malachurum","Dorycnium.pentaphyllum"
"P12","Lasioglossum.malachurum","Euphorbia.flavicoma"
"P12","Lasioglossum.malachurum","Galium.aparine"
"P12","Lasioglossum.malachurum","Gladiolus.illyricus"
"P12","Lasioglossum.malachurum","Leuzea.conifera"
"P12","Lasioglossum.malachurum","Rosmarinus.officinalis"
"P12","Lasioglossum.malachurum","Teucrium.chamaedrys"
"P12","Lasioglossum.malachurum","Thymus.vulgaris"
"P12","Lasioglossum.subhirtum","Biscutella.laevigata"
"P12","Lasioglossum.subhirtum","Centaurea.linifolia."
"P12","Lasioglossum.subhirtum","Cistus.albidus"
"P12","Lasioglossum.subhirtum","Cistus.salviifolius"
"P12","Lasioglossum.subhirtum","Dorycnium.pentaphyllum"
"P12","Lasioglossum.subhirtum","Euphorbia.flavicoma"
"P12","Lasioglossum.subhirtum","Galium.aparine"
"P12","Lasioglossum.subhirtum","Gladiolus.illyricus"
"P12","Lasioglossum.subhirtum","Leuzea.conifera"
"P12","Lasioglossum.subhirtum","Rosmarinus.officinalis"
"P12","Lasioglossum.subhirtum","Teucrium.chamaedrys"
"P12","Lasioglossum.subhirtum","Thymus.vulgaris"
"P12","Lasioglossum.transitorium","Biscutella.laevigata"
"P12","Lasioglossum.transitorium","Centaurea.linifolia."
"P12","Lasioglossum.transitorium","Cistus.albidus"
"P12","Lasioglossum.transitorium","Cistus.salviifolius"
"P12","Lasioglossum.transitorium","Euphorbia.flavicoma"
"P12","Lasioglossum.transitorium","Galium.aparine"
"P12","Lasioglossum.transitorium","Gladiolus.illyricus"
"P12","Lasioglossum.transitorium","Leuzea.conifera"
"P12","Lasioglossum.transitorium","Rosmarinus.officinalis"
"P12","Lasioglossum.transitorium","Teucrium.chamaedrys"
"P12","Lasioglossum.transitorium","Thymus.vulgaris"
"P12","Lasiommata.megera","Centaurea.linifolia."
"P12","Lasiommata.megera","Cistus.albidus"
"P12","Lasiommata.megera","Teucrium.chamaedrys"
"P12","Lobonyx.aeneus","Biscutella.laevigata"
"P12","Lobonyx.aeneus","Centaurea.linifolia."
"P12","Lobonyx.aeneus","Cistus.albidus"
"P12","Lobonyx.aeneus","Cistus.salviifolius"
"P12","Lobonyx.aeneus","Dorycnium.pentaphyllum"
"P12","Lobonyx.aeneus","Galium.aparine"
"P12","Lobonyx.aeneus","Gladiolus.illyricus"
"P12","Lobonyx.aeneus","Leuzea.conifera"
"P12","Lobonyx.aeneus","Rosmarinus.officinalis"
"P12","Lobonyx.aeneus","Teucrium.chamaedrys"
"P12","Lobonyx.aeneus","Thymus.vulgaris"
"P12","Megachile.pyrenaica","Cistus.albidus"
"P12","Megachile.pyrenaica","Rosmarinus.officinalis"
"P12","Megachile.pyrenaica","Thymus.vulgaris"
"P12","Melanargia.occitanica","Centaurea.linifolia."
"P12","Melanargia.occitanica","Cistus.albidus"
"P12","Melanargia.occitanica","Teucrium.chamaedrys"
"P12","Melanargia.occitanica","Thymus.vulgaris"
"P12","Meligethes.sp1","Biscutella.laevigata"
"P12","Meligethes.sp1","Cistus.albidus"
"P12","Meligethes.sp1","Cistus.salviifolius"
"P12","Meligethes.sp1","Euphorbia.flavicoma"
"P12","Meligethes.sp1","Galium.aparine"
"P12","Meligethes.sp1","Rosmarinus.officinalis"
"P12","Meligethes.sp1","Thymus.vulgaris"
"P12","Merodon.funestus","Biscutella.laevigata"
"P12","Merodon.funestus","Centaurea.linifolia."
"P12","Merodon.funestus","Cistus.albidus"
"P12","Merodon.funestus","Cistus.salviifolius"
"P12","Merodon.funestus","Euphorbia.flavicoma"
"P12","Merodon.funestus","Leuzea.conifera"
"P12","Merodon.funestus","Teucrium.chamaedrys"
"P12","Merodon.funestus","Thymus.vulgaris"
"P12","Merodon.sp7/9","Biscutella.laevigata"
"P12","Merodon.sp7/9","Thymus.vulgaris"
"P12","Minoa.murinata","Centaurea.linifolia."
"P12","Minoa.murinata","Euphorbia.flavicoma"
"P12","Minoa.murinata","Galium.aparine"
"P12","Minoa.murinata","Teucrium.chamaedrys"
"P12","Minoa.murinata","Thymus.vulgaris"
"P12","Mordellistena.sp1","Cistus.albidus"
"P12","Mordellistena.sp1","Cistus.salviifolius"
"P12","Mordellistena.sp1","Galium.aparine"
"P12","Mordellistena.sp1","Rosmarinus.officinalis"
"P12","Mordellistena.sp4","Biscutella.laevigata"
"P12","Mordellistena.sp4","Cistus.albidus"
"P12","Mordellistena.sp4","Cistus.salviifolius"
"P12","Mordellistena.sp4","Galium.aparine"
"P12","Oedemera.flavipes","Biscutella.laevigata"
"P12","Oedemera.flavipes","Centaurea.linifolia."
"P12","Oedemera.flavipes","Cistus.albidus"
"P12","Oedemera.flavipes","Cistus.salviifolius"
"P12","Oedemera.flavipes","Dorycnium.pentaphyllum"
"P12","Oedemera.flavipes","Euphorbia.flavicoma"
"P12","Oedemera.flavipes","Galium.aparine"
"P12","Oedemera.flavipes","Gladiolus.illyricus"
"P12","Oedemera.flavipes","Leuzea.conifera"
"P12","Oedemera.flavipes","Rosmarinus.officinalis"
"P12","Oedemera.flavipes","Teucrium.chamaedrys"
"P12","Oedemera.flavipes","Thymus.vulgaris"
"P12","Osmia.gallarum","Biscutella.laevigata"
"P12","Osmia.gallarum","Cistus.albidus"
"P12","Osmia.gallarum","Cistus.salviifolius"
"P12","Osmia.gallarum","Dorycnium.pentaphyllum"
"P12","Osmia.gallarum","Euphorbia.flavicoma"
"P12","Osmia.gallarum","Galium.aparine"
"P12","Osmia.gallarum","Rosmarinus.officinalis"
"P12","Osmia.gallarum","Thymus.vulgaris"
"P12","Osmia.melanogaster/leaiana","Biscutella.laevigata"
"P12","Osmia.melanogaster/leaiana","Centaurea.linifolia."
"P12","Osmia.melanogaster/leaiana","Cistus.albidus"
"P12","Osmia.melanogaster/leaiana","Rosmarinus.officinalis"
"P12","Osmia.melanogaster/leaiana","Teucrium.chamaedrys"
"P12","Osmia.melanogaster/leaiana","Thymus.vulgaris"
"P12","Osmia.rufohirta","Biscutella.laevigata"
"P12","Osmia.rufohirta","Centaurea.linifolia."
"P12","Osmia.rufohirta","Cistus.albidus"
"P12","Osmia.rufohirta","Cistus.salviifolius"
"P12","Osmia.rufohirta","Gladiolus.illyricus"
"P12","Osmia.rufohirta","Ononis.minutissima"
"P12","Osmia.rufohirta","Teucrium.chamaedrys"
"P12","Osmia.rufohirta","Thymus.vulgaris"
"P12","Oxythyrea.funesta","Aphyllanthes.monspeliensis"
"P12","Oxythyrea.funesta","Cistus.albidus"
"P12","Oxythyrea.funesta","Cistus.salviifolius"
"P12","Oxythyrea.funesta","Rosmarinus.officinalis"
"P12","Oxythyrea.funesta","Thymus.vulgaris"
"P12","Panurgus.dentipes","Biscutella.laevigata"
"P12","Platynochaetus.setosus","Biscutella.laevigata"
"P12","Platynochaetus.setosus","Cistus.albidus"
"P12","Platynochaetus.setosus","Cistus.salviifolius"
"P12","Platynochaetus.setosus","Euphorbia.flavicoma"
"P12","Platynochaetus.setosus","Rosmarinus.officinalis"
"P12","Platynochaetus.setosus","Thymus.vulgaris"
"P12","Polistes.dominulus","Biscutella.laevigata"
"P12","Polistes.dominulus","Centaurea.linifolia."
"P12","Polistes.dominulus","Cistus.albidus"
"P12","Polistes.dominulus","Cistus.salviifolius"
"P12","Polistes.dominulus","Dorycnium.pentaphyllum"
"P12","Polistes.dominulus","Euphorbia.flavicoma"
"P12","Polistes.dominulus","Galium.aparine"
"P12","Polistes.dominulus","Leuzea.conifera"
"P12","Polistes.dominulus","Rosmarinus.officinalis"
"P12","Polistes.dominulus","Teucrium.chamaedrys"
"P12","Polistes.dominulus","Thymus.vulgaris"
"P12","Protosmia.exenterata","Biscutella.laevigata"
"P12","Protosmia.exenterata","Centaurea.linifolia."
"P12","Protosmia.exenterata","Cistus.albidus"
"P12","Protosmia.exenterata","Galium.aparine"
"P12","Protosmia.exenterata","Leuzea.conifera"
"P12","Protosmia.exenterata","Rosmarinus.officinalis"
"P12","Protosmia.exenterata","Teucrium.chamaedrys"
"P12","Protosmia.exenterata","Thymus.vulgaris"
"P12","Psilothrix.viridicoerulea","Cistus.albidus"
"P12","Pyronia.bathseba","Centaurea.linifolia."
"P12","Pyronia.bathseba","Cistus.albidus"
"P12","Pyronia.bathseba","Leuzea.conifera"
"P12","Pyronia.bathseba","Rosmarinus.officinalis"
"P12","Pyronia.bathseba","Teucrium.chamaedrys"
"P12","Pyronia.bathseba","Thymus.vulgaris"
"P12","Rhodanthidium.septemdentatum","Centaurea.linifolia."
"P12","Rhodanthidium.septemdentatum","Cistus.albidus"
"P12","Rhodanthidium.septemdentatum","Cistus.salviifolius"
"P12","Rhodanthidium.septemdentatum","Gladiolus.illyricus"
"P12","Rhodanthidium.septemdentatum","Leuzea.conifera"
"P12","Rhodanthidium.septemdentatum","Teucrium.chamaedrys"
"P12","Rhodanthidium.septemdentatum","Thymus.vulgaris"
"P12","Rhodanthidium.sticticum","Biscutella.laevigata"
"P12","Rhodanthidium.sticticum","Centaurea.linifolia."
"P12","Rhodanthidium.sticticum","Cistus.albidus"
"P12","Rhodanthidium.sticticum","Cistus.salviifolius"
"P12","Rhodanthidium.sticticum","Euphorbia.flavicoma"
"P12","Rhodanthidium.sticticum","Galium.aparine"
"P12","Rhodanthidium.sticticum","Gladiolus.illyricus"
"P12","Rhodanthidium.sticticum","Leuzea.conifera"
"P12","Rhodanthidium.sticticum","Rosmarinus.officinalis"
"P12","Rhodanthidium.sticticum","Teucrium.chamaedrys"
"P12","Rhodanthidium.sticticum","Thymus.vulgaris"
"P12","Scaeva.pyvastri","Biscutella.laevigata"
"P12","Scaeva.pyvastri","Centaurea.linifolia."
"P12","Scaeva.pyvastri","Galium.aparine"
"P12","Scaeva.pyvastri","Rosmarinus.officinalis"
"P12","Scaeva.pyvastri","Teucrium.chamaedrys"
"P12","Scaeva.pyvastri","Thymus.vulgaris"
"P12","Tropinota.sp1","Cistus.albidus"
"P12","Tropinota.sp1","Cistus.salviifolius"
"P12","Tropinota.sp1","Rosmarinus.officinalis"
"P12","Tropinota.sp1","Thymus.vulgaris"
"P12","Tropinota.squalida","Cistus.albidus"
"P12","Tropinota.squalida","Cistus.salviifolius"
"P12","Tropinota.squalida","Rosmarinus.officinalis"
"P12","Tropinota.squalida","Thymus.vulgaris"
"P12","Trypoxylon.sp1","Euphorbia.flavicoma"
"P12","Zygaena.sp1","Centaurea.linifolia."
"P12","Zygaena.sp1","Teucrium.chamaedrys"
"P13","Acmaeodera.cylindrica","Dorycnium.hirsutum"
"P13","Adelidae.sp1","Dorycnium.pentaphyllum"
"P13","Adelidae.sp1","Rosmarinus.officinalis"
"P13","Anaspis.sp1","Aphyllanthes.monspeliensis"
"P13","Anaspis.sp1","Dorycnium.hirsutum"
"P13","Anaspis.sp1","Helianthemum.oelandicum.spp.italicum"
"P13","Andrena.djelfensis","Helianthemum.oelandicum.spp.italicum"
"P13","Andrena.djelfensis","Rosmarinus.officinalis"
"P13","Andrena.nigroaenea","Argyrolobium.zanonii"
"P13","Andrena.nigroaenea","Cistus.monspeliensis"
"P13","Andrena.nigroaenea","Dorycnium.hirsutum"
"P13","Andrena.nigroaenea","Rosmarinus.officinalis"
"P13","Andrena.senecionis","Rosmarinus.officinalis"
"P13","Anthaxia.scutullaris","Dorycnium.hirsutum"
"P13","Anthophora.dispar","Rosmarinus.officinalis"
"P13","Apis.mellifera","Argyrolobium.zanonii"
"P13","Apis.mellifera","Dorycnium.hirsutum"
"P13","Apis.mellifera","Dorycnium.pentaphyllum"
"P13","Apis.mellifera","Fumana.ericifolia"
"P13","Apis.mellifera","Helianthemum.oelandicum.spp.italicum"
"P13","Apis.mellifera","Rosmarinus.officinalis"
"P13","Bombus.terrestris","Dorycnium.hirsutum"
"P13","Bombus.terrestris","Dorycnium.pentaphyllum"
"P13","Bombus.terrestris","Rosmarinus.officinalis"
"P13","Ceratina.cucurbitina","Dorycnium.hirsutum"
"P13","Ceratina.cucurbitina","Dorycnium.pentaphyllum"
"P13","Ceratina.cucurbitina","Rosmarinus.officinalis"
"P13","Chrysotoxum.cautum","Rosmarinus.officinalis"
"P13","Clanoptilus.abdominalis","Rosmarinus.officinalis"
"P13","Clytus.rhamni","Dorycnium.hirsutum"
"P13","Danacea.longiceps","Dorycnium.hirsutum"
"P13","Danacea.longiceps","Rosmarinus.officinalis"
"P13","Dasytes.nigroaeneus","Dorycnium.hirsutum"
"P13","Dasytes.nigroaeneus","Dorycnium.pentaphyllum"
"P13","Dasytes.nigroaeneus","Helianthemum.oelandicum.spp.italicum"
"P13","Dasytes.nigroaeneus","Rosmarinus.officinalis"
"P13","Eucera.collaris","Dorycnium.hirsutum"
"P13","Eucera.collaris","Rosmarinus.officinalis"
"P13","Eucera.elongatula","Dorycnium.pentaphyllum"
"P13","Eumerus.argyropus","Aphyllanthes.monspeliensis"
"P13","Gonepteryx.cleopatra","Aphyllanthes.monspeliensis"
"P13","Halictus.gemmeus","Dorycnium.pentaphyllum"
"P13","Lasioglossum.albocinctum","Dorycnium.pentaphyllum"
"P13","Lasioglossum.albocinctum","Rosmarinus.officinalis"
"P13","Lasioglossum.bimaculatum","Cistus.monspeliensis"
"P13","Lasioglossum.bimaculatum","Dorycnium.hirsutum"
"P13","Lasioglossum.bimaculatum","Dorycnium.pentaphyllum"
"P13","Lasioglossum.bimaculatum","Helianthemum.oelandicum.spp.italicum"
"P13","Lasioglossum.bimaculatum","Hypericum.perforatum"
"P13","Lasioglossum.bimaculatum","Rosmarinus.officinalis"
"P13","Lasioglossum.griseolum","Fumana.ericifolia"
"P13","Lasioglossum.griseolum","Fumana.laevis"
"P13","Lasioglossum.griseolum","Helianthemum.oelandicum.spp.italicum"
"P13","Lasioglossum.griseolum","Rosmarinus.officinalis"
"P13","Lasioglossum.malachurum","Cistus.monspeliensis"
"P13","Lasioglossum.malachurum","Dorycnium.hirsutum"
"P13","Lasioglossum.malachurum","Dorycnium.pentaphyllum"
"P13","Lasioglossum.malachurum","Helianthemum.oelandicum.spp.italicum"
"P13","Lasioglossum.malachurum","Hypericum.perforatum"
"P13","Lasioglossum.malachurum","Rosmarinus.officinalis"
"P13","Lasioglossum.mediterraneum","Cistus.monspeliensis"
"P13","Lasioglossum.mediterraneum","Dorycnium.hirsutum"
"P13","Lasioglossum.mediterraneum","Dorycnium.pentaphyllum"
"P13","Lasioglossum.mediterraneum","Helianthemum.oelandicum.spp.italicum"
"P13","Lasioglossum.mediterraneum","Hypericum.perforatum"
"P13","Lasioglossum.mediterraneum","Rosmarinus.officinalis"
"P13","Lasioglossum.subhirtum","Cistus.monspeliensis"
"P13","Lasioglossum.subhirtum","Dorycnium.hirsutum"
"P13","Lasioglossum.subhirtum","Dorycnium.pentaphyllum"
"P13","Lasioglossum.subhirtum","Helianthemum.oelandicum.spp.italicum"
"P13","Lasioglossum.subhirtum","Hypericum.perforatum"
"P13","Lasioglossum.subhirtum","Rosmarinus.officinalis"
"P13","Lasioglossum.transitorium","Fumana.ericifolia"
"P13","Lasioglossum.transitorium","Fumana.laevis"
"P13","Lasioglossum.transitorium","Helianthemum.oelandicum.spp.italicum"
"P13","Lasioglossum.transitorium","Rosmarinus.officinalis"
"P13","Lasiommata.megera","Dorycnium.hirsutum"
"P13","Leptidea.sinapis","Rosmarinus.officinalis"
"P13","Leptochilus.tarsatus","Rosmarinus.officinalis"
"P13","Lobonyx.aeneus","Dorycnium.hirsutum"
"P13","Lobonyx.aeneus","Dorycnium.pentaphyllum"
"P13","Lobonyx.aeneus","Rosmarinus.officinalis"
"P13","Megachile.pyrenaica","Dorycnium.hirsutum"
"P13","Megachile.pyrenaica","Rosmarinus.officinalis"
"P13","Meligethes.sp1","Rosmarinus.officinalis"
"P13","Microhoria.plumbea","Helianthemum.oelandicum.spp.italicum"
"P13","Mordellistena.sp1","Dorycnium.hirsutum"
"P13","Mordellistena.sp1","Rosmarinus.officinalis"
"P13","Oedemera.flavipes","Cistus.monspeliensis"
"P13","Oedemera.flavipes","Dorycnium.hirsutum"
"P13","Oedemera.flavipes","Dorycnium.pentaphyllum"
"P13","Oedemera.flavipes","Rosmarinus.officinalis"
"P13","Osmia.melanogaster/leaiana","Rosmarinus.officinalis"
"P13","Osmia.rufohirta","Dorycnium.hirsutum"
"P13","Osmia.rufohirta","Fumana.ericifolia"
"P13","Osmia.rufohirta","Fumana.laevis"
"P13","Osmia.rufohirta","Helianthemum.oelandicum.spp.italicum"
"P13","Oxythyrea.funesta","Aphyllanthes.monspeliensis"
"P13","Oxythyrea.funesta","Cistus.monspeliensis"
"P13","Oxythyrea.funesta","Dorycnium.hirsutum"
"P13","Oxythyrea.funesta","Rosmarinus.officinalis"
"P13","Platynochaetus.setosus","Cistus.monspeliensis"
"P13","Platynochaetus.setosus","Dorycnium.hirsutum"
"P13","Platynochaetus.setosus","Rosmarinus.officinalis"
"P13","Polistes.dominulus","Dorycnium.hirsutum"
"P13","Polistes.dominulus","Dorycnium.pentaphyllum"
"P13","Polistes.dominulus","Rosmarinus.officinalis"
"P13","Pyronia.bathseba","Dorycnium.hirsutum"
"P13","Pyronia.bathseba","Rosmarinus.officinalis"
"P13","Rhodanthidium.septemdentatum","Dorycnium.hirsutum"
"P13","Rhodanthidium.sticticum","Argyrolobium.zanonii"
"P13","Rhodanthidium.sticticum","Dorycnium.hirsutum"
"P13","Rhodanthidium.sticticum","Fumana.ericifolia"
"P13","Rhodanthidium.sticticum","Helianthemum.oelandicum.spp.italicum"
"P13","Rhodanthidium.sticticum","Rosmarinus.officinalis"
"P13","Stenurella.melanura","Dorycnium.hirsutum"
"P13","Stenurella.melanura","Dorycnium.pentaphyllum"
"P13","Tropinota.sp1","Rosmarinus.officinalis"
"P13","Zygaena.sp1","Dorycnium.hirsutum"
"P14","Acmaeodera.cylindrica","Biscutella.laevigata"
"P14","Acmaeodera.cylindrica","Cistus.albidus"
"P14","Acmaeodera.cylindrica","Cistus.salviifolius"
"P14","Adelidae.sp1","Biscutella.laevigata"
"P14","Adelidae.sp1","Cistus.salviifolius"
"P14","Adelidae.sp1","Dorycnium.pentaphyllum"
"P14","Adelidae.sp1","Euphorbia.flavicoma"
"P14","Adelidae.sp1","Rosmarinus.officinalis"
"P14","Adelidae.sp1","Thymus.vulgaris"
"P14","Anaspis.sp1","Biscutella.laevigata"
"P14","Anaspis.sp1","Cistus.albidus"
"P14","Anaspis.sp1","Cistus.salviifolius"
"P14","Anaspis.sp1","Euphorbia.flavicoma"
"P14","Anaspis.sp1","Galium.aparine"
"P14","Anaspis.sp1","Helianthemum.oelandicum.spp.italicum"
"P14","Anaspis.sp1","Thymus.vulgaris"
"P14","Ancistrocerus.biphaleratus","Cistus.albidus"
"P14","Ancistrocerus.biphaleratus","Rosmarinus.officinalis"
"P14","Ancistrocerus.biphaleratus","Thymus.vulgaris"
"P14","Andrena.angustior","Cistus.salviifolius"
"P14","Andrena.angustior","Rosmarinus.officinalis"
"P14","Andrena.angustior","Thymus.vulgaris"
"P14","Andrena.djelfensis","Biscutella.laevigata"
"P14","Andrena.djelfensis","Cistus.albidus"
"P14","Andrena.djelfensis","Cistus.salviifolius"
"P14","Andrena.djelfensis","Euphorbia.flavicoma"
"P14","Andrena.djelfensis","Helianthemum.oelandicum.spp.italicum"
"P14","Andrena.djelfensis","Rosmarinus.officinalis"
"P14","Andrena.djelfensis","Thymus.vulgaris"
"P14","Andrena.flavipes","Rosmarinus.officinalis"
"P14","Andrena.labialis","Cistus.albidus"
"P14","Andrena.labialis","Rosmarinus.officinalis"
"P14","Andrena.labialis","Scorpiurus.muricatus"
"P14","Andrena.labialis","Thymus.vulgaris"
"P14","Andrena.nigroaenea","Biscutella.laevigata"
"P14","Andrena.nigroaenea","Cistus.albidus"
"P14","Andrena.nigroaenea","Cistus.salviifolius"
"P14","Andrena.nigroaenea","Euphorbia.flavicoma"
"P14","Andrena.nigroaenea","Rosmarinus.officinalis"
"P14","Andrena.nigroaenea","Thymus.vulgaris"
"P14","Andrena.senecionis","Biscutella.laevigata"
"P14","Andrena.senecionis","Cistus.salviifolius"
"P14","Andrena.senecionis","Euphorbia.flavicoma"
"P14","Andrena.senecionis","Rosmarinus.officinalis"
"P14","Andrena.senecionis","Thymus.vulgaris"
"P14","Andrena.vulpecula","Biscutella.laevigata"
"P14","Andrena.vulpecula","Cistus.albidus"
"P14","Andrena.vulpecula","Cistus.salviifolius"
"P14","Andrena.vulpecula","Helianthemum.oelandicum.spp.italicum"
"P14","Anthaxia.millefolii","Biscutella.laevigata"
"P14","Anthaxia.millefolii","Centaurea.linifolia."
"P14","Anthaxia.millefolii","Cistus.albidus"
"P14","Anthaxia.millefolii","Cistus.salviifolius"
"P14","Anthaxia.millefolii","Galium.aparine"
"P14","Anthaxia.scutullaris","Centaurea.linifolia."
"P14","Anthaxia.scutullaris","Cistus.albidus"
"P14","Anthaxia.scutullaris","Cistus.salviifolius"
"P14","Anthaxia.scutullaris","Thymus.vulgaris"
"P14","Anthaxia.spinolae","Biscutella.laevigata"
"P14","Anthaxia.spinolae","Centaurea.linifolia."
"P14","Anthaxia.spinolae","Cistus.albidus"
"P14","Anthaxia.spinolae","Cistus.salviifolius"
"P14","Anthophora.acervorum","Cistus.albidus"
"P14","Anthophora.acervorum","Cistus.salviifolius"
"P14","Anthophora.acervorum","Gladiolus.illyricus"
"P14","Anthophora.acervorum","Helianthemum.oelandicum.spp.italicum"
"P14","Anthophora.acervorum","Rosmarinus.officinalis"
"P14","Anthophora.acervorum","Thymus.vulgaris"
"P14","Anthophora.dispar","Rosmarinus.officinalis"
"P14","Anthophora.dispar","Thymus.vulgaris"
"P14","Apion.sp2","Cistus.albidus"
"P14","Apis.mellifera","Biscutella.laevigata"
"P14","Apis.mellifera","Centaurea.linifolia."
"P14","Apis.mellifera","Cistus.albidus"
"P14","Apis.mellifera","Cistus.salviifolius"
"P14","Apis.mellifera","Dorycnium.pentaphyllum"
"P14","Apis.mellifera","Euphorbia.flavicoma"
"P14","Apis.mellifera","Gladiolus.illyricus"
"P14","Apis.mellifera","Helianthemum.oelandicum.spp.italicum"
"P14","Apis.mellifera","Rosmarinus.officinalis"
"P14","Apis.mellifera","Thymus.vulgaris"
"P14","Aplocnemus.calidus","Centaurea.linifolia."
"P14","Aplocnemus.calidus","Cistus.albidus"
"P14","Aplocnemus.calidus","Cistus.salviifolius"
"P14","Aplocnemus.calidus","Euphorbia.flavicoma"
"P14","Aplocnemus.calidus","Galium.aparine"
"P14","Aplocnemus.calidus","Gladiolus.illyricus"
"P14","Aplocnemus.calidus","Rosmarinus.officinalis"
"P14","Aplocnemus.calidus","Thymus.vulgaris"
"P14","Athalia.bicolor","Biscutella.laevigata"
"P14","Athalia.sp1","Biscutella.laevigata"
"P14","Bombus.terrestris","Biscutella.laevigata"
"P14","Bombus.terrestris","Centaurea.linifolia."
"P14","Bombus.terrestris","Cistus.albidus"
"P14","Bombus.terrestris","Cistus.salviifolius"
"P14","Bombus.terrestris","Dorycnium.pentaphyllum"
"P14","Bombus.terrestris","Gladiolus.illyricus"
"P14","Bombus.terrestris","Rosmarinus.officinalis"
"P14","Bombus.terrestris","Thymus.vulgaris"
"P14","Ceratina.cucurbitina","Biscutella.laevigata"
"P14","Ceratina.cucurbitina","Centaurea.linifolia."
"P14","Ceratina.cucurbitina","Cistus.albidus"
"P14","Ceratina.cucurbitina","Dorycnium.pentaphyllum"
"P14","Ceratina.cucurbitina","Gladiolus.illyricus"
"P14","Ceratina.cucurbitina","Rosmarinus.officinalis"
"P14","Ceratina.cucurbitina","Thymus.vulgaris"
"P14","Chrysotoxum.cautum","Biscutella.laevigata"
"P14","Chrysotoxum.cautum","Euphorbia.flavicoma"
"P14","Chrysotoxum.cautum","Rosmarinus.officinalis"
"P14","Chrysotoxum.cautum","Thymus.vulgaris"
"P14","Clanoptilus.abdominalis","Rosmarinus.officinalis"
"P14","Clytus.rhamni","Biscutella.laevigata"
"P14","Clytus.rhamni","Centaurea.linifolia."
"P14","Clytus.rhamni","Cistus.salviifolius"
"P14","Clytus.rhamni","Galium.aparine"
"P14","Danacea.longiceps","Centaurea.linifolia."
"P14","Danacea.longiceps","Cistus.albidus"
"P14","Danacea.longiceps","Cistus.salviifolius"
"P14","Danacea.longiceps","Galium.aparine"
"P14","Danacea.longiceps","Rosmarinus.officinalis"
"P14","Dasytes.nigroaeneus","Biscutella.laevigata"
"P14","Dasytes.nigroaeneus","Centaurea.linifolia."
"P14","Dasytes.nigroaeneus","Cistus.albidus"
"P14","Dasytes.nigroaeneus","Cistus.salviifolius"
"P14","Dasytes.nigroaeneus","Dorycnium.pentaphyllum"
"P14","Dasytes.nigroaeneus","Euphorbia.flavicoma"
"P14","Dasytes.nigroaeneus","Galium.aparine"
"P14","Dasytes.nigroaeneus","Gladiolus.illyricus"
"P14","Dasytes.nigroaeneus","Helianthemum.oelandicum.spp.italicum"
"P14","Dasytes.nigroaeneus","Rosmarinus.officinalis"
"P14","Dasytes.nigroaeneus","Thymus.vulgaris"
"P14","Eristalis.tenax","Cistus.albidus"
"P14","Eristalis.tenax","Cistus.salviifolius"
"P14","Eristalis.tenax","Euphorbia.flavicoma"
"P14","Eristalis.tenax","Rosmarinus.officinalis"
"P14","Eristalis.tenax","Thymus.vulgaris"
"P14","Eucera.(Synhalonia).alternans","Cistus.albidus"
"P14","Eucera.collaris","Centaurea.linifolia."
"P14","Eucera.collaris","Cistus.albidus"
"P14","Eucera.collaris","Cistus.salviifolius"
"P14","Eucera.collaris","Rosmarinus.officinalis"
"P14","Eucera.elongatula","Cistus.salviifolius"
"P14","Eucera.elongatula","Dorycnium.pentaphyllum"
"P14","Euchloe.crameri","Biscutella.laevigata"
"P14","Euchloe.crameri","Thymus.vulgaris"
"P14","Eumerus.argyropus","Centaurea.linifolia."
"P14","Eumerus.argyropus","Cistus.albidus"
"P14","Eumerus.argyropus","Cistus.salviifolius"
"P14","Eumerus.argyropus","Euphorbia.flavicoma"
"P14","Eumerus.argyropus","Galium.aparine"
"P14","Eumerus.argyropus","Scorpiurus.muricatus"
"P14","Halictus.fulvipes","Cistus.albidus"
"P14","Halictus.fulvipes","Rosmarinus.officinalis"
"P14","Halictus.fulvipes","Thymus.vulgaris"
"P14","Halictus.scabiosae","Cistus.albidus"
"P14","Halictus.scabiosae","Cistus.salviifolius"
"P14","Lasioglossum.albocinctum","Biscutella.laevigata"
"P14","Lasioglossum.albocinctum","Centaurea.linifolia."
"P14","Lasioglossum.albocinctum","Cistus.albidus"
"P14","Lasioglossum.albocinctum","Cistus.salviifolius"
"P14","Lasioglossum.albocinctum","Dorycnium.pentaphyllum"
"P14","Lasioglossum.albocinctum","Euphorbia.flavicoma"
"P14","Lasioglossum.albocinctum","Galium.aparine"
"P14","Lasioglossum.albocinctum","Gladiolus.illyricus"
"P14","Lasioglossum.albocinctum","Rosmarinus.officinalis"
"P14","Lasioglossum.bimaculatum","Biscutella.laevigata"
"P14","Lasioglossum.bimaculatum","Centaurea.linifolia."
"P14","Lasioglossum.bimaculatum","Cistus.albidus"
"P14","Lasioglossum.bimaculatum","Cistus.salviifolius"
"P14","Lasioglossum.bimaculatum","Dorycnium.pentaphyllum"
"P14","Lasioglossum.bimaculatum","Euphorbia.flavicoma"
"P14","Lasioglossum.bimaculatum","Galium.aparine"
"P14","Lasioglossum.bimaculatum","Gladiolus.illyricus"
"P14","Lasioglossum.bimaculatum","Helianthemum.oelandicum.spp.italicum"
"P14","Lasioglossum.bimaculatum","Rosmarinus.officinalis"
"P14","Lasioglossum.bimaculatum","Scorpiurus.muricatus"
"P14","Lasioglossum.bimaculatum","Thymus.vulgaris"
"P14","Lasioglossum.griseolum","Biscutella.laevigata"
"P14","Lasioglossum.griseolum","Centaurea.linifolia."
"P14","Lasioglossum.griseolum","Cistus.albidus"
"P14","Lasioglossum.griseolum","Cistus.salviifolius"
"P14","Lasioglossum.griseolum","Euphorbia.flavicoma"
"P14","Lasioglossum.griseolum","Galium.aparine"
"P14","Lasioglossum.griseolum","Gladiolus.illyricus"
"P14","Lasioglossum.griseolum","Helianthemum.oelandicum.spp.italicum"
"P14","Lasioglossum.griseolum","Ononis.minutissima"
"P14","Lasioglossum.griseolum","Rosmarinus.officinalis"
"P14","Lasioglossum.griseolum","Scorpiurus.muricatus"
"P14","Lasioglossum.griseolum","Thymus.vulgaris"
"P14","Lasioglossum.malachurum","Biscutella.laevigata"
"P14","Lasioglossum.malachurum","Centaurea.linifolia."
"P14","Lasioglossum.malachurum","Cistus.albidus"
"P14","Lasioglossum.malachurum","Cistus.salviifolius"
"P14","Lasioglossum.malachurum","Dorycnium.pentaphyllum"
"P14","Lasioglossum.malachurum","Euphorbia.flavicoma"
"P14","Lasioglossum.malachurum","Galium.aparine"
"P14","Lasioglossum.malachurum","Gladiolus.illyricus"
"P14","Lasioglossum.malachurum","Helianthemum.oelandicum.spp.italicum"
"P14","Lasioglossum.malachurum","Rosmarinus.officinalis"
"P14","Lasioglossum.malachurum","Scorpiurus.muricatus"
"P14","Lasioglossum.malachurum","Thymus.vulgaris"
"P14","Lasioglossum.mediterraneum","Biscutella.laevigata"
"P14","Lasioglossum.mediterraneum","Centaurea.linifolia."
"P14","Lasioglossum.mediterraneum","Cistus.albidus"
"P14","Lasioglossum.mediterraneum","Cistus.salviifolius"
"P14","Lasioglossum.mediterraneum","Dorycnium.pentaphyllum"
"P14","Lasioglossum.mediterraneum","Euphorbia.flavicoma"
"P14","Lasioglossum.mediterraneum","Galium.aparine"
"P14","Lasioglossum.mediterraneum","Gladiolus.illyricus"
"P14","Lasioglossum.mediterraneum","Helianthemum.oelandicum.spp.italicum"
"P14","Lasioglossum.mediterraneum","Rosmarinus.officinalis"
"P14","Lasioglossum.mediterraneum","Scorpiurus.muricatus"
"P14","Lasioglossum.mediterraneum","Thymus.vulgaris"
"P14","Lasioglossum.morio","Biscutella.laevigata"
"P14","Lasioglossum.morio","Centaurea.linifolia."
"P14","Lasioglossum.morio","Cistus.albidus"
"P14","Lasioglossum.morio","Cistus.salviifolius"
"P14","Lasioglossum.morio","Euphorbia.flavicoma"
"P14","Lasioglossum.morio","Galium.aparine"
"P14","Lasioglossum.morio","Gladiolus.illyricus"
"P14","Lasioglossum.morio","Helianthemum.oelandicum.spp.italicum"
"P14","Lasioglossum.morio","Rosmarinus.officinalis"
"P14","Lasioglossum.morio","Scorpiurus.muricatus"
"P14","Lasioglossum.morio","Thymus.vulgaris"
"P14","Lasioglossum.subhirtum","Biscutella.laevigata"
"P14","Lasioglossum.subhirtum","Centaurea.linifolia."
"P14","Lasioglossum.subhirtum","Cistus.albidus"
"P14","Lasioglossum.subhirtum","Cistus.salviifolius"
"P14","Lasioglossum.subhirtum","Dorycnium.pentaphyllum"
"P14","Lasioglossum.subhirtum","Euphorbia.flavicoma"
"P14","Lasioglossum.subhirtum","Galium.aparine"
"P14","Lasioglossum.subhirtum","Gladiolus.illyricus"
"P14","Lasioglossum.subhirtum","Helianthemum.oelandicum.spp.italicum"
"P14","Lasioglossum.subhirtum","Rosmarinus.officinalis"
"P14","Lasioglossum.subhirtum","Scorpiurus.muricatus"
"P14","Lasioglossum.subhirtum","Thymus.vulgaris"
"P14","Lasioglossum.transitorium","Biscutella.laevigata"
"P14","Lasioglossum.transitorium","Centaurea.linifolia."
"P14","Lasioglossum.transitorium","Cistus.albidus"
"P14","Lasioglossum.transitorium","Cistus.salviifolius"
"P14","Lasioglossum.transitorium","Euphorbia.flavicoma"
"P14","Lasioglossum.transitorium","Galium.aparine"
"P14","Lasioglossum.transitorium","Gladiolus.illyricus"
"P14","Lasioglossum.transitorium","Helianthemum.oelandicum.spp.italicum"
"P14","Lasioglossum.transitorium","Rosmarinus.officinalis"
"P14","Lasioglossum.transitorium","Scorpiurus.muricatus"
"P14","Lasioglossum.transitorium","Thymus.vulgaris"
"P14","Leptochilus.tarsatus","Rosmarinus.officinalis"
"P14","Leptochilus.tarsatus","Thymus.vulgaris"
"P14","Lobonyx.aeneus","Biscutella.laevigata"
"P14","Lobonyx.aeneus","Centaurea.linifolia."
"P14","Lobonyx.aeneus","Cistus.albidus"
"P14","Lobonyx.aeneus","Cistus.salviifolius"
"P14","Lobonyx.aeneus","Dorycnium.pentaphyllum"
"P14","Lobonyx.aeneus","Galium.aparine"
"P14","Lobonyx.aeneus","Gladiolus.illyricus"
"P14","Lobonyx.aeneus","Rosmarinus.officinalis"
"P14","Lobonyx.aeneus","Thymus.vulgaris"
"P14","Meligethes.sp1","Biscutella.laevigata"
"P14","Meligethes.sp1","Cistus.albidus"
"P14","Meligethes.sp1","Cistus.salviifolius"
"P14","Meligethes.sp1","Euphorbia.flavicoma"
"P14","Meligethes.sp1","Galium.aparine"
"P14","Meligethes.sp1","Rosmarinus.officinalis"
"P14","Meligethes.sp1","Thymus.vulgaris"
"P14","Microhoria.plumbea","Helianthemum.oelandicum.spp.italicum"
"P14","Mordellistena.sp1","Cistus.albidus"
"P14","Mordellistena.sp1","Cistus.salviifolius"
"P14","Mordellistena.sp1","Galium.aparine"
"P14","Mordellistena.sp1","Rosmarinus.officinalis"
"P14","Mordellistena.sp1","Scorpiurus.muricatus"
"P14","Mordellistena.sp4","Biscutella.laevigata"
"P14","Mordellistena.sp4","Cistus.albidus"
"P14","Mordellistena.sp4","Cistus.salviifolius"
"P14","Mordellistena.sp4","Galium.aparine"
"P14","Nomada.dicrepans","Cistus.salviifolius"
"P14","Nomada.hispanica","Biscutella.laevigata"
"P14","Nomada.hispanica","Rosmarinus.officinalis"
"P14","Nomada.sheppardana","Cistus.salviifolius"
"P14","Nomada.sheppardana","Thymus.vulgaris"
"P14","Oedemera.flavipes","Biscutella.laevigata"
"P14","Oedemera.flavipes","Centaurea.linifolia."
"P14","Oedemera.flavipes","Cistus.albidus"
"P14","Oedemera.flavipes","Cistus.salviifolius"
"P14","Oedemera.flavipes","Dorycnium.pentaphyllum"
"P14","Oedemera.flavipes","Euphorbia.flavicoma"
"P14","Oedemera.flavipes","Galium.aparine"
"P14","Oedemera.flavipes","Gladiolus.illyricus"
"P14","Oedemera.flavipes","Rosmarinus.officinalis"
"P14","Oedemera.flavipes","Thymus.vulgaris"
"P14","Osmia.rufohirta","Biscutella.laevigata"
"P14","Osmia.rufohirta","Centaurea.linifolia."
"P14","Osmia.rufohirta","Cistus.albidus"
"P14","Osmia.rufohirta","Cistus.salviifolius"
"P14","Osmia.rufohirta","Gladiolus.illyricus"
"P14","Osmia.rufohirta","Helianthemum.oelandicum.spp.italicum"
"P14","Osmia.rufohirta","Ononis.minutissima"
"P14","Osmia.rufohirta","Scorpiurus.muricatus"
"P14","Osmia.rufohirta","Thymus.vulgaris"
"P14","Oxythyrea.funesta","Cistus.albidus"
"P14","Oxythyrea.funesta","Cistus.salviifolius"
"P14","Oxythyrea.funesta","Rosmarinus.officinalis"
"P14","Oxythyrea.funesta","Thymus.vulgaris"
"P14","Panurgus.dentipes","Biscutella.laevigata"
"P14","Platynochaetus.setosus","Biscutella.laevigata"
"P14","Platynochaetus.setosus","Cistus.albidus"
"P14","Platynochaetus.setosus","Cistus.salviifolius"
"P14","Platynochaetus.setosus","Euphorbia.flavicoma"
"P14","Platynochaetus.setosus","Rosmarinus.officinalis"
"P14","Platynochaetus.setosus","Thymus.vulgaris"
"P14","Polistes.dominulus","Biscutella.laevigata"
"P14","Polistes.dominulus","Centaurea.linifolia."
"P14","Polistes.dominulus","Cistus.albidus"
"P14","Polistes.dominulus","Cistus.salviifolius"
"P14","Polistes.dominulus","Dorycnium.pentaphyllum"
"P14","Polistes.dominulus","Euphorbia.flavicoma"
"P14","Polistes.dominulus","Galium.aparine"
"P14","Polistes.dominulus","Rosmarinus.officinalis"
"P14","Polistes.dominulus","Thymus.vulgaris"
"P14","Pompilidae.sp2","Biscutella.laevigata"
"P14","Priocnemis.sp1","Cistus.salviifolius"
"P14","Psilothrix.viridicoerulea","Cistus.albidus"
"P14","Pyronia.bathseba","Centaurea.linifolia."
"P14","Pyronia.bathseba","Cistus.albidus"
"P14","Pyronia.bathseba","Rosmarinus.officinalis"
"P14","Pyronia.bathseba","Thymus.vulgaris"
"P14","Rhodanthidium.septemdentatum","Centaurea.linifolia."
"P14","Rhodanthidium.septemdentatum","Cistus.albidus"
"P14","Rhodanthidium.septemdentatum","Cistus.salviifolius"
"P14","Rhodanthidium.septemdentatum","Gladiolus.illyricus"
"P14","Rhodanthidium.septemdentatum","Scorpiurus.muricatus"
"P14","Rhodanthidium.septemdentatum","Thymus.vulgaris"
"P14","Rhodanthidium.sticticum","Biscutella.laevigata"
"P14","Rhodanthidium.sticticum","Centaurea.linifolia."
"P14","Rhodanthidium.sticticum","Cistus.albidus"
"P14","Rhodanthidium.sticticum","Cistus.salviifolius"
"P14","Rhodanthidium.sticticum","Euphorbia.flavicoma"
"P14","Rhodanthidium.sticticum","Galium.aparine"
"P14","Rhodanthidium.sticticum","Gladiolus.illyricus"
"P14","Rhodanthidium.sticticum","Helianthemum.oelandicum.spp.italicum"
"P14","Rhodanthidium.sticticum","Rosmarinus.officinalis"
"P14","Rhodanthidium.sticticum","Scorpiurus.muricatus"
"P14","Rhodanthidium.sticticum","Thymus.vulgaris"
"P14","Sphecodes.puncticeps","Euphorbia.flavicoma"
"P14","Sphecodes.puncticeps","Rosmarinus.officinalis"
"P14","Sphecodes.puncticeps","Scorpiurus.muricatus"
"P14","Stenurella.melanura","Cistus.albidus"
"P14","Stenurella.melanura","Cistus.salviifolius"
"P14","Stenurella.melanura","Dorycnium.pentaphyllum"
"P14","Stenurella.melanura","Galium.aparine"
"P14","Tropinota.sp1","Cistus.albidus"
"P14","Tropinota.sp1","Cistus.salviifolius"
"P14","Tropinota.sp1","Rosmarinus.officinalis"
"P14","Tropinota.sp1","Thymus.vulgaris"
"P14","Trypoxylon.sp1","Euphorbia.flavicoma"
"P14","Trypoxylon.sp1","Scorpiurus.muricatus"
"P14","Zygaena.sp1","Centaurea.linifolia."
"P15","Acmaeodera.cylindrica","Biscutella.laevigata"
"P15","Acmaeodera.cylindrica","Cistus.salviifolius"
"P15","Adelidae.sp1","Biscutella.laevigata"
"P15","Adelidae.sp1","Cistus.salviifolius"
"P15","Adelidae.sp1","Dorycnium.pentaphyllum"
"P15","Adelidae.sp1","Euphorbia.flavicoma"
"P15","Adelidae.sp1","Rosmarinus.officinalis"
"P15","Adelidae.sp1","Thymus.vulgaris"
"P15","Anaspis.sp1","Aphyllanthes.monspeliensis"
"P15","Anaspis.sp1","Biscutella.laevigata"
"P15","Anaspis.sp1","Cistus.salviifolius"
"P15","Anaspis.sp1","Euphorbia.flavicoma"
"P15","Anaspis.sp1","Thymus.vulgaris"
"P15","Andrena.djelfensis","Biscutella.laevigata"
"P15","Andrena.djelfensis","Cistus.salviifolius"
"P15","Andrena.djelfensis","Euphorbia.flavicoma"
"P15","Andrena.djelfensis","Rosmarinus.officinalis"
"P15","Andrena.djelfensis","Thymus.vulgaris"
"P15","Andrena.lepida","Euphorbia.flavicoma"
"P15","Andrena.lepida","Thymus.vulgaris"
"P15","Andrena.nigroaenea","Biscutella.laevigata"
"P15","Andrena.nigroaenea","Cistus.salviifolius"
"P15","Andrena.nigroaenea","Euphorbia.flavicoma"
"P15","Andrena.nigroaenea","Rosmarinus.officinalis"
"P15","Andrena.nigroaenea","Thymus.vulgaris"
"P15","Andrena.senecionis","Biscutella.laevigata"
"P15","Andrena.senecionis","Cistus.salviifolius"
"P15","Andrena.senecionis","Euphorbia.flavicoma"
"P15","Andrena.senecionis","Rosmarinus.officinalis"
"P15","Andrena.senecionis","Thymus.vulgaris"
"P15","Anthaxia.millefolii","Biscutella.laevigata"
"P15","Anthaxia.millefolii","Cistus.salviifolius"
"P15","Anthaxia.scutullaris","Cistus.salviifolius"
"P15","Anthaxia.scutullaris","Thymus.vulgaris"
"P15","Anthaxia.spinolae","Biscutella.laevigata"
"P15","Anthaxia.spinolae","Cistus.salviifolius"
"P15","Anthophora.dispar","Rosmarinus.officinalis"
"P15","Anthophora.dispar","Thymus.vulgaris"
"P15","Apis.mellifera","Biscutella.laevigata"
"P15","Apis.mellifera","Cistus.salviifolius"
"P15","Apis.mellifera","Dorycnium.pentaphyllum"
"P15","Apis.mellifera","Euphorbia.characias"
"P15","Apis.mellifera","Euphorbia.flavicoma"
"P15","Apis.mellifera","Fumana.ericifolia"
"P15","Apis.mellifera","Gladiolus.illyricus"
"P15","Apis.mellifera","Rosmarinus.officinalis"
"P15","Apis.mellifera","Thymus.vulgaris"
"P15","Aplocnemus.calidus","Cistus.salviifolius"
"P15","Aplocnemus.calidus","Euphorbia.flavicoma"
"P15","Aplocnemus.calidus","Gladiolus.illyricus"
"P15","Aplocnemus.calidus","Rosmarinus.officinalis"
"P15","Aplocnemus.calidus","Thymus.vulgaris"
"P15","Bombus.terrestris","Biscutella.laevigata"
"P15","Bombus.terrestris","Cistus.salviifolius"
"P15","Bombus.terrestris","Dorycnium.pentaphyllum"
"P15","Bombus.terrestris","Gladiolus.illyricus"
"P15","Bombus.terrestris","Rosmarinus.officinalis"
"P15","Bombus.terrestris","Thymus.vulgaris"
"P15","Callophrys.rubi","Rosmarinus.officinalis"
"P15","Callophrys.rubi","Thymus.vulgaris"
"P15","Chrysotoxum.cautum","Biscutella.laevigata"
"P15","Chrysotoxum.cautum","Euphorbia.flavicoma"
"P15","Chrysotoxum.cautum","Rosmarinus.officinalis"
"P15","Chrysotoxum.cautum","Thymus.vulgaris"
"P15","Clanoptilus.abdominalis","Rosmarinus.officinalis"
"P15","Clytus.rhamni","Biscutella.laevigata"
"P15","Clytus.rhamni","Cistus.salviifolius"
"P15","Danacea.longiceps","Cistus.salviifolius"
"P15","Danacea.longiceps","Rosmarinus.officinalis"
"P15","Dasytes.nigroaeneus","Biscutella.laevigata"
"P15","Dasytes.nigroaeneus","Cistus.salviifolius"
"P15","Dasytes.nigroaeneus","Dorycnium.pentaphyllum"
"P15","Dasytes.nigroaeneus","Euphorbia.flavicoma"
"P15","Dasytes.nigroaeneus","Gladiolus.illyricus"
"P15","Dasytes.nigroaeneus","Rosmarinus.officinalis"
"P15","Dasytes.nigroaeneus","Thymus.vulgaris"
"P15","Eucera.collaris","Cistus.salviifolius"
"P15","Eucera.collaris","Rosmarinus.officinalis"
"P15","Eumenes.coarctatus","Biscutella.laevigata"
"P15","Eumenes.coarctatus","Dorycnium.pentaphyllum"
"P15","Eumenes.coarctatus","Thymus.vulgaris"
"P15","Eumerus.argyropus","Aphyllanthes.monspeliensis"
"P15","Eumerus.argyropus","Cistus.salviifolius"
"P15","Eumerus.argyropus","Euphorbia.flavicoma"
"P15","Eupeodes.corollae","Biscutella.laevigata"
"P15","Eupeodes.corollae","Cistus.salviifolius"
"P15","Eupeodes.corollae","Euphorbia.flavicoma"
"P15","Eupeodes.corollae","Rosmarinus.officinalis"
"P15","Eupeodes.corollae","Thymus.vulgaris"
"P15","Halictus.scabiosae","Cistus.salviifolius"
"P15","Lasioglossum.albocinctum","Biscutella.laevigata"
"P15","Lasioglossum.albocinctum","Cistus.salviifolius"
"P15","Lasioglossum.albocinctum","Dorycnium.pentaphyllum"
"P15","Lasioglossum.albocinctum","Euphorbia.flavicoma"
"P15","Lasioglossum.albocinctum","Gladiolus.illyricus"
"P15","Lasioglossum.albocinctum","Rosmarinus.officinalis"
"P15","Lasioglossum.griseolum","Biscutella.laevigata"
"P15","Lasioglossum.griseolum","Cistus.salviifolius"
"P15","Lasioglossum.griseolum","Euphorbia.flavicoma"
"P15","Lasioglossum.griseolum","Fumana.ericifolia"
"P15","Lasioglossum.griseolum","Gladiolus.illyricus"
"P15","Lasioglossum.griseolum","Rosmarinus.officinalis"
"P15","Lasioglossum.griseolum","Thymus.vulgaris"
"P15","Lasioglossum.malachurum","Biscutella.laevigata"
"P15","Lasioglossum.malachurum","Cistus.salviifolius"
"P15","Lasioglossum.malachurum","Dorycnium.pentaphyllum"
"P15","Lasioglossum.malachurum","Euphorbia.flavicoma"
"P15","Lasioglossum.malachurum","Gladiolus.illyricus"
"P15","Lasioglossum.malachurum","Rosmarinus.officinalis"
"P15","Lasioglossum.malachurum","Thymus.vulgaris"
"P15","Lasioglossum.mediterraneum","Biscutella.laevigata"
"P15","Lasioglossum.mediterraneum","Cistus.salviifolius"
"P15","Lasioglossum.mediterraneum","Dorycnium.pentaphyllum"
"P15","Lasioglossum.mediterraneum","Euphorbia.flavicoma"
"P15","Lasioglossum.mediterraneum","Gladiolus.illyricus"
"P15","Lasioglossum.mediterraneum","Rosmarinus.officinalis"
"P15","Lasioglossum.mediterraneum","Thymus.vulgaris"
"P15","Lasioglossum.morio","Biscutella.laevigata"
"P15","Lasioglossum.morio","Cistus.salviifolius"
"P15","Lasioglossum.morio","Euphorbia.flavicoma"
"P15","Lasioglossum.morio","Fumana.ericifolia"
"P15","Lasioglossum.morio","Gladiolus.illyricus"
"P15","Lasioglossum.morio","Rosmarinus.officinalis"
"P15","Lasioglossum.morio","Thymus.vulgaris"
"P15","Lasioglossum.subhirtum","Biscutella.laevigata"
"P15","Lasioglossum.subhirtum","Cistus.salviifolius"
"P15","Lasioglossum.subhirtum","Dorycnium.pentaphyllum"
"P15","Lasioglossum.subhirtum","Euphorbia.flavicoma"
"P15","Lasioglossum.subhirtum","Gladiolus.illyricus"
"P15","Lasioglossum.subhirtum","Rosmarinus.officinalis"
"P15","Lasioglossum.subhirtum","Thymus.vulgaris"
"P15","Lasioglossum.transitorium","Biscutella.laevigata"
"P15","Lasioglossum.transitorium","Cistus.salviifolius"
"P15","Lasioglossum.transitorium","Euphorbia.flavicoma"
"P15","Lasioglossum.transitorium","Fumana.ericifolia"
"P15","Lasioglossum.transitorium","Gladiolus.illyricus"
"P15","Lasioglossum.transitorium","Rosmarinus.officinalis"
"P15","Lasioglossum.transitorium","Thymus.vulgaris"
"P15","Lobonyx.aeneus","Biscutella.laevigata"
"P15","Lobonyx.aeneus","Cistus.salviifolius"
"P15","Lobonyx.aeneus","Dorycnium.pentaphyllum"
"P15","Lobonyx.aeneus","Gladiolus.illyricus"
"P15","Lobonyx.aeneus","Rosmarinus.officinalis"
"P15","Lobonyx.aeneus","Thymus.vulgaris"
"P15","Megachile.pyrenaica","Rosmarinus.officinalis"
"P15","Megachile.pyrenaica","Thymus.vulgaris"
"P15","Melanargia.occitanica","Thymus.vulgaris"
"P15","Meligethes.sp1","Biscutella.laevigata"
"P15","Meligethes.sp1","Cistus.salviifolius"
"P15","Meligethes.sp1","Euphorbia.flavicoma"
"P15","Meligethes.sp1","Rosmarinus.officinalis"
"P15","Meligethes.sp1","Thymus.vulgaris"
"P15","Merodon.funestus","Biscutella.laevigata"
"P15","Merodon.funestus","Cistus.salviifolius"
"P15","Merodon.funestus","Euphorbia.flavicoma"
"P15","Merodon.funestus","Thymus.vulgaris"
"P15","Merodon.obscuritarsis","Biscutella.laevigata"
"P15","Merodon.sp7/9","Biscutella.laevigata"
"P15","Merodon.sp7/9","Thymus.vulgaris"
"P15","Mordellistena.sp1","Cistus.salviifolius"
"P15","Mordellistena.sp1","Rosmarinus.officinalis"
"P15","Mordellistena.sp4","Biscutella.laevigata"
"P15","Mordellistena.sp4","Cistus.salviifolius"
"P15","Nomada.hispanica","Biscutella.laevigata"
"P15","Nomada.hispanica","Rosmarinus.officinalis"
"P15","Oedemera.flavipes","Biscutella.laevigata"
"P15","Oedemera.flavipes","Cistus.salviifolius"
"P15","Oedemera.flavipes","Dorycnium.pentaphyllum"
"P15","Oedemera.flavipes","Euphorbia.characias"
"P15","Oedemera.flavipes","Euphorbia.flavicoma"
"P15","Oedemera.flavipes","Gladiolus.illyricus"
"P15","Oedemera.flavipes","Rosmarinus.officinalis"
"P15","Oedemera.flavipes","Thymus.vulgaris"
"P15","Osmia.gallarum","Biscutella.laevigata"
"P15","Osmia.gallarum","Cistus.salviifolius"
"P15","Osmia.gallarum","Dorycnium.pentaphyllum"
"P15","Osmia.gallarum","Euphorbia.flavicoma"
"P15","Osmia.gallarum","Rosmarinus.officinalis"
"P15","Osmia.gallarum","Thymus.vulgaris"
"P15","Osmia.melanogaster/leaiana","Biscutella.laevigata"
"P15","Osmia.melanogaster/leaiana","Rosmarinus.officinalis"
"P15","Osmia.melanogaster/leaiana","Thymus.vulgaris"
"P15","Osmia.rufohirta","Biscutella.laevigata"
"P15","Osmia.rufohirta","Cistus.salviifolius"
"P15","Osmia.rufohirta","Fumana.ericifolia"
"P15","Osmia.rufohirta","Gladiolus.illyricus"
"P15","Osmia.rufohirta","Thymus.vulgaris"
"P15","Oxythyrea.funesta","Aphyllanthes.monspeliensis"
"P15","Oxythyrea.funesta","Cistus.salviifolius"
"P15","Oxythyrea.funesta","Euphorbia.characias"
"P15","Oxythyrea.funesta","Rosmarinus.officinalis"
"P15","Oxythyrea.funesta","Thymus.vulgaris"
"P15","Panurgus.dentipes","Biscutella.laevigata"
"P15","Platynochaetus.setosus","Biscutella.laevigata"
"P15","Platynochaetus.setosus","Cistus.salviifolius"
"P15","Platynochaetus.setosus","Euphorbia.characias"
"P15","Platynochaetus.setosus","Euphorbia.flavicoma"
"P15","Platynochaetus.setosus","Rosmarinus.officinalis"
"P15","Platynochaetus.setosus","Thymus.vulgaris"
"P15","Polistes.dominulus","Biscutella.laevigata"
"P15","Polistes.dominulus","Cistus.salviifolius"
"P15","Polistes.dominulus","Dorycnium.pentaphyllum"
"P15","Polistes.dominulus","Euphorbia.flavicoma"
"P15","Polistes.dominulus","Rosmarinus.officinalis"
"P15","Polistes.dominulus","Thymus.vulgaris"
"P15","Priocnemis.sp1","Cistus.salviifolius"
"P15","Pyronia.bathseba","Rosmarinus.officinalis"
"P15","Pyronia.bathseba","Thymus.vulgaris"
"P15","Rhodanthidium.septemdentatum","Cistus.salviifolius"
"P15","Rhodanthidium.septemdentatum","Gladiolus.illyricus"
"P15","Rhodanthidium.septemdentatum","Thymus.vulgaris"
"P15","Rhodanthidium.sticticum","Biscutella.laevigata"
"P15","Rhodanthidium.sticticum","Cistus.salviifolius"
"P15","Rhodanthidium.sticticum","Euphorbia.flavicoma"
"P15","Rhodanthidium.sticticum","Fumana.ericifolia"
"P15","Rhodanthidium.sticticum","Gladiolus.illyricus"
"P15","Rhodanthidium.sticticum","Rosmarinus.officinalis"
"P15","Rhodanthidium.sticticum","Thymus.vulgaris"
"P15","Sphecodes.ruficrus","Euphorbia.flavicoma"
"P15","Stenurella.melanura","Cistus.salviifolius"
"P15","Stenurella.melanura","Dorycnium.pentaphyllum"
"P15","Tropinota.sp1","Cistus.salviifolius"
"P15","Tropinota.sp1","Rosmarinus.officinalis"
"P15","Tropinota.sp1","Thymus.vulgaris"
"P15","Trypoxylon.sp1","Euphorbia.flavicoma"
"P16","Adelidae.sp1","Dorycnium.pentaphyllum"
"P16","Adelidae.sp1","Rosmarinus.officinalis"
"P16","Adelidae.sp1","Thymus.vulgaris"
"P16","Anaspis.sp1","Aphyllanthes.monspeliensis"
"P16","Anaspis.sp1","Helianthemum.oelandicum.spp.italicum"
"P16","Anaspis.sp1","Thymus.vulgaris"
"P16","Andrena.angustior","Rosmarinus.officinalis"
"P16","Andrena.angustior","Thymus.vulgaris"
"P16","Andrena.djelfensis","Helianthemum.oelandicum.spp.italicum"
"P16","Andrena.djelfensis","Rosmarinus.officinalis"
"P16","Andrena.djelfensis","Thymus.vulgaris"
"P16","Andrena.limata","Dorycnium.pentaphyllum"
"P16","Andrena.limata","Rosmarinus.officinalis"
"P16","Andrena.nigroaenea","Argyrolobium.zanonii"
"P16","Andrena.nigroaenea","Rosmarinus.officinalis"
"P16","Andrena.nigroaenea","Thymus.vulgaris"
"P16","Andrena.nigroolivacea","Phlomis.lychnitis"
"P16","Andrena.senecionis","Phlomis.lychnitis"
"P16","Andrena.senecionis","Rosmarinus.officinalis"
"P16","Andrena.senecionis","Thymus.vulgaris"
"P16","Anthaxia.millefolii","Phlomis.lychnitis"
"P16","Anthaxia.scutullaris","Thymus.vulgaris"
"P16","Anthophora.dispar","Rosmarinus.officinalis"
"P16","Anthophora.dispar","Thymus.vulgaris"
"P16","Apis.mellifera","Argyrolobium.zanonii"
"P16","Apis.mellifera","Dorycnium.pentaphyllum"
"P16","Apis.mellifera","Gladiolus.illyricus"
"P16","Apis.mellifera","Helianthemum.oelandicum.spp.italicum"
"P16","Apis.mellifera","Rosmarinus.officinalis"
"P16","Apis.mellifera","Thymus.vulgaris"
"P16","Aplocnemus.calidus","Gladiolus.illyricus"
"P16","Aplocnemus.calidus","Phlomis.lychnitis"
"P16","Aplocnemus.calidus","Rosmarinus.officinalis"
"P16","Aplocnemus.calidus","Thymus.vulgaris"
"P16","Bombus.terrestris","Dorycnium.pentaphyllum"
"P16","Bombus.terrestris","Gladiolus.illyricus"
"P16","Bombus.terrestris","Rosmarinus.officinalis"
"P16","Bombus.terrestris","Thymus.vulgaris"
"P16","Callophrys.rubi","Rosmarinus.officinalis"
"P16","Callophrys.rubi","Thymus.vulgaris"
"P16","Chrysotoxum.cautum","Rosmarinus.officinalis"
"P16","Chrysotoxum.cautum","Thymus.vulgaris"
"P16","Clanoptilus.abdominalis","Rosmarinus.officinalis"
"P16","Clytus.rhamni","Phlomis.lychnitis"
"P16","Danacea.longiceps","Phlomis.lychnitis"
"P16","Danacea.longiceps","Rosmarinus.officinalis"
"P16","Dasytes.nigroaeneus","Dorycnium.pentaphyllum"
"P16","Dasytes.nigroaeneus","Gladiolus.illyricus"
"P16","Dasytes.nigroaeneus","Helianthemum.oelandicum.spp.italicum"
"P16","Dasytes.nigroaeneus","Phlomis.lychnitis"
"P16","Dasytes.nigroaeneus","Rosmarinus.officinalis"
"P16","Dasytes.nigroaeneus","Thymus.vulgaris"
"P16","Eumerus.argyropus","Aphyllanthes.monspeliensis"
"P16","Eumerus.argyropus","Scorpiurus.muricatus"
"P16","Gonepteryx.cleopatra","Aphyllanthes.monspeliensis"
"P16","Gonepteryx.cleopatra","Gladiolus.illyricus"
"P16","Halictus.fulvipes","Rosmarinus.officinalis"
"P16","Halictus.fulvipes","Thymus.vulgaris"
"P16","Lasioglossum.albocinctum","Anagallis.arvensis"
"P16","Lasioglossum.albocinctum","Dorycnium.pentaphyllum"
"P16","Lasioglossum.albocinctum","Gladiolus.illyricus"
"P16","Lasioglossum.albocinctum","Rosmarinus.officinalis"
"P16","Lasioglossum.bimaculatum","Dorycnium.pentaphyllum"
"P16","Lasioglossum.bimaculatum","Gladiolus.illyricus"
"P16","Lasioglossum.bimaculatum","Helianthemum.oelandicum.spp.italicum"
"P16","Lasioglossum.bimaculatum","Phlomis.lychnitis"
"P16","Lasioglossum.bimaculatum","Rosmarinus.officinalis"
"P16","Lasioglossum.bimaculatum","Scorpiurus.muricatus"
"P16","Lasioglossum.bimaculatum","Thymus.vulgaris"
"P16","Lasioglossum.griseolum","Anagallis.arvensis"
"P16","Lasioglossum.griseolum","Gladiolus.illyricus"
"P16","Lasioglossum.griseolum","Helianthemum.oelandicum.spp.italicum"
"P16","Lasioglossum.griseolum","Phlomis.lychnitis"
"P16","Lasioglossum.griseolum","Rosmarinus.officinalis"
"P16","Lasioglossum.griseolum","Scorpiurus.muricatus"
"P16","Lasioglossum.griseolum","Thymus.vulgaris"
"P16","Lasioglossum.malachurum","Anagallis.arvensis"
"P16","Lasioglossum.malachurum","Dorycnium.pentaphyllum"
"P16","Lasioglossum.malachurum","Gladiolus.illyricus"
"P16","Lasioglossum.malachurum","Helianthemum.oelandicum.spp.italicum"
"P16","Lasioglossum.malachurum","Phlomis.lychnitis"
"P16","Lasioglossum.malachurum","Rosmarinus.officinalis"
"P16","Lasioglossum.malachurum","Scorpiurus.muricatus"
"P16","Lasioglossum.malachurum","Thymus.vulgaris"
"P16","Lasioglossum.mediterraneum","Anagallis.arvensis"
"P16","Lasioglossum.mediterraneum","Dorycnium.pentaphyllum"
"P16","Lasioglossum.mediterraneum","Gladiolus.illyricus"
"P16","Lasioglossum.mediterraneum","Helianthemum.oelandicum.spp.italicum"
"P16","Lasioglossum.mediterraneum","Phlomis.lychnitis"
"P16","Lasioglossum.mediterraneum","Rosmarinus.officinalis"
"P16","Lasioglossum.mediterraneum","Scorpiurus.muricatus"
"P16","Lasioglossum.mediterraneum","Thymus.vulgaris"
"P16","Lasioglossum.subhirtum","Anagallis.arvensis"
"P16","Lasioglossum.subhirtum","Dorycnium.pentaphyllum"
"P16","Lasioglossum.subhirtum","Gladiolus.illyricus"
"P16","Lasioglossum.subhirtum","Helianthemum.oelandicum.spp.italicum"
"P16","Lasioglossum.subhirtum","Phlomis.lychnitis"
"P16","Lasioglossum.subhirtum","Rosmarinus.officinalis"
"P16","Lasioglossum.subhirtum","Scorpiurus.muricatus"
"P16","Lasioglossum.subhirtum","Thymus.vulgaris"
"P16","Lasioglossum.transitorium","Anagallis.arvensis"
"P16","Lasioglossum.transitorium","Gladiolus.illyricus"
"P16","Lasioglossum.transitorium","Helianthemum.oelandicum.spp.italicum"
"P16","Lasioglossum.transitorium","Phlomis.lychnitis"
"P16","Lasioglossum.transitorium","Rosmarinus.officinalis"
"P16","Lasioglossum.transitorium","Scorpiurus.muricatus"
"P16","Lasioglossum.transitorium","Thymus.vulgaris"
"P16","Lasiommata.megera","Anagallis.arvensis"
"P16","Lobonyx.aeneus","Dorycnium.pentaphyllum"
"P16","Lobonyx.aeneus","Gladiolus.illyricus"
"P16","Lobonyx.aeneus","Phlomis.lychnitis"
"P16","Lobonyx.aeneus","Rosmarinus.officinalis"
"P16","Lobonyx.aeneus","Thymus.vulgaris"
"P16","Megachile.pyrenaica","Rosmarinus.officinalis"
"P16","Megachile.pyrenaica","Thymus.vulgaris"
"P16","Meligethes.sp1","Rosmarinus.officinalis"
"P16","Meligethes.sp1","Thymus.vulgaris"
"P16","Merodon.funestus","Scorpiurus.muricatus"
"P16","Merodon.funestus","Thymus.vulgaris"
"P16","Microhoria.plumbea","Helianthemum.oelandicum.spp.italicum"
"P16","Mordellistena.sp1","Phlomis.lychnitis"
"P16","Mordellistena.sp1","Rosmarinus.officinalis"
"P16","Mordellistena.sp1","Scorpiurus.muricatus"
"P16","Oedemera.flavipes","Dorycnium.pentaphyllum"
"P16","Oedemera.flavipes","Gladiolus.illyricus"
"P16","Oedemera.flavipes","Phlomis.lychnitis"
"P16","Oedemera.flavipes","Rosmarinus.officinalis"
"P16","Oedemera.flavipes","Thymus.vulgaris"
"P16","Osmia.rufohirta","Gladiolus.illyricus"
"P16","Osmia.rufohirta","Helianthemum.oelandicum.spp.italicum"
"P16","Osmia.rufohirta","Phlomis.lychnitis"
"P16","Osmia.rufohirta","Scorpiurus.muricatus"
"P16","Osmia.rufohirta","Thymus.vulgaris"
"P16","Oxythyrea.funesta","Anagallis.arvensis"
"P16","Oxythyrea.funesta","Aphyllanthes.monspeliensis"
"P16","Oxythyrea.funesta","Rosmarinus.officinalis"
"P16","Oxythyrea.funesta","Thymus.vulgaris"
"P16","Polistes.dominulus","Dorycnium.pentaphyllum"
"P16","Polistes.dominulus","Phlomis.lychnitis"
"P16","Polistes.dominulus","Rosmarinus.officinalis"
"P16","Polistes.dominulus","Thymus.vulgaris"
"P16","Pyronia.bathseba","Rosmarinus.officinalis"
"P16","Pyronia.bathseba","Thymus.vulgaris"
"P16","Rhodanthidium.septemdentatum","Gladiolus.illyricus"
"P16","Rhodanthidium.septemdentatum","Scorpiurus.muricatus"
"P16","Rhodanthidium.septemdentatum","Thymus.vulgaris"
"P16","Rhodanthidium.sticticum","Anagallis.arvensis"
"P16","Rhodanthidium.sticticum","Argyrolobium.zanonii"
"P16","Rhodanthidium.sticticum","Gladiolus.illyricus"
"P16","Rhodanthidium.sticticum","Helianthemum.oelandicum.spp.italicum"
"P16","Rhodanthidium.sticticum","Phlomis.lychnitis"
"P16","Rhodanthidium.sticticum","Rosmarinus.officinalis"
"P16","Rhodanthidium.sticticum","Scorpiurus.muricatus"
"P16","Rhodanthidium.sticticum","Thymus.vulgaris"
"P16","Scolia.hirta","Anagallis.arvensis"
"P16","Sphaerophoria.scripta","Rosmarinus.officinalis"
"P16","Sphaerophoria.scripta","Thymus.vulgaris"
"P16","Stenurella.melanura","Dorycnium.pentaphyllum"
"P16","Tropinota.sp1","Rosmarinus.officinalis"
"P16","Tropinota.sp1","Thymus.vulgaris"
"P16","Tropinota.squalida","Rosmarinus.officinalis"
"P16","Tropinota.squalida","Thymus.vulgaris"
"P16","Trypoxylon.sp1","Scorpiurus.muricatus"
"P17","Acmaeodera.cylindrica","Centaurea.montana.ssp..semidecurrens"
"P17","Adelidae.sp1","Dorycnium.pentaphyllum"
"P17","Adelidae.sp1","Euphorbia.flavicoma"
"P17","Adelidae.sp1","Rosmarinus.officinalis"
"P17","Adelidae.sp1","Thymus.vulgaris"
"P17","Anaspis.sp1","Centaurea.montana.ssp..semidecurrens"
"P17","Anaspis.sp1","Euphorbia.flavicoma"
"P17","Anaspis.sp1","Helianthemum.oelandicum.spp.italicum"
"P17","Anaspis.sp1","Thymus.vulgaris"
"P17","Andrena.djelfensis","Euphorbia.flavicoma"
"P17","Andrena.djelfensis","Helianthemum.oelandicum.spp.italicum"
"P17","Andrena.djelfensis","Rosmarinus.officinalis"
"P17","Andrena.djelfensis","Thymus.vulgaris"
"P17","Andrena.lepida","Euphorbia.flavicoma"
"P17","Andrena.lepida","Thymus.vulgaris"
"P17","Andrena.nigroaenea","Argyrolobium.zanonii"
"P17","Andrena.nigroaenea","Euphorbia.flavicoma"
"P17","Andrena.nigroaenea","Rosmarinus.officinalis"
"P17","Andrena.nigroaenea","Thymus.vulgaris"
"P17","Andrena.senecionis","Euphorbia.flavicoma"
"P17","Andrena.senecionis","Rosmarinus.officinalis"
"P17","Andrena.senecionis","Thymus.vulgaris"
"P17","Andrena.vulpecula","Helianthemum.oelandicum.spp.italicum"
"P17","Anthaxia.scutullaris","Centaurea.linifolia."
"P17","Anthaxia.scutullaris","Centaurea.montana.ssp..semidecurrens"
"P17","Anthaxia.scutullaris","Thymus.vulgaris"
"P17","Anthaxia.spinolae","Centaurea.linifolia."
"P17","Anthaxia.spinolae","Centaurea.montana.ssp..semidecurrens"
"P17","Anthocharis.euphenoides","Euphorbia.flavicoma"
"P17","Anthocharis.euphenoides","Thymus.vulgaris"
"P17","Anthophora.acervorum","Fumana.ericifolia"
"P17","Anthophora.acervorum","Helianthemum.oelandicum.spp.italicum"
"P17","Anthophora.acervorum","Muscari.neglectum"
"P17","Anthophora.acervorum","Rosmarinus.officinalis"
"P17","Anthophora.acervorum","Thymus.vulgaris"
"P17","Anthophora.dispar","Muscari.neglectum"
"P17","Anthophora.dispar","Rosmarinus.officinalis"
"P17","Anthophora.dispar","Thymus.vulgaris"
"P17","Anthrenus.sp1","Centaurea.montana.ssp..semidecurrens"
"P17","Apis.mellifera","Argyrolobium.zanonii"
"P17","Apis.mellifera","Centaurea.linifolia."
"P17","Apis.mellifera","Centaurea.montana.ssp..semidecurrens"
"P17","Apis.mellifera","Dorycnium.pentaphyllum"
"P17","Apis.mellifera","Erica.multiflora"
"P17","Apis.mellifera","Euphorbia.characias"
"P17","Apis.mellifera","Euphorbia.flavicoma"
"P17","Apis.mellifera","Fumana.ericifolia"
"P17","Apis.mellifera","Helianthemum.oelandicum.spp.italicum"
"P17","Apis.mellifera","Muscari.neglectum"
"P17","Apis.mellifera","Rosmarinus.officinalis"
"P17","Apis.mellifera","Thymus.vulgaris"
"P17","Attagenus.sp1","Euphorbia.characias"
"P17","Bombus.terrestris","Centaurea.linifolia."
"P17","Bombus.terrestris","Centaurea.montana.ssp..semidecurrens"
"P17","Bombus.terrestris","Dorycnium.pentaphyllum"
"P17","Bombus.terrestris","Muscari.neglectum"
"P17","Bombus.terrestris","Psoralera.bituminosa"
"P17","Bombus.terrestris","Rosmarinus.officinalis"
"P17","Bombus.terrestris","Thymus.vulgaris"
"P17","Bruchus.brachialis","Centaurea.linifolia."
"P17","Bruchus.brachialis","Centaurea.montana.ssp..semidecurrens"
"P17","Bruchus.brachialis","Dorycnium.pentaphyllum"
"P17","Bruchus.brachialis","Euphorbia.flavicoma"
"P17","Chryptocephalus.ramburi","Centaurea.linifolia."
"P17","Chrysotoxum.cautum","Euphorbia.flavicoma"
"P17","Chrysotoxum.cautum","Rosmarinus.officinalis"
"P17","Chrysotoxum.cautum","Thymus.vulgaris"
"P17","Clytus.rhamni","Centaurea.linifolia."
"P17","Clytus.rhamni","Centaurea.montana.ssp..semidecurrens"
"P17","Danacea.longiceps","Centaurea.linifolia."
"P17","Danacea.longiceps","Centaurea.montana.ssp..semidecurrens"
"P17","Danacea.longiceps","Rosmarinus.officinalis"
"P17","Dasytes.nigroaeneus","Centaurea.linifolia."
"P17","Dasytes.nigroaeneus","Centaurea.montana.ssp..semidecurrens"
"P17","Dasytes.nigroaeneus","Dorycnium.pentaphyllum"
"P17","Dasytes.nigroaeneus","Euphorbia.flavicoma"
"P17","Dasytes.nigroaeneus","Helianthemum.oelandicum.spp.italicum"
"P17","Dasytes.nigroaeneus","Muscari.neglectum"
"P17","Dasytes.nigroaeneus","Rosmarinus.officinalis"
"P17","Dasytes.nigroaeneus","Thymus.vulgaris"
"P17","Eucera.collaris","Centaurea.linifolia."
"P17","Eucera.collaris","Rosmarinus.officinalis"
"P17","Eucera.taurica","Centaurea.montana.ssp..semidecurrens"
"P17","Eumerus.argyropus","Centaurea.linifolia."
"P17","Eumerus.argyropus","Centaurea.montana.ssp..semidecurrens"
"P17","Eumerus.argyropus","Euphorbia.flavicoma"
"P17","Gonepteryx.cleopatra","Euphorbia.flavicoma"
"P17","Halictus.gemmeus","Centaurea.montana.ssp..semidecurrens"
"P17","Halictus.gemmeus","Dorycnium.pentaphyllum"
"P17","Hemipenthes sp.1","Centaurea.linifolia."
"P17","Hemipenthes sp.1","Centaurea.montana.ssp..semidecurrens"
"P17","Hylaeus.hyalinatus","Centaurea.linifolia."
"P17","Hylaeus.hyalinatus","Dorycnium.pentaphyllum"
"P17","Hylaeus.hyalinatus","Euphorbia.flavicoma"
"P17","Hylaeus.hyalinatus","Helianthemum.oelandicum.spp.italicum"
"P17","Hylaeus.hyalinatus","Rosmarinus.officinalis"
"P17","Hylaeus.hyalinatus","Thymus.vulgaris"
"P17","Lasioglossum.albocinctum","Centaurea.linifolia."
"P17","Lasioglossum.albocinctum","Centaurea.montana.ssp..semidecurrens"
"P17","Lasioglossum.albocinctum","Dorycnium.pentaphyllum"
"P17","Lasioglossum.albocinctum","Euphorbia.flavicoma"
"P17","Lasioglossum.albocinctum","Rosmarinus.officinalis"
"P17","Lasioglossum.bimaculatum","Centaurea.linifolia."
"P17","Lasioglossum.bimaculatum","Centaurea.montana.ssp..semidecurrens"
"P17","Lasioglossum.bimaculatum","Dorycnium.pentaphyllum"
"P17","Lasioglossum.bimaculatum","Euphorbia.flavicoma"
"P17","Lasioglossum.bimaculatum","Helianthemum.oelandicum.spp.italicum"
"P17","Lasioglossum.bimaculatum","Muscari.neglectum"
"P17","Lasioglossum.bimaculatum","Rosmarinus.officinalis"
"P17","Lasioglossum.bimaculatum","Thymus.vulgaris"
"P17","Lasioglossum.malachurum","Centaurea.linifolia."
"P17","Lasioglossum.malachurum","Centaurea.montana.ssp..semidecurrens"
"P17","Lasioglossum.malachurum","Dorycnium.pentaphyllum"
"P17","Lasioglossum.malachurum","Euphorbia.flavicoma"
"P17","Lasioglossum.malachurum","Helianthemum.oelandicum.spp.italicum"
"P17","Lasioglossum.malachurum","Muscari.neglectum"
"P17","Lasioglossum.malachurum","Rosmarinus.officinalis"
"P17","Lasioglossum.malachurum","Thymus.vulgaris"
"P17","Lasioglossum.subhirtum","Centaurea.linifolia."
"P17","Lasioglossum.subhirtum","Centaurea.montana.ssp..semidecurrens"
"P17","Lasioglossum.subhirtum","Dorycnium.pentaphyllum"
"P17","Lasioglossum.subhirtum","Euphorbia.flavicoma"
"P17","Lasioglossum.subhirtum","Helianthemum.oelandicum.spp.italicum"
"P17","Lasioglossum.subhirtum","Muscari.neglectum"
"P17","Lasioglossum.subhirtum","Rosmarinus.officinalis"
"P17","Lasioglossum.subhirtum","Thymus.vulgaris"
"P17","Lasioglossum.transitorium","Centaurea.linifolia."
"P17","Lasioglossum.transitorium","Centaurea.montana.ssp..semidecurrens"
"P17","Lasioglossum.transitorium","Euphorbia.flavicoma"
"P17","Lasioglossum.transitorium","Fumana.ericifolia"
"P17","Lasioglossum.transitorium","Fumana.laevipes"
"P17","Lasioglossum.transitorium","Fumana.laevis"
"P17","Lasioglossum.transitorium","Helianthemum.oelandicum.spp.italicum"
"P17","Lasioglossum.transitorium","Helichrysum.stoechas"
"P17","Lasioglossum.transitorium","Muscari.neglectum"
"P17","Lasioglossum.transitorium","Rosmarinus.officinalis"
"P17","Lasioglossum.transitorium","Thymus.vulgaris"
"P17","Lobonyx.aeneus","Centaurea.linifolia."
"P17","Lobonyx.aeneus","Centaurea.montana.ssp..semidecurrens"
"P17","Lobonyx.aeneus","Dorycnium.pentaphyllum"
"P17","Lobonyx.aeneus","Rosmarinus.officinalis"
"P17","Lobonyx.aeneus","Thymus.vulgaris"
"P17","Meligethes.sp1","Centaurea.montana.ssp..semidecurrens"
"P17","Meligethes.sp1","Euphorbia.flavicoma"
"P17","Meligethes.sp1","Rosmarinus.officinalis"
"P17","Meligethes.sp1","Thymus.vulgaris"
"P17","Merodon.funestus","Centaurea.linifolia."
"P17","Merodon.funestus","Euphorbia.flavicoma"
"P17","Merodon.funestus","Thymus.vulgaris"
"P17","Microhoria.plumbea","Helianthemum.oelandicum.spp.italicum"
"P17","Mordellistena.sp1","Centaurea.montana.ssp..semidecurrens"
"P17","Mordellistena.sp1","Rosmarinus.officinalis"
"P17","Normannia.esculi","Centaurea.montana.ssp..semidecurrens"
"P17","Oedemera.flavipes","Centaurea.linifolia."
"P17","Oedemera.flavipes","Centaurea.montana.ssp..semidecurrens"
"P17","Oedemera.flavipes","Dorycnium.pentaphyllum"
"P17","Oedemera.flavipes","Euphorbia.characias"
"P17","Oedemera.flavipes","Euphorbia.flavicoma"
"P17","Oedemera.flavipes","Rosmarinus.officinalis"
"P17","Oedemera.flavipes","Thymus.vulgaris"
"P17","Osmia.rufohirta","Centaurea.linifolia."
"P17","Osmia.rufohirta","Centaurea.montana.ssp..semidecurrens"
"P17","Osmia.rufohirta","Fumana.ericifolia"
"P17","Osmia.rufohirta","Fumana.laevipes"
"P17","Osmia.rufohirta","Fumana.laevis"
"P17","Osmia.rufohirta","Helianthemum.oelandicum.spp.italicum"
"P17","Osmia.rufohirta","Muscari.neglectum"
"P17","Osmia.rufohirta","Ononis.minutissima"
"P17","Osmia.rufohirta","Thymus.vulgaris"
"P17","Oxythyrea.funesta","Euphorbia.characias"
"P17","Oxythyrea.funesta","Rosmarinus.officinalis"
"P17","Oxythyrea.funesta","Thymus.vulgaris"
"P17","Polistes.dominulus","Centaurea.linifolia."
"P17","Polistes.dominulus","Centaurea.montana.ssp..semidecurrens"
"P17","Polistes.dominulus","Dorycnium.pentaphyllum"
"P17","Polistes.dominulus","Euphorbia.flavicoma"
"P17","Polistes.dominulus","Rosmarinus.officinalis"
"P17","Polistes.dominulus","Thymus.vulgaris"
"P17","Protosmia.exenterata","Centaurea.linifolia."
"P17","Protosmia.exenterata","Centaurea.montana.ssp..semidecurrens"
"P17","Protosmia.exenterata","Rosmarinus.officinalis"
"P17","Protosmia.exenterata","Thymus.vulgaris"
"P17","Pyronia.bathseba","Centaurea.linifolia."
"P17","Pyronia.bathseba","Centaurea.montana.ssp..semidecurrens"
"P17","Pyronia.bathseba","Rosmarinus.officinalis"
"P17","Pyronia.bathseba","Thymus.vulgaris"
"P17","Rhodanthidium.septemdentatum","Centaurea.linifolia."
"P17","Rhodanthidium.septemdentatum","Centaurea.montana.ssp..semidecurrens"
"P17","Rhodanthidium.septemdentatum","Muscari.neglectum"
"P17","Rhodanthidium.septemdentatum","Thymus.vulgaris"
"P17","Rhodanthidium.sticticum","Argyrolobium.zanonii"
"P17","Rhodanthidium.sticticum","Centaurea.linifolia."
"P17","Rhodanthidium.sticticum","Centaurea.montana.ssp..semidecurrens"
"P17","Rhodanthidium.sticticum","Euphorbia.flavicoma"
"P17","Rhodanthidium.sticticum","Fumana.ericifolia"
"P17","Rhodanthidium.sticticum","Helianthemum.oelandicum.spp.italicum"
"P17","Rhodanthidium.sticticum","Muscari.neglectum"
"P17","Rhodanthidium.sticticum","Rosmarinus.officinalis"
"P17","Rhodanthidium.sticticum","Thymus.vulgaris"
"P17","Stenurella.melanura","Centaurea.montana.ssp..semidecurrens"
"P17","Stenurella.melanura","Dorycnium.pentaphyllum"
"P17","Tropinota.sp1","Rosmarinus.officinalis"
"P17","Tropinota.sp1","Thymus.vulgaris"
"P17","Tropinota.squalida","Rosmarinus.officinalis"
"P17","Tropinota.squalida","Thymus.vulgaris"
"P17","Trypoxylon.sp1","Euphorbia.flavicoma"
"P17","Zygaena.sp1","Centaurea.linifolia."
"P18","Acmaeodera.cylindrica","Biscutella.laevigata"
"P18","Adelidae.sp1","Biscutella.laevigata"
"P18","Adelidae.sp1","Dorycnium.pentaphyllum"
"P18","Adelidae.sp1","Rosmarinus.officinalis"
"P18","Adelidae.sp1","Thymus.vulgaris"
"P18","Anaspis.sp1","Aphyllanthes.monspeliensis"
"P18","Anaspis.sp1","Biscutella.laevigata"
"P18","Anaspis.sp1","Galium.aparine"
"P18","Anaspis.sp1","Thymus.vulgaris"
"P18","Andrena.angustior","Rosmarinus.officinalis"
"P18","Andrena.angustior","Thymus.vulgaris"
"P18","Andrena.djelfensis","Biscutella.laevigata"
"P18","Andrena.djelfensis","Rosmarinus.officinalis"
"P18","Andrena.djelfensis","Thymus.vulgaris"
"P18","Andrena.nigroaenea","Argyrolobium.zanonii"
"P18","Andrena.nigroaenea","Biscutella.laevigata"
"P18","Andrena.nigroaenea","Rosmarinus.officinalis"
"P18","Andrena.nigroaenea","Thymus.vulgaris"
"P18","Andrena.senecionis","Biscutella.laevigata"
"P18","Andrena.senecionis","Rosmarinus.officinalis"
"P18","Andrena.senecionis","Thymus.vulgaris"
"P18","Andrena.vulpecula","Biscutella.laevigata"
"P18","Anthaxia.millefolii","Biscutella.laevigata"
"P18","Anthaxia.millefolii","Galium.aparine"
"P18","Anthaxia.scutullaris","Thymus.vulgaris"
"P18","Anthaxia.spinolae","Biscutella.laevigata"
"P18","Anthophora.dispar","Rosmarinus.officinalis"
"P18","Anthophora.dispar","Thymus.vulgaris"
"P18","Anthrenus.sp1","Biscutella.laevigata"
"P18","Anthrenus.sp1","Galium.aparine"
"P18","Apis.mellifera","Argyrolobium.zanonii"
"P18","Apis.mellifera","Biscutella.laevigata"
"P18","Apis.mellifera","Dorycnium.pentaphyllum"
"P18","Apis.mellifera","Fumana.ericifolia"
"P18","Apis.mellifera","Gladiolus.illyricus"
"P18","Apis.mellifera","Rosmarinus.officinalis"
"P18","Apis.mellifera","Thymus.vulgaris"
"P18","Aplocnemus.calidus","Galium.aparine"
"P18","Aplocnemus.calidus","Gladiolus.illyricus"
"P18","Aplocnemus.calidus","Rosmarinus.officinalis"
"P18","Aplocnemus.calidus","Thymus.vulgaris"
"P18","Bombus.terrestris","Biscutella.laevigata"
"P18","Bombus.terrestris","Dorycnium.pentaphyllum"
"P18","Bombus.terrestris","Gladiolus.illyricus"
"P18","Bombus.terrestris","Rosmarinus.officinalis"
"P18","Bombus.terrestris","Thymus.vulgaris"
"P18","Bruchus.villosus","Biscutella.laevigata"
"P18","Bruchus.villosus","Dorycnium.pentaphyllum"
"P18","Bruchus.villosus","Galium.aparine"
"P18","Ceratina.cyanea","Aphyllanthes.monspeliensis"
"P18","Ceratina.cyanea","Biscutella.laevigata"
"P18","Ceratina.cyanea","Dorycnium.pentaphyllum"
"P18","Ceratina.cyanea","Galium.aparine"
"P18","Ceratina.cyanea","Rosmarinus.officinalis"
"P18","Ceratina.cyanea","Thymus.vulgaris"
"P18","Chryptocephalus.ramburi","Aphyllanthes.monspeliensis"
"P18","Chrysotoxum.cautum","Biscutella.laevigata"
"P18","Chrysotoxum.cautum","Rosmarinus.officinalis"
"P18","Chrysotoxum.cautum","Thymus.vulgaris"
"P18","Clanoptilus.abdominalis","Rosmarinus.officinalis"
"P18","Clytus.rhamni","Biscutella.laevigata"
"P18","Clytus.rhamni","Galium.aparine"
"P18","Danacea.longiceps","Galium.aparine"
"P18","Danacea.longiceps","Rosmarinus.officinalis"
"P18","Dasytes.nigroaeneus","Biscutella.laevigata"
"P18","Dasytes.nigroaeneus","Dorycnium.pentaphyllum"
"P18","Dasytes.nigroaeneus","Galium.aparine"
"P18","Dasytes.nigroaeneus","Gladiolus.illyricus"
"P18","Dasytes.nigroaeneus","Rosmarinus.officinalis"
"P18","Dasytes.nigroaeneus","Thymus.vulgaris"
"P18","Eucera.elongatula","Dorycnium.pentaphyllum"
"P18","Eumenes.coarctatus","Biscutella.laevigata"
"P18","Eumenes.coarctatus","Dorycnium.pentaphyllum"
"P18","Eumenes.coarctatus","Galium.aparine"
"P18","Eumenes.coarctatus","Thymus.vulgaris"
"P18","Eumerus.argyropus","Aphyllanthes.monspeliensis"
"P18","Eumerus.argyropus","Galium.aparine"
"P18","Gonepteryx.cleopatra","Aphyllanthes.monspeliensis"
"P18","Gonepteryx.cleopatra","Gladiolus.illyricus"
"P18","Halictus.gemmeus","Dorycnium.pentaphyllum"
"P18","Halictus.quadricinctus","Thymus.vulgaris"
"P18","Hemipenthes sp.1","Galium.aparine"
"P18","Hylaeus.garrulus","Thymus.vulgaris"
"P18","Hylaeus.hyalinatus","Biscutella.laevigata"
"P18","Hylaeus.hyalinatus","Dorycnium.pentaphyllum"
"P18","Hylaeus.hyalinatus","Galium.aparine"
"P18","Hylaeus.hyalinatus","Gladiolus.illyricus"
"P18","Hylaeus.hyalinatus","Rosmarinus.officinalis"
"P18","Hylaeus.hyalinatus","Thymus.vulgaris"
"P18","Lasioglossum.albocinctum","Biscutella.laevigata"
"P18","Lasioglossum.albocinctum","Dorycnium.pentaphyllum"
"P18","Lasioglossum.albocinctum","Galium.aparine"
"P18","Lasioglossum.albocinctum","Gladiolus.illyricus"
"P18","Lasioglossum.albocinctum","Rosmarinus.officinalis"
"P18","Lasioglossum.bimaculatum","Biscutella.laevigata"
"P18","Lasioglossum.bimaculatum","Dorycnium.pentaphyllum"
"P18","Lasioglossum.bimaculatum","Galium.aparine"
"P18","Lasioglossum.bimaculatum","Gladiolus.illyricus"
"P18","Lasioglossum.bimaculatum","Rosmarinus.officinalis"
"P18","Lasioglossum.bimaculatum","Thymus.vulgaris"
"P18","Lasioglossum.malachurum","Biscutella.laevigata"
"P18","Lasioglossum.malachurum","Dorycnium.pentaphyllum"
"P18","Lasioglossum.malachurum","Galium.aparine"
"P18","Lasioglossum.malachurum","Gladiolus.illyricus"
"P18","Lasioglossum.malachurum","Rosmarinus.officinalis"
"P18","Lasioglossum.malachurum","Thymus.vulgaris"
"P18","Lasioglossum.mediterraneum","Biscutella.laevigata"
"P18","Lasioglossum.mediterraneum","Dorycnium.pentaphyllum"
"P18","Lasioglossum.mediterraneum","Galium.aparine"
"P18","Lasioglossum.mediterraneum","Gladiolus.illyricus"
"P18","Lasioglossum.mediterraneum","Rosmarinus.officinalis"
"P18","Lasioglossum.mediterraneum","Thymus.vulgaris"
"P18","Lasioglossum.morio","Biscutella.laevigata"
"P18","Lasioglossum.morio","Fumana.ericifolia"
"P18","Lasioglossum.morio","Fumana.laevis"
"P18","Lasioglossum.morio","Galium.aparine"
"P18","Lasioglossum.morio","Gladiolus.illyricus"
"P18","Lasioglossum.morio","Rosmarinus.officinalis"
"P18","Lasioglossum.morio","Thymus.vulgaris"
"P18","Lasioglossum.subhirtum","Biscutella.laevigata"
"P18","Lasioglossum.subhirtum","Dorycnium.pentaphyllum"
"P18","Lasioglossum.subhirtum","Galium.aparine"
"P18","Lasioglossum.subhirtum","Gladiolus.illyricus"
"P18","Lasioglossum.subhirtum","Rosmarinus.officinalis"
"P18","Lasioglossum.subhirtum","Thymus.vulgaris"
"P18","Lasioglossum.transitorium","Biscutella.laevigata"
"P18","Lasioglossum.transitorium","Fumana.ericifolia"
"P18","Lasioglossum.transitorium","Fumana.laevis"
"P18","Lasioglossum.transitorium","Galium.aparine"
"P18","Lasioglossum.transitorium","Gladiolus.illyricus"
"P18","Lasioglossum.transitorium","Rosmarinus.officinalis"
"P18","Lasioglossum.transitorium","Thymus.vulgaris"
"P18","Leptidea.sinapis","Rosmarinus.officinalis"
"P18","Lobonyx.aeneus","Biscutella.laevigata"
"P18","Lobonyx.aeneus","Dorycnium.pentaphyllum"
"P18","Lobonyx.aeneus","Galium.aparine"
"P18","Lobonyx.aeneus","Gladiolus.illyricus"
"P18","Lobonyx.aeneus","Rosmarinus.officinalis"
"P18","Lobonyx.aeneus","Thymus.vulgaris"
"P18","Meligethes.sp1","Biscutella.laevigata"
"P18","Meligethes.sp1","Galium.aparine"
"P18","Meligethes.sp1","Rosmarinus.officinalis"
"P18","Meligethes.sp1","Thymus.vulgaris"
"P18","Merodon.funestus","Biscutella.laevigata"
"P18","Merodon.funestus","Thymus.vulgaris"
"P18","Mordellistena.sp1","Galium.aparine"
"P18","Mordellistena.sp1","Rosmarinus.officinalis"
"P18","Mordellistena.sp4","Biscutella.laevigata"
"P18","Mordellistena.sp4","Galium.aparine"
"P18","Nomada.sheppardana","Thymus.vulgaris"
"P18","Oedemera.flavipes","Biscutella.laevigata"
"P18","Oedemera.flavipes","Dorycnium.pentaphyllum"
"P18","Oedemera.flavipes","Galium.aparine"
"P18","Oedemera.flavipes","Gladiolus.illyricus"
"P18","Oedemera.flavipes","Rosmarinus.officinalis"
"P18","Oedemera.flavipes","Thymus.vulgaris"
"P18","Osmia.rufohirta","Biscutella.laevigata"
"P18","Osmia.rufohirta","Fumana.ericifolia"
"P18","Osmia.rufohirta","Fumana.laevis"
"P18","Osmia.rufohirta","Gladiolus.illyricus"
"P18","Osmia.rufohirta","Ononis.minutissima"
"P18","Osmia.rufohirta","Thymus.vulgaris"
"P18","Oxythyrea.funesta","Aphyllanthes.monspeliensis"
"P18","Oxythyrea.funesta","Rosmarinus.officinalis"
"P18","Oxythyrea.funesta","Thymus.vulgaris"
"P18","Panurgus.dentipes","Biscutella.laevigata"
"P18","Platynochaetus.setosus","Biscutella.laevigata"
"P18","Platynochaetus.setosus","Rosmarinus.officinalis"
"P18","Platynochaetus.setosus","Thymus.vulgaris"
"P18","Polistes.dominulus","Biscutella.laevigata"
"P18","Polistes.dominulus","Dorycnium.pentaphyllum"
"P18","Polistes.dominulus","Galium.aparine"
"P18","Polistes.dominulus","Rosmarinus.officinalis"
"P18","Polistes.dominulus","Thymus.vulgaris"
"P18","Pyronia.bathseba","Rosmarinus.officinalis"
"P18","Pyronia.bathseba","Thymus.vulgaris"
"P18","Rhodanthidium.septemdentatum","Gladiolus.illyricus"
"P18","Rhodanthidium.septemdentatum","Thymus.vulgaris"
"P18","Rhodanthidium.sticticum","Argyrolobium.zanonii"
"P18","Rhodanthidium.sticticum","Biscutella.laevigata"
"P18","Rhodanthidium.sticticum","Fumana.ericifolia"
"P18","Rhodanthidium.sticticum","Galium.aparine"
"P18","Rhodanthidium.sticticum","Gladiolus.illyricus"
"P18","Rhodanthidium.sticticum","Rosmarinus.officinalis"
"P18","Rhodanthidium.sticticum","Thymus.vulgaris"
"P18","Tropinota.sp1","Rosmarinus.officinalis"
"P18","Tropinota.sp1","Thymus.vulgaris"
"P19","Adelidae.sp1","Euphorbia.flavicoma"
"P19","Adelidae.sp1","Rosmarinus.officinalis"
"P19","Adelidae.sp1","Thymus.vulgaris"
"P19","Anaspis.sp1","Euphorbia.flavicoma"
"P19","Anaspis.sp1","Helianthemum.oelandicum.spp.italicum"
"P19","Anaspis.sp1","Thymus.vulgaris"
"P19","Andrena.angustior","Rosmarinus.officinalis"
"P19","Andrena.angustior","Thymus.vulgaris"
"P19","Andrena.djelfensis","Euphorbia.flavicoma"
"P19","Andrena.djelfensis","Helianthemum.oelandicum.spp.italicum"
"P19","Andrena.djelfensis","Rosmarinus.officinalis"
"P19","Andrena.djelfensis","Thymus.vulgaris"
"P19","Andrena.flavipes","Rosmarinus.officinalis"
"P19","Andrena.nigroaenea","Euphorbia.flavicoma"
"P19","Andrena.nigroaenea","Rosmarinus.officinalis"
"P19","Andrena.nigroaenea","Thymus.vulgaris"
"P19","Andrena.senecionis","Euphorbia.flavicoma"
"P19","Andrena.senecionis","Rosmarinus.officinalis"
"P19","Andrena.senecionis","Thymus.vulgaris"
"P19","Andrena.trimmerana","Euphorbia.characias"
"P19","Andrena.vulpecula","Helianthemum.oelandicum.spp.italicum"
"P19","Anthaxia.scutullaris","Thymus.vulgaris"
"P19","Apis.mellifera","Echium.vulgare"
"P19","Apis.mellifera","Euphorbia.characias"
"P19","Apis.mellifera","Euphorbia.flavicoma"
"P19","Apis.mellifera","Fumana.ericifolia"
"P19","Apis.mellifera","Gladiolus.illyricus"
"P19","Apis.mellifera","Helianthemum.oelandicum.spp.italicum"
"P19","Apis.mellifera","Muscari.neglectum"
"P19","Apis.mellifera","Rosmarinus.officinalis"
"P19","Apis.mellifera","Thymus.vulgaris"
"P19","Aplocnemus.calidus","Euphorbia.flavicoma"
"P19","Aplocnemus.calidus","Gladiolus.illyricus"
"P19","Aplocnemus.calidus","Rosmarinus.officinalis"
"P19","Aplocnemus.calidus","Thymus.vulgaris"
"P19","Bombus.terrestris","Echium.vulgare"
"P19","Bombus.terrestris","Gladiolus.illyricus"
"P19","Bombus.terrestris","Muscari.neglectum"
"P19","Bombus.terrestris","Rosmarinus.officinalis"
"P19","Bombus.terrestris","Teucrium.chamaedrys"
"P19","Bombus.terrestris","Thymus.vulgaris"
"P19","Bruchidius.seminarius","Euphorbia.flavicoma"
"P19","Ceratina.cucurbitina","Echium.vulgare"
"P19","Ceratina.cucurbitina","Gladiolus.illyricus"
"P19","Ceratina.cucurbitina","Linum.stricticum"
"P19","Ceratina.cucurbitina","Muscari.neglectum"
"P19","Ceratina.cucurbitina","Rosmarinus.officinalis"
"P19","Ceratina.cucurbitina","Thymus.vulgaris"
"P19","Danacea.longiceps","Linum.stricticum"
"P19","Danacea.longiceps","Rosmarinus.officinalis"
"P19","Dasytes.nigroaeneus","Euphorbia.flavicoma"
"P19","Dasytes.nigroaeneus","Gladiolus.illyricus"
"P19","Dasytes.nigroaeneus","Helianthemum.oelandicum.spp.italicum"
"P19","Dasytes.nigroaeneus","Muscari.neglectum"
"P19","Dasytes.nigroaeneus","Rosmarinus.officinalis"
"P19","Dasytes.nigroaeneus","Thymus.vulgaris"
"P19","Eucera.collaris","Echium.vulgare"
"P19","Eucera.collaris","Rosmarinus.officinalis"
"P19","Eumerus.argyropus","Euphorbia.flavicoma"
"P19","Eumerus.argyropus","Linum.stricticum"
"P19","Hylaeus.hyalinatus","Euphorbia.flavicoma"
"P19","Hylaeus.hyalinatus","Gladiolus.illyricus"
"P19","Hylaeus.hyalinatus","Helianthemum.oelandicum.spp.italicum"
"P19","Hylaeus.hyalinatus","Linum.stricticum"
"P19","Hylaeus.hyalinatus","Rosmarinus.officinalis"
"P19","Hylaeus.hyalinatus","Thymus.vulgaris"
"P19","Lasioglossum.albocinctum","Euphorbia.flavicoma"
"P19","Lasioglossum.albocinctum","Gladiolus.illyricus"
"P19","Lasioglossum.albocinctum","Rosmarinus.officinalis"
"P19","Lasioglossum.bimaculatum","Echium.vulgare"
"P19","Lasioglossum.bimaculatum","Euphorbia.flavicoma"
"P19","Lasioglossum.bimaculatum","Gladiolus.illyricus"
"P19","Lasioglossum.bimaculatum","Helianthemum.oelandicum.spp.italicum"
"P19","Lasioglossum.bimaculatum","Linum.stricticum"
"P19","Lasioglossum.bimaculatum","Muscari.neglectum"
"P19","Lasioglossum.bimaculatum","Rosmarinus.officinalis"
"P19","Lasioglossum.bimaculatum","Thesium.divaricatum"
"P19","Lasioglossum.bimaculatum","Thymus.vulgaris"
"P19","Lasioglossum.griseolum","Echium.vulgare"
"P19","Lasioglossum.griseolum","Euphorbia.flavicoma"
"P19","Lasioglossum.griseolum","Fumana.ericifolia"
"P19","Lasioglossum.griseolum","Gladiolus.illyricus"
"P19","Lasioglossum.griseolum","Helianthemum.oelandicum.spp.italicum"
"P19","Lasioglossum.griseolum","Linum.stricticum"
"P19","Lasioglossum.griseolum","Muscari.neglectum"
"P19","Lasioglossum.griseolum","Ononis.minutissima"
"P19","Lasioglossum.griseolum","Rosmarinus.officinalis"
"P19","Lasioglossum.griseolum","Thymus.vulgaris"
"P19","Lasioglossum.malachurum","Echium.vulgare"
"P19","Lasioglossum.malachurum","Euphorbia.flavicoma"
"P19","Lasioglossum.malachurum","Gladiolus.illyricus"
"P19","Lasioglossum.malachurum","Helianthemum.oelandicum.spp.italicum"
"P19","Lasioglossum.malachurum","Linum.stricticum"
"P19","Lasioglossum.malachurum","Muscari.neglectum"
"P19","Lasioglossum.malachurum","Rosmarinus.officinalis"
"P19","Lasioglossum.malachurum","Thesium.divaricatum"
"P19","Lasioglossum.malachurum","Thymus.vulgaris"
"P19","Lasioglossum.morio","Euphorbia.flavicoma"
"P19","Lasioglossum.morio","Fumana.ericifolia"
"P19","Lasioglossum.morio","Gladiolus.illyricus"
"P19","Lasioglossum.morio","Helianthemum.oelandicum.spp.italicum"
"P19","Lasioglossum.morio","Linum.stricticum"
"P19","Lasioglossum.morio","Muscari.neglectum"
"P19","Lasioglossum.morio","Rosmarinus.officinalis"
"P19","Lasioglossum.morio","Thymus.vulgaris"
"P19","Lasioglossum.subhirtum","Echium.vulgare"
"P19","Lasioglossum.subhirtum","Euphorbia.flavicoma"
"P19","Lasioglossum.subhirtum","Gladiolus.illyricus"
"P19","Lasioglossum.subhirtum","Helianthemum.oelandicum.spp.italicum"
"P19","Lasioglossum.subhirtum","Linum.stricticum"
"P19","Lasioglossum.subhirtum","Muscari.neglectum"
"P19","Lasioglossum.subhirtum","Rosmarinus.officinalis"
"P19","Lasioglossum.subhirtum","Thesium.divaricatum"
"P19","Lasioglossum.subhirtum","Thymus.vulgaris"
"P19","Lasioglossum.transitorium","Echium.vulgare"
"P19","Lasioglossum.transitorium","Euphorbia.flavicoma"
"P19","Lasioglossum.transitorium","Fumana.ericifolia"
"P19","Lasioglossum.transitorium","Gladiolus.illyricus"
"P19","Lasioglossum.transitorium","Helianthemum.oelandicum.spp.italicum"
"P19","Lasioglossum.transitorium","Linum.stricticum"
"P19","Lasioglossum.transitorium","Muscari.neglectum"
"P19","Lasioglossum.transitorium","Rosmarinus.officinalis"
"P19","Lasioglossum.transitorium","Thymus.vulgaris"
"P19","Lobonyx.aeneus","Gladiolus.illyricus"
"P19","Lobonyx.aeneus","Rosmarinus.officinalis"
"P19","Lobonyx.aeneus","Thymus.vulgaris"
"P19","Megachile.pyrenaica","Rosmarinus.officinalis"
"P19","Megachile.pyrenaica","Thymus.vulgaris"
"P19","Meligethes.sp1","Euphorbia.flavicoma"
"P19","Meligethes.sp1","Rosmarinus.officinalis"
"P19","Meligethes.sp1","Thymus.vulgaris"
"P19","Merodon.funestus","Euphorbia.flavicoma"
"P19","Merodon.funestus","Thymus.vulgaris"
"P19","Merodon.sp7/9","Thymus.vulgaris"
"P19","Minoa.murinata","Euphorbia.flavicoma"
"P19","Minoa.murinata","Thymus.vulgaris"
"P19","Mordellistena.sp1","Rosmarinus.officinalis"
"P19","Oedemera.flavipes","Euphorbia.characias"
"P19","Oedemera.flavipes","Euphorbia.flavicoma"
"P19","Oedemera.flavipes","Gladiolus.illyricus"
"P19","Oedemera.flavipes","Potentilla.sp."
"P19","Oedemera.flavipes","Rosmarinus.officinalis"
"P19","Oedemera.flavipes","Thymus.vulgaris"
"P19","Osmia.rufohirta","Fumana.ericifolia"
"P19","Osmia.rufohirta","Gladiolus.illyricus"
"P19","Osmia.rufohirta","Helianthemum.oelandicum.spp.italicum"
"P19","Osmia.rufohirta","Muscari.neglectum"
"P19","Osmia.rufohirta","Ononis.minutissima"
"P19","Osmia.rufohirta","Thymus.vulgaris"
"P19","Oxythyrea.funesta","Euphorbia.characias"
"P19","Oxythyrea.funesta","Rosmarinus.officinalis"
"P19","Oxythyrea.funesta","Thymus.vulgaris"
"P19","Platynochaetus.setosus","Euphorbia.characias"
"P19","Platynochaetus.setosus","Euphorbia.flavicoma"
"P19","Platynochaetus.setosus","Rosmarinus.officinalis"
"P19","Platynochaetus.setosus","Thymus.vulgaris"
"P19","Polistes.dominulus","Euphorbia.flavicoma"
"P19","Polistes.dominulus","Linum.stricticum"
"P19","Polistes.dominulus","Rosmarinus.officinalis"
"P19","Polistes.dominulus","Thymus.vulgaris"
"P19","Pyronia.bathseba","Rosmarinus.officinalis"
"P19","Pyronia.bathseba","Thymus.vulgaris"
"P19","Rhodanthidium.septemdentatum","Gladiolus.illyricus"
"P19","Rhodanthidium.septemdentatum","Muscari.neglectum"
"P19","Rhodanthidium.septemdentatum","Teucrium.chamaedrys"
"P19","Rhodanthidium.septemdentatum","Thymus.vulgaris"
"P19","Rhodanthidium.sticticum","Euphorbia.flavicoma"
"P19","Rhodanthidium.sticticum","Fumana.ericifolia"
"P19","Rhodanthidium.sticticum","Gladiolus.illyricus"
"P19","Rhodanthidium.sticticum","Helianthemum.oelandicum.spp.italicum"
"P19","Rhodanthidium.sticticum","Muscari.neglectum"
"P19","Rhodanthidium.sticticum","Rosmarinus.officinalis"
"P19","Rhodanthidium.sticticum","Thymus.vulgaris"
"P19","Spermophagus.kuesteri","Euphorbia.flavicoma"
"P19","Tropinota.sp1","Rosmarinus.officinalis"
"P19","Tropinota.sp1","Thymus.vulgaris"
"P19","Trypoxylon.sp1","Euphorbia.flavicoma"
"P20","Acmaeodera.cylindrica","Biscutella.laevigata"
"P20","Acmaeodera.cylindrica","Convolvulus.lanuginosus"
"P20","Adelidae.sp1","Biscutella.laevigata"
"P20","Adelidae.sp1","Convolvulus.lanuginosus"
"P20","Adelidae.sp1","Dorycnium.pentaphyllum"
"P20","Adelidae.sp1","Rosmarinus.officinalis"
"P20","Adelidae.sp1","Thymus.vulgaris"
"P20","Anaspis.sp1","Aphyllanthes.monspeliensis"
"P20","Anaspis.sp1","Biscutella.laevigata"
"P20","Anaspis.sp1","Convolvulus.lanuginosus"
"P20","Anaspis.sp1","Galium.aparine"
"P20","Anaspis.sp1","Helianthemum.oelandicum.spp.italicum"
"P20","Anaspis.sp1","Thymus.vulgaris"
"P20","Andrena.djelfensis","Biscutella.laevigata"
"P20","Andrena.djelfensis","Helianthemum.oelandicum.spp.italicum"
"P20","Andrena.djelfensis","Rosmarinus.officinalis"
"P20","Andrena.djelfensis","Thymus.vulgaris"
"P20","Andrena.flavipes","Rosmarinus.officinalis"
"P20","Andrena.lepida","Thymus.vulgaris"
"P20","Andrena.nigroaenea","Biscutella.laevigata"
"P20","Andrena.nigroaenea","Rosmarinus.officinalis"
"P20","Andrena.nigroaenea","Thymus.vulgaris"
"P20","Andrena.senecionis","Biscutella.laevigata"
"P20","Andrena.senecionis","Rosmarinus.officinalis"
"P20","Andrena.senecionis","Thymus.vulgaris"
"P20","Andrena.vulpecula","Biscutella.laevigata"
"P20","Andrena.vulpecula","Helianthemum.oelandicum.spp.italicum"
"P20","Anthaxia.millefolii","Biscutella.laevigata"
"P20","Anthaxia.millefolii","Convolvulus.lanuginosus"
"P20","Anthaxia.millefolii","Galium.aparine"
"P20","Anthaxia.scutullaris","Thymus.vulgaris"
"P20","Anthaxia.spinolae","Biscutella.laevigata"
"P20","Anthocharis.euphenoides","Biscutella.laevigata"
"P20","Anthocharis.euphenoides","Thymus.vulgaris"
"P20","Anthophora.acervorum","Fumana.ericifolia"
"P20","Anthophora.acervorum","Helianthemum.oelandicum.spp.italicum"
"P20","Anthophora.acervorum","Rosmarinus.officinalis"
"P20","Anthophora.acervorum","Thymus.vulgaris"
"P20","Anthophora.dispar","Rosmarinus.officinalis"
"P20","Anthophora.dispar","Thymus.vulgaris"
"P20","Anthrenus.sp1","Biscutella.laevigata"
"P20","Anthrenus.sp1","Galium.aparine"
"P20","Apis.mellifera","Biscutella.laevigata"
"P20","Apis.mellifera","Convolvulus.lanuginosus"
"P20","Apis.mellifera","Dorycnium.pentaphyllum"
"P20","Apis.mellifera","Fumana.ericifolia"
"P20","Apis.mellifera","Helianthemum.oelandicum.spp.italicum"
"P20","Apis.mellifera","Rosmarinus.officinalis"
"P20","Apis.mellifera","Thymus.vulgaris"
"P20","Aplocnemus.calidus","Convolvulus.lanuginosus"
"P20","Aplocnemus.calidus","Galium.aparine"
"P20","Aplocnemus.calidus","Rosmarinus.officinalis"
"P20","Aplocnemus.calidus","Thymus.vulgaris"
"P20","Athalia.bicolor","Biscutella.laevigata"
"P20","Bombus.terrestris","Biscutella.laevigata"
"P20","Bombus.terrestris","Dorycnium.pentaphyllum"
"P20","Bombus.terrestris","Rosmarinus.officinalis"
"P20","Bombus.terrestris","Teucrium.chamaedrys"
"P20","Bombus.terrestris","Thymus.vulgaris"
"P20","Callophrys.rubi","Rosmarinus.officinalis"
"P20","Callophrys.rubi","Thymus.vulgaris"
"P20","Ceratina.cucurbitina","Biscutella.laevigata"
"P20","Ceratina.cucurbitina","Convolvulus.lanuginosus"
"P20","Ceratina.cucurbitina","Dorycnium.pentaphyllum"
"P20","Ceratina.cucurbitina","Rosmarinus.officinalis"
"P20","Ceratina.cucurbitina","Thymus.vulgaris"
"P20","Chryptocephalus.ramburi","Aphyllanthes.monspeliensis"
"P20","Chrysotoxum.cautum","Biscutella.laevigata"
"P20","Chrysotoxum.cautum","Orobanche.latisquama"
"P20","Chrysotoxum.cautum","Rosmarinus.officinalis"
"P20","Chrysotoxum.cautum","Thymus.vulgaris"
"P20","Clanoptilus.abdominalis","Rosmarinus.officinalis"
"P20","Clytus.rhamni","Biscutella.laevigata"
"P20","Clytus.rhamni","Galium.aparine"
"P20","Danacea.longiceps","Convolvulus.lanuginosus"
"P20","Danacea.longiceps","Galium.aparine"
"P20","Danacea.longiceps","Rosmarinus.officinalis"
"P20","Dasytes.nigroaeneus","Biscutella.laevigata"
"P20","Dasytes.nigroaeneus","Convolvulus.lanuginosus"
"P20","Dasytes.nigroaeneus","Dorycnium.pentaphyllum"
"P20","Dasytes.nigroaeneus","Galium.aparine"
"P20","Dasytes.nigroaeneus","Helianthemum.oelandicum.spp.italicum"
"P20","Dasytes.nigroaeneus","Orobanche.latisquama"
"P20","Dasytes.nigroaeneus","Rosmarinus.officinalis"
"P20","Dasytes.nigroaeneus","Thymus.vulgaris"
"P20","Eucera.elongatula","Dorycnium.pentaphyllum"
"P20","Eumerus.argyropus","Aphyllanthes.monspeliensis"
"P20","Eumerus.argyropus","Convolvulus.lanuginosus"
"P20","Eumerus.argyropus","Galium.aparine"
"P20","Gonepteryx.cleopatra","Aphyllanthes.monspeliensis"
"P20","Halictus.gemmeus","Dorycnium.pentaphyllum"
"P20","Hoplitis.anthocopoides","Thymus.vulgaris"
"P20","Hylaeus.garrulus","Thymus.vulgaris"
"P20","Hylaeus.hyalinatus","Biscutella.laevigata"
"P20","Hylaeus.hyalinatus","Convolvulus.lanuginosus"
"P20","Hylaeus.hyalinatus","Dorycnium.pentaphyllum"
"P20","Hylaeus.hyalinatus","Galium.aparine"
"P20","Hylaeus.hyalinatus","Helianthemum.oelandicum.spp.italicum"
"P20","Hylaeus.hyalinatus","Rosmarinus.officinalis"
"P20","Hylaeus.hyalinatus","Thymus.vulgaris"
"P20","Lasioglossum.albocinctum","Biscutella.laevigata"
"P20","Lasioglossum.albocinctum","Dorycnium.pentaphyllum"
"P20","Lasioglossum.albocinctum","Galium.aparine"
"P20","Lasioglossum.albocinctum","Rosmarinus.officinalis"
"P20","Lasioglossum.bimaculatum","Biscutella.laevigata"
"P20","Lasioglossum.bimaculatum","Convolvulus.lanuginosus"
"P20","Lasioglossum.bimaculatum","Dorycnium.pentaphyllum"
"P20","Lasioglossum.bimaculatum","Galium.aparine"
"P20","Lasioglossum.bimaculatum","Helianthemum.oelandicum.spp.italicum"
"P20","Lasioglossum.bimaculatum","Orobanche.latisquama"
"P20","Lasioglossum.bimaculatum","Rosmarinus.officinalis"
"P20","Lasioglossum.bimaculatum","Thymus.vulgaris"
"P20","Lasioglossum.malachurum","Biscutella.laevigata"
"P20","Lasioglossum.malachurum","Convolvulus.lanuginosus"
"P20","Lasioglossum.malachurum","Dorycnium.pentaphyllum"
"P20","Lasioglossum.malachurum","Galium.aparine"
"P20","Lasioglossum.malachurum","Helianthemum.oelandicum.spp.italicum"
"P20","Lasioglossum.malachurum","Orobanche.latisquama"
"P20","Lasioglossum.malachurum","Rosmarinus.officinalis"
"P20","Lasioglossum.malachurum","Thymus.vulgaris"
"P20","Lasioglossum.mediterraneum","Biscutella.laevigata"
"P20","Lasioglossum.mediterraneum","Convolvulus.lanuginosus"
"P20","Lasioglossum.mediterraneum","Dorycnium.pentaphyllum"
"P20","Lasioglossum.mediterraneum","Galium.aparine"
"P20","Lasioglossum.mediterraneum","Helianthemum.oelandicum.spp.italicum"
"P20","Lasioglossum.mediterraneum","Orobanche.latisquama"
"P20","Lasioglossum.mediterraneum","Rosmarinus.officinalis"
"P20","Lasioglossum.mediterraneum","Thymus.vulgaris"
"P20","Lasioglossum.subhirtum","Biscutella.laevigata"
"P20","Lasioglossum.subhirtum","Convolvulus.lanuginosus"
"P20","Lasioglossum.subhirtum","Dorycnium.pentaphyllum"
"P20","Lasioglossum.subhirtum","Galium.aparine"
"P20","Lasioglossum.subhirtum","Helianthemum.oelandicum.spp.italicum"
"P20","Lasioglossum.subhirtum","Orobanche.latisquama"
"P20","Lasioglossum.subhirtum","Rosmarinus.officinalis"
"P20","Lasioglossum.subhirtum","Thymus.vulgaris"
"P20","Lasioglossum.transitorium","Biscutella.laevigata"
"P20","Lasioglossum.transitorium","Convolvulus.lanuginosus"
"P20","Lasioglossum.transitorium","Fumana.ericifolia"
"P20","Lasioglossum.transitorium","Fumana.laevis"
"P20","Lasioglossum.transitorium","Galium.aparine"
"P20","Lasioglossum.transitorium","Helianthemum.oelandicum.spp.italicum"
"P20","Lasioglossum.transitorium","Helichrysum.stoechas"
"P20","Lasioglossum.transitorium","Orobanche.latisquama"
"P20","Lasioglossum.transitorium","Rosmarinus.officinalis"
"P20","Lasioglossum.transitorium","Thymus.vulgaris"
"P20","Leptochilus.tarsatus","Rosmarinus.officinalis"
"P20","Leptochilus.tarsatus","Thymus.vulgaris"
"P20","Lobonyx.aeneus","Biscutella.laevigata"
"P20","Lobonyx.aeneus","Convolvulus.lanuginosus"
"P20","Lobonyx.aeneus","Dorycnium.pentaphyllum"
"P20","Lobonyx.aeneus","Galium.aparine"
"P20","Lobonyx.aeneus","Orobanche.latisquama"
"P20","Lobonyx.aeneus","Rosmarinus.officinalis"
"P20","Lobonyx.aeneus","Thymus.vulgaris"
"P20","Meligethes.sp1","Biscutella.laevigata"
"P20","Meligethes.sp1","Galium.aparine"
"P20","Meligethes.sp1","Rosmarinus.officinalis"
"P20","Meligethes.sp1","Thymus.vulgaris"
"P20","Merodon.funestus","Biscutella.laevigata"
"P20","Merodon.funestus","Thymus.vulgaris"
"P20","Microhoria.plumbea","Helianthemum.oelandicum.spp.italicum"
"P20","Minoa.murinata","Convolvulus.lanuginosus"
"P20","Minoa.murinata","Galium.aparine"
"P20","Minoa.murinata","Thymus.vulgaris"
"P20","Mordellistena.sp1","Convolvulus.lanuginosus"
"P20","Mordellistena.sp1","Galium.aparine"
"P20","Mordellistena.sp1","Rosmarinus.officinalis"
"P20","Mordellistena.sp4","Biscutella.laevigata"
"P20","Mordellistena.sp4","Galium.aparine"
"P20","Nomada.sheppardana","Thymus.vulgaris"
"P20","Oedemera.flavipes","Biscutella.laevigata"
"P20","Oedemera.flavipes","Convolvulus.lanuginosus"
"P20","Oedemera.flavipes","Dorycnium.pentaphyllum"
"P20","Oedemera.flavipes","Galium.aparine"
"P20","Oedemera.flavipes","Orobanche.latisquama"
"P20","Oedemera.flavipes","Rosmarinus.officinalis"
"P20","Oedemera.flavipes","Thymus.vulgaris"
"P20","Osmia.gallarum","Biscutella.laevigata"
"P20","Osmia.gallarum","Convolvulus.lanuginosus"
"P20","Osmia.gallarum","Dorycnium.pentaphyllum"
"P20","Osmia.gallarum","Galium.aparine"
"P20","Osmia.gallarum","Rosmarinus.officinalis"
"P20","Osmia.gallarum","Thymus.vulgaris"
"P20","Osmia.rufohirta","Biscutella.laevigata"
"P20","Osmia.rufohirta","Convolvulus.lanuginosus"
"P20","Osmia.rufohirta","Fumana.ericifolia"
"P20","Osmia.rufohirta","Fumana.laevis"
"P20","Osmia.rufohirta","Helianthemum.oelandicum.spp.italicum"
"P20","Osmia.rufohirta","Ononis.minutissima"
"P20","Osmia.rufohirta","Thymus.vulgaris"
"P20","Oxythyrea.funesta","Aphyllanthes.monspeliensis"
"P20","Oxythyrea.funesta","Rosmarinus.officinalis"
"P20","Oxythyrea.funesta","Thymus.vulgaris"
"P20","Panurgus.dentipes","Biscutella.laevigata"
"P20","Polistes.dominulus","Biscutella.laevigata"
"P20","Polistes.dominulus","Dorycnium.pentaphyllum"
"P20","Polistes.dominulus","Galium.aparine"
"P20","Polistes.dominulus","Rosmarinus.officinalis"
"P20","Polistes.dominulus","Thymus.vulgaris"
"P20","Protosmia.exenterata","Biscutella.laevigata"
"P20","Protosmia.exenterata","Convolvulus.lanuginosus"
"P20","Protosmia.exenterata","Galium.aparine"
"P20","Protosmia.exenterata","Orobanche.latisquama"
"P20","Protosmia.exenterata","Rosmarinus.officinalis"
"P20","Protosmia.exenterata","Thymus.vulgaris"
"P20","Pyronia.bathseba","Convolvulus.lanuginosus"
"P20","Pyronia.bathseba","Rosmarinus.officinalis"
"P20","Pyronia.bathseba","Thymus.vulgaris"
"P20","Rhodanthidium.septemdentatum","Convolvulus.lanuginosus"
"P20","Rhodanthidium.septemdentatum","Orobanche.latisquama"
"P20","Rhodanthidium.septemdentatum","Teucrium.chamaedrys"
"P20","Rhodanthidium.septemdentatum","Thymus.vulgaris"
"P20","Rhodanthidium.sticticum","Biscutella.laevigata"
"P20","Rhodanthidium.sticticum","Convolvulus.lanuginosus"
"P20","Rhodanthidium.sticticum","Fumana.ericifolia"
"P20","Rhodanthidium.sticticum","Galium.aparine"
"P20","Rhodanthidium.sticticum","Helianthemum.oelandicum.spp.italicum"
"P20","Rhodanthidium.sticticum","Orobanche.latisquama"
"P20","Rhodanthidium.sticticum","Rosmarinus.officinalis"
"P20","Rhodanthidium.sticticum","Thymus.vulgaris"
"P20","Stenurella.melanura","Convolvulus.lanuginosus"
"P20","Stenurella.melanura","Dorycnium.pentaphyllum"
"P20","Stenurella.melanura","Galium.aparine"
"P20","Tropinota.sp1","Rosmarinus.officinalis"
"P20","Tropinota.sp1","Thymus.vulgaris"
"P20","Zerynthia.rumina","Convolvulus.lanuginosus"
"P21","Acmaeodera.cylindrica","Biscutella.laevigata"
"P21","Acmaeodera.cylindrica","Cistus.salviifolius"
"P21","Adelidae.sp1","Biscutella.laevigata"
"P21","Adelidae.sp1","Cistus.salviifolius"
"P21","Adelidae.sp1","Dorycnium.pentaphyllum"
"P21","Adelidae.sp1","Euphorbia.flavicoma"
"P21","Adelidae.sp1","Rosmarinus.officinalis"
"P21","Adelidae.sp1","Thymus.vulgaris"
"P21","Anaspis.sp1","Aphyllanthes.monspeliensis"
"P21","Anaspis.sp1","Biscutella.laevigata"
"P21","Anaspis.sp1","Cistus.salviifolius"
"P21","Anaspis.sp1","Euphorbia.flavicoma"
"P21","Anaspis.sp1","Thymus.vulgaris"
"P21","Andrena.djelfensis","Biscutella.laevigata"
"P21","Andrena.djelfensis","Cistus.salviifolius"
"P21","Andrena.djelfensis","Euphorbia.flavicoma"
"P21","Andrena.djelfensis","Rosmarinus.officinalis"
"P21","Andrena.djelfensis","Thymus.vulgaris"
"P21","Andrena.flavipes","Rosmarinus.officinalis"
"P21","Andrena.lepida","Euphorbia.flavicoma"
"P21","Andrena.lepida","Thymus.vulgaris"
"P21","Andrena.nigroaenea","Argyrolobium.zanonii"
"P21","Andrena.nigroaenea","Biscutella.laevigata"
"P21","Andrena.nigroaenea","Cistus.salviifolius"
"P21","Andrena.nigroaenea","Euphorbia.flavicoma"
"P21","Andrena.nigroaenea","Rosmarinus.officinalis"
"P21","Andrena.nigroaenea","Thymus.vulgaris"
"P21","Andrena.senecionis","Biscutella.laevigata"
"P21","Andrena.senecionis","Cistus.salviifolius"
"P21","Andrena.senecionis","Euphorbia.flavicoma"
"P21","Andrena.senecionis","Rosmarinus.officinalis"
"P21","Andrena.senecionis","Thymus.vulgaris"
"P21","Andrena.vulpecula","Biscutella.laevigata"
"P21","Andrena.vulpecula","Cistus.salviifolius"
"P21","Anthaxia.millefolii","Biscutella.laevigata"
"P21","Anthaxia.millefolii","Cistus.salviifolius"
"P21","Anthaxia.scutullaris","Cistus.salviifolius"
"P21","Anthaxia.scutullaris","Thymus.vulgaris"
"P21","Anthaxia.spinolae","Biscutella.laevigata"
"P21","Anthaxia.spinolae","Cistus.salviifolius"
"P21","Anthophora.dispar","Rosmarinus.officinalis"
"P21","Anthophora.dispar","Thymus.vulgaris"
"P21","Apis.mellifera","Argyrolobium.zanonii"
"P21","Apis.mellifera","Biscutella.laevigata"
"P21","Apis.mellifera","Cistus.salviifolius"
"P21","Apis.mellifera","Dorycnium.pentaphyllum"
"P21","Apis.mellifera","Erica.multiflora"
"P21","Apis.mellifera","Euphorbia.flavicoma"
"P21","Apis.mellifera","Gladiolus.illyricus"
"P21","Apis.mellifera","Rosmarinus.officinalis"
"P21","Apis.mellifera","Thymus.vulgaris"
"P21","Aplocnemus.calidus","Cistus.salviifolius"
"P21","Aplocnemus.calidus","Euphorbia.flavicoma"
"P21","Aplocnemus.calidus","Gladiolus.illyricus"
"P21","Aplocnemus.calidus","Rosmarinus.officinalis"
"P21","Aplocnemus.calidus","Thymus.vulgaris"
"P21","Bombus.terrestris","Biscutella.laevigata"
"P21","Bombus.terrestris","Cistus.salviifolius"
"P21","Bombus.terrestris","Dorycnium.pentaphyllum"
"P21","Bombus.terrestris","Gladiolus.illyricus"
"P21","Bombus.terrestris","Rosmarinus.officinalis"
"P21","Bombus.terrestris","Thymus.vulgaris"
"P21","Clytus.rhamni","Biscutella.laevigata"
"P21","Clytus.rhamni","Cistus.salviifolius"
"P21","Danacea.longiceps","Cistus.salviifolius"
"P21","Danacea.longiceps","Rosmarinus.officinalis"
"P21","Dasytes.nigroaeneus","Biscutella.laevigata"
"P21","Dasytes.nigroaeneus","Cistus.salviifolius"
"P21","Dasytes.nigroaeneus","Dorycnium.pentaphyllum"
"P21","Dasytes.nigroaeneus","Euphorbia.flavicoma"
"P21","Dasytes.nigroaeneus","Gladiolus.illyricus"
"P21","Dasytes.nigroaeneus","Rosmarinus.officinalis"
"P21","Dasytes.nigroaeneus","Thymus.vulgaris"
"P21","Eucera.nigrilabris","Rosmarinus.officinalis"
"P21","Euchloe.crameri","Biscutella.laevigata"
"P21","Euchloe.crameri","Thymus.vulgaris"
"P21","Eumerus.argyropus","Aphyllanthes.monspeliensis"
"P21","Eumerus.argyropus","Cistus.salviifolius"
"P21","Eumerus.argyropus","Euphorbia.flavicoma"
"P21","Eupeodes.sp1","Biscutella.laevigata"
"P21","Eupeodes.sp1","Cistus.salviifolius"
"P21","Eupeodes.sp1","Euphorbia.flavicoma"
"P21","Eupeodes.sp1","Rosmarinus.officinalis"
"P21","Eupeodes.sp1","Thymus.vulgaris"
"P21","Halictus.scabiosae","Cistus.salviifolius"
"P21","Hylaeus.garrulus","Thymus.vulgaris"
"P21","Hylaeus.hyalinatus","Biscutella.laevigata"
"P21","Hylaeus.hyalinatus","Cistus.salviifolius"
"P21","Hylaeus.hyalinatus","Dorycnium.pentaphyllum"
"P21","Hylaeus.hyalinatus","Euphorbia.flavicoma"
"P21","Hylaeus.hyalinatus","Gladiolus.illyricus"
"P21","Hylaeus.hyalinatus","Rosmarinus.officinalis"
"P21","Hylaeus.hyalinatus","Thymus.vulgaris"
"P21","Lasioglossum.albocinctum","Biscutella.laevigata"
"P21","Lasioglossum.albocinctum","Cistus.salviifolius"
"P21","Lasioglossum.albocinctum","Dorycnium.pentaphyllum"
"P21","Lasioglossum.albocinctum","Euphorbia.flavicoma"
"P21","Lasioglossum.albocinctum","Gladiolus.illyricus"
"P21","Lasioglossum.albocinctum","Rosmarinus.officinalis"
"P21","Lasioglossum.bimaculatum","Biscutella.laevigata"
"P21","Lasioglossum.bimaculatum","Cistus.salviifolius"
"P21","Lasioglossum.bimaculatum","Dorycnium.pentaphyllum"
"P21","Lasioglossum.bimaculatum","Euphorbia.flavicoma"
"P21","Lasioglossum.bimaculatum","Gladiolus.illyricus"
"P21","Lasioglossum.bimaculatum","Rosmarinus.officinalis"
"P21","Lasioglossum.bimaculatum","Thymus.vulgaris"
"P21","Lasioglossum.malachurum","Biscutella.laevigata"
"P21","Lasioglossum.malachurum","Cistus.salviifolius"
"P21","Lasioglossum.malachurum","Dorycnium.pentaphyllum"
"P21","Lasioglossum.malachurum","Euphorbia.flavicoma"
"P21","Lasioglossum.malachurum","Gladiolus.illyricus"
"P21","Lasioglossum.malachurum","Rosmarinus.officinalis"
"P21","Lasioglossum.malachurum","Thymus.vulgaris"
"P21","Lasioglossum.subhirtum","Biscutella.laevigata"
"P21","Lasioglossum.subhirtum","Cistus.salviifolius"
"P21","Lasioglossum.subhirtum","Dorycnium.pentaphyllum"
"P21","Lasioglossum.subhirtum","Euphorbia.flavicoma"
"P21","Lasioglossum.subhirtum","Gladiolus.illyricus"
"P21","Lasioglossum.subhirtum","Rosmarinus.officinalis"
"P21","Lasioglossum.subhirtum","Thymus.vulgaris"
"P21","Lasioglossum.transitorium","Biscutella.laevigata"
"P21","Lasioglossum.transitorium","Cistus.salviifolius"
"P21","Lasioglossum.transitorium","Euphorbia.flavicoma"
"P21","Lasioglossum.transitorium","Gladiolus.illyricus"
"P21","Lasioglossum.transitorium","Rosmarinus.officinalis"
"P21","Lasioglossum.transitorium","Thymus.vulgaris"
"P21","Lobonyx.aeneus","Biscutella.laevigata"
"P21","Lobonyx.aeneus","Cistus.salviifolius"
"P21","Lobonyx.aeneus","Dorycnium.pentaphyllum"
"P21","Lobonyx.aeneus","Gladiolus.illyricus"
"P21","Lobonyx.aeneus","Rosmarinus.officinalis"
"P21","Lobonyx.aeneus","Thymus.vulgaris"
"P21","Melanargia.occitanica","Thymus.vulgaris"
"P21","Meligethes.sp1","Biscutella.laevigata"
"P21","Meligethes.sp1","Cistus.salviifolius"
"P21","Meligethes.sp1","Euphorbia.flavicoma"
"P21","Meligethes.sp1","Rosmarinus.officinalis"
"P21","Meligethes.sp1","Thymus.vulgaris"
"P21","Merodon.funestus","Biscutella.laevigata"
"P21","Merodon.funestus","Cistus.salviifolius"
"P21","Merodon.funestus","Euphorbia.flavicoma"
"P21","Merodon.funestus","Thymus.vulgaris"
"P21","Minoa.murinata","Euphorbia.flavicoma"
"P21","Minoa.murinata","Thymus.vulgaris"
"P21","Mordellistena.sp1","Cistus.salviifolius"
"P21","Mordellistena.sp1","Rosmarinus.officinalis"
"P21","Mordellistena.sp4","Biscutella.laevigata"
"P21","Mordellistena.sp4","Cistus.salviifolius"
"P21","Nomada.sheppardana","Cistus.salviifolius"
"P21","Nomada.sheppardana","Thymus.vulgaris"
"P21","Oedemera.flavipes","Biscutella.laevigata"
"P21","Oedemera.flavipes","Cistus.salviifolius"
"P21","Oedemera.flavipes","Dorycnium.pentaphyllum"
"P21","Oedemera.flavipes","Euphorbia.flavicoma"
"P21","Oedemera.flavipes","Gladiolus.illyricus"
"P21","Oedemera.flavipes","Rosmarinus.officinalis"
"P21","Oedemera.flavipes","Thymus.vulgaris"
"P21","Osmia.rufohirta","Biscutella.laevigata"
"P21","Osmia.rufohirta","Cistus.salviifolius"
"P21","Osmia.rufohirta","Gladiolus.illyricus"
"P21","Osmia.rufohirta","Thymus.vulgaris"
"P21","Oxythyrea.funesta","Aphyllanthes.monspeliensis"
"P21","Oxythyrea.funesta","Cistus.salviifolius"
"P21","Oxythyrea.funesta","Rosmarinus.officinalis"
"P21","Oxythyrea.funesta","Thymus.vulgaris"
"P21","Panurgus.dentipes","Biscutella.laevigata"
"P21","Platynochaetus.setosus","Biscutella.laevigata"
"P21","Platynochaetus.setosus","Cistus.salviifolius"
"P21","Platynochaetus.setosus","Euphorbia.flavicoma"
"P21","Platynochaetus.setosus","Rosmarinus.officinalis"
"P21","Platynochaetus.setosus","Thymus.vulgaris"
"P21","Polistes.dominulus","Biscutella.laevigata"
"P21","Polistes.dominulus","Cistus.salviifolius"
"P21","Polistes.dominulus","Dorycnium.pentaphyllum"
"P21","Polistes.dominulus","Euphorbia.flavicoma"
"P21","Polistes.dominulus","Rosmarinus.officinalis"
"P21","Polistes.dominulus","Thymus.vulgaris"
"P21","Pyronia.bathseba","Rosmarinus.officinalis"
"P21","Pyronia.bathseba","Thymus.vulgaris"
"P21","Rhodanthidium.septemdentatum","Cistus.salviifolius"
"P21","Rhodanthidium.septemdentatum","Gladiolus.illyricus"
"P21","Rhodanthidium.septemdentatum","Thymus.vulgaris"
"P21","Rhodanthidium.sticticum","Argyrolobium.zanonii"
"P21","Rhodanthidium.sticticum","Biscutella.laevigata"
"P21","Rhodanthidium.sticticum","Cistus.salviifolius"
"P21","Rhodanthidium.sticticum","Euphorbia.flavicoma"
"P21","Rhodanthidium.sticticum","Gladiolus.illyricus"
"P21","Rhodanthidium.sticticum","Rosmarinus.officinalis"
"P21","Rhodanthidium.sticticum","Thymus.vulgaris"
"P21","Stenurella.melanura","Cistus.salviifolius"
"P21","Stenurella.melanura","Dorycnium.pentaphyllum"
"P21","Tropinota.sp1","Cistus.salviifolius"
"P21","Tropinota.sp1","Rosmarinus.officinalis"
"P21","Tropinota.sp1","Thymus.vulgaris"
"P21","Trypoxylon.sp1","Euphorbia.flavicoma"
"P21","Xylocopa.violacea","Rosmarinus.officinalis"
