"site","consumer","resource"
"plot1","Andrena_angustior_impressa","CAL"
"plot1","Andrena_djelfensis","CAL"
"plot1","Anthophora_dispar","CAL"
"plot1","Apis","CAL"
"plot1","Bibio_sp","CAL"
"plot1","Bombus_terrestris","CAL"
"plot1","Eristalis_tenax","CAL"
"plot1","Lasioglossum_interruptum","CAL"
"plot1","Lasioglossum_malachurum","CAL"
"plot1","Lasioglossum_transitorium_planulum","CAL"
"plot1","Mosca_1","CAL"
"plot1","Mosca_7","CAL"
"plot1","Oxythyrea_funesta","CAL"
"plot1","Pseudophilotes_panoptes","CAL"
"plot1","Scaeva_albomaculata","CAL"
"plot1","Andrena_angustior_impressa","ROF"
"plot1","Andrena_djelfensis","ROF"
"plot1","Anthophora_dispar","ROF"
"plot1","Apis","ROF"
"plot1","Bibio_sp","ROF"
"plot1","Bombus_terrestris","ROF"
"plot1","Eristalis_tenax","ROF"
"plot1","Lasioglossum_interruptum","ROF"
"plot1","Lasioglossum_malachurum","ROF"
"plot1","Lasioglossum_transitorium_planulum","ROF"
"plot1","Mosca_1","ROF"
"plot1","Mosca_7","ROF"
"plot1","Oxythyrea_funesta","ROF"
"plot1","Pseudophilotes_panoptes","ROF"
"plot1","Scaeva_albomaculata","ROF"
"plot1","Andrena_angustior_impressa","TVUF"
"plot1","Andrena_djelfensis","TVUF"
"plot1","Anthophora_dispar","TVUF"
"plot1","Apis","TVUF"
"plot1","Bibio_sp","TVUF"
"plot1","Bombus_terrestris","TVUF"
"plot1","Eristalis_tenax","TVUF"
"plot1","Lasioglossum_interruptum","TVUF"
"plot1","Lasioglossum_malachurum","TVUF"
"plot1","Lasioglossum_transitorium_planulum","TVUF"
"plot1","Mosca_1","TVUF"
"plot1","Mosca_7","TVUF"
"plot1","Oxythyrea_funesta","TVUF"
"plot1","Pseudophilotes_panoptes","TVUF"
"plot1","Scaeva_albomaculata","TVUF"
"plot1","Andrena_angustior_impressa","TVUH"
"plot1","Andrena_djelfensis","TVUH"
"plot1","Anthophora_dispar","TVUH"
"plot1","Apis","TVUH"
"plot1","Bibio_sp","TVUH"
"plot1","Bombus_terrestris","TVUH"
"plot1","Eristalis_tenax","TVUH"
"plot1","Lasioglossum_interruptum","TVUH"
"plot1","Lasioglossum_malachurum","TVUH"
"plot1","Lasioglossum_transitorium_planulum","TVUH"
"plot1","Mosca_1","TVUH"
"plot1","Mosca_7","TVUH"
"plot1","Oxythyrea_funesta","TVUH"
"plot1","Pseudophilotes_panoptes","TVUH"
"plot1","Scaeva_albomaculata","TVUH"
"plot2","Andrena_angustior_impressa","EFL"
"plot2","Andrena_djelfensis","EFL"
"plot2","Andrena_fulva","EFL"
"plot2","Anthophora_acervorum","EFL"
"plot2","Apis","EFL"
"plot2","Bibio_sp","EFL"
"plot2","Bombus_terrestris","EFL"
"plot2","Bombylius_discolor","EFL"
"plot2","Empididae","EFL"
"plot2","Lasioglossum_subhirtum","EFL"
"plot2","Mosca_9","EFL"
"plot2","Mosca_petita_1","EFL"
"plot2","Oxythyrea_funesta","EFL"
"plot2","Pseudophilotes_panoptes","EFL"
"plot2","Stratyomidae_1","EFL"
"plot2","Stratyomidae_2","EFL"
"plot2","Andrena_angustior_impressa","ROF"
"plot2","Andrena_djelfensis","ROF"
"plot2","Andrena_fulva","ROF"
"plot2","Anthophora_acervorum","ROF"
"plot2","Apis","ROF"
"plot2","Bibio_sp","ROF"
"plot2","Bombus_terrestris","ROF"
"plot2","Bombylius_discolor","ROF"
"plot2","Empididae","ROF"
"plot2","Lasioglossum_subhirtum","ROF"
"plot2","Mosca_9","ROF"
"plot2","Mosca_petita_1","ROF"
"plot2","Oxythyrea_funesta","ROF"
"plot2","Pseudophilotes_panoptes","ROF"
"plot2","Stratyomidae_1","ROF"
"plot2","Stratyomidae_2","ROF"
"plot2","Andrena_angustior_impressa","TVUF"
"plot2","Andrena_djelfensis","TVUF"
"plot2","Andrena_fulva","TVUF"
"plot2","Anthophora_acervorum","TVUF"
"plot2","Apis","TVUF"
"plot2","Bibio_sp","TVUF"
"plot2","Bombus_terrestris","TVUF"
"plot2","Bombylius_discolor","TVUF"
"plot2","Empididae","TVUF"
"plot2","Lasioglossum_subhirtum","TVUF"
"plot2","Mosca_9","TVUF"
"plot2","Mosca_petita_1","TVUF"
"plot2","Oxythyrea_funesta","TVUF"
"plot2","Pseudophilotes_panoptes","TVUF"
"plot2","Stratyomidae_1","TVUF"
"plot2","Stratyomidae_2","TVUF"
"plot2","Andrena_angustior_impressa","TVUH"
"plot2","Andrena_djelfensis","TVUH"
"plot2","Andrena_fulva","TVUH"
"plot2","Anthophora_acervorum","TVUH"
"plot2","Apis","TVUH"
"plot2","Bibio_sp","TVUH"
"plot2","Bombus_terrestris","TVUH"
"plot2","Bombylius_discolor","TVUH"
"plot2","Empididae","TVUH"
"plot2","Lasioglossum_subhirtum","TVUH"
"plot2","Mosca_9","TVUH"
"plot2","Mosca_petita_1","TVUH"
"plot2","Oxythyrea_funesta","TVUH"
"plot2","Pseudophilotes_panoptes","TVUH"
"plot2","Stratyomidae_1","TVUH"
"plot2","Stratyomidae_2","TVUH"
"plot3","Andrena_angustior_impressa","EMU"
"plot3","Apis","EMU"
"plot3","Aplocnemus_calidus","EMU"
"plot3","Bibio_sp","EMU"
"plot3","Bombus_terrestris","EMU"
"plot3","Chalcididae_1","EMU"
"plot3","Chalcididae_3","EMU"
"plot3","Empididae","EMU"
"plot3","Lasioglossum_griseolum","EMU"
"plot3","Lasioglossum_interruptum","EMU"
"plot3","Lasioglossum_subhirtum","EMU"
"plot3","Lasioglossum_transitorium_planulum","EMU"
"plot3","Megachile_pyrenaica","EMU"
"plot3","Mosca_11","EMU"
"plot3","Oxythyrea_funesta","EMU"
"plot3","Syrphidae_1","EMU"
"plot3","Andrena_angustior_impressa","ROF"
"plot3","Apis","ROF"
"plot3","Aplocnemus_calidus","ROF"
"plot3","Bibio_sp","ROF"
"plot3","Bombus_terrestris","ROF"
"plot3","Chalcididae_1","ROF"
"plot3","Chalcididae_3","ROF"
"plot3","Empididae","ROF"
"plot3","Lasioglossum_griseolum","ROF"
"plot3","Lasioglossum_interruptum","ROF"
"plot3","Lasioglossum_subhirtum","ROF"
"plot3","Lasioglossum_transitorium_planulum","ROF"
"plot3","Megachile_pyrenaica","ROF"
"plot3","Mosca_11","ROF"
"plot3","Oxythyrea_funesta","ROF"
"plot3","Syrphidae_1","ROF"
"plot3","Andrena_angustior_impressa","TVUF"
"plot3","Apis","TVUF"
"plot3","Aplocnemus_calidus","TVUF"
"plot3","Bibio_sp","TVUF"
"plot3","Bombus_terrestris","TVUF"
"plot3","Chalcididae_1","TVUF"
"plot3","Chalcididae_3","TVUF"
"plot3","Empididae","TVUF"
"plot3","Lasioglossum_griseolum","TVUF"
"plot3","Lasioglossum_interruptum","TVUF"
"plot3","Lasioglossum_subhirtum","TVUF"
"plot3","Lasioglossum_transitorium_planulum","TVUF"
"plot3","Megachile_pyrenaica","TVUF"
"plot3","Mosca_11","TVUF"
"plot3","Oxythyrea_funesta","TVUF"
"plot3","Syrphidae_1","TVUF"
"plot3","Andrena_angustior_impressa","TVUH"
"plot3","Apis","TVUH"
"plot3","Aplocnemus_calidus","TVUH"
"plot3","Bibio_sp","TVUH"
"plot3","Bombus_terrestris","TVUH"
"plot3","Chalcididae_1","TVUH"
"plot3","Chalcididae_3","TVUH"
"plot3","Empididae","TVUH"
"plot3","Lasioglossum_griseolum","TVUH"
"plot3","Lasioglossum_interruptum","TVUH"
"plot3","Lasioglossum_subhirtum","TVUH"
"plot3","Lasioglossum_transitorium_planulum","TVUH"
"plot3","Megachile_pyrenaica","TVUH"
"plot3","Mosca_11","TVUH"
"plot3","Oxythyrea_funesta","TVUH"
"plot3","Syrphidae_1","TVUH"
"plot4","Andrena_nigroaenea","ROF"
"plot4","Apis","ROF"
"plot4","Bibio_sp","ROF"
"plot4","Chrysotoxum_cautum","ROF"
"plot4","Hylaeus_hyalinatus","ROF"
"plot4","Lasioglossum_transitorium_planulum","ROF"
"plot4","Miridae_2","ROF"
"plot4","Pseudophilotes_panoptes","ROF"
"plot4","Sarcophagidae_1","ROF"
"plot4","Andrena_nigroaenea","TVUF"
"plot4","Apis","TVUF"
"plot4","Bibio_sp","TVUF"
"plot4","Chrysotoxum_cautum","TVUF"
"plot4","Hylaeus_hyalinatus","TVUF"
"plot4","Lasioglossum_transitorium_planulum","TVUF"
"plot4","Miridae_2","TVUF"
"plot4","Pseudophilotes_panoptes","TVUF"
"plot4","Sarcophagidae_1","TVUF"
"plot4","Andrena_nigroaenea","TVUH"
"plot4","Apis","TVUH"
"plot4","Bibio_sp","TVUH"
"plot4","Chrysotoxum_cautum","TVUH"
"plot4","Hylaeus_hyalinatus","TVUH"
"plot4","Lasioglossum_transitorium_planulum","TVUH"
"plot4","Miridae_2","TVUH"
"plot4","Pseudophilotes_panoptes","TVUH"
"plot4","Sarcophagidae_1","TVUH"
"plot5","Andrena_angustior_impressa","CSA"
"plot5","Andrena_nigroaenea","CSA"
"plot5","Apis","CSA"
"plot5","Bibio_sp","CSA"
"plot5","Bombus_terrestris","CSA"
"plot5","Chrysotoxum_cautum","CSA"
"plot5","Danacea_longiceps","CSA"
"plot5","Lasioglossum_transitorium_planulum","CSA"
"plot5","Lobonyx_aeneus","CSA"
"plot5","Mosca_petita_2","CSA"
"plot5","Nomada_sheppardana","CSA"
"plot5","Oxythyrea_funesta","CSA"
"plot5","Andrena_angustior_impressa","EFL"
"plot5","Andrena_nigroaenea","EFL"
"plot5","Apis","EFL"
"plot5","Bibio_sp","EFL"
"plot5","Bombus_terrestris","EFL"
"plot5","Chrysotoxum_cautum","EFL"
"plot5","Danacea_longiceps","EFL"
"plot5","Lasioglossum_transitorium_planulum","EFL"
"plot5","Lobonyx_aeneus","EFL"
"plot5","Mosca_petita_2","EFL"
"plot5","Nomada_sheppardana","EFL"
"plot5","Oxythyrea_funesta","EFL"
"plot5","Andrena_angustior_impressa","ROF"
"plot5","Andrena_nigroaenea","ROF"
"plot5","Apis","ROF"
"plot5","Bibio_sp","ROF"
"plot5","Bombus_terrestris","ROF"
"plot5","Chrysotoxum_cautum","ROF"
"plot5","Danacea_longiceps","ROF"
"plot5","Lasioglossum_transitorium_planulum","ROF"
"plot5","Lobonyx_aeneus","ROF"
"plot5","Mosca_petita_2","ROF"
"plot5","Nomada_sheppardana","ROF"
"plot5","Oxythyrea_funesta","ROF"
"plot5","Andrena_angustior_impressa","TVUF"
"plot5","Andrena_nigroaenea","TVUF"
"plot5","Apis","TVUF"
"plot5","Bibio_sp","TVUF"
"plot5","Bombus_terrestris","TVUF"
"plot5","Chrysotoxum_cautum","TVUF"
"plot5","Danacea_longiceps","TVUF"
"plot5","Lasioglossum_transitorium_planulum","TVUF"
"plot5","Lobonyx_aeneus","TVUF"
"plot5","Mosca_petita_2","TVUF"
"plot5","Nomada_sheppardana","TVUF"
"plot5","Oxythyrea_funesta","TVUF"
"plot5","Andrena_angustior_impressa","TVUH"
"plot5","Andrena_nigroaenea","TVUH"
"plot5","Apis","TVUH"
"plot5","Bibio_sp","TVUH"
"plot5","Bombus_terrestris","TVUH"
"plot5","Chrysotoxum_cautum","TVUH"
"plot5","Danacea_longiceps","TVUH"
"plot5","Lasioglossum_transitorium_planulum","TVUH"
"plot5","Lobonyx_aeneus","TVUH"
"plot5","Mosca_petita_2","TVUH"
"plot5","Nomada_sheppardana","TVUH"
"plot5","Oxythyrea_funesta","TVUH"
"plot6","Andrena_angustior_impressa","CSA"
"plot6","Andrena_djelfensis","CSA"
"plot6","Andrena_nigroaenea","CSA"
"plot6","Apis","CSA"
"plot6","Epysirphus_balteatus","CSA"
"plot6","Hylaeus_hyalinatus","CSA"
"plot6","Lasioglossum_mediterraneum","CSA"
"plot6","Oxythyrea_funesta","CSA"
"plot6","Andrena_angustior_impressa","ROF"
"plot6","Andrena_djelfensis","ROF"
"plot6","Andrena_nigroaenea","ROF"
"plot6","Apis","ROF"
"plot6","Epysirphus_balteatus","ROF"
"plot6","Hylaeus_hyalinatus","ROF"
"plot6","Lasioglossum_mediterraneum","ROF"
"plot6","Oxythyrea_funesta","ROF"
"plot6","Andrena_angustior_impressa","TVUF"
"plot6","Andrena_djelfensis","TVUF"
"plot6","Andrena_nigroaenea","TVUF"
"plot6","Apis","TVUF"
"plot6","Epysirphus_balteatus","TVUF"
"plot6","Hylaeus_hyalinatus","TVUF"
"plot6","Lasioglossum_mediterraneum","TVUF"
"plot6","Oxythyrea_funesta","TVUF"
"plot6","Andrena_angustior_impressa","TVUH"
"plot6","Andrena_djelfensis","TVUH"
"plot6","Andrena_nigroaenea","TVUH"
"plot6","Apis","TVUH"
"plot6","Epysirphus_balteatus","TVUH"
"plot6","Hylaeus_hyalinatus","TVUH"
"plot6","Lasioglossum_mediterraneum","TVUH"
"plot6","Oxythyrea_funesta","TVUH"
"plot7","Adela_aldrovandella","CSP"
"plot7","Anthophora_dispar","CSP"
"plot7","Apis","CSP"
"plot7","Bibio_sp","CSP"
"plot7","Calliphoridae_3","CSP"
"plot7","Dasytes_nigroaeneus","CSP"
"plot7","Empididae","CSP"
"plot7","Empididae_2","CSP"
"plot7","Hylaeus_garrulus","CSP"
"plot7","Lasioglossum_albocinctum","CSP"
"plot7","Malthinus","CSP"
"plot7","Oxythyrea_funesta","CSP"
"plot7","Smaragdina_diversipes","CSP"
"plot7","Tachinidae_1","CSP"
"plot7","Tropinota_squalida","CSP"
"plot7","Adela_aldrovandella","ROF"
"plot7","Anthophora_dispar","ROF"
"plot7","Apis","ROF"
"plot7","Bibio_sp","ROF"
"plot7","Calliphoridae_3","ROF"
"plot7","Dasytes_nigroaeneus","ROF"
"plot7","Empididae","ROF"
"plot7","Empididae_2","ROF"
"plot7","Hylaeus_garrulus","ROF"
"plot7","Lasioglossum_albocinctum","ROF"
"plot7","Malthinus","ROF"
"plot7","Oxythyrea_funesta","ROF"
"plot7","Smaragdina_diversipes","ROF"
"plot7","Tachinidae_1","ROF"
"plot7","Tropinota_squalida","ROF"
"plot7","Adela_aldrovandella","TVUF"
"plot7","Anthophora_dispar","TVUF"
"plot7","Apis","TVUF"
"plot7","Bibio_sp","TVUF"
"plot7","Calliphoridae_3","TVUF"
"plot7","Dasytes_nigroaeneus","TVUF"
"plot7","Empididae","TVUF"
"plot7","Empididae_2","TVUF"
"plot7","Hylaeus_garrulus","TVUF"
"plot7","Lasioglossum_albocinctum","TVUF"
"plot7","Malthinus","TVUF"
"plot7","Oxythyrea_funesta","TVUF"
"plot7","Smaragdina_diversipes","TVUF"
"plot7","Tachinidae_1","TVUF"
"plot7","Tropinota_squalida","TVUF"
"plot8","Adela_aldrovandella","BLA"
"plot8","Andrena_angustior_impressa","BLA"
"plot8","Andrena_djelfensis","BLA"
"plot8","Andrena_nigroaenea","BLA"
"plot8","Apis","BLA"
"plot8","Ceratina_cyanea","BLA"
"plot8","Chamaesyrphus","BLA"
"plot8","Hylaeus_hyalinatus","BLA"
"plot8","Lasioglossum_ibericum","BLA"
"plot8","Lasioglossum_transitorium_planulum","BLA"
"plot8","Nomada_1","BLA"
"plot8","Osmia_rufohirta","BLA"
"plot8","Oxythyrea_funesta","BLA"
"plot8","Pseudophilotes_panoptes","BLA"
"plot8","Rodanthidium_sticticum","BLA"
"plot8","Sarcophagidae_6","BLA"
"plot8","Sphecodes","BLA"
"plot8","Adela_aldrovandella","FAB"
"plot8","Andrena_angustior_impressa","FAB"
"plot8","Andrena_djelfensis","FAB"
"plot8","Andrena_nigroaenea","FAB"
"plot8","Apis","FAB"
"plot8","Ceratina_cyanea","FAB"
"plot8","Chamaesyrphus","FAB"
"plot8","Hylaeus_hyalinatus","FAB"
"plot8","Lasioglossum_ibericum","FAB"
"plot8","Lasioglossum_transitorium_planulum","FAB"
"plot8","Nomada_1","FAB"
"plot8","Osmia_rufohirta","FAB"
"plot8","Oxythyrea_funesta","FAB"
"plot8","Pseudophilotes_panoptes","FAB"
"plot8","Rodanthidium_sticticum","FAB"
"plot8","Sarcophagidae_6","FAB"
"plot8","Sphecodes","FAB"
"plot8","Adela_aldrovandella","HOE"
"plot8","Andrena_angustior_impressa","HOE"
"plot8","Andrena_djelfensis","HOE"
"plot8","Andrena_nigroaenea","HOE"
"plot8","Apis","HOE"
"plot8","Ceratina_cyanea","HOE"
"plot8","Chamaesyrphus","HOE"
"plot8","Hylaeus_hyalinatus","HOE"
"plot8","Lasioglossum_ibericum","HOE"
"plot8","Lasioglossum_transitorium_planulum","HOE"
"plot8","Nomada_1","HOE"
"plot8","Osmia_rufohirta","HOE"
"plot8","Oxythyrea_funesta","HOE"
"plot8","Pseudophilotes_panoptes","HOE"
"plot8","Rodanthidium_sticticum","HOE"
"plot8","Sarcophagidae_6","HOE"
"plot8","Sphecodes","HOE"
"plot8","Adela_aldrovandella","ROF"
"plot8","Andrena_angustior_impressa","ROF"
"plot8","Andrena_djelfensis","ROF"
"plot8","Andrena_nigroaenea","ROF"
"plot8","Apis","ROF"
"plot8","Ceratina_cyanea","ROF"
"plot8","Chamaesyrphus","ROF"
"plot8","Hylaeus_hyalinatus","ROF"
"plot8","Lasioglossum_ibericum","ROF"
"plot8","Lasioglossum_transitorium_planulum","ROF"
"plot8","Nomada_1","ROF"
"plot8","Osmia_rufohirta","ROF"
"plot8","Oxythyrea_funesta","ROF"
"plot8","Pseudophilotes_panoptes","ROF"
"plot8","Rodanthidium_sticticum","ROF"
"plot8","Sarcophagidae_6","ROF"
"plot8","Sphecodes","ROF"
"plot8","Adela_aldrovandella","TVUF"
"plot8","Andrena_angustior_impressa","TVUF"
"plot8","Andrena_djelfensis","TVUF"
"plot8","Andrena_nigroaenea","TVUF"
"plot8","Apis","TVUF"
"plot8","Ceratina_cyanea","TVUF"
"plot8","Chamaesyrphus","TVUF"
"plot8","Hylaeus_hyalinatus","TVUF"
"plot8","Lasioglossum_ibericum","TVUF"
"plot8","Lasioglossum_transitorium_planulum","TVUF"
"plot8","Nomada_1","TVUF"
"plot8","Osmia_rufohirta","TVUF"
"plot8","Oxythyrea_funesta","TVUF"
"plot8","Pseudophilotes_panoptes","TVUF"
"plot8","Rodanthidium_sticticum","TVUF"
"plot8","Sarcophagidae_6","TVUF"
"plot8","Sphecodes","TVUF"
"plot8","Adela_aldrovandella","TVUH"
"plot8","Andrena_angustior_impressa","TVUH"
"plot8","Andrena_djelfensis","TVUH"
"plot8","Andrena_nigroaenea","TVUH"
"plot8","Apis","TVUH"
"plot8","Ceratina_cyanea","TVUH"
"plot8","Chamaesyrphus","TVUH"
"plot8","Hylaeus_hyalinatus","TVUH"
"plot8","Lasioglossum_ibericum","TVUH"
"plot8","Lasioglossum_transitorium_planulum","TVUH"
"plot8","Nomada_1","TVUH"
"plot8","Osmia_rufohirta","TVUH"
"plot8","Oxythyrea_funesta","TVUH"
"plot8","Pseudophilotes_panoptes","TVUH"
"plot8","Rodanthidium_sticticum","TVUH"
"plot8","Sarcophagidae_6","TVUH"
"plot8","Sphecodes","TVUH"
"plot9","Andrena_djelfensis","CSA"
"plot9","Apis","CSA"
"plot9","Chalcididae_4","CSA"
"plot9","Empididae","CSA"
"plot9","Empididae_2","CSA"
"plot9","Euodynerus_bidentoides","CSA"
"plot9","Gymnosoma","CSA"
"plot9","Himenòpter_parasitoid","CSA"
"plot9","Hylaeus_garrulus","CSA"
"plot9","Hylaeus_hyalinatus","CSA"
"plot9","Lasioglossum_soror","CSA"
"plot9","Lasioglossum_transitorium_planulum","CSA"
"plot9","Lobonyx_aeneus","CSA"
"plot9","Meligethes_2","CSA"
"plot9","Oedemera_flavipes","CSA"
"plot9","Oxythyrea_funesta","CSA"
"plot9","Sarcophagidae_4","CSA"
"plot9","Andrena_djelfensis","EFL"
"plot9","Apis","EFL"
"plot9","Chalcididae_4","EFL"
"plot9","Empididae","EFL"
"plot9","Empididae_2","EFL"
"plot9","Euodynerus_bidentoides","EFL"
"plot9","Gymnosoma","EFL"
"plot9","Himenòpter_parasitoid","EFL"
"plot9","Hylaeus_garrulus","EFL"
"plot9","Hylaeus_hyalinatus","EFL"
"plot9","Lasioglossum_soror","EFL"
"plot9","Lasioglossum_transitorium_planulum","EFL"
"plot9","Lobonyx_aeneus","EFL"
"plot9","Meligethes_2","EFL"
"plot9","Oedemera_flavipes","EFL"
"plot9","Oxythyrea_funesta","EFL"
"plot9","Sarcophagidae_4","EFL"
"plot9","Andrena_djelfensis","RGR"
"plot9","Apis","RGR"
"plot9","Chalcididae_4","RGR"
"plot9","Empididae","RGR"
"plot9","Empididae_2","RGR"
"plot9","Euodynerus_bidentoides","RGR"
"plot9","Gymnosoma","RGR"
"plot9","Himenòpter_parasitoid","RGR"
"plot9","Hylaeus_garrulus","RGR"
"plot9","Hylaeus_hyalinatus","RGR"
"plot9","Lasioglossum_soror","RGR"
"plot9","Lasioglossum_transitorium_planulum","RGR"
"plot9","Lobonyx_aeneus","RGR"
"plot9","Meligethes_2","RGR"
"plot9","Oedemera_flavipes","RGR"
"plot9","Oxythyrea_funesta","RGR"
"plot9","Sarcophagidae_4","RGR"
"plot9","Andrena_djelfensis","ROF"
"plot9","Apis","ROF"
"plot9","Chalcididae_4","ROF"
"plot9","Empididae","ROF"
"plot9","Empididae_2","ROF"
"plot9","Euodynerus_bidentoides","ROF"
"plot9","Gymnosoma","ROF"
"plot9","Himenòpter_parasitoid","ROF"
"plot9","Hylaeus_garrulus","ROF"
"plot9","Hylaeus_hyalinatus","ROF"
"plot9","Lasioglossum_soror","ROF"
"plot9","Lasioglossum_transitorium_planulum","ROF"
"plot9","Lobonyx_aeneus","ROF"
"plot9","Meligethes_2","ROF"
"plot9","Oedemera_flavipes","ROF"
"plot9","Oxythyrea_funesta","ROF"
"plot9","Sarcophagidae_4","ROF"
"plot9","Andrena_djelfensis","TVUF"
"plot9","Apis","TVUF"
"plot9","Chalcididae_4","TVUF"
"plot9","Empididae","TVUF"
"plot9","Empididae_2","TVUF"
"plot9","Euodynerus_bidentoides","TVUF"
"plot9","Gymnosoma","TVUF"
"plot9","Himenòpter_parasitoid","TVUF"
"plot9","Hylaeus_garrulus","TVUF"
"plot9","Hylaeus_hyalinatus","TVUF"
"plot9","Lasioglossum_soror","TVUF"
"plot9","Lasioglossum_transitorium_planulum","TVUF"
"plot9","Lobonyx_aeneus","TVUF"
"plot9","Meligethes_2","TVUF"
"plot9","Oedemera_flavipes","TVUF"
"plot9","Oxythyrea_funesta","TVUF"
"plot9","Sarcophagidae_4","TVUF"
"plot9","Andrena_djelfensis","TVUH"
"plot9","Apis","TVUH"
"plot9","Chalcididae_4","TVUH"
"plot9","Empididae","TVUH"
"plot9","Empididae_2","TVUH"
"plot9","Euodynerus_bidentoides","TVUH"
"plot9","Gymnosoma","TVUH"
"plot9","Himenòpter_parasitoid","TVUH"
"plot9","Hylaeus_garrulus","TVUH"
"plot9","Hylaeus_hyalinatus","TVUH"
"plot9","Lasioglossum_soror","TVUH"
"plot9","Lasioglossum_transitorium_planulum","TVUH"
"plot9","Lobonyx_aeneus","TVUH"
"plot9","Meligethes_2","TVUH"
"plot9","Oedemera_flavipes","TVUH"
"plot9","Oxythyrea_funesta","TVUH"
"plot9","Sarcophagidae_4","TVUH"
"plot10","Andrena_djelfensis","ROF"
"plot10","Andrena_nigroaenea","ROF"
"plot10","Apis","ROF"
"plot10","Chrysotoxum_cautum","ROF"
"plot10","Lasioglossum_transitorium_planulum","ROF"
"plot10","Andrena_djelfensis","TVUF"
"plot10","Andrena_nigroaenea","TVUF"
"plot10","Apis","TVUF"
"plot10","Chrysotoxum_cautum","TVUF"
"plot10","Lasioglossum_transitorium_planulum","TVUF"
"plot10","Andrena_djelfensis","TVUH"
"plot10","Andrena_nigroaenea","TVUH"
"plot10","Apis","TVUH"
"plot10","Chrysotoxum_cautum","TVUH"
"plot10","Lasioglossum_transitorium_planulum","TVUH"
"plot11","Andrena_nigroaenea","HOE"
"plot11","Anthophora_dispar","HOE"
"plot11","Apis","HOE"
"plot11","Chamaesyrphus","HOE"
"plot11","Empididae","HOE"
"plot11","Fals_conòpid","HOE"
"plot11","Lasioglossum_griseolum","HOE"
"plot11","Oxythyrea_funesta","HOE"
"plot11","Rodanthidium_sticticum","HOE"
"plot11","Andrena_nigroaenea","ROF"
"plot11","Anthophora_dispar","ROF"
"plot11","Apis","ROF"
"plot11","Chamaesyrphus","ROF"
"plot11","Empididae","ROF"
"plot11","Fals_conòpid","ROF"
"plot11","Lasioglossum_griseolum","ROF"
"plot11","Oxythyrea_funesta","ROF"
"plot11","Rodanthidium_sticticum","ROF"
"plot11","Andrena_nigroaenea","TVUF"
"plot11","Anthophora_dispar","TVUF"
"plot11","Apis","TVUF"
"plot11","Chamaesyrphus","TVUF"
"plot11","Empididae","TVUF"
"plot11","Fals_conòpid","TVUF"
"plot11","Lasioglossum_griseolum","TVUF"
"plot11","Oxythyrea_funesta","TVUF"
"plot11","Rodanthidium_sticticum","TVUF"
"plot11","Andrena_nigroaenea","TVUH"
"plot11","Anthophora_dispar","TVUH"
"plot11","Apis","TVUH"
"plot11","Chamaesyrphus","TVUH"
"plot11","Empididae","TVUH"
"plot11","Fals_conòpid","TVUH"
"plot11","Lasioglossum_griseolum","TVUH"
"plot11","Oxythyrea_funesta","TVUH"
"plot11","Rodanthidium_sticticum","TVUH"
"plot12","Andrena_angustior_impressa","ROF"
"plot12","Apis","ROF"
"plot12","Bibio_sp","ROF"
"plot12","Chrysotoxum_cautum","ROF"
"plot12","Eucera_nigrilabris","ROF"
"plot12","Lasioglossum_albocinctum","ROF"
"plot12","Lasioglossum_interruptum","ROF"
"plot12","Lasioglossum_subhirtum","ROF"
"plot12","Lasioglossum_transitorium_planulum","ROF"
"plot12","Andrena_angustior_impressa","TVUF"
"plot12","Apis","TVUF"
"plot12","Bibio_sp","TVUF"
"plot12","Chrysotoxum_cautum","TVUF"
"plot12","Eucera_nigrilabris","TVUF"
"plot12","Lasioglossum_albocinctum","TVUF"
"plot12","Lasioglossum_interruptum","TVUF"
"plot12","Lasioglossum_subhirtum","TVUF"
"plot12","Lasioglossum_transitorium_planulum","TVUF"
"plot12","Andrena_angustior_impressa","TVUH"
"plot12","Apis","TVUH"
"plot12","Bibio_sp","TVUH"
"plot12","Chrysotoxum_cautum","TVUH"
"plot12","Eucera_nigrilabris","TVUH"
"plot12","Lasioglossum_albocinctum","TVUH"
"plot12","Lasioglossum_interruptum","TVUH"
"plot12","Lasioglossum_subhirtum","TVUH"
"plot12","Lasioglossum_transitorium_planulum","TVUH"
"plot13","Andrena_nigroaenea","PRUNUS"
"plot13","Anthophora_dispar","PRUNUS"
"plot13","Apis","PRUNUS"
"plot13","Chamaesyrphus","PRUNUS"
"plot13","Chrysotoxum_intermedium","PRUNUS"
"plot13","Lasioglossum_transitorium_planulum","PRUNUS"
"plot13","Oxythyrea_funesta","PRUNUS"
"plot13","Pseudophilotes_panoptes","PRUNUS"
"plot13","Sarcophagidae_1","PRUNUS"
"plot13","Andrena_nigroaenea","ROF"
"plot13","Anthophora_dispar","ROF"
"plot13","Apis","ROF"
"plot13","Chamaesyrphus","ROF"
"plot13","Chrysotoxum_intermedium","ROF"
"plot13","Lasioglossum_transitorium_planulum","ROF"
"plot13","Oxythyrea_funesta","ROF"
"plot13","Pseudophilotes_panoptes","ROF"
"plot13","Sarcophagidae_1","ROF"
"plot13","Andrena_nigroaenea","TVUF"
"plot13","Anthophora_dispar","TVUF"
"plot13","Apis","TVUF"
"plot13","Chamaesyrphus","TVUF"
"plot13","Chrysotoxum_intermedium","TVUF"
"plot13","Lasioglossum_transitorium_planulum","TVUF"
"plot13","Oxythyrea_funesta","TVUF"
"plot13","Pseudophilotes_panoptes","TVUF"
"plot13","Sarcophagidae_1","TVUF"
"plot13","Andrena_nigroaenea","TVUH"
"plot13","Anthophora_dispar","TVUH"
"plot13","Apis","TVUH"
"plot13","Chamaesyrphus","TVUH"
"plot13","Chrysotoxum_intermedium","TVUH"
"plot13","Lasioglossum_transitorium_planulum","TVUH"
"plot13","Oxythyrea_funesta","TVUH"
"plot13","Pseudophilotes_panoptes","TVUH"
"plot13","Sarcophagidae_1","TVUH"
"plot14","Andrena_djelfensis","CAL"
"plot14","Andrena_limata","CAL"
"plot14","Andrena_nigroaenea","CAL"
"plot14","Apis","CAL"
"plot14","Bibio_sp","CAL"
"plot14","Bombus_terrestris","CAL"
"plot14","Bruchidius_2","CAL"
"plot14","Chrysotoxum_cautum","CAL"
"plot14","Dasytes_nigroaeneus","CAL"
"plot14","Eurydema_oleracea","CAL"
"plot14","Lasioglossum_mediterraneum","CAL"
"plot14","Lasioglossum_transitorium_planulum","CAL"
"plot14","Malthinus","CAL"
"plot14","Oxythyrea_funesta","CAL"
"plot14","Pseudophilotes_panoptes","CAL"
"plot14","Rodanthidium_sticticum","CAL"
"plot14","Sarcophagidae_4","CAL"
"plot14","Scatophagidae..","CAL"
"plot14","Andrena_djelfensis","EFL"
"plot14","Andrena_limata","EFL"
"plot14","Andrena_nigroaenea","EFL"
"plot14","Apis","EFL"
"plot14","Bibio_sp","EFL"
"plot14","Bombus_terrestris","EFL"
"plot14","Bruchidius_2","EFL"
"plot14","Chrysotoxum_cautum","EFL"
"plot14","Dasytes_nigroaeneus","EFL"
"plot14","Eurydema_oleracea","EFL"
"plot14","Lasioglossum_mediterraneum","EFL"
"plot14","Lasioglossum_transitorium_planulum","EFL"
"plot14","Malthinus","EFL"
"plot14","Oxythyrea_funesta","EFL"
"plot14","Pseudophilotes_panoptes","EFL"
"plot14","Rodanthidium_sticticum","EFL"
"plot14","Sarcophagidae_4","EFL"
"plot14","Scatophagidae..","EFL"
"plot14","Andrena_djelfensis","ROF"
"plot14","Andrena_limata","ROF"
"plot14","Andrena_nigroaenea","ROF"
"plot14","Apis","ROF"
"plot14","Bibio_sp","ROF"
"plot14","Bombus_terrestris","ROF"
"plot14","Bruchidius_2","ROF"
"plot14","Chrysotoxum_cautum","ROF"
"plot14","Dasytes_nigroaeneus","ROF"
"plot14","Eurydema_oleracea","ROF"
"plot14","Lasioglossum_mediterraneum","ROF"
"plot14","Lasioglossum_transitorium_planulum","ROF"
"plot14","Malthinus","ROF"
"plot14","Oxythyrea_funesta","ROF"
"plot14","Pseudophilotes_panoptes","ROF"
"plot14","Rodanthidium_sticticum","ROF"
"plot14","Sarcophagidae_4","ROF"
"plot14","Scatophagidae..","ROF"
"plot14","Andrena_djelfensis","TVUF"
"plot14","Andrena_limata","TVUF"
"plot14","Andrena_nigroaenea","TVUF"
"plot14","Apis","TVUF"
"plot14","Bibio_sp","TVUF"
"plot14","Bombus_terrestris","TVUF"
"plot14","Bruchidius_2","TVUF"
"plot14","Chrysotoxum_cautum","TVUF"
"plot14","Dasytes_nigroaeneus","TVUF"
"plot14","Eurydema_oleracea","TVUF"
"plot14","Lasioglossum_mediterraneum","TVUF"
"plot14","Lasioglossum_transitorium_planulum","TVUF"
"plot14","Malthinus","TVUF"
"plot14","Oxythyrea_funesta","TVUF"
"plot14","Pseudophilotes_panoptes","TVUF"
"plot14","Rodanthidium_sticticum","TVUF"
"plot14","Sarcophagidae_4","TVUF"
"plot14","Scatophagidae..","TVUF"
"plot14","Andrena_djelfensis","TVUH"
"plot14","Andrena_limata","TVUH"
"plot14","Andrena_nigroaenea","TVUH"
"plot14","Apis","TVUH"
"plot14","Bibio_sp","TVUH"
"plot14","Bombus_terrestris","TVUH"
"plot14","Bruchidius_2","TVUH"
"plot14","Chrysotoxum_cautum","TVUH"
"plot14","Dasytes_nigroaeneus","TVUH"
"plot14","Eurydema_oleracea","TVUH"
"plot14","Lasioglossum_mediterraneum","TVUH"
"plot14","Lasioglossum_transitorium_planulum","TVUH"
"plot14","Malthinus","TVUH"
"plot14","Oxythyrea_funesta","TVUH"
"plot14","Pseudophilotes_panoptes","TVUH"
"plot14","Rodanthidium_sticticum","TVUH"
"plot14","Sarcophagidae_4","TVUH"
"plot14","Scatophagidae..","TVUH"
"plot15","Adela_aldrovandella","BLA"
"plot15","Andrena_nigroaenea","BLA"
"plot15","Anthrenus_1","BLA"
"plot15","Apis","BLA"
"plot15","Ceratina_cyanea","BLA"
"plot15","Chrysotoxum_cautum","BLA"
"plot15","Halictus_smaragdalus","BLA"
"plot15","Leptidea_sinapis","BLA"
"plot15","Lobonyx_aeneus","BLA"
"plot15","Mordellistena_1","BLA"
"plot15","Oedemera_flavipes","BLA"
"plot15","Oxythyrea_funesta","BLA"
"plot15","Rodanthidium_sticticum","BLA"
"plot15","Adela_aldrovandella","CSA"
"plot15","Andrena_nigroaenea","CSA"
"plot15","Anthrenus_1","CSA"
"plot15","Apis","CSA"
"plot15","Ceratina_cyanea","CSA"
"plot15","Chrysotoxum_cautum","CSA"
"plot15","Halictus_smaragdalus","CSA"
"plot15","Leptidea_sinapis","CSA"
"plot15","Lobonyx_aeneus","CSA"
"plot15","Mordellistena_1","CSA"
"plot15","Oedemera_flavipes","CSA"
"plot15","Oxythyrea_funesta","CSA"
"plot15","Rodanthidium_sticticum","CSA"
"plot15","Adela_aldrovandella","ECH"
"plot15","Andrena_nigroaenea","ECH"
"plot15","Anthrenus_1","ECH"
"plot15","Apis","ECH"
"plot15","Ceratina_cyanea","ECH"
"plot15","Chrysotoxum_cautum","ECH"
"plot15","Halictus_smaragdalus","ECH"
"plot15","Leptidea_sinapis","ECH"
"plot15","Lobonyx_aeneus","ECH"
"plot15","Mordellistena_1","ECH"
"plot15","Oedemera_flavipes","ECH"
"plot15","Oxythyrea_funesta","ECH"
"plot15","Rodanthidium_sticticum","ECH"
"plot15","Adela_aldrovandella","OLA"
"plot15","Andrena_nigroaenea","OLA"
"plot15","Anthrenus_1","OLA"
"plot15","Apis","OLA"
"plot15","Ceratina_cyanea","OLA"
"plot15","Chrysotoxum_cautum","OLA"
"plot15","Halictus_smaragdalus","OLA"
"plot15","Leptidea_sinapis","OLA"
"plot15","Lobonyx_aeneus","OLA"
"plot15","Mordellistena_1","OLA"
"plot15","Oedemera_flavipes","OLA"
"plot15","Oxythyrea_funesta","OLA"
"plot15","Rodanthidium_sticticum","OLA"
"plot15","Adela_aldrovandella","ROF"
"plot15","Andrena_nigroaenea","ROF"
"plot15","Anthrenus_1","ROF"
"plot15","Apis","ROF"
"plot15","Ceratina_cyanea","ROF"
"plot15","Chrysotoxum_cautum","ROF"
"plot15","Halictus_smaragdalus","ROF"
"plot15","Leptidea_sinapis","ROF"
"plot15","Lobonyx_aeneus","ROF"
"plot15","Mordellistena_1","ROF"
"plot15","Oedemera_flavipes","ROF"
"plot15","Oxythyrea_funesta","ROF"
"plot15","Rodanthidium_sticticum","ROF"
"plot15","Adela_aldrovandella","TVUF"
"plot15","Andrena_nigroaenea","TVUF"
"plot15","Anthrenus_1","TVUF"
"plot15","Apis","TVUF"
"plot15","Ceratina_cyanea","TVUF"
"plot15","Chrysotoxum_cautum","TVUF"
"plot15","Halictus_smaragdalus","TVUF"
"plot15","Leptidea_sinapis","TVUF"
"plot15","Lobonyx_aeneus","TVUF"
"plot15","Mordellistena_1","TVUF"
"plot15","Oedemera_flavipes","TVUF"
"plot15","Oxythyrea_funesta","TVUF"
"plot15","Rodanthidium_sticticum","TVUF"
"plot15","Adela_aldrovandella","TVUH"
"plot15","Andrena_nigroaenea","TVUH"
"plot15","Anthrenus_1","TVUH"
"plot15","Apis","TVUH"
"plot15","Ceratina_cyanea","TVUH"
"plot15","Chrysotoxum_cautum","TVUH"
"plot15","Halictus_smaragdalus","TVUH"
"plot15","Leptidea_sinapis","TVUH"
"plot15","Lobonyx_aeneus","TVUH"
"plot15","Mordellistena_1","TVUH"
"plot15","Oedemera_flavipes","TVUH"
"plot15","Oxythyrea_funesta","TVUH"
"plot15","Rodanthidium_sticticum","TVUH"
"plot16","Andrena_djelfensis","EFL"
"plot16","Andrena_nigroaenea","EFL"
"plot16","Andrena_vulpecula","EFL"
"plot16","Apis","EFL"
"plot16","Chrysotoxum_cautum","EFL"
"plot16","Chrysura_dichroa","EFL"
"plot16","Ichneumonidae_6","EFL"
"plot16","Lasioglossum_interruptum","EFL"
"plot16","Mosca_3","EFL"
"plot16","Oxythyrea_funesta","EFL"
"plot16","Polistes_gallicus","EFL"
"plot16","Pseudophilotes_panoptes","EFL"
"plot16","Sarcophagidae_4","EFL"
"plot16","Andrena_djelfensis","HOE"
"plot16","Andrena_nigroaenea","HOE"
"plot16","Andrena_vulpecula","HOE"
"plot16","Apis","HOE"
"plot16","Chrysotoxum_cautum","HOE"
"plot16","Chrysura_dichroa","HOE"
"plot16","Ichneumonidae_6","HOE"
"plot16","Lasioglossum_interruptum","HOE"
"plot16","Mosca_3","HOE"
"plot16","Oxythyrea_funesta","HOE"
"plot16","Polistes_gallicus","HOE"
"plot16","Pseudophilotes_panoptes","HOE"
"plot16","Sarcophagidae_4","HOE"
"plot16","Andrena_djelfensis","OLA"
"plot16","Andrena_nigroaenea","OLA"
"plot16","Andrena_vulpecula","OLA"
"plot16","Apis","OLA"
"plot16","Chrysotoxum_cautum","OLA"
"plot16","Chrysura_dichroa","OLA"
"plot16","Ichneumonidae_6","OLA"
"plot16","Lasioglossum_interruptum","OLA"
"plot16","Mosca_3","OLA"
"plot16","Oxythyrea_funesta","OLA"
"plot16","Polistes_gallicus","OLA"
"plot16","Pseudophilotes_panoptes","OLA"
"plot16","Sarcophagidae_4","OLA"
"plot16","Andrena_djelfensis","ROF"
"plot16","Andrena_nigroaenea","ROF"
"plot16","Andrena_vulpecula","ROF"
"plot16","Apis","ROF"
"plot16","Chrysotoxum_cautum","ROF"
"plot16","Chrysura_dichroa","ROF"
"plot16","Ichneumonidae_6","ROF"
"plot16","Lasioglossum_interruptum","ROF"
"plot16","Mosca_3","ROF"
"plot16","Oxythyrea_funesta","ROF"
"plot16","Polistes_gallicus","ROF"
"plot16","Pseudophilotes_panoptes","ROF"
"plot16","Sarcophagidae_4","ROF"
"plot16","Andrena_djelfensis","TVUF"
"plot16","Andrena_nigroaenea","TVUF"
"plot16","Andrena_vulpecula","TVUF"
"plot16","Apis","TVUF"
"plot16","Chrysotoxum_cautum","TVUF"
"plot16","Chrysura_dichroa","TVUF"
"plot16","Ichneumonidae_6","TVUF"
"plot16","Lasioglossum_interruptum","TVUF"
"plot16","Mosca_3","TVUF"
"plot16","Oxythyrea_funesta","TVUF"
"plot16","Polistes_gallicus","TVUF"
"plot16","Pseudophilotes_panoptes","TVUF"
"plot16","Sarcophagidae_4","TVUF"
"plot16","Andrena_djelfensis","TVUH"
"plot16","Andrena_nigroaenea","TVUH"
"plot16","Andrena_vulpecula","TVUH"
"plot16","Apis","TVUH"
"plot16","Chrysotoxum_cautum","TVUH"
"plot16","Chrysura_dichroa","TVUH"
"plot16","Ichneumonidae_6","TVUH"
"plot16","Lasioglossum_interruptum","TVUH"
"plot16","Mosca_3","TVUH"
"plot16","Oxythyrea_funesta","TVUH"
"plot16","Polistes_gallicus","TVUH"
"plot16","Pseudophilotes_panoptes","TVUH"
"plot16","Sarcophagidae_4","TVUH"
"plot16","Andrena_djelfensis","UMBE"
"plot16","Andrena_nigroaenea","UMBE"
"plot16","Andrena_vulpecula","UMBE"
"plot16","Apis","UMBE"
"plot16","Chrysotoxum_cautum","UMBE"
"plot16","Chrysura_dichroa","UMBE"
"plot16","Ichneumonidae_6","UMBE"
"plot16","Lasioglossum_interruptum","UMBE"
"plot16","Mosca_3","UMBE"
"plot16","Oxythyrea_funesta","UMBE"
"plot16","Polistes_gallicus","UMBE"
"plot16","Pseudophilotes_panoptes","UMBE"
"plot16","Sarcophagidae_4","UMBE"
"plot17","Adela_aldrovandella","CSP"
"plot17","Anaspis","CSP"
"plot17","Andrena_angustior_impressa","CSP"
"plot17","Andrena_djelfensis","CSP"
"plot17","Apis","CSP"
"plot17","Bombus_pascuorum","CSP"
"plot17","Chamaesyrphus","CSP"
"plot17","Dasytes_nigroaeneus","CSP"
"plot17","Escarabat_2","CSP"
"plot17","Heteropter_marró_sense_punts","CSP"
"plot17","Malthinus","CSP"
"plot17","Mosca_mitjana.gran_1","CSP"
"plot17","Osmia_rufohirta","CSP"
"plot17","Rodanthidium_sticticum","CSP"
"plot17","Smaragdina_diversipes","CSP"
"plot17","Syritta_pipiens","CSP"
"plot17","Adela_aldrovandella","EFL"
"plot17","Anaspis","EFL"
"plot17","Andrena_angustior_impressa","EFL"
"plot17","Andrena_djelfensis","EFL"
"plot17","Apis","EFL"
"plot17","Bombus_pascuorum","EFL"
"plot17","Chamaesyrphus","EFL"
"plot17","Dasytes_nigroaeneus","EFL"
"plot17","Escarabat_2","EFL"
"plot17","Heteropter_marró_sense_punts","EFL"
"plot17","Malthinus","EFL"
"plot17","Mosca_mitjana.gran_1","EFL"
"plot17","Osmia_rufohirta","EFL"
"plot17","Rodanthidium_sticticum","EFL"
"plot17","Smaragdina_diversipes","EFL"
"plot17","Syritta_pipiens","EFL"
"plot17","Adela_aldrovandella","HOE"
"plot17","Anaspis","HOE"
"plot17","Andrena_angustior_impressa","HOE"
"plot17","Andrena_djelfensis","HOE"
"plot17","Apis","HOE"
"plot17","Bombus_pascuorum","HOE"
"plot17","Chamaesyrphus","HOE"
"plot17","Dasytes_nigroaeneus","HOE"
"plot17","Escarabat_2","HOE"
"plot17","Heteropter_marró_sense_punts","HOE"
"plot17","Malthinus","HOE"
"plot17","Mosca_mitjana.gran_1","HOE"
"plot17","Osmia_rufohirta","HOE"
"plot17","Rodanthidium_sticticum","HOE"
"plot17","Smaragdina_diversipes","HOE"
"plot17","Syritta_pipiens","HOE"
"plot17","Adela_aldrovandella","ROF"
"plot17","Anaspis","ROF"
"plot17","Andrena_angustior_impressa","ROF"
"plot17","Andrena_djelfensis","ROF"
"plot17","Apis","ROF"
"plot17","Bombus_pascuorum","ROF"
"plot17","Chamaesyrphus","ROF"
"plot17","Dasytes_nigroaeneus","ROF"
"plot17","Escarabat_2","ROF"
"plot17","Heteropter_marró_sense_punts","ROF"
"plot17","Malthinus","ROF"
"plot17","Mosca_mitjana.gran_1","ROF"
"plot17","Osmia_rufohirta","ROF"
"plot17","Rodanthidium_sticticum","ROF"
"plot17","Smaragdina_diversipes","ROF"
"plot17","Syritta_pipiens","ROF"
"plot17","Adela_aldrovandella","TVUF"
"plot17","Anaspis","TVUF"
"plot17","Andrena_angustior_impressa","TVUF"
"plot17","Andrena_djelfensis","TVUF"
"plot17","Apis","TVUF"
"plot17","Bombus_pascuorum","TVUF"
"plot17","Chamaesyrphus","TVUF"
"plot17","Dasytes_nigroaeneus","TVUF"
"plot17","Escarabat_2","TVUF"
"plot17","Heteropter_marró_sense_punts","TVUF"
"plot17","Malthinus","TVUF"
"plot17","Mosca_mitjana.gran_1","TVUF"
"plot17","Osmia_rufohirta","TVUF"
"plot17","Rodanthidium_sticticum","TVUF"
"plot17","Smaragdina_diversipes","TVUF"
"plot17","Syritta_pipiens","TVUF"
"plot17","Adela_aldrovandella","TVUH"
"plot17","Anaspis","TVUH"
"plot17","Andrena_angustior_impressa","TVUH"
"plot17","Andrena_djelfensis","TVUH"
"plot17","Apis","TVUH"
"plot17","Bombus_pascuorum","TVUH"
"plot17","Chamaesyrphus","TVUH"
"plot17","Dasytes_nigroaeneus","TVUH"
"plot17","Escarabat_2","TVUH"
"plot17","Heteropter_marró_sense_punts","TVUH"
"plot17","Malthinus","TVUH"
"plot17","Mosca_mitjana.gran_1","TVUH"
"plot17","Osmia_rufohirta","TVUH"
"plot17","Rodanthidium_sticticum","TVUH"
"plot17","Smaragdina_diversipes","TVUH"
"plot17","Syritta_pipiens","TVUH"
"plot18","Adela_aldrovandella","FLA"
"plot18","Andrena_angustior_impressa","FLA"
"plot18","Andrena_nigroaenea","FLA"
"plot18","Apis","FLA"
"plot18","Braconidae","FLA"
"plot18","Euodynerus_bidentoides","FLA"
"plot18","Gasteruption_1","FLA"
"plot18","Halictus_smaragdalus","FLA"
"plot18","Hylaeus_garrulus","FLA"
"plot18","Hylaeus_hyalinatus","FLA"
"plot18","Hylaeus_sp_1","FLA"
"plot18","Lasioglossum_transitorium_planulum","FLA"
"plot18","Adela_aldrovandella","ROF"
"plot18","Andrena_angustior_impressa","ROF"
"plot18","Andrena_nigroaenea","ROF"
"plot18","Apis","ROF"
"plot18","Braconidae","ROF"
"plot18","Euodynerus_bidentoides","ROF"
"plot18","Gasteruption_1","ROF"
"plot18","Halictus_smaragdalus","ROF"
"plot18","Hylaeus_garrulus","ROF"
"plot18","Hylaeus_hyalinatus","ROF"
"plot18","Hylaeus_sp_1","ROF"
"plot18","Lasioglossum_transitorium_planulum","ROF"
"plot18","Adela_aldrovandella","TVUF"
"plot18","Andrena_angustior_impressa","TVUF"
"plot18","Andrena_nigroaenea","TVUF"
"plot18","Apis","TVUF"
"plot18","Braconidae","TVUF"
"plot18","Euodynerus_bidentoides","TVUF"
"plot18","Gasteruption_1","TVUF"
"plot18","Halictus_smaragdalus","TVUF"
"plot18","Hylaeus_garrulus","TVUF"
"plot18","Hylaeus_hyalinatus","TVUF"
"plot18","Hylaeus_sp_1","TVUF"
"plot18","Lasioglossum_transitorium_planulum","TVUF"
"plot19","Adela_aldrovandella","ECH"
"plot19","Andrena_djelfensis","ECH"
"plot19","Andrena_limata","ECH"
"plot19","Andrena_nigroaenea","ECH"
"plot19","Anthrenus_1","ECH"
"plot19","Apis","ECH"
"plot19","Chamaesyrphus","ECH"
"plot19","Chrysotoxum_cautum","ECH"
"plot19","Dipter_gran_1","ECH"
"plot19","Empididae_2","ECH"
"plot19","Eumenes_coarctatus","ECH"
"plot19","Halictus_quadricinctus","ECH"
"plot19","Lasioglossum_bimaculatum","ECH"
"plot19","Lasioglossum_subhirtum","ECH"
"plot19","Lasioglossum_transitorium_planulum","ECH"
"plot19","Mordellistena_1","ECH"
"plot19","Mosca_14","ECH"
"plot19","Mosca_9","ECH"
"plot19","Mosca_mitjana_1","ECH"
"plot19","Mosca_prima_1","ECH"
"plot19","Mosca_taques_ales_1","ECH"
"plot19","Pseudophilotes_panoptes","ECH"
"plot19","Sarcophagidae_4","ECH"
"plot19","Adela_aldrovandella","EFL"
"plot19","Andrena_djelfensis","EFL"
"plot19","Andrena_limata","EFL"
"plot19","Andrena_nigroaenea","EFL"
"plot19","Anthrenus_1","EFL"
"plot19","Apis","EFL"
"plot19","Chamaesyrphus","EFL"
"plot19","Chrysotoxum_cautum","EFL"
"plot19","Dipter_gran_1","EFL"
"plot19","Empididae_2","EFL"
"plot19","Eumenes_coarctatus","EFL"
"plot19","Halictus_quadricinctus","EFL"
"plot19","Lasioglossum_bimaculatum","EFL"
"plot19","Lasioglossum_subhirtum","EFL"
"plot19","Lasioglossum_transitorium_planulum","EFL"
"plot19","Mordellistena_1","EFL"
"plot19","Mosca_14","EFL"
"plot19","Mosca_9","EFL"
"plot19","Mosca_mitjana_1","EFL"
"plot19","Mosca_prima_1","EFL"
"plot19","Mosca_taques_ales_1","EFL"
"plot19","Pseudophilotes_panoptes","EFL"
"plot19","Sarcophagidae_4","EFL"
"plot19","Adela_aldrovandella","HOE"
"plot19","Andrena_djelfensis","HOE"
"plot19","Andrena_limata","HOE"
"plot19","Andrena_nigroaenea","HOE"
"plot19","Anthrenus_1","HOE"
"plot19","Apis","HOE"
"plot19","Chamaesyrphus","HOE"
"plot19","Chrysotoxum_cautum","HOE"
"plot19","Dipter_gran_1","HOE"
"plot19","Empididae_2","HOE"
"plot19","Eumenes_coarctatus","HOE"
"plot19","Halictus_quadricinctus","HOE"
"plot19","Lasioglossum_bimaculatum","HOE"
"plot19","Lasioglossum_subhirtum","HOE"
"plot19","Lasioglossum_transitorium_planulum","HOE"
"plot19","Mordellistena_1","HOE"
"plot19","Mosca_14","HOE"
"plot19","Mosca_9","HOE"
"plot19","Mosca_mitjana_1","HOE"
"plot19","Mosca_prima_1","HOE"
"plot19","Mosca_taques_ales_1","HOE"
"plot19","Pseudophilotes_panoptes","HOE"
"plot19","Sarcophagidae_4","HOE"
"plot19","Adela_aldrovandella","ROF"
"plot19","Andrena_djelfensis","ROF"
"plot19","Andrena_limata","ROF"
"plot19","Andrena_nigroaenea","ROF"
"plot19","Anthrenus_1","ROF"
"plot19","Apis","ROF"
"plot19","Chamaesyrphus","ROF"
"plot19","Chrysotoxum_cautum","ROF"
"plot19","Dipter_gran_1","ROF"
"plot19","Empididae_2","ROF"
"plot19","Eumenes_coarctatus","ROF"
"plot19","Halictus_quadricinctus","ROF"
"plot19","Lasioglossum_bimaculatum","ROF"
"plot19","Lasioglossum_subhirtum","ROF"
"plot19","Lasioglossum_transitorium_planulum","ROF"
"plot19","Mordellistena_1","ROF"
"plot19","Mosca_14","ROF"
"plot19","Mosca_9","ROF"
"plot19","Mosca_mitjana_1","ROF"
"plot19","Mosca_prima_1","ROF"
"plot19","Mosca_taques_ales_1","ROF"
"plot19","Pseudophilotes_panoptes","ROF"
"plot19","Sarcophagidae_4","ROF"
"plot19","Adela_aldrovandella","TVUF"
"plot19","Andrena_djelfensis","TVUF"
"plot19","Andrena_limata","TVUF"
"plot19","Andrena_nigroaenea","TVUF"
"plot19","Anthrenus_1","TVUF"
"plot19","Apis","TVUF"
"plot19","Chamaesyrphus","TVUF"
"plot19","Chrysotoxum_cautum","TVUF"
"plot19","Dipter_gran_1","TVUF"
"plot19","Empididae_2","TVUF"
"plot19","Eumenes_coarctatus","TVUF"
"plot19","Halictus_quadricinctus","TVUF"
"plot19","Lasioglossum_bimaculatum","TVUF"
"plot19","Lasioglossum_subhirtum","TVUF"
"plot19","Lasioglossum_transitorium_planulum","TVUF"
"plot19","Mordellistena_1","TVUF"
"plot19","Mosca_14","TVUF"
"plot19","Mosca_9","TVUF"
"plot19","Mosca_mitjana_1","TVUF"
"plot19","Mosca_prima_1","TVUF"
"plot19","Mosca_taques_ales_1","TVUF"
"plot19","Pseudophilotes_panoptes","TVUF"
"plot19","Sarcophagidae_4","TVUF"
"plot19","Adela_aldrovandella","TVUH"
"plot19","Andrena_djelfensis","TVUH"
"plot19","Andrena_limata","TVUH"
"plot19","Andrena_nigroaenea","TVUH"
"plot19","Anthrenus_1","TVUH"
"plot19","Apis","TVUH"
"plot19","Chamaesyrphus","TVUH"
"plot19","Chrysotoxum_cautum","TVUH"
"plot19","Dipter_gran_1","TVUH"
"plot19","Empididae_2","TVUH"
"plot19","Eumenes_coarctatus","TVUH"
"plot19","Halictus_quadricinctus","TVUH"
"plot19","Lasioglossum_bimaculatum","TVUH"
"plot19","Lasioglossum_subhirtum","TVUH"
"plot19","Lasioglossum_transitorium_planulum","TVUH"
"plot19","Mordellistena_1","TVUH"
"plot19","Mosca_14","TVUH"
"plot19","Mosca_9","TVUH"
"plot19","Mosca_mitjana_1","TVUH"
"plot19","Mosca_prima_1","TVUH"
"plot19","Mosca_taques_ales_1","TVUH"
"plot19","Pseudophilotes_panoptes","TVUH"
"plot19","Sarcophagidae_4","TVUH"
"plot20","Adela_aldrovandella","AMO"
"plot20","Anthophora_dispar","AMO"
"plot20","Apis","AMO"
"plot20","Bombus_terrestris","AMO"
"plot20","Ceratina_cyanea","AMO"
"plot20","Clanoptilus_abdominalis","AMO"
"plot20","Cryptocephalus_ramburi","AMO"
"plot20","Diodontus","AMO"
"plot20","Hylaeus_hyalinatus","AMO"
"plot20","Ichneumonidae_6","AMO"
"plot20","Lasioglossum_transitorium_planulum","AMO"
"plot20","Lobonyx_aeneus","AMO"
"plot20","Microhoria_plumbea","AMO"
"plot20","Microlepidoptera","AMO"
"plot20","Mosca_14","AMO"
"plot20","Mosca_15","AMO"
"plot20","Mosca_19","AMO"
"plot20","Mosca_9","AMO"
"plot20","Osmia_rufohirta","AMO"
"plot20","Oxythyrea_funesta","AMO"
"plot20","Pompilidae","AMO"
"plot20","Rodanthidium_sticticum","AMO"
"plot20","Symphyta","AMO"
"plot20","Tachinidae_2","AMO"
"plot20","Adela_aldrovandella","CSP"
"plot20","Anthophora_dispar","CSP"
"plot20","Apis","CSP"
"plot20","Bombus_terrestris","CSP"
"plot20","Ceratina_cyanea","CSP"
"plot20","Clanoptilus_abdominalis","CSP"
"plot20","Cryptocephalus_ramburi","CSP"
"plot20","Diodontus","CSP"
"plot20","Hylaeus_hyalinatus","CSP"
"plot20","Ichneumonidae_6","CSP"
"plot20","Lasioglossum_transitorium_planulum","CSP"
"plot20","Lobonyx_aeneus","CSP"
"plot20","Microhoria_plumbea","CSP"
"plot20","Microlepidoptera","CSP"
"plot20","Mosca_14","CSP"
"plot20","Mosca_15","CSP"
"plot20","Mosca_19","CSP"
"plot20","Mosca_9","CSP"
"plot20","Osmia_rufohirta","CSP"
"plot20","Oxythyrea_funesta","CSP"
"plot20","Pompilidae","CSP"
"plot20","Rodanthidium_sticticum","CSP"
"plot20","Symphyta","CSP"
"plot20","Tachinidae_2","CSP"
"plot20","Adela_aldrovandella","HOE"
"plot20","Anthophora_dispar","HOE"
"plot20","Apis","HOE"
"plot20","Bombus_terrestris","HOE"
"plot20","Ceratina_cyanea","HOE"
"plot20","Clanoptilus_abdominalis","HOE"
"plot20","Cryptocephalus_ramburi","HOE"
"plot20","Diodontus","HOE"
"plot20","Hylaeus_hyalinatus","HOE"
"plot20","Ichneumonidae_6","HOE"
"plot20","Lasioglossum_transitorium_planulum","HOE"
"plot20","Lobonyx_aeneus","HOE"
"plot20","Microhoria_plumbea","HOE"
"plot20","Microlepidoptera","HOE"
"plot20","Mosca_14","HOE"
"plot20","Mosca_15","HOE"
"plot20","Mosca_19","HOE"
"plot20","Mosca_9","HOE"
"plot20","Osmia_rufohirta","HOE"
"plot20","Oxythyrea_funesta","HOE"
"plot20","Pompilidae","HOE"
"plot20","Rodanthidium_sticticum","HOE"
"plot20","Symphyta","HOE"
"plot20","Tachinidae_2","HOE"
"plot20","Adela_aldrovandella","OLA"
"plot20","Anthophora_dispar","OLA"
"plot20","Apis","OLA"
"plot20","Bombus_terrestris","OLA"
"plot20","Ceratina_cyanea","OLA"
"plot20","Clanoptilus_abdominalis","OLA"
"plot20","Cryptocephalus_ramburi","OLA"
"plot20","Diodontus","OLA"
"plot20","Hylaeus_hyalinatus","OLA"
"plot20","Ichneumonidae_6","OLA"
"plot20","Lasioglossum_transitorium_planulum","OLA"
"plot20","Lobonyx_aeneus","OLA"
"plot20","Microhoria_plumbea","OLA"
"plot20","Microlepidoptera","OLA"
"plot20","Mosca_14","OLA"
"plot20","Mosca_15","OLA"
"plot20","Mosca_19","OLA"
"plot20","Mosca_9","OLA"
"plot20","Osmia_rufohirta","OLA"
"plot20","Oxythyrea_funesta","OLA"
"plot20","Pompilidae","OLA"
"plot20","Rodanthidium_sticticum","OLA"
"plot20","Symphyta","OLA"
"plot20","Tachinidae_2","OLA"
"plot20","Adela_aldrovandella","ROF"
"plot20","Anthophora_dispar","ROF"
"plot20","Apis","ROF"
"plot20","Bombus_terrestris","ROF"
"plot20","Ceratina_cyanea","ROF"
"plot20","Clanoptilus_abdominalis","ROF"
"plot20","Cryptocephalus_ramburi","ROF"
"plot20","Diodontus","ROF"
"plot20","Hylaeus_hyalinatus","ROF"
"plot20","Ichneumonidae_6","ROF"
"plot20","Lasioglossum_transitorium_planulum","ROF"
"plot20","Lobonyx_aeneus","ROF"
"plot20","Microhoria_plumbea","ROF"
"plot20","Microlepidoptera","ROF"
"plot20","Mosca_14","ROF"
"plot20","Mosca_15","ROF"
"plot20","Mosca_19","ROF"
"plot20","Mosca_9","ROF"
"plot20","Osmia_rufohirta","ROF"
"plot20","Oxythyrea_funesta","ROF"
"plot20","Pompilidae","ROF"
"plot20","Rodanthidium_sticticum","ROF"
"plot20","Symphyta","ROF"
"plot20","Tachinidae_2","ROF"
"plot20","Adela_aldrovandella","TVUF"
"plot20","Anthophora_dispar","TVUF"
"plot20","Apis","TVUF"
"plot20","Bombus_terrestris","TVUF"
"plot20","Ceratina_cyanea","TVUF"
"plot20","Clanoptilus_abdominalis","TVUF"
"plot20","Cryptocephalus_ramburi","TVUF"
"plot20","Diodontus","TVUF"
"plot20","Hylaeus_hyalinatus","TVUF"
"plot20","Ichneumonidae_6","TVUF"
"plot20","Lasioglossum_transitorium_planulum","TVUF"
"plot20","Lobonyx_aeneus","TVUF"
"plot20","Microhoria_plumbea","TVUF"
"plot20","Microlepidoptera","TVUF"
"plot20","Mosca_14","TVUF"
"plot20","Mosca_15","TVUF"
"plot20","Mosca_19","TVUF"
"plot20","Mosca_9","TVUF"
"plot20","Osmia_rufohirta","TVUF"
"plot20","Oxythyrea_funesta","TVUF"
"plot20","Pompilidae","TVUF"
"plot20","Rodanthidium_sticticum","TVUF"
"plot20","Symphyta","TVUF"
"plot20","Tachinidae_2","TVUF"
"plot20","Adela_aldrovandella","TVUH"
"plot20","Anthophora_dispar","TVUH"
"plot20","Apis","TVUH"
"plot20","Bombus_terrestris","TVUH"
"plot20","Ceratina_cyanea","TVUH"
"plot20","Clanoptilus_abdominalis","TVUH"
"plot20","Cryptocephalus_ramburi","TVUH"
"plot20","Diodontus","TVUH"
"plot20","Hylaeus_hyalinatus","TVUH"
"plot20","Ichneumonidae_6","TVUH"
"plot20","Lasioglossum_transitorium_planulum","TVUH"
"plot20","Lobonyx_aeneus","TVUH"
"plot20","Microhoria_plumbea","TVUH"
"plot20","Microlepidoptera","TVUH"
"plot20","Mosca_14","TVUH"
"plot20","Mosca_15","TVUH"
"plot20","Mosca_19","TVUH"
"plot20","Mosca_9","TVUH"
"plot20","Osmia_rufohirta","TVUH"
"plot20","Oxythyrea_funesta","TVUH"
"plot20","Pompilidae","TVUH"
"plot20","Rodanthidium_sticticum","TVUH"
"plot20","Symphyta","TVUH"
"plot20","Tachinidae_2","TVUH"
"plot21","Adela_aldrovandella","BLA"
"plot21","Andrena_angustior_impressa","BLA"
"plot21","Andrena_djelfensis","BLA"
"plot21","Anthophora_acervorum","BLA"
"plot21","Apis","BLA"
"plot21","Bombylius_cruciatus","BLA"
"plot21","Bombylius_discolor","BLA"
"plot21","Chalcididae_5","BLA"
"plot21","Chamaesyrphus","BLA"
"plot21","Dipter_molt_llarg._mes_que_apis._ales_fosques._grisos","BLA"
"plot21","Empididae","BLA"
"plot21","Escarabat_rodonet_com_una_marieta_però_blau","BLA"
"plot21","Halictus_smaragdalus","BLA"
"plot21","Hylaeus_hyalinatus","BLA"
"plot21","Lasioglossum_bimaculatum","BLA"
"plot21","Lasioglossum_transitorium_planulum","BLA"
"plot21","Lobonyx_aeneus","BLA"
"plot21","Microhoria_plumbea","BLA"
"plot21","Oedemera_flavipes","BLA"
"plot21","Pseudophilotes_panoptes","BLA"
"plot21","Sarcophagidae_4","BLA"
"plot21","Adela_aldrovandella","FLA"
"plot21","Andrena_angustior_impressa","FLA"
"plot21","Andrena_djelfensis","FLA"
"plot21","Anthophora_acervorum","FLA"
"plot21","Apis","FLA"
"plot21","Bombylius_cruciatus","FLA"
"plot21","Bombylius_discolor","FLA"
"plot21","Chalcididae_5","FLA"
"plot21","Chamaesyrphus","FLA"
"plot21","Dipter_molt_llarg._mes_que_apis._ales_fosques._grisos","FLA"
"plot21","Empididae","FLA"
"plot21","Escarabat_rodonet_com_una_marieta_però_blau","FLA"
"plot21","Halictus_smaragdalus","FLA"
"plot21","Hylaeus_hyalinatus","FLA"
"plot21","Lasioglossum_bimaculatum","FLA"
"plot21","Lasioglossum_transitorium_planulum","FLA"
"plot21","Lobonyx_aeneus","FLA"
"plot21","Microhoria_plumbea","FLA"
"plot21","Oedemera_flavipes","FLA"
"plot21","Pseudophilotes_panoptes","FLA"
"plot21","Sarcophagidae_4","FLA"
"plot21","Adela_aldrovandella","HOE"
"plot21","Andrena_angustior_impressa","HOE"
"plot21","Andrena_djelfensis","HOE"
"plot21","Anthophora_acervorum","HOE"
"plot21","Apis","HOE"
"plot21","Bombylius_cruciatus","HOE"
"plot21","Bombylius_discolor","HOE"
"plot21","Chalcididae_5","HOE"
"plot21","Chamaesyrphus","HOE"
"plot21","Dipter_molt_llarg._mes_que_apis._ales_fosques._grisos","HOE"
"plot21","Empididae","HOE"
"plot21","Escarabat_rodonet_com_una_marieta_però_blau","HOE"
"plot21","Halictus_smaragdalus","HOE"
"plot21","Hylaeus_hyalinatus","HOE"
"plot21","Lasioglossum_bimaculatum","HOE"
"plot21","Lasioglossum_transitorium_planulum","HOE"
"plot21","Lobonyx_aeneus","HOE"
"plot21","Microhoria_plumbea","HOE"
"plot21","Oedemera_flavipes","HOE"
"plot21","Pseudophilotes_panoptes","HOE"
"plot21","Sarcophagidae_4","HOE"
"plot21","Adela_aldrovandella","POT"
"plot21","Andrena_angustior_impressa","POT"
"plot21","Andrena_djelfensis","POT"
"plot21","Anthophora_acervorum","POT"
"plot21","Apis","POT"
"plot21","Bombylius_cruciatus","POT"
"plot21","Bombylius_discolor","POT"
"plot21","Chalcididae_5","POT"
"plot21","Chamaesyrphus","POT"
"plot21","Dipter_molt_llarg._mes_que_apis._ales_fosques._grisos","POT"
"plot21","Empididae","POT"
"plot21","Escarabat_rodonet_com_una_marieta_però_blau","POT"
"plot21","Halictus_smaragdalus","POT"
"plot21","Hylaeus_hyalinatus","POT"
"plot21","Lasioglossum_bimaculatum","POT"
"plot21","Lasioglossum_transitorium_planulum","POT"
"plot21","Lobonyx_aeneus","POT"
"plot21","Microhoria_plumbea","POT"
"plot21","Oedemera_flavipes","POT"
"plot21","Pseudophilotes_panoptes","POT"
"plot21","Sarcophagidae_4","POT"
"plot21","Adela_aldrovandella","ROF"
"plot21","Andrena_angustior_impressa","ROF"
"plot21","Andrena_djelfensis","ROF"
"plot21","Anthophora_acervorum","ROF"
"plot21","Apis","ROF"
"plot21","Bombylius_cruciatus","ROF"
"plot21","Bombylius_discolor","ROF"
"plot21","Chalcididae_5","ROF"
"plot21","Chamaesyrphus","ROF"
"plot21","Dipter_molt_llarg._mes_que_apis._ales_fosques._grisos","ROF"
"plot21","Empididae","ROF"
"plot21","Escarabat_rodonet_com_una_marieta_però_blau","ROF"
"plot21","Halictus_smaragdalus","ROF"
"plot21","Hylaeus_hyalinatus","ROF"
"plot21","Lasioglossum_bimaculatum","ROF"
"plot21","Lasioglossum_transitorium_planulum","ROF"
"plot21","Lobonyx_aeneus","ROF"
"plot21","Microhoria_plumbea","ROF"
"plot21","Oedemera_flavipes","ROF"
"plot21","Pseudophilotes_panoptes","ROF"
"plot21","Sarcophagidae_4","ROF"
"plot21","Adela_aldrovandella","TVUF"
"plot21","Andrena_angustior_impressa","TVUF"
"plot21","Andrena_djelfensis","TVUF"
"plot21","Anthophora_acervorum","TVUF"
"plot21","Apis","TVUF"
"plot21","Bombylius_cruciatus","TVUF"
"plot21","Bombylius_discolor","TVUF"
"plot21","Chalcididae_5","TVUF"
"plot21","Chamaesyrphus","TVUF"
"plot21","Dipter_molt_llarg._mes_que_apis._ales_fosques._grisos","TVUF"
"plot21","Empididae","TVUF"
"plot21","Escarabat_rodonet_com_una_marieta_però_blau","TVUF"
"plot21","Halictus_smaragdalus","TVUF"
"plot21","Hylaeus_hyalinatus","TVUF"
"plot21","Lasioglossum_bimaculatum","TVUF"
"plot21","Lasioglossum_transitorium_planulum","TVUF"
"plot21","Lobonyx_aeneus","TVUF"
"plot21","Microhoria_plumbea","TVUF"
"plot21","Oedemera_flavipes","TVUF"
"plot21","Pseudophilotes_panoptes","TVUF"
"plot21","Sarcophagidae_4","TVUF"
"plot21","Adela_aldrovandella","TVUH"
"plot21","Andrena_angustior_impressa","TVUH"
"plot21","Andrena_djelfensis","TVUH"
"plot21","Anthophora_acervorum","TVUH"
"plot21","Apis","TVUH"
"plot21","Bombylius_cruciatus","TVUH"
"plot21","Bombylius_discolor","TVUH"
"plot21","Chalcididae_5","TVUH"
"plot21","Chamaesyrphus","TVUH"
"plot21","Dipter_molt_llarg._mes_que_apis._ales_fosques._grisos","TVUH"
"plot21","Empididae","TVUH"
"plot21","Escarabat_rodonet_com_una_marieta_però_blau","TVUH"
"plot21","Halictus_smaragdalus","TVUH"
"plot21","Hylaeus_hyalinatus","TVUH"
"plot21","Lasioglossum_bimaculatum","TVUH"
"plot21","Lasioglossum_transitorium_planulum","TVUH"
"plot21","Lobonyx_aeneus","TVUH"
"plot21","Microhoria_plumbea","TVUH"
"plot21","Oedemera_flavipes","TVUH"
"plot21","Pseudophilotes_panoptes","TVUH"
"plot21","Sarcophagidae_4","TVUH"
"plot22","Adela_aldrovandella","FLA"
"plot22","Andrena_lepida","FLA"
"plot22","Apis","FLA"
"plot22","Empididae_2","FLA"
"plot22","Escarabat_petit_1","FLA"
"plot22","Eumenes_coarctatus","FLA"
"plot22","Lasioglossum_bimaculatum","FLA"
"plot22","Lasioglossum_griseolum","FLA"
"plot22","Nomada_succinta","FLA"
"plot22","Oxythyrea_funesta","FLA"
"plot22","Pseudophilotes_panoptes","FLA"
"plot22","Rodanthidium_sticticum","FLA"
"plot22","Adela_aldrovandella","OLA"
"plot22","Andrena_lepida","OLA"
"plot22","Apis","OLA"
"plot22","Empididae_2","OLA"
"plot22","Escarabat_petit_1","OLA"
"plot22","Eumenes_coarctatus","OLA"
"plot22","Lasioglossum_bimaculatum","OLA"
"plot22","Lasioglossum_griseolum","OLA"
"plot22","Nomada_succinta","OLA"
"plot22","Oxythyrea_funesta","OLA"
"plot22","Pseudophilotes_panoptes","OLA"
"plot22","Rodanthidium_sticticum","OLA"
"plot22","Adela_aldrovandella","ROF"
"plot22","Andrena_lepida","ROF"
"plot22","Apis","ROF"
"plot22","Empididae_2","ROF"
"plot22","Escarabat_petit_1","ROF"
"plot22","Eumenes_coarctatus","ROF"
"plot22","Lasioglossum_bimaculatum","ROF"
"plot22","Lasioglossum_griseolum","ROF"
"plot22","Nomada_succinta","ROF"
"plot22","Oxythyrea_funesta","ROF"
"plot22","Pseudophilotes_panoptes","ROF"
"plot22","Rodanthidium_sticticum","ROF"
"plot22","Adela_aldrovandella","TVUF"
"plot22","Andrena_lepida","TVUF"
"plot22","Apis","TVUF"
"plot22","Empididae_2","TVUF"
"plot22","Escarabat_petit_1","TVUF"
"plot22","Eumenes_coarctatus","TVUF"
"plot22","Lasioglossum_bimaculatum","TVUF"
"plot22","Lasioglossum_griseolum","TVUF"
"plot22","Nomada_succinta","TVUF"
"plot22","Oxythyrea_funesta","TVUF"
"plot22","Pseudophilotes_panoptes","TVUF"
"plot22","Rodanthidium_sticticum","TVUF"
"plot22","Adela_aldrovandella","TVUH"
"plot22","Andrena_lepida","TVUH"
"plot22","Apis","TVUH"
"plot22","Empididae_2","TVUH"
"plot22","Escarabat_petit_1","TVUH"
"plot22","Eumenes_coarctatus","TVUH"
"plot22","Lasioglossum_bimaculatum","TVUH"
"plot22","Lasioglossum_griseolum","TVUH"
"plot22","Nomada_succinta","TVUH"
"plot22","Oxythyrea_funesta","TVUH"
"plot22","Pseudophilotes_panoptes","TVUH"
"plot22","Rodanthidium_sticticum","TVUH"
"plot23","Adela_aldrovandella","ROF"
"plot23","Apis","ROF"
"plot23","Bombus_terrestris","ROF"
"plot23","Chrysotoxum_cautum","ROF"
"plot23","Empididae","ROF"
"plot23","Lasioglossum_transitorium_planulum","ROF"
"plot23","Oxythyrea_funesta","ROF"
"plot23","Pseudophilotes_panoptes","ROF"
"plot23","Adela_aldrovandella","TVUF"
"plot23","Apis","TVUF"
"plot23","Bombus_terrestris","TVUF"
"plot23","Chrysotoxum_cautum","TVUF"
"plot23","Empididae","TVUF"
"plot23","Lasioglossum_transitorium_planulum","TVUF"
"plot23","Oxythyrea_funesta","TVUF"
"plot23","Pseudophilotes_panoptes","TVUF"
"plot24","Adela_aldrovandella","BLA"
"plot24","Andrena_angustior_impressa","BLA"
"plot24","Andrena_djelfensis","BLA"
"plot24","Andrena_lepida","BLA"
"plot24","Andrena_nana","BLA"
"plot24","Andrena_nigroaenea","BLA"
"plot24","Anthaxia","BLA"
"plot24","Apis","BLA"
"plot24","Calliphoridae_3","BLA"
"plot24","Empididae","BLA"
"plot24","Lasioglossum_bimaculatum","BLA"
"plot24","Lasioglossum_transitorium_planulum","BLA"
"plot24","Mecoptera","BLA"
"plot24","Mosca_15","BLA"
"plot24","Osmia_gallarum","BLA"
"plot24","Sarcophagidae_1","BLA"
"plot24","Scatophagidae..","BLA"
"plot24","Syrphidae_1","BLA"
"plot24","Adela_aldrovandella","ECH"
"plot24","Andrena_angustior_impressa","ECH"
"plot24","Andrena_djelfensis","ECH"
"plot24","Andrena_lepida","ECH"
"plot24","Andrena_nana","ECH"
"plot24","Andrena_nigroaenea","ECH"
"plot24","Anthaxia","ECH"
"plot24","Apis","ECH"
"plot24","Calliphoridae_3","ECH"
"plot24","Empididae","ECH"
"plot24","Lasioglossum_bimaculatum","ECH"
"plot24","Lasioglossum_transitorium_planulum","ECH"
"plot24","Mecoptera","ECH"
"plot24","Mosca_15","ECH"
"plot24","Osmia_gallarum","ECH"
"plot24","Sarcophagidae_1","ECH"
"plot24","Scatophagidae..","ECH"
"plot24","Syrphidae_1","ECH"
"plot24","Adela_aldrovandella","EFL"
"plot24","Andrena_angustior_impressa","EFL"
"plot24","Andrena_djelfensis","EFL"
"plot24","Andrena_lepida","EFL"
"plot24","Andrena_nana","EFL"
"plot24","Andrena_nigroaenea","EFL"
"plot24","Anthaxia","EFL"
"plot24","Apis","EFL"
"plot24","Calliphoridae_3","EFL"
"plot24","Empididae","EFL"
"plot24","Lasioglossum_bimaculatum","EFL"
"plot24","Lasioglossum_transitorium_planulum","EFL"
"plot24","Mecoptera","EFL"
"plot24","Mosca_15","EFL"
"plot24","Osmia_gallarum","EFL"
"plot24","Sarcophagidae_1","EFL"
"plot24","Scatophagidae..","EFL"
"plot24","Syrphidae_1","EFL"
"plot24","Adela_aldrovandella","HOE"
"plot24","Andrena_angustior_impressa","HOE"
"plot24","Andrena_djelfensis","HOE"
"plot24","Andrena_lepida","HOE"
"plot24","Andrena_nana","HOE"
"plot24","Andrena_nigroaenea","HOE"
"plot24","Anthaxia","HOE"
"plot24","Apis","HOE"
"plot24","Calliphoridae_3","HOE"
"plot24","Empididae","HOE"
"plot24","Lasioglossum_bimaculatum","HOE"
"plot24","Lasioglossum_transitorium_planulum","HOE"
"plot24","Mecoptera","HOE"
"plot24","Mosca_15","HOE"
"plot24","Osmia_gallarum","HOE"
"plot24","Sarcophagidae_1","HOE"
"plot24","Scatophagidae..","HOE"
"plot24","Syrphidae_1","HOE"
"plot24","Adela_aldrovandella","ROF"
"plot24","Andrena_angustior_impressa","ROF"
"plot24","Andrena_djelfensis","ROF"
"plot24","Andrena_lepida","ROF"
"plot24","Andrena_nana","ROF"
"plot24","Andrena_nigroaenea","ROF"
"plot24","Anthaxia","ROF"
"plot24","Apis","ROF"
"plot24","Calliphoridae_3","ROF"
"plot24","Empididae","ROF"
"plot24","Lasioglossum_bimaculatum","ROF"
"plot24","Lasioglossum_transitorium_planulum","ROF"
"plot24","Mecoptera","ROF"
"plot24","Mosca_15","ROF"
"plot24","Osmia_gallarum","ROF"
"plot24","Sarcophagidae_1","ROF"
"plot24","Scatophagidae..","ROF"
"plot24","Syrphidae_1","ROF"
"plot24","Adela_aldrovandella","TVUF"
"plot24","Andrena_angustior_impressa","TVUF"
"plot24","Andrena_djelfensis","TVUF"
"plot24","Andrena_lepida","TVUF"
"plot24","Andrena_nana","TVUF"
"plot24","Andrena_nigroaenea","TVUF"
"plot24","Anthaxia","TVUF"
"plot24","Apis","TVUF"
"plot24","Calliphoridae_3","TVUF"
"plot24","Empididae","TVUF"
"plot24","Lasioglossum_bimaculatum","TVUF"
"plot24","Lasioglossum_transitorium_planulum","TVUF"
"plot24","Mecoptera","TVUF"
"plot24","Mosca_15","TVUF"
"plot24","Osmia_gallarum","TVUF"
"plot24","Sarcophagidae_1","TVUF"
"plot24","Scatophagidae..","TVUF"
"plot24","Syrphidae_1","TVUF"
"plot24","Adela_aldrovandella","TVUH"
"plot24","Andrena_angustior_impressa","TVUH"
"plot24","Andrena_djelfensis","TVUH"
"plot24","Andrena_lepida","TVUH"
"plot24","Andrena_nana","TVUH"
"plot24","Andrena_nigroaenea","TVUH"
"plot24","Anthaxia","TVUH"
"plot24","Apis","TVUH"
"plot24","Calliphoridae_3","TVUH"
"plot24","Empididae","TVUH"
"plot24","Lasioglossum_bimaculatum","TVUH"
"plot24","Lasioglossum_transitorium_planulum","TVUH"
"plot24","Mecoptera","TVUH"
"plot24","Mosca_15","TVUH"
"plot24","Osmia_gallarum","TVUH"
"plot24","Sarcophagidae_1","TVUH"
"plot24","Scatophagidae..","TVUH"
"plot24","Syrphidae_1","TVUH"
"plot25","Anthophora_dispar","EFL"
"plot25","Anthrenus_2","EFL"
"plot25","Apis","EFL"
"plot25","Bombus_terrestris","EFL"
"plot25","Callophrys_rubi","EFL"
"plot25","Oxythyrea_funesta","EFL"
"plot25","Pieris_rapae","EFL"
"plot25","Anthophora_dispar","HOE"
"plot25","Anthrenus_2","HOE"
"plot25","Apis","HOE"
"plot25","Bombus_terrestris","HOE"
"plot25","Callophrys_rubi","HOE"
"plot25","Oxythyrea_funesta","HOE"
"plot25","Pieris_rapae","HOE"
"plot25","Anthophora_dispar","ROF"
"plot25","Anthrenus_2","ROF"
"plot25","Apis","ROF"
"plot25","Bombus_terrestris","ROF"
"plot25","Callophrys_rubi","ROF"
"plot25","Oxythyrea_funesta","ROF"
"plot25","Pieris_rapae","ROF"
"plot25","Anthophora_dispar","TVUF"
"plot25","Anthrenus_2","TVUF"
"plot25","Apis","TVUF"
"plot25","Bombus_terrestris","TVUF"
"plot25","Callophrys_rubi","TVUF"
"plot25","Oxythyrea_funesta","TVUF"
"plot25","Pieris_rapae","TVUF"
"plot26","Andrena_djelfensis","ROF"
"plot26","Andrena_nigroaenea","ROF"
"plot26","Anthaxia","ROF"
"plot26","Apis","ROF"
"plot26","Bibio_sp","ROF"
"plot26","Lasioglossum_griseolum","ROF"
"plot26","Oxythyrea_funesta","ROF"
"plot26","Andrena_djelfensis","TVUF"
"plot26","Andrena_nigroaenea","TVUF"
"plot26","Anthaxia","TVUF"
"plot26","Apis","TVUF"
"plot26","Bibio_sp","TVUF"
"plot26","Lasioglossum_griseolum","TVUF"
"plot26","Oxythyrea_funesta","TVUF"
"plot26","Andrena_djelfensis","TVUH"
"plot26","Andrena_nigroaenea","TVUH"
"plot26","Anthaxia","TVUH"
"plot26","Apis","TVUH"
"plot26","Bibio_sp","TVUH"
"plot26","Lasioglossum_griseolum","TVUH"
"plot26","Oxythyrea_funesta","TVUH"
"plot27","Apis","LIN"
"plot27","Bibio_sp","LIN"
"plot27","Empididae","LIN"
"plot27","Megachile_pyrenaica","LIN"
"plot27","Sarcophagidae_2","LIN"
"plot27","Apis","ROF"
"plot27","Bibio_sp","ROF"
"plot27","Empididae","ROF"
"plot27","Megachile_pyrenaica","ROF"
"plot27","Sarcophagidae_2","ROF"
"plot27","Apis","TVUF"
"plot27","Bibio_sp","TVUF"
"plot27","Empididae","TVUF"
"plot27","Megachile_pyrenaica","TVUF"
"plot27","Sarcophagidae_2","TVUF"
"plot27","Apis","TVUH"
"plot27","Bibio_sp","TVUH"
"plot27","Empididae","TVUH"
"plot27","Megachile_pyrenaica","TVUH"
"plot27","Sarcophagidae_2","TVUH"
"plot28","Apis","EFL"
"plot28","Chalcididae_6","EFL"
"plot28","Dasytes_nigroaeneus","EFL"
"plot28","Dipter_2","EFL"
"plot28","Empididae","EFL"
"plot28","Lasioglossum_transitorium_planulum","EFL"
"plot28","Meligethes_aeneus","EFL"
"plot28","Mosca_petita_3","EFL"
"plot28","Apis","ROF"
"plot28","Chalcididae_6","ROF"
"plot28","Dasytes_nigroaeneus","ROF"
"plot28","Dipter_2","ROF"
"plot28","Empididae","ROF"
"plot28","Lasioglossum_transitorium_planulum","ROF"
"plot28","Meligethes_aeneus","ROF"
"plot28","Mosca_petita_3","ROF"
"plot28","Apis","TVUF"
"plot28","Chalcididae_6","TVUF"
"plot28","Dasytes_nigroaeneus","TVUF"
"plot28","Dipter_2","TVUF"
"plot28","Empididae","TVUF"
"plot28","Lasioglossum_transitorium_planulum","TVUF"
"plot28","Meligethes_aeneus","TVUF"
"plot28","Mosca_petita_3","TVUF"
"plot28","Apis","TVUH"
"plot28","Chalcididae_6","TVUH"
"plot28","Dasytes_nigroaeneus","TVUH"
"plot28","Dipter_2","TVUH"
"plot28","Empididae","TVUH"
"plot28","Lasioglossum_transitorium_planulum","TVUH"
"plot28","Meligethes_aeneus","TVUH"
"plot28","Mosca_petita_3","TVUH"
"plot29","Andrena_djelfensis","ECH"
"plot29","Apis","ECH"
"plot29","Bruchidius_1","ECH"
"plot29","Butterfly","ECH"
"plot29","Dasytes_nigroaeneus","ECH"
"plot29","Empididae","ECH"
"plot29","Hylaeus_hyalinatus","ECH"
"plot29","Mosca_14","ECH"
"plot29","Mosca_15","ECH"
"plot29","Mosca_9","ECH"
"plot29","Nomada_flavoguttata","ECH"
"plot29","Pseudophilotes_panoptes","ECH"
"plot29","Syrphidae_2","ECH"
"plot29","Andrena_djelfensis","EFL"
"plot29","Apis","EFL"
"plot29","Bruchidius_1","EFL"
"plot29","Butterfly","EFL"
"plot29","Dasytes_nigroaeneus","EFL"
"plot29","Empididae","EFL"
"plot29","Hylaeus_hyalinatus","EFL"
"plot29","Mosca_14","EFL"
"plot29","Mosca_15","EFL"
"plot29","Mosca_9","EFL"
"plot29","Nomada_flavoguttata","EFL"
"plot29","Pseudophilotes_panoptes","EFL"
"plot29","Syrphidae_2","EFL"
"plot29","Andrena_djelfensis","HOE"
"plot29","Apis","HOE"
"plot29","Bruchidius_1","HOE"
"plot29","Butterfly","HOE"
"plot29","Dasytes_nigroaeneus","HOE"
"plot29","Empididae","HOE"
"plot29","Hylaeus_hyalinatus","HOE"
"plot29","Mosca_14","HOE"
"plot29","Mosca_15","HOE"
"plot29","Mosca_9","HOE"
"plot29","Nomada_flavoguttata","HOE"
"plot29","Pseudophilotes_panoptes","HOE"
"plot29","Syrphidae_2","HOE"
"plot29","Andrena_djelfensis","TVUF"
"plot29","Apis","TVUF"
"plot29","Bruchidius_1","TVUF"
"plot29","Butterfly","TVUF"
"plot29","Dasytes_nigroaeneus","TVUF"
"plot29","Empididae","TVUF"
"plot29","Hylaeus_hyalinatus","TVUF"
"plot29","Mosca_14","TVUF"
"plot29","Mosca_15","TVUF"
"plot29","Mosca_9","TVUF"
"plot29","Nomada_flavoguttata","TVUF"
"plot29","Pseudophilotes_panoptes","TVUF"
"plot29","Syrphidae_2","TVUF"
"plot29","Andrena_djelfensis","TVUH"
"plot29","Apis","TVUH"
"plot29","Bruchidius_1","TVUH"
"plot29","Butterfly","TVUH"
"plot29","Dasytes_nigroaeneus","TVUH"
"plot29","Empididae","TVUH"
"plot29","Hylaeus_hyalinatus","TVUH"
"plot29","Mosca_14","TVUH"
"plot29","Mosca_15","TVUH"
"plot29","Mosca_9","TVUH"
"plot29","Nomada_flavoguttata","TVUH"
"plot29","Pseudophilotes_panoptes","TVUH"
"plot29","Syrphidae_2","TVUH"
"plot30","Andrena_djelfensis","CSA"
"plot30","Anthrenus_1","CSA"
"plot30","Apis","CSA"
"plot30","Bibio_sp","CSA"
"plot30","Coleòpter_vermell_gruixut","CSA"
"plot30","Conòpid_llarg_vermell","CSA"
"plot30","Dasytes_nigroaeneus","CSA"
"plot30","Empididae","CSA"
"plot30","Gymnosoma","CSA"
"plot30","Lasioglossum_griseolum","CSA"
"plot30","Lasioglossum_interruptum","CSA"
"plot30","Lobonyx_aeneus","CSA"
"plot30","Mosca_9","CSA"
"plot30","Moth_1","CSA"
"plot30","Nomada_flavoguttata","CSA"
"plot30","Oxythyrea_funesta","CSA"
"plot30","Pseudophilotes_panoptes","CSA"
"plot30","Andrena_djelfensis","EFL"
"plot30","Anthrenus_1","EFL"
"plot30","Apis","EFL"
"plot30","Bibio_sp","EFL"
"plot30","Coleòpter_vermell_gruixut","EFL"
"plot30","Conòpid_llarg_vermell","EFL"
"plot30","Dasytes_nigroaeneus","EFL"
"plot30","Empididae","EFL"
"plot30","Gymnosoma","EFL"
"plot30","Lasioglossum_griseolum","EFL"
"plot30","Lasioglossum_interruptum","EFL"
"plot30","Lobonyx_aeneus","EFL"
"plot30","Mosca_9","EFL"
"plot30","Moth_1","EFL"
"plot30","Nomada_flavoguttata","EFL"
"plot30","Oxythyrea_funesta","EFL"
"plot30","Pseudophilotes_panoptes","EFL"
"plot30","Andrena_djelfensis","ROF"
"plot30","Anthrenus_1","ROF"
"plot30","Apis","ROF"
"plot30","Bibio_sp","ROF"
"plot30","Coleòpter_vermell_gruixut","ROF"
"plot30","Conòpid_llarg_vermell","ROF"
"plot30","Dasytes_nigroaeneus","ROF"
"plot30","Empididae","ROF"
"plot30","Gymnosoma","ROF"
"plot30","Lasioglossum_griseolum","ROF"
"plot30","Lasioglossum_interruptum","ROF"
"plot30","Lobonyx_aeneus","ROF"
"plot30","Mosca_9","ROF"
"plot30","Moth_1","ROF"
"plot30","Nomada_flavoguttata","ROF"
"plot30","Oxythyrea_funesta","ROF"
"plot30","Pseudophilotes_panoptes","ROF"
"plot30","Andrena_djelfensis","TVUF"
"plot30","Anthrenus_1","TVUF"
"plot30","Apis","TVUF"
"plot30","Bibio_sp","TVUF"
"plot30","Coleòpter_vermell_gruixut","TVUF"
"plot30","Conòpid_llarg_vermell","TVUF"
"plot30","Dasytes_nigroaeneus","TVUF"
"plot30","Empididae","TVUF"
"plot30","Gymnosoma","TVUF"
"plot30","Lasioglossum_griseolum","TVUF"
"plot30","Lasioglossum_interruptum","TVUF"
"plot30","Lobonyx_aeneus","TVUF"
"plot30","Mosca_9","TVUF"
"plot30","Moth_1","TVUF"
"plot30","Nomada_flavoguttata","TVUF"
"plot30","Oxythyrea_funesta","TVUF"
"plot30","Pseudophilotes_panoptes","TVUF"
"plot30","Andrena_djelfensis","TVUH"
"plot30","Anthrenus_1","TVUH"
"plot30","Apis","TVUH"
"plot30","Bibio_sp","TVUH"
"plot30","Coleòpter_vermell_gruixut","TVUH"
"plot30","Conòpid_llarg_vermell","TVUH"
"plot30","Dasytes_nigroaeneus","TVUH"
"plot30","Empididae","TVUH"
"plot30","Gymnosoma","TVUH"
"plot30","Lasioglossum_griseolum","TVUH"
"plot30","Lasioglossum_interruptum","TVUH"
"plot30","Lobonyx_aeneus","TVUH"
"plot30","Mosca_9","TVUH"
"plot30","Moth_1","TVUH"
"plot30","Nomada_flavoguttata","TVUH"
"plot30","Oxythyrea_funesta","TVUH"
"plot30","Pseudophilotes_panoptes","TVUH"
"plot31","Apis","OLA"
"plot31","Aplocnemus_calidus","OLA"
"plot31","Attalus_pictus","OLA"
"plot31","Chrysotoxum_cautum","OLA"
"plot31","Clanoptilus_abdominalis","OLA"
"plot31","Dasytes_nigroaeneus","OLA"
"plot31","Dipter_blanc","OLA"
"plot31","Lasioglossum_transitorium_planulum","OLA"
"plot31","Mosca_3","OLA"
"plot31","Oxythyrea_funesta","OLA"
"plot31","Rodanthidium_sticticum","OLA"
"plot31","Sarcophagidae_5","OLA"
"plot31","Apis","ROF"
"plot31","Aplocnemus_calidus","ROF"
"plot31","Attalus_pictus","ROF"
"plot31","Chrysotoxum_cautum","ROF"
"plot31","Clanoptilus_abdominalis","ROF"
"plot31","Dasytes_nigroaeneus","ROF"
"plot31","Dipter_blanc","ROF"
"plot31","Lasioglossum_transitorium_planulum","ROF"
"plot31","Mosca_3","ROF"
"plot31","Oxythyrea_funesta","ROF"
"plot31","Rodanthidium_sticticum","ROF"
"plot31","Sarcophagidae_5","ROF"
"plot31","Apis","TVUF"
"plot31","Aplocnemus_calidus","TVUF"
"plot31","Attalus_pictus","TVUF"
"plot31","Chrysotoxum_cautum","TVUF"
"plot31","Clanoptilus_abdominalis","TVUF"
"plot31","Dasytes_nigroaeneus","TVUF"
"plot31","Dipter_blanc","TVUF"
"plot31","Lasioglossum_transitorium_planulum","TVUF"
"plot31","Mosca_3","TVUF"
"plot31","Oxythyrea_funesta","TVUF"
"plot31","Rodanthidium_sticticum","TVUF"
"plot31","Sarcophagidae_5","TVUF"
"plot31","Apis","TVUH"
"plot31","Aplocnemus_calidus","TVUH"
"plot31","Attalus_pictus","TVUH"
"plot31","Chrysotoxum_cautum","TVUH"
"plot31","Clanoptilus_abdominalis","TVUH"
"plot31","Dasytes_nigroaeneus","TVUH"
"plot31","Dipter_blanc","TVUH"
"plot31","Lasioglossum_transitorium_planulum","TVUH"
"plot31","Mosca_3","TVUH"
"plot31","Oxythyrea_funesta","TVUH"
"plot31","Rodanthidium_sticticum","TVUH"
"plot31","Sarcophagidae_5","TVUH"
"plot32","Andrena_angustior_impressa","CSA"
"plot32","Andrena_nigroaenea","CSA"
"plot32","Anthophora_dispar","CSA"
"plot32","Apis","CSA"
"plot32","Bombus_terrestris","CSA"
"plot32","Bombylius_discolor","CSA"
"plot32","Clanoptilus_abdominalis","CSA"
"plot32","Empididae","CSA"
"plot32","Lasioglossum_transitorium_planulum","CSA"
"plot32","Lobonyx_aeneus","CSA"
"plot32","Merodon","CSA"
"plot32","Oxythyrea_funesta","CSA"
"plot32","Pseudophilotes_panoptes","CSA"
"plot32","Sarcophagidae_1","CSA"
"plot32","Sarcophagidae_6","CSA"
"plot32","Andrena_angustior_impressa","ROF"
"plot32","Andrena_nigroaenea","ROF"
"plot32","Anthophora_dispar","ROF"
"plot32","Apis","ROF"
"plot32","Bombus_terrestris","ROF"
"plot32","Bombylius_discolor","ROF"
"plot32","Clanoptilus_abdominalis","ROF"
"plot32","Empididae","ROF"
"plot32","Lasioglossum_transitorium_planulum","ROF"
"plot32","Lobonyx_aeneus","ROF"
"plot32","Merodon","ROF"
"plot32","Oxythyrea_funesta","ROF"
"plot32","Pseudophilotes_panoptes","ROF"
"plot32","Sarcophagidae_1","ROF"
"plot32","Sarcophagidae_6","ROF"
"plot32","Andrena_angustior_impressa","TVUF"
"plot32","Andrena_nigroaenea","TVUF"
"plot32","Anthophora_dispar","TVUF"
"plot32","Apis","TVUF"
"plot32","Bombus_terrestris","TVUF"
"plot32","Bombylius_discolor","TVUF"
"plot32","Clanoptilus_abdominalis","TVUF"
"plot32","Empididae","TVUF"
"plot32","Lasioglossum_transitorium_planulum","TVUF"
"plot32","Lobonyx_aeneus","TVUF"
"plot32","Merodon","TVUF"
"plot32","Oxythyrea_funesta","TVUF"
"plot32","Pseudophilotes_panoptes","TVUF"
"plot32","Sarcophagidae_1","TVUF"
"plot32","Sarcophagidae_6","TVUF"
"plot32","Andrena_angustior_impressa","TVUH"
"plot32","Andrena_nigroaenea","TVUH"
"plot32","Anthophora_dispar","TVUH"
"plot32","Apis","TVUH"
"plot32","Bombus_terrestris","TVUH"
"plot32","Bombylius_discolor","TVUH"
"plot32","Clanoptilus_abdominalis","TVUH"
"plot32","Empididae","TVUH"
"plot32","Lasioglossum_transitorium_planulum","TVUH"
"plot32","Lobonyx_aeneus","TVUH"
"plot32","Merodon","TVUH"
"plot32","Oxythyrea_funesta","TVUH"
"plot32","Pseudophilotes_panoptes","TVUH"
"plot32","Sarcophagidae_1","TVUH"
"plot32","Sarcophagidae_6","TVUH"
"plot33","Andrena_angustior_impressa","CSA"
"plot33","Anthrenus_1","CSA"
"plot33","Anthrenus_2","CSA"
"plot33","Apis","CSA"
"plot33","Chamaesyrphus","CSA"
"plot33","Dasytes_nigroaeneus","CSA"
"plot33","Dipter_elipse_1","CSA"
"plot33","Empididae","CSA"
"plot33","Hylaeus_hyalinatus","CSA"
"plot33","Lasioglossum_transitorium_planulum","CSA"
"plot33","Lobonyx_aeneus","CSA"
"plot33","Mordellistena_1","CSA"
"plot33","Mosca_16","CSA"
"plot33","Andrena_angustior_impressa","ROF"
"plot33","Anthrenus_1","ROF"
"plot33","Anthrenus_2","ROF"
"plot33","Apis","ROF"
"plot33","Chamaesyrphus","ROF"
"plot33","Dasytes_nigroaeneus","ROF"
"plot33","Dipter_elipse_1","ROF"
"plot33","Empididae","ROF"
"plot33","Hylaeus_hyalinatus","ROF"
"plot33","Lasioglossum_transitorium_planulum","ROF"
"plot33","Lobonyx_aeneus","ROF"
"plot33","Mordellistena_1","ROF"
"plot33","Mosca_16","ROF"
"plot33","Andrena_angustior_impressa","TVUF"
"plot33","Anthrenus_1","TVUF"
"plot33","Anthrenus_2","TVUF"
"plot33","Apis","TVUF"
"plot33","Chamaesyrphus","TVUF"
"plot33","Dasytes_nigroaeneus","TVUF"
"plot33","Dipter_elipse_1","TVUF"
"plot33","Empididae","TVUF"
"plot33","Hylaeus_hyalinatus","TVUF"
"plot33","Lasioglossum_transitorium_planulum","TVUF"
"plot33","Lobonyx_aeneus","TVUF"
"plot33","Mordellistena_1","TVUF"
"plot33","Mosca_16","TVUF"
"plot33","Andrena_angustior_impressa","TVUH"
"plot33","Anthrenus_1","TVUH"
"plot33","Anthrenus_2","TVUH"
"plot33","Apis","TVUH"
"plot33","Chamaesyrphus","TVUH"
"plot33","Dasytes_nigroaeneus","TVUH"
"plot33","Dipter_elipse_1","TVUH"
"plot33","Empididae","TVUH"
"plot33","Hylaeus_hyalinatus","TVUH"
"plot33","Lasioglossum_transitorium_planulum","TVUH"
"plot33","Lobonyx_aeneus","TVUH"
"plot33","Mordellistena_1","TVUH"
"plot33","Mosca_16","TVUH"
"plot34","Adela_aldrovandella","AMO"
"plot34","Anaspis","AMO"
"plot34","Anthophora_acervorum","AMO"
"plot34","Apis","AMO"
"plot34","Aplocnemus_calidus","AMO"
"plot34","Chamaesyrphus","AMO"
"plot34","Clanoptilus_abdominalis","AMO"
"plot34","Gonopteryx_cleopatra","AMO"
"plot34","Halictus_tetrazonius","AMO"
"plot34","Hylaeus_garrulus","AMO"
"plot34","Ichneumonidae_6","AMO"
"plot34","Lasioglossum_interruptum","AMO"
"plot34","Lasioglossum_mediterraneum","AMO"
"plot34","Lobonyx_aeneus","AMO"
"plot34","Microlepidoptera","AMO"
"plot34","Miridae_3","AMO"
"plot34","Mosca_8","AMO"
"plot34","Oxythyrea_funesta","AMO"
"plot34","Paragus_tibialis","AMO"
"plot34","Pseudophilotes_panoptes","AMO"
"plot34","Rodanthidium_sticticum","AMO"
"plot34","Sarcophagidae_3","AMO"
"plot34","Sarcophagidae_4","AMO"
"plot34","Sarcophagidae_5","AMO"
"plot34","Adela_aldrovandella","DPE"
"plot34","Anaspis","DPE"
"plot34","Anthophora_acervorum","DPE"
"plot34","Apis","DPE"
"plot34","Aplocnemus_calidus","DPE"
"plot34","Chamaesyrphus","DPE"
"plot34","Clanoptilus_abdominalis","DPE"
"plot34","Gonopteryx_cleopatra","DPE"
"plot34","Halictus_tetrazonius","DPE"
"plot34","Hylaeus_garrulus","DPE"
"plot34","Ichneumonidae_6","DPE"
"plot34","Lasioglossum_interruptum","DPE"
"plot34","Lasioglossum_mediterraneum","DPE"
"plot34","Lobonyx_aeneus","DPE"
"plot34","Microlepidoptera","DPE"
"plot34","Miridae_3","DPE"
"plot34","Mosca_8","DPE"
"plot34","Oxythyrea_funesta","DPE"
"plot34","Paragus_tibialis","DPE"
"plot34","Pseudophilotes_panoptes","DPE"
"plot34","Rodanthidium_sticticum","DPE"
"plot34","Sarcophagidae_3","DPE"
"plot34","Sarcophagidae_4","DPE"
"plot34","Sarcophagidae_5","DPE"
"plot34","Adela_aldrovandella","HOE"
"plot34","Anaspis","HOE"
"plot34","Anthophora_acervorum","HOE"
"plot34","Apis","HOE"
"plot34","Aplocnemus_calidus","HOE"
"plot34","Chamaesyrphus","HOE"
"plot34","Clanoptilus_abdominalis","HOE"
"plot34","Gonopteryx_cleopatra","HOE"
"plot34","Halictus_tetrazonius","HOE"
"plot34","Hylaeus_garrulus","HOE"
"plot34","Ichneumonidae_6","HOE"
"plot34","Lasioglossum_interruptum","HOE"
"plot34","Lasioglossum_mediterraneum","HOE"
"plot34","Lobonyx_aeneus","HOE"
"plot34","Microlepidoptera","HOE"
"plot34","Miridae_3","HOE"
"plot34","Mosca_8","HOE"
"plot34","Oxythyrea_funesta","HOE"
"plot34","Paragus_tibialis","HOE"
"plot34","Pseudophilotes_panoptes","HOE"
"plot34","Rodanthidium_sticticum","HOE"
"plot34","Sarcophagidae_3","HOE"
"plot34","Sarcophagidae_4","HOE"
"plot34","Sarcophagidae_5","HOE"
"plot34","Adela_aldrovandella","OLA"
"plot34","Anaspis","OLA"
"plot34","Anthophora_acervorum","OLA"
"plot34","Apis","OLA"
"plot34","Aplocnemus_calidus","OLA"
"plot34","Chamaesyrphus","OLA"
"plot34","Clanoptilus_abdominalis","OLA"
"plot34","Gonopteryx_cleopatra","OLA"
"plot34","Halictus_tetrazonius","OLA"
"plot34","Hylaeus_garrulus","OLA"
"plot34","Ichneumonidae_6","OLA"
"plot34","Lasioglossum_interruptum","OLA"
"plot34","Lasioglossum_mediterraneum","OLA"
"plot34","Lobonyx_aeneus","OLA"
"plot34","Microlepidoptera","OLA"
"plot34","Miridae_3","OLA"
"plot34","Mosca_8","OLA"
"plot34","Oxythyrea_funesta","OLA"
"plot34","Paragus_tibialis","OLA"
"plot34","Pseudophilotes_panoptes","OLA"
"plot34","Rodanthidium_sticticum","OLA"
"plot34","Sarcophagidae_3","OLA"
"plot34","Sarcophagidae_4","OLA"
"plot34","Sarcophagidae_5","OLA"
"plot34","Adela_aldrovandella","ROF"
"plot34","Anaspis","ROF"
"plot34","Anthophora_acervorum","ROF"
"plot34","Apis","ROF"
"plot34","Aplocnemus_calidus","ROF"
"plot34","Chamaesyrphus","ROF"
"plot34","Clanoptilus_abdominalis","ROF"
"plot34","Gonopteryx_cleopatra","ROF"
"plot34","Halictus_tetrazonius","ROF"
"plot34","Hylaeus_garrulus","ROF"
"plot34","Ichneumonidae_6","ROF"
"plot34","Lasioglossum_interruptum","ROF"
"plot34","Lasioglossum_mediterraneum","ROF"
"plot34","Lobonyx_aeneus","ROF"
"plot34","Microlepidoptera","ROF"
"plot34","Miridae_3","ROF"
"plot34","Mosca_8","ROF"
"plot34","Oxythyrea_funesta","ROF"
"plot34","Paragus_tibialis","ROF"
"plot34","Pseudophilotes_panoptes","ROF"
"plot34","Rodanthidium_sticticum","ROF"
"plot34","Sarcophagidae_3","ROF"
"plot34","Sarcophagidae_4","ROF"
"plot34","Sarcophagidae_5","ROF"
"plot34","Adela_aldrovandella","TVUF"
"plot34","Anaspis","TVUF"
"plot34","Anthophora_acervorum","TVUF"
"plot34","Apis","TVUF"
"plot34","Aplocnemus_calidus","TVUF"
"plot34","Chamaesyrphus","TVUF"
"plot34","Clanoptilus_abdominalis","TVUF"
"plot34","Gonopteryx_cleopatra","TVUF"
"plot34","Halictus_tetrazonius","TVUF"
"plot34","Hylaeus_garrulus","TVUF"
"plot34","Ichneumonidae_6","TVUF"
"plot34","Lasioglossum_interruptum","TVUF"
"plot34","Lasioglossum_mediterraneum","TVUF"
"plot34","Lobonyx_aeneus","TVUF"
"plot34","Microlepidoptera","TVUF"
"plot34","Miridae_3","TVUF"
"plot34","Mosca_8","TVUF"
"plot34","Oxythyrea_funesta","TVUF"
"plot34","Paragus_tibialis","TVUF"
"plot34","Pseudophilotes_panoptes","TVUF"
"plot34","Rodanthidium_sticticum","TVUF"
"plot34","Sarcophagidae_3","TVUF"
"plot34","Sarcophagidae_4","TVUF"
"plot34","Sarcophagidae_5","TVUF"
"plot34","Adela_aldrovandella","TVUH"
"plot34","Anaspis","TVUH"
"plot34","Anthophora_acervorum","TVUH"
"plot34","Apis","TVUH"
"plot34","Aplocnemus_calidus","TVUH"
"plot34","Chamaesyrphus","TVUH"
"plot34","Clanoptilus_abdominalis","TVUH"
"plot34","Gonopteryx_cleopatra","TVUH"
"plot34","Halictus_tetrazonius","TVUH"
"plot34","Hylaeus_garrulus","TVUH"
"plot34","Ichneumonidae_6","TVUH"
"plot34","Lasioglossum_interruptum","TVUH"
"plot34","Lasioglossum_mediterraneum","TVUH"
"plot34","Lobonyx_aeneus","TVUH"
"plot34","Microlepidoptera","TVUH"
"plot34","Miridae_3","TVUH"
"plot34","Mosca_8","TVUH"
"plot34","Oxythyrea_funesta","TVUH"
"plot34","Paragus_tibialis","TVUH"
"plot34","Pseudophilotes_panoptes","TVUH"
"plot34","Rodanthidium_sticticum","TVUH"
"plot34","Sarcophagidae_3","TVUH"
"plot34","Sarcophagidae_4","TVUH"
"plot34","Sarcophagidae_5","TVUH"
"plot35","Anaspis","CSP"
"plot35","Andrena_vulpecula","CSP"
"plot35","Anthophora_dispar","CSP"
"plot35","Apis","CSP"
"plot35","Clytra_quadripunctata","CSP"
"plot35","Empididae","CSP"
"plot35","Eristalinus_aeneus","CSP"
"plot35","Himenopter_molt_petit","CSP"
"plot35","Lasioglossum_transitorium_planulum","CSP"
"plot35","Meligethes_aeneus","CSP"
"plot35","Mosca_mitjana_1","CSP"
"plot35","Mosca_normal_1","CSP"
"plot35","Musca_1","CSP"
"plot35","Paragus_tibialis","CSP"
"plot35","Platynochaetus_setosus","CSP"
"plot35","Rodanthidium_sticticum","CSP"
"plot35","Stratyomidae_3","CSP"
"plot35","Anaspis","EFL"
"plot35","Andrena_vulpecula","EFL"
"plot35","Anthophora_dispar","EFL"
"plot35","Apis","EFL"
"plot35","Clytra_quadripunctata","EFL"
"plot35","Empididae","EFL"
"plot35","Eristalinus_aeneus","EFL"
"plot35","Himenopter_molt_petit","EFL"
"plot35","Lasioglossum_transitorium_planulum","EFL"
"plot35","Meligethes_aeneus","EFL"
"plot35","Mosca_mitjana_1","EFL"
"plot35","Mosca_normal_1","EFL"
"plot35","Musca_1","EFL"
"plot35","Paragus_tibialis","EFL"
"plot35","Platynochaetus_setosus","EFL"
"plot35","Rodanthidium_sticticum","EFL"
"plot35","Stratyomidae_3","EFL"
"plot35","Anaspis","HOE"
"plot35","Andrena_vulpecula","HOE"
"plot35","Anthophora_dispar","HOE"
"plot35","Apis","HOE"
"plot35","Clytra_quadripunctata","HOE"
"plot35","Empididae","HOE"
"plot35","Eristalinus_aeneus","HOE"
"plot35","Himenopter_molt_petit","HOE"
"plot35","Lasioglossum_transitorium_planulum","HOE"
"plot35","Meligethes_aeneus","HOE"
"plot35","Mosca_mitjana_1","HOE"
"plot35","Mosca_normal_1","HOE"
"plot35","Musca_1","HOE"
"plot35","Paragus_tibialis","HOE"
"plot35","Platynochaetus_setosus","HOE"
"plot35","Rodanthidium_sticticum","HOE"
"plot35","Stratyomidae_3","HOE"
"plot35","Anaspis","ROF"
"plot35","Andrena_vulpecula","ROF"
"plot35","Anthophora_dispar","ROF"
"plot35","Apis","ROF"
"plot35","Clytra_quadripunctata","ROF"
"plot35","Empididae","ROF"
"plot35","Eristalinus_aeneus","ROF"
"plot35","Himenopter_molt_petit","ROF"
"plot35","Lasioglossum_transitorium_planulum","ROF"
"plot35","Meligethes_aeneus","ROF"
"plot35","Mosca_mitjana_1","ROF"
"plot35","Mosca_normal_1","ROF"
"plot35","Musca_1","ROF"
"plot35","Paragus_tibialis","ROF"
"plot35","Platynochaetus_setosus","ROF"
"plot35","Rodanthidium_sticticum","ROF"
"plot35","Stratyomidae_3","ROF"
"plot35","Anaspis","TVUF"
"plot35","Andrena_vulpecula","TVUF"
"plot35","Anthophora_dispar","TVUF"
"plot35","Apis","TVUF"
"plot35","Clytra_quadripunctata","TVUF"
"plot35","Empididae","TVUF"
"plot35","Eristalinus_aeneus","TVUF"
"plot35","Himenopter_molt_petit","TVUF"
"plot35","Lasioglossum_transitorium_planulum","TVUF"
"plot35","Meligethes_aeneus","TVUF"
"plot35","Mosca_mitjana_1","TVUF"
"plot35","Mosca_normal_1","TVUF"
"plot35","Musca_1","TVUF"
"plot35","Paragus_tibialis","TVUF"
"plot35","Platynochaetus_setosus","TVUF"
"plot35","Rodanthidium_sticticum","TVUF"
"plot35","Stratyomidae_3","TVUF"
"plot35","Anaspis","TVUH"
"plot35","Andrena_vulpecula","TVUH"
"plot35","Anthophora_dispar","TVUH"
"plot35","Apis","TVUH"
"plot35","Clytra_quadripunctata","TVUH"
"plot35","Empididae","TVUH"
"plot35","Eristalinus_aeneus","TVUH"
"plot35","Himenopter_molt_petit","TVUH"
"plot35","Lasioglossum_transitorium_planulum","TVUH"
"plot35","Meligethes_aeneus","TVUH"
"plot35","Mosca_mitjana_1","TVUH"
"plot35","Mosca_normal_1","TVUH"
"plot35","Musca_1","TVUH"
"plot35","Paragus_tibialis","TVUH"
"plot35","Platynochaetus_setosus","TVUH"
"plot35","Rodanthidium_sticticum","TVUH"
"plot35","Stratyomidae_3","TVUH"
"plot36","Apis","ROF"
"plot36","Empididae_2","ROF"
"plot36","Fals_conòpid","ROF"
"plot36","Halictus_tetrazonius","ROF"
"plot36","Lasioglossum_mediterraneum","ROF"
"plot36","Lasioglossum_transitorium_planulum","ROF"
"plot36","Microlepidoptera","ROF"
"plot36","Mosca_3","ROF"
"plot36","Nomada_succinta","ROF"
"plot36","Oxythyrea_funesta","ROF"
"plot36","Polistes_gallicus","ROF"
"plot36","Pseudophilotes_panoptes","ROF"
"plot36","Sarcophagidae_4","ROF"
"plot36","Sarcophagidae_5","ROF"
"plot36","Apis","TVUF"
"plot36","Empididae_2","TVUF"
"plot36","Fals_conòpid","TVUF"
"plot36","Halictus_tetrazonius","TVUF"
"plot36","Lasioglossum_mediterraneum","TVUF"
"plot36","Lasioglossum_transitorium_planulum","TVUF"
"plot36","Microlepidoptera","TVUF"
"plot36","Mosca_3","TVUF"
"plot36","Nomada_succinta","TVUF"
"plot36","Oxythyrea_funesta","TVUF"
"plot36","Polistes_gallicus","TVUF"
"plot36","Pseudophilotes_panoptes","TVUF"
"plot36","Sarcophagidae_4","TVUF"
"plot36","Sarcophagidae_5","TVUF"
"plot36","Apis","TVUH"
"plot36","Empididae_2","TVUH"
"plot36","Fals_conòpid","TVUH"
"plot36","Halictus_tetrazonius","TVUH"
"plot36","Lasioglossum_mediterraneum","TVUH"
"plot36","Lasioglossum_transitorium_planulum","TVUH"
"plot36","Microlepidoptera","TVUH"
"plot36","Mosca_3","TVUH"
"plot36","Nomada_succinta","TVUH"
"plot36","Oxythyrea_funesta","TVUH"
"plot36","Polistes_gallicus","TVUH"
"plot36","Pseudophilotes_panoptes","TVUH"
"plot36","Sarcophagidae_4","TVUH"
"plot36","Sarcophagidae_5","TVUH"
"plot37","Anaspis","CAL"
"plot37","Andrena_djelfensis","CAL"
"plot37","Andrena_lepida","CAL"
"plot37","Andrena_nana","CAL"
"plot37","Anthophora_dispar","CAL"
"plot37","Apis","CAL"
"plot37","Bombus_terrestris","CAL"
"plot37","Bombylius_sp_1","CAL"
"plot37","Bruchid_2","CAL"
"plot37","Chrysotoxum_cautum","CAL"
"plot37","Clanoptilus_abdominalis","CAL"
"plot37","Coleoptera_3","CAL"
"plot37","Dasytes_nigroaeneus","CAL"
"plot37","Empididae","CAL"
"plot37","Fals_conòpid","CAL"
"plot37","Lasioglossum_interruptum","CAL"
"plot37","Lasioglossum_mediterraneum","CAL"
"plot37","Lasioglossum_transitorium_planulum","CAL"
"plot37","Microlepidoptera","CAL"
"plot37","Mosca_17","CAL"
"plot37","Mosca_20","CAL"
"plot37","Mosca_7","CAL"
"plot37","Oxythyrea_funesta","CAL"
"plot37","Pseudophilotes_panoptes","CAL"
"plot37","Pterophoridae","CAL"
"plot37","Tropinota_squalida","CAL"
"plot37","Anaspis","CSA"
"plot37","Andrena_djelfensis","CSA"
"plot37","Andrena_lepida","CSA"
"plot37","Andrena_nana","CSA"
"plot37","Anthophora_dispar","CSA"
"plot37","Apis","CSA"
"plot37","Bombus_terrestris","CSA"
"plot37","Bombylius_sp_1","CSA"
"plot37","Bruchid_2","CSA"
"plot37","Chrysotoxum_cautum","CSA"
"plot37","Clanoptilus_abdominalis","CSA"
"plot37","Coleoptera_3","CSA"
"plot37","Dasytes_nigroaeneus","CSA"
"plot37","Empididae","CSA"
"plot37","Fals_conòpid","CSA"
"plot37","Lasioglossum_interruptum","CSA"
"plot37","Lasioglossum_mediterraneum","CSA"
"plot37","Lasioglossum_transitorium_planulum","CSA"
"plot37","Microlepidoptera","CSA"
"plot37","Mosca_17","CSA"
"plot37","Mosca_20","CSA"
"plot37","Mosca_7","CSA"
"plot37","Oxythyrea_funesta","CSA"
"plot37","Pseudophilotes_panoptes","CSA"
"plot37","Pterophoridae","CSA"
"plot37","Tropinota_squalida","CSA"
"plot37","Anaspis","EFL"
"plot37","Andrena_djelfensis","EFL"
"plot37","Andrena_lepida","EFL"
"plot37","Andrena_nana","EFL"
"plot37","Anthophora_dispar","EFL"
"plot37","Apis","EFL"
"plot37","Bombus_terrestris","EFL"
"plot37","Bombylius_sp_1","EFL"
"plot37","Bruchid_2","EFL"
"plot37","Chrysotoxum_cautum","EFL"
"plot37","Clanoptilus_abdominalis","EFL"
"plot37","Coleoptera_3","EFL"
"plot37","Dasytes_nigroaeneus","EFL"
"plot37","Empididae","EFL"
"plot37","Fals_conòpid","EFL"
"plot37","Lasioglossum_interruptum","EFL"
"plot37","Lasioglossum_mediterraneum","EFL"
"plot37","Lasioglossum_transitorium_planulum","EFL"
"plot37","Microlepidoptera","EFL"
"plot37","Mosca_17","EFL"
"plot37","Mosca_20","EFL"
"plot37","Mosca_7","EFL"
"plot37","Oxythyrea_funesta","EFL"
"plot37","Pseudophilotes_panoptes","EFL"
"plot37","Pterophoridae","EFL"
"plot37","Tropinota_squalida","EFL"
"plot37","Anaspis","ESE"
"plot37","Andrena_djelfensis","ESE"
"plot37","Andrena_lepida","ESE"
"plot37","Andrena_nana","ESE"
"plot37","Anthophora_dispar","ESE"
"plot37","Apis","ESE"
"plot37","Bombus_terrestris","ESE"
"plot37","Bombylius_sp_1","ESE"
"plot37","Bruchid_2","ESE"
"plot37","Chrysotoxum_cautum","ESE"
"plot37","Clanoptilus_abdominalis","ESE"
"plot37","Coleoptera_3","ESE"
"plot37","Dasytes_nigroaeneus","ESE"
"plot37","Empididae","ESE"
"plot37","Fals_conòpid","ESE"
"plot37","Lasioglossum_interruptum","ESE"
"plot37","Lasioglossum_mediterraneum","ESE"
"plot37","Lasioglossum_transitorium_planulum","ESE"
"plot37","Microlepidoptera","ESE"
"plot37","Mosca_17","ESE"
"plot37","Mosca_20","ESE"
"plot37","Mosca_7","ESE"
"plot37","Oxythyrea_funesta","ESE"
"plot37","Pseudophilotes_panoptes","ESE"
"plot37","Pterophoridae","ESE"
"plot37","Tropinota_squalida","ESE"
"plot37","Anaspis","ROF"
"plot37","Andrena_djelfensis","ROF"
"plot37","Andrena_lepida","ROF"
"plot37","Andrena_nana","ROF"
"plot37","Anthophora_dispar","ROF"
"plot37","Apis","ROF"
"plot37","Bombus_terrestris","ROF"
"plot37","Bombylius_sp_1","ROF"
"plot37","Bruchid_2","ROF"
"plot37","Chrysotoxum_cautum","ROF"
"plot37","Clanoptilus_abdominalis","ROF"
"plot37","Coleoptera_3","ROF"
"plot37","Dasytes_nigroaeneus","ROF"
"plot37","Empididae","ROF"
"plot37","Fals_conòpid","ROF"
"plot37","Lasioglossum_interruptum","ROF"
"plot37","Lasioglossum_mediterraneum","ROF"
"plot37","Lasioglossum_transitorium_planulum","ROF"
"plot37","Microlepidoptera","ROF"
"plot37","Mosca_17","ROF"
"plot37","Mosca_20","ROF"
"plot37","Mosca_7","ROF"
"plot37","Oxythyrea_funesta","ROF"
"plot37","Pseudophilotes_panoptes","ROF"
"plot37","Pterophoridae","ROF"
"plot37","Tropinota_squalida","ROF"
"plot37","Anaspis","SHI"
"plot37","Andrena_djelfensis","SHI"
"plot37","Andrena_lepida","SHI"
"plot37","Andrena_nana","SHI"
"plot37","Anthophora_dispar","SHI"
"plot37","Apis","SHI"
"plot37","Bombus_terrestris","SHI"
"plot37","Bombylius_sp_1","SHI"
"plot37","Bruchid_2","SHI"
"plot37","Chrysotoxum_cautum","SHI"
"plot37","Clanoptilus_abdominalis","SHI"
"plot37","Coleoptera_3","SHI"
"plot37","Dasytes_nigroaeneus","SHI"
"plot37","Empididae","SHI"
"plot37","Fals_conòpid","SHI"
"plot37","Lasioglossum_interruptum","SHI"
"plot37","Lasioglossum_mediterraneum","SHI"
"plot37","Lasioglossum_transitorium_planulum","SHI"
"plot37","Microlepidoptera","SHI"
"plot37","Mosca_17","SHI"
"plot37","Mosca_20","SHI"
"plot37","Mosca_7","SHI"
"plot37","Oxythyrea_funesta","SHI"
"plot37","Pseudophilotes_panoptes","SHI"
"plot37","Pterophoridae","SHI"
"plot37","Tropinota_squalida","SHI"
"plot37","Anaspis","TVUF"
"plot37","Andrena_djelfensis","TVUF"
"plot37","Andrena_lepida","TVUF"
"plot37","Andrena_nana","TVUF"
"plot37","Anthophora_dispar","TVUF"
"plot37","Apis","TVUF"
"plot37","Bombus_terrestris","TVUF"
"plot37","Bombylius_sp_1","TVUF"
"plot37","Bruchid_2","TVUF"
"plot37","Chrysotoxum_cautum","TVUF"
"plot37","Clanoptilus_abdominalis","TVUF"
"plot37","Coleoptera_3","TVUF"
"plot37","Dasytes_nigroaeneus","TVUF"
"plot37","Empididae","TVUF"
"plot37","Fals_conòpid","TVUF"
"plot37","Lasioglossum_interruptum","TVUF"
"plot37","Lasioglossum_mediterraneum","TVUF"
"plot37","Lasioglossum_transitorium_planulum","TVUF"
"plot37","Microlepidoptera","TVUF"
"plot37","Mosca_17","TVUF"
"plot37","Mosca_20","TVUF"
"plot37","Mosca_7","TVUF"
"plot37","Oxythyrea_funesta","TVUF"
"plot37","Pseudophilotes_panoptes","TVUF"
"plot37","Pterophoridae","TVUF"
"plot37","Tropinota_squalida","TVUF"
"plot37","Anaspis","TVUH"
"plot37","Andrena_djelfensis","TVUH"
"plot37","Andrena_lepida","TVUH"
"plot37","Andrena_nana","TVUH"
"plot37","Anthophora_dispar","TVUH"
"plot37","Apis","TVUH"
"plot37","Bombus_terrestris","TVUH"
"plot37","Bombylius_sp_1","TVUH"
"plot37","Bruchid_2","TVUH"
"plot37","Chrysotoxum_cautum","TVUH"
"plot37","Clanoptilus_abdominalis","TVUH"
"plot37","Coleoptera_3","TVUH"
"plot37","Dasytes_nigroaeneus","TVUH"
"plot37","Empididae","TVUH"
"plot37","Fals_conòpid","TVUH"
"plot37","Lasioglossum_interruptum","TVUH"
"plot37","Lasioglossum_mediterraneum","TVUH"
"plot37","Lasioglossum_transitorium_planulum","TVUH"
"plot37","Microlepidoptera","TVUH"
"plot37","Mosca_17","TVUH"
"plot37","Mosca_20","TVUH"
"plot37","Mosca_7","TVUH"
"plot37","Oxythyrea_funesta","TVUH"
"plot37","Pseudophilotes_panoptes","TVUH"
"plot37","Pterophoridae","TVUH"
"plot37","Tropinota_squalida","TVUH"
"plot38","Andrena_angustior_impressa","AZA"
"plot38","Andrena_nana","AZA"
"plot38","Anthrenus_3","AZA"
"plot38","Apis","AZA"
"plot38","Chamaesyrphus","AZA"
"plot38","Clanoptilus_abdominalis","AZA"
"plot38","Conophorus","AZA"
"plot38","Dasytes_nigroaeneus","AZA"
"plot38","Empididae","AZA"
"plot38","Fals_conòpid","AZA"
"plot38","Halictus_tetrazonius","AZA"
"plot38","Hylaeus_hyalinatus","AZA"
"plot38","Lasioglossum_griseolum","AZA"
"plot38","Lasioglossum_subhirtum","AZA"
"plot38","Lasioglossum_transitorium_planulum","AZA"
"plot38","Lobonyx_aeneus","AZA"
"plot38","Lucilia","AZA"
"plot38","Microlepidoptera","AZA"
"plot38","Mosca_16","AZA"
"plot38","Mosca_17","AZA"
"plot38","Mosca_18","AZA"
"plot38","Mosca_7","AZA"
"plot38","Nomada_succinta","AZA"
"plot38","Oxythyrea_funesta","AZA"
"plot38","Rodanthidium_sticticum","AZA"
"plot38","Sarcophagidae_1","AZA"
"plot38","Sarcophagidae_5","AZA"
"plot38","Vespa_parasita_negra_potes_taronja","AZA"
"plot38","Andrena_angustior_impressa","CSA"
"plot38","Andrena_nana","CSA"
"plot38","Anthrenus_3","CSA"
"plot38","Apis","CSA"
"plot38","Chamaesyrphus","CSA"
"plot38","Clanoptilus_abdominalis","CSA"
"plot38","Conophorus","CSA"
"plot38","Dasytes_nigroaeneus","CSA"
"plot38","Empididae","CSA"
"plot38","Fals_conòpid","CSA"
"plot38","Halictus_tetrazonius","CSA"
"plot38","Hylaeus_hyalinatus","CSA"
"plot38","Lasioglossum_griseolum","CSA"
"plot38","Lasioglossum_subhirtum","CSA"
"plot38","Lasioglossum_transitorium_planulum","CSA"
"plot38","Lobonyx_aeneus","CSA"
"plot38","Lucilia","CSA"
"plot38","Microlepidoptera","CSA"
"plot38","Mosca_16","CSA"
"plot38","Mosca_17","CSA"
"plot38","Mosca_18","CSA"
"plot38","Mosca_7","CSA"
"plot38","Nomada_succinta","CSA"
"plot38","Oxythyrea_funesta","CSA"
"plot38","Rodanthidium_sticticum","CSA"
"plot38","Sarcophagidae_1","CSA"
"plot38","Sarcophagidae_5","CSA"
"plot38","Vespa_parasita_negra_potes_taronja","CSA"
"plot38","Andrena_angustior_impressa","FLA"
"plot38","Andrena_nana","FLA"
"plot38","Anthrenus_3","FLA"
"plot38","Apis","FLA"
"plot38","Chamaesyrphus","FLA"
"plot38","Clanoptilus_abdominalis","FLA"
"plot38","Conophorus","FLA"
"plot38","Dasytes_nigroaeneus","FLA"
"plot38","Empididae","FLA"
"plot38","Fals_conòpid","FLA"
"plot38","Halictus_tetrazonius","FLA"
"plot38","Hylaeus_hyalinatus","FLA"
"plot38","Lasioglossum_griseolum","FLA"
"plot38","Lasioglossum_subhirtum","FLA"
"plot38","Lasioglossum_transitorium_planulum","FLA"
"plot38","Lobonyx_aeneus","FLA"
"plot38","Lucilia","FLA"
"plot38","Microlepidoptera","FLA"
"plot38","Mosca_16","FLA"
"plot38","Mosca_17","FLA"
"plot38","Mosca_18","FLA"
"plot38","Mosca_7","FLA"
"plot38","Nomada_succinta","FLA"
"plot38","Oxythyrea_funesta","FLA"
"plot38","Rodanthidium_sticticum","FLA"
"plot38","Sarcophagidae_1","FLA"
"plot38","Sarcophagidae_5","FLA"
"plot38","Vespa_parasita_negra_potes_taronja","FLA"
"plot38","Andrena_angustior_impressa","OLA"
"plot38","Andrena_nana","OLA"
"plot38","Anthrenus_3","OLA"
"plot38","Apis","OLA"
"plot38","Chamaesyrphus","OLA"
"plot38","Clanoptilus_abdominalis","OLA"
"plot38","Conophorus","OLA"
"plot38","Dasytes_nigroaeneus","OLA"
"plot38","Empididae","OLA"
"plot38","Fals_conòpid","OLA"
"plot38","Halictus_tetrazonius","OLA"
"plot38","Hylaeus_hyalinatus","OLA"
"plot38","Lasioglossum_griseolum","OLA"
"plot38","Lasioglossum_subhirtum","OLA"
"plot38","Lasioglossum_transitorium_planulum","OLA"
"plot38","Lobonyx_aeneus","OLA"
"plot38","Lucilia","OLA"
"plot38","Microlepidoptera","OLA"
"plot38","Mosca_16","OLA"
"plot38","Mosca_17","OLA"
"plot38","Mosca_18","OLA"
"plot38","Mosca_7","OLA"
"plot38","Nomada_succinta","OLA"
"plot38","Oxythyrea_funesta","OLA"
"plot38","Rodanthidium_sticticum","OLA"
"plot38","Sarcophagidae_1","OLA"
"plot38","Sarcophagidae_5","OLA"
"plot38","Vespa_parasita_negra_potes_taronja","OLA"
"plot38","Andrena_angustior_impressa","ROF"
"plot38","Andrena_nana","ROF"
"plot38","Anthrenus_3","ROF"
"plot38","Apis","ROF"
"plot38","Chamaesyrphus","ROF"
"plot38","Clanoptilus_abdominalis","ROF"
"plot38","Conophorus","ROF"
"plot38","Dasytes_nigroaeneus","ROF"
"plot38","Empididae","ROF"
"plot38","Fals_conòpid","ROF"
"plot38","Halictus_tetrazonius","ROF"
"plot38","Hylaeus_hyalinatus","ROF"
"plot38","Lasioglossum_griseolum","ROF"
"plot38","Lasioglossum_subhirtum","ROF"
"plot38","Lasioglossum_transitorium_planulum","ROF"
"plot38","Lobonyx_aeneus","ROF"
"plot38","Lucilia","ROF"
"plot38","Microlepidoptera","ROF"
"plot38","Mosca_16","ROF"
"plot38","Mosca_17","ROF"
"plot38","Mosca_18","ROF"
"plot38","Mosca_7","ROF"
"plot38","Nomada_succinta","ROF"
"plot38","Oxythyrea_funesta","ROF"
"plot38","Rodanthidium_sticticum","ROF"
"plot38","Sarcophagidae_1","ROF"
"plot38","Sarcophagidae_5","ROF"
"plot38","Vespa_parasita_negra_potes_taronja","ROF"
"plot38","Andrena_angustior_impressa","TVUF"
"plot38","Andrena_nana","TVUF"
"plot38","Anthrenus_3","TVUF"
"plot38","Apis","TVUF"
"plot38","Chamaesyrphus","TVUF"
"plot38","Clanoptilus_abdominalis","TVUF"
"plot38","Conophorus","TVUF"
"plot38","Dasytes_nigroaeneus","TVUF"
"plot38","Empididae","TVUF"
"plot38","Fals_conòpid","TVUF"
"plot38","Halictus_tetrazonius","TVUF"
"plot38","Hylaeus_hyalinatus","TVUF"
"plot38","Lasioglossum_griseolum","TVUF"
"plot38","Lasioglossum_subhirtum","TVUF"
"plot38","Lasioglossum_transitorium_planulum","TVUF"
"plot38","Lobonyx_aeneus","TVUF"
"plot38","Lucilia","TVUF"
"plot38","Microlepidoptera","TVUF"
"plot38","Mosca_16","TVUF"
"plot38","Mosca_17","TVUF"
"plot38","Mosca_18","TVUF"
"plot38","Mosca_7","TVUF"
"plot38","Nomada_succinta","TVUF"
"plot38","Oxythyrea_funesta","TVUF"
"plot38","Rodanthidium_sticticum","TVUF"
"plot38","Sarcophagidae_1","TVUF"
"plot38","Sarcophagidae_5","TVUF"
"plot38","Vespa_parasita_negra_potes_taronja","TVUF"
"plot38","Andrena_angustior_impressa","TVUH"
"plot38","Andrena_nana","TVUH"
"plot38","Anthrenus_3","TVUH"
"plot38","Apis","TVUH"
"plot38","Chamaesyrphus","TVUH"
"plot38","Clanoptilus_abdominalis","TVUH"
"plot38","Conophorus","TVUH"
"plot38","Dasytes_nigroaeneus","TVUH"
"plot38","Empididae","TVUH"
"plot38","Fals_conòpid","TVUH"
"plot38","Halictus_tetrazonius","TVUH"
"plot38","Hylaeus_hyalinatus","TVUH"
"plot38","Lasioglossum_griseolum","TVUH"
"plot38","Lasioglossum_subhirtum","TVUH"
"plot38","Lasioglossum_transitorium_planulum","TVUH"
"plot38","Lobonyx_aeneus","TVUH"
"plot38","Lucilia","TVUH"
"plot38","Microlepidoptera","TVUH"
"plot38","Mosca_16","TVUH"
"plot38","Mosca_17","TVUH"
"plot38","Mosca_18","TVUH"
"plot38","Mosca_7","TVUH"
"plot38","Nomada_succinta","TVUH"
"plot38","Oxythyrea_funesta","TVUH"
"plot38","Rodanthidium_sticticum","TVUH"
"plot38","Sarcophagidae_1","TVUH"
"plot38","Sarcophagidae_5","TVUH"
"plot38","Vespa_parasita_negra_potes_taronja","TVUH"
"plot39","Andrena_nigroaenea","CSA"
"plot39","Apis","CSA"
"plot39","Lasioglossum_griseolum","CSA"
"plot39","Lasioglossum_mediterraneum","CSA"
"plot39","Lasioglossum_transitorium_planulum","CSA"
"plot39","Mosca_3","CSA"
"plot39","Oxythyrea_funesta","CSA"
"plot39","Rodanthidium_sticticum","CSA"
"plot39","Tropinota_squalida","CSA"
"plot39","Andrena_nigroaenea","FLA"
"plot39","Apis","FLA"
"plot39","Lasioglossum_griseolum","FLA"
"plot39","Lasioglossum_mediterraneum","FLA"
"plot39","Lasioglossum_transitorium_planulum","FLA"
"plot39","Mosca_3","FLA"
"plot39","Oxythyrea_funesta","FLA"
"plot39","Rodanthidium_sticticum","FLA"
"plot39","Tropinota_squalida","FLA"
"plot39","Andrena_nigroaenea","ROF"
"plot39","Apis","ROF"
"plot39","Lasioglossum_griseolum","ROF"
"plot39","Lasioglossum_mediterraneum","ROF"
"plot39","Lasioglossum_transitorium_planulum","ROF"
"plot39","Mosca_3","ROF"
"plot39","Oxythyrea_funesta","ROF"
"plot39","Rodanthidium_sticticum","ROF"
"plot39","Tropinota_squalida","ROF"
"plot39","Andrena_nigroaenea","TVUF"
"plot39","Apis","TVUF"
"plot39","Lasioglossum_griseolum","TVUF"
"plot39","Lasioglossum_mediterraneum","TVUF"
"plot39","Lasioglossum_transitorium_planulum","TVUF"
"plot39","Mosca_3","TVUF"
"plot39","Oxythyrea_funesta","TVUF"
"plot39","Rodanthidium_sticticum","TVUF"
"plot39","Tropinota_squalida","TVUF"
"plot39","Andrena_nigroaenea","TVUH"
"plot39","Apis","TVUH"
"plot39","Lasioglossum_griseolum","TVUH"
"plot39","Lasioglossum_mediterraneum","TVUH"
"plot39","Lasioglossum_transitorium_planulum","TVUH"
"plot39","Mosca_3","TVUH"
"plot39","Oxythyrea_funesta","TVUH"
"plot39","Rodanthidium_sticticum","TVUH"
"plot39","Tropinota_squalida","TVUH"
"plot40","Apis","ROF"
"plot40","Bombylius_discolor","ROF"
"plot40","Hadrodemus_m.flavum","ROF"
"plot40","Meligethes_aeneus","ROF"
"plot40","Miridae_1","ROF"
"plot40","Mosca_poc_peluda_1","ROF"
"plot40","Oxythyrea_funesta","ROF"
"plot40","Pseudophilotes_panoptes","ROF"
"plot40","Apis","TVUF"
"plot40","Bombylius_discolor","TVUF"
"plot40","Hadrodemus_m.flavum","TVUF"
"plot40","Meligethes_aeneus","TVUF"
"plot40","Miridae_1","TVUF"
"plot40","Mosca_poc_peluda_1","TVUF"
"plot40","Oxythyrea_funesta","TVUF"
"plot40","Pseudophilotes_panoptes","TVUF"
"plot40","Apis","TVUH"
"plot40","Bombylius_discolor","TVUH"
"plot40","Hadrodemus_m.flavum","TVUH"
"plot40","Meligethes_aeneus","TVUH"
"plot40","Miridae_1","TVUH"
"plot40","Mosca_poc_peluda_1","TVUH"
"plot40","Oxythyrea_funesta","TVUH"
"plot40","Pseudophilotes_panoptes","TVUH"
