"site","consumer","resource"
"P1","Trypoxylon.sp1","Aphyllanthes.monspeliensis"
"P1","Tropinota.squalida","Aphyllanthes.monspeliensis"
"P1","Tropinota.sp1","Aphyllanthes.monspeliensis"
"P1","Sphecodes.pseudofasciatus","Aphyllanthes.monspeliensis"
"P1","Rhodanthidium.sticticum","Aphyllanthes.monspeliensis"
"P1","Rhodanthidium.septemdentatum","Aphyllanthes.monspeliensis"
"P1","Pyronia.bathseba","Aphyllanthes.monspeliensis"
"P1","Psilothrix.viridicoerulea","Aphyllanthes.monspeliensis"
"P1","Polistes.dominulus","Aphyllanthes.monspeliensis"
"P1","Platynochaetus.setosus","Aphyllanthes.monspeliensis"
"P1","Pieris.rapae","Aphyllanthes.monspeliensis"
"P1","Oxythyrea.funesta","Aphyllanthes.monspeliensis"
"P1","Osmia.rufohirta","Aphyllanthes.monspeliensis"
"P1","Osmia.gallarum","Aphyllanthes.monspeliensis"
"P1","Oedemera.flavipes","Aphyllanthes.monspeliensis"
"P1","Nomada.sheppardana","Aphyllanthes.monspeliensis"
"P1","Mordellistena.sp4","Aphyllanthes.monspeliensis"
"P1","Mordellistena.sp1","Aphyllanthes.monspeliensis"
"P1","Minoa.murinata","Aphyllanthes.monspeliensis"
"P1","Merodon.funestus","Aphyllanthes.monspeliensis"
"P1","Meligethes.sp1","Aphyllanthes.monspeliensis"
"P1","Megachile.pyrenaica","Aphyllanthes.monspeliensis"
"P1","Lobonyx.aeneus","Aphyllanthes.monspeliensis"
"P1","Lasioglossum.transitorium","Aphyllanthes.monspeliensis"
"P1","Lasioglossum.subhirtum","Aphyllanthes.monspeliensis"
"P1","Lasioglossum.morio","Aphyllanthes.monspeliensis"
"P1","Lasioglossum.mediterraneum","Aphyllanthes.monspeliensis"
"P1","Lasioglossum.malachurum","Aphyllanthes.monspeliensis"
"P1","Lasioglossum.interruptum","Aphyllanthes.monspeliensis"
"P1","Lasioglossum.griseolum","Aphyllanthes.monspeliensis"
"P1","Lasioglossum.bimaculatum","Aphyllanthes.monspeliensis"
"P1","Lasioglossum.albocinctum","Aphyllanthes.monspeliensis"
"P1","Hylaeus.taeniolatus","Aphyllanthes.monspeliensis"
"P1","Hylaeus.hyalinatus","Aphyllanthes.monspeliensis"
"P1","Hylaeus.gibbus","Aphyllanthes.monspeliensis"
"P1","Hylaeus.garrulus","Aphyllanthes.monspeliensis"
"P1","Halictus.scabiosae","Aphyllanthes.monspeliensis"
"P1","Halictus.fulvipes","Aphyllanthes.monspeliensis"
"P1","Eupeodes.corollae","Aphyllanthes.monspeliensis"
"P1","Eumerus.argyropus","Aphyllanthes.monspeliensis"
"P1","Eucera.collaris","Aphyllanthes.monspeliensis"
"P1","Dasytes.nigroaeneus","Aphyllanthes.monspeliensis"
"P1","Danacea.longiceps","Aphyllanthes.monspeliensis"
"P1","Clytus.rhamni","Aphyllanthes.monspeliensis"
"P1","Chrysotoxum.cautum","Aphyllanthes.monspeliensis"
"P1","Ceratina.cucurbitina","Aphyllanthes.monspeliensis"
"P1","Bombus.terrestris","Aphyllanthes.monspeliensis"
"P1","Aplocnemus.calidus","Aphyllanthes.monspeliensis"
"P1","Apis.mellifera","Aphyllanthes.monspeliensis"
"P1","Anthrenus.sp1","Aphyllanthes.monspeliensis"
"P1","Anthophora.dispar","Aphyllanthes.monspeliensis"
"P1","Anthophora.acervorum","Aphyllanthes.monspeliensis"
"P1","Anthaxia.spinolae","Aphyllanthes.monspeliensis"
"P1","Anthaxia.scutullaris","Aphyllanthes.monspeliensis"
"P1","Anthaxia.millefolii","Aphyllanthes.monspeliensis"
"P1","Andrena.vulpecula","Aphyllanthes.monspeliensis"
"P1","Andrena.senecionis","Aphyllanthes.monspeliensis"
"P1","Andrena.nigroaenea","Aphyllanthes.monspeliensis"
"P1","Andrena.lepida","Aphyllanthes.monspeliensis"
"P1","Andrena.flavipes","Aphyllanthes.monspeliensis"
"P1","Andrena.djelfensis","Aphyllanthes.monspeliensis"
"P1","Andrena.angustior","Aphyllanthes.monspeliensis"
"P1","Anaspis.sp1","Aphyllanthes.monspeliensis"
"P1","Amegilla.quadrifasciata","Aphyllanthes.monspeliensis"
"P1","Adelidae.sp1","Aphyllanthes.monspeliensis"
"P1","Acmaeodera.cylindrica","Aphyllanthes.monspeliensis"
"P1","Trypoxylon.sp1","Cistus.albidus"
"P1","Tropinota.squalida","Cistus.albidus"
"P1","Tropinota.sp1","Cistus.albidus"
"P1","Sphecodes.pseudofasciatus","Cistus.albidus"
"P1","Rhodanthidium.sticticum","Cistus.albidus"
"P1","Rhodanthidium.septemdentatum","Cistus.albidus"
"P1","Pyronia.bathseba","Cistus.albidus"
"P1","Psilothrix.viridicoerulea","Cistus.albidus"
"P1","Polistes.dominulus","Cistus.albidus"
"P1","Platynochaetus.setosus","Cistus.albidus"
"P1","Pieris.rapae","Cistus.albidus"
"P1","Oxythyrea.funesta","Cistus.albidus"
"P1","Osmia.rufohirta","Cistus.albidus"
"P1","Osmia.gallarum","Cistus.albidus"
"P1","Oedemera.flavipes","Cistus.albidus"
"P1","Nomada.sheppardana","Cistus.albidus"
"P1","Mordellistena.sp4","Cistus.albidus"
"P1","Mordellistena.sp1","Cistus.albidus"
"P1","Minoa.murinata","Cistus.albidus"
"P1","Merodon.funestus","Cistus.albidus"
"P1","Meligethes.sp1","Cistus.albidus"
"P1","Megachile.pyrenaica","Cistus.albidus"
"P1","Lobonyx.aeneus","Cistus.albidus"
"P1","Lasioglossum.transitorium","Cistus.albidus"
"P1","Lasioglossum.subhirtum","Cistus.albidus"
"P1","Lasioglossum.morio","Cistus.albidus"
"P1","Lasioglossum.mediterraneum","Cistus.albidus"
"P1","Lasioglossum.malachurum","Cistus.albidus"
"P1","Lasioglossum.interruptum","Cistus.albidus"
"P1","Lasioglossum.griseolum","Cistus.albidus"
"P1","Lasioglossum.bimaculatum","Cistus.albidus"
"P1","Lasioglossum.albocinctum","Cistus.albidus"
"P1","Hylaeus.taeniolatus","Cistus.albidus"
"P1","Hylaeus.hyalinatus","Cistus.albidus"
"P1","Hylaeus.gibbus","Cistus.albidus"
"P1","Hylaeus.garrulus","Cistus.albidus"
"P1","Halictus.scabiosae","Cistus.albidus"
"P1","Halictus.fulvipes","Cistus.albidus"
"P1","Eupeodes.corollae","Cistus.albidus"
"P1","Eumerus.argyropus","Cistus.albidus"
"P1","Eucera.collaris","Cistus.albidus"
"P1","Dasytes.nigroaeneus","Cistus.albidus"
"P1","Danacea.longiceps","Cistus.albidus"
"P1","Clytus.rhamni","Cistus.albidus"
"P1","Chrysotoxum.cautum","Cistus.albidus"
"P1","Ceratina.cucurbitina","Cistus.albidus"
"P1","Bombus.terrestris","Cistus.albidus"
"P1","Aplocnemus.calidus","Cistus.albidus"
"P1","Apis.mellifera","Cistus.albidus"
"P1","Anthrenus.sp1","Cistus.albidus"
"P1","Anthophora.dispar","Cistus.albidus"
"P1","Anthophora.acervorum","Cistus.albidus"
"P1","Anthaxia.spinolae","Cistus.albidus"
"P1","Anthaxia.scutullaris","Cistus.albidus"
"P1","Anthaxia.millefolii","Cistus.albidus"
"P1","Andrena.vulpecula","Cistus.albidus"
"P1","Andrena.senecionis","Cistus.albidus"
"P1","Andrena.nigroaenea","Cistus.albidus"
"P1","Andrena.lepida","Cistus.albidus"
"P1","Andrena.flavipes","Cistus.albidus"
"P1","Andrena.djelfensis","Cistus.albidus"
"P1","Andrena.angustior","Cistus.albidus"
"P1","Anaspis.sp1","Cistus.albidus"
"P1","Amegilla.quadrifasciata","Cistus.albidus"
"P1","Adelidae.sp1","Cistus.albidus"
"P1","Acmaeodera.cylindrica","Cistus.albidus"
"P1","Trypoxylon.sp1","Cistus.salviifolius"
"P1","Tropinota.squalida","Cistus.salviifolius"
"P1","Tropinota.sp1","Cistus.salviifolius"
"P1","Sphecodes.pseudofasciatus","Cistus.salviifolius"
"P1","Rhodanthidium.sticticum","Cistus.salviifolius"
"P1","Rhodanthidium.septemdentatum","Cistus.salviifolius"
"P1","Pyronia.bathseba","Cistus.salviifolius"
"P1","Psilothrix.viridicoerulea","Cistus.salviifolius"
"P1","Polistes.dominulus","Cistus.salviifolius"
"P1","Platynochaetus.setosus","Cistus.salviifolius"
"P1","Pieris.rapae","Cistus.salviifolius"
"P1","Oxythyrea.funesta","Cistus.salviifolius"
"P1","Osmia.rufohirta","Cistus.salviifolius"
"P1","Osmia.gallarum","Cistus.salviifolius"
"P1","Oedemera.flavipes","Cistus.salviifolius"
"P1","Nomada.sheppardana","Cistus.salviifolius"
"P1","Mordellistena.sp4","Cistus.salviifolius"
"P1","Mordellistena.sp1","Cistus.salviifolius"
"P1","Minoa.murinata","Cistus.salviifolius"
"P1","Merodon.funestus","Cistus.salviifolius"
"P1","Meligethes.sp1","Cistus.salviifolius"
"P1","Megachile.pyrenaica","Cistus.salviifolius"
"P1","Lobonyx.aeneus","Cistus.salviifolius"
"P1","Lasioglossum.transitorium","Cistus.salviifolius"
"P1","Lasioglossum.subhirtum","Cistus.salviifolius"
"P1","Lasioglossum.morio","Cistus.salviifolius"
"P1","Lasioglossum.mediterraneum","Cistus.salviifolius"
"P1","Lasioglossum.malachurum","Cistus.salviifolius"
"P1","Lasioglossum.interruptum","Cistus.salviifolius"
"P1","Lasioglossum.griseolum","Cistus.salviifolius"
"P1","Lasioglossum.bimaculatum","Cistus.salviifolius"
"P1","Lasioglossum.albocinctum","Cistus.salviifolius"
"P1","Hylaeus.taeniolatus","Cistus.salviifolius"
"P1","Hylaeus.hyalinatus","Cistus.salviifolius"
"P1","Hylaeus.gibbus","Cistus.salviifolius"
"P1","Hylaeus.garrulus","Cistus.salviifolius"
"P1","Halictus.scabiosae","Cistus.salviifolius"
"P1","Halictus.fulvipes","Cistus.salviifolius"
"P1","Eupeodes.corollae","Cistus.salviifolius"
"P1","Eumerus.argyropus","Cistus.salviifolius"
"P1","Eucera.collaris","Cistus.salviifolius"
"P1","Dasytes.nigroaeneus","Cistus.salviifolius"
"P1","Danacea.longiceps","Cistus.salviifolius"
"P1","Clytus.rhamni","Cistus.salviifolius"
"P1","Chrysotoxum.cautum","Cistus.salviifolius"
"P1","Ceratina.cucurbitina","Cistus.salviifolius"
"P1","Bombus.terrestris","Cistus.salviifolius"
"P1","Aplocnemus.calidus","Cistus.salviifolius"
"P1","Apis.mellifera","Cistus.salviifolius"
"P1","Anthrenus.sp1","Cistus.salviifolius"
"P1","Anthophora.dispar","Cistus.salviifolius"
"P1","Anthophora.acervorum","Cistus.salviifolius"
"P1","Anthaxia.spinolae","Cistus.salviifolius"
"P1","Anthaxia.scutullaris","Cistus.salviifolius"
"P1","Anthaxia.millefolii","Cistus.salviifolius"
"P1","Andrena.vulpecula","Cistus.salviifolius"
"P1","Andrena.senecionis","Cistus.salviifolius"
"P1","Andrena.nigroaenea","Cistus.salviifolius"
"P1","Andrena.lepida","Cistus.salviifolius"
"P1","Andrena.flavipes","Cistus.salviifolius"
"P1","Andrena.djelfensis","Cistus.salviifolius"
"P1","Andrena.angustior","Cistus.salviifolius"
"P1","Anaspis.sp1","Cistus.salviifolius"
"P1","Amegilla.quadrifasciata","Cistus.salviifolius"
"P1","Adelidae.sp1","Cistus.salviifolius"
"P1","Acmaeodera.cylindrica","Cistus.salviifolius"
"P1","Trypoxylon.sp1","Euphorbia.flavicoma"
"P1","Tropinota.squalida","Euphorbia.flavicoma"
"P1","Tropinota.sp1","Euphorbia.flavicoma"
"P1","Sphecodes.pseudofasciatus","Euphorbia.flavicoma"
"P1","Rhodanthidium.sticticum","Euphorbia.flavicoma"
"P1","Rhodanthidium.septemdentatum","Euphorbia.flavicoma"
"P1","Pyronia.bathseba","Euphorbia.flavicoma"
"P1","Psilothrix.viridicoerulea","Euphorbia.flavicoma"
"P1","Polistes.dominulus","Euphorbia.flavicoma"
"P1","Platynochaetus.setosus","Euphorbia.flavicoma"
"P1","Pieris.rapae","Euphorbia.flavicoma"
"P1","Oxythyrea.funesta","Euphorbia.flavicoma"
"P1","Osmia.rufohirta","Euphorbia.flavicoma"
"P1","Osmia.gallarum","Euphorbia.flavicoma"
"P1","Oedemera.flavipes","Euphorbia.flavicoma"
"P1","Nomada.sheppardana","Euphorbia.flavicoma"
"P1","Mordellistena.sp4","Euphorbia.flavicoma"
"P1","Mordellistena.sp1","Euphorbia.flavicoma"
"P1","Minoa.murinata","Euphorbia.flavicoma"
"P1","Merodon.funestus","Euphorbia.flavicoma"
"P1","Meligethes.sp1","Euphorbia.flavicoma"
"P1","Megachile.pyrenaica","Euphorbia.flavicoma"
"P1","Lobonyx.aeneus","Euphorbia.flavicoma"
"P1","Lasioglossum.transitorium","Euphorbia.flavicoma"
"P1","Lasioglossum.subhirtum","Euphorbia.flavicoma"
"P1","Lasioglossum.morio","Euphorbia.flavicoma"
"P1","Lasioglossum.mediterraneum","Euphorbia.flavicoma"
"P1","Lasioglossum.malachurum","Euphorbia.flavicoma"
"P1","Lasioglossum.interruptum","Euphorbia.flavicoma"
"P1","Lasioglossum.griseolum","Euphorbia.flavicoma"
"P1","Lasioglossum.bimaculatum","Euphorbia.flavicoma"
"P1","Lasioglossum.albocinctum","Euphorbia.flavicoma"
"P1","Hylaeus.taeniolatus","Euphorbia.flavicoma"
"P1","Hylaeus.hyalinatus","Euphorbia.flavicoma"
"P1","Hylaeus.gibbus","Euphorbia.flavicoma"
"P1","Hylaeus.garrulus","Euphorbia.flavicoma"
"P1","Halictus.scabiosae","Euphorbia.flavicoma"
"P1","Halictus.fulvipes","Euphorbia.flavicoma"
"P1","Eupeodes.corollae","Euphorbia.flavicoma"
"P1","Eumerus.argyropus","Euphorbia.flavicoma"
"P1","Eucera.collaris","Euphorbia.flavicoma"
"P1","Dasytes.nigroaeneus","Euphorbia.flavicoma"
"P1","Danacea.longiceps","Euphorbia.flavicoma"
"P1","Clytus.rhamni","Euphorbia.flavicoma"
"P1","Chrysotoxum.cautum","Euphorbia.flavicoma"
"P1","Ceratina.cucurbitina","Euphorbia.flavicoma"
"P1","Bombus.terrestris","Euphorbia.flavicoma"
"P1","Aplocnemus.calidus","Euphorbia.flavicoma"
"P1","Apis.mellifera","Euphorbia.flavicoma"
"P1","Anthrenus.sp1","Euphorbia.flavicoma"
"P1","Anthophora.dispar","Euphorbia.flavicoma"
"P1","Anthophora.acervorum","Euphorbia.flavicoma"
"P1","Anthaxia.spinolae","Euphorbia.flavicoma"
"P1","Anthaxia.scutullaris","Euphorbia.flavicoma"
"P1","Anthaxia.millefolii","Euphorbia.flavicoma"
"P1","Andrena.vulpecula","Euphorbia.flavicoma"
"P1","Andrena.senecionis","Euphorbia.flavicoma"
"P1","Andrena.nigroaenea","Euphorbia.flavicoma"
"P1","Andrena.lepida","Euphorbia.flavicoma"
"P1","Andrena.flavipes","Euphorbia.flavicoma"
"P1","Andrena.djelfensis","Euphorbia.flavicoma"
"P1","Andrena.angustior","Euphorbia.flavicoma"
"P1","Anaspis.sp1","Euphorbia.flavicoma"
"P1","Amegilla.quadrifasciata","Euphorbia.flavicoma"
"P1","Adelidae.sp1","Euphorbia.flavicoma"
"P1","Acmaeodera.cylindrica","Euphorbia.flavicoma"
"P1","Trypoxylon.sp1","Fumana.laevipes"
"P1","Tropinota.squalida","Fumana.laevipes"
"P1","Tropinota.sp1","Fumana.laevipes"
"P1","Sphecodes.pseudofasciatus","Fumana.laevipes"
"P1","Rhodanthidium.sticticum","Fumana.laevipes"
"P1","Rhodanthidium.septemdentatum","Fumana.laevipes"
"P1","Pyronia.bathseba","Fumana.laevipes"
"P1","Psilothrix.viridicoerulea","Fumana.laevipes"
"P1","Polistes.dominulus","Fumana.laevipes"
"P1","Platynochaetus.setosus","Fumana.laevipes"
"P1","Pieris.rapae","Fumana.laevipes"
"P1","Oxythyrea.funesta","Fumana.laevipes"
"P1","Osmia.rufohirta","Fumana.laevipes"
"P1","Osmia.gallarum","Fumana.laevipes"
"P1","Oedemera.flavipes","Fumana.laevipes"
"P1","Nomada.sheppardana","Fumana.laevipes"
"P1","Mordellistena.sp4","Fumana.laevipes"
"P1","Mordellistena.sp1","Fumana.laevipes"
"P1","Minoa.murinata","Fumana.laevipes"
"P1","Merodon.funestus","Fumana.laevipes"
"P1","Meligethes.sp1","Fumana.laevipes"
"P1","Megachile.pyrenaica","Fumana.laevipes"
"P1","Lobonyx.aeneus","Fumana.laevipes"
"P1","Lasioglossum.transitorium","Fumana.laevipes"
"P1","Lasioglossum.subhirtum","Fumana.laevipes"
"P1","Lasioglossum.morio","Fumana.laevipes"
"P1","Lasioglossum.mediterraneum","Fumana.laevipes"
"P1","Lasioglossum.malachurum","Fumana.laevipes"
"P1","Lasioglossum.interruptum","Fumana.laevipes"
"P1","Lasioglossum.griseolum","Fumana.laevipes"
"P1","Lasioglossum.bimaculatum","Fumana.laevipes"
"P1","Lasioglossum.albocinctum","Fumana.laevipes"
"P1","Hylaeus.taeniolatus","Fumana.laevipes"
"P1","Hylaeus.hyalinatus","Fumana.laevipes"
"P1","Hylaeus.gibbus","Fumana.laevipes"
"P1","Hylaeus.garrulus","Fumana.laevipes"
"P1","Halictus.scabiosae","Fumana.laevipes"
"P1","Halictus.fulvipes","Fumana.laevipes"
"P1","Eupeodes.corollae","Fumana.laevipes"
"P1","Eumerus.argyropus","Fumana.laevipes"
"P1","Eucera.collaris","Fumana.laevipes"
"P1","Dasytes.nigroaeneus","Fumana.laevipes"
"P1","Danacea.longiceps","Fumana.laevipes"
"P1","Clytus.rhamni","Fumana.laevipes"
"P1","Chrysotoxum.cautum","Fumana.laevipes"
"P1","Ceratina.cucurbitina","Fumana.laevipes"
"P1","Bombus.terrestris","Fumana.laevipes"
"P1","Aplocnemus.calidus","Fumana.laevipes"
"P1","Apis.mellifera","Fumana.laevipes"
"P1","Anthrenus.sp1","Fumana.laevipes"
"P1","Anthophora.dispar","Fumana.laevipes"
"P1","Anthophora.acervorum","Fumana.laevipes"
"P1","Anthaxia.spinolae","Fumana.laevipes"
"P1","Anthaxia.scutullaris","Fumana.laevipes"
"P1","Anthaxia.millefolii","Fumana.laevipes"
"P1","Andrena.vulpecula","Fumana.laevipes"
"P1","Andrena.senecionis","Fumana.laevipes"
"P1","Andrena.nigroaenea","Fumana.laevipes"
"P1","Andrena.lepida","Fumana.laevipes"
"P1","Andrena.flavipes","Fumana.laevipes"
"P1","Andrena.djelfensis","Fumana.laevipes"
"P1","Andrena.angustior","Fumana.laevipes"
"P1","Anaspis.sp1","Fumana.laevipes"
"P1","Amegilla.quadrifasciata","Fumana.laevipes"
"P1","Adelidae.sp1","Fumana.laevipes"
"P1","Acmaeodera.cylindrica","Fumana.laevipes"
"P1","Trypoxylon.sp1","Gladiolus.illyricus"
"P1","Tropinota.squalida","Gladiolus.illyricus"
"P1","Tropinota.sp1","Gladiolus.illyricus"
"P1","Sphecodes.pseudofasciatus","Gladiolus.illyricus"
"P1","Rhodanthidium.sticticum","Gladiolus.illyricus"
"P1","Rhodanthidium.septemdentatum","Gladiolus.illyricus"
"P1","Pyronia.bathseba","Gladiolus.illyricus"
"P1","Psilothrix.viridicoerulea","Gladiolus.illyricus"
"P1","Polistes.dominulus","Gladiolus.illyricus"
"P1","Platynochaetus.setosus","Gladiolus.illyricus"
"P1","Pieris.rapae","Gladiolus.illyricus"
"P1","Oxythyrea.funesta","Gladiolus.illyricus"
"P1","Osmia.rufohirta","Gladiolus.illyricus"
"P1","Osmia.gallarum","Gladiolus.illyricus"
"P1","Oedemera.flavipes","Gladiolus.illyricus"
"P1","Nomada.sheppardana","Gladiolus.illyricus"
"P1","Mordellistena.sp4","Gladiolus.illyricus"
"P1","Mordellistena.sp1","Gladiolus.illyricus"
"P1","Minoa.murinata","Gladiolus.illyricus"
"P1","Merodon.funestus","Gladiolus.illyricus"
"P1","Meligethes.sp1","Gladiolus.illyricus"
"P1","Megachile.pyrenaica","Gladiolus.illyricus"
"P1","Lobonyx.aeneus","Gladiolus.illyricus"
"P1","Lasioglossum.transitorium","Gladiolus.illyricus"
"P1","Lasioglossum.subhirtum","Gladiolus.illyricus"
"P1","Lasioglossum.morio","Gladiolus.illyricus"
"P1","Lasioglossum.mediterraneum","Gladiolus.illyricus"
"P1","Lasioglossum.malachurum","Gladiolus.illyricus"
"P1","Lasioglossum.interruptum","Gladiolus.illyricus"
"P1","Lasioglossum.griseolum","Gladiolus.illyricus"
"P1","Lasioglossum.bimaculatum","Gladiolus.illyricus"
"P1","Lasioglossum.albocinctum","Gladiolus.illyricus"
"P1","Hylaeus.taeniolatus","Gladiolus.illyricus"
"P1","Hylaeus.hyalinatus","Gladiolus.illyricus"
"P1","Hylaeus.gibbus","Gladiolus.illyricus"
"P1","Hylaeus.garrulus","Gladiolus.illyricus"
"P1","Halictus.scabiosae","Gladiolus.illyricus"
"P1","Halictus.fulvipes","Gladiolus.illyricus"
"P1","Eupeodes.corollae","Gladiolus.illyricus"
"P1","Eumerus.argyropus","Gladiolus.illyricus"
"P1","Eucera.collaris","Gladiolus.illyricus"
"P1","Dasytes.nigroaeneus","Gladiolus.illyricus"
"P1","Danacea.longiceps","Gladiolus.illyricus"
"P1","Clytus.rhamni","Gladiolus.illyricus"
"P1","Chrysotoxum.cautum","Gladiolus.illyricus"
"P1","Ceratina.cucurbitina","Gladiolus.illyricus"
"P1","Bombus.terrestris","Gladiolus.illyricus"
"P1","Aplocnemus.calidus","Gladiolus.illyricus"
"P1","Apis.mellifera","Gladiolus.illyricus"
"P1","Anthrenus.sp1","Gladiolus.illyricus"
"P1","Anthophora.dispar","Gladiolus.illyricus"
"P1","Anthophora.acervorum","Gladiolus.illyricus"
"P1","Anthaxia.spinolae","Gladiolus.illyricus"
"P1","Anthaxia.scutullaris","Gladiolus.illyricus"
"P1","Anthaxia.millefolii","Gladiolus.illyricus"
"P1","Andrena.vulpecula","Gladiolus.illyricus"
"P1","Andrena.senecionis","Gladiolus.illyricus"
"P1","Andrena.nigroaenea","Gladiolus.illyricus"
"P1","Andrena.lepida","Gladiolus.illyricus"
"P1","Andrena.flavipes","Gladiolus.illyricus"
"P1","Andrena.djelfensis","Gladiolus.illyricus"
"P1","Andrena.angustior","Gladiolus.illyricus"
"P1","Anaspis.sp1","Gladiolus.illyricus"
"P1","Amegilla.quadrifasciata","Gladiolus.illyricus"
"P1","Adelidae.sp1","Gladiolus.illyricus"
"P1","Acmaeodera.cylindrica","Gladiolus.illyricus"
"P1","Trypoxylon.sp1","Rosmarinus.officinalis"
"P1","Tropinota.squalida","Rosmarinus.officinalis"
"P1","Tropinota.sp1","Rosmarinus.officinalis"
"P1","Sphecodes.pseudofasciatus","Rosmarinus.officinalis"
"P1","Rhodanthidium.sticticum","Rosmarinus.officinalis"
"P1","Rhodanthidium.septemdentatum","Rosmarinus.officinalis"
"P1","Pyronia.bathseba","Rosmarinus.officinalis"
"P1","Psilothrix.viridicoerulea","Rosmarinus.officinalis"
"P1","Polistes.dominulus","Rosmarinus.officinalis"
"P1","Platynochaetus.setosus","Rosmarinus.officinalis"
"P1","Pieris.rapae","Rosmarinus.officinalis"
"P1","Oxythyrea.funesta","Rosmarinus.officinalis"
"P1","Osmia.rufohirta","Rosmarinus.officinalis"
"P1","Osmia.gallarum","Rosmarinus.officinalis"
"P1","Oedemera.flavipes","Rosmarinus.officinalis"
"P1","Nomada.sheppardana","Rosmarinus.officinalis"
"P1","Mordellistena.sp4","Rosmarinus.officinalis"
"P1","Mordellistena.sp1","Rosmarinus.officinalis"
"P1","Minoa.murinata","Rosmarinus.officinalis"
"P1","Merodon.funestus","Rosmarinus.officinalis"
"P1","Meligethes.sp1","Rosmarinus.officinalis"
"P1","Megachile.pyrenaica","Rosmarinus.officinalis"
"P1","Lobonyx.aeneus","Rosmarinus.officinalis"
"P1","Lasioglossum.transitorium","Rosmarinus.officinalis"
"P1","Lasioglossum.subhirtum","Rosmarinus.officinalis"
"P1","Lasioglossum.morio","Rosmarinus.officinalis"
"P1","Lasioglossum.mediterraneum","Rosmarinus.officinalis"
"P1","Lasioglossum.malachurum","Rosmarinus.officinalis"
"P1","Lasioglossum.interruptum","Rosmarinus.officinalis"
"P1","Lasioglossum.griseolum","Rosmarinus.officinalis"
"P1","Lasioglossum.bimaculatum","Rosmarinus.officinalis"
"P1","Lasioglossum.albocinctum","Rosmarinus.officinalis"
"P1","Hylaeus.taeniolatus","Rosmarinus.officinalis"
"P1","Hylaeus.hyalinatus","Rosmarinus.officinalis"
"P1","Hylaeus.gibbus","Rosmarinus.officinalis"
"P1","Hylaeus.garrulus","Rosmarinus.officinalis"
"P1","Halictus.scabiosae","Rosmarinus.officinalis"
"P1","Halictus.fulvipes","Rosmarinus.officinalis"
"P1","Eupeodes.corollae","Rosmarinus.officinalis"
"P1","Eumerus.argyropus","Rosmarinus.officinalis"
"P1","Eucera.collaris","Rosmarinus.officinalis"
"P1","Dasytes.nigroaeneus","Rosmarinus.officinalis"
"P1","Danacea.longiceps","Rosmarinus.officinalis"
"P1","Clytus.rhamni","Rosmarinus.officinalis"
"P1","Chrysotoxum.cautum","Rosmarinus.officinalis"
"P1","Ceratina.cucurbitina","Rosmarinus.officinalis"
"P1","Bombus.terrestris","Rosmarinus.officinalis"
"P1","Aplocnemus.calidus","Rosmarinus.officinalis"
"P1","Apis.mellifera","Rosmarinus.officinalis"
"P1","Anthrenus.sp1","Rosmarinus.officinalis"
"P1","Anthophora.dispar","Rosmarinus.officinalis"
"P1","Anthophora.acervorum","Rosmarinus.officinalis"
"P1","Anthaxia.spinolae","Rosmarinus.officinalis"
"P1","Anthaxia.scutullaris","Rosmarinus.officinalis"
"P1","Anthaxia.millefolii","Rosmarinus.officinalis"
"P1","Andrena.vulpecula","Rosmarinus.officinalis"
"P1","Andrena.senecionis","Rosmarinus.officinalis"
"P1","Andrena.nigroaenea","Rosmarinus.officinalis"
"P1","Andrena.lepida","Rosmarinus.officinalis"
"P1","Andrena.flavipes","Rosmarinus.officinalis"
"P1","Andrena.djelfensis","Rosmarinus.officinalis"
"P1","Andrena.angustior","Rosmarinus.officinalis"
"P1","Anaspis.sp1","Rosmarinus.officinalis"
"P1","Amegilla.quadrifasciata","Rosmarinus.officinalis"
"P1","Adelidae.sp1","Rosmarinus.officinalis"
"P1","Acmaeodera.cylindrica","Rosmarinus.officinalis"
"P1","Trypoxylon.sp1","Thymus.vulgaris"
"P1","Tropinota.squalida","Thymus.vulgaris"
"P1","Tropinota.sp1","Thymus.vulgaris"
"P1","Sphecodes.pseudofasciatus","Thymus.vulgaris"
"P1","Rhodanthidium.sticticum","Thymus.vulgaris"
"P1","Rhodanthidium.septemdentatum","Thymus.vulgaris"
"P1","Pyronia.bathseba","Thymus.vulgaris"
"P1","Psilothrix.viridicoerulea","Thymus.vulgaris"
"P1","Polistes.dominulus","Thymus.vulgaris"
"P1","Platynochaetus.setosus","Thymus.vulgaris"
"P1","Pieris.rapae","Thymus.vulgaris"
"P1","Oxythyrea.funesta","Thymus.vulgaris"
"P1","Osmia.rufohirta","Thymus.vulgaris"
"P1","Osmia.gallarum","Thymus.vulgaris"
"P1","Oedemera.flavipes","Thymus.vulgaris"
"P1","Nomada.sheppardana","Thymus.vulgaris"
"P1","Mordellistena.sp4","Thymus.vulgaris"
"P1","Mordellistena.sp1","Thymus.vulgaris"
"P1","Minoa.murinata","Thymus.vulgaris"
"P1","Merodon.funestus","Thymus.vulgaris"
"P1","Meligethes.sp1","Thymus.vulgaris"
"P1","Megachile.pyrenaica","Thymus.vulgaris"
"P1","Lobonyx.aeneus","Thymus.vulgaris"
"P1","Lasioglossum.transitorium","Thymus.vulgaris"
"P1","Lasioglossum.subhirtum","Thymus.vulgaris"
"P1","Lasioglossum.morio","Thymus.vulgaris"
"P1","Lasioglossum.mediterraneum","Thymus.vulgaris"
"P1","Lasioglossum.malachurum","Thymus.vulgaris"
"P1","Lasioglossum.interruptum","Thymus.vulgaris"
"P1","Lasioglossum.griseolum","Thymus.vulgaris"
"P1","Lasioglossum.bimaculatum","Thymus.vulgaris"
"P1","Lasioglossum.albocinctum","Thymus.vulgaris"
"P1","Hylaeus.taeniolatus","Thymus.vulgaris"
"P1","Hylaeus.hyalinatus","Thymus.vulgaris"
"P1","Hylaeus.gibbus","Thymus.vulgaris"
"P1","Hylaeus.garrulus","Thymus.vulgaris"
"P1","Halictus.scabiosae","Thymus.vulgaris"
"P1","Halictus.fulvipes","Thymus.vulgaris"
"P1","Eupeodes.corollae","Thymus.vulgaris"
"P1","Eumerus.argyropus","Thymus.vulgaris"
"P1","Eucera.collaris","Thymus.vulgaris"
"P1","Dasytes.nigroaeneus","Thymus.vulgaris"
"P1","Danacea.longiceps","Thymus.vulgaris"
"P1","Clytus.rhamni","Thymus.vulgaris"
"P1","Chrysotoxum.cautum","Thymus.vulgaris"
"P1","Ceratina.cucurbitina","Thymus.vulgaris"
"P1","Bombus.terrestris","Thymus.vulgaris"
"P1","Aplocnemus.calidus","Thymus.vulgaris"
"P1","Apis.mellifera","Thymus.vulgaris"
"P1","Anthrenus.sp1","Thymus.vulgaris"
"P1","Anthophora.dispar","Thymus.vulgaris"
"P1","Anthophora.acervorum","Thymus.vulgaris"
"P1","Anthaxia.spinolae","Thymus.vulgaris"
"P1","Anthaxia.scutullaris","Thymus.vulgaris"
"P1","Anthaxia.millefolii","Thymus.vulgaris"
"P1","Andrena.vulpecula","Thymus.vulgaris"
"P1","Andrena.senecionis","Thymus.vulgaris"
"P1","Andrena.nigroaenea","Thymus.vulgaris"
"P1","Andrena.lepida","Thymus.vulgaris"
"P1","Andrena.flavipes","Thymus.vulgaris"
"P1","Andrena.djelfensis","Thymus.vulgaris"
"P1","Andrena.angustior","Thymus.vulgaris"
"P1","Anaspis.sp1","Thymus.vulgaris"
"P1","Amegilla.quadrifasciata","Thymus.vulgaris"
"P1","Adelidae.sp1","Thymus.vulgaris"
"P1","Acmaeodera.cylindrica","Thymus.vulgaris"
"P2","Acmaeodera.cylindrica","Aphyllanthes.monspeliensis"
"P2","Anaspis.sp1","Aphyllanthes.monspeliensis"
"P2","Andrena.angustior","Aphyllanthes.monspeliensis"
"P2","Andrena.djelfensis","Aphyllanthes.monspeliensis"
"P2","Andrena.lepida","Aphyllanthes.monspeliensis"
"P2","Andrena.nigroaenea","Aphyllanthes.monspeliensis"
"P2","Andrena.senecionis","Aphyllanthes.monspeliensis"
"P2","Anthaxia.millefolii","Aphyllanthes.monspeliensis"
"P2","Anthaxia.scutullaris","Aphyllanthes.monspeliensis"
"P2","Anthaxia.spinolae","Aphyllanthes.monspeliensis"
"P2","Anthophora.dispar","Aphyllanthes.monspeliensis"
"P2","Anthrenus.sp1","Aphyllanthes.monspeliensis"
"P2","Apis.mellifera","Aphyllanthes.monspeliensis"
"P2","Aplocnemus.calidus","Aphyllanthes.monspeliensis"
"P2","Bombus.terrestris","Aphyllanthes.monspeliensis"
"P2","Bruchidius.sp3","Aphyllanthes.monspeliensis"
"P2","Chrysotoxum.cautum","Aphyllanthes.monspeliensis"
"P2","Clanoptilus.abdominalis","Aphyllanthes.monspeliensis"
"P2","Clytus.rhamni","Aphyllanthes.monspeliensis"
"P2","Coenonympha.pamphilus","Aphyllanthes.monspeliensis"
"P2","Danacea.longiceps","Aphyllanthes.monspeliensis"
"P2","Dasytes.nigroaeneus","Aphyllanthes.monspeliensis"
"P2","Eristalis.tenax","Aphyllanthes.monspeliensis"
"P2","Euchloe.crameri","Aphyllanthes.monspeliensis"
"P2","Eumerus.argyropus","Aphyllanthes.monspeliensis"
"P2","Halictus.fulvipes","Aphyllanthes.monspeliensis"
"P2","Hylaeus.garrulus","Aphyllanthes.monspeliensis"
"P2","Hylaeus.hyalinatus","Aphyllanthes.monspeliensis"
"P2","Lasioglossum.albocinctum","Aphyllanthes.monspeliensis"
"P2","Lasioglossum.bimaculatum","Aphyllanthes.monspeliensis"
"P2","Lasioglossum.griseolum","Aphyllanthes.monspeliensis"
"P2","Lasioglossum.ibericum","Aphyllanthes.monspeliensis"
"P2","Lasioglossum.malachurum","Aphyllanthes.monspeliensis"
"P2","Lasioglossum.mediterraneum","Aphyllanthes.monspeliensis"
"P2","Lasioglossum.subhirtum","Aphyllanthes.monspeliensis"
"P2","Lasioglossum.transitorium","Aphyllanthes.monspeliensis"
"P2","Lasiommata.megera","Aphyllanthes.monspeliensis"
"P2","Lobonyx.aeneus","Aphyllanthes.monspeliensis"
"P2","Melanargia.occitanica","Aphyllanthes.monspeliensis"
"P2","Meligethes.sp1","Aphyllanthes.monspeliensis"
"P2","Merodon.funestus","Aphyllanthes.monspeliensis"
"P2","Merodon.obscuritarsis","Aphyllanthes.monspeliensis"
"P2","Mordellistena.sp1","Aphyllanthes.monspeliensis"
"P2","Nomada.hispanica","Aphyllanthes.monspeliensis"
"P2","Oedemera.flavipes","Aphyllanthes.monspeliensis"
"P2","Osmia.gallarum","Aphyllanthes.monspeliensis"
"P2","Osmia.rufohirta","Aphyllanthes.monspeliensis"
"P2","Oxythyrea.funesta","Aphyllanthes.monspeliensis"
"P2","Polistes.dominulus","Aphyllanthes.monspeliensis"
"P2","Priocnemis.sp1","Aphyllanthes.monspeliensis"
"P2","Pyronia.bathseba","Aphyllanthes.monspeliensis"
"P2","Rhodanthidium.septemdentatum","Aphyllanthes.monspeliensis"
"P2","Rhodanthidium.sticticum","Aphyllanthes.monspeliensis"
"P2","Spermophagus.sp1","Aphyllanthes.monspeliensis"
"P2","Stenurella.melanura","Aphyllanthes.monspeliensis"
"P2","Tenthredopsis.cabrerae","Aphyllanthes.monspeliensis"
"P2","Tropinota.sp1","Aphyllanthes.monspeliensis"
"P2","Tropinota.squalida","Aphyllanthes.monspeliensis"
"P2","Trypoxylon.sp1","Aphyllanthes.monspeliensis"
"P2","Xylocopa.violacea","Aphyllanthes.monspeliensis"
"P2","Zygaena.sp1","Aphyllanthes.monspeliensis"
"P2","Acmaeodera.cylindrica","Argyrolobium.zanonii"
"P2","Anaspis.sp1","Argyrolobium.zanonii"
"P2","Andrena.angustior","Argyrolobium.zanonii"
"P2","Andrena.djelfensis","Argyrolobium.zanonii"
"P2","Andrena.lepida","Argyrolobium.zanonii"
"P2","Andrena.nigroaenea","Argyrolobium.zanonii"
"P2","Andrena.senecionis","Argyrolobium.zanonii"
"P2","Anthaxia.millefolii","Argyrolobium.zanonii"
"P2","Anthaxia.scutullaris","Argyrolobium.zanonii"
"P2","Anthaxia.spinolae","Argyrolobium.zanonii"
"P2","Anthophora.dispar","Argyrolobium.zanonii"
"P2","Anthrenus.sp1","Argyrolobium.zanonii"
"P2","Apis.mellifera","Argyrolobium.zanonii"
"P2","Aplocnemus.calidus","Argyrolobium.zanonii"
"P2","Bombus.terrestris","Argyrolobium.zanonii"
"P2","Bruchidius.sp3","Argyrolobium.zanonii"
"P2","Chrysotoxum.cautum","Argyrolobium.zanonii"
"P2","Clanoptilus.abdominalis","Argyrolobium.zanonii"
"P2","Clytus.rhamni","Argyrolobium.zanonii"
"P2","Coenonympha.pamphilus","Argyrolobium.zanonii"
"P2","Danacea.longiceps","Argyrolobium.zanonii"
"P2","Dasytes.nigroaeneus","Argyrolobium.zanonii"
"P2","Eristalis.tenax","Argyrolobium.zanonii"
"P2","Euchloe.crameri","Argyrolobium.zanonii"
"P2","Eumerus.argyropus","Argyrolobium.zanonii"
"P2","Halictus.fulvipes","Argyrolobium.zanonii"
"P2","Hylaeus.garrulus","Argyrolobium.zanonii"
"P2","Hylaeus.hyalinatus","Argyrolobium.zanonii"
"P2","Lasioglossum.albocinctum","Argyrolobium.zanonii"
"P2","Lasioglossum.bimaculatum","Argyrolobium.zanonii"
"P2","Lasioglossum.griseolum","Argyrolobium.zanonii"
"P2","Lasioglossum.ibericum","Argyrolobium.zanonii"
"P2","Lasioglossum.malachurum","Argyrolobium.zanonii"
"P2","Lasioglossum.mediterraneum","Argyrolobium.zanonii"
"P2","Lasioglossum.subhirtum","Argyrolobium.zanonii"
"P2","Lasioglossum.transitorium","Argyrolobium.zanonii"
"P2","Lasiommata.megera","Argyrolobium.zanonii"
"P2","Lobonyx.aeneus","Argyrolobium.zanonii"
"P2","Melanargia.occitanica","Argyrolobium.zanonii"
"P2","Meligethes.sp1","Argyrolobium.zanonii"
"P2","Merodon.funestus","Argyrolobium.zanonii"
"P2","Merodon.obscuritarsis","Argyrolobium.zanonii"
"P2","Mordellistena.sp1","Argyrolobium.zanonii"
"P2","Nomada.hispanica","Argyrolobium.zanonii"
"P2","Oedemera.flavipes","Argyrolobium.zanonii"
"P2","Osmia.gallarum","Argyrolobium.zanonii"
"P2","Osmia.rufohirta","Argyrolobium.zanonii"
"P2","Oxythyrea.funesta","Argyrolobium.zanonii"
"P2","Polistes.dominulus","Argyrolobium.zanonii"
"P2","Priocnemis.sp1","Argyrolobium.zanonii"
"P2","Pyronia.bathseba","Argyrolobium.zanonii"
"P2","Rhodanthidium.septemdentatum","Argyrolobium.zanonii"
"P2","Rhodanthidium.sticticum","Argyrolobium.zanonii"
"P2","Spermophagus.sp1","Argyrolobium.zanonii"
"P2","Stenurella.melanura","Argyrolobium.zanonii"
"P2","Tenthredopsis.cabrerae","Argyrolobium.zanonii"
"P2","Tropinota.sp1","Argyrolobium.zanonii"
"P2","Tropinota.squalida","Argyrolobium.zanonii"
"P2","Trypoxylon.sp1","Argyrolobium.zanonii"
"P2","Xylocopa.violacea","Argyrolobium.zanonii"
"P2","Zygaena.sp1","Argyrolobium.zanonii"
"P2","Acmaeodera.cylindrica","Biscutella.laevigata"
"P2","Anaspis.sp1","Biscutella.laevigata"
"P2","Andrena.angustior","Biscutella.laevigata"
"P2","Andrena.djelfensis","Biscutella.laevigata"
"P2","Andrena.lepida","Biscutella.laevigata"
"P2","Andrena.nigroaenea","Biscutella.laevigata"
"P2","Andrena.senecionis","Biscutella.laevigata"
"P2","Anthaxia.millefolii","Biscutella.laevigata"
"P2","Anthaxia.scutullaris","Biscutella.laevigata"
"P2","Anthaxia.spinolae","Biscutella.laevigata"
"P2","Anthophora.dispar","Biscutella.laevigata"
"P2","Anthrenus.sp1","Biscutella.laevigata"
"P2","Apis.mellifera","Biscutella.laevigata"
"P2","Aplocnemus.calidus","Biscutella.laevigata"
"P2","Bombus.terrestris","Biscutella.laevigata"
"P2","Bruchidius.sp3","Biscutella.laevigata"
"P2","Chrysotoxum.cautum","Biscutella.laevigata"
"P2","Clanoptilus.abdominalis","Biscutella.laevigata"
"P2","Clytus.rhamni","Biscutella.laevigata"
"P2","Coenonympha.pamphilus","Biscutella.laevigata"
"P2","Danacea.longiceps","Biscutella.laevigata"
"P2","Dasytes.nigroaeneus","Biscutella.laevigata"
"P2","Eristalis.tenax","Biscutella.laevigata"
"P2","Euchloe.crameri","Biscutella.laevigata"
"P2","Eumerus.argyropus","Biscutella.laevigata"
"P2","Halictus.fulvipes","Biscutella.laevigata"
"P2","Hylaeus.garrulus","Biscutella.laevigata"
"P2","Hylaeus.hyalinatus","Biscutella.laevigata"
"P2","Lasioglossum.albocinctum","Biscutella.laevigata"
"P2","Lasioglossum.bimaculatum","Biscutella.laevigata"
"P2","Lasioglossum.griseolum","Biscutella.laevigata"
"P2","Lasioglossum.ibericum","Biscutella.laevigata"
"P2","Lasioglossum.malachurum","Biscutella.laevigata"
"P2","Lasioglossum.mediterraneum","Biscutella.laevigata"
"P2","Lasioglossum.subhirtum","Biscutella.laevigata"
"P2","Lasioglossum.transitorium","Biscutella.laevigata"
"P2","Lasiommata.megera","Biscutella.laevigata"
"P2","Lobonyx.aeneus","Biscutella.laevigata"
"P2","Melanargia.occitanica","Biscutella.laevigata"
"P2","Meligethes.sp1","Biscutella.laevigata"
"P2","Merodon.funestus","Biscutella.laevigata"
"P2","Merodon.obscuritarsis","Biscutella.laevigata"
"P2","Mordellistena.sp1","Biscutella.laevigata"
"P2","Nomada.hispanica","Biscutella.laevigata"
"P2","Oedemera.flavipes","Biscutella.laevigata"
"P2","Osmia.gallarum","Biscutella.laevigata"
"P2","Osmia.rufohirta","Biscutella.laevigata"
"P2","Oxythyrea.funesta","Biscutella.laevigata"
"P2","Polistes.dominulus","Biscutella.laevigata"
"P2","Priocnemis.sp1","Biscutella.laevigata"
"P2","Pyronia.bathseba","Biscutella.laevigata"
"P2","Rhodanthidium.septemdentatum","Biscutella.laevigata"
"P2","Rhodanthidium.sticticum","Biscutella.laevigata"
"P2","Spermophagus.sp1","Biscutella.laevigata"
"P2","Stenurella.melanura","Biscutella.laevigata"
"P2","Tenthredopsis.cabrerae","Biscutella.laevigata"
"P2","Tropinota.sp1","Biscutella.laevigata"
"P2","Tropinota.squalida","Biscutella.laevigata"
"P2","Trypoxylon.sp1","Biscutella.laevigata"
"P2","Xylocopa.violacea","Biscutella.laevigata"
"P2","Zygaena.sp1","Biscutella.laevigata"
"P2","Acmaeodera.cylindrica","Centaurea.linifolia."
"P2","Anaspis.sp1","Centaurea.linifolia."
"P2","Andrena.angustior","Centaurea.linifolia."
"P2","Andrena.djelfensis","Centaurea.linifolia."
"P2","Andrena.lepida","Centaurea.linifolia."
"P2","Andrena.nigroaenea","Centaurea.linifolia."
"P2","Andrena.senecionis","Centaurea.linifolia."
"P2","Anthaxia.millefolii","Centaurea.linifolia."
"P2","Anthaxia.scutullaris","Centaurea.linifolia."
"P2","Anthaxia.spinolae","Centaurea.linifolia."
"P2","Anthophora.dispar","Centaurea.linifolia."
"P2","Anthrenus.sp1","Centaurea.linifolia."
"P2","Apis.mellifera","Centaurea.linifolia."
"P2","Aplocnemus.calidus","Centaurea.linifolia."
"P2","Bombus.terrestris","Centaurea.linifolia."
"P2","Bruchidius.sp3","Centaurea.linifolia."
"P2","Chrysotoxum.cautum","Centaurea.linifolia."
"P2","Clanoptilus.abdominalis","Centaurea.linifolia."
"P2","Clytus.rhamni","Centaurea.linifolia."
"P2","Coenonympha.pamphilus","Centaurea.linifolia."
"P2","Danacea.longiceps","Centaurea.linifolia."
"P2","Dasytes.nigroaeneus","Centaurea.linifolia."
"P2","Eristalis.tenax","Centaurea.linifolia."
"P2","Euchloe.crameri","Centaurea.linifolia."
"P2","Eumerus.argyropus","Centaurea.linifolia."
"P2","Halictus.fulvipes","Centaurea.linifolia."
"P2","Hylaeus.garrulus","Centaurea.linifolia."
"P2","Hylaeus.hyalinatus","Centaurea.linifolia."
"P2","Lasioglossum.albocinctum","Centaurea.linifolia."
"P2","Lasioglossum.bimaculatum","Centaurea.linifolia."
"P2","Lasioglossum.griseolum","Centaurea.linifolia."
"P2","Lasioglossum.ibericum","Centaurea.linifolia."
"P2","Lasioglossum.malachurum","Centaurea.linifolia."
"P2","Lasioglossum.mediterraneum","Centaurea.linifolia."
"P2","Lasioglossum.subhirtum","Centaurea.linifolia."
"P2","Lasioglossum.transitorium","Centaurea.linifolia."
"P2","Lasiommata.megera","Centaurea.linifolia."
"P2","Lobonyx.aeneus","Centaurea.linifolia."
"P2","Melanargia.occitanica","Centaurea.linifolia."
"P2","Meligethes.sp1","Centaurea.linifolia."
"P2","Merodon.funestus","Centaurea.linifolia."
"P2","Merodon.obscuritarsis","Centaurea.linifolia."
"P2","Mordellistena.sp1","Centaurea.linifolia."
"P2","Nomada.hispanica","Centaurea.linifolia."
"P2","Oedemera.flavipes","Centaurea.linifolia."
"P2","Osmia.gallarum","Centaurea.linifolia."
"P2","Osmia.rufohirta","Centaurea.linifolia."
"P2","Oxythyrea.funesta","Centaurea.linifolia."
"P2","Polistes.dominulus","Centaurea.linifolia."
"P2","Priocnemis.sp1","Centaurea.linifolia."
"P2","Pyronia.bathseba","Centaurea.linifolia."
"P2","Rhodanthidium.septemdentatum","Centaurea.linifolia."
"P2","Rhodanthidium.sticticum","Centaurea.linifolia."
"P2","Spermophagus.sp1","Centaurea.linifolia."
"P2","Stenurella.melanura","Centaurea.linifolia."
"P2","Tenthredopsis.cabrerae","Centaurea.linifolia."
"P2","Tropinota.sp1","Centaurea.linifolia."
"P2","Tropinota.squalida","Centaurea.linifolia."
"P2","Trypoxylon.sp1","Centaurea.linifolia."
"P2","Xylocopa.violacea","Centaurea.linifolia."
"P2","Zygaena.sp1","Centaurea.linifolia."
"P2","Acmaeodera.cylindrica","Cistus.salviifolius"
"P2","Anaspis.sp1","Cistus.salviifolius"
"P2","Andrena.angustior","Cistus.salviifolius"
"P2","Andrena.djelfensis","Cistus.salviifolius"
"P2","Andrena.lepida","Cistus.salviifolius"
"P2","Andrena.nigroaenea","Cistus.salviifolius"
"P2","Andrena.senecionis","Cistus.salviifolius"
"P2","Anthaxia.millefolii","Cistus.salviifolius"
"P2","Anthaxia.scutullaris","Cistus.salviifolius"
"P2","Anthaxia.spinolae","Cistus.salviifolius"
"P2","Anthophora.dispar","Cistus.salviifolius"
"P2","Anthrenus.sp1","Cistus.salviifolius"
"P2","Apis.mellifera","Cistus.salviifolius"
"P2","Aplocnemus.calidus","Cistus.salviifolius"
"P2","Bombus.terrestris","Cistus.salviifolius"
"P2","Bruchidius.sp3","Cistus.salviifolius"
"P2","Chrysotoxum.cautum","Cistus.salviifolius"
"P2","Clanoptilus.abdominalis","Cistus.salviifolius"
"P2","Clytus.rhamni","Cistus.salviifolius"
"P2","Coenonympha.pamphilus","Cistus.salviifolius"
"P2","Danacea.longiceps","Cistus.salviifolius"
"P2","Dasytes.nigroaeneus","Cistus.salviifolius"
"P2","Eristalis.tenax","Cistus.salviifolius"
"P2","Euchloe.crameri","Cistus.salviifolius"
"P2","Eumerus.argyropus","Cistus.salviifolius"
"P2","Halictus.fulvipes","Cistus.salviifolius"
"P2","Hylaeus.garrulus","Cistus.salviifolius"
"P2","Hylaeus.hyalinatus","Cistus.salviifolius"
"P2","Lasioglossum.albocinctum","Cistus.salviifolius"
"P2","Lasioglossum.bimaculatum","Cistus.salviifolius"
"P2","Lasioglossum.griseolum","Cistus.salviifolius"
"P2","Lasioglossum.ibericum","Cistus.salviifolius"
"P2","Lasioglossum.malachurum","Cistus.salviifolius"
"P2","Lasioglossum.mediterraneum","Cistus.salviifolius"
"P2","Lasioglossum.subhirtum","Cistus.salviifolius"
"P2","Lasioglossum.transitorium","Cistus.salviifolius"
"P2","Lasiommata.megera","Cistus.salviifolius"
"P2","Lobonyx.aeneus","Cistus.salviifolius"
"P2","Melanargia.occitanica","Cistus.salviifolius"
"P2","Meligethes.sp1","Cistus.salviifolius"
"P2","Merodon.funestus","Cistus.salviifolius"
"P2","Merodon.obscuritarsis","Cistus.salviifolius"
"P2","Mordellistena.sp1","Cistus.salviifolius"
"P2","Nomada.hispanica","Cistus.salviifolius"
"P2","Oedemera.flavipes","Cistus.salviifolius"
"P2","Osmia.gallarum","Cistus.salviifolius"
"P2","Osmia.rufohirta","Cistus.salviifolius"
"P2","Oxythyrea.funesta","Cistus.salviifolius"
"P2","Polistes.dominulus","Cistus.salviifolius"
"P2","Priocnemis.sp1","Cistus.salviifolius"
"P2","Pyronia.bathseba","Cistus.salviifolius"
"P2","Rhodanthidium.septemdentatum","Cistus.salviifolius"
"P2","Rhodanthidium.sticticum","Cistus.salviifolius"
"P2","Spermophagus.sp1","Cistus.salviifolius"
"P2","Stenurella.melanura","Cistus.salviifolius"
"P2","Tenthredopsis.cabrerae","Cistus.salviifolius"
"P2","Tropinota.sp1","Cistus.salviifolius"
"P2","Tropinota.squalida","Cistus.salviifolius"
"P2","Trypoxylon.sp1","Cistus.salviifolius"
"P2","Xylocopa.violacea","Cistus.salviifolius"
"P2","Zygaena.sp1","Cistus.salviifolius"
"P2","Acmaeodera.cylindrica","Euphorbia.characias"
"P2","Anaspis.sp1","Euphorbia.characias"
"P2","Andrena.angustior","Euphorbia.characias"
"P2","Andrena.djelfensis","Euphorbia.characias"
"P2","Andrena.lepida","Euphorbia.characias"
"P2","Andrena.nigroaenea","Euphorbia.characias"
"P2","Andrena.senecionis","Euphorbia.characias"
"P2","Anthaxia.millefolii","Euphorbia.characias"
"P2","Anthaxia.scutullaris","Euphorbia.characias"
"P2","Anthaxia.spinolae","Euphorbia.characias"
"P2","Anthophora.dispar","Euphorbia.characias"
"P2","Anthrenus.sp1","Euphorbia.characias"
"P2","Apis.mellifera","Euphorbia.characias"
"P2","Aplocnemus.calidus","Euphorbia.characias"
"P2","Bombus.terrestris","Euphorbia.characias"
"P2","Bruchidius.sp3","Euphorbia.characias"
"P2","Chrysotoxum.cautum","Euphorbia.characias"
"P2","Clanoptilus.abdominalis","Euphorbia.characias"
"P2","Clytus.rhamni","Euphorbia.characias"
"P2","Coenonympha.pamphilus","Euphorbia.characias"
"P2","Danacea.longiceps","Euphorbia.characias"
"P2","Dasytes.nigroaeneus","Euphorbia.characias"
"P2","Eristalis.tenax","Euphorbia.characias"
"P2","Euchloe.crameri","Euphorbia.characias"
"P2","Eumerus.argyropus","Euphorbia.characias"
"P2","Halictus.fulvipes","Euphorbia.characias"
"P2","Hylaeus.garrulus","Euphorbia.characias"
"P2","Hylaeus.hyalinatus","Euphorbia.characias"
"P2","Lasioglossum.albocinctum","Euphorbia.characias"
"P2","Lasioglossum.bimaculatum","Euphorbia.characias"
"P2","Lasioglossum.griseolum","Euphorbia.characias"
"P2","Lasioglossum.ibericum","Euphorbia.characias"
"P2","Lasioglossum.malachurum","Euphorbia.characias"
"P2","Lasioglossum.mediterraneum","Euphorbia.characias"
"P2","Lasioglossum.subhirtum","Euphorbia.characias"
"P2","Lasioglossum.transitorium","Euphorbia.characias"
"P2","Lasiommata.megera","Euphorbia.characias"
"P2","Lobonyx.aeneus","Euphorbia.characias"
"P2","Melanargia.occitanica","Euphorbia.characias"
"P2","Meligethes.sp1","Euphorbia.characias"
"P2","Merodon.funestus","Euphorbia.characias"
"P2","Merodon.obscuritarsis","Euphorbia.characias"
"P2","Mordellistena.sp1","Euphorbia.characias"
"P2","Nomada.hispanica","Euphorbia.characias"
"P2","Oedemera.flavipes","Euphorbia.characias"
"P2","Osmia.gallarum","Euphorbia.characias"
"P2","Osmia.rufohirta","Euphorbia.characias"
"P2","Oxythyrea.funesta","Euphorbia.characias"
"P2","Polistes.dominulus","Euphorbia.characias"
"P2","Priocnemis.sp1","Euphorbia.characias"
"P2","Pyronia.bathseba","Euphorbia.characias"
"P2","Rhodanthidium.septemdentatum","Euphorbia.characias"
"P2","Rhodanthidium.sticticum","Euphorbia.characias"
"P2","Spermophagus.sp1","Euphorbia.characias"
"P2","Stenurella.melanura","Euphorbia.characias"
"P2","Tenthredopsis.cabrerae","Euphorbia.characias"
"P2","Tropinota.sp1","Euphorbia.characias"
"P2","Tropinota.squalida","Euphorbia.characias"
"P2","Trypoxylon.sp1","Euphorbia.characias"
"P2","Xylocopa.violacea","Euphorbia.characias"
"P2","Zygaena.sp1","Euphorbia.characias"
"P2","Acmaeodera.cylindrica","Euphorbia.flavicoma"
"P2","Anaspis.sp1","Euphorbia.flavicoma"
"P2","Andrena.angustior","Euphorbia.flavicoma"
"P2","Andrena.djelfensis","Euphorbia.flavicoma"
"P2","Andrena.lepida","Euphorbia.flavicoma"
"P2","Andrena.nigroaenea","Euphorbia.flavicoma"
"P2","Andrena.senecionis","Euphorbia.flavicoma"
"P2","Anthaxia.millefolii","Euphorbia.flavicoma"
"P2","Anthaxia.scutullaris","Euphorbia.flavicoma"
"P2","Anthaxia.spinolae","Euphorbia.flavicoma"
"P2","Anthophora.dispar","Euphorbia.flavicoma"
"P2","Anthrenus.sp1","Euphorbia.flavicoma"
"P2","Apis.mellifera","Euphorbia.flavicoma"
"P2","Aplocnemus.calidus","Euphorbia.flavicoma"
"P2","Bombus.terrestris","Euphorbia.flavicoma"
"P2","Bruchidius.sp3","Euphorbia.flavicoma"
"P2","Chrysotoxum.cautum","Euphorbia.flavicoma"
"P2","Clanoptilus.abdominalis","Euphorbia.flavicoma"
"P2","Clytus.rhamni","Euphorbia.flavicoma"
"P2","Coenonympha.pamphilus","Euphorbia.flavicoma"
"P2","Danacea.longiceps","Euphorbia.flavicoma"
"P2","Dasytes.nigroaeneus","Euphorbia.flavicoma"
"P2","Eristalis.tenax","Euphorbia.flavicoma"
"P2","Euchloe.crameri","Euphorbia.flavicoma"
"P2","Eumerus.argyropus","Euphorbia.flavicoma"
"P2","Halictus.fulvipes","Euphorbia.flavicoma"
"P2","Hylaeus.garrulus","Euphorbia.flavicoma"
"P2","Hylaeus.hyalinatus","Euphorbia.flavicoma"
"P2","Lasioglossum.albocinctum","Euphorbia.flavicoma"
"P2","Lasioglossum.bimaculatum","Euphorbia.flavicoma"
"P2","Lasioglossum.griseolum","Euphorbia.flavicoma"
"P2","Lasioglossum.ibericum","Euphorbia.flavicoma"
"P2","Lasioglossum.malachurum","Euphorbia.flavicoma"
"P2","Lasioglossum.mediterraneum","Euphorbia.flavicoma"
"P2","Lasioglossum.subhirtum","Euphorbia.flavicoma"
"P2","Lasioglossum.transitorium","Euphorbia.flavicoma"
"P2","Lasiommata.megera","Euphorbia.flavicoma"
"P2","Lobonyx.aeneus","Euphorbia.flavicoma"
"P2","Melanargia.occitanica","Euphorbia.flavicoma"
"P2","Meligethes.sp1","Euphorbia.flavicoma"
"P2","Merodon.funestus","Euphorbia.flavicoma"
"P2","Merodon.obscuritarsis","Euphorbia.flavicoma"
"P2","Mordellistena.sp1","Euphorbia.flavicoma"
"P2","Nomada.hispanica","Euphorbia.flavicoma"
"P2","Oedemera.flavipes","Euphorbia.flavicoma"
"P2","Osmia.gallarum","Euphorbia.flavicoma"
"P2","Osmia.rufohirta","Euphorbia.flavicoma"
"P2","Oxythyrea.funesta","Euphorbia.flavicoma"
"P2","Polistes.dominulus","Euphorbia.flavicoma"
"P2","Priocnemis.sp1","Euphorbia.flavicoma"
"P2","Pyronia.bathseba","Euphorbia.flavicoma"
"P2","Rhodanthidium.septemdentatum","Euphorbia.flavicoma"
"P2","Rhodanthidium.sticticum","Euphorbia.flavicoma"
"P2","Spermophagus.sp1","Euphorbia.flavicoma"
"P2","Stenurella.melanura","Euphorbia.flavicoma"
"P2","Tenthredopsis.cabrerae","Euphorbia.flavicoma"
"P2","Tropinota.sp1","Euphorbia.flavicoma"
"P2","Tropinota.squalida","Euphorbia.flavicoma"
"P2","Trypoxylon.sp1","Euphorbia.flavicoma"
"P2","Xylocopa.violacea","Euphorbia.flavicoma"
"P2","Zygaena.sp1","Euphorbia.flavicoma"
"P2","Acmaeodera.cylindrica","Fumana.laevipes"
"P2","Anaspis.sp1","Fumana.laevipes"
"P2","Andrena.angustior","Fumana.laevipes"
"P2","Andrena.djelfensis","Fumana.laevipes"
"P2","Andrena.lepida","Fumana.laevipes"
"P2","Andrena.nigroaenea","Fumana.laevipes"
"P2","Andrena.senecionis","Fumana.laevipes"
"P2","Anthaxia.millefolii","Fumana.laevipes"
"P2","Anthaxia.scutullaris","Fumana.laevipes"
"P2","Anthaxia.spinolae","Fumana.laevipes"
"P2","Anthophora.dispar","Fumana.laevipes"
"P2","Anthrenus.sp1","Fumana.laevipes"
"P2","Apis.mellifera","Fumana.laevipes"
"P2","Aplocnemus.calidus","Fumana.laevipes"
"P2","Bombus.terrestris","Fumana.laevipes"
"P2","Bruchidius.sp3","Fumana.laevipes"
"P2","Chrysotoxum.cautum","Fumana.laevipes"
"P2","Clanoptilus.abdominalis","Fumana.laevipes"
"P2","Clytus.rhamni","Fumana.laevipes"
"P2","Coenonympha.pamphilus","Fumana.laevipes"
"P2","Danacea.longiceps","Fumana.laevipes"
"P2","Dasytes.nigroaeneus","Fumana.laevipes"
"P2","Eristalis.tenax","Fumana.laevipes"
"P2","Euchloe.crameri","Fumana.laevipes"
"P2","Eumerus.argyropus","Fumana.laevipes"
"P2","Halictus.fulvipes","Fumana.laevipes"
"P2","Hylaeus.garrulus","Fumana.laevipes"
"P2","Hylaeus.hyalinatus","Fumana.laevipes"
"P2","Lasioglossum.albocinctum","Fumana.laevipes"
"P2","Lasioglossum.bimaculatum","Fumana.laevipes"
"P2","Lasioglossum.griseolum","Fumana.laevipes"
"P2","Lasioglossum.ibericum","Fumana.laevipes"
"P2","Lasioglossum.malachurum","Fumana.laevipes"
"P2","Lasioglossum.mediterraneum","Fumana.laevipes"
"P2","Lasioglossum.subhirtum","Fumana.laevipes"
"P2","Lasioglossum.transitorium","Fumana.laevipes"
"P2","Lasiommata.megera","Fumana.laevipes"
"P2","Lobonyx.aeneus","Fumana.laevipes"
"P2","Melanargia.occitanica","Fumana.laevipes"
"P2","Meligethes.sp1","Fumana.laevipes"
"P2","Merodon.funestus","Fumana.laevipes"
"P2","Merodon.obscuritarsis","Fumana.laevipes"
"P2","Mordellistena.sp1","Fumana.laevipes"
"P2","Nomada.hispanica","Fumana.laevipes"
"P2","Oedemera.flavipes","Fumana.laevipes"
"P2","Osmia.gallarum","Fumana.laevipes"
"P2","Osmia.rufohirta","Fumana.laevipes"
"P2","Oxythyrea.funesta","Fumana.laevipes"
"P2","Polistes.dominulus","Fumana.laevipes"
"P2","Priocnemis.sp1","Fumana.laevipes"
"P2","Pyronia.bathseba","Fumana.laevipes"
"P2","Rhodanthidium.septemdentatum","Fumana.laevipes"
"P2","Rhodanthidium.sticticum","Fumana.laevipes"
"P2","Spermophagus.sp1","Fumana.laevipes"
"P2","Stenurella.melanura","Fumana.laevipes"
"P2","Tenthredopsis.cabrerae","Fumana.laevipes"
"P2","Tropinota.sp1","Fumana.laevipes"
"P2","Tropinota.squalida","Fumana.laevipes"
"P2","Trypoxylon.sp1","Fumana.laevipes"
"P2","Xylocopa.violacea","Fumana.laevipes"
"P2","Zygaena.sp1","Fumana.laevipes"
"P2","Acmaeodera.cylindrica","Gladiolus.illyricus"
"P2","Anaspis.sp1","Gladiolus.illyricus"
"P2","Andrena.angustior","Gladiolus.illyricus"
"P2","Andrena.djelfensis","Gladiolus.illyricus"
"P2","Andrena.lepida","Gladiolus.illyricus"
"P2","Andrena.nigroaenea","Gladiolus.illyricus"
"P2","Andrena.senecionis","Gladiolus.illyricus"
"P2","Anthaxia.millefolii","Gladiolus.illyricus"
"P2","Anthaxia.scutullaris","Gladiolus.illyricus"
"P2","Anthaxia.spinolae","Gladiolus.illyricus"
"P2","Anthophora.dispar","Gladiolus.illyricus"
"P2","Anthrenus.sp1","Gladiolus.illyricus"
"P2","Apis.mellifera","Gladiolus.illyricus"
"P2","Aplocnemus.calidus","Gladiolus.illyricus"
"P2","Bombus.terrestris","Gladiolus.illyricus"
"P2","Bruchidius.sp3","Gladiolus.illyricus"
"P2","Chrysotoxum.cautum","Gladiolus.illyricus"
"P2","Clanoptilus.abdominalis","Gladiolus.illyricus"
"P2","Clytus.rhamni","Gladiolus.illyricus"
"P2","Coenonympha.pamphilus","Gladiolus.illyricus"
"P2","Danacea.longiceps","Gladiolus.illyricus"
"P2","Dasytes.nigroaeneus","Gladiolus.illyricus"
"P2","Eristalis.tenax","Gladiolus.illyricus"
"P2","Euchloe.crameri","Gladiolus.illyricus"
"P2","Eumerus.argyropus","Gladiolus.illyricus"
"P2","Halictus.fulvipes","Gladiolus.illyricus"
"P2","Hylaeus.garrulus","Gladiolus.illyricus"
"P2","Hylaeus.hyalinatus","Gladiolus.illyricus"
"P2","Lasioglossum.albocinctum","Gladiolus.illyricus"
"P2","Lasioglossum.bimaculatum","Gladiolus.illyricus"
"P2","Lasioglossum.griseolum","Gladiolus.illyricus"
"P2","Lasioglossum.ibericum","Gladiolus.illyricus"
"P2","Lasioglossum.malachurum","Gladiolus.illyricus"
"P2","Lasioglossum.mediterraneum","Gladiolus.illyricus"
"P2","Lasioglossum.subhirtum","Gladiolus.illyricus"
"P2","Lasioglossum.transitorium","Gladiolus.illyricus"
"P2","Lasiommata.megera","Gladiolus.illyricus"
"P2","Lobonyx.aeneus","Gladiolus.illyricus"
"P2","Melanargia.occitanica","Gladiolus.illyricus"
"P2","Meligethes.sp1","Gladiolus.illyricus"
"P2","Merodon.funestus","Gladiolus.illyricus"
"P2","Merodon.obscuritarsis","Gladiolus.illyricus"
"P2","Mordellistena.sp1","Gladiolus.illyricus"
"P2","Nomada.hispanica","Gladiolus.illyricus"
"P2","Oedemera.flavipes","Gladiolus.illyricus"
"P2","Osmia.gallarum","Gladiolus.illyricus"
"P2","Osmia.rufohirta","Gladiolus.illyricus"
"P2","Oxythyrea.funesta","Gladiolus.illyricus"
"P2","Polistes.dominulus","Gladiolus.illyricus"
"P2","Priocnemis.sp1","Gladiolus.illyricus"
"P2","Pyronia.bathseba","Gladiolus.illyricus"
"P2","Rhodanthidium.septemdentatum","Gladiolus.illyricus"
"P2","Rhodanthidium.sticticum","Gladiolus.illyricus"
"P2","Spermophagus.sp1","Gladiolus.illyricus"
"P2","Stenurella.melanura","Gladiolus.illyricus"
"P2","Tenthredopsis.cabrerae","Gladiolus.illyricus"
"P2","Tropinota.sp1","Gladiolus.illyricus"
"P2","Tropinota.squalida","Gladiolus.illyricus"
"P2","Trypoxylon.sp1","Gladiolus.illyricus"
"P2","Xylocopa.violacea","Gladiolus.illyricus"
"P2","Zygaena.sp1","Gladiolus.illyricus"
"P2","Acmaeodera.cylindrica","Ononis.minutissima"
"P2","Anaspis.sp1","Ononis.minutissima"
"P2","Andrena.angustior","Ononis.minutissima"
"P2","Andrena.djelfensis","Ononis.minutissima"
"P2","Andrena.lepida","Ononis.minutissima"
"P2","Andrena.nigroaenea","Ononis.minutissima"
"P2","Andrena.senecionis","Ononis.minutissima"
"P2","Anthaxia.millefolii","Ononis.minutissima"
"P2","Anthaxia.scutullaris","Ononis.minutissima"
"P2","Anthaxia.spinolae","Ononis.minutissima"
"P2","Anthophora.dispar","Ononis.minutissima"
"P2","Anthrenus.sp1","Ononis.minutissima"
"P2","Apis.mellifera","Ononis.minutissima"
"P2","Aplocnemus.calidus","Ononis.minutissima"
"P2","Bombus.terrestris","Ononis.minutissima"
"P2","Bruchidius.sp3","Ononis.minutissima"
"P2","Chrysotoxum.cautum","Ononis.minutissima"
"P2","Clanoptilus.abdominalis","Ononis.minutissima"
"P2","Clytus.rhamni","Ononis.minutissima"
"P2","Coenonympha.pamphilus","Ononis.minutissima"
"P2","Danacea.longiceps","Ononis.minutissima"
"P2","Dasytes.nigroaeneus","Ononis.minutissima"
"P2","Eristalis.tenax","Ononis.minutissima"
"P2","Euchloe.crameri","Ononis.minutissima"
"P2","Eumerus.argyropus","Ononis.minutissima"
"P2","Halictus.fulvipes","Ononis.minutissima"
"P2","Hylaeus.garrulus","Ononis.minutissima"
"P2","Hylaeus.hyalinatus","Ononis.minutissima"
"P2","Lasioglossum.albocinctum","Ononis.minutissima"
"P2","Lasioglossum.bimaculatum","Ononis.minutissima"
"P2","Lasioglossum.griseolum","Ononis.minutissima"
"P2","Lasioglossum.ibericum","Ononis.minutissima"
"P2","Lasioglossum.malachurum","Ononis.minutissima"
"P2","Lasioglossum.mediterraneum","Ononis.minutissima"
"P2","Lasioglossum.subhirtum","Ononis.minutissima"
"P2","Lasioglossum.transitorium","Ononis.minutissima"
"P2","Lasiommata.megera","Ononis.minutissima"
"P2","Lobonyx.aeneus","Ononis.minutissima"
"P2","Melanargia.occitanica","Ononis.minutissima"
"P2","Meligethes.sp1","Ononis.minutissima"
"P2","Merodon.funestus","Ononis.minutissima"
"P2","Merodon.obscuritarsis","Ononis.minutissima"
"P2","Mordellistena.sp1","Ononis.minutissima"
"P2","Nomada.hispanica","Ononis.minutissima"
"P2","Oedemera.flavipes","Ononis.minutissima"
"P2","Osmia.gallarum","Ononis.minutissima"
"P2","Osmia.rufohirta","Ononis.minutissima"
"P2","Oxythyrea.funesta","Ononis.minutissima"
"P2","Polistes.dominulus","Ononis.minutissima"
"P2","Priocnemis.sp1","Ononis.minutissima"
"P2","Pyronia.bathseba","Ononis.minutissima"
"P2","Rhodanthidium.septemdentatum","Ononis.minutissima"
"P2","Rhodanthidium.sticticum","Ononis.minutissima"
"P2","Spermophagus.sp1","Ononis.minutissima"
"P2","Stenurella.melanura","Ononis.minutissima"
"P2","Tenthredopsis.cabrerae","Ononis.minutissima"
"P2","Tropinota.sp1","Ononis.minutissima"
"P2","Tropinota.squalida","Ononis.minutissima"
"P2","Trypoxylon.sp1","Ononis.minutissima"
"P2","Xylocopa.violacea","Ononis.minutissima"
"P2","Zygaena.sp1","Ononis.minutissima"
"P2","Acmaeodera.cylindrica","Rosmarinus.officinalis"
"P2","Anaspis.sp1","Rosmarinus.officinalis"
"P2","Andrena.angustior","Rosmarinus.officinalis"
"P2","Andrena.djelfensis","Rosmarinus.officinalis"
"P2","Andrena.lepida","Rosmarinus.officinalis"
"P2","Andrena.nigroaenea","Rosmarinus.officinalis"
"P2","Andrena.senecionis","Rosmarinus.officinalis"
"P2","Anthaxia.millefolii","Rosmarinus.officinalis"
"P2","Anthaxia.scutullaris","Rosmarinus.officinalis"
"P2","Anthaxia.spinolae","Rosmarinus.officinalis"
"P2","Anthophora.dispar","Rosmarinus.officinalis"
"P2","Anthrenus.sp1","Rosmarinus.officinalis"
"P2","Apis.mellifera","Rosmarinus.officinalis"
"P2","Aplocnemus.calidus","Rosmarinus.officinalis"
"P2","Bombus.terrestris","Rosmarinus.officinalis"
"P2","Bruchidius.sp3","Rosmarinus.officinalis"
"P2","Chrysotoxum.cautum","Rosmarinus.officinalis"
"P2","Clanoptilus.abdominalis","Rosmarinus.officinalis"
"P2","Clytus.rhamni","Rosmarinus.officinalis"
"P2","Coenonympha.pamphilus","Rosmarinus.officinalis"
"P2","Danacea.longiceps","Rosmarinus.officinalis"
"P2","Dasytes.nigroaeneus","Rosmarinus.officinalis"
"P2","Eristalis.tenax","Rosmarinus.officinalis"
"P2","Euchloe.crameri","Rosmarinus.officinalis"
"P2","Eumerus.argyropus","Rosmarinus.officinalis"
"P2","Halictus.fulvipes","Rosmarinus.officinalis"
"P2","Hylaeus.garrulus","Rosmarinus.officinalis"
"P2","Hylaeus.hyalinatus","Rosmarinus.officinalis"
"P2","Lasioglossum.albocinctum","Rosmarinus.officinalis"
"P2","Lasioglossum.bimaculatum","Rosmarinus.officinalis"
"P2","Lasioglossum.griseolum","Rosmarinus.officinalis"
"P2","Lasioglossum.ibericum","Rosmarinus.officinalis"
"P2","Lasioglossum.malachurum","Rosmarinus.officinalis"
"P2","Lasioglossum.mediterraneum","Rosmarinus.officinalis"
"P2","Lasioglossum.subhirtum","Rosmarinus.officinalis"
"P2","Lasioglossum.transitorium","Rosmarinus.officinalis"
"P2","Lasiommata.megera","Rosmarinus.officinalis"
"P2","Lobonyx.aeneus","Rosmarinus.officinalis"
"P2","Melanargia.occitanica","Rosmarinus.officinalis"
"P2","Meligethes.sp1","Rosmarinus.officinalis"
"P2","Merodon.funestus","Rosmarinus.officinalis"
"P2","Merodon.obscuritarsis","Rosmarinus.officinalis"
"P2","Mordellistena.sp1","Rosmarinus.officinalis"
"P2","Nomada.hispanica","Rosmarinus.officinalis"
"P2","Oedemera.flavipes","Rosmarinus.officinalis"
"P2","Osmia.gallarum","Rosmarinus.officinalis"
"P2","Osmia.rufohirta","Rosmarinus.officinalis"
"P2","Oxythyrea.funesta","Rosmarinus.officinalis"
"P2","Polistes.dominulus","Rosmarinus.officinalis"
"P2","Priocnemis.sp1","Rosmarinus.officinalis"
"P2","Pyronia.bathseba","Rosmarinus.officinalis"
"P2","Rhodanthidium.septemdentatum","Rosmarinus.officinalis"
"P2","Rhodanthidium.sticticum","Rosmarinus.officinalis"
"P2","Spermophagus.sp1","Rosmarinus.officinalis"
"P2","Stenurella.melanura","Rosmarinus.officinalis"
"P2","Tenthredopsis.cabrerae","Rosmarinus.officinalis"
"P2","Tropinota.sp1","Rosmarinus.officinalis"
"P2","Tropinota.squalida","Rosmarinus.officinalis"
"P2","Trypoxylon.sp1","Rosmarinus.officinalis"
"P2","Xylocopa.violacea","Rosmarinus.officinalis"
"P2","Zygaena.sp1","Rosmarinus.officinalis"
"P2","Acmaeodera.cylindrica","Thymus.vulgaris"
"P2","Anaspis.sp1","Thymus.vulgaris"
"P2","Andrena.angustior","Thymus.vulgaris"
"P2","Andrena.djelfensis","Thymus.vulgaris"
"P2","Andrena.lepida","Thymus.vulgaris"
"P2","Andrena.nigroaenea","Thymus.vulgaris"
"P2","Andrena.senecionis","Thymus.vulgaris"
"P2","Anthaxia.millefolii","Thymus.vulgaris"
"P2","Anthaxia.scutullaris","Thymus.vulgaris"
"P2","Anthaxia.spinolae","Thymus.vulgaris"
"P2","Anthophora.dispar","Thymus.vulgaris"
"P2","Anthrenus.sp1","Thymus.vulgaris"
"P2","Apis.mellifera","Thymus.vulgaris"
"P2","Aplocnemus.calidus","Thymus.vulgaris"
"P2","Bombus.terrestris","Thymus.vulgaris"
"P2","Bruchidius.sp3","Thymus.vulgaris"
"P2","Chrysotoxum.cautum","Thymus.vulgaris"
"P2","Clanoptilus.abdominalis","Thymus.vulgaris"
"P2","Clytus.rhamni","Thymus.vulgaris"
"P2","Coenonympha.pamphilus","Thymus.vulgaris"
"P2","Danacea.longiceps","Thymus.vulgaris"
"P2","Dasytes.nigroaeneus","Thymus.vulgaris"
"P2","Eristalis.tenax","Thymus.vulgaris"
"P2","Euchloe.crameri","Thymus.vulgaris"
"P2","Eumerus.argyropus","Thymus.vulgaris"
"P2","Halictus.fulvipes","Thymus.vulgaris"
"P2","Hylaeus.garrulus","Thymus.vulgaris"
"P2","Hylaeus.hyalinatus","Thymus.vulgaris"
"P2","Lasioglossum.albocinctum","Thymus.vulgaris"
"P2","Lasioglossum.bimaculatum","Thymus.vulgaris"
"P2","Lasioglossum.griseolum","Thymus.vulgaris"
"P2","Lasioglossum.ibericum","Thymus.vulgaris"
"P2","Lasioglossum.malachurum","Thymus.vulgaris"
"P2","Lasioglossum.mediterraneum","Thymus.vulgaris"
"P2","Lasioglossum.subhirtum","Thymus.vulgaris"
"P2","Lasioglossum.transitorium","Thymus.vulgaris"
"P2","Lasiommata.megera","Thymus.vulgaris"
"P2","Lobonyx.aeneus","Thymus.vulgaris"
"P2","Melanargia.occitanica","Thymus.vulgaris"
"P2","Meligethes.sp1","Thymus.vulgaris"
"P2","Merodon.funestus","Thymus.vulgaris"
"P2","Merodon.obscuritarsis","Thymus.vulgaris"
"P2","Mordellistena.sp1","Thymus.vulgaris"
"P2","Nomada.hispanica","Thymus.vulgaris"
"P2","Oedemera.flavipes","Thymus.vulgaris"
"P2","Osmia.gallarum","Thymus.vulgaris"
"P2","Osmia.rufohirta","Thymus.vulgaris"
"P2","Oxythyrea.funesta","Thymus.vulgaris"
"P2","Polistes.dominulus","Thymus.vulgaris"
"P2","Priocnemis.sp1","Thymus.vulgaris"
"P2","Pyronia.bathseba","Thymus.vulgaris"
"P2","Rhodanthidium.septemdentatum","Thymus.vulgaris"
"P2","Rhodanthidium.sticticum","Thymus.vulgaris"
"P2","Spermophagus.sp1","Thymus.vulgaris"
"P2","Stenurella.melanura","Thymus.vulgaris"
"P2","Tenthredopsis.cabrerae","Thymus.vulgaris"
"P2","Tropinota.sp1","Thymus.vulgaris"
"P2","Tropinota.squalida","Thymus.vulgaris"
"P2","Trypoxylon.sp1","Thymus.vulgaris"
"P2","Xylocopa.violacea","Thymus.vulgaris"
"P2","Zygaena.sp1","Thymus.vulgaris"
"P2","Acmaeodera.cylindrica","Viccia.cracca"
"P2","Anaspis.sp1","Viccia.cracca"
"P2","Andrena.angustior","Viccia.cracca"
"P2","Andrena.djelfensis","Viccia.cracca"
"P2","Andrena.lepida","Viccia.cracca"
"P2","Andrena.nigroaenea","Viccia.cracca"
"P2","Andrena.senecionis","Viccia.cracca"
"P2","Anthaxia.millefolii","Viccia.cracca"
"P2","Anthaxia.scutullaris","Viccia.cracca"
"P2","Anthaxia.spinolae","Viccia.cracca"
"P2","Anthophora.dispar","Viccia.cracca"
"P2","Anthrenus.sp1","Viccia.cracca"
"P2","Apis.mellifera","Viccia.cracca"
"P2","Aplocnemus.calidus","Viccia.cracca"
"P2","Bombus.terrestris","Viccia.cracca"
"P2","Bruchidius.sp3","Viccia.cracca"
"P2","Chrysotoxum.cautum","Viccia.cracca"
"P2","Clanoptilus.abdominalis","Viccia.cracca"
"P2","Clytus.rhamni","Viccia.cracca"
"P2","Coenonympha.pamphilus","Viccia.cracca"
"P2","Danacea.longiceps","Viccia.cracca"
"P2","Dasytes.nigroaeneus","Viccia.cracca"
"P2","Eristalis.tenax","Viccia.cracca"
"P2","Euchloe.crameri","Viccia.cracca"
"P2","Eumerus.argyropus","Viccia.cracca"
"P2","Halictus.fulvipes","Viccia.cracca"
"P2","Hylaeus.garrulus","Viccia.cracca"
"P2","Hylaeus.hyalinatus","Viccia.cracca"
"P2","Lasioglossum.albocinctum","Viccia.cracca"
"P2","Lasioglossum.bimaculatum","Viccia.cracca"
"P2","Lasioglossum.griseolum","Viccia.cracca"
"P2","Lasioglossum.ibericum","Viccia.cracca"
"P2","Lasioglossum.malachurum","Viccia.cracca"
"P2","Lasioglossum.mediterraneum","Viccia.cracca"
"P2","Lasioglossum.subhirtum","Viccia.cracca"
"P2","Lasioglossum.transitorium","Viccia.cracca"
"P2","Lasiommata.megera","Viccia.cracca"
"P2","Lobonyx.aeneus","Viccia.cracca"
"P2","Melanargia.occitanica","Viccia.cracca"
"P2","Meligethes.sp1","Viccia.cracca"
"P2","Merodon.funestus","Viccia.cracca"
"P2","Merodon.obscuritarsis","Viccia.cracca"
"P2","Mordellistena.sp1","Viccia.cracca"
"P2","Nomada.hispanica","Viccia.cracca"
"P2","Oedemera.flavipes","Viccia.cracca"
"P2","Osmia.gallarum","Viccia.cracca"
"P2","Osmia.rufohirta","Viccia.cracca"
"P2","Oxythyrea.funesta","Viccia.cracca"
"P2","Polistes.dominulus","Viccia.cracca"
"P2","Priocnemis.sp1","Viccia.cracca"
"P2","Pyronia.bathseba","Viccia.cracca"
"P2","Rhodanthidium.septemdentatum","Viccia.cracca"
"P2","Rhodanthidium.sticticum","Viccia.cracca"
"P2","Spermophagus.sp1","Viccia.cracca"
"P2","Stenurella.melanura","Viccia.cracca"
"P2","Tenthredopsis.cabrerae","Viccia.cracca"
"P2","Tropinota.sp1","Viccia.cracca"
"P2","Tropinota.squalida","Viccia.cracca"
"P2","Trypoxylon.sp1","Viccia.cracca"
"P2","Xylocopa.violacea","Viccia.cracca"
"P2","Zygaena.sp1","Viccia.cracca"
"P3","Acmaeodera.cylindrica","Aphyllanthes.monspeliensis"
"P3","Adelidae.sp1","Aphyllanthes.monspeliensis"
"P3","Anaspis.sp1","Aphyllanthes.monspeliensis"
"P3","Andrena.djelfensis","Aphyllanthes.monspeliensis"
"P3","Andrena.lepida","Aphyllanthes.monspeliensis"
"P3","Andrena.nigroaenea","Aphyllanthes.monspeliensis"
"P3","Andrena.senecionis","Aphyllanthes.monspeliensis"
"P3","Anthaxia.millefolii","Aphyllanthes.monspeliensis"
"P3","Anthaxia.scutullaris","Aphyllanthes.monspeliensis"
"P3","Anthaxia.spinolae","Aphyllanthes.monspeliensis"
"P3","Anthophora.acervorum","Aphyllanthes.monspeliensis"
"P3","Anthophora.dispar","Aphyllanthes.monspeliensis"
"P3","Apis.mellifera","Aphyllanthes.monspeliensis"
"P3","Aplocnemus.calidus","Aphyllanthes.monspeliensis"
"P3","Athalia.bicolor","Aphyllanthes.monspeliensis"
"P3","Athalia.sp1","Aphyllanthes.monspeliensis"
"P3","Bombus.terrestris","Aphyllanthes.monspeliensis"
"P3","Chrysotoxum.cautum","Aphyllanthes.monspeliensis"
"P3","Clytus.rhamni","Aphyllanthes.monspeliensis"
"P3","Danacea.longiceps","Aphyllanthes.monspeliensis"
"P3","Dasytes.nigroaeneus","Aphyllanthes.monspeliensis"
"P3","Euchloe.crameri","Aphyllanthes.monspeliensis"
"P3","Eumerus.argyropus","Aphyllanthes.monspeliensis"
"P3","Hylaeus.garrulus","Aphyllanthes.monspeliensis"
"P3","Lasioglossum.bimaculatum","Aphyllanthes.monspeliensis"
"P3","Lasioglossum.griseolum","Aphyllanthes.monspeliensis"
"P3","Lasioglossum.malachurum","Aphyllanthes.monspeliensis"
"P3","Lasioglossum.mediterraneum","Aphyllanthes.monspeliensis"
"P3","Lasioglossum.subhirtum","Aphyllanthes.monspeliensis"
"P3","Lasioglossum.transitorium","Aphyllanthes.monspeliensis"
"P3","Lobonyx.aeneus","Aphyllanthes.monspeliensis"
"P3","Melanargia.occitanica","Aphyllanthes.monspeliensis"
"P3","Meligethes.sp1","Aphyllanthes.monspeliensis"
"P3","Merodon.funestus","Aphyllanthes.monspeliensis"
"P3","Mordellistena.sp1","Aphyllanthes.monspeliensis"
"P3","Nomada.sheppardana","Aphyllanthes.monspeliensis"
"P3","Oedemera.flavipes","Aphyllanthes.monspeliensis"
"P3","Osmia.melanogaster/leaiana","Aphyllanthes.monspeliensis"
"P3","Osmia.nasoproducta","Aphyllanthes.monspeliensis"
"P3","Osmia.rufohirta","Aphyllanthes.monspeliensis"
"P3","Oxythyrea.funesta","Aphyllanthes.monspeliensis"
"P3","Panurgus.dentipes","Aphyllanthes.monspeliensis"
"P3","Platynochaetus.setosus","Aphyllanthes.monspeliensis"
"P3","Polistes.dominulus","Aphyllanthes.monspeliensis"
"P3","Priocnemis.sp1","Aphyllanthes.monspeliensis"
"P3","Pyronia.bathseba","Aphyllanthes.monspeliensis"
"P3","Rhodanthidium.septemdentatum","Aphyllanthes.monspeliensis"
"P3","Rhodanthidium.sticticum","Aphyllanthes.monspeliensis"
"P3","Stenurella.melanura","Aphyllanthes.monspeliensis"
"P3","Tropinota.sp1","Aphyllanthes.monspeliensis"
"P3","Acmaeodera.cylindrica","Biscutella.laevigata"
"P3","Adelidae.sp1","Biscutella.laevigata"
"P3","Anaspis.sp1","Biscutella.laevigata"
"P3","Andrena.djelfensis","Biscutella.laevigata"
"P3","Andrena.lepida","Biscutella.laevigata"
"P3","Andrena.nigroaenea","Biscutella.laevigata"
"P3","Andrena.senecionis","Biscutella.laevigata"
"P3","Anthaxia.millefolii","Biscutella.laevigata"
"P3","Anthaxia.scutullaris","Biscutella.laevigata"
"P3","Anthaxia.spinolae","Biscutella.laevigata"
"P3","Anthophora.acervorum","Biscutella.laevigata"
"P3","Anthophora.dispar","Biscutella.laevigata"
"P3","Apis.mellifera","Biscutella.laevigata"
"P3","Aplocnemus.calidus","Biscutella.laevigata"
"P3","Athalia.bicolor","Biscutella.laevigata"
"P3","Athalia.sp1","Biscutella.laevigata"
"P3","Bombus.terrestris","Biscutella.laevigata"
"P3","Chrysotoxum.cautum","Biscutella.laevigata"
"P3","Clytus.rhamni","Biscutella.laevigata"
"P3","Danacea.longiceps","Biscutella.laevigata"
"P3","Dasytes.nigroaeneus","Biscutella.laevigata"
"P3","Euchloe.crameri","Biscutella.laevigata"
"P3","Eumerus.argyropus","Biscutella.laevigata"
"P3","Hylaeus.garrulus","Biscutella.laevigata"
"P3","Lasioglossum.bimaculatum","Biscutella.laevigata"
"P3","Lasioglossum.griseolum","Biscutella.laevigata"
"P3","Lasioglossum.malachurum","Biscutella.laevigata"
"P3","Lasioglossum.mediterraneum","Biscutella.laevigata"
"P3","Lasioglossum.subhirtum","Biscutella.laevigata"
"P3","Lasioglossum.transitorium","Biscutella.laevigata"
"P3","Lobonyx.aeneus","Biscutella.laevigata"
"P3","Melanargia.occitanica","Biscutella.laevigata"
"P3","Meligethes.sp1","Biscutella.laevigata"
"P3","Merodon.funestus","Biscutella.laevigata"
"P3","Mordellistena.sp1","Biscutella.laevigata"
"P3","Nomada.sheppardana","Biscutella.laevigata"
"P3","Oedemera.flavipes","Biscutella.laevigata"
"P3","Osmia.melanogaster/leaiana","Biscutella.laevigata"
"P3","Osmia.nasoproducta","Biscutella.laevigata"
"P3","Osmia.rufohirta","Biscutella.laevigata"
"P3","Oxythyrea.funesta","Biscutella.laevigata"
"P3","Panurgus.dentipes","Biscutella.laevigata"
"P3","Platynochaetus.setosus","Biscutella.laevigata"
"P3","Polistes.dominulus","Biscutella.laevigata"
"P3","Priocnemis.sp1","Biscutella.laevigata"
"P3","Pyronia.bathseba","Biscutella.laevigata"
"P3","Rhodanthidium.septemdentatum","Biscutella.laevigata"
"P3","Rhodanthidium.sticticum","Biscutella.laevigata"
"P3","Stenurella.melanura","Biscutella.laevigata"
"P3","Tropinota.sp1","Biscutella.laevigata"
"P3","Acmaeodera.cylindrica","Cistus.salviifolius"
"P3","Adelidae.sp1","Cistus.salviifolius"
"P3","Anaspis.sp1","Cistus.salviifolius"
"P3","Andrena.djelfensis","Cistus.salviifolius"
"P3","Andrena.lepida","Cistus.salviifolius"
"P3","Andrena.nigroaenea","Cistus.salviifolius"
"P3","Andrena.senecionis","Cistus.salviifolius"
"P3","Anthaxia.millefolii","Cistus.salviifolius"
"P3","Anthaxia.scutullaris","Cistus.salviifolius"
"P3","Anthaxia.spinolae","Cistus.salviifolius"
"P3","Anthophora.acervorum","Cistus.salviifolius"
"P3","Anthophora.dispar","Cistus.salviifolius"
"P3","Apis.mellifera","Cistus.salviifolius"
"P3","Aplocnemus.calidus","Cistus.salviifolius"
"P3","Athalia.bicolor","Cistus.salviifolius"
"P3","Athalia.sp1","Cistus.salviifolius"
"P3","Bombus.terrestris","Cistus.salviifolius"
"P3","Chrysotoxum.cautum","Cistus.salviifolius"
"P3","Clytus.rhamni","Cistus.salviifolius"
"P3","Danacea.longiceps","Cistus.salviifolius"
"P3","Dasytes.nigroaeneus","Cistus.salviifolius"
"P3","Euchloe.crameri","Cistus.salviifolius"
"P3","Eumerus.argyropus","Cistus.salviifolius"
"P3","Hylaeus.garrulus","Cistus.salviifolius"
"P3","Lasioglossum.bimaculatum","Cistus.salviifolius"
"P3","Lasioglossum.griseolum","Cistus.salviifolius"
"P3","Lasioglossum.malachurum","Cistus.salviifolius"
"P3","Lasioglossum.mediterraneum","Cistus.salviifolius"
"P3","Lasioglossum.subhirtum","Cistus.salviifolius"
"P3","Lasioglossum.transitorium","Cistus.salviifolius"
"P3","Lobonyx.aeneus","Cistus.salviifolius"
"P3","Melanargia.occitanica","Cistus.salviifolius"
"P3","Meligethes.sp1","Cistus.salviifolius"
"P3","Merodon.funestus","Cistus.salviifolius"
"P3","Mordellistena.sp1","Cistus.salviifolius"
"P3","Nomada.sheppardana","Cistus.salviifolius"
"P3","Oedemera.flavipes","Cistus.salviifolius"
"P3","Osmia.melanogaster/leaiana","Cistus.salviifolius"
"P3","Osmia.nasoproducta","Cistus.salviifolius"
"P3","Osmia.rufohirta","Cistus.salviifolius"
"P3","Oxythyrea.funesta","Cistus.salviifolius"
"P3","Panurgus.dentipes","Cistus.salviifolius"
"P3","Platynochaetus.setosus","Cistus.salviifolius"
"P3","Polistes.dominulus","Cistus.salviifolius"
"P3","Priocnemis.sp1","Cistus.salviifolius"
"P3","Pyronia.bathseba","Cistus.salviifolius"
"P3","Rhodanthidium.septemdentatum","Cistus.salviifolius"
"P3","Rhodanthidium.sticticum","Cistus.salviifolius"
"P3","Stenurella.melanura","Cistus.salviifolius"
"P3","Tropinota.sp1","Cistus.salviifolius"
"P3","Acmaeodera.cylindrica","Gladiolus.illyricus"
"P3","Adelidae.sp1","Gladiolus.illyricus"
"P3","Anaspis.sp1","Gladiolus.illyricus"
"P3","Andrena.djelfensis","Gladiolus.illyricus"
"P3","Andrena.lepida","Gladiolus.illyricus"
"P3","Andrena.nigroaenea","Gladiolus.illyricus"
"P3","Andrena.senecionis","Gladiolus.illyricus"
"P3","Anthaxia.millefolii","Gladiolus.illyricus"
"P3","Anthaxia.scutullaris","Gladiolus.illyricus"
"P3","Anthaxia.spinolae","Gladiolus.illyricus"
"P3","Anthophora.acervorum","Gladiolus.illyricus"
"P3","Anthophora.dispar","Gladiolus.illyricus"
"P3","Apis.mellifera","Gladiolus.illyricus"
"P3","Aplocnemus.calidus","Gladiolus.illyricus"
"P3","Athalia.bicolor","Gladiolus.illyricus"
"P3","Athalia.sp1","Gladiolus.illyricus"
"P3","Bombus.terrestris","Gladiolus.illyricus"
"P3","Chrysotoxum.cautum","Gladiolus.illyricus"
"P3","Clytus.rhamni","Gladiolus.illyricus"
"P3","Danacea.longiceps","Gladiolus.illyricus"
"P3","Dasytes.nigroaeneus","Gladiolus.illyricus"
"P3","Euchloe.crameri","Gladiolus.illyricus"
"P3","Eumerus.argyropus","Gladiolus.illyricus"
"P3","Hylaeus.garrulus","Gladiolus.illyricus"
"P3","Lasioglossum.bimaculatum","Gladiolus.illyricus"
"P3","Lasioglossum.griseolum","Gladiolus.illyricus"
"P3","Lasioglossum.malachurum","Gladiolus.illyricus"
"P3","Lasioglossum.mediterraneum","Gladiolus.illyricus"
"P3","Lasioglossum.subhirtum","Gladiolus.illyricus"
"P3","Lasioglossum.transitorium","Gladiolus.illyricus"
"P3","Lobonyx.aeneus","Gladiolus.illyricus"
"P3","Melanargia.occitanica","Gladiolus.illyricus"
"P3","Meligethes.sp1","Gladiolus.illyricus"
"P3","Merodon.funestus","Gladiolus.illyricus"
"P3","Mordellistena.sp1","Gladiolus.illyricus"
"P3","Nomada.sheppardana","Gladiolus.illyricus"
"P3","Oedemera.flavipes","Gladiolus.illyricus"
"P3","Osmia.melanogaster/leaiana","Gladiolus.illyricus"
"P3","Osmia.nasoproducta","Gladiolus.illyricus"
"P3","Osmia.rufohirta","Gladiolus.illyricus"
"P3","Oxythyrea.funesta","Gladiolus.illyricus"
"P3","Panurgus.dentipes","Gladiolus.illyricus"
"P3","Platynochaetus.setosus","Gladiolus.illyricus"
"P3","Polistes.dominulus","Gladiolus.illyricus"
"P3","Priocnemis.sp1","Gladiolus.illyricus"
"P3","Pyronia.bathseba","Gladiolus.illyricus"
"P3","Rhodanthidium.septemdentatum","Gladiolus.illyricus"
"P3","Rhodanthidium.sticticum","Gladiolus.illyricus"
"P3","Stenurella.melanura","Gladiolus.illyricus"
"P3","Tropinota.sp1","Gladiolus.illyricus"
"P3","Acmaeodera.cylindrica","Ononis.minutissima"
"P3","Adelidae.sp1","Ononis.minutissima"
"P3","Anaspis.sp1","Ononis.minutissima"
"P3","Andrena.djelfensis","Ononis.minutissima"
"P3","Andrena.lepida","Ononis.minutissima"
"P3","Andrena.nigroaenea","Ononis.minutissima"
"P3","Andrena.senecionis","Ononis.minutissima"
"P3","Anthaxia.millefolii","Ononis.minutissima"
"P3","Anthaxia.scutullaris","Ononis.minutissima"
"P3","Anthaxia.spinolae","Ononis.minutissima"
"P3","Anthophora.acervorum","Ononis.minutissima"
"P3","Anthophora.dispar","Ononis.minutissima"
"P3","Apis.mellifera","Ononis.minutissima"
"P3","Aplocnemus.calidus","Ononis.minutissima"
"P3","Athalia.bicolor","Ononis.minutissima"
"P3","Athalia.sp1","Ononis.minutissima"
"P3","Bombus.terrestris","Ononis.minutissima"
"P3","Chrysotoxum.cautum","Ononis.minutissima"
"P3","Clytus.rhamni","Ononis.minutissima"
"P3","Danacea.longiceps","Ononis.minutissima"
"P3","Dasytes.nigroaeneus","Ononis.minutissima"
"P3","Euchloe.crameri","Ononis.minutissima"
"P3","Eumerus.argyropus","Ononis.minutissima"
"P3","Hylaeus.garrulus","Ononis.minutissima"
"P3","Lasioglossum.bimaculatum","Ononis.minutissima"
"P3","Lasioglossum.griseolum","Ononis.minutissima"
"P3","Lasioglossum.malachurum","Ononis.minutissima"
"P3","Lasioglossum.mediterraneum","Ononis.minutissima"
"P3","Lasioglossum.subhirtum","Ononis.minutissima"
"P3","Lasioglossum.transitorium","Ononis.minutissima"
"P3","Lobonyx.aeneus","Ononis.minutissima"
"P3","Melanargia.occitanica","Ononis.minutissima"
"P3","Meligethes.sp1","Ononis.minutissima"
"P3","Merodon.funestus","Ononis.minutissima"
"P3","Mordellistena.sp1","Ononis.minutissima"
"P3","Nomada.sheppardana","Ononis.minutissima"
"P3","Oedemera.flavipes","Ononis.minutissima"
"P3","Osmia.melanogaster/leaiana","Ononis.minutissima"
"P3","Osmia.nasoproducta","Ononis.minutissima"
"P3","Osmia.rufohirta","Ononis.minutissima"
"P3","Oxythyrea.funesta","Ononis.minutissima"
"P3","Panurgus.dentipes","Ononis.minutissima"
"P3","Platynochaetus.setosus","Ononis.minutissima"
"P3","Polistes.dominulus","Ononis.minutissima"
"P3","Priocnemis.sp1","Ononis.minutissima"
"P3","Pyronia.bathseba","Ononis.minutissima"
"P3","Rhodanthidium.septemdentatum","Ononis.minutissima"
"P3","Rhodanthidium.sticticum","Ononis.minutissima"
"P3","Stenurella.melanura","Ononis.minutissima"
"P3","Tropinota.sp1","Ononis.minutissima"
"P3","Acmaeodera.cylindrica","Rosmarinus.officinalis"
"P3","Adelidae.sp1","Rosmarinus.officinalis"
"P3","Anaspis.sp1","Rosmarinus.officinalis"
"P3","Andrena.djelfensis","Rosmarinus.officinalis"
"P3","Andrena.lepida","Rosmarinus.officinalis"
"P3","Andrena.nigroaenea","Rosmarinus.officinalis"
"P3","Andrena.senecionis","Rosmarinus.officinalis"
"P3","Anthaxia.millefolii","Rosmarinus.officinalis"
"P3","Anthaxia.scutullaris","Rosmarinus.officinalis"
"P3","Anthaxia.spinolae","Rosmarinus.officinalis"
"P3","Anthophora.acervorum","Rosmarinus.officinalis"
"P3","Anthophora.dispar","Rosmarinus.officinalis"
"P3","Apis.mellifera","Rosmarinus.officinalis"
"P3","Aplocnemus.calidus","Rosmarinus.officinalis"
"P3","Athalia.bicolor","Rosmarinus.officinalis"
"P3","Athalia.sp1","Rosmarinus.officinalis"
"P3","Bombus.terrestris","Rosmarinus.officinalis"
"P3","Chrysotoxum.cautum","Rosmarinus.officinalis"
"P3","Clytus.rhamni","Rosmarinus.officinalis"
"P3","Danacea.longiceps","Rosmarinus.officinalis"
"P3","Dasytes.nigroaeneus","Rosmarinus.officinalis"
"P3","Euchloe.crameri","Rosmarinus.officinalis"
"P3","Eumerus.argyropus","Rosmarinus.officinalis"
"P3","Hylaeus.garrulus","Rosmarinus.officinalis"
"P3","Lasioglossum.bimaculatum","Rosmarinus.officinalis"
"P3","Lasioglossum.griseolum","Rosmarinus.officinalis"
"P3","Lasioglossum.malachurum","Rosmarinus.officinalis"
"P3","Lasioglossum.mediterraneum","Rosmarinus.officinalis"
"P3","Lasioglossum.subhirtum","Rosmarinus.officinalis"
"P3","Lasioglossum.transitorium","Rosmarinus.officinalis"
"P3","Lobonyx.aeneus","Rosmarinus.officinalis"
"P3","Melanargia.occitanica","Rosmarinus.officinalis"
"P3","Meligethes.sp1","Rosmarinus.officinalis"
"P3","Merodon.funestus","Rosmarinus.officinalis"
"P3","Mordellistena.sp1","Rosmarinus.officinalis"
"P3","Nomada.sheppardana","Rosmarinus.officinalis"
"P3","Oedemera.flavipes","Rosmarinus.officinalis"
"P3","Osmia.melanogaster/leaiana","Rosmarinus.officinalis"
"P3","Osmia.nasoproducta","Rosmarinus.officinalis"
"P3","Osmia.rufohirta","Rosmarinus.officinalis"
"P3","Oxythyrea.funesta","Rosmarinus.officinalis"
"P3","Panurgus.dentipes","Rosmarinus.officinalis"
"P3","Platynochaetus.setosus","Rosmarinus.officinalis"
"P3","Polistes.dominulus","Rosmarinus.officinalis"
"P3","Priocnemis.sp1","Rosmarinus.officinalis"
"P3","Pyronia.bathseba","Rosmarinus.officinalis"
"P3","Rhodanthidium.septemdentatum","Rosmarinus.officinalis"
"P3","Rhodanthidium.sticticum","Rosmarinus.officinalis"
"P3","Stenurella.melanura","Rosmarinus.officinalis"
"P3","Tropinota.sp1","Rosmarinus.officinalis"
"P3","Acmaeodera.cylindrica","Sideritis.hirsuta"
"P3","Adelidae.sp1","Sideritis.hirsuta"
"P3","Anaspis.sp1","Sideritis.hirsuta"
"P3","Andrena.djelfensis","Sideritis.hirsuta"
"P3","Andrena.lepida","Sideritis.hirsuta"
"P3","Andrena.nigroaenea","Sideritis.hirsuta"
"P3","Andrena.senecionis","Sideritis.hirsuta"
"P3","Anthaxia.millefolii","Sideritis.hirsuta"
"P3","Anthaxia.scutullaris","Sideritis.hirsuta"
"P3","Anthaxia.spinolae","Sideritis.hirsuta"
"P3","Anthophora.acervorum","Sideritis.hirsuta"
"P3","Anthophora.dispar","Sideritis.hirsuta"
"P3","Apis.mellifera","Sideritis.hirsuta"
"P3","Aplocnemus.calidus","Sideritis.hirsuta"
"P3","Athalia.bicolor","Sideritis.hirsuta"
"P3","Athalia.sp1","Sideritis.hirsuta"
"P3","Bombus.terrestris","Sideritis.hirsuta"
"P3","Chrysotoxum.cautum","Sideritis.hirsuta"
"P3","Clytus.rhamni","Sideritis.hirsuta"
"P3","Danacea.longiceps","Sideritis.hirsuta"
"P3","Dasytes.nigroaeneus","Sideritis.hirsuta"
"P3","Euchloe.crameri","Sideritis.hirsuta"
"P3","Eumerus.argyropus","Sideritis.hirsuta"
"P3","Hylaeus.garrulus","Sideritis.hirsuta"
"P3","Lasioglossum.bimaculatum","Sideritis.hirsuta"
"P3","Lasioglossum.griseolum","Sideritis.hirsuta"
"P3","Lasioglossum.malachurum","Sideritis.hirsuta"
"P3","Lasioglossum.mediterraneum","Sideritis.hirsuta"
"P3","Lasioglossum.subhirtum","Sideritis.hirsuta"
"P3","Lasioglossum.transitorium","Sideritis.hirsuta"
"P3","Lobonyx.aeneus","Sideritis.hirsuta"
"P3","Melanargia.occitanica","Sideritis.hirsuta"
"P3","Meligethes.sp1","Sideritis.hirsuta"
"P3","Merodon.funestus","Sideritis.hirsuta"
"P3","Mordellistena.sp1","Sideritis.hirsuta"
"P3","Nomada.sheppardana","Sideritis.hirsuta"
"P3","Oedemera.flavipes","Sideritis.hirsuta"
"P3","Osmia.melanogaster/leaiana","Sideritis.hirsuta"
"P3","Osmia.nasoproducta","Sideritis.hirsuta"
"P3","Osmia.rufohirta","Sideritis.hirsuta"
"P3","Oxythyrea.funesta","Sideritis.hirsuta"
"P3","Panurgus.dentipes","Sideritis.hirsuta"
"P3","Platynochaetus.setosus","Sideritis.hirsuta"
"P3","Polistes.dominulus","Sideritis.hirsuta"
"P3","Priocnemis.sp1","Sideritis.hirsuta"
"P3","Pyronia.bathseba","Sideritis.hirsuta"
"P3","Rhodanthidium.septemdentatum","Sideritis.hirsuta"
"P3","Rhodanthidium.sticticum","Sideritis.hirsuta"
"P3","Stenurella.melanura","Sideritis.hirsuta"
"P3","Tropinota.sp1","Sideritis.hirsuta"
"P3","Acmaeodera.cylindrica","Thymus.vulgaris"
"P3","Adelidae.sp1","Thymus.vulgaris"
"P3","Anaspis.sp1","Thymus.vulgaris"
"P3","Andrena.djelfensis","Thymus.vulgaris"
"P3","Andrena.lepida","Thymus.vulgaris"
"P3","Andrena.nigroaenea","Thymus.vulgaris"
"P3","Andrena.senecionis","Thymus.vulgaris"
"P3","Anthaxia.millefolii","Thymus.vulgaris"
"P3","Anthaxia.scutullaris","Thymus.vulgaris"
"P3","Anthaxia.spinolae","Thymus.vulgaris"
"P3","Anthophora.acervorum","Thymus.vulgaris"
"P3","Anthophora.dispar","Thymus.vulgaris"
"P3","Apis.mellifera","Thymus.vulgaris"
"P3","Aplocnemus.calidus","Thymus.vulgaris"
"P3","Athalia.bicolor","Thymus.vulgaris"
"P3","Athalia.sp1","Thymus.vulgaris"
"P3","Bombus.terrestris","Thymus.vulgaris"
"P3","Chrysotoxum.cautum","Thymus.vulgaris"
"P3","Clytus.rhamni","Thymus.vulgaris"
"P3","Danacea.longiceps","Thymus.vulgaris"
"P3","Dasytes.nigroaeneus","Thymus.vulgaris"
"P3","Euchloe.crameri","Thymus.vulgaris"
"P3","Eumerus.argyropus","Thymus.vulgaris"
"P3","Hylaeus.garrulus","Thymus.vulgaris"
"P3","Lasioglossum.bimaculatum","Thymus.vulgaris"
"P3","Lasioglossum.griseolum","Thymus.vulgaris"
"P3","Lasioglossum.malachurum","Thymus.vulgaris"
"P3","Lasioglossum.mediterraneum","Thymus.vulgaris"
"P3","Lasioglossum.subhirtum","Thymus.vulgaris"
"P3","Lasioglossum.transitorium","Thymus.vulgaris"
"P3","Lobonyx.aeneus","Thymus.vulgaris"
"P3","Melanargia.occitanica","Thymus.vulgaris"
"P3","Meligethes.sp1","Thymus.vulgaris"
"P3","Merodon.funestus","Thymus.vulgaris"
"P3","Mordellistena.sp1","Thymus.vulgaris"
"P3","Nomada.sheppardana","Thymus.vulgaris"
"P3","Oedemera.flavipes","Thymus.vulgaris"
"P3","Osmia.melanogaster/leaiana","Thymus.vulgaris"
"P3","Osmia.nasoproducta","Thymus.vulgaris"
"P3","Osmia.rufohirta","Thymus.vulgaris"
"P3","Oxythyrea.funesta","Thymus.vulgaris"
"P3","Panurgus.dentipes","Thymus.vulgaris"
"P3","Platynochaetus.setosus","Thymus.vulgaris"
"P3","Polistes.dominulus","Thymus.vulgaris"
"P3","Priocnemis.sp1","Thymus.vulgaris"
"P3","Pyronia.bathseba","Thymus.vulgaris"
"P3","Rhodanthidium.septemdentatum","Thymus.vulgaris"
"P3","Rhodanthidium.sticticum","Thymus.vulgaris"
"P3","Stenurella.melanura","Thymus.vulgaris"
"P3","Tropinota.sp1","Thymus.vulgaris"
"P4","Acmaeodera.cylindrica","Allium.sphaerocephalon"
"P4","Adelidae.sp1","Allium.sphaerocephalon"
"P4","Anaspis.sp1","Allium.sphaerocephalon"
"P4","Ancistrocerus.biphaleratus","Allium.sphaerocephalon"
"P4","Andrena.djelfensis","Allium.sphaerocephalon"
"P4","Andrena.flavipes","Allium.sphaerocephalon"
"P4","Andrena.lepida","Allium.sphaerocephalon"
"P4","Andrena.nigroaenea","Allium.sphaerocephalon"
"P4","Andrena.senecionis","Allium.sphaerocephalon"
"P4","Anthaxia.millefolii","Allium.sphaerocephalon"
"P4","Anthaxia.scutullaris","Allium.sphaerocephalon"
"P4","Anthaxia.spinolae","Allium.sphaerocephalon"
"P4","Anthophora.dispar","Allium.sphaerocephalon"
"P4","Anthrenus.sp1","Allium.sphaerocephalon"
"P4","Apis.mellifera","Allium.sphaerocephalon"
"P4","Aplocnemus.calidus","Allium.sphaerocephalon"
"P4","Athalia.bicolor","Allium.sphaerocephalon"
"P4","Bombus.terrestris","Allium.sphaerocephalon"
"P4","Bruchidius.pusillus","Allium.sphaerocephalon"
"P4","Bruchidius.seminarius","Allium.sphaerocephalon"
"P4","Bruchidius.villosus","Allium.sphaerocephalon"
"P4","Clytus.rhamni","Allium.sphaerocephalon"
"P4","Danacea.longiceps","Allium.sphaerocephalon"
"P4","Dasytes.nigroaeneus","Allium.sphaerocephalon"
"P4","Eristalis.tenax","Allium.sphaerocephalon"
"P4","Eumerus.argyropus","Allium.sphaerocephalon"
"P4","Halictus.gemmeus","Allium.sphaerocephalon"
"P4","Hylaeus.garrulus","Allium.sphaerocephalon"
"P4","Lasioglossum.albocinctum","Allium.sphaerocephalon"
"P4","Lasioglossum.griseolum","Allium.sphaerocephalon"
"P4","Lasioglossum.malachurum","Allium.sphaerocephalon"
"P4","Lasioglossum.mediterraneum","Allium.sphaerocephalon"
"P4","Lasioglossum.subhirtum","Allium.sphaerocephalon"
"P4","Lasioglossum.transitorium","Allium.sphaerocephalon"
"P4","Lobonyx.aeneus","Allium.sphaerocephalon"
"P4","Meligethes.sp1","Allium.sphaerocephalon"
"P4","Merodon.funestus","Allium.sphaerocephalon"
"P4","Minoa.murinata","Allium.sphaerocephalon"
"P4","Mordellistena.sp1","Allium.sphaerocephalon"
"P4","Mordellistena.sp4","Allium.sphaerocephalon"
"P4","Normannia.esculi","Allium.sphaerocephalon"
"P4","Oedemera.flavipes","Allium.sphaerocephalon"
"P4","Osmia.gallarum","Allium.sphaerocephalon"
"P4","Osmia.rufohirta","Allium.sphaerocephalon"
"P4","Oxythyrea.funesta","Allium.sphaerocephalon"
"P4","Panurgus.dentipes","Allium.sphaerocephalon"
"P4","Platynochaetus.setosus","Allium.sphaerocephalon"
"P4","Polistes.dominulus","Allium.sphaerocephalon"
"P4","Protosmia.exenterata","Allium.sphaerocephalon"
"P4","Pyronia.bathseba","Allium.sphaerocephalon"
"P4","Rhodanthidium.septemdentatum","Allium.sphaerocephalon"
"P4","Rhodanthidium.sticticum","Allium.sphaerocephalon"
"P4","Sphaerophoria.scripta","Allium.sphaerocephalon"
"P4","Sphecodes.ruficrus","Allium.sphaerocephalon"
"P4","Sphecodes.sp4","Allium.sphaerocephalon"
"P4","Stenurella.melanura","Allium.sphaerocephalon"
"P4","Trypoxylon.sp1","Allium.sphaerocephalon"
"P4","Zerynthia.rumina","Allium.sphaerocephalon"
"P4","Acmaeodera.cylindrica","Anagallis.arvensis"
"P4","Adelidae.sp1","Anagallis.arvensis"
"P4","Anaspis.sp1","Anagallis.arvensis"
"P4","Ancistrocerus.biphaleratus","Anagallis.arvensis"
"P4","Andrena.djelfensis","Anagallis.arvensis"
"P4","Andrena.flavipes","Anagallis.arvensis"
"P4","Andrena.lepida","Anagallis.arvensis"
"P4","Andrena.nigroaenea","Anagallis.arvensis"
"P4","Andrena.senecionis","Anagallis.arvensis"
"P4","Anthaxia.millefolii","Anagallis.arvensis"
"P4","Anthaxia.scutullaris","Anagallis.arvensis"
"P4","Anthaxia.spinolae","Anagallis.arvensis"
"P4","Anthophora.dispar","Anagallis.arvensis"
"P4","Anthrenus.sp1","Anagallis.arvensis"
"P4","Apis.mellifera","Anagallis.arvensis"
"P4","Aplocnemus.calidus","Anagallis.arvensis"
"P4","Athalia.bicolor","Anagallis.arvensis"
"P4","Bombus.terrestris","Anagallis.arvensis"
"P4","Bruchidius.pusillus","Anagallis.arvensis"
"P4","Bruchidius.seminarius","Anagallis.arvensis"
"P4","Bruchidius.villosus","Anagallis.arvensis"
"P4","Clytus.rhamni","Anagallis.arvensis"
"P4","Danacea.longiceps","Anagallis.arvensis"
"P4","Dasytes.nigroaeneus","Anagallis.arvensis"
"P4","Eristalis.tenax","Anagallis.arvensis"
"P4","Eumerus.argyropus","Anagallis.arvensis"
"P4","Halictus.gemmeus","Anagallis.arvensis"
"P4","Hylaeus.garrulus","Anagallis.arvensis"
"P4","Lasioglossum.albocinctum","Anagallis.arvensis"
"P4","Lasioglossum.griseolum","Anagallis.arvensis"
"P4","Lasioglossum.malachurum","Anagallis.arvensis"
"P4","Lasioglossum.mediterraneum","Anagallis.arvensis"
"P4","Lasioglossum.subhirtum","Anagallis.arvensis"
"P4","Lasioglossum.transitorium","Anagallis.arvensis"
"P4","Lobonyx.aeneus","Anagallis.arvensis"
"P4","Meligethes.sp1","Anagallis.arvensis"
"P4","Merodon.funestus","Anagallis.arvensis"
"P4","Minoa.murinata","Anagallis.arvensis"
"P4","Mordellistena.sp1","Anagallis.arvensis"
"P4","Mordellistena.sp4","Anagallis.arvensis"
"P4","Normannia.esculi","Anagallis.arvensis"
"P4","Oedemera.flavipes","Anagallis.arvensis"
"P4","Osmia.gallarum","Anagallis.arvensis"
"P4","Osmia.rufohirta","Anagallis.arvensis"
"P4","Oxythyrea.funesta","Anagallis.arvensis"
"P4","Panurgus.dentipes","Anagallis.arvensis"
"P4","Platynochaetus.setosus","Anagallis.arvensis"
"P4","Polistes.dominulus","Anagallis.arvensis"
"P4","Protosmia.exenterata","Anagallis.arvensis"
"P4","Pyronia.bathseba","Anagallis.arvensis"
"P4","Rhodanthidium.septemdentatum","Anagallis.arvensis"
"P4","Rhodanthidium.sticticum","Anagallis.arvensis"
"P4","Sphaerophoria.scripta","Anagallis.arvensis"
"P4","Sphecodes.ruficrus","Anagallis.arvensis"
"P4","Sphecodes.sp4","Anagallis.arvensis"
"P4","Stenurella.melanura","Anagallis.arvensis"
"P4","Trypoxylon.sp1","Anagallis.arvensis"
"P4","Zerynthia.rumina","Anagallis.arvensis"
"P4","Acmaeodera.cylindrica","Aphyllanthes.monspeliensis"
"P4","Adelidae.sp1","Aphyllanthes.monspeliensis"
"P4","Anaspis.sp1","Aphyllanthes.monspeliensis"
"P4","Ancistrocerus.biphaleratus","Aphyllanthes.monspeliensis"
"P4","Andrena.djelfensis","Aphyllanthes.monspeliensis"
"P4","Andrena.flavipes","Aphyllanthes.monspeliensis"
"P4","Andrena.lepida","Aphyllanthes.monspeliensis"
"P4","Andrena.nigroaenea","Aphyllanthes.monspeliensis"
"P4","Andrena.senecionis","Aphyllanthes.monspeliensis"
"P4","Anthaxia.millefolii","Aphyllanthes.monspeliensis"
"P4","Anthaxia.scutullaris","Aphyllanthes.monspeliensis"
"P4","Anthaxia.spinolae","Aphyllanthes.monspeliensis"
"P4","Anthophora.dispar","Aphyllanthes.monspeliensis"
"P4","Anthrenus.sp1","Aphyllanthes.monspeliensis"
"P4","Apis.mellifera","Aphyllanthes.monspeliensis"
"P4","Aplocnemus.calidus","Aphyllanthes.monspeliensis"
"P4","Athalia.bicolor","Aphyllanthes.monspeliensis"
"P4","Bombus.terrestris","Aphyllanthes.monspeliensis"
"P4","Bruchidius.pusillus","Aphyllanthes.monspeliensis"
"P4","Bruchidius.seminarius","Aphyllanthes.monspeliensis"
"P4","Bruchidius.villosus","Aphyllanthes.monspeliensis"
"P4","Clytus.rhamni","Aphyllanthes.monspeliensis"
"P4","Danacea.longiceps","Aphyllanthes.monspeliensis"
"P4","Dasytes.nigroaeneus","Aphyllanthes.monspeliensis"
"P4","Eristalis.tenax","Aphyllanthes.monspeliensis"
"P4","Eumerus.argyropus","Aphyllanthes.monspeliensis"
"P4","Halictus.gemmeus","Aphyllanthes.monspeliensis"
"P4","Hylaeus.garrulus","Aphyllanthes.monspeliensis"
"P4","Lasioglossum.albocinctum","Aphyllanthes.monspeliensis"
"P4","Lasioglossum.griseolum","Aphyllanthes.monspeliensis"
"P4","Lasioglossum.malachurum","Aphyllanthes.monspeliensis"
"P4","Lasioglossum.mediterraneum","Aphyllanthes.monspeliensis"
"P4","Lasioglossum.subhirtum","Aphyllanthes.monspeliensis"
"P4","Lasioglossum.transitorium","Aphyllanthes.monspeliensis"
"P4","Lobonyx.aeneus","Aphyllanthes.monspeliensis"
"P4","Meligethes.sp1","Aphyllanthes.monspeliensis"
"P4","Merodon.funestus","Aphyllanthes.monspeliensis"
"P4","Minoa.murinata","Aphyllanthes.monspeliensis"
"P4","Mordellistena.sp1","Aphyllanthes.monspeliensis"
"P4","Mordellistena.sp4","Aphyllanthes.monspeliensis"
"P4","Normannia.esculi","Aphyllanthes.monspeliensis"
"P4","Oedemera.flavipes","Aphyllanthes.monspeliensis"
"P4","Osmia.gallarum","Aphyllanthes.monspeliensis"
"P4","Osmia.rufohirta","Aphyllanthes.monspeliensis"
"P4","Oxythyrea.funesta","Aphyllanthes.monspeliensis"
"P4","Panurgus.dentipes","Aphyllanthes.monspeliensis"
"P4","Platynochaetus.setosus","Aphyllanthes.monspeliensis"
"P4","Polistes.dominulus","Aphyllanthes.monspeliensis"
"P4","Protosmia.exenterata","Aphyllanthes.monspeliensis"
"P4","Pyronia.bathseba","Aphyllanthes.monspeliensis"
"P4","Rhodanthidium.septemdentatum","Aphyllanthes.monspeliensis"
"P4","Rhodanthidium.sticticum","Aphyllanthes.monspeliensis"
"P4","Sphaerophoria.scripta","Aphyllanthes.monspeliensis"
"P4","Sphecodes.ruficrus","Aphyllanthes.monspeliensis"
"P4","Sphecodes.sp4","Aphyllanthes.monspeliensis"
"P4","Stenurella.melanura","Aphyllanthes.monspeliensis"
"P4","Trypoxylon.sp1","Aphyllanthes.monspeliensis"
"P4","Zerynthia.rumina","Aphyllanthes.monspeliensis"
"P4","Acmaeodera.cylindrica","Argyrolobium.zanonii"
"P4","Adelidae.sp1","Argyrolobium.zanonii"
"P4","Anaspis.sp1","Argyrolobium.zanonii"
"P4","Ancistrocerus.biphaleratus","Argyrolobium.zanonii"
"P4","Andrena.djelfensis","Argyrolobium.zanonii"
"P4","Andrena.flavipes","Argyrolobium.zanonii"
"P4","Andrena.lepida","Argyrolobium.zanonii"
"P4","Andrena.nigroaenea","Argyrolobium.zanonii"
"P4","Andrena.senecionis","Argyrolobium.zanonii"
"P4","Anthaxia.millefolii","Argyrolobium.zanonii"
"P4","Anthaxia.scutullaris","Argyrolobium.zanonii"
"P4","Anthaxia.spinolae","Argyrolobium.zanonii"
"P4","Anthophora.dispar","Argyrolobium.zanonii"
"P4","Anthrenus.sp1","Argyrolobium.zanonii"
"P4","Apis.mellifera","Argyrolobium.zanonii"
"P4","Aplocnemus.calidus","Argyrolobium.zanonii"
"P4","Athalia.bicolor","Argyrolobium.zanonii"
"P4","Bombus.terrestris","Argyrolobium.zanonii"
"P4","Bruchidius.pusillus","Argyrolobium.zanonii"
"P4","Bruchidius.seminarius","Argyrolobium.zanonii"
"P4","Bruchidius.villosus","Argyrolobium.zanonii"
"P4","Clytus.rhamni","Argyrolobium.zanonii"
"P4","Danacea.longiceps","Argyrolobium.zanonii"
"P4","Dasytes.nigroaeneus","Argyrolobium.zanonii"
"P4","Eristalis.tenax","Argyrolobium.zanonii"
"P4","Eumerus.argyropus","Argyrolobium.zanonii"
"P4","Halictus.gemmeus","Argyrolobium.zanonii"
"P4","Hylaeus.garrulus","Argyrolobium.zanonii"
"P4","Lasioglossum.albocinctum","Argyrolobium.zanonii"
"P4","Lasioglossum.griseolum","Argyrolobium.zanonii"
"P4","Lasioglossum.malachurum","Argyrolobium.zanonii"
"P4","Lasioglossum.mediterraneum","Argyrolobium.zanonii"
"P4","Lasioglossum.subhirtum","Argyrolobium.zanonii"
"P4","Lasioglossum.transitorium","Argyrolobium.zanonii"
"P4","Lobonyx.aeneus","Argyrolobium.zanonii"
"P4","Meligethes.sp1","Argyrolobium.zanonii"
"P4","Merodon.funestus","Argyrolobium.zanonii"
"P4","Minoa.murinata","Argyrolobium.zanonii"
"P4","Mordellistena.sp1","Argyrolobium.zanonii"
"P4","Mordellistena.sp4","Argyrolobium.zanonii"
"P4","Normannia.esculi","Argyrolobium.zanonii"
"P4","Oedemera.flavipes","Argyrolobium.zanonii"
"P4","Osmia.gallarum","Argyrolobium.zanonii"
"P4","Osmia.rufohirta","Argyrolobium.zanonii"
"P4","Oxythyrea.funesta","Argyrolobium.zanonii"
"P4","Panurgus.dentipes","Argyrolobium.zanonii"
"P4","Platynochaetus.setosus","Argyrolobium.zanonii"
"P4","Polistes.dominulus","Argyrolobium.zanonii"
"P4","Protosmia.exenterata","Argyrolobium.zanonii"
"P4","Pyronia.bathseba","Argyrolobium.zanonii"
"P4","Rhodanthidium.septemdentatum","Argyrolobium.zanonii"
"P4","Rhodanthidium.sticticum","Argyrolobium.zanonii"
"P4","Sphaerophoria.scripta","Argyrolobium.zanonii"
"P4","Sphecodes.ruficrus","Argyrolobium.zanonii"
"P4","Sphecodes.sp4","Argyrolobium.zanonii"
"P4","Stenurella.melanura","Argyrolobium.zanonii"
"P4","Trypoxylon.sp1","Argyrolobium.zanonii"
"P4","Zerynthia.rumina","Argyrolobium.zanonii"
"P4","Acmaeodera.cylindrica","Biscutella.laevigata"
"P4","Adelidae.sp1","Biscutella.laevigata"
"P4","Anaspis.sp1","Biscutella.laevigata"
"P4","Ancistrocerus.biphaleratus","Biscutella.laevigata"
"P4","Andrena.djelfensis","Biscutella.laevigata"
"P4","Andrena.flavipes","Biscutella.laevigata"
"P4","Andrena.lepida","Biscutella.laevigata"
"P4","Andrena.nigroaenea","Biscutella.laevigata"
"P4","Andrena.senecionis","Biscutella.laevigata"
"P4","Anthaxia.millefolii","Biscutella.laevigata"
"P4","Anthaxia.scutullaris","Biscutella.laevigata"
"P4","Anthaxia.spinolae","Biscutella.laevigata"
"P4","Anthophora.dispar","Biscutella.laevigata"
"P4","Anthrenus.sp1","Biscutella.laevigata"
"P4","Apis.mellifera","Biscutella.laevigata"
"P4","Aplocnemus.calidus","Biscutella.laevigata"
"P4","Athalia.bicolor","Biscutella.laevigata"
"P4","Bombus.terrestris","Biscutella.laevigata"
"P4","Bruchidius.pusillus","Biscutella.laevigata"
"P4","Bruchidius.seminarius","Biscutella.laevigata"
"P4","Bruchidius.villosus","Biscutella.laevigata"
"P4","Clytus.rhamni","Biscutella.laevigata"
"P4","Danacea.longiceps","Biscutella.laevigata"
"P4","Dasytes.nigroaeneus","Biscutella.laevigata"
"P4","Eristalis.tenax","Biscutella.laevigata"
"P4","Eumerus.argyropus","Biscutella.laevigata"
"P4","Halictus.gemmeus","Biscutella.laevigata"
"P4","Hylaeus.garrulus","Biscutella.laevigata"
"P4","Lasioglossum.albocinctum","Biscutella.laevigata"
"P4","Lasioglossum.griseolum","Biscutella.laevigata"
"P4","Lasioglossum.malachurum","Biscutella.laevigata"
"P4","Lasioglossum.mediterraneum","Biscutella.laevigata"
"P4","Lasioglossum.subhirtum","Biscutella.laevigata"
"P4","Lasioglossum.transitorium","Biscutella.laevigata"
"P4","Lobonyx.aeneus","Biscutella.laevigata"
"P4","Meligethes.sp1","Biscutella.laevigata"
"P4","Merodon.funestus","Biscutella.laevigata"
"P4","Minoa.murinata","Biscutella.laevigata"
"P4","Mordellistena.sp1","Biscutella.laevigata"
"P4","Mordellistena.sp4","Biscutella.laevigata"
"P4","Normannia.esculi","Biscutella.laevigata"
"P4","Oedemera.flavipes","Biscutella.laevigata"
"P4","Osmia.gallarum","Biscutella.laevigata"
"P4","Osmia.rufohirta","Biscutella.laevigata"
"P4","Oxythyrea.funesta","Biscutella.laevigata"
"P4","Panurgus.dentipes","Biscutella.laevigata"
"P4","Platynochaetus.setosus","Biscutella.laevigata"
"P4","Polistes.dominulus","Biscutella.laevigata"
"P4","Protosmia.exenterata","Biscutella.laevigata"
"P4","Pyronia.bathseba","Biscutella.laevigata"
"P4","Rhodanthidium.septemdentatum","Biscutella.laevigata"
"P4","Rhodanthidium.sticticum","Biscutella.laevigata"
"P4","Sphaerophoria.scripta","Biscutella.laevigata"
"P4","Sphecodes.ruficrus","Biscutella.laevigata"
"P4","Sphecodes.sp4","Biscutella.laevigata"
"P4","Stenurella.melanura","Biscutella.laevigata"
"P4","Trypoxylon.sp1","Biscutella.laevigata"
"P4","Zerynthia.rumina","Biscutella.laevigata"
"P4","Acmaeodera.cylindrica","Convolvulus.lanuginosus"
"P4","Adelidae.sp1","Convolvulus.lanuginosus"
"P4","Anaspis.sp1","Convolvulus.lanuginosus"
"P4","Ancistrocerus.biphaleratus","Convolvulus.lanuginosus"
"P4","Andrena.djelfensis","Convolvulus.lanuginosus"
"P4","Andrena.flavipes","Convolvulus.lanuginosus"
"P4","Andrena.lepida","Convolvulus.lanuginosus"
"P4","Andrena.nigroaenea","Convolvulus.lanuginosus"
"P4","Andrena.senecionis","Convolvulus.lanuginosus"
"P4","Anthaxia.millefolii","Convolvulus.lanuginosus"
"P4","Anthaxia.scutullaris","Convolvulus.lanuginosus"
"P4","Anthaxia.spinolae","Convolvulus.lanuginosus"
"P4","Anthophora.dispar","Convolvulus.lanuginosus"
"P4","Anthrenus.sp1","Convolvulus.lanuginosus"
"P4","Apis.mellifera","Convolvulus.lanuginosus"
"P4","Aplocnemus.calidus","Convolvulus.lanuginosus"
"P4","Athalia.bicolor","Convolvulus.lanuginosus"
"P4","Bombus.terrestris","Convolvulus.lanuginosus"
"P4","Bruchidius.pusillus","Convolvulus.lanuginosus"
"P4","Bruchidius.seminarius","Convolvulus.lanuginosus"
"P4","Bruchidius.villosus","Convolvulus.lanuginosus"
"P4","Clytus.rhamni","Convolvulus.lanuginosus"
"P4","Danacea.longiceps","Convolvulus.lanuginosus"
"P4","Dasytes.nigroaeneus","Convolvulus.lanuginosus"
"P4","Eristalis.tenax","Convolvulus.lanuginosus"
"P4","Eumerus.argyropus","Convolvulus.lanuginosus"
"P4","Halictus.gemmeus","Convolvulus.lanuginosus"
"P4","Hylaeus.garrulus","Convolvulus.lanuginosus"
"P4","Lasioglossum.albocinctum","Convolvulus.lanuginosus"
"P4","Lasioglossum.griseolum","Convolvulus.lanuginosus"
"P4","Lasioglossum.malachurum","Convolvulus.lanuginosus"
"P4","Lasioglossum.mediterraneum","Convolvulus.lanuginosus"
"P4","Lasioglossum.subhirtum","Convolvulus.lanuginosus"
"P4","Lasioglossum.transitorium","Convolvulus.lanuginosus"
"P4","Lobonyx.aeneus","Convolvulus.lanuginosus"
"P4","Meligethes.sp1","Convolvulus.lanuginosus"
"P4","Merodon.funestus","Convolvulus.lanuginosus"
"P4","Minoa.murinata","Convolvulus.lanuginosus"
"P4","Mordellistena.sp1","Convolvulus.lanuginosus"
"P4","Mordellistena.sp4","Convolvulus.lanuginosus"
"P4","Normannia.esculi","Convolvulus.lanuginosus"
"P4","Oedemera.flavipes","Convolvulus.lanuginosus"
"P4","Osmia.gallarum","Convolvulus.lanuginosus"
"P4","Osmia.rufohirta","Convolvulus.lanuginosus"
"P4","Oxythyrea.funesta","Convolvulus.lanuginosus"
"P4","Panurgus.dentipes","Convolvulus.lanuginosus"
"P4","Platynochaetus.setosus","Convolvulus.lanuginosus"
"P4","Polistes.dominulus","Convolvulus.lanuginosus"
"P4","Protosmia.exenterata","Convolvulus.lanuginosus"
"P4","Pyronia.bathseba","Convolvulus.lanuginosus"
"P4","Rhodanthidium.septemdentatum","Convolvulus.lanuginosus"
"P4","Rhodanthidium.sticticum","Convolvulus.lanuginosus"
"P4","Sphaerophoria.scripta","Convolvulus.lanuginosus"
"P4","Sphecodes.ruficrus","Convolvulus.lanuginosus"
"P4","Sphecodes.sp4","Convolvulus.lanuginosus"
"P4","Stenurella.melanura","Convolvulus.lanuginosus"
"P4","Trypoxylon.sp1","Convolvulus.lanuginosus"
"P4","Zerynthia.rumina","Convolvulus.lanuginosus"
"P4","Acmaeodera.cylindrica","Fumana.laevipes"
"P4","Adelidae.sp1","Fumana.laevipes"
"P4","Anaspis.sp1","Fumana.laevipes"
"P4","Ancistrocerus.biphaleratus","Fumana.laevipes"
"P4","Andrena.djelfensis","Fumana.laevipes"
"P4","Andrena.flavipes","Fumana.laevipes"
"P4","Andrena.lepida","Fumana.laevipes"
"P4","Andrena.nigroaenea","Fumana.laevipes"
"P4","Andrena.senecionis","Fumana.laevipes"
"P4","Anthaxia.millefolii","Fumana.laevipes"
"P4","Anthaxia.scutullaris","Fumana.laevipes"
"P4","Anthaxia.spinolae","Fumana.laevipes"
"P4","Anthophora.dispar","Fumana.laevipes"
"P4","Anthrenus.sp1","Fumana.laevipes"
"P4","Apis.mellifera","Fumana.laevipes"
"P4","Aplocnemus.calidus","Fumana.laevipes"
"P4","Athalia.bicolor","Fumana.laevipes"
"P4","Bombus.terrestris","Fumana.laevipes"
"P4","Bruchidius.pusillus","Fumana.laevipes"
"P4","Bruchidius.seminarius","Fumana.laevipes"
"P4","Bruchidius.villosus","Fumana.laevipes"
"P4","Clytus.rhamni","Fumana.laevipes"
"P4","Danacea.longiceps","Fumana.laevipes"
"P4","Dasytes.nigroaeneus","Fumana.laevipes"
"P4","Eristalis.tenax","Fumana.laevipes"
"P4","Eumerus.argyropus","Fumana.laevipes"
"P4","Halictus.gemmeus","Fumana.laevipes"
"P4","Hylaeus.garrulus","Fumana.laevipes"
"P4","Lasioglossum.albocinctum","Fumana.laevipes"
"P4","Lasioglossum.griseolum","Fumana.laevipes"
"P4","Lasioglossum.malachurum","Fumana.laevipes"
"P4","Lasioglossum.mediterraneum","Fumana.laevipes"
"P4","Lasioglossum.subhirtum","Fumana.laevipes"
"P4","Lasioglossum.transitorium","Fumana.laevipes"
"P4","Lobonyx.aeneus","Fumana.laevipes"
"P4","Meligethes.sp1","Fumana.laevipes"
"P4","Merodon.funestus","Fumana.laevipes"
"P4","Minoa.murinata","Fumana.laevipes"
"P4","Mordellistena.sp1","Fumana.laevipes"
"P4","Mordellistena.sp4","Fumana.laevipes"
"P4","Normannia.esculi","Fumana.laevipes"
"P4","Oedemera.flavipes","Fumana.laevipes"
"P4","Osmia.gallarum","Fumana.laevipes"
"P4","Osmia.rufohirta","Fumana.laevipes"
"P4","Oxythyrea.funesta","Fumana.laevipes"
"P4","Panurgus.dentipes","Fumana.laevipes"
"P4","Platynochaetus.setosus","Fumana.laevipes"
"P4","Polistes.dominulus","Fumana.laevipes"
"P4","Protosmia.exenterata","Fumana.laevipes"
"P4","Pyronia.bathseba","Fumana.laevipes"
"P4","Rhodanthidium.septemdentatum","Fumana.laevipes"
"P4","Rhodanthidium.sticticum","Fumana.laevipes"
"P4","Sphaerophoria.scripta","Fumana.laevipes"
"P4","Sphecodes.ruficrus","Fumana.laevipes"
"P4","Sphecodes.sp4","Fumana.laevipes"
"P4","Stenurella.melanura","Fumana.laevipes"
"P4","Trypoxylon.sp1","Fumana.laevipes"
"P4","Zerynthia.rumina","Fumana.laevipes"
"P4","Acmaeodera.cylindrica","Fumana.laevis"
"P4","Adelidae.sp1","Fumana.laevis"
"P4","Anaspis.sp1","Fumana.laevis"
"P4","Ancistrocerus.biphaleratus","Fumana.laevis"
"P4","Andrena.djelfensis","Fumana.laevis"
"P4","Andrena.flavipes","Fumana.laevis"
"P4","Andrena.lepida","Fumana.laevis"
"P4","Andrena.nigroaenea","Fumana.laevis"
"P4","Andrena.senecionis","Fumana.laevis"
"P4","Anthaxia.millefolii","Fumana.laevis"
"P4","Anthaxia.scutullaris","Fumana.laevis"
"P4","Anthaxia.spinolae","Fumana.laevis"
"P4","Anthophora.dispar","Fumana.laevis"
"P4","Anthrenus.sp1","Fumana.laevis"
"P4","Apis.mellifera","Fumana.laevis"
"P4","Aplocnemus.calidus","Fumana.laevis"
"P4","Athalia.bicolor","Fumana.laevis"
"P4","Bombus.terrestris","Fumana.laevis"
"P4","Bruchidius.pusillus","Fumana.laevis"
"P4","Bruchidius.seminarius","Fumana.laevis"
"P4","Bruchidius.villosus","Fumana.laevis"
"P4","Clytus.rhamni","Fumana.laevis"
"P4","Danacea.longiceps","Fumana.laevis"
"P4","Dasytes.nigroaeneus","Fumana.laevis"
"P4","Eristalis.tenax","Fumana.laevis"
"P4","Eumerus.argyropus","Fumana.laevis"
"P4","Halictus.gemmeus","Fumana.laevis"
"P4","Hylaeus.garrulus","Fumana.laevis"
"P4","Lasioglossum.albocinctum","Fumana.laevis"
"P4","Lasioglossum.griseolum","Fumana.laevis"
"P4","Lasioglossum.malachurum","Fumana.laevis"
"P4","Lasioglossum.mediterraneum","Fumana.laevis"
"P4","Lasioglossum.subhirtum","Fumana.laevis"
"P4","Lasioglossum.transitorium","Fumana.laevis"
"P4","Lobonyx.aeneus","Fumana.laevis"
"P4","Meligethes.sp1","Fumana.laevis"
"P4","Merodon.funestus","Fumana.laevis"
"P4","Minoa.murinata","Fumana.laevis"
"P4","Mordellistena.sp1","Fumana.laevis"
"P4","Mordellistena.sp4","Fumana.laevis"
"P4","Normannia.esculi","Fumana.laevis"
"P4","Oedemera.flavipes","Fumana.laevis"
"P4","Osmia.gallarum","Fumana.laevis"
"P4","Osmia.rufohirta","Fumana.laevis"
"P4","Oxythyrea.funesta","Fumana.laevis"
"P4","Panurgus.dentipes","Fumana.laevis"
"P4","Platynochaetus.setosus","Fumana.laevis"
"P4","Polistes.dominulus","Fumana.laevis"
"P4","Protosmia.exenterata","Fumana.laevis"
"P4","Pyronia.bathseba","Fumana.laevis"
"P4","Rhodanthidium.septemdentatum","Fumana.laevis"
"P4","Rhodanthidium.sticticum","Fumana.laevis"
"P4","Sphaerophoria.scripta","Fumana.laevis"
"P4","Sphecodes.ruficrus","Fumana.laevis"
"P4","Sphecodes.sp4","Fumana.laevis"
"P4","Stenurella.melanura","Fumana.laevis"
"P4","Trypoxylon.sp1","Fumana.laevis"
"P4","Zerynthia.rumina","Fumana.laevis"
"P4","Acmaeodera.cylindrica","Gladiolus.illyricus"
"P4","Adelidae.sp1","Gladiolus.illyricus"
"P4","Anaspis.sp1","Gladiolus.illyricus"
"P4","Ancistrocerus.biphaleratus","Gladiolus.illyricus"
"P4","Andrena.djelfensis","Gladiolus.illyricus"
"P4","Andrena.flavipes","Gladiolus.illyricus"
"P4","Andrena.lepida","Gladiolus.illyricus"
"P4","Andrena.nigroaenea","Gladiolus.illyricus"
"P4","Andrena.senecionis","Gladiolus.illyricus"
"P4","Anthaxia.millefolii","Gladiolus.illyricus"
"P4","Anthaxia.scutullaris","Gladiolus.illyricus"
"P4","Anthaxia.spinolae","Gladiolus.illyricus"
"P4","Anthophora.dispar","Gladiolus.illyricus"
"P4","Anthrenus.sp1","Gladiolus.illyricus"
"P4","Apis.mellifera","Gladiolus.illyricus"
"P4","Aplocnemus.calidus","Gladiolus.illyricus"
"P4","Athalia.bicolor","Gladiolus.illyricus"
"P4","Bombus.terrestris","Gladiolus.illyricus"
"P4","Bruchidius.pusillus","Gladiolus.illyricus"
"P4","Bruchidius.seminarius","Gladiolus.illyricus"
"P4","Bruchidius.villosus","Gladiolus.illyricus"
"P4","Clytus.rhamni","Gladiolus.illyricus"
"P4","Danacea.longiceps","Gladiolus.illyricus"
"P4","Dasytes.nigroaeneus","Gladiolus.illyricus"
"P4","Eristalis.tenax","Gladiolus.illyricus"
"P4","Eumerus.argyropus","Gladiolus.illyricus"
"P4","Halictus.gemmeus","Gladiolus.illyricus"
"P4","Hylaeus.garrulus","Gladiolus.illyricus"
"P4","Lasioglossum.albocinctum","Gladiolus.illyricus"
"P4","Lasioglossum.griseolum","Gladiolus.illyricus"
"P4","Lasioglossum.malachurum","Gladiolus.illyricus"
"P4","Lasioglossum.mediterraneum","Gladiolus.illyricus"
"P4","Lasioglossum.subhirtum","Gladiolus.illyricus"
"P4","Lasioglossum.transitorium","Gladiolus.illyricus"
"P4","Lobonyx.aeneus","Gladiolus.illyricus"
"P4","Meligethes.sp1","Gladiolus.illyricus"
"P4","Merodon.funestus","Gladiolus.illyricus"
"P4","Minoa.murinata","Gladiolus.illyricus"
"P4","Mordellistena.sp1","Gladiolus.illyricus"
"P4","Mordellistena.sp4","Gladiolus.illyricus"
"P4","Normannia.esculi","Gladiolus.illyricus"
"P4","Oedemera.flavipes","Gladiolus.illyricus"
"P4","Osmia.gallarum","Gladiolus.illyricus"
"P4","Osmia.rufohirta","Gladiolus.illyricus"
"P4","Oxythyrea.funesta","Gladiolus.illyricus"
"P4","Panurgus.dentipes","Gladiolus.illyricus"
"P4","Platynochaetus.setosus","Gladiolus.illyricus"
"P4","Polistes.dominulus","Gladiolus.illyricus"
"P4","Protosmia.exenterata","Gladiolus.illyricus"
"P4","Pyronia.bathseba","Gladiolus.illyricus"
"P4","Rhodanthidium.septemdentatum","Gladiolus.illyricus"
"P4","Rhodanthidium.sticticum","Gladiolus.illyricus"
"P4","Sphaerophoria.scripta","Gladiolus.illyricus"
"P4","Sphecodes.ruficrus","Gladiolus.illyricus"
"P4","Sphecodes.sp4","Gladiolus.illyricus"
"P4","Stenurella.melanura","Gladiolus.illyricus"
"P4","Trypoxylon.sp1","Gladiolus.illyricus"
"P4","Zerynthia.rumina","Gladiolus.illyricus"
"P4","Acmaeodera.cylindrica","Rosmarinus.officinalis"
"P4","Adelidae.sp1","Rosmarinus.officinalis"
"P4","Anaspis.sp1","Rosmarinus.officinalis"
"P4","Ancistrocerus.biphaleratus","Rosmarinus.officinalis"
"P4","Andrena.djelfensis","Rosmarinus.officinalis"
"P4","Andrena.flavipes","Rosmarinus.officinalis"
"P4","Andrena.lepida","Rosmarinus.officinalis"
"P4","Andrena.nigroaenea","Rosmarinus.officinalis"
"P4","Andrena.senecionis","Rosmarinus.officinalis"
"P4","Anthaxia.millefolii","Rosmarinus.officinalis"
"P4","Anthaxia.scutullaris","Rosmarinus.officinalis"
"P4","Anthaxia.spinolae","Rosmarinus.officinalis"
"P4","Anthophora.dispar","Rosmarinus.officinalis"
"P4","Anthrenus.sp1","Rosmarinus.officinalis"
"P4","Apis.mellifera","Rosmarinus.officinalis"
"P4","Aplocnemus.calidus","Rosmarinus.officinalis"
"P4","Athalia.bicolor","Rosmarinus.officinalis"
"P4","Bombus.terrestris","Rosmarinus.officinalis"
"P4","Bruchidius.pusillus","Rosmarinus.officinalis"
"P4","Bruchidius.seminarius","Rosmarinus.officinalis"
"P4","Bruchidius.villosus","Rosmarinus.officinalis"
"P4","Clytus.rhamni","Rosmarinus.officinalis"
"P4","Danacea.longiceps","Rosmarinus.officinalis"
"P4","Dasytes.nigroaeneus","Rosmarinus.officinalis"
"P4","Eristalis.tenax","Rosmarinus.officinalis"
"P4","Eumerus.argyropus","Rosmarinus.officinalis"
"P4","Halictus.gemmeus","Rosmarinus.officinalis"
"P4","Hylaeus.garrulus","Rosmarinus.officinalis"
"P4","Lasioglossum.albocinctum","Rosmarinus.officinalis"
"P4","Lasioglossum.griseolum","Rosmarinus.officinalis"
"P4","Lasioglossum.malachurum","Rosmarinus.officinalis"
"P4","Lasioglossum.mediterraneum","Rosmarinus.officinalis"
"P4","Lasioglossum.subhirtum","Rosmarinus.officinalis"
"P4","Lasioglossum.transitorium","Rosmarinus.officinalis"
"P4","Lobonyx.aeneus","Rosmarinus.officinalis"
"P4","Meligethes.sp1","Rosmarinus.officinalis"
"P4","Merodon.funestus","Rosmarinus.officinalis"
"P4","Minoa.murinata","Rosmarinus.officinalis"
"P4","Mordellistena.sp1","Rosmarinus.officinalis"
"P4","Mordellistena.sp4","Rosmarinus.officinalis"
"P4","Normannia.esculi","Rosmarinus.officinalis"
"P4","Oedemera.flavipes","Rosmarinus.officinalis"
"P4","Osmia.gallarum","Rosmarinus.officinalis"
"P4","Osmia.rufohirta","Rosmarinus.officinalis"
"P4","Oxythyrea.funesta","Rosmarinus.officinalis"
"P4","Panurgus.dentipes","Rosmarinus.officinalis"
"P4","Platynochaetus.setosus","Rosmarinus.officinalis"
"P4","Polistes.dominulus","Rosmarinus.officinalis"
"P4","Protosmia.exenterata","Rosmarinus.officinalis"
"P4","Pyronia.bathseba","Rosmarinus.officinalis"
"P4","Rhodanthidium.septemdentatum","Rosmarinus.officinalis"
"P4","Rhodanthidium.sticticum","Rosmarinus.officinalis"
"P4","Sphaerophoria.scripta","Rosmarinus.officinalis"
"P4","Sphecodes.ruficrus","Rosmarinus.officinalis"
"P4","Sphecodes.sp4","Rosmarinus.officinalis"
"P4","Stenurella.melanura","Rosmarinus.officinalis"
"P4","Trypoxylon.sp1","Rosmarinus.officinalis"
"P4","Zerynthia.rumina","Rosmarinus.officinalis"
"P4","Acmaeodera.cylindrica","Scorpiurus.muricatus"
"P4","Adelidae.sp1","Scorpiurus.muricatus"
"P4","Anaspis.sp1","Scorpiurus.muricatus"
"P4","Ancistrocerus.biphaleratus","Scorpiurus.muricatus"
"P4","Andrena.djelfensis","Scorpiurus.muricatus"
"P4","Andrena.flavipes","Scorpiurus.muricatus"
"P4","Andrena.lepida","Scorpiurus.muricatus"
"P4","Andrena.nigroaenea","Scorpiurus.muricatus"
"P4","Andrena.senecionis","Scorpiurus.muricatus"
"P4","Anthaxia.millefolii","Scorpiurus.muricatus"
"P4","Anthaxia.scutullaris","Scorpiurus.muricatus"
"P4","Anthaxia.spinolae","Scorpiurus.muricatus"
"P4","Anthophora.dispar","Scorpiurus.muricatus"
"P4","Anthrenus.sp1","Scorpiurus.muricatus"
"P4","Apis.mellifera","Scorpiurus.muricatus"
"P4","Aplocnemus.calidus","Scorpiurus.muricatus"
"P4","Athalia.bicolor","Scorpiurus.muricatus"
"P4","Bombus.terrestris","Scorpiurus.muricatus"
"P4","Bruchidius.pusillus","Scorpiurus.muricatus"
"P4","Bruchidius.seminarius","Scorpiurus.muricatus"
"P4","Bruchidius.villosus","Scorpiurus.muricatus"
"P4","Clytus.rhamni","Scorpiurus.muricatus"
"P4","Danacea.longiceps","Scorpiurus.muricatus"
"P4","Dasytes.nigroaeneus","Scorpiurus.muricatus"
"P4","Eristalis.tenax","Scorpiurus.muricatus"
"P4","Eumerus.argyropus","Scorpiurus.muricatus"
"P4","Halictus.gemmeus","Scorpiurus.muricatus"
"P4","Hylaeus.garrulus","Scorpiurus.muricatus"
"P4","Lasioglossum.albocinctum","Scorpiurus.muricatus"
"P4","Lasioglossum.griseolum","Scorpiurus.muricatus"
"P4","Lasioglossum.malachurum","Scorpiurus.muricatus"
"P4","Lasioglossum.mediterraneum","Scorpiurus.muricatus"
"P4","Lasioglossum.subhirtum","Scorpiurus.muricatus"
"P4","Lasioglossum.transitorium","Scorpiurus.muricatus"
"P4","Lobonyx.aeneus","Scorpiurus.muricatus"
"P4","Meligethes.sp1","Scorpiurus.muricatus"
"P4","Merodon.funestus","Scorpiurus.muricatus"
"P4","Minoa.murinata","Scorpiurus.muricatus"
"P4","Mordellistena.sp1","Scorpiurus.muricatus"
"P4","Mordellistena.sp4","Scorpiurus.muricatus"
"P4","Normannia.esculi","Scorpiurus.muricatus"
"P4","Oedemera.flavipes","Scorpiurus.muricatus"
"P4","Osmia.gallarum","Scorpiurus.muricatus"
"P4","Osmia.rufohirta","Scorpiurus.muricatus"
"P4","Oxythyrea.funesta","Scorpiurus.muricatus"
"P4","Panurgus.dentipes","Scorpiurus.muricatus"
"P4","Platynochaetus.setosus","Scorpiurus.muricatus"
"P4","Polistes.dominulus","Scorpiurus.muricatus"
"P4","Protosmia.exenterata","Scorpiurus.muricatus"
"P4","Pyronia.bathseba","Scorpiurus.muricatus"
"P4","Rhodanthidium.septemdentatum","Scorpiurus.muricatus"
"P4","Rhodanthidium.sticticum","Scorpiurus.muricatus"
"P4","Sphaerophoria.scripta","Scorpiurus.muricatus"
"P4","Sphecodes.ruficrus","Scorpiurus.muricatus"
"P4","Sphecodes.sp4","Scorpiurus.muricatus"
"P4","Stenurella.melanura","Scorpiurus.muricatus"
"P4","Trypoxylon.sp1","Scorpiurus.muricatus"
"P4","Zerynthia.rumina","Scorpiurus.muricatus"
"P4","Acmaeodera.cylindrica","Sedum.sediforme"
"P4","Adelidae.sp1","Sedum.sediforme"
"P4","Anaspis.sp1","Sedum.sediforme"
"P4","Ancistrocerus.biphaleratus","Sedum.sediforme"
"P4","Andrena.djelfensis","Sedum.sediforme"
"P4","Andrena.flavipes","Sedum.sediforme"
"P4","Andrena.lepida","Sedum.sediforme"
"P4","Andrena.nigroaenea","Sedum.sediforme"
"P4","Andrena.senecionis","Sedum.sediforme"
"P4","Anthaxia.millefolii","Sedum.sediforme"
"P4","Anthaxia.scutullaris","Sedum.sediforme"
"P4","Anthaxia.spinolae","Sedum.sediforme"
"P4","Anthophora.dispar","Sedum.sediforme"
"P4","Anthrenus.sp1","Sedum.sediforme"
"P4","Apis.mellifera","Sedum.sediforme"
"P4","Aplocnemus.calidus","Sedum.sediforme"
"P4","Athalia.bicolor","Sedum.sediforme"
"P4","Bombus.terrestris","Sedum.sediforme"
"P4","Bruchidius.pusillus","Sedum.sediforme"
"P4","Bruchidius.seminarius","Sedum.sediforme"
"P4","Bruchidius.villosus","Sedum.sediforme"
"P4","Clytus.rhamni","Sedum.sediforme"
"P4","Danacea.longiceps","Sedum.sediforme"
"P4","Dasytes.nigroaeneus","Sedum.sediforme"
"P4","Eristalis.tenax","Sedum.sediforme"
"P4","Eumerus.argyropus","Sedum.sediforme"
"P4","Halictus.gemmeus","Sedum.sediforme"
"P4","Hylaeus.garrulus","Sedum.sediforme"
"P4","Lasioglossum.albocinctum","Sedum.sediforme"
"P4","Lasioglossum.griseolum","Sedum.sediforme"
"P4","Lasioglossum.malachurum","Sedum.sediforme"
"P4","Lasioglossum.mediterraneum","Sedum.sediforme"
"P4","Lasioglossum.subhirtum","Sedum.sediforme"
"P4","Lasioglossum.transitorium","Sedum.sediforme"
"P4","Lobonyx.aeneus","Sedum.sediforme"
"P4","Meligethes.sp1","Sedum.sediforme"
"P4","Merodon.funestus","Sedum.sediforme"
"P4","Minoa.murinata","Sedum.sediforme"
"P4","Mordellistena.sp1","Sedum.sediforme"
"P4","Mordellistena.sp4","Sedum.sediforme"
"P4","Normannia.esculi","Sedum.sediforme"
"P4","Oedemera.flavipes","Sedum.sediforme"
"P4","Osmia.gallarum","Sedum.sediforme"
"P4","Osmia.rufohirta","Sedum.sediforme"
"P4","Oxythyrea.funesta","Sedum.sediforme"
"P4","Panurgus.dentipes","Sedum.sediforme"
"P4","Platynochaetus.setosus","Sedum.sediforme"
"P4","Polistes.dominulus","Sedum.sediforme"
"P4","Protosmia.exenterata","Sedum.sediforme"
"P4","Pyronia.bathseba","Sedum.sediforme"
"P4","Rhodanthidium.septemdentatum","Sedum.sediforme"
"P4","Rhodanthidium.sticticum","Sedum.sediforme"
"P4","Sphaerophoria.scripta","Sedum.sediforme"
"P4","Sphecodes.ruficrus","Sedum.sediforme"
"P4","Sphecodes.sp4","Sedum.sediforme"
"P4","Stenurella.melanura","Sedum.sediforme"
"P4","Trypoxylon.sp1","Sedum.sediforme"
"P4","Zerynthia.rumina","Sedum.sediforme"
"P4","Acmaeodera.cylindrica","Thymus.vulgaris"
"P4","Adelidae.sp1","Thymus.vulgaris"
"P4","Anaspis.sp1","Thymus.vulgaris"
"P4","Ancistrocerus.biphaleratus","Thymus.vulgaris"
"P4","Andrena.djelfensis","Thymus.vulgaris"
"P4","Andrena.flavipes","Thymus.vulgaris"
"P4","Andrena.lepida","Thymus.vulgaris"
"P4","Andrena.nigroaenea","Thymus.vulgaris"
"P4","Andrena.senecionis","Thymus.vulgaris"
"P4","Anthaxia.millefolii","Thymus.vulgaris"
"P4","Anthaxia.scutullaris","Thymus.vulgaris"
"P4","Anthaxia.spinolae","Thymus.vulgaris"
"P4","Anthophora.dispar","Thymus.vulgaris"
"P4","Anthrenus.sp1","Thymus.vulgaris"
"P4","Apis.mellifera","Thymus.vulgaris"
"P4","Aplocnemus.calidus","Thymus.vulgaris"
"P4","Athalia.bicolor","Thymus.vulgaris"
"P4","Bombus.terrestris","Thymus.vulgaris"
"P4","Bruchidius.pusillus","Thymus.vulgaris"
"P4","Bruchidius.seminarius","Thymus.vulgaris"
"P4","Bruchidius.villosus","Thymus.vulgaris"
"P4","Clytus.rhamni","Thymus.vulgaris"
"P4","Danacea.longiceps","Thymus.vulgaris"
"P4","Dasytes.nigroaeneus","Thymus.vulgaris"
"P4","Eristalis.tenax","Thymus.vulgaris"
"P4","Eumerus.argyropus","Thymus.vulgaris"
"P4","Halictus.gemmeus","Thymus.vulgaris"
"P4","Hylaeus.garrulus","Thymus.vulgaris"
"P4","Lasioglossum.albocinctum","Thymus.vulgaris"
"P4","Lasioglossum.griseolum","Thymus.vulgaris"
"P4","Lasioglossum.malachurum","Thymus.vulgaris"
"P4","Lasioglossum.mediterraneum","Thymus.vulgaris"
"P4","Lasioglossum.subhirtum","Thymus.vulgaris"
"P4","Lasioglossum.transitorium","Thymus.vulgaris"
"P4","Lobonyx.aeneus","Thymus.vulgaris"
"P4","Meligethes.sp1","Thymus.vulgaris"
"P4","Merodon.funestus","Thymus.vulgaris"
"P4","Minoa.murinata","Thymus.vulgaris"
"P4","Mordellistena.sp1","Thymus.vulgaris"
"P4","Mordellistena.sp4","Thymus.vulgaris"
"P4","Normannia.esculi","Thymus.vulgaris"
"P4","Oedemera.flavipes","Thymus.vulgaris"
"P4","Osmia.gallarum","Thymus.vulgaris"
"P4","Osmia.rufohirta","Thymus.vulgaris"
"P4","Oxythyrea.funesta","Thymus.vulgaris"
"P4","Panurgus.dentipes","Thymus.vulgaris"
"P4","Platynochaetus.setosus","Thymus.vulgaris"
"P4","Polistes.dominulus","Thymus.vulgaris"
"P4","Protosmia.exenterata","Thymus.vulgaris"
"P4","Pyronia.bathseba","Thymus.vulgaris"
"P4","Rhodanthidium.septemdentatum","Thymus.vulgaris"
"P4","Rhodanthidium.sticticum","Thymus.vulgaris"
"P4","Sphaerophoria.scripta","Thymus.vulgaris"
"P4","Sphecodes.ruficrus","Thymus.vulgaris"
"P4","Sphecodes.sp4","Thymus.vulgaris"
"P4","Stenurella.melanura","Thymus.vulgaris"
"P4","Trypoxylon.sp1","Thymus.vulgaris"
"P4","Zerynthia.rumina","Thymus.vulgaris"
"P5","Adelidae.sp1","Gladiolus.illyricus"
"P5","Anaspis.sp1","Gladiolus.illyricus"
"P5","Andrena.djelfensis","Gladiolus.illyricus"
"P5","Andrena.nigroaenea","Gladiolus.illyricus"
"P5","Andrena.senecionis","Gladiolus.illyricus"
"P5","Anthaxia.scutullaris","Gladiolus.illyricus"
"P5","Apis.mellifera","Gladiolus.illyricus"
"P5","Aplocnemus.calidus","Gladiolus.illyricus"
"P5","Bombus.terrestris","Gladiolus.illyricus"
"P5","Chrysotoxum.cautum","Gladiolus.illyricus"
"P5","Clanoptilus.abdominalis","Gladiolus.illyricus"
"P5","Danacea.longiceps","Gladiolus.illyricus"
"P5","Dasytes.nigroaeneus","Gladiolus.illyricus"
"P5","Hylaeus.hyalinatus","Gladiolus.illyricus"
"P5","Lasioglossum.albocinctum","Gladiolus.illyricus"
"P5","Lasioglossum.bimaculatum","Gladiolus.illyricus"
"P5","Lasioglossum.griseolum","Gladiolus.illyricus"
"P5","Lasioglossum.malachurum","Gladiolus.illyricus"
"P5","Lasioglossum.subhirtum","Gladiolus.illyricus"
"P5","Lasioglossum.transitorium","Gladiolus.illyricus"
"P5","Lobonyx.aeneus","Gladiolus.illyricus"
"P5","Megachile.pyrenaica","Gladiolus.illyricus"
"P5","Meligethes.sp1","Gladiolus.illyricus"
"P5","Merodon.funestus","Gladiolus.illyricus"
"P5","Minoa.murinata","Gladiolus.illyricus"
"P5","Mordellistena.sp1","Gladiolus.illyricus"
"P5","Oedemera.flavipes","Gladiolus.illyricus"
"P5","Osmia.melanogaster/leaiana","Gladiolus.illyricus"
"P5","Osmia.nasoproducta","Gladiolus.illyricus"
"P5","Osmia.rufohirta","Gladiolus.illyricus"
"P5","Oxythyrea.funesta","Gladiolus.illyricus"
"P5","Platynochaetus.setosus","Gladiolus.illyricus"
"P5","Polistes.dominulus","Gladiolus.illyricus"
"P5","Protosmia.exenterata","Gladiolus.illyricus"
"P5","Pyronia.bathseba","Gladiolus.illyricus"
"P5","Rhodanthidium.septemdentatum","Gladiolus.illyricus"
"P5","Rhodanthidium.sticticum","Gladiolus.illyricus"
"P5","Smaragdina.diversipes","Gladiolus.illyricus"
"P5","Tropinota.sp1","Gladiolus.illyricus"
"P5","Adelidae.sp1","Rosmarinus.officinalis"
"P5","Anaspis.sp1","Rosmarinus.officinalis"
"P5","Andrena.djelfensis","Rosmarinus.officinalis"
"P5","Andrena.nigroaenea","Rosmarinus.officinalis"
"P5","Andrena.senecionis","Rosmarinus.officinalis"
"P5","Anthaxia.scutullaris","Rosmarinus.officinalis"
"P5","Apis.mellifera","Rosmarinus.officinalis"
"P5","Aplocnemus.calidus","Rosmarinus.officinalis"
"P5","Bombus.terrestris","Rosmarinus.officinalis"
"P5","Chrysotoxum.cautum","Rosmarinus.officinalis"
"P5","Clanoptilus.abdominalis","Rosmarinus.officinalis"
"P5","Danacea.longiceps","Rosmarinus.officinalis"
"P5","Dasytes.nigroaeneus","Rosmarinus.officinalis"
"P5","Hylaeus.hyalinatus","Rosmarinus.officinalis"
"P5","Lasioglossum.albocinctum","Rosmarinus.officinalis"
"P5","Lasioglossum.bimaculatum","Rosmarinus.officinalis"
"P5","Lasioglossum.griseolum","Rosmarinus.officinalis"
"P5","Lasioglossum.malachurum","Rosmarinus.officinalis"
"P5","Lasioglossum.subhirtum","Rosmarinus.officinalis"
"P5","Lasioglossum.transitorium","Rosmarinus.officinalis"
"P5","Lobonyx.aeneus","Rosmarinus.officinalis"
"P5","Megachile.pyrenaica","Rosmarinus.officinalis"
"P5","Meligethes.sp1","Rosmarinus.officinalis"
"P5","Merodon.funestus","Rosmarinus.officinalis"
"P5","Minoa.murinata","Rosmarinus.officinalis"
"P5","Mordellistena.sp1","Rosmarinus.officinalis"
"P5","Oedemera.flavipes","Rosmarinus.officinalis"
"P5","Osmia.melanogaster/leaiana","Rosmarinus.officinalis"
"P5","Osmia.nasoproducta","Rosmarinus.officinalis"
"P5","Osmia.rufohirta","Rosmarinus.officinalis"
"P5","Oxythyrea.funesta","Rosmarinus.officinalis"
"P5","Platynochaetus.setosus","Rosmarinus.officinalis"
"P5","Polistes.dominulus","Rosmarinus.officinalis"
"P5","Protosmia.exenterata","Rosmarinus.officinalis"
"P5","Pyronia.bathseba","Rosmarinus.officinalis"
"P5","Rhodanthidium.septemdentatum","Rosmarinus.officinalis"
"P5","Rhodanthidium.sticticum","Rosmarinus.officinalis"
"P5","Smaragdina.diversipes","Rosmarinus.officinalis"
"P5","Tropinota.sp1","Rosmarinus.officinalis"
"P5","Adelidae.sp1","Sedum.sediforme"
"P5","Anaspis.sp1","Sedum.sediforme"
"P5","Andrena.djelfensis","Sedum.sediforme"
"P5","Andrena.nigroaenea","Sedum.sediforme"
"P5","Andrena.senecionis","Sedum.sediforme"
"P5","Anthaxia.scutullaris","Sedum.sediforme"
"P5","Apis.mellifera","Sedum.sediforme"
"P5","Aplocnemus.calidus","Sedum.sediforme"
"P5","Bombus.terrestris","Sedum.sediforme"
"P5","Chrysotoxum.cautum","Sedum.sediforme"
"P5","Clanoptilus.abdominalis","Sedum.sediforme"
"P5","Danacea.longiceps","Sedum.sediforme"
"P5","Dasytes.nigroaeneus","Sedum.sediforme"
"P5","Hylaeus.hyalinatus","Sedum.sediforme"
"P5","Lasioglossum.albocinctum","Sedum.sediforme"
"P5","Lasioglossum.bimaculatum","Sedum.sediforme"
"P5","Lasioglossum.griseolum","Sedum.sediforme"
"P5","Lasioglossum.malachurum","Sedum.sediforme"
"P5","Lasioglossum.subhirtum","Sedum.sediforme"
"P5","Lasioglossum.transitorium","Sedum.sediforme"
"P5","Lobonyx.aeneus","Sedum.sediforme"
"P5","Megachile.pyrenaica","Sedum.sediforme"
"P5","Meligethes.sp1","Sedum.sediforme"
"P5","Merodon.funestus","Sedum.sediforme"
"P5","Minoa.murinata","Sedum.sediforme"
"P5","Mordellistena.sp1","Sedum.sediforme"
"P5","Oedemera.flavipes","Sedum.sediforme"
"P5","Osmia.melanogaster/leaiana","Sedum.sediforme"
"P5","Osmia.nasoproducta","Sedum.sediforme"
"P5","Osmia.rufohirta","Sedum.sediforme"
"P5","Oxythyrea.funesta","Sedum.sediforme"
"P5","Platynochaetus.setosus","Sedum.sediforme"
"P5","Polistes.dominulus","Sedum.sediforme"
"P5","Protosmia.exenterata","Sedum.sediforme"
"P5","Pyronia.bathseba","Sedum.sediforme"
"P5","Rhodanthidium.septemdentatum","Sedum.sediforme"
"P5","Rhodanthidium.sticticum","Sedum.sediforme"
"P5","Smaragdina.diversipes","Sedum.sediforme"
"P5","Tropinota.sp1","Sedum.sediforme"
"P5","Adelidae.sp1","Thymus.vulgaris"
"P5","Anaspis.sp1","Thymus.vulgaris"
"P5","Andrena.djelfensis","Thymus.vulgaris"
"P5","Andrena.nigroaenea","Thymus.vulgaris"
"P5","Andrena.senecionis","Thymus.vulgaris"
"P5","Anthaxia.scutullaris","Thymus.vulgaris"
"P5","Apis.mellifera","Thymus.vulgaris"
"P5","Aplocnemus.calidus","Thymus.vulgaris"
"P5","Bombus.terrestris","Thymus.vulgaris"
"P5","Chrysotoxum.cautum","Thymus.vulgaris"
"P5","Clanoptilus.abdominalis","Thymus.vulgaris"
"P5","Danacea.longiceps","Thymus.vulgaris"
"P5","Dasytes.nigroaeneus","Thymus.vulgaris"
"P5","Hylaeus.hyalinatus","Thymus.vulgaris"
"P5","Lasioglossum.albocinctum","Thymus.vulgaris"
"P5","Lasioglossum.bimaculatum","Thymus.vulgaris"
"P5","Lasioglossum.griseolum","Thymus.vulgaris"
"P5","Lasioglossum.malachurum","Thymus.vulgaris"
"P5","Lasioglossum.subhirtum","Thymus.vulgaris"
"P5","Lasioglossum.transitorium","Thymus.vulgaris"
"P5","Lobonyx.aeneus","Thymus.vulgaris"
"P5","Megachile.pyrenaica","Thymus.vulgaris"
"P5","Meligethes.sp1","Thymus.vulgaris"
"P5","Merodon.funestus","Thymus.vulgaris"
"P5","Minoa.murinata","Thymus.vulgaris"
"P5","Mordellistena.sp1","Thymus.vulgaris"
"P5","Oedemera.flavipes","Thymus.vulgaris"
"P5","Osmia.melanogaster/leaiana","Thymus.vulgaris"
"P5","Osmia.nasoproducta","Thymus.vulgaris"
"P5","Osmia.rufohirta","Thymus.vulgaris"
"P5","Oxythyrea.funesta","Thymus.vulgaris"
"P5","Platynochaetus.setosus","Thymus.vulgaris"
"P5","Polistes.dominulus","Thymus.vulgaris"
"P5","Protosmia.exenterata","Thymus.vulgaris"
"P5","Pyronia.bathseba","Thymus.vulgaris"
"P5","Rhodanthidium.septemdentatum","Thymus.vulgaris"
"P5","Rhodanthidium.sticticum","Thymus.vulgaris"
"P5","Smaragdina.diversipes","Thymus.vulgaris"
"P5","Tropinota.sp1","Thymus.vulgaris"
"P6","Adelidae.sp1","Aphyllanthes.monspeliensis"
"P6","Anaspis.sp1","Aphyllanthes.monspeliensis"
"P6","Andrena.angustior","Aphyllanthes.monspeliensis"
"P6","Andrena.djelfensis","Aphyllanthes.monspeliensis"
"P6","Andrena.lepida","Aphyllanthes.monspeliensis"
"P6","Andrena.nigroaenea","Aphyllanthes.monspeliensis"
"P6","Andrena.senecionis","Aphyllanthes.monspeliensis"
"P6","Anthaxia.millefolii","Aphyllanthes.monspeliensis"
"P6","Anthaxia.spinolae","Aphyllanthes.monspeliensis"
"P6","Anthophora.dispar","Aphyllanthes.monspeliensis"
"P6","Apis.mellifera","Aphyllanthes.monspeliensis"
"P6","Aplocnemus.calidus","Aphyllanthes.monspeliensis"
"P6","Attalus.pictus","Aphyllanthes.monspeliensis"
"P6","Bombus.terrestris","Aphyllanthes.monspeliensis"
"P6","Chrysotoxum.cautum","Aphyllanthes.monspeliensis"
"P6","Clanoptilus.abdominalis","Aphyllanthes.monspeliensis"
"P6","Clytus.rhamni","Aphyllanthes.monspeliensis"
"P6","Danacea.longiceps","Aphyllanthes.monspeliensis"
"P6","Dasytes.nigroaeneus","Aphyllanthes.monspeliensis"
"P6","Eucera.nigrilabris","Aphyllanthes.monspeliensis"
"P6","Eumerus.argyropus","Aphyllanthes.monspeliensis"
"P6","Hylaeus.taeniolatus","Aphyllanthes.monspeliensis"
"P6","Lasioglossum.albocinctum","Aphyllanthes.monspeliensis"
"P6","Lasioglossum.bimaculatum","Aphyllanthes.monspeliensis"
"P6","Lasioglossum.griseolum","Aphyllanthes.monspeliensis"
"P6","Lasioglossum.malachurum","Aphyllanthes.monspeliensis"
"P6","Lasioglossum.subhirtum","Aphyllanthes.monspeliensis"
"P6","Lasioglossum.transitorium","Aphyllanthes.monspeliensis"
"P6","Lobonyx.aeneus","Aphyllanthes.monspeliensis"
"P6","Megachile.pyrenaica","Aphyllanthes.monspeliensis"
"P6","Meligethes.sp1","Aphyllanthes.monspeliensis"
"P6","Mordellistena.sp1","Aphyllanthes.monspeliensis"
"P6","Nomada.hispanica","Aphyllanthes.monspeliensis"
"P6","Oedemera.flavipes","Aphyllanthes.monspeliensis"
"P6","Oxythyrea.funesta","Aphyllanthes.monspeliensis"
"P6","Platynochaetus.setosus","Aphyllanthes.monspeliensis"
"P6","Protosmia.exenterata","Aphyllanthes.monspeliensis"
"P6","Pyronia.bathseba","Aphyllanthes.monspeliensis"
"P6","Rhodanthidium.septemdentatum","Aphyllanthes.monspeliensis"
"P6","Rhodanthidium.sticticum","Aphyllanthes.monspeliensis"
"P6","Smaragdina.diversipes","Aphyllanthes.monspeliensis"
"P6","Tropinota.sp1","Aphyllanthes.monspeliensis"
"P6","Tropinota.squalida","Aphyllanthes.monspeliensis"
"P6","Zygaena.sp1","Aphyllanthes.monspeliensis"
"P6","Adelidae.sp1","Centaurea.linifolia."
"P6","Anaspis.sp1","Centaurea.linifolia."
"P6","Andrena.angustior","Centaurea.linifolia."
"P6","Andrena.djelfensis","Centaurea.linifolia."
"P6","Andrena.lepida","Centaurea.linifolia."
"P6","Andrena.nigroaenea","Centaurea.linifolia."
"P6","Andrena.senecionis","Centaurea.linifolia."
"P6","Anthaxia.millefolii","Centaurea.linifolia."
"P6","Anthaxia.spinolae","Centaurea.linifolia."
"P6","Anthophora.dispar","Centaurea.linifolia."
"P6","Apis.mellifera","Centaurea.linifolia."
"P6","Aplocnemus.calidus","Centaurea.linifolia."
"P6","Attalus.pictus","Centaurea.linifolia."
"P6","Bombus.terrestris","Centaurea.linifolia."
"P6","Chrysotoxum.cautum","Centaurea.linifolia."
"P6","Clanoptilus.abdominalis","Centaurea.linifolia."
"P6","Clytus.rhamni","Centaurea.linifolia."
"P6","Danacea.longiceps","Centaurea.linifolia."
"P6","Dasytes.nigroaeneus","Centaurea.linifolia."
"P6","Eucera.nigrilabris","Centaurea.linifolia."
"P6","Eumerus.argyropus","Centaurea.linifolia."
"P6","Hylaeus.taeniolatus","Centaurea.linifolia."
"P6","Lasioglossum.albocinctum","Centaurea.linifolia."
"P6","Lasioglossum.bimaculatum","Centaurea.linifolia."
"P6","Lasioglossum.griseolum","Centaurea.linifolia."
"P6","Lasioglossum.malachurum","Centaurea.linifolia."
"P6","Lasioglossum.subhirtum","Centaurea.linifolia."
"P6","Lasioglossum.transitorium","Centaurea.linifolia."
"P6","Lobonyx.aeneus","Centaurea.linifolia."
"P6","Megachile.pyrenaica","Centaurea.linifolia."
"P6","Meligethes.sp1","Centaurea.linifolia."
"P6","Mordellistena.sp1","Centaurea.linifolia."
"P6","Nomada.hispanica","Centaurea.linifolia."
"P6","Oedemera.flavipes","Centaurea.linifolia."
"P6","Oxythyrea.funesta","Centaurea.linifolia."
"P6","Platynochaetus.setosus","Centaurea.linifolia."
"P6","Protosmia.exenterata","Centaurea.linifolia."
"P6","Pyronia.bathseba","Centaurea.linifolia."
"P6","Rhodanthidium.septemdentatum","Centaurea.linifolia."
"P6","Rhodanthidium.sticticum","Centaurea.linifolia."
"P6","Smaragdina.diversipes","Centaurea.linifolia."
"P6","Tropinota.sp1","Centaurea.linifolia."
"P6","Tropinota.squalida","Centaurea.linifolia."
"P6","Zygaena.sp1","Centaurea.linifolia."
"P6","Adelidae.sp1","Rosmarinus.officinalis"
"P6","Anaspis.sp1","Rosmarinus.officinalis"
"P6","Andrena.angustior","Rosmarinus.officinalis"
"P6","Andrena.djelfensis","Rosmarinus.officinalis"
"P6","Andrena.lepida","Rosmarinus.officinalis"
"P6","Andrena.nigroaenea","Rosmarinus.officinalis"
"P6","Andrena.senecionis","Rosmarinus.officinalis"
"P6","Anthaxia.millefolii","Rosmarinus.officinalis"
"P6","Anthaxia.spinolae","Rosmarinus.officinalis"
"P6","Anthophora.dispar","Rosmarinus.officinalis"
"P6","Apis.mellifera","Rosmarinus.officinalis"
"P6","Aplocnemus.calidus","Rosmarinus.officinalis"
"P6","Attalus.pictus","Rosmarinus.officinalis"
"P6","Bombus.terrestris","Rosmarinus.officinalis"
"P6","Chrysotoxum.cautum","Rosmarinus.officinalis"
"P6","Clanoptilus.abdominalis","Rosmarinus.officinalis"
"P6","Clytus.rhamni","Rosmarinus.officinalis"
"P6","Danacea.longiceps","Rosmarinus.officinalis"
"P6","Dasytes.nigroaeneus","Rosmarinus.officinalis"
"P6","Eucera.nigrilabris","Rosmarinus.officinalis"
"P6","Eumerus.argyropus","Rosmarinus.officinalis"
"P6","Hylaeus.taeniolatus","Rosmarinus.officinalis"
"P6","Lasioglossum.albocinctum","Rosmarinus.officinalis"
"P6","Lasioglossum.bimaculatum","Rosmarinus.officinalis"
"P6","Lasioglossum.griseolum","Rosmarinus.officinalis"
"P6","Lasioglossum.malachurum","Rosmarinus.officinalis"
"P6","Lasioglossum.subhirtum","Rosmarinus.officinalis"
"P6","Lasioglossum.transitorium","Rosmarinus.officinalis"
"P6","Lobonyx.aeneus","Rosmarinus.officinalis"
"P6","Megachile.pyrenaica","Rosmarinus.officinalis"
"P6","Meligethes.sp1","Rosmarinus.officinalis"
"P6","Mordellistena.sp1","Rosmarinus.officinalis"
"P6","Nomada.hispanica","Rosmarinus.officinalis"
"P6","Oedemera.flavipes","Rosmarinus.officinalis"
"P6","Oxythyrea.funesta","Rosmarinus.officinalis"
"P6","Platynochaetus.setosus","Rosmarinus.officinalis"
"P6","Protosmia.exenterata","Rosmarinus.officinalis"
"P6","Pyronia.bathseba","Rosmarinus.officinalis"
"P6","Rhodanthidium.septemdentatum","Rosmarinus.officinalis"
"P6","Rhodanthidium.sticticum","Rosmarinus.officinalis"
"P6","Smaragdina.diversipes","Rosmarinus.officinalis"
"P6","Tropinota.sp1","Rosmarinus.officinalis"
"P6","Tropinota.squalida","Rosmarinus.officinalis"
"P6","Zygaena.sp1","Rosmarinus.officinalis"
"P6","Adelidae.sp1","Thymus.vulgaris"
"P6","Anaspis.sp1","Thymus.vulgaris"
"P6","Andrena.angustior","Thymus.vulgaris"
"P6","Andrena.djelfensis","Thymus.vulgaris"
"P6","Andrena.lepida","Thymus.vulgaris"
"P6","Andrena.nigroaenea","Thymus.vulgaris"
"P6","Andrena.senecionis","Thymus.vulgaris"
"P6","Anthaxia.millefolii","Thymus.vulgaris"
"P6","Anthaxia.spinolae","Thymus.vulgaris"
"P6","Anthophora.dispar","Thymus.vulgaris"
"P6","Apis.mellifera","Thymus.vulgaris"
"P6","Aplocnemus.calidus","Thymus.vulgaris"
"P6","Attalus.pictus","Thymus.vulgaris"
"P6","Bombus.terrestris","Thymus.vulgaris"
"P6","Chrysotoxum.cautum","Thymus.vulgaris"
"P6","Clanoptilus.abdominalis","Thymus.vulgaris"
"P6","Clytus.rhamni","Thymus.vulgaris"
"P6","Danacea.longiceps","Thymus.vulgaris"
"P6","Dasytes.nigroaeneus","Thymus.vulgaris"
"P6","Eucera.nigrilabris","Thymus.vulgaris"
"P6","Eumerus.argyropus","Thymus.vulgaris"
"P6","Hylaeus.taeniolatus","Thymus.vulgaris"
"P6","Lasioglossum.albocinctum","Thymus.vulgaris"
"P6","Lasioglossum.bimaculatum","Thymus.vulgaris"
"P6","Lasioglossum.griseolum","Thymus.vulgaris"
"P6","Lasioglossum.malachurum","Thymus.vulgaris"
"P6","Lasioglossum.subhirtum","Thymus.vulgaris"
"P6","Lasioglossum.transitorium","Thymus.vulgaris"
"P6","Lobonyx.aeneus","Thymus.vulgaris"
"P6","Megachile.pyrenaica","Thymus.vulgaris"
"P6","Meligethes.sp1","Thymus.vulgaris"
"P6","Mordellistena.sp1","Thymus.vulgaris"
"P6","Nomada.hispanica","Thymus.vulgaris"
"P6","Oedemera.flavipes","Thymus.vulgaris"
"P6","Oxythyrea.funesta","Thymus.vulgaris"
"P6","Platynochaetus.setosus","Thymus.vulgaris"
"P6","Protosmia.exenterata","Thymus.vulgaris"
"P6","Pyronia.bathseba","Thymus.vulgaris"
"P6","Rhodanthidium.septemdentatum","Thymus.vulgaris"
"P6","Rhodanthidium.sticticum","Thymus.vulgaris"
"P6","Smaragdina.diversipes","Thymus.vulgaris"
"P6","Tropinota.sp1","Thymus.vulgaris"
"P6","Tropinota.squalida","Thymus.vulgaris"
"P6","Zygaena.sp1","Thymus.vulgaris"
"P7","Acmaeodera.cylindrica","Aphyllanthes.monspeliensis"
"P7","Anaspis.sp1","Aphyllanthes.monspeliensis"
"P7","Andrena.djelfensis","Aphyllanthes.monspeliensis"
"P7","Andrena.lepida","Aphyllanthes.monspeliensis"
"P7","Andrena.limata","Aphyllanthes.monspeliensis"
"P7","Andrena.nigroaenea","Aphyllanthes.monspeliensis"
"P7","Andrena.senecionis","Aphyllanthes.monspeliensis"
"P7","Anthaxia.millefolii","Aphyllanthes.monspeliensis"
"P7","Anthaxia.scutullaris","Aphyllanthes.monspeliensis"
"P7","Anthaxia.spinolae","Aphyllanthes.monspeliensis"
"P7","Anthophora.dispar","Aphyllanthes.monspeliensis"
"P7","Anthrenus.sp1","Aphyllanthes.monspeliensis"
"P7","Apis.mellifera","Aphyllanthes.monspeliensis"
"P7","Aplocnemus.calidus","Aphyllanthes.monspeliensis"
"P7","Bombus.terrestris","Aphyllanthes.monspeliensis"
"P7","Bruchidius.obscuripes","Aphyllanthes.monspeliensis"
"P7","Bruchus.viciae","Aphyllanthes.monspeliensis"
"P7","Chrysotoxum.cautum","Aphyllanthes.monspeliensis"
"P7","Clanoptilus.abdominalis","Aphyllanthes.monspeliensis"
"P7","Clytus.rhamni","Aphyllanthes.monspeliensis"
"P7","Danacea.longiceps","Aphyllanthes.monspeliensis"
"P7","Dasytes.nigroaeneus","Aphyllanthes.monspeliensis"
"P7","Eucera.collaris","Aphyllanthes.monspeliensis"
"P7","Eucera.nigrilabris","Aphyllanthes.monspeliensis"
"P7","Eumerus.argyropus","Aphyllanthes.monspeliensis"
"P7","Halictus.scabiosae","Aphyllanthes.monspeliensis"
"P7","Hylaeus.garrulus","Aphyllanthes.monspeliensis"
"P7","Lasioglossum.albocinctum","Aphyllanthes.monspeliensis"
"P7","Lasioglossum.bimaculatum","Aphyllanthes.monspeliensis"
"P7","Lasioglossum.griseolum","Aphyllanthes.monspeliensis"
"P7","Lasioglossum.malachurum","Aphyllanthes.monspeliensis"
"P7","Lasioglossum.subhirtum","Aphyllanthes.monspeliensis"
"P7","Lasioglossum.transitorium","Aphyllanthes.monspeliensis"
"P7","Lobonyx.aeneus","Aphyllanthes.monspeliensis"
"P7","Megachile.pyrenaica","Aphyllanthes.monspeliensis"
"P7","Meligethes.sp1","Aphyllanthes.monspeliensis"
"P7","Merodon.funestus","Aphyllanthes.monspeliensis"
"P7","Mordellistena.sp1","Aphyllanthes.monspeliensis"
"P7","Nomada.sheppardana","Aphyllanthes.monspeliensis"
"P7","Oedemera.flavipes","Aphyllanthes.monspeliensis"
"P7","Osmia.melanogaster/leaiana","Aphyllanthes.monspeliensis"
"P7","Osmia.rufohirta","Aphyllanthes.monspeliensis"
"P7","Oxythyrea.funesta","Aphyllanthes.monspeliensis"
"P7","Panurgus.dentipes","Aphyllanthes.monspeliensis"
"P7","Platynochaetus.setosus","Aphyllanthes.monspeliensis"
"P7","Protosmia.exenterata","Aphyllanthes.monspeliensis"
"P7","Pyronia.bathseba","Aphyllanthes.monspeliensis"
"P7","Rhodanthidium.septemdentatum","Aphyllanthes.monspeliensis"
"P7","Rhodanthidium.sticticum","Aphyllanthes.monspeliensis"
"P7","Sphecodes.puncticeps","Aphyllanthes.monspeliensis"
"P7","Stenurella.melanura","Aphyllanthes.monspeliensis"
"P7","Tropinota.sp1","Aphyllanthes.monspeliensis"
"P7","Tropinota.squalida","Aphyllanthes.monspeliensis"
"P7","Trypoxylon.sp1","Aphyllanthes.monspeliensis"
"P7","Acmaeodera.cylindrica","Biscutella.laevigata"
"P7","Anaspis.sp1","Biscutella.laevigata"
"P7","Andrena.djelfensis","Biscutella.laevigata"
"P7","Andrena.lepida","Biscutella.laevigata"
"P7","Andrena.limata","Biscutella.laevigata"
"P7","Andrena.nigroaenea","Biscutella.laevigata"
"P7","Andrena.senecionis","Biscutella.laevigata"
"P7","Anthaxia.millefolii","Biscutella.laevigata"
"P7","Anthaxia.scutullaris","Biscutella.laevigata"
"P7","Anthaxia.spinolae","Biscutella.laevigata"
"P7","Anthophora.dispar","Biscutella.laevigata"
"P7","Anthrenus.sp1","Biscutella.laevigata"
"P7","Apis.mellifera","Biscutella.laevigata"
"P7","Aplocnemus.calidus","Biscutella.laevigata"
"P7","Bombus.terrestris","Biscutella.laevigata"
"P7","Bruchidius.obscuripes","Biscutella.laevigata"
"P7","Bruchus.viciae","Biscutella.laevigata"
"P7","Chrysotoxum.cautum","Biscutella.laevigata"
"P7","Clanoptilus.abdominalis","Biscutella.laevigata"
"P7","Clytus.rhamni","Biscutella.laevigata"
"P7","Danacea.longiceps","Biscutella.laevigata"
"P7","Dasytes.nigroaeneus","Biscutella.laevigata"
"P7","Eucera.collaris","Biscutella.laevigata"
"P7","Eucera.nigrilabris","Biscutella.laevigata"
"P7","Eumerus.argyropus","Biscutella.laevigata"
"P7","Halictus.scabiosae","Biscutella.laevigata"
"P7","Hylaeus.garrulus","Biscutella.laevigata"
"P7","Lasioglossum.albocinctum","Biscutella.laevigata"
"P7","Lasioglossum.bimaculatum","Biscutella.laevigata"
"P7","Lasioglossum.griseolum","Biscutella.laevigata"
"P7","Lasioglossum.malachurum","Biscutella.laevigata"
"P7","Lasioglossum.subhirtum","Biscutella.laevigata"
"P7","Lasioglossum.transitorium","Biscutella.laevigata"
"P7","Lobonyx.aeneus","Biscutella.laevigata"
"P7","Megachile.pyrenaica","Biscutella.laevigata"
"P7","Meligethes.sp1","Biscutella.laevigata"
"P7","Merodon.funestus","Biscutella.laevigata"
"P7","Mordellistena.sp1","Biscutella.laevigata"
"P7","Nomada.sheppardana","Biscutella.laevigata"
"P7","Oedemera.flavipes","Biscutella.laevigata"
"P7","Osmia.melanogaster/leaiana","Biscutella.laevigata"
"P7","Osmia.rufohirta","Biscutella.laevigata"
"P7","Oxythyrea.funesta","Biscutella.laevigata"
"P7","Panurgus.dentipes","Biscutella.laevigata"
"P7","Platynochaetus.setosus","Biscutella.laevigata"
"P7","Protosmia.exenterata","Biscutella.laevigata"
"P7","Pyronia.bathseba","Biscutella.laevigata"
"P7","Rhodanthidium.septemdentatum","Biscutella.laevigata"
"P7","Rhodanthidium.sticticum","Biscutella.laevigata"
"P7","Sphecodes.puncticeps","Biscutella.laevigata"
"P7","Stenurella.melanura","Biscutella.laevigata"
"P7","Tropinota.sp1","Biscutella.laevigata"
"P7","Tropinota.squalida","Biscutella.laevigata"
"P7","Trypoxylon.sp1","Biscutella.laevigata"
"P7","Acmaeodera.cylindrica","Dorycnium.pentaphyllum"
"P7","Anaspis.sp1","Dorycnium.pentaphyllum"
"P7","Andrena.djelfensis","Dorycnium.pentaphyllum"
"P7","Andrena.lepida","Dorycnium.pentaphyllum"
"P7","Andrena.limata","Dorycnium.pentaphyllum"
"P7","Andrena.nigroaenea","Dorycnium.pentaphyllum"
"P7","Andrena.senecionis","Dorycnium.pentaphyllum"
"P7","Anthaxia.millefolii","Dorycnium.pentaphyllum"
"P7","Anthaxia.scutullaris","Dorycnium.pentaphyllum"
"P7","Anthaxia.spinolae","Dorycnium.pentaphyllum"
"P7","Anthophora.dispar","Dorycnium.pentaphyllum"
"P7","Anthrenus.sp1","Dorycnium.pentaphyllum"
"P7","Apis.mellifera","Dorycnium.pentaphyllum"
"P7","Aplocnemus.calidus","Dorycnium.pentaphyllum"
"P7","Bombus.terrestris","Dorycnium.pentaphyllum"
"P7","Bruchidius.obscuripes","Dorycnium.pentaphyllum"
"P7","Bruchus.viciae","Dorycnium.pentaphyllum"
"P7","Chrysotoxum.cautum","Dorycnium.pentaphyllum"
"P7","Clanoptilus.abdominalis","Dorycnium.pentaphyllum"
"P7","Clytus.rhamni","Dorycnium.pentaphyllum"
"P7","Danacea.longiceps","Dorycnium.pentaphyllum"
"P7","Dasytes.nigroaeneus","Dorycnium.pentaphyllum"
"P7","Eucera.collaris","Dorycnium.pentaphyllum"
"P7","Eucera.nigrilabris","Dorycnium.pentaphyllum"
"P7","Eumerus.argyropus","Dorycnium.pentaphyllum"
"P7","Halictus.scabiosae","Dorycnium.pentaphyllum"
"P7","Hylaeus.garrulus","Dorycnium.pentaphyllum"
"P7","Lasioglossum.albocinctum","Dorycnium.pentaphyllum"
"P7","Lasioglossum.bimaculatum","Dorycnium.pentaphyllum"
"P7","Lasioglossum.griseolum","Dorycnium.pentaphyllum"
"P7","Lasioglossum.malachurum","Dorycnium.pentaphyllum"
"P7","Lasioglossum.subhirtum","Dorycnium.pentaphyllum"
"P7","Lasioglossum.transitorium","Dorycnium.pentaphyllum"
"P7","Lobonyx.aeneus","Dorycnium.pentaphyllum"
"P7","Megachile.pyrenaica","Dorycnium.pentaphyllum"
"P7","Meligethes.sp1","Dorycnium.pentaphyllum"
"P7","Merodon.funestus","Dorycnium.pentaphyllum"
"P7","Mordellistena.sp1","Dorycnium.pentaphyllum"
"P7","Nomada.sheppardana","Dorycnium.pentaphyllum"
"P7","Oedemera.flavipes","Dorycnium.pentaphyllum"
"P7","Osmia.melanogaster/leaiana","Dorycnium.pentaphyllum"
"P7","Osmia.rufohirta","Dorycnium.pentaphyllum"
"P7","Oxythyrea.funesta","Dorycnium.pentaphyllum"
"P7","Panurgus.dentipes","Dorycnium.pentaphyllum"
"P7","Platynochaetus.setosus","Dorycnium.pentaphyllum"
"P7","Protosmia.exenterata","Dorycnium.pentaphyllum"
"P7","Pyronia.bathseba","Dorycnium.pentaphyllum"
"P7","Rhodanthidium.septemdentatum","Dorycnium.pentaphyllum"
"P7","Rhodanthidium.sticticum","Dorycnium.pentaphyllum"
"P7","Sphecodes.puncticeps","Dorycnium.pentaphyllum"
"P7","Stenurella.melanura","Dorycnium.pentaphyllum"
"P7","Tropinota.sp1","Dorycnium.pentaphyllum"
"P7","Tropinota.squalida","Dorycnium.pentaphyllum"
"P7","Trypoxylon.sp1","Dorycnium.pentaphyllum"
"P7","Acmaeodera.cylindrica","Euphorbia.flavicoma"
"P7","Anaspis.sp1","Euphorbia.flavicoma"
"P7","Andrena.djelfensis","Euphorbia.flavicoma"
"P7","Andrena.lepida","Euphorbia.flavicoma"
"P7","Andrena.limata","Euphorbia.flavicoma"
"P7","Andrena.nigroaenea","Euphorbia.flavicoma"
"P7","Andrena.senecionis","Euphorbia.flavicoma"
"P7","Anthaxia.millefolii","Euphorbia.flavicoma"
"P7","Anthaxia.scutullaris","Euphorbia.flavicoma"
"P7","Anthaxia.spinolae","Euphorbia.flavicoma"
"P7","Anthophora.dispar","Euphorbia.flavicoma"
"P7","Anthrenus.sp1","Euphorbia.flavicoma"
"P7","Apis.mellifera","Euphorbia.flavicoma"
"P7","Aplocnemus.calidus","Euphorbia.flavicoma"
"P7","Bombus.terrestris","Euphorbia.flavicoma"
"P7","Bruchidius.obscuripes","Euphorbia.flavicoma"
"P7","Bruchus.viciae","Euphorbia.flavicoma"
"P7","Chrysotoxum.cautum","Euphorbia.flavicoma"
"P7","Clanoptilus.abdominalis","Euphorbia.flavicoma"
"P7","Clytus.rhamni","Euphorbia.flavicoma"
"P7","Danacea.longiceps","Euphorbia.flavicoma"
"P7","Dasytes.nigroaeneus","Euphorbia.flavicoma"
"P7","Eucera.collaris","Euphorbia.flavicoma"
"P7","Eucera.nigrilabris","Euphorbia.flavicoma"
"P7","Eumerus.argyropus","Euphorbia.flavicoma"
"P7","Halictus.scabiosae","Euphorbia.flavicoma"
"P7","Hylaeus.garrulus","Euphorbia.flavicoma"
"P7","Lasioglossum.albocinctum","Euphorbia.flavicoma"
"P7","Lasioglossum.bimaculatum","Euphorbia.flavicoma"
"P7","Lasioglossum.griseolum","Euphorbia.flavicoma"
"P7","Lasioglossum.malachurum","Euphorbia.flavicoma"
"P7","Lasioglossum.subhirtum","Euphorbia.flavicoma"
"P7","Lasioglossum.transitorium","Euphorbia.flavicoma"
"P7","Lobonyx.aeneus","Euphorbia.flavicoma"
"P7","Megachile.pyrenaica","Euphorbia.flavicoma"
"P7","Meligethes.sp1","Euphorbia.flavicoma"
"P7","Merodon.funestus","Euphorbia.flavicoma"
"P7","Mordellistena.sp1","Euphorbia.flavicoma"
"P7","Nomada.sheppardana","Euphorbia.flavicoma"
"P7","Oedemera.flavipes","Euphorbia.flavicoma"
"P7","Osmia.melanogaster/leaiana","Euphorbia.flavicoma"
"P7","Osmia.rufohirta","Euphorbia.flavicoma"
"P7","Oxythyrea.funesta","Euphorbia.flavicoma"
"P7","Panurgus.dentipes","Euphorbia.flavicoma"
"P7","Platynochaetus.setosus","Euphorbia.flavicoma"
"P7","Protosmia.exenterata","Euphorbia.flavicoma"
"P7","Pyronia.bathseba","Euphorbia.flavicoma"
"P7","Rhodanthidium.septemdentatum","Euphorbia.flavicoma"
"P7","Rhodanthidium.sticticum","Euphorbia.flavicoma"
"P7","Sphecodes.puncticeps","Euphorbia.flavicoma"
"P7","Stenurella.melanura","Euphorbia.flavicoma"
"P7","Tropinota.sp1","Euphorbia.flavicoma"
"P7","Tropinota.squalida","Euphorbia.flavicoma"
"P7","Trypoxylon.sp1","Euphorbia.flavicoma"
"P7","Acmaeodera.cylindrica","Helianthemum.oelandicum.spp.italicum"
"P7","Anaspis.sp1","Helianthemum.oelandicum.spp.italicum"
"P7","Andrena.djelfensis","Helianthemum.oelandicum.spp.italicum"
"P7","Andrena.lepida","Helianthemum.oelandicum.spp.italicum"
"P7","Andrena.limata","Helianthemum.oelandicum.spp.italicum"
"P7","Andrena.nigroaenea","Helianthemum.oelandicum.spp.italicum"
"P7","Andrena.senecionis","Helianthemum.oelandicum.spp.italicum"
"P7","Anthaxia.millefolii","Helianthemum.oelandicum.spp.italicum"
"P7","Anthaxia.scutullaris","Helianthemum.oelandicum.spp.italicum"
"P7","Anthaxia.spinolae","Helianthemum.oelandicum.spp.italicum"
"P7","Anthophora.dispar","Helianthemum.oelandicum.spp.italicum"
"P7","Anthrenus.sp1","Helianthemum.oelandicum.spp.italicum"
"P7","Apis.mellifera","Helianthemum.oelandicum.spp.italicum"
"P7","Aplocnemus.calidus","Helianthemum.oelandicum.spp.italicum"
"P7","Bombus.terrestris","Helianthemum.oelandicum.spp.italicum"
"P7","Bruchidius.obscuripes","Helianthemum.oelandicum.spp.italicum"
"P7","Bruchus.viciae","Helianthemum.oelandicum.spp.italicum"
"P7","Chrysotoxum.cautum","Helianthemum.oelandicum.spp.italicum"
"P7","Clanoptilus.abdominalis","Helianthemum.oelandicum.spp.italicum"
"P7","Clytus.rhamni","Helianthemum.oelandicum.spp.italicum"
"P7","Danacea.longiceps","Helianthemum.oelandicum.spp.italicum"
"P7","Dasytes.nigroaeneus","Helianthemum.oelandicum.spp.italicum"
"P7","Eucera.collaris","Helianthemum.oelandicum.spp.italicum"
"P7","Eucera.nigrilabris","Helianthemum.oelandicum.spp.italicum"
"P7","Eumerus.argyropus","Helianthemum.oelandicum.spp.italicum"
"P7","Halictus.scabiosae","Helianthemum.oelandicum.spp.italicum"
"P7","Hylaeus.garrulus","Helianthemum.oelandicum.spp.italicum"
"P7","Lasioglossum.albocinctum","Helianthemum.oelandicum.spp.italicum"
"P7","Lasioglossum.bimaculatum","Helianthemum.oelandicum.spp.italicum"
"P7","Lasioglossum.griseolum","Helianthemum.oelandicum.spp.italicum"
"P7","Lasioglossum.malachurum","Helianthemum.oelandicum.spp.italicum"
"P7","Lasioglossum.subhirtum","Helianthemum.oelandicum.spp.italicum"
"P7","Lasioglossum.transitorium","Helianthemum.oelandicum.spp.italicum"
"P7","Lobonyx.aeneus","Helianthemum.oelandicum.spp.italicum"
"P7","Megachile.pyrenaica","Helianthemum.oelandicum.spp.italicum"
"P7","Meligethes.sp1","Helianthemum.oelandicum.spp.italicum"
"P7","Merodon.funestus","Helianthemum.oelandicum.spp.italicum"
"P7","Mordellistena.sp1","Helianthemum.oelandicum.spp.italicum"
"P7","Nomada.sheppardana","Helianthemum.oelandicum.spp.italicum"
"P7","Oedemera.flavipes","Helianthemum.oelandicum.spp.italicum"
"P7","Osmia.melanogaster/leaiana","Helianthemum.oelandicum.spp.italicum"
"P7","Osmia.rufohirta","Helianthemum.oelandicum.spp.italicum"
"P7","Oxythyrea.funesta","Helianthemum.oelandicum.spp.italicum"
"P7","Panurgus.dentipes","Helianthemum.oelandicum.spp.italicum"
"P7","Platynochaetus.setosus","Helianthemum.oelandicum.spp.italicum"
"P7","Protosmia.exenterata","Helianthemum.oelandicum.spp.italicum"
"P7","Pyronia.bathseba","Helianthemum.oelandicum.spp.italicum"
"P7","Rhodanthidium.septemdentatum","Helianthemum.oelandicum.spp.italicum"
"P7","Rhodanthidium.sticticum","Helianthemum.oelandicum.spp.italicum"
"P7","Sphecodes.puncticeps","Helianthemum.oelandicum.spp.italicum"
"P7","Stenurella.melanura","Helianthemum.oelandicum.spp.italicum"
"P7","Tropinota.sp1","Helianthemum.oelandicum.spp.italicum"
"P7","Tropinota.squalida","Helianthemum.oelandicum.spp.italicum"
"P7","Trypoxylon.sp1","Helianthemum.oelandicum.spp.italicum"
"P7","Acmaeodera.cylindrica","Rosmarinus.officinalis"
"P7","Anaspis.sp1","Rosmarinus.officinalis"
"P7","Andrena.djelfensis","Rosmarinus.officinalis"
"P7","Andrena.lepida","Rosmarinus.officinalis"
"P7","Andrena.limata","Rosmarinus.officinalis"
"P7","Andrena.nigroaenea","Rosmarinus.officinalis"
"P7","Andrena.senecionis","Rosmarinus.officinalis"
"P7","Anthaxia.millefolii","Rosmarinus.officinalis"
"P7","Anthaxia.scutullaris","Rosmarinus.officinalis"
"P7","Anthaxia.spinolae","Rosmarinus.officinalis"
"P7","Anthophora.dispar","Rosmarinus.officinalis"
"P7","Anthrenus.sp1","Rosmarinus.officinalis"
"P7","Apis.mellifera","Rosmarinus.officinalis"
"P7","Aplocnemus.calidus","Rosmarinus.officinalis"
"P7","Bombus.terrestris","Rosmarinus.officinalis"
"P7","Bruchidius.obscuripes","Rosmarinus.officinalis"
"P7","Bruchus.viciae","Rosmarinus.officinalis"
"P7","Chrysotoxum.cautum","Rosmarinus.officinalis"
"P7","Clanoptilus.abdominalis","Rosmarinus.officinalis"
"P7","Clytus.rhamni","Rosmarinus.officinalis"
"P7","Danacea.longiceps","Rosmarinus.officinalis"
"P7","Dasytes.nigroaeneus","Rosmarinus.officinalis"
"P7","Eucera.collaris","Rosmarinus.officinalis"
"P7","Eucera.nigrilabris","Rosmarinus.officinalis"
"P7","Eumerus.argyropus","Rosmarinus.officinalis"
"P7","Halictus.scabiosae","Rosmarinus.officinalis"
"P7","Hylaeus.garrulus","Rosmarinus.officinalis"
"P7","Lasioglossum.albocinctum","Rosmarinus.officinalis"
"P7","Lasioglossum.bimaculatum","Rosmarinus.officinalis"
"P7","Lasioglossum.griseolum","Rosmarinus.officinalis"
"P7","Lasioglossum.malachurum","Rosmarinus.officinalis"
"P7","Lasioglossum.subhirtum","Rosmarinus.officinalis"
"P7","Lasioglossum.transitorium","Rosmarinus.officinalis"
"P7","Lobonyx.aeneus","Rosmarinus.officinalis"
"P7","Megachile.pyrenaica","Rosmarinus.officinalis"
"P7","Meligethes.sp1","Rosmarinus.officinalis"
"P7","Merodon.funestus","Rosmarinus.officinalis"
"P7","Mordellistena.sp1","Rosmarinus.officinalis"
"P7","Nomada.sheppardana","Rosmarinus.officinalis"
"P7","Oedemera.flavipes","Rosmarinus.officinalis"
"P7","Osmia.melanogaster/leaiana","Rosmarinus.officinalis"
"P7","Osmia.rufohirta","Rosmarinus.officinalis"
"P7","Oxythyrea.funesta","Rosmarinus.officinalis"
"P7","Panurgus.dentipes","Rosmarinus.officinalis"
"P7","Platynochaetus.setosus","Rosmarinus.officinalis"
"P7","Protosmia.exenterata","Rosmarinus.officinalis"
"P7","Pyronia.bathseba","Rosmarinus.officinalis"
"P7","Rhodanthidium.septemdentatum","Rosmarinus.officinalis"
"P7","Rhodanthidium.sticticum","Rosmarinus.officinalis"
"P7","Sphecodes.puncticeps","Rosmarinus.officinalis"
"P7","Stenurella.melanura","Rosmarinus.officinalis"
"P7","Tropinota.sp1","Rosmarinus.officinalis"
"P7","Tropinota.squalida","Rosmarinus.officinalis"
"P7","Trypoxylon.sp1","Rosmarinus.officinalis"
"P7","Acmaeodera.cylindrica","Sedum.sediforme"
"P7","Anaspis.sp1","Sedum.sediforme"
"P7","Andrena.djelfensis","Sedum.sediforme"
"P7","Andrena.lepida","Sedum.sediforme"
"P7","Andrena.limata","Sedum.sediforme"
"P7","Andrena.nigroaenea","Sedum.sediforme"
"P7","Andrena.senecionis","Sedum.sediforme"
"P7","Anthaxia.millefolii","Sedum.sediforme"
"P7","Anthaxia.scutullaris","Sedum.sediforme"
"P7","Anthaxia.spinolae","Sedum.sediforme"
"P7","Anthophora.dispar","Sedum.sediforme"
"P7","Anthrenus.sp1","Sedum.sediforme"
"P7","Apis.mellifera","Sedum.sediforme"
"P7","Aplocnemus.calidus","Sedum.sediforme"
"P7","Bombus.terrestris","Sedum.sediforme"
"P7","Bruchidius.obscuripes","Sedum.sediforme"
"P7","Bruchus.viciae","Sedum.sediforme"
"P7","Chrysotoxum.cautum","Sedum.sediforme"
"P7","Clanoptilus.abdominalis","Sedum.sediforme"
"P7","Clytus.rhamni","Sedum.sediforme"
"P7","Danacea.longiceps","Sedum.sediforme"
"P7","Dasytes.nigroaeneus","Sedum.sediforme"
"P7","Eucera.collaris","Sedum.sediforme"
"P7","Eucera.nigrilabris","Sedum.sediforme"
"P7","Eumerus.argyropus","Sedum.sediforme"
"P7","Halictus.scabiosae","Sedum.sediforme"
"P7","Hylaeus.garrulus","Sedum.sediforme"
"P7","Lasioglossum.albocinctum","Sedum.sediforme"
"P7","Lasioglossum.bimaculatum","Sedum.sediforme"
"P7","Lasioglossum.griseolum","Sedum.sediforme"
"P7","Lasioglossum.malachurum","Sedum.sediforme"
"P7","Lasioglossum.subhirtum","Sedum.sediforme"
"P7","Lasioglossum.transitorium","Sedum.sediforme"
"P7","Lobonyx.aeneus","Sedum.sediforme"
"P7","Megachile.pyrenaica","Sedum.sediforme"
"P7","Meligethes.sp1","Sedum.sediforme"
"P7","Merodon.funestus","Sedum.sediforme"
"P7","Mordellistena.sp1","Sedum.sediforme"
"P7","Nomada.sheppardana","Sedum.sediforme"
"P7","Oedemera.flavipes","Sedum.sediforme"
"P7","Osmia.melanogaster/leaiana","Sedum.sediforme"
"P7","Osmia.rufohirta","Sedum.sediforme"
"P7","Oxythyrea.funesta","Sedum.sediforme"
"P7","Panurgus.dentipes","Sedum.sediforme"
"P7","Platynochaetus.setosus","Sedum.sediforme"
"P7","Protosmia.exenterata","Sedum.sediforme"
"P7","Pyronia.bathseba","Sedum.sediforme"
"P7","Rhodanthidium.septemdentatum","Sedum.sediforme"
"P7","Rhodanthidium.sticticum","Sedum.sediforme"
"P7","Sphecodes.puncticeps","Sedum.sediforme"
"P7","Stenurella.melanura","Sedum.sediforme"
"P7","Tropinota.sp1","Sedum.sediforme"
"P7","Tropinota.squalida","Sedum.sediforme"
"P7","Trypoxylon.sp1","Sedum.sediforme"
"P7","Acmaeodera.cylindrica","Thesium.divaricatum"
"P7","Anaspis.sp1","Thesium.divaricatum"
"P7","Andrena.djelfensis","Thesium.divaricatum"
"P7","Andrena.lepida","Thesium.divaricatum"
"P7","Andrena.limata","Thesium.divaricatum"
"P7","Andrena.nigroaenea","Thesium.divaricatum"
"P7","Andrena.senecionis","Thesium.divaricatum"
"P7","Anthaxia.millefolii","Thesium.divaricatum"
"P7","Anthaxia.scutullaris","Thesium.divaricatum"
"P7","Anthaxia.spinolae","Thesium.divaricatum"
"P7","Anthophora.dispar","Thesium.divaricatum"
"P7","Anthrenus.sp1","Thesium.divaricatum"
"P7","Apis.mellifera","Thesium.divaricatum"
"P7","Aplocnemus.calidus","Thesium.divaricatum"
"P7","Bombus.terrestris","Thesium.divaricatum"
"P7","Bruchidius.obscuripes","Thesium.divaricatum"
"P7","Bruchus.viciae","Thesium.divaricatum"
"P7","Chrysotoxum.cautum","Thesium.divaricatum"
"P7","Clanoptilus.abdominalis","Thesium.divaricatum"
"P7","Clytus.rhamni","Thesium.divaricatum"
"P7","Danacea.longiceps","Thesium.divaricatum"
"P7","Dasytes.nigroaeneus","Thesium.divaricatum"
"P7","Eucera.collaris","Thesium.divaricatum"
"P7","Eucera.nigrilabris","Thesium.divaricatum"
"P7","Eumerus.argyropus","Thesium.divaricatum"
"P7","Halictus.scabiosae","Thesium.divaricatum"
"P7","Hylaeus.garrulus","Thesium.divaricatum"
"P7","Lasioglossum.albocinctum","Thesium.divaricatum"
"P7","Lasioglossum.bimaculatum","Thesium.divaricatum"
"P7","Lasioglossum.griseolum","Thesium.divaricatum"
"P7","Lasioglossum.malachurum","Thesium.divaricatum"
"P7","Lasioglossum.subhirtum","Thesium.divaricatum"
"P7","Lasioglossum.transitorium","Thesium.divaricatum"
"P7","Lobonyx.aeneus","Thesium.divaricatum"
"P7","Megachile.pyrenaica","Thesium.divaricatum"
"P7","Meligethes.sp1","Thesium.divaricatum"
"P7","Merodon.funestus","Thesium.divaricatum"
"P7","Mordellistena.sp1","Thesium.divaricatum"
"P7","Nomada.sheppardana","Thesium.divaricatum"
"P7","Oedemera.flavipes","Thesium.divaricatum"
"P7","Osmia.melanogaster/leaiana","Thesium.divaricatum"
"P7","Osmia.rufohirta","Thesium.divaricatum"
"P7","Oxythyrea.funesta","Thesium.divaricatum"
"P7","Panurgus.dentipes","Thesium.divaricatum"
"P7","Platynochaetus.setosus","Thesium.divaricatum"
"P7","Protosmia.exenterata","Thesium.divaricatum"
"P7","Pyronia.bathseba","Thesium.divaricatum"
"P7","Rhodanthidium.septemdentatum","Thesium.divaricatum"
"P7","Rhodanthidium.sticticum","Thesium.divaricatum"
"P7","Sphecodes.puncticeps","Thesium.divaricatum"
"P7","Stenurella.melanura","Thesium.divaricatum"
"P7","Tropinota.sp1","Thesium.divaricatum"
"P7","Tropinota.squalida","Thesium.divaricatum"
"P7","Trypoxylon.sp1","Thesium.divaricatum"
"P7","Acmaeodera.cylindrica","Thymus.vulgaris"
"P7","Anaspis.sp1","Thymus.vulgaris"
"P7","Andrena.djelfensis","Thymus.vulgaris"
"P7","Andrena.lepida","Thymus.vulgaris"
"P7","Andrena.limata","Thymus.vulgaris"
"P7","Andrena.nigroaenea","Thymus.vulgaris"
"P7","Andrena.senecionis","Thymus.vulgaris"
"P7","Anthaxia.millefolii","Thymus.vulgaris"
"P7","Anthaxia.scutullaris","Thymus.vulgaris"
"P7","Anthaxia.spinolae","Thymus.vulgaris"
"P7","Anthophora.dispar","Thymus.vulgaris"
"P7","Anthrenus.sp1","Thymus.vulgaris"
"P7","Apis.mellifera","Thymus.vulgaris"
"P7","Aplocnemus.calidus","Thymus.vulgaris"
"P7","Bombus.terrestris","Thymus.vulgaris"
"P7","Bruchidius.obscuripes","Thymus.vulgaris"
"P7","Bruchus.viciae","Thymus.vulgaris"
"P7","Chrysotoxum.cautum","Thymus.vulgaris"
"P7","Clanoptilus.abdominalis","Thymus.vulgaris"
"P7","Clytus.rhamni","Thymus.vulgaris"
"P7","Danacea.longiceps","Thymus.vulgaris"
"P7","Dasytes.nigroaeneus","Thymus.vulgaris"
"P7","Eucera.collaris","Thymus.vulgaris"
"P7","Eucera.nigrilabris","Thymus.vulgaris"
"P7","Eumerus.argyropus","Thymus.vulgaris"
"P7","Halictus.scabiosae","Thymus.vulgaris"
"P7","Hylaeus.garrulus","Thymus.vulgaris"
"P7","Lasioglossum.albocinctum","Thymus.vulgaris"
"P7","Lasioglossum.bimaculatum","Thymus.vulgaris"
"P7","Lasioglossum.griseolum","Thymus.vulgaris"
"P7","Lasioglossum.malachurum","Thymus.vulgaris"
"P7","Lasioglossum.subhirtum","Thymus.vulgaris"
"P7","Lasioglossum.transitorium","Thymus.vulgaris"
"P7","Lobonyx.aeneus","Thymus.vulgaris"
"P7","Megachile.pyrenaica","Thymus.vulgaris"
"P7","Meligethes.sp1","Thymus.vulgaris"
"P7","Merodon.funestus","Thymus.vulgaris"
"P7","Mordellistena.sp1","Thymus.vulgaris"
"P7","Nomada.sheppardana","Thymus.vulgaris"
"P7","Oedemera.flavipes","Thymus.vulgaris"
"P7","Osmia.melanogaster/leaiana","Thymus.vulgaris"
"P7","Osmia.rufohirta","Thymus.vulgaris"
"P7","Oxythyrea.funesta","Thymus.vulgaris"
"P7","Panurgus.dentipes","Thymus.vulgaris"
"P7","Platynochaetus.setosus","Thymus.vulgaris"
"P7","Protosmia.exenterata","Thymus.vulgaris"
"P7","Pyronia.bathseba","Thymus.vulgaris"
"P7","Rhodanthidium.septemdentatum","Thymus.vulgaris"
"P7","Rhodanthidium.sticticum","Thymus.vulgaris"
"P7","Sphecodes.puncticeps","Thymus.vulgaris"
"P7","Stenurella.melanura","Thymus.vulgaris"
"P7","Tropinota.sp1","Thymus.vulgaris"
"P7","Tropinota.squalida","Thymus.vulgaris"
"P7","Trypoxylon.sp1","Thymus.vulgaris"
"P8","Acmaeodera.cylindrica","Anagallis.arvensis"
"P8","Adelidae.sp1","Anagallis.arvensis"
"P8","Anaspis.sp1","Anagallis.arvensis"
"P8","Andrena.djelfensis","Anagallis.arvensis"
"P8","Andrena.lepida","Anagallis.arvensis"
"P8","Andrena.nigroaenea","Anagallis.arvensis"
"P8","Andrena.senecionis","Anagallis.arvensis"
"P8","Andrena.vulpecula","Anagallis.arvensis"
"P8","Anthaxia.millefolii","Anagallis.arvensis"
"P8","Anthaxia.scutullaris","Anagallis.arvensis"
"P8","Anthaxia.spinolae","Anagallis.arvensis"
"P8","Anthophora.dispar","Anagallis.arvensis"
"P8","Anthrenus.sp1","Anagallis.arvensis"
"P8","Apis.mellifera","Anagallis.arvensis"
"P8","Aplocnemus.calidus","Anagallis.arvensis"
"P8","Bombus.terrestris","Anagallis.arvensis"
"P8","Callophrys.rubi","Anagallis.arvensis"
"P8","Chrysotoxum.cautum","Anagallis.arvensis"
"P8","Clanoptilus.abdominalis","Anagallis.arvensis"
"P8","Clytus.rhamni","Anagallis.arvensis"
"P8","Danacea.longiceps","Anagallis.arvensis"
"P8","Dasytes.nigroaeneus","Anagallis.arvensis"
"P8","Eristalis.tenax","Anagallis.arvensis"
"P8","Eucera.collaris","Anagallis.arvensis"
"P8","Euchloe.crameri","Anagallis.arvensis"
"P8","Eumerus.argyropus","Anagallis.arvensis"
"P8","Halictus.gemmeus","Anagallis.arvensis"
"P8","Halictus.scabiosae","Anagallis.arvensis"
"P8","Lasioglossum.albocinctum","Anagallis.arvensis"
"P8","Lasioglossum.bimaculatum","Anagallis.arvensis"
"P8","Lasioglossum.griseolum","Anagallis.arvensis"
"P8","Lasioglossum.malachurum","Anagallis.arvensis"
"P8","Lasioglossum.mediterraneum","Anagallis.arvensis"
"P8","Lasioglossum.morio","Anagallis.arvensis"
"P8","Lasioglossum.subhirtum","Anagallis.arvensis"
"P8","Lasioglossum.transitorium","Anagallis.arvensis"
"P8","Lasiommata.megera","Anagallis.arvensis"
"P8","Lobonyx.aeneus","Anagallis.arvensis"
"P8","Megachile.pyrenaica","Anagallis.arvensis"
"P8","Meligethes.sp1","Anagallis.arvensis"
"P8","Merodon.funestus","Anagallis.arvensis"
"P8","Merodon.sp7/9","Anagallis.arvensis"
"P8","Mordellistena.sp1","Anagallis.arvensis"
"P8","Mordellistena.sp4","Anagallis.arvensis"
"P8","Oedemera.flavipes","Anagallis.arvensis"
"P8","Osmia.nasoproducta","Anagallis.arvensis"
"P8","Osmia.tricornis","Anagallis.arvensis"
"P8","Oxythyrea.funesta","Anagallis.arvensis"
"P8","Panurgus.dentipes","Anagallis.arvensis"
"P8","Platynochaetus.setosus","Anagallis.arvensis"
"P8","Polistes.dominulus","Anagallis.arvensis"
"P8","Protosmia.exenterata","Anagallis.arvensis"
"P8","Pyronia.bathseba","Anagallis.arvensis"
"P8","Rhodanthidium.septemdentatum","Anagallis.arvensis"
"P8","Rhodanthidium.sticticum","Anagallis.arvensis"
"P8","Stenurella.melanura","Anagallis.arvensis"
"P8","Stenurella.nigra","Anagallis.arvensis"
"P8","Tropinota.sp1","Anagallis.arvensis"
"P8","Zygaena.sp1","Anagallis.arvensis"
"P8","Acmaeodera.cylindrica","Aphyllanthes.monspeliensis"
"P8","Adelidae.sp1","Aphyllanthes.monspeliensis"
"P8","Anaspis.sp1","Aphyllanthes.monspeliensis"
"P8","Andrena.djelfensis","Aphyllanthes.monspeliensis"
"P8","Andrena.lepida","Aphyllanthes.monspeliensis"
"P8","Andrena.nigroaenea","Aphyllanthes.monspeliensis"
"P8","Andrena.senecionis","Aphyllanthes.monspeliensis"
"P8","Andrena.vulpecula","Aphyllanthes.monspeliensis"
"P8","Anthaxia.millefolii","Aphyllanthes.monspeliensis"
"P8","Anthaxia.scutullaris","Aphyllanthes.monspeliensis"
"P8","Anthaxia.spinolae","Aphyllanthes.monspeliensis"
"P8","Anthophora.dispar","Aphyllanthes.monspeliensis"
"P8","Anthrenus.sp1","Aphyllanthes.monspeliensis"
"P8","Apis.mellifera","Aphyllanthes.monspeliensis"
"P8","Aplocnemus.calidus","Aphyllanthes.monspeliensis"
"P8","Bombus.terrestris","Aphyllanthes.monspeliensis"
"P8","Callophrys.rubi","Aphyllanthes.monspeliensis"
"P8","Chrysotoxum.cautum","Aphyllanthes.monspeliensis"
"P8","Clanoptilus.abdominalis","Aphyllanthes.monspeliensis"
"P8","Clytus.rhamni","Aphyllanthes.monspeliensis"
"P8","Danacea.longiceps","Aphyllanthes.monspeliensis"
"P8","Dasytes.nigroaeneus","Aphyllanthes.monspeliensis"
"P8","Eristalis.tenax","Aphyllanthes.monspeliensis"
"P8","Eucera.collaris","Aphyllanthes.monspeliensis"
"P8","Euchloe.crameri","Aphyllanthes.monspeliensis"
"P8","Eumerus.argyropus","Aphyllanthes.monspeliensis"
"P8","Halictus.gemmeus","Aphyllanthes.monspeliensis"
"P8","Halictus.scabiosae","Aphyllanthes.monspeliensis"
"P8","Lasioglossum.albocinctum","Aphyllanthes.monspeliensis"
"P8","Lasioglossum.bimaculatum","Aphyllanthes.monspeliensis"
"P8","Lasioglossum.griseolum","Aphyllanthes.monspeliensis"
"P8","Lasioglossum.malachurum","Aphyllanthes.monspeliensis"
"P8","Lasioglossum.mediterraneum","Aphyllanthes.monspeliensis"
"P8","Lasioglossum.morio","Aphyllanthes.monspeliensis"
"P8","Lasioglossum.subhirtum","Aphyllanthes.monspeliensis"
"P8","Lasioglossum.transitorium","Aphyllanthes.monspeliensis"
"P8","Lasiommata.megera","Aphyllanthes.monspeliensis"
"P8","Lobonyx.aeneus","Aphyllanthes.monspeliensis"
"P8","Megachile.pyrenaica","Aphyllanthes.monspeliensis"
"P8","Meligethes.sp1","Aphyllanthes.monspeliensis"
"P8","Merodon.funestus","Aphyllanthes.monspeliensis"
"P8","Merodon.sp7/9","Aphyllanthes.monspeliensis"
"P8","Mordellistena.sp1","Aphyllanthes.monspeliensis"
"P8","Mordellistena.sp4","Aphyllanthes.monspeliensis"
"P8","Oedemera.flavipes","Aphyllanthes.monspeliensis"
"P8","Osmia.nasoproducta","Aphyllanthes.monspeliensis"
"P8","Osmia.tricornis","Aphyllanthes.monspeliensis"
"P8","Oxythyrea.funesta","Aphyllanthes.monspeliensis"
"P8","Panurgus.dentipes","Aphyllanthes.monspeliensis"
"P8","Platynochaetus.setosus","Aphyllanthes.monspeliensis"
"P8","Polistes.dominulus","Aphyllanthes.monspeliensis"
"P8","Protosmia.exenterata","Aphyllanthes.monspeliensis"
"P8","Pyronia.bathseba","Aphyllanthes.monspeliensis"
"P8","Rhodanthidium.septemdentatum","Aphyllanthes.monspeliensis"
"P8","Rhodanthidium.sticticum","Aphyllanthes.monspeliensis"
"P8","Stenurella.melanura","Aphyllanthes.monspeliensis"
"P8","Stenurella.nigra","Aphyllanthes.monspeliensis"
"P8","Tropinota.sp1","Aphyllanthes.monspeliensis"
"P8","Zygaena.sp1","Aphyllanthes.monspeliensis"
"P8","Acmaeodera.cylindrica","Argyrolobium.zanonii"
"P8","Adelidae.sp1","Argyrolobium.zanonii"
"P8","Anaspis.sp1","Argyrolobium.zanonii"
"P8","Andrena.djelfensis","Argyrolobium.zanonii"
"P8","Andrena.lepida","Argyrolobium.zanonii"
"P8","Andrena.nigroaenea","Argyrolobium.zanonii"
"P8","Andrena.senecionis","Argyrolobium.zanonii"
"P8","Andrena.vulpecula","Argyrolobium.zanonii"
"P8","Anthaxia.millefolii","Argyrolobium.zanonii"
"P8","Anthaxia.scutullaris","Argyrolobium.zanonii"
"P8","Anthaxia.spinolae","Argyrolobium.zanonii"
"P8","Anthophora.dispar","Argyrolobium.zanonii"
"P8","Anthrenus.sp1","Argyrolobium.zanonii"
"P8","Apis.mellifera","Argyrolobium.zanonii"
"P8","Aplocnemus.calidus","Argyrolobium.zanonii"
"P8","Bombus.terrestris","Argyrolobium.zanonii"
"P8","Callophrys.rubi","Argyrolobium.zanonii"
"P8","Chrysotoxum.cautum","Argyrolobium.zanonii"
"P8","Clanoptilus.abdominalis","Argyrolobium.zanonii"
"P8","Clytus.rhamni","Argyrolobium.zanonii"
"P8","Danacea.longiceps","Argyrolobium.zanonii"
"P8","Dasytes.nigroaeneus","Argyrolobium.zanonii"
"P8","Eristalis.tenax","Argyrolobium.zanonii"
"P8","Eucera.collaris","Argyrolobium.zanonii"
"P8","Euchloe.crameri","Argyrolobium.zanonii"
"P8","Eumerus.argyropus","Argyrolobium.zanonii"
"P8","Halictus.gemmeus","Argyrolobium.zanonii"
"P8","Halictus.scabiosae","Argyrolobium.zanonii"
"P8","Lasioglossum.albocinctum","Argyrolobium.zanonii"
"P8","Lasioglossum.bimaculatum","Argyrolobium.zanonii"
"P8","Lasioglossum.griseolum","Argyrolobium.zanonii"
"P8","Lasioglossum.malachurum","Argyrolobium.zanonii"
"P8","Lasioglossum.mediterraneum","Argyrolobium.zanonii"
"P8","Lasioglossum.morio","Argyrolobium.zanonii"
"P8","Lasioglossum.subhirtum","Argyrolobium.zanonii"
"P8","Lasioglossum.transitorium","Argyrolobium.zanonii"
"P8","Lasiommata.megera","Argyrolobium.zanonii"
"P8","Lobonyx.aeneus","Argyrolobium.zanonii"
"P8","Megachile.pyrenaica","Argyrolobium.zanonii"
"P8","Meligethes.sp1","Argyrolobium.zanonii"
"P8","Merodon.funestus","Argyrolobium.zanonii"
"P8","Merodon.sp7/9","Argyrolobium.zanonii"
"P8","Mordellistena.sp1","Argyrolobium.zanonii"
"P8","Mordellistena.sp4","Argyrolobium.zanonii"
"P8","Oedemera.flavipes","Argyrolobium.zanonii"
"P8","Osmia.nasoproducta","Argyrolobium.zanonii"
"P8","Osmia.tricornis","Argyrolobium.zanonii"
"P8","Oxythyrea.funesta","Argyrolobium.zanonii"
"P8","Panurgus.dentipes","Argyrolobium.zanonii"
"P8","Platynochaetus.setosus","Argyrolobium.zanonii"
"P8","Polistes.dominulus","Argyrolobium.zanonii"
"P8","Protosmia.exenterata","Argyrolobium.zanonii"
"P8","Pyronia.bathseba","Argyrolobium.zanonii"
"P8","Rhodanthidium.septemdentatum","Argyrolobium.zanonii"
"P8","Rhodanthidium.sticticum","Argyrolobium.zanonii"
"P8","Stenurella.melanura","Argyrolobium.zanonii"
"P8","Stenurella.nigra","Argyrolobium.zanonii"
"P8","Tropinota.sp1","Argyrolobium.zanonii"
"P8","Zygaena.sp1","Argyrolobium.zanonii"
"P8","Acmaeodera.cylindrica","Biscutella.laevigata"
"P8","Adelidae.sp1","Biscutella.laevigata"
"P8","Anaspis.sp1","Biscutella.laevigata"
"P8","Andrena.djelfensis","Biscutella.laevigata"
"P8","Andrena.lepida","Biscutella.laevigata"
"P8","Andrena.nigroaenea","Biscutella.laevigata"
"P8","Andrena.senecionis","Biscutella.laevigata"
"P8","Andrena.vulpecula","Biscutella.laevigata"
"P8","Anthaxia.millefolii","Biscutella.laevigata"
"P8","Anthaxia.scutullaris","Biscutella.laevigata"
"P8","Anthaxia.spinolae","Biscutella.laevigata"
"P8","Anthophora.dispar","Biscutella.laevigata"
"P8","Anthrenus.sp1","Biscutella.laevigata"
"P8","Apis.mellifera","Biscutella.laevigata"
"P8","Aplocnemus.calidus","Biscutella.laevigata"
"P8","Bombus.terrestris","Biscutella.laevigata"
"P8","Callophrys.rubi","Biscutella.laevigata"
"P8","Chrysotoxum.cautum","Biscutella.laevigata"
"P8","Clanoptilus.abdominalis","Biscutella.laevigata"
"P8","Clytus.rhamni","Biscutella.laevigata"
"P8","Danacea.longiceps","Biscutella.laevigata"
"P8","Dasytes.nigroaeneus","Biscutella.laevigata"
"P8","Eristalis.tenax","Biscutella.laevigata"
"P8","Eucera.collaris","Biscutella.laevigata"
"P8","Euchloe.crameri","Biscutella.laevigata"
"P8","Eumerus.argyropus","Biscutella.laevigata"
"P8","Halictus.gemmeus","Biscutella.laevigata"
"P8","Halictus.scabiosae","Biscutella.laevigata"
"P8","Lasioglossum.albocinctum","Biscutella.laevigata"
"P8","Lasioglossum.bimaculatum","Biscutella.laevigata"
"P8","Lasioglossum.griseolum","Biscutella.laevigata"
"P8","Lasioglossum.malachurum","Biscutella.laevigata"
"P8","Lasioglossum.mediterraneum","Biscutella.laevigata"
"P8","Lasioglossum.morio","Biscutella.laevigata"
"P8","Lasioglossum.subhirtum","Biscutella.laevigata"
"P8","Lasioglossum.transitorium","Biscutella.laevigata"
"P8","Lasiommata.megera","Biscutella.laevigata"
"P8","Lobonyx.aeneus","Biscutella.laevigata"
"P8","Megachile.pyrenaica","Biscutella.laevigata"
"P8","Meligethes.sp1","Biscutella.laevigata"
"P8","Merodon.funestus","Biscutella.laevigata"
"P8","Merodon.sp7/9","Biscutella.laevigata"
"P8","Mordellistena.sp1","Biscutella.laevigata"
"P8","Mordellistena.sp4","Biscutella.laevigata"
"P8","Oedemera.flavipes","Biscutella.laevigata"
"P8","Osmia.nasoproducta","Biscutella.laevigata"
"P8","Osmia.tricornis","Biscutella.laevigata"
"P8","Oxythyrea.funesta","Biscutella.laevigata"
"P8","Panurgus.dentipes","Biscutella.laevigata"
"P8","Platynochaetus.setosus","Biscutella.laevigata"
"P8","Polistes.dominulus","Biscutella.laevigata"
"P8","Protosmia.exenterata","Biscutella.laevigata"
"P8","Pyronia.bathseba","Biscutella.laevigata"
"P8","Rhodanthidium.septemdentatum","Biscutella.laevigata"
"P8","Rhodanthidium.sticticum","Biscutella.laevigata"
"P8","Stenurella.melanura","Biscutella.laevigata"
"P8","Stenurella.nigra","Biscutella.laevigata"
"P8","Tropinota.sp1","Biscutella.laevigata"
"P8","Zygaena.sp1","Biscutella.laevigata"
"P8","Acmaeodera.cylindrica","Cistus.monspeliensis"
"P8","Adelidae.sp1","Cistus.monspeliensis"
"P8","Anaspis.sp1","Cistus.monspeliensis"
"P8","Andrena.djelfensis","Cistus.monspeliensis"
"P8","Andrena.lepida","Cistus.monspeliensis"
"P8","Andrena.nigroaenea","Cistus.monspeliensis"
"P8","Andrena.senecionis","Cistus.monspeliensis"
"P8","Andrena.vulpecula","Cistus.monspeliensis"
"P8","Anthaxia.millefolii","Cistus.monspeliensis"
"P8","Anthaxia.scutullaris","Cistus.monspeliensis"
"P8","Anthaxia.spinolae","Cistus.monspeliensis"
"P8","Anthophora.dispar","Cistus.monspeliensis"
"P8","Anthrenus.sp1","Cistus.monspeliensis"
"P8","Apis.mellifera","Cistus.monspeliensis"
"P8","Aplocnemus.calidus","Cistus.monspeliensis"
"P8","Bombus.terrestris","Cistus.monspeliensis"
"P8","Callophrys.rubi","Cistus.monspeliensis"
"P8","Chrysotoxum.cautum","Cistus.monspeliensis"
"P8","Clanoptilus.abdominalis","Cistus.monspeliensis"
"P8","Clytus.rhamni","Cistus.monspeliensis"
"P8","Danacea.longiceps","Cistus.monspeliensis"
"P8","Dasytes.nigroaeneus","Cistus.monspeliensis"
"P8","Eristalis.tenax","Cistus.monspeliensis"
"P8","Eucera.collaris","Cistus.monspeliensis"
"P8","Euchloe.crameri","Cistus.monspeliensis"
"P8","Eumerus.argyropus","Cistus.monspeliensis"
"P8","Halictus.gemmeus","Cistus.monspeliensis"
"P8","Halictus.scabiosae","Cistus.monspeliensis"
"P8","Lasioglossum.albocinctum","Cistus.monspeliensis"
"P8","Lasioglossum.bimaculatum","Cistus.monspeliensis"
"P8","Lasioglossum.griseolum","Cistus.monspeliensis"
"P8","Lasioglossum.malachurum","Cistus.monspeliensis"
"P8","Lasioglossum.mediterraneum","Cistus.monspeliensis"
"P8","Lasioglossum.morio","Cistus.monspeliensis"
"P8","Lasioglossum.subhirtum","Cistus.monspeliensis"
"P8","Lasioglossum.transitorium","Cistus.monspeliensis"
"P8","Lasiommata.megera","Cistus.monspeliensis"
"P8","Lobonyx.aeneus","Cistus.monspeliensis"
"P8","Megachile.pyrenaica","Cistus.monspeliensis"
"P8","Meligethes.sp1","Cistus.monspeliensis"
"P8","Merodon.funestus","Cistus.monspeliensis"
"P8","Merodon.sp7/9","Cistus.monspeliensis"
"P8","Mordellistena.sp1","Cistus.monspeliensis"
"P8","Mordellistena.sp4","Cistus.monspeliensis"
"P8","Oedemera.flavipes","Cistus.monspeliensis"
"P8","Osmia.nasoproducta","Cistus.monspeliensis"
"P8","Osmia.tricornis","Cistus.monspeliensis"
"P8","Oxythyrea.funesta","Cistus.monspeliensis"
"P8","Panurgus.dentipes","Cistus.monspeliensis"
"P8","Platynochaetus.setosus","Cistus.monspeliensis"
"P8","Polistes.dominulus","Cistus.monspeliensis"
"P8","Protosmia.exenterata","Cistus.monspeliensis"
"P8","Pyronia.bathseba","Cistus.monspeliensis"
"P8","Rhodanthidium.septemdentatum","Cistus.monspeliensis"
"P8","Rhodanthidium.sticticum","Cistus.monspeliensis"
"P8","Stenurella.melanura","Cistus.monspeliensis"
"P8","Stenurella.nigra","Cistus.monspeliensis"
"P8","Tropinota.sp1","Cistus.monspeliensis"
"P8","Zygaena.sp1","Cistus.monspeliensis"
"P8","Acmaeodera.cylindrica","Dorycnium.hirsutum"
"P8","Adelidae.sp1","Dorycnium.hirsutum"
"P8","Anaspis.sp1","Dorycnium.hirsutum"
"P8","Andrena.djelfensis","Dorycnium.hirsutum"
"P8","Andrena.lepida","Dorycnium.hirsutum"
"P8","Andrena.nigroaenea","Dorycnium.hirsutum"
"P8","Andrena.senecionis","Dorycnium.hirsutum"
"P8","Andrena.vulpecula","Dorycnium.hirsutum"
"P8","Anthaxia.millefolii","Dorycnium.hirsutum"
"P8","Anthaxia.scutullaris","Dorycnium.hirsutum"
"P8","Anthaxia.spinolae","Dorycnium.hirsutum"
"P8","Anthophora.dispar","Dorycnium.hirsutum"
"P8","Anthrenus.sp1","Dorycnium.hirsutum"
"P8","Apis.mellifera","Dorycnium.hirsutum"
"P8","Aplocnemus.calidus","Dorycnium.hirsutum"
"P8","Bombus.terrestris","Dorycnium.hirsutum"
"P8","Callophrys.rubi","Dorycnium.hirsutum"
"P8","Chrysotoxum.cautum","Dorycnium.hirsutum"
"P8","Clanoptilus.abdominalis","Dorycnium.hirsutum"
"P8","Clytus.rhamni","Dorycnium.hirsutum"
"P8","Danacea.longiceps","Dorycnium.hirsutum"
"P8","Dasytes.nigroaeneus","Dorycnium.hirsutum"
"P8","Eristalis.tenax","Dorycnium.hirsutum"
"P8","Eucera.collaris","Dorycnium.hirsutum"
"P8","Euchloe.crameri","Dorycnium.hirsutum"
"P8","Eumerus.argyropus","Dorycnium.hirsutum"
"P8","Halictus.gemmeus","Dorycnium.hirsutum"
"P8","Halictus.scabiosae","Dorycnium.hirsutum"
"P8","Lasioglossum.albocinctum","Dorycnium.hirsutum"
"P8","Lasioglossum.bimaculatum","Dorycnium.hirsutum"
"P8","Lasioglossum.griseolum","Dorycnium.hirsutum"
"P8","Lasioglossum.malachurum","Dorycnium.hirsutum"
"P8","Lasioglossum.mediterraneum","Dorycnium.hirsutum"
"P8","Lasioglossum.morio","Dorycnium.hirsutum"
"P8","Lasioglossum.subhirtum","Dorycnium.hirsutum"
"P8","Lasioglossum.transitorium","Dorycnium.hirsutum"
"P8","Lasiommata.megera","Dorycnium.hirsutum"
"P8","Lobonyx.aeneus","Dorycnium.hirsutum"
"P8","Megachile.pyrenaica","Dorycnium.hirsutum"
"P8","Meligethes.sp1","Dorycnium.hirsutum"
"P8","Merodon.funestus","Dorycnium.hirsutum"
"P8","Merodon.sp7/9","Dorycnium.hirsutum"
"P8","Mordellistena.sp1","Dorycnium.hirsutum"
"P8","Mordellistena.sp4","Dorycnium.hirsutum"
"P8","Oedemera.flavipes","Dorycnium.hirsutum"
"P8","Osmia.nasoproducta","Dorycnium.hirsutum"
"P8","Osmia.tricornis","Dorycnium.hirsutum"
"P8","Oxythyrea.funesta","Dorycnium.hirsutum"
"P8","Panurgus.dentipes","Dorycnium.hirsutum"
"P8","Platynochaetus.setosus","Dorycnium.hirsutum"
"P8","Polistes.dominulus","Dorycnium.hirsutum"
"P8","Protosmia.exenterata","Dorycnium.hirsutum"
"P8","Pyronia.bathseba","Dorycnium.hirsutum"
"P8","Rhodanthidium.septemdentatum","Dorycnium.hirsutum"
"P8","Rhodanthidium.sticticum","Dorycnium.hirsutum"
"P8","Stenurella.melanura","Dorycnium.hirsutum"
"P8","Stenurella.nigra","Dorycnium.hirsutum"
"P8","Tropinota.sp1","Dorycnium.hirsutum"
"P8","Zygaena.sp1","Dorycnium.hirsutum"
"P8","Acmaeodera.cylindrica","Fumana.laevipes"
"P8","Adelidae.sp1","Fumana.laevipes"
"P8","Anaspis.sp1","Fumana.laevipes"
"P8","Andrena.djelfensis","Fumana.laevipes"
"P8","Andrena.lepida","Fumana.laevipes"
"P8","Andrena.nigroaenea","Fumana.laevipes"
"P8","Andrena.senecionis","Fumana.laevipes"
"P8","Andrena.vulpecula","Fumana.laevipes"
"P8","Anthaxia.millefolii","Fumana.laevipes"
"P8","Anthaxia.scutullaris","Fumana.laevipes"
"P8","Anthaxia.spinolae","Fumana.laevipes"
"P8","Anthophora.dispar","Fumana.laevipes"
"P8","Anthrenus.sp1","Fumana.laevipes"
"P8","Apis.mellifera","Fumana.laevipes"
"P8","Aplocnemus.calidus","Fumana.laevipes"
"P8","Bombus.terrestris","Fumana.laevipes"
"P8","Callophrys.rubi","Fumana.laevipes"
"P8","Chrysotoxum.cautum","Fumana.laevipes"
"P8","Clanoptilus.abdominalis","Fumana.laevipes"
"P8","Clytus.rhamni","Fumana.laevipes"
"P8","Danacea.longiceps","Fumana.laevipes"
"P8","Dasytes.nigroaeneus","Fumana.laevipes"
"P8","Eristalis.tenax","Fumana.laevipes"
"P8","Eucera.collaris","Fumana.laevipes"
"P8","Euchloe.crameri","Fumana.laevipes"
"P8","Eumerus.argyropus","Fumana.laevipes"
"P8","Halictus.gemmeus","Fumana.laevipes"
"P8","Halictus.scabiosae","Fumana.laevipes"
"P8","Lasioglossum.albocinctum","Fumana.laevipes"
"P8","Lasioglossum.bimaculatum","Fumana.laevipes"
"P8","Lasioglossum.griseolum","Fumana.laevipes"
"P8","Lasioglossum.malachurum","Fumana.laevipes"
"P8","Lasioglossum.mediterraneum","Fumana.laevipes"
"P8","Lasioglossum.morio","Fumana.laevipes"
"P8","Lasioglossum.subhirtum","Fumana.laevipes"
"P8","Lasioglossum.transitorium","Fumana.laevipes"
"P8","Lasiommata.megera","Fumana.laevipes"
"P8","Lobonyx.aeneus","Fumana.laevipes"
"P8","Megachile.pyrenaica","Fumana.laevipes"
"P8","Meligethes.sp1","Fumana.laevipes"
"P8","Merodon.funestus","Fumana.laevipes"
"P8","Merodon.sp7/9","Fumana.laevipes"
"P8","Mordellistena.sp1","Fumana.laevipes"
"P8","Mordellistena.sp4","Fumana.laevipes"
"P8","Oedemera.flavipes","Fumana.laevipes"
"P8","Osmia.nasoproducta","Fumana.laevipes"
"P8","Osmia.tricornis","Fumana.laevipes"
"P8","Oxythyrea.funesta","Fumana.laevipes"
"P8","Panurgus.dentipes","Fumana.laevipes"
"P8","Platynochaetus.setosus","Fumana.laevipes"
"P8","Polistes.dominulus","Fumana.laevipes"
"P8","Protosmia.exenterata","Fumana.laevipes"
"P8","Pyronia.bathseba","Fumana.laevipes"
"P8","Rhodanthidium.septemdentatum","Fumana.laevipes"
"P8","Rhodanthidium.sticticum","Fumana.laevipes"
"P8","Stenurella.melanura","Fumana.laevipes"
"P8","Stenurella.nigra","Fumana.laevipes"
"P8","Tropinota.sp1","Fumana.laevipes"
"P8","Zygaena.sp1","Fumana.laevipes"
"P8","Acmaeodera.cylindrica","Gladiolus.illyricus"
"P8","Adelidae.sp1","Gladiolus.illyricus"
"P8","Anaspis.sp1","Gladiolus.illyricus"
"P8","Andrena.djelfensis","Gladiolus.illyricus"
"P8","Andrena.lepida","Gladiolus.illyricus"
"P8","Andrena.nigroaenea","Gladiolus.illyricus"
"P8","Andrena.senecionis","Gladiolus.illyricus"
"P8","Andrena.vulpecula","Gladiolus.illyricus"
"P8","Anthaxia.millefolii","Gladiolus.illyricus"
"P8","Anthaxia.scutullaris","Gladiolus.illyricus"
"P8","Anthaxia.spinolae","Gladiolus.illyricus"
"P8","Anthophora.dispar","Gladiolus.illyricus"
"P8","Anthrenus.sp1","Gladiolus.illyricus"
"P8","Apis.mellifera","Gladiolus.illyricus"
"P8","Aplocnemus.calidus","Gladiolus.illyricus"
"P8","Bombus.terrestris","Gladiolus.illyricus"
"P8","Callophrys.rubi","Gladiolus.illyricus"
"P8","Chrysotoxum.cautum","Gladiolus.illyricus"
"P8","Clanoptilus.abdominalis","Gladiolus.illyricus"
"P8","Clytus.rhamni","Gladiolus.illyricus"
"P8","Danacea.longiceps","Gladiolus.illyricus"
"P8","Dasytes.nigroaeneus","Gladiolus.illyricus"
"P8","Eristalis.tenax","Gladiolus.illyricus"
"P8","Eucera.collaris","Gladiolus.illyricus"
"P8","Euchloe.crameri","Gladiolus.illyricus"
"P8","Eumerus.argyropus","Gladiolus.illyricus"
"P8","Halictus.gemmeus","Gladiolus.illyricus"
"P8","Halictus.scabiosae","Gladiolus.illyricus"
"P8","Lasioglossum.albocinctum","Gladiolus.illyricus"
"P8","Lasioglossum.bimaculatum","Gladiolus.illyricus"
"P8","Lasioglossum.griseolum","Gladiolus.illyricus"
"P8","Lasioglossum.malachurum","Gladiolus.illyricus"
"P8","Lasioglossum.mediterraneum","Gladiolus.illyricus"
"P8","Lasioglossum.morio","Gladiolus.illyricus"
"P8","Lasioglossum.subhirtum","Gladiolus.illyricus"
"P8","Lasioglossum.transitorium","Gladiolus.illyricus"
"P8","Lasiommata.megera","Gladiolus.illyricus"
"P8","Lobonyx.aeneus","Gladiolus.illyricus"
"P8","Megachile.pyrenaica","Gladiolus.illyricus"
"P8","Meligethes.sp1","Gladiolus.illyricus"
"P8","Merodon.funestus","Gladiolus.illyricus"
"P8","Merodon.sp7/9","Gladiolus.illyricus"
"P8","Mordellistena.sp1","Gladiolus.illyricus"
"P8","Mordellistena.sp4","Gladiolus.illyricus"
"P8","Oedemera.flavipes","Gladiolus.illyricus"
"P8","Osmia.nasoproducta","Gladiolus.illyricus"
"P8","Osmia.tricornis","Gladiolus.illyricus"
"P8","Oxythyrea.funesta","Gladiolus.illyricus"
"P8","Panurgus.dentipes","Gladiolus.illyricus"
"P8","Platynochaetus.setosus","Gladiolus.illyricus"
"P8","Polistes.dominulus","Gladiolus.illyricus"
"P8","Protosmia.exenterata","Gladiolus.illyricus"
"P8","Pyronia.bathseba","Gladiolus.illyricus"
"P8","Rhodanthidium.septemdentatum","Gladiolus.illyricus"
"P8","Rhodanthidium.sticticum","Gladiolus.illyricus"
"P8","Stenurella.melanura","Gladiolus.illyricus"
"P8","Stenurella.nigra","Gladiolus.illyricus"
"P8","Tropinota.sp1","Gladiolus.illyricus"
"P8","Zygaena.sp1","Gladiolus.illyricus"
"P8","Acmaeodera.cylindrica","Helianthemum.oelandicum.spp.italicum"
"P8","Adelidae.sp1","Helianthemum.oelandicum.spp.italicum"
"P8","Anaspis.sp1","Helianthemum.oelandicum.spp.italicum"
"P8","Andrena.djelfensis","Helianthemum.oelandicum.spp.italicum"
"P8","Andrena.lepida","Helianthemum.oelandicum.spp.italicum"
"P8","Andrena.nigroaenea","Helianthemum.oelandicum.spp.italicum"
"P8","Andrena.senecionis","Helianthemum.oelandicum.spp.italicum"
"P8","Andrena.vulpecula","Helianthemum.oelandicum.spp.italicum"
"P8","Anthaxia.millefolii","Helianthemum.oelandicum.spp.italicum"
"P8","Anthaxia.scutullaris","Helianthemum.oelandicum.spp.italicum"
"P8","Anthaxia.spinolae","Helianthemum.oelandicum.spp.italicum"
"P8","Anthophora.dispar","Helianthemum.oelandicum.spp.italicum"
"P8","Anthrenus.sp1","Helianthemum.oelandicum.spp.italicum"
"P8","Apis.mellifera","Helianthemum.oelandicum.spp.italicum"
"P8","Aplocnemus.calidus","Helianthemum.oelandicum.spp.italicum"
"P8","Bombus.terrestris","Helianthemum.oelandicum.spp.italicum"
"P8","Callophrys.rubi","Helianthemum.oelandicum.spp.italicum"
"P8","Chrysotoxum.cautum","Helianthemum.oelandicum.spp.italicum"
"P8","Clanoptilus.abdominalis","Helianthemum.oelandicum.spp.italicum"
"P8","Clytus.rhamni","Helianthemum.oelandicum.spp.italicum"
"P8","Danacea.longiceps","Helianthemum.oelandicum.spp.italicum"
"P8","Dasytes.nigroaeneus","Helianthemum.oelandicum.spp.italicum"
"P8","Eristalis.tenax","Helianthemum.oelandicum.spp.italicum"
"P8","Eucera.collaris","Helianthemum.oelandicum.spp.italicum"
"P8","Euchloe.crameri","Helianthemum.oelandicum.spp.italicum"
"P8","Eumerus.argyropus","Helianthemum.oelandicum.spp.italicum"
"P8","Halictus.gemmeus","Helianthemum.oelandicum.spp.italicum"
"P8","Halictus.scabiosae","Helianthemum.oelandicum.spp.italicum"
"P8","Lasioglossum.albocinctum","Helianthemum.oelandicum.spp.italicum"
"P8","Lasioglossum.bimaculatum","Helianthemum.oelandicum.spp.italicum"
"P8","Lasioglossum.griseolum","Helianthemum.oelandicum.spp.italicum"
"P8","Lasioglossum.malachurum","Helianthemum.oelandicum.spp.italicum"
"P8","Lasioglossum.mediterraneum","Helianthemum.oelandicum.spp.italicum"
"P8","Lasioglossum.morio","Helianthemum.oelandicum.spp.italicum"
"P8","Lasioglossum.subhirtum","Helianthemum.oelandicum.spp.italicum"
"P8","Lasioglossum.transitorium","Helianthemum.oelandicum.spp.italicum"
"P8","Lasiommata.megera","Helianthemum.oelandicum.spp.italicum"
"P8","Lobonyx.aeneus","Helianthemum.oelandicum.spp.italicum"
"P8","Megachile.pyrenaica","Helianthemum.oelandicum.spp.italicum"
"P8","Meligethes.sp1","Helianthemum.oelandicum.spp.italicum"
"P8","Merodon.funestus","Helianthemum.oelandicum.spp.italicum"
"P8","Merodon.sp7/9","Helianthemum.oelandicum.spp.italicum"
"P8","Mordellistena.sp1","Helianthemum.oelandicum.spp.italicum"
"P8","Mordellistena.sp4","Helianthemum.oelandicum.spp.italicum"
"P8","Oedemera.flavipes","Helianthemum.oelandicum.spp.italicum"
"P8","Osmia.nasoproducta","Helianthemum.oelandicum.spp.italicum"
"P8","Osmia.tricornis","Helianthemum.oelandicum.spp.italicum"
"P8","Oxythyrea.funesta","Helianthemum.oelandicum.spp.italicum"
"P8","Panurgus.dentipes","Helianthemum.oelandicum.spp.italicum"
"P8","Platynochaetus.setosus","Helianthemum.oelandicum.spp.italicum"
"P8","Polistes.dominulus","Helianthemum.oelandicum.spp.italicum"
"P8","Protosmia.exenterata","Helianthemum.oelandicum.spp.italicum"
"P8","Pyronia.bathseba","Helianthemum.oelandicum.spp.italicum"
"P8","Rhodanthidium.septemdentatum","Helianthemum.oelandicum.spp.italicum"
"P8","Rhodanthidium.sticticum","Helianthemum.oelandicum.spp.italicum"
"P8","Stenurella.melanura","Helianthemum.oelandicum.spp.italicum"
"P8","Stenurella.nigra","Helianthemum.oelandicum.spp.italicum"
"P8","Tropinota.sp1","Helianthemum.oelandicum.spp.italicum"
"P8","Zygaena.sp1","Helianthemum.oelandicum.spp.italicum"
"P8","Acmaeodera.cylindrica","Muscari.neglectum"
"P8","Adelidae.sp1","Muscari.neglectum"
"P8","Anaspis.sp1","Muscari.neglectum"
"P8","Andrena.djelfensis","Muscari.neglectum"
"P8","Andrena.lepida","Muscari.neglectum"
"P8","Andrena.nigroaenea","Muscari.neglectum"
"P8","Andrena.senecionis","Muscari.neglectum"
"P8","Andrena.vulpecula","Muscari.neglectum"
"P8","Anthaxia.millefolii","Muscari.neglectum"
"P8","Anthaxia.scutullaris","Muscari.neglectum"
"P8","Anthaxia.spinolae","Muscari.neglectum"
"P8","Anthophora.dispar","Muscari.neglectum"
"P8","Anthrenus.sp1","Muscari.neglectum"
"P8","Apis.mellifera","Muscari.neglectum"
"P8","Aplocnemus.calidus","Muscari.neglectum"
"P8","Bombus.terrestris","Muscari.neglectum"
"P8","Callophrys.rubi","Muscari.neglectum"
"P8","Chrysotoxum.cautum","Muscari.neglectum"
"P8","Clanoptilus.abdominalis","Muscari.neglectum"
"P8","Clytus.rhamni","Muscari.neglectum"
"P8","Danacea.longiceps","Muscari.neglectum"
"P8","Dasytes.nigroaeneus","Muscari.neglectum"
"P8","Eristalis.tenax","Muscari.neglectum"
"P8","Eucera.collaris","Muscari.neglectum"
"P8","Euchloe.crameri","Muscari.neglectum"
"P8","Eumerus.argyropus","Muscari.neglectum"
"P8","Halictus.gemmeus","Muscari.neglectum"
"P8","Halictus.scabiosae","Muscari.neglectum"
"P8","Lasioglossum.albocinctum","Muscari.neglectum"
"P8","Lasioglossum.bimaculatum","Muscari.neglectum"
"P8","Lasioglossum.griseolum","Muscari.neglectum"
"P8","Lasioglossum.malachurum","Muscari.neglectum"
"P8","Lasioglossum.mediterraneum","Muscari.neglectum"
"P8","Lasioglossum.morio","Muscari.neglectum"
"P8","Lasioglossum.subhirtum","Muscari.neglectum"
"P8","Lasioglossum.transitorium","Muscari.neglectum"
"P8","Lasiommata.megera","Muscari.neglectum"
"P8","Lobonyx.aeneus","Muscari.neglectum"
"P8","Megachile.pyrenaica","Muscari.neglectum"
"P8","Meligethes.sp1","Muscari.neglectum"
"P8","Merodon.funestus","Muscari.neglectum"
"P8","Merodon.sp7/9","Muscari.neglectum"
"P8","Mordellistena.sp1","Muscari.neglectum"
"P8","Mordellistena.sp4","Muscari.neglectum"
"P8","Oedemera.flavipes","Muscari.neglectum"
"P8","Osmia.nasoproducta","Muscari.neglectum"
"P8","Osmia.tricornis","Muscari.neglectum"
"P8","Oxythyrea.funesta","Muscari.neglectum"
"P8","Panurgus.dentipes","Muscari.neglectum"
"P8","Platynochaetus.setosus","Muscari.neglectum"
"P8","Polistes.dominulus","Muscari.neglectum"
"P8","Protosmia.exenterata","Muscari.neglectum"
"P8","Pyronia.bathseba","Muscari.neglectum"
"P8","Rhodanthidium.septemdentatum","Muscari.neglectum"
"P8","Rhodanthidium.sticticum","Muscari.neglectum"
"P8","Stenurella.melanura","Muscari.neglectum"
"P8","Stenurella.nigra","Muscari.neglectum"
"P8","Tropinota.sp1","Muscari.neglectum"
"P8","Zygaena.sp1","Muscari.neglectum"
"P8","Acmaeodera.cylindrica","Ononis.minutissima"
"P8","Adelidae.sp1","Ononis.minutissima"
"P8","Anaspis.sp1","Ononis.minutissima"
"P8","Andrena.djelfensis","Ononis.minutissima"
"P8","Andrena.lepida","Ononis.minutissima"
"P8","Andrena.nigroaenea","Ononis.minutissima"
"P8","Andrena.senecionis","Ononis.minutissima"
"P8","Andrena.vulpecula","Ononis.minutissima"
"P8","Anthaxia.millefolii","Ononis.minutissima"
"P8","Anthaxia.scutullaris","Ononis.minutissima"
"P8","Anthaxia.spinolae","Ononis.minutissima"
"P8","Anthophora.dispar","Ononis.minutissima"
"P8","Anthrenus.sp1","Ononis.minutissima"
"P8","Apis.mellifera","Ononis.minutissima"
"P8","Aplocnemus.calidus","Ononis.minutissima"
"P8","Bombus.terrestris","Ononis.minutissima"
"P8","Callophrys.rubi","Ononis.minutissima"
"P8","Chrysotoxum.cautum","Ononis.minutissima"
"P8","Clanoptilus.abdominalis","Ononis.minutissima"
"P8","Clytus.rhamni","Ononis.minutissima"
"P8","Danacea.longiceps","Ononis.minutissima"
"P8","Dasytes.nigroaeneus","Ononis.minutissima"
"P8","Eristalis.tenax","Ononis.minutissima"
"P8","Eucera.collaris","Ononis.minutissima"
"P8","Euchloe.crameri","Ononis.minutissima"
"P8","Eumerus.argyropus","Ononis.minutissima"
"P8","Halictus.gemmeus","Ononis.minutissima"
"P8","Halictus.scabiosae","Ononis.minutissima"
"P8","Lasioglossum.albocinctum","Ononis.minutissima"
"P8","Lasioglossum.bimaculatum","Ononis.minutissima"
"P8","Lasioglossum.griseolum","Ononis.minutissima"
"P8","Lasioglossum.malachurum","Ononis.minutissima"
"P8","Lasioglossum.mediterraneum","Ononis.minutissima"
"P8","Lasioglossum.morio","Ononis.minutissima"
"P8","Lasioglossum.subhirtum","Ononis.minutissima"
"P8","Lasioglossum.transitorium","Ononis.minutissima"
"P8","Lasiommata.megera","Ononis.minutissima"
"P8","Lobonyx.aeneus","Ononis.minutissima"
"P8","Megachile.pyrenaica","Ononis.minutissima"
"P8","Meligethes.sp1","Ononis.minutissima"
"P8","Merodon.funestus","Ononis.minutissima"
"P8","Merodon.sp7/9","Ononis.minutissima"
"P8","Mordellistena.sp1","Ononis.minutissima"
"P8","Mordellistena.sp4","Ononis.minutissima"
"P8","Oedemera.flavipes","Ononis.minutissima"
"P8","Osmia.nasoproducta","Ononis.minutissima"
"P8","Osmia.tricornis","Ononis.minutissima"
"P8","Oxythyrea.funesta","Ononis.minutissima"
"P8","Panurgus.dentipes","Ononis.minutissima"
"P8","Platynochaetus.setosus","Ononis.minutissima"
"P8","Polistes.dominulus","Ononis.minutissima"
"P8","Protosmia.exenterata","Ononis.minutissima"
"P8","Pyronia.bathseba","Ononis.minutissima"
"P8","Rhodanthidium.septemdentatum","Ononis.minutissima"
"P8","Rhodanthidium.sticticum","Ononis.minutissima"
"P8","Stenurella.melanura","Ononis.minutissima"
"P8","Stenurella.nigra","Ononis.minutissima"
"P8","Tropinota.sp1","Ononis.minutissima"
"P8","Zygaena.sp1","Ononis.minutissima"
"P8","Acmaeodera.cylindrica","Rosmarinus.officinalis"
"P8","Adelidae.sp1","Rosmarinus.officinalis"
"P8","Anaspis.sp1","Rosmarinus.officinalis"
"P8","Andrena.djelfensis","Rosmarinus.officinalis"
"P8","Andrena.lepida","Rosmarinus.officinalis"
"P8","Andrena.nigroaenea","Rosmarinus.officinalis"
"P8","Andrena.senecionis","Rosmarinus.officinalis"
"P8","Andrena.vulpecula","Rosmarinus.officinalis"
"P8","Anthaxia.millefolii","Rosmarinus.officinalis"
"P8","Anthaxia.scutullaris","Rosmarinus.officinalis"
"P8","Anthaxia.spinolae","Rosmarinus.officinalis"
"P8","Anthophora.dispar","Rosmarinus.officinalis"
"P8","Anthrenus.sp1","Rosmarinus.officinalis"
"P8","Apis.mellifera","Rosmarinus.officinalis"
"P8","Aplocnemus.calidus","Rosmarinus.officinalis"
"P8","Bombus.terrestris","Rosmarinus.officinalis"
"P8","Callophrys.rubi","Rosmarinus.officinalis"
"P8","Chrysotoxum.cautum","Rosmarinus.officinalis"
"P8","Clanoptilus.abdominalis","Rosmarinus.officinalis"
"P8","Clytus.rhamni","Rosmarinus.officinalis"
"P8","Danacea.longiceps","Rosmarinus.officinalis"
"P8","Dasytes.nigroaeneus","Rosmarinus.officinalis"
"P8","Eristalis.tenax","Rosmarinus.officinalis"
"P8","Eucera.collaris","Rosmarinus.officinalis"
"P8","Euchloe.crameri","Rosmarinus.officinalis"
"P8","Eumerus.argyropus","Rosmarinus.officinalis"
"P8","Halictus.gemmeus","Rosmarinus.officinalis"
"P8","Halictus.scabiosae","Rosmarinus.officinalis"
"P8","Lasioglossum.albocinctum","Rosmarinus.officinalis"
"P8","Lasioglossum.bimaculatum","Rosmarinus.officinalis"
"P8","Lasioglossum.griseolum","Rosmarinus.officinalis"
"P8","Lasioglossum.malachurum","Rosmarinus.officinalis"
"P8","Lasioglossum.mediterraneum","Rosmarinus.officinalis"
"P8","Lasioglossum.morio","Rosmarinus.officinalis"
"P8","Lasioglossum.subhirtum","Rosmarinus.officinalis"
"P8","Lasioglossum.transitorium","Rosmarinus.officinalis"
"P8","Lasiommata.megera","Rosmarinus.officinalis"
"P8","Lobonyx.aeneus","Rosmarinus.officinalis"
"P8","Megachile.pyrenaica","Rosmarinus.officinalis"
"P8","Meligethes.sp1","Rosmarinus.officinalis"
"P8","Merodon.funestus","Rosmarinus.officinalis"
"P8","Merodon.sp7/9","Rosmarinus.officinalis"
"P8","Mordellistena.sp1","Rosmarinus.officinalis"
"P8","Mordellistena.sp4","Rosmarinus.officinalis"
"P8","Oedemera.flavipes","Rosmarinus.officinalis"
"P8","Osmia.nasoproducta","Rosmarinus.officinalis"
"P8","Osmia.tricornis","Rosmarinus.officinalis"
"P8","Oxythyrea.funesta","Rosmarinus.officinalis"
"P8","Panurgus.dentipes","Rosmarinus.officinalis"
"P8","Platynochaetus.setosus","Rosmarinus.officinalis"
"P8","Polistes.dominulus","Rosmarinus.officinalis"
"P8","Protosmia.exenterata","Rosmarinus.officinalis"
"P8","Pyronia.bathseba","Rosmarinus.officinalis"
"P8","Rhodanthidium.septemdentatum","Rosmarinus.officinalis"
"P8","Rhodanthidium.sticticum","Rosmarinus.officinalis"
"P8","Stenurella.melanura","Rosmarinus.officinalis"
"P8","Stenurella.nigra","Rosmarinus.officinalis"
"P8","Tropinota.sp1","Rosmarinus.officinalis"
"P8","Zygaena.sp1","Rosmarinus.officinalis"
"P8","Acmaeodera.cylindrica","Thymus.vulgaris"
"P8","Adelidae.sp1","Thymus.vulgaris"
"P8","Anaspis.sp1","Thymus.vulgaris"
"P8","Andrena.djelfensis","Thymus.vulgaris"
"P8","Andrena.lepida","Thymus.vulgaris"
"P8","Andrena.nigroaenea","Thymus.vulgaris"
"P8","Andrena.senecionis","Thymus.vulgaris"
"P8","Andrena.vulpecula","Thymus.vulgaris"
"P8","Anthaxia.millefolii","Thymus.vulgaris"
"P8","Anthaxia.scutullaris","Thymus.vulgaris"
"P8","Anthaxia.spinolae","Thymus.vulgaris"
"P8","Anthophora.dispar","Thymus.vulgaris"
"P8","Anthrenus.sp1","Thymus.vulgaris"
"P8","Apis.mellifera","Thymus.vulgaris"
"P8","Aplocnemus.calidus","Thymus.vulgaris"
"P8","Bombus.terrestris","Thymus.vulgaris"
"P8","Callophrys.rubi","Thymus.vulgaris"
"P8","Chrysotoxum.cautum","Thymus.vulgaris"
"P8","Clanoptilus.abdominalis","Thymus.vulgaris"
"P8","Clytus.rhamni","Thymus.vulgaris"
"P8","Danacea.longiceps","Thymus.vulgaris"
"P8","Dasytes.nigroaeneus","Thymus.vulgaris"
"P8","Eristalis.tenax","Thymus.vulgaris"
"P8","Eucera.collaris","Thymus.vulgaris"
"P8","Euchloe.crameri","Thymus.vulgaris"
"P8","Eumerus.argyropus","Thymus.vulgaris"
"P8","Halictus.gemmeus","Thymus.vulgaris"
"P8","Halictus.scabiosae","Thymus.vulgaris"
"P8","Lasioglossum.albocinctum","Thymus.vulgaris"
"P8","Lasioglossum.bimaculatum","Thymus.vulgaris"
"P8","Lasioglossum.griseolum","Thymus.vulgaris"
"P8","Lasioglossum.malachurum","Thymus.vulgaris"
"P8","Lasioglossum.mediterraneum","Thymus.vulgaris"
"P8","Lasioglossum.morio","Thymus.vulgaris"
"P8","Lasioglossum.subhirtum","Thymus.vulgaris"
"P8","Lasioglossum.transitorium","Thymus.vulgaris"
"P8","Lasiommata.megera","Thymus.vulgaris"
"P8","Lobonyx.aeneus","Thymus.vulgaris"
"P8","Megachile.pyrenaica","Thymus.vulgaris"
"P8","Meligethes.sp1","Thymus.vulgaris"
"P8","Merodon.funestus","Thymus.vulgaris"
"P8","Merodon.sp7/9","Thymus.vulgaris"
"P8","Mordellistena.sp1","Thymus.vulgaris"
"P8","Mordellistena.sp4","Thymus.vulgaris"
"P8","Oedemera.flavipes","Thymus.vulgaris"
"P8","Osmia.nasoproducta","Thymus.vulgaris"
"P8","Osmia.tricornis","Thymus.vulgaris"
"P8","Oxythyrea.funesta","Thymus.vulgaris"
"P8","Panurgus.dentipes","Thymus.vulgaris"
"P8","Platynochaetus.setosus","Thymus.vulgaris"
"P8","Polistes.dominulus","Thymus.vulgaris"
"P8","Protosmia.exenterata","Thymus.vulgaris"
"P8","Pyronia.bathseba","Thymus.vulgaris"
"P8","Rhodanthidium.septemdentatum","Thymus.vulgaris"
"P8","Rhodanthidium.sticticum","Thymus.vulgaris"
"P8","Stenurella.melanura","Thymus.vulgaris"
"P8","Stenurella.nigra","Thymus.vulgaris"
"P8","Tropinota.sp1","Thymus.vulgaris"
"P8","Zygaena.sp1","Thymus.vulgaris"
"P9","Andrena.angustior","Aphyllanthes.monspeliensis"
"P9","Andrena.djelfensis","Aphyllanthes.monspeliensis"
"P9","Andrena.nigroaenea","Aphyllanthes.monspeliensis"
"P9","Andrena.senecionis","Aphyllanthes.monspeliensis"
"P9","Anthophora.dispar","Aphyllanthes.monspeliensis"
"P9","Anthrenus.sp1","Aphyllanthes.monspeliensis"
"P9","Bombus.pascuorum","Aphyllanthes.monspeliensis"
"P9","Callophrys.rubi","Aphyllanthes.monspeliensis"
"P9","Clytus.rhamni","Aphyllanthes.monspeliensis"
"P9","Gonepteryx.cleopatra","Aphyllanthes.monspeliensis"
"P9","Megachile.pyrenaica","Aphyllanthes.monspeliensis"
"P9","Nomada.flavoguttata","Aphyllanthes.monspeliensis"
"P9","Platynochaetus.setosus","Aphyllanthes.monspeliensis"
"P9","Pyronia.bathseba","Aphyllanthes.monspeliensis"
"P9","Rhodanthidium.septemdentatum","Aphyllanthes.monspeliensis"
"P9","Tropinota.sp1","Aphyllanthes.monspeliensis"
"P9","Tropinota.squalida","Aphyllanthes.monspeliensis"
"P9","Anaspis.sp1","Aphyllanthes.monspeliensis"
"P9","Anthophora.acervorum","Aphyllanthes.monspeliensis"
"P9","Aplocnemus.calidus","Aphyllanthes.monspeliensis"
"P9","Ceratina.cucurbitina","Aphyllanthes.monspeliensis"
"P9","Danacea.longiceps","Aphyllanthes.monspeliensis"
"P9","Eumerus.argyropus","Aphyllanthes.monspeliensis"
"P9","Meligethes.sp1","Aphyllanthes.monspeliensis"
"P9","Mordellistena.sp1","Aphyllanthes.monspeliensis"
"P9","Osmia.rufohirta","Aphyllanthes.monspeliensis"
"P9","Oxythyrea.funesta","Aphyllanthes.monspeliensis"
"P9","Stenurella.melanura","Aphyllanthes.monspeliensis"
"P9","Apis.mellifera","Aphyllanthes.monspeliensis"
"P9","Bombus.terrestris","Aphyllanthes.monspeliensis"
"P9","Dasytes.nigroaeneus","Aphyllanthes.monspeliensis"
"P9","Hylaeus.hyalinatus","Aphyllanthes.monspeliensis"
"P9","Lasioglossum.albocinctum","Aphyllanthes.monspeliensis"
"P9","Lasioglossum.bimaculatum","Aphyllanthes.monspeliensis"
"P9","Lasioglossum.malachurum","Aphyllanthes.monspeliensis"
"P9","Lasioglossum.mediterraneum","Aphyllanthes.monspeliensis"
"P9","Lasioglossum.subhirtum","Aphyllanthes.monspeliensis"
"P9","Lobonyx.aeneus","Aphyllanthes.monspeliensis"
"P9","Oedemera.flavipes","Aphyllanthes.monspeliensis"
"P9","Polistes.dominulus","Aphyllanthes.monspeliensis"
"P9","Rhodanthidium.sticticum","Aphyllanthes.monspeliensis"
"P9","Lasioglossum.transitorium","Aphyllanthes.monspeliensis"
"P9","Andrena.angustior","Dorycnium.pentaphyllum"
"P9","Andrena.djelfensis","Dorycnium.pentaphyllum"
"P9","Andrena.nigroaenea","Dorycnium.pentaphyllum"
"P9","Andrena.senecionis","Dorycnium.pentaphyllum"
"P9","Anthophora.dispar","Dorycnium.pentaphyllum"
"P9","Anthrenus.sp1","Dorycnium.pentaphyllum"
"P9","Bombus.pascuorum","Dorycnium.pentaphyllum"
"P9","Callophrys.rubi","Dorycnium.pentaphyllum"
"P9","Clytus.rhamni","Dorycnium.pentaphyllum"
"P9","Gonepteryx.cleopatra","Dorycnium.pentaphyllum"
"P9","Megachile.pyrenaica","Dorycnium.pentaphyllum"
"P9","Nomada.flavoguttata","Dorycnium.pentaphyllum"
"P9","Platynochaetus.setosus","Dorycnium.pentaphyllum"
"P9","Pyronia.bathseba","Dorycnium.pentaphyllum"
"P9","Rhodanthidium.septemdentatum","Dorycnium.pentaphyllum"
"P9","Tropinota.sp1","Dorycnium.pentaphyllum"
"P9","Tropinota.squalida","Dorycnium.pentaphyllum"
"P9","Anaspis.sp1","Dorycnium.pentaphyllum"
"P9","Anthophora.acervorum","Dorycnium.pentaphyllum"
"P9","Aplocnemus.calidus","Dorycnium.pentaphyllum"
"P9","Ceratina.cucurbitina","Dorycnium.pentaphyllum"
"P9","Danacea.longiceps","Dorycnium.pentaphyllum"
"P9","Eumerus.argyropus","Dorycnium.pentaphyllum"
"P9","Meligethes.sp1","Dorycnium.pentaphyllum"
"P9","Mordellistena.sp1","Dorycnium.pentaphyllum"
"P9","Osmia.rufohirta","Dorycnium.pentaphyllum"
"P9","Oxythyrea.funesta","Dorycnium.pentaphyllum"
"P9","Stenurella.melanura","Dorycnium.pentaphyllum"
"P9","Apis.mellifera","Dorycnium.pentaphyllum"
"P9","Bombus.terrestris","Dorycnium.pentaphyllum"
"P9","Dasytes.nigroaeneus","Dorycnium.pentaphyllum"
"P9","Hylaeus.hyalinatus","Dorycnium.pentaphyllum"
"P9","Lasioglossum.albocinctum","Dorycnium.pentaphyllum"
"P9","Lasioglossum.bimaculatum","Dorycnium.pentaphyllum"
"P9","Lasioglossum.malachurum","Dorycnium.pentaphyllum"
"P9","Lasioglossum.mediterraneum","Dorycnium.pentaphyllum"
"P9","Lasioglossum.subhirtum","Dorycnium.pentaphyllum"
"P9","Lobonyx.aeneus","Dorycnium.pentaphyllum"
"P9","Oedemera.flavipes","Dorycnium.pentaphyllum"
"P9","Polistes.dominulus","Dorycnium.pentaphyllum"
"P9","Rhodanthidium.sticticum","Dorycnium.pentaphyllum"
"P9","Lasioglossum.transitorium","Dorycnium.pentaphyllum"
"P9","Andrena.angustior","Fumana.ericifolia"
"P9","Andrena.djelfensis","Fumana.ericifolia"
"P9","Andrena.nigroaenea","Fumana.ericifolia"
"P9","Andrena.senecionis","Fumana.ericifolia"
"P9","Anthophora.dispar","Fumana.ericifolia"
"P9","Anthrenus.sp1","Fumana.ericifolia"
"P9","Bombus.pascuorum","Fumana.ericifolia"
"P9","Callophrys.rubi","Fumana.ericifolia"
"P9","Clytus.rhamni","Fumana.ericifolia"
"P9","Gonepteryx.cleopatra","Fumana.ericifolia"
"P9","Megachile.pyrenaica","Fumana.ericifolia"
"P9","Nomada.flavoguttata","Fumana.ericifolia"
"P9","Platynochaetus.setosus","Fumana.ericifolia"
"P9","Pyronia.bathseba","Fumana.ericifolia"
"P9","Rhodanthidium.septemdentatum","Fumana.ericifolia"
"P9","Tropinota.sp1","Fumana.ericifolia"
"P9","Tropinota.squalida","Fumana.ericifolia"
"P9","Anaspis.sp1","Fumana.ericifolia"
"P9","Anthophora.acervorum","Fumana.ericifolia"
"P9","Aplocnemus.calidus","Fumana.ericifolia"
"P9","Ceratina.cucurbitina","Fumana.ericifolia"
"P9","Danacea.longiceps","Fumana.ericifolia"
"P9","Eumerus.argyropus","Fumana.ericifolia"
"P9","Meligethes.sp1","Fumana.ericifolia"
"P9","Mordellistena.sp1","Fumana.ericifolia"
"P9","Osmia.rufohirta","Fumana.ericifolia"
"P9","Oxythyrea.funesta","Fumana.ericifolia"
"P9","Stenurella.melanura","Fumana.ericifolia"
"P9","Apis.mellifera","Fumana.ericifolia"
"P9","Bombus.terrestris","Fumana.ericifolia"
"P9","Dasytes.nigroaeneus","Fumana.ericifolia"
"P9","Hylaeus.hyalinatus","Fumana.ericifolia"
"P9","Lasioglossum.albocinctum","Fumana.ericifolia"
"P9","Lasioglossum.bimaculatum","Fumana.ericifolia"
"P9","Lasioglossum.malachurum","Fumana.ericifolia"
"P9","Lasioglossum.mediterraneum","Fumana.ericifolia"
"P9","Lasioglossum.subhirtum","Fumana.ericifolia"
"P9","Lobonyx.aeneus","Fumana.ericifolia"
"P9","Oedemera.flavipes","Fumana.ericifolia"
"P9","Polistes.dominulus","Fumana.ericifolia"
"P9","Rhodanthidium.sticticum","Fumana.ericifolia"
"P9","Lasioglossum.transitorium","Fumana.ericifolia"
"P9","Andrena.angustior","Galium.aparine"
"P9","Andrena.djelfensis","Galium.aparine"
"P9","Andrena.nigroaenea","Galium.aparine"
"P9","Andrena.senecionis","Galium.aparine"
"P9","Anthophora.dispar","Galium.aparine"
"P9","Anthrenus.sp1","Galium.aparine"
"P9","Bombus.pascuorum","Galium.aparine"
"P9","Callophrys.rubi","Galium.aparine"
"P9","Clytus.rhamni","Galium.aparine"
"P9","Gonepteryx.cleopatra","Galium.aparine"
"P9","Megachile.pyrenaica","Galium.aparine"
"P9","Nomada.flavoguttata","Galium.aparine"
"P9","Platynochaetus.setosus","Galium.aparine"
"P9","Pyronia.bathseba","Galium.aparine"
"P9","Rhodanthidium.septemdentatum","Galium.aparine"
"P9","Tropinota.sp1","Galium.aparine"
"P9","Tropinota.squalida","Galium.aparine"
"P9","Anaspis.sp1","Galium.aparine"
"P9","Anthophora.acervorum","Galium.aparine"
"P9","Aplocnemus.calidus","Galium.aparine"
"P9","Ceratina.cucurbitina","Galium.aparine"
"P9","Danacea.longiceps","Galium.aparine"
"P9","Eumerus.argyropus","Galium.aparine"
"P9","Meligethes.sp1","Galium.aparine"
"P9","Mordellistena.sp1","Galium.aparine"
"P9","Osmia.rufohirta","Galium.aparine"
"P9","Oxythyrea.funesta","Galium.aparine"
"P9","Stenurella.melanura","Galium.aparine"
"P9","Apis.mellifera","Galium.aparine"
"P9","Bombus.terrestris","Galium.aparine"
"P9","Dasytes.nigroaeneus","Galium.aparine"
"P9","Hylaeus.hyalinatus","Galium.aparine"
"P9","Lasioglossum.albocinctum","Galium.aparine"
"P9","Lasioglossum.bimaculatum","Galium.aparine"
"P9","Lasioglossum.malachurum","Galium.aparine"
"P9","Lasioglossum.mediterraneum","Galium.aparine"
"P9","Lasioglossum.subhirtum","Galium.aparine"
"P9","Lobonyx.aeneus","Galium.aparine"
"P9","Oedemera.flavipes","Galium.aparine"
"P9","Polistes.dominulus","Galium.aparine"
"P9","Rhodanthidium.sticticum","Galium.aparine"
"P9","Lasioglossum.transitorium","Galium.aparine"
"P9","Andrena.angustior","Helichrysum.stoechas"
"P9","Andrena.djelfensis","Helichrysum.stoechas"
"P9","Andrena.nigroaenea","Helichrysum.stoechas"
"P9","Andrena.senecionis","Helichrysum.stoechas"
"P9","Anthophora.dispar","Helichrysum.stoechas"
"P9","Anthrenus.sp1","Helichrysum.stoechas"
"P9","Bombus.pascuorum","Helichrysum.stoechas"
"P9","Callophrys.rubi","Helichrysum.stoechas"
"P9","Clytus.rhamni","Helichrysum.stoechas"
"P9","Gonepteryx.cleopatra","Helichrysum.stoechas"
"P9","Megachile.pyrenaica","Helichrysum.stoechas"
"P9","Nomada.flavoguttata","Helichrysum.stoechas"
"P9","Platynochaetus.setosus","Helichrysum.stoechas"
"P9","Pyronia.bathseba","Helichrysum.stoechas"
"P9","Rhodanthidium.septemdentatum","Helichrysum.stoechas"
"P9","Tropinota.sp1","Helichrysum.stoechas"
"P9","Tropinota.squalida","Helichrysum.stoechas"
"P9","Anaspis.sp1","Helichrysum.stoechas"
"P9","Anthophora.acervorum","Helichrysum.stoechas"
"P9","Aplocnemus.calidus","Helichrysum.stoechas"
"P9","Ceratina.cucurbitina","Helichrysum.stoechas"
"P9","Danacea.longiceps","Helichrysum.stoechas"
"P9","Eumerus.argyropus","Helichrysum.stoechas"
"P9","Meligethes.sp1","Helichrysum.stoechas"
"P9","Mordellistena.sp1","Helichrysum.stoechas"
"P9","Osmia.rufohirta","Helichrysum.stoechas"
"P9","Oxythyrea.funesta","Helichrysum.stoechas"
"P9","Stenurella.melanura","Helichrysum.stoechas"
"P9","Apis.mellifera","Helichrysum.stoechas"
"P9","Bombus.terrestris","Helichrysum.stoechas"
"P9","Dasytes.nigroaeneus","Helichrysum.stoechas"
"P9","Hylaeus.hyalinatus","Helichrysum.stoechas"
"P9","Lasioglossum.albocinctum","Helichrysum.stoechas"
"P9","Lasioglossum.bimaculatum","Helichrysum.stoechas"
"P9","Lasioglossum.malachurum","Helichrysum.stoechas"
"P9","Lasioglossum.mediterraneum","Helichrysum.stoechas"
"P9","Lasioglossum.subhirtum","Helichrysum.stoechas"
"P9","Lobonyx.aeneus","Helichrysum.stoechas"
"P9","Oedemera.flavipes","Helichrysum.stoechas"
"P9","Polistes.dominulus","Helichrysum.stoechas"
"P9","Rhodanthidium.sticticum","Helichrysum.stoechas"
"P9","Lasioglossum.transitorium","Helichrysum.stoechas"
"P9","Andrena.angustior","Ononis.minutissima"
"P9","Andrena.djelfensis","Ononis.minutissima"
"P9","Andrena.nigroaenea","Ononis.minutissima"
"P9","Andrena.senecionis","Ononis.minutissima"
"P9","Anthophora.dispar","Ononis.minutissima"
"P9","Anthrenus.sp1","Ononis.minutissima"
"P9","Bombus.pascuorum","Ononis.minutissima"
"P9","Callophrys.rubi","Ononis.minutissima"
"P9","Clytus.rhamni","Ononis.minutissima"
"P9","Gonepteryx.cleopatra","Ononis.minutissima"
"P9","Megachile.pyrenaica","Ononis.minutissima"
"P9","Nomada.flavoguttata","Ononis.minutissima"
"P9","Platynochaetus.setosus","Ononis.minutissima"
"P9","Pyronia.bathseba","Ononis.minutissima"
"P9","Rhodanthidium.septemdentatum","Ononis.minutissima"
"P9","Tropinota.sp1","Ononis.minutissima"
"P9","Tropinota.squalida","Ononis.minutissima"
"P9","Anaspis.sp1","Ononis.minutissima"
"P9","Anthophora.acervorum","Ononis.minutissima"
"P9","Aplocnemus.calidus","Ononis.minutissima"
"P9","Ceratina.cucurbitina","Ononis.minutissima"
"P9","Danacea.longiceps","Ononis.minutissima"
"P9","Eumerus.argyropus","Ononis.minutissima"
"P9","Meligethes.sp1","Ononis.minutissima"
"P9","Mordellistena.sp1","Ononis.minutissima"
"P9","Osmia.rufohirta","Ononis.minutissima"
"P9","Oxythyrea.funesta","Ononis.minutissima"
"P9","Stenurella.melanura","Ononis.minutissima"
"P9","Apis.mellifera","Ononis.minutissima"
"P9","Bombus.terrestris","Ononis.minutissima"
"P9","Dasytes.nigroaeneus","Ononis.minutissima"
"P9","Hylaeus.hyalinatus","Ononis.minutissima"
"P9","Lasioglossum.albocinctum","Ononis.minutissima"
"P9","Lasioglossum.bimaculatum","Ononis.minutissima"
"P9","Lasioglossum.malachurum","Ononis.minutissima"
"P9","Lasioglossum.mediterraneum","Ononis.minutissima"
"P9","Lasioglossum.subhirtum","Ononis.minutissima"
"P9","Lobonyx.aeneus","Ononis.minutissima"
"P9","Oedemera.flavipes","Ononis.minutissima"
"P9","Polistes.dominulus","Ononis.minutissima"
"P9","Rhodanthidium.sticticum","Ononis.minutissima"
"P9","Lasioglossum.transitorium","Ononis.minutissima"
"P9","Andrena.angustior","Rosmarinus.officinalis"
"P9","Andrena.djelfensis","Rosmarinus.officinalis"
"P9","Andrena.nigroaenea","Rosmarinus.officinalis"
"P9","Andrena.senecionis","Rosmarinus.officinalis"
"P9","Anthophora.dispar","Rosmarinus.officinalis"
"P9","Anthrenus.sp1","Rosmarinus.officinalis"
"P9","Bombus.pascuorum","Rosmarinus.officinalis"
"P9","Callophrys.rubi","Rosmarinus.officinalis"
"P9","Clytus.rhamni","Rosmarinus.officinalis"
"P9","Gonepteryx.cleopatra","Rosmarinus.officinalis"
"P9","Megachile.pyrenaica","Rosmarinus.officinalis"
"P9","Nomada.flavoguttata","Rosmarinus.officinalis"
"P9","Platynochaetus.setosus","Rosmarinus.officinalis"
"P9","Pyronia.bathseba","Rosmarinus.officinalis"
"P9","Rhodanthidium.septemdentatum","Rosmarinus.officinalis"
"P9","Tropinota.sp1","Rosmarinus.officinalis"
"P9","Tropinota.squalida","Rosmarinus.officinalis"
"P9","Anaspis.sp1","Rosmarinus.officinalis"
"P9","Anthophora.acervorum","Rosmarinus.officinalis"
"P9","Aplocnemus.calidus","Rosmarinus.officinalis"
"P9","Ceratina.cucurbitina","Rosmarinus.officinalis"
"P9","Danacea.longiceps","Rosmarinus.officinalis"
"P9","Eumerus.argyropus","Rosmarinus.officinalis"
"P9","Meligethes.sp1","Rosmarinus.officinalis"
"P9","Mordellistena.sp1","Rosmarinus.officinalis"
"P9","Osmia.rufohirta","Rosmarinus.officinalis"
"P9","Oxythyrea.funesta","Rosmarinus.officinalis"
"P9","Stenurella.melanura","Rosmarinus.officinalis"
"P9","Apis.mellifera","Rosmarinus.officinalis"
"P9","Bombus.terrestris","Rosmarinus.officinalis"
"P9","Dasytes.nigroaeneus","Rosmarinus.officinalis"
"P9","Hylaeus.hyalinatus","Rosmarinus.officinalis"
"P9","Lasioglossum.albocinctum","Rosmarinus.officinalis"
"P9","Lasioglossum.bimaculatum","Rosmarinus.officinalis"
"P9","Lasioglossum.malachurum","Rosmarinus.officinalis"
"P9","Lasioglossum.mediterraneum","Rosmarinus.officinalis"
"P9","Lasioglossum.subhirtum","Rosmarinus.officinalis"
"P9","Lobonyx.aeneus","Rosmarinus.officinalis"
"P9","Oedemera.flavipes","Rosmarinus.officinalis"
"P9","Polistes.dominulus","Rosmarinus.officinalis"
"P9","Rhodanthidium.sticticum","Rosmarinus.officinalis"
"P9","Lasioglossum.transitorium","Rosmarinus.officinalis"
"P9","Andrena.angustior","Teucrium.chamaedrys"
"P9","Andrena.djelfensis","Teucrium.chamaedrys"
"P9","Andrena.nigroaenea","Teucrium.chamaedrys"
"P9","Andrena.senecionis","Teucrium.chamaedrys"
"P9","Anthophora.dispar","Teucrium.chamaedrys"
"P9","Anthrenus.sp1","Teucrium.chamaedrys"
"P9","Bombus.pascuorum","Teucrium.chamaedrys"
"P9","Callophrys.rubi","Teucrium.chamaedrys"
"P9","Clytus.rhamni","Teucrium.chamaedrys"
"P9","Gonepteryx.cleopatra","Teucrium.chamaedrys"
"P9","Megachile.pyrenaica","Teucrium.chamaedrys"
"P9","Nomada.flavoguttata","Teucrium.chamaedrys"
"P9","Platynochaetus.setosus","Teucrium.chamaedrys"
"P9","Pyronia.bathseba","Teucrium.chamaedrys"
"P9","Rhodanthidium.septemdentatum","Teucrium.chamaedrys"
"P9","Tropinota.sp1","Teucrium.chamaedrys"
"P9","Tropinota.squalida","Teucrium.chamaedrys"
"P9","Anaspis.sp1","Teucrium.chamaedrys"
"P9","Anthophora.acervorum","Teucrium.chamaedrys"
"P9","Aplocnemus.calidus","Teucrium.chamaedrys"
"P9","Ceratina.cucurbitina","Teucrium.chamaedrys"
"P9","Danacea.longiceps","Teucrium.chamaedrys"
"P9","Eumerus.argyropus","Teucrium.chamaedrys"
"P9","Meligethes.sp1","Teucrium.chamaedrys"
"P9","Mordellistena.sp1","Teucrium.chamaedrys"
"P9","Osmia.rufohirta","Teucrium.chamaedrys"
"P9","Oxythyrea.funesta","Teucrium.chamaedrys"
"P9","Stenurella.melanura","Teucrium.chamaedrys"
"P9","Apis.mellifera","Teucrium.chamaedrys"
"P9","Bombus.terrestris","Teucrium.chamaedrys"
"P9","Dasytes.nigroaeneus","Teucrium.chamaedrys"
"P9","Hylaeus.hyalinatus","Teucrium.chamaedrys"
"P9","Lasioglossum.albocinctum","Teucrium.chamaedrys"
"P9","Lasioglossum.bimaculatum","Teucrium.chamaedrys"
"P9","Lasioglossum.malachurum","Teucrium.chamaedrys"
"P9","Lasioglossum.mediterraneum","Teucrium.chamaedrys"
"P9","Lasioglossum.subhirtum","Teucrium.chamaedrys"
"P9","Lobonyx.aeneus","Teucrium.chamaedrys"
"P9","Oedemera.flavipes","Teucrium.chamaedrys"
"P9","Polistes.dominulus","Teucrium.chamaedrys"
"P9","Rhodanthidium.sticticum","Teucrium.chamaedrys"
"P9","Lasioglossum.transitorium","Teucrium.chamaedrys"
"P10","Acmaeodera.cylindrica","Allium.sphaerocephalon"
"P10","Adelidae.sp1","Allium.sphaerocephalon"
"P10","Anaspis.sp1","Allium.sphaerocephalon"
"P10","Andrena.angustior","Allium.sphaerocephalon"
"P10","Andrena.djelfensis","Allium.sphaerocephalon"
"P10","Andrena.lepida","Allium.sphaerocephalon"
"P10","Andrena.nigroaenea","Allium.sphaerocephalon"
"P10","Andrena.senecionis","Allium.sphaerocephalon"
"P10","Anthaxia.millefolii","Allium.sphaerocephalon"
"P10","Anthaxia.scutullaris","Allium.sphaerocephalon"
"P10","Anthaxia.spinolae","Allium.sphaerocephalon"
"P10","Anthophora.acervorum","Allium.sphaerocephalon"
"P10","Anthophora.dispar","Allium.sphaerocephalon"
"P10","Apis.mellifera","Allium.sphaerocephalon"
"P10","Aplocnemus.calidus","Allium.sphaerocephalon"
"P10","Athalia.sp1","Allium.sphaerocephalon"
"P10","Bombus.terrestris","Allium.sphaerocephalon"
"P10","Bruchus.brachialis","Allium.sphaerocephalon"
"P10","Clytus.rhamni","Allium.sphaerocephalon"
"P10","Coenonympha.pamphilus","Allium.sphaerocephalon"
"P10","Danacea.longiceps","Allium.sphaerocephalon"
"P10","Dasytes.nigroaeneus","Allium.sphaerocephalon"
"P10","Eucera.(Synhalonia).alternans","Allium.sphaerocephalon"
"P10","Eumenes.coarctatus","Allium.sphaerocephalon"
"P10","Eumerus.argyropus","Allium.sphaerocephalon"
"P10","Halictus.gemmeus","Allium.sphaerocephalon"
"P10","Hylaeus.garrulus","Allium.sphaerocephalon"
"P10","Lasioglossum.griseolum","Allium.sphaerocephalon"
"P10","Lasioglossum.malachurum","Allium.sphaerocephalon"
"P10","Lasioglossum.mediterraneum","Allium.sphaerocephalon"
"P10","Lasioglossum.morio","Allium.sphaerocephalon"
"P10","Lasioglossum.subhirtum","Allium.sphaerocephalon"
"P10","Lasioglossum.transitorium","Allium.sphaerocephalon"
"P10","Lasiommata.megera","Allium.sphaerocephalon"
"P10","Lobonyx.aeneus","Allium.sphaerocephalon"
"P10","Melanargia.occitanica","Allium.sphaerocephalon"
"P10","Meligethes.sp1","Allium.sphaerocephalon"
"P10","Merodon.funestus","Allium.sphaerocephalon"
"P10","Merodon.obscuritarsis","Allium.sphaerocephalon"
"P10","Minoa.murinata","Allium.sphaerocephalon"
"P10","Mordellistena.sp1","Allium.sphaerocephalon"
"P10","Normannia.esculi","Allium.sphaerocephalon"
"P10","Oedemera.flavipes","Allium.sphaerocephalon"
"P10","Osmia.gallarum","Allium.sphaerocephalon"
"P10","Osmia.rufohirta","Allium.sphaerocephalon"
"P10","Osmia.tricornis","Allium.sphaerocephalon"
"P10","Oxythyrea.funesta","Allium.sphaerocephalon"
"P10","Panurgus.dentipes","Allium.sphaerocephalon"
"P10","Platynochaetus.setosus","Allium.sphaerocephalon"
"P10","Plebejus.argus","Allium.sphaerocephalon"
"P10","Polistes.dominulus","Allium.sphaerocephalon"
"P10","Polydrosus.sp1","Allium.sphaerocephalon"
"P10","Pyronia.bathseba","Allium.sphaerocephalon"
"P10","Rhodanthidium.septemdentatum","Allium.sphaerocephalon"
"P10","Rhodanthidium.sticticum","Allium.sphaerocephalon"
"P10","Stenurella.melanura","Allium.sphaerocephalon"
"P10","Tropinota.sp1","Allium.sphaerocephalon"
"P10","Trypoxylon.sp1","Allium.sphaerocephalon"
"P10","Acmaeodera.cylindrica","Anagallis.arvensis"
"P10","Adelidae.sp1","Anagallis.arvensis"
"P10","Anaspis.sp1","Anagallis.arvensis"
"P10","Andrena.angustior","Anagallis.arvensis"
"P10","Andrena.djelfensis","Anagallis.arvensis"
"P10","Andrena.lepida","Anagallis.arvensis"
"P10","Andrena.nigroaenea","Anagallis.arvensis"
"P10","Andrena.senecionis","Anagallis.arvensis"
"P10","Anthaxia.millefolii","Anagallis.arvensis"
"P10","Anthaxia.scutullaris","Anagallis.arvensis"
"P10","Anthaxia.spinolae","Anagallis.arvensis"
"P10","Anthophora.acervorum","Anagallis.arvensis"
"P10","Anthophora.dispar","Anagallis.arvensis"
"P10","Apis.mellifera","Anagallis.arvensis"
"P10","Aplocnemus.calidus","Anagallis.arvensis"
"P10","Athalia.sp1","Anagallis.arvensis"
"P10","Bombus.terrestris","Anagallis.arvensis"
"P10","Bruchus.brachialis","Anagallis.arvensis"
"P10","Clytus.rhamni","Anagallis.arvensis"
"P10","Coenonympha.pamphilus","Anagallis.arvensis"
"P10","Danacea.longiceps","Anagallis.arvensis"
"P10","Dasytes.nigroaeneus","Anagallis.arvensis"
"P10","Eucera.(Synhalonia).alternans","Anagallis.arvensis"
"P10","Eumenes.coarctatus","Anagallis.arvensis"
"P10","Eumerus.argyropus","Anagallis.arvensis"
"P10","Halictus.gemmeus","Anagallis.arvensis"
"P10","Hylaeus.garrulus","Anagallis.arvensis"
"P10","Lasioglossum.griseolum","Anagallis.arvensis"
"P10","Lasioglossum.malachurum","Anagallis.arvensis"
"P10","Lasioglossum.mediterraneum","Anagallis.arvensis"
"P10","Lasioglossum.morio","Anagallis.arvensis"
"P10","Lasioglossum.subhirtum","Anagallis.arvensis"
"P10","Lasioglossum.transitorium","Anagallis.arvensis"
"P10","Lasiommata.megera","Anagallis.arvensis"
"P10","Lobonyx.aeneus","Anagallis.arvensis"
"P10","Melanargia.occitanica","Anagallis.arvensis"
"P10","Meligethes.sp1","Anagallis.arvensis"
"P10","Merodon.funestus","Anagallis.arvensis"
"P10","Merodon.obscuritarsis","Anagallis.arvensis"
"P10","Minoa.murinata","Anagallis.arvensis"
"P10","Mordellistena.sp1","Anagallis.arvensis"
"P10","Normannia.esculi","Anagallis.arvensis"
"P10","Oedemera.flavipes","Anagallis.arvensis"
"P10","Osmia.gallarum","Anagallis.arvensis"
"P10","Osmia.rufohirta","Anagallis.arvensis"
"P10","Osmia.tricornis","Anagallis.arvensis"
"P10","Oxythyrea.funesta","Anagallis.arvensis"
"P10","Panurgus.dentipes","Anagallis.arvensis"
"P10","Platynochaetus.setosus","Anagallis.arvensis"
"P10","Plebejus.argus","Anagallis.arvensis"
"P10","Polistes.dominulus","Anagallis.arvensis"
"P10","Polydrosus.sp1","Anagallis.arvensis"
"P10","Pyronia.bathseba","Anagallis.arvensis"
"P10","Rhodanthidium.septemdentatum","Anagallis.arvensis"
"P10","Rhodanthidium.sticticum","Anagallis.arvensis"
"P10","Stenurella.melanura","Anagallis.arvensis"
"P10","Tropinota.sp1","Anagallis.arvensis"
"P10","Trypoxylon.sp1","Anagallis.arvensis"
"P10","Acmaeodera.cylindrica","Aphyllanthes.monspeliensis"
"P10","Adelidae.sp1","Aphyllanthes.monspeliensis"
"P10","Anaspis.sp1","Aphyllanthes.monspeliensis"
"P10","Andrena.angustior","Aphyllanthes.monspeliensis"
"P10","Andrena.djelfensis","Aphyllanthes.monspeliensis"
"P10","Andrena.lepida","Aphyllanthes.monspeliensis"
"P10","Andrena.nigroaenea","Aphyllanthes.monspeliensis"
"P10","Andrena.senecionis","Aphyllanthes.monspeliensis"
"P10","Anthaxia.millefolii","Aphyllanthes.monspeliensis"
"P10","Anthaxia.scutullaris","Aphyllanthes.monspeliensis"
"P10","Anthaxia.spinolae","Aphyllanthes.monspeliensis"
"P10","Anthophora.acervorum","Aphyllanthes.monspeliensis"
"P10","Anthophora.dispar","Aphyllanthes.monspeliensis"
"P10","Apis.mellifera","Aphyllanthes.monspeliensis"
"P10","Aplocnemus.calidus","Aphyllanthes.monspeliensis"
"P10","Athalia.sp1","Aphyllanthes.monspeliensis"
"P10","Bombus.terrestris","Aphyllanthes.monspeliensis"
"P10","Bruchus.brachialis","Aphyllanthes.monspeliensis"
"P10","Clytus.rhamni","Aphyllanthes.monspeliensis"
"P10","Coenonympha.pamphilus","Aphyllanthes.monspeliensis"
"P10","Danacea.longiceps","Aphyllanthes.monspeliensis"
"P10","Dasytes.nigroaeneus","Aphyllanthes.monspeliensis"
"P10","Eucera.(Synhalonia).alternans","Aphyllanthes.monspeliensis"
"P10","Eumenes.coarctatus","Aphyllanthes.monspeliensis"
"P10","Eumerus.argyropus","Aphyllanthes.monspeliensis"
"P10","Halictus.gemmeus","Aphyllanthes.monspeliensis"
"P10","Hylaeus.garrulus","Aphyllanthes.monspeliensis"
"P10","Lasioglossum.griseolum","Aphyllanthes.monspeliensis"
"P10","Lasioglossum.malachurum","Aphyllanthes.monspeliensis"
"P10","Lasioglossum.mediterraneum","Aphyllanthes.monspeliensis"
"P10","Lasioglossum.morio","Aphyllanthes.monspeliensis"
"P10","Lasioglossum.subhirtum","Aphyllanthes.monspeliensis"
"P10","Lasioglossum.transitorium","Aphyllanthes.monspeliensis"
"P10","Lasiommata.megera","Aphyllanthes.monspeliensis"
"P10","Lobonyx.aeneus","Aphyllanthes.monspeliensis"
"P10","Melanargia.occitanica","Aphyllanthes.monspeliensis"
"P10","Meligethes.sp1","Aphyllanthes.monspeliensis"
"P10","Merodon.funestus","Aphyllanthes.monspeliensis"
"P10","Merodon.obscuritarsis","Aphyllanthes.monspeliensis"
"P10","Minoa.murinata","Aphyllanthes.monspeliensis"
"P10","Mordellistena.sp1","Aphyllanthes.monspeliensis"
"P10","Normannia.esculi","Aphyllanthes.monspeliensis"
"P10","Oedemera.flavipes","Aphyllanthes.monspeliensis"
"P10","Osmia.gallarum","Aphyllanthes.monspeliensis"
"P10","Osmia.rufohirta","Aphyllanthes.monspeliensis"
"P10","Osmia.tricornis","Aphyllanthes.monspeliensis"
"P10","Oxythyrea.funesta","Aphyllanthes.monspeliensis"
"P10","Panurgus.dentipes","Aphyllanthes.monspeliensis"
"P10","Platynochaetus.setosus","Aphyllanthes.monspeliensis"
"P10","Plebejus.argus","Aphyllanthes.monspeliensis"
"P10","Polistes.dominulus","Aphyllanthes.monspeliensis"
"P10","Polydrosus.sp1","Aphyllanthes.monspeliensis"
"P10","Pyronia.bathseba","Aphyllanthes.monspeliensis"
"P10","Rhodanthidium.septemdentatum","Aphyllanthes.monspeliensis"
"P10","Rhodanthidium.sticticum","Aphyllanthes.monspeliensis"
"P10","Stenurella.melanura","Aphyllanthes.monspeliensis"
"P10","Tropinota.sp1","Aphyllanthes.monspeliensis"
"P10","Trypoxylon.sp1","Aphyllanthes.monspeliensis"
"P10","Acmaeodera.cylindrica","Biscutella.laevigata"
"P10","Adelidae.sp1","Biscutella.laevigata"
"P10","Anaspis.sp1","Biscutella.laevigata"
"P10","Andrena.angustior","Biscutella.laevigata"
"P10","Andrena.djelfensis","Biscutella.laevigata"
"P10","Andrena.lepida","Biscutella.laevigata"
"P10","Andrena.nigroaenea","Biscutella.laevigata"
"P10","Andrena.senecionis","Biscutella.laevigata"
"P10","Anthaxia.millefolii","Biscutella.laevigata"
"P10","Anthaxia.scutullaris","Biscutella.laevigata"
"P10","Anthaxia.spinolae","Biscutella.laevigata"
"P10","Anthophora.acervorum","Biscutella.laevigata"
"P10","Anthophora.dispar","Biscutella.laevigata"
"P10","Apis.mellifera","Biscutella.laevigata"
"P10","Aplocnemus.calidus","Biscutella.laevigata"
"P10","Athalia.sp1","Biscutella.laevigata"
"P10","Bombus.terrestris","Biscutella.laevigata"
"P10","Bruchus.brachialis","Biscutella.laevigata"
"P10","Clytus.rhamni","Biscutella.laevigata"
"P10","Coenonympha.pamphilus","Biscutella.laevigata"
"P10","Danacea.longiceps","Biscutella.laevigata"
"P10","Dasytes.nigroaeneus","Biscutella.laevigata"
"P10","Eucera.(Synhalonia).alternans","Biscutella.laevigata"
"P10","Eumenes.coarctatus","Biscutella.laevigata"
"P10","Eumerus.argyropus","Biscutella.laevigata"
"P10","Halictus.gemmeus","Biscutella.laevigata"
"P10","Hylaeus.garrulus","Biscutella.laevigata"
"P10","Lasioglossum.griseolum","Biscutella.laevigata"
"P10","Lasioglossum.malachurum","Biscutella.laevigata"
"P10","Lasioglossum.mediterraneum","Biscutella.laevigata"
"P10","Lasioglossum.morio","Biscutella.laevigata"
"P10","Lasioglossum.subhirtum","Biscutella.laevigata"
"P10","Lasioglossum.transitorium","Biscutella.laevigata"
"P10","Lasiommata.megera","Biscutella.laevigata"
"P10","Lobonyx.aeneus","Biscutella.laevigata"
"P10","Melanargia.occitanica","Biscutella.laevigata"
"P10","Meligethes.sp1","Biscutella.laevigata"
"P10","Merodon.funestus","Biscutella.laevigata"
"P10","Merodon.obscuritarsis","Biscutella.laevigata"
"P10","Minoa.murinata","Biscutella.laevigata"
"P10","Mordellistena.sp1","Biscutella.laevigata"
"P10","Normannia.esculi","Biscutella.laevigata"
"P10","Oedemera.flavipes","Biscutella.laevigata"
"P10","Osmia.gallarum","Biscutella.laevigata"
"P10","Osmia.rufohirta","Biscutella.laevigata"
"P10","Osmia.tricornis","Biscutella.laevigata"
"P10","Oxythyrea.funesta","Biscutella.laevigata"
"P10","Panurgus.dentipes","Biscutella.laevigata"
"P10","Platynochaetus.setosus","Biscutella.laevigata"
"P10","Plebejus.argus","Biscutella.laevigata"
"P10","Polistes.dominulus","Biscutella.laevigata"
"P10","Polydrosus.sp1","Biscutella.laevigata"
"P10","Pyronia.bathseba","Biscutella.laevigata"
"P10","Rhodanthidium.septemdentatum","Biscutella.laevigata"
"P10","Rhodanthidium.sticticum","Biscutella.laevigata"
"P10","Stenurella.melanura","Biscutella.laevigata"
"P10","Tropinota.sp1","Biscutella.laevigata"
"P10","Trypoxylon.sp1","Biscutella.laevigata"
"P10","Acmaeodera.cylindrica","Cistus.albidus"
"P10","Adelidae.sp1","Cistus.albidus"
"P10","Anaspis.sp1","Cistus.albidus"
"P10","Andrena.angustior","Cistus.albidus"
"P10","Andrena.djelfensis","Cistus.albidus"
"P10","Andrena.lepida","Cistus.albidus"
"P10","Andrena.nigroaenea","Cistus.albidus"
"P10","Andrena.senecionis","Cistus.albidus"
"P10","Anthaxia.millefolii","Cistus.albidus"
"P10","Anthaxia.scutullaris","Cistus.albidus"
"P10","Anthaxia.spinolae","Cistus.albidus"
"P10","Anthophora.acervorum","Cistus.albidus"
"P10","Anthophora.dispar","Cistus.albidus"
"P10","Apis.mellifera","Cistus.albidus"
"P10","Aplocnemus.calidus","Cistus.albidus"
"P10","Athalia.sp1","Cistus.albidus"
"P10","Bombus.terrestris","Cistus.albidus"
"P10","Bruchus.brachialis","Cistus.albidus"
"P10","Clytus.rhamni","Cistus.albidus"
"P10","Coenonympha.pamphilus","Cistus.albidus"
"P10","Danacea.longiceps","Cistus.albidus"
"P10","Dasytes.nigroaeneus","Cistus.albidus"
"P10","Eucera.(Synhalonia).alternans","Cistus.albidus"
"P10","Eumenes.coarctatus","Cistus.albidus"
"P10","Eumerus.argyropus","Cistus.albidus"
"P10","Halictus.gemmeus","Cistus.albidus"
"P10","Hylaeus.garrulus","Cistus.albidus"
"P10","Lasioglossum.griseolum","Cistus.albidus"
"P10","Lasioglossum.malachurum","Cistus.albidus"
"P10","Lasioglossum.mediterraneum","Cistus.albidus"
"P10","Lasioglossum.morio","Cistus.albidus"
"P10","Lasioglossum.subhirtum","Cistus.albidus"
"P10","Lasioglossum.transitorium","Cistus.albidus"
"P10","Lasiommata.megera","Cistus.albidus"
"P10","Lobonyx.aeneus","Cistus.albidus"
"P10","Melanargia.occitanica","Cistus.albidus"
"P10","Meligethes.sp1","Cistus.albidus"
"P10","Merodon.funestus","Cistus.albidus"
"P10","Merodon.obscuritarsis","Cistus.albidus"
"P10","Minoa.murinata","Cistus.albidus"
"P10","Mordellistena.sp1","Cistus.albidus"
"P10","Normannia.esculi","Cistus.albidus"
"P10","Oedemera.flavipes","Cistus.albidus"
"P10","Osmia.gallarum","Cistus.albidus"
"P10","Osmia.rufohirta","Cistus.albidus"
"P10","Osmia.tricornis","Cistus.albidus"
"P10","Oxythyrea.funesta","Cistus.albidus"
"P10","Panurgus.dentipes","Cistus.albidus"
"P10","Platynochaetus.setosus","Cistus.albidus"
"P10","Plebejus.argus","Cistus.albidus"
"P10","Polistes.dominulus","Cistus.albidus"
"P10","Polydrosus.sp1","Cistus.albidus"
"P10","Pyronia.bathseba","Cistus.albidus"
"P10","Rhodanthidium.septemdentatum","Cistus.albidus"
"P10","Rhodanthidium.sticticum","Cistus.albidus"
"P10","Stenurella.melanura","Cistus.albidus"
"P10","Tropinota.sp1","Cistus.albidus"
"P10","Trypoxylon.sp1","Cistus.albidus"
"P10","Acmaeodera.cylindrica","Cistus.salviifolius"
"P10","Adelidae.sp1","Cistus.salviifolius"
"P10","Anaspis.sp1","Cistus.salviifolius"
"P10","Andrena.angustior","Cistus.salviifolius"
"P10","Andrena.djelfensis","Cistus.salviifolius"
"P10","Andrena.lepida","Cistus.salviifolius"
"P10","Andrena.nigroaenea","Cistus.salviifolius"
"P10","Andrena.senecionis","Cistus.salviifolius"
"P10","Anthaxia.millefolii","Cistus.salviifolius"
"P10","Anthaxia.scutullaris","Cistus.salviifolius"
"P10","Anthaxia.spinolae","Cistus.salviifolius"
"P10","Anthophora.acervorum","Cistus.salviifolius"
"P10","Anthophora.dispar","Cistus.salviifolius"
"P10","Apis.mellifera","Cistus.salviifolius"
"P10","Aplocnemus.calidus","Cistus.salviifolius"
"P10","Athalia.sp1","Cistus.salviifolius"
"P10","Bombus.terrestris","Cistus.salviifolius"
"P10","Bruchus.brachialis","Cistus.salviifolius"
"P10","Clytus.rhamni","Cistus.salviifolius"
"P10","Coenonympha.pamphilus","Cistus.salviifolius"
"P10","Danacea.longiceps","Cistus.salviifolius"
"P10","Dasytes.nigroaeneus","Cistus.salviifolius"
"P10","Eucera.(Synhalonia).alternans","Cistus.salviifolius"
"P10","Eumenes.coarctatus","Cistus.salviifolius"
"P10","Eumerus.argyropus","Cistus.salviifolius"
"P10","Halictus.gemmeus","Cistus.salviifolius"
"P10","Hylaeus.garrulus","Cistus.salviifolius"
"P10","Lasioglossum.griseolum","Cistus.salviifolius"
"P10","Lasioglossum.malachurum","Cistus.salviifolius"
"P10","Lasioglossum.mediterraneum","Cistus.salviifolius"
"P10","Lasioglossum.morio","Cistus.salviifolius"
"P10","Lasioglossum.subhirtum","Cistus.salviifolius"
"P10","Lasioglossum.transitorium","Cistus.salviifolius"
"P10","Lasiommata.megera","Cistus.salviifolius"
"P10","Lobonyx.aeneus","Cistus.salviifolius"
"P10","Melanargia.occitanica","Cistus.salviifolius"
"P10","Meligethes.sp1","Cistus.salviifolius"
"P10","Merodon.funestus","Cistus.salviifolius"
"P10","Merodon.obscuritarsis","Cistus.salviifolius"
"P10","Minoa.murinata","Cistus.salviifolius"
"P10","Mordellistena.sp1","Cistus.salviifolius"
"P10","Normannia.esculi","Cistus.salviifolius"
"P10","Oedemera.flavipes","Cistus.salviifolius"
"P10","Osmia.gallarum","Cistus.salviifolius"
"P10","Osmia.rufohirta","Cistus.salviifolius"
"P10","Osmia.tricornis","Cistus.salviifolius"
"P10","Oxythyrea.funesta","Cistus.salviifolius"
"P10","Panurgus.dentipes","Cistus.salviifolius"
"P10","Platynochaetus.setosus","Cistus.salviifolius"
"P10","Plebejus.argus","Cistus.salviifolius"
"P10","Polistes.dominulus","Cistus.salviifolius"
"P10","Polydrosus.sp1","Cistus.salviifolius"
"P10","Pyronia.bathseba","Cistus.salviifolius"
"P10","Rhodanthidium.septemdentatum","Cistus.salviifolius"
"P10","Rhodanthidium.sticticum","Cistus.salviifolius"
"P10","Stenurella.melanura","Cistus.salviifolius"
"P10","Tropinota.sp1","Cistus.salviifolius"
"P10","Trypoxylon.sp1","Cistus.salviifolius"
"P10","Acmaeodera.cylindrica","Dorycnium.pentaphyllum"
"P10","Adelidae.sp1","Dorycnium.pentaphyllum"
"P10","Anaspis.sp1","Dorycnium.pentaphyllum"
"P10","Andrena.angustior","Dorycnium.pentaphyllum"
"P10","Andrena.djelfensis","Dorycnium.pentaphyllum"
"P10","Andrena.lepida","Dorycnium.pentaphyllum"
"P10","Andrena.nigroaenea","Dorycnium.pentaphyllum"
"P10","Andrena.senecionis","Dorycnium.pentaphyllum"
"P10","Anthaxia.millefolii","Dorycnium.pentaphyllum"
"P10","Anthaxia.scutullaris","Dorycnium.pentaphyllum"
"P10","Anthaxia.spinolae","Dorycnium.pentaphyllum"
"P10","Anthophora.acervorum","Dorycnium.pentaphyllum"
"P10","Anthophora.dispar","Dorycnium.pentaphyllum"
"P10","Apis.mellifera","Dorycnium.pentaphyllum"
"P10","Aplocnemus.calidus","Dorycnium.pentaphyllum"
"P10","Athalia.sp1","Dorycnium.pentaphyllum"
"P10","Bombus.terrestris","Dorycnium.pentaphyllum"
"P10","Bruchus.brachialis","Dorycnium.pentaphyllum"
"P10","Clytus.rhamni","Dorycnium.pentaphyllum"
"P10","Coenonympha.pamphilus","Dorycnium.pentaphyllum"
"P10","Danacea.longiceps","Dorycnium.pentaphyllum"
"P10","Dasytes.nigroaeneus","Dorycnium.pentaphyllum"
"P10","Eucera.(Synhalonia).alternans","Dorycnium.pentaphyllum"
"P10","Eumenes.coarctatus","Dorycnium.pentaphyllum"
"P10","Eumerus.argyropus","Dorycnium.pentaphyllum"
"P10","Halictus.gemmeus","Dorycnium.pentaphyllum"
"P10","Hylaeus.garrulus","Dorycnium.pentaphyllum"
"P10","Lasioglossum.griseolum","Dorycnium.pentaphyllum"
"P10","Lasioglossum.malachurum","Dorycnium.pentaphyllum"
"P10","Lasioglossum.mediterraneum","Dorycnium.pentaphyllum"
"P10","Lasioglossum.morio","Dorycnium.pentaphyllum"
"P10","Lasioglossum.subhirtum","Dorycnium.pentaphyllum"
"P10","Lasioglossum.transitorium","Dorycnium.pentaphyllum"
"P10","Lasiommata.megera","Dorycnium.pentaphyllum"
"P10","Lobonyx.aeneus","Dorycnium.pentaphyllum"
"P10","Melanargia.occitanica","Dorycnium.pentaphyllum"
"P10","Meligethes.sp1","Dorycnium.pentaphyllum"
"P10","Merodon.funestus","Dorycnium.pentaphyllum"
"P10","Merodon.obscuritarsis","Dorycnium.pentaphyllum"
"P10","Minoa.murinata","Dorycnium.pentaphyllum"
"P10","Mordellistena.sp1","Dorycnium.pentaphyllum"
"P10","Normannia.esculi","Dorycnium.pentaphyllum"
"P10","Oedemera.flavipes","Dorycnium.pentaphyllum"
"P10","Osmia.gallarum","Dorycnium.pentaphyllum"
"P10","Osmia.rufohirta","Dorycnium.pentaphyllum"
"P10","Osmia.tricornis","Dorycnium.pentaphyllum"
"P10","Oxythyrea.funesta","Dorycnium.pentaphyllum"
"P10","Panurgus.dentipes","Dorycnium.pentaphyllum"
"P10","Platynochaetus.setosus","Dorycnium.pentaphyllum"
"P10","Plebejus.argus","Dorycnium.pentaphyllum"
"P10","Polistes.dominulus","Dorycnium.pentaphyllum"
"P10","Polydrosus.sp1","Dorycnium.pentaphyllum"
"P10","Pyronia.bathseba","Dorycnium.pentaphyllum"
"P10","Rhodanthidium.septemdentatum","Dorycnium.pentaphyllum"
"P10","Rhodanthidium.sticticum","Dorycnium.pentaphyllum"
"P10","Stenurella.melanura","Dorycnium.pentaphyllum"
"P10","Tropinota.sp1","Dorycnium.pentaphyllum"
"P10","Trypoxylon.sp1","Dorycnium.pentaphyllum"
"P10","Acmaeodera.cylindrica","Euphorbia.flavicoma"
"P10","Adelidae.sp1","Euphorbia.flavicoma"
"P10","Anaspis.sp1","Euphorbia.flavicoma"
"P10","Andrena.angustior","Euphorbia.flavicoma"
"P10","Andrena.djelfensis","Euphorbia.flavicoma"
"P10","Andrena.lepida","Euphorbia.flavicoma"
"P10","Andrena.nigroaenea","Euphorbia.flavicoma"
"P10","Andrena.senecionis","Euphorbia.flavicoma"
"P10","Anthaxia.millefolii","Euphorbia.flavicoma"
"P10","Anthaxia.scutullaris","Euphorbia.flavicoma"
"P10","Anthaxia.spinolae","Euphorbia.flavicoma"
"P10","Anthophora.acervorum","Euphorbia.flavicoma"
"P10","Anthophora.dispar","Euphorbia.flavicoma"
"P10","Apis.mellifera","Euphorbia.flavicoma"
"P10","Aplocnemus.calidus","Euphorbia.flavicoma"
"P10","Athalia.sp1","Euphorbia.flavicoma"
"P10","Bombus.terrestris","Euphorbia.flavicoma"
"P10","Bruchus.brachialis","Euphorbia.flavicoma"
"P10","Clytus.rhamni","Euphorbia.flavicoma"
"P10","Coenonympha.pamphilus","Euphorbia.flavicoma"
"P10","Danacea.longiceps","Euphorbia.flavicoma"
"P10","Dasytes.nigroaeneus","Euphorbia.flavicoma"
"P10","Eucera.(Synhalonia).alternans","Euphorbia.flavicoma"
"P10","Eumenes.coarctatus","Euphorbia.flavicoma"
"P10","Eumerus.argyropus","Euphorbia.flavicoma"
"P10","Halictus.gemmeus","Euphorbia.flavicoma"
"P10","Hylaeus.garrulus","Euphorbia.flavicoma"
"P10","Lasioglossum.griseolum","Euphorbia.flavicoma"
"P10","Lasioglossum.malachurum","Euphorbia.flavicoma"
"P10","Lasioglossum.mediterraneum","Euphorbia.flavicoma"
"P10","Lasioglossum.morio","Euphorbia.flavicoma"
"P10","Lasioglossum.subhirtum","Euphorbia.flavicoma"
"P10","Lasioglossum.transitorium","Euphorbia.flavicoma"
"P10","Lasiommata.megera","Euphorbia.flavicoma"
"P10","Lobonyx.aeneus","Euphorbia.flavicoma"
"P10","Melanargia.occitanica","Euphorbia.flavicoma"
"P10","Meligethes.sp1","Euphorbia.flavicoma"
"P10","Merodon.funestus","Euphorbia.flavicoma"
"P10","Merodon.obscuritarsis","Euphorbia.flavicoma"
"P10","Minoa.murinata","Euphorbia.flavicoma"
"P10","Mordellistena.sp1","Euphorbia.flavicoma"
"P10","Normannia.esculi","Euphorbia.flavicoma"
"P10","Oedemera.flavipes","Euphorbia.flavicoma"
"P10","Osmia.gallarum","Euphorbia.flavicoma"
"P10","Osmia.rufohirta","Euphorbia.flavicoma"
"P10","Osmia.tricornis","Euphorbia.flavicoma"
"P10","Oxythyrea.funesta","Euphorbia.flavicoma"
"P10","Panurgus.dentipes","Euphorbia.flavicoma"
"P10","Platynochaetus.setosus","Euphorbia.flavicoma"
"P10","Plebejus.argus","Euphorbia.flavicoma"
"P10","Polistes.dominulus","Euphorbia.flavicoma"
"P10","Polydrosus.sp1","Euphorbia.flavicoma"
"P10","Pyronia.bathseba","Euphorbia.flavicoma"
"P10","Rhodanthidium.septemdentatum","Euphorbia.flavicoma"
"P10","Rhodanthidium.sticticum","Euphorbia.flavicoma"
"P10","Stenurella.melanura","Euphorbia.flavicoma"
"P10","Tropinota.sp1","Euphorbia.flavicoma"
"P10","Trypoxylon.sp1","Euphorbia.flavicoma"
"P10","Acmaeodera.cylindrica","Fumana.laevipes"
"P10","Adelidae.sp1","Fumana.laevipes"
"P10","Anaspis.sp1","Fumana.laevipes"
"P10","Andrena.angustior","Fumana.laevipes"
"P10","Andrena.djelfensis","Fumana.laevipes"
"P10","Andrena.lepida","Fumana.laevipes"
"P10","Andrena.nigroaenea","Fumana.laevipes"
"P10","Andrena.senecionis","Fumana.laevipes"
"P10","Anthaxia.millefolii","Fumana.laevipes"
"P10","Anthaxia.scutullaris","Fumana.laevipes"
"P10","Anthaxia.spinolae","Fumana.laevipes"
"P10","Anthophora.acervorum","Fumana.laevipes"
"P10","Anthophora.dispar","Fumana.laevipes"
"P10","Apis.mellifera","Fumana.laevipes"
"P10","Aplocnemus.calidus","Fumana.laevipes"
"P10","Athalia.sp1","Fumana.laevipes"
"P10","Bombus.terrestris","Fumana.laevipes"
"P10","Bruchus.brachialis","Fumana.laevipes"
"P10","Clytus.rhamni","Fumana.laevipes"
"P10","Coenonympha.pamphilus","Fumana.laevipes"
"P10","Danacea.longiceps","Fumana.laevipes"
"P10","Dasytes.nigroaeneus","Fumana.laevipes"
"P10","Eucera.(Synhalonia).alternans","Fumana.laevipes"
"P10","Eumenes.coarctatus","Fumana.laevipes"
"P10","Eumerus.argyropus","Fumana.laevipes"
"P10","Halictus.gemmeus","Fumana.laevipes"
"P10","Hylaeus.garrulus","Fumana.laevipes"
"P10","Lasioglossum.griseolum","Fumana.laevipes"
"P10","Lasioglossum.malachurum","Fumana.laevipes"
"P10","Lasioglossum.mediterraneum","Fumana.laevipes"
"P10","Lasioglossum.morio","Fumana.laevipes"
"P10","Lasioglossum.subhirtum","Fumana.laevipes"
"P10","Lasioglossum.transitorium","Fumana.laevipes"
"P10","Lasiommata.megera","Fumana.laevipes"
"P10","Lobonyx.aeneus","Fumana.laevipes"
"P10","Melanargia.occitanica","Fumana.laevipes"
"P10","Meligethes.sp1","Fumana.laevipes"
"P10","Merodon.funestus","Fumana.laevipes"
"P10","Merodon.obscuritarsis","Fumana.laevipes"
"P10","Minoa.murinata","Fumana.laevipes"
"P10","Mordellistena.sp1","Fumana.laevipes"
"P10","Normannia.esculi","Fumana.laevipes"
"P10","Oedemera.flavipes","Fumana.laevipes"
"P10","Osmia.gallarum","Fumana.laevipes"
"P10","Osmia.rufohirta","Fumana.laevipes"
"P10","Osmia.tricornis","Fumana.laevipes"
"P10","Oxythyrea.funesta","Fumana.laevipes"
"P10","Panurgus.dentipes","Fumana.laevipes"
"P10","Platynochaetus.setosus","Fumana.laevipes"
"P10","Plebejus.argus","Fumana.laevipes"
"P10","Polistes.dominulus","Fumana.laevipes"
"P10","Polydrosus.sp1","Fumana.laevipes"
"P10","Pyronia.bathseba","Fumana.laevipes"
"P10","Rhodanthidium.septemdentatum","Fumana.laevipes"
"P10","Rhodanthidium.sticticum","Fumana.laevipes"
"P10","Stenurella.melanura","Fumana.laevipes"
"P10","Tropinota.sp1","Fumana.laevipes"
"P10","Trypoxylon.sp1","Fumana.laevipes"
"P10","Acmaeodera.cylindrica","Gladiolus.illyricus"
"P10","Adelidae.sp1","Gladiolus.illyricus"
"P10","Anaspis.sp1","Gladiolus.illyricus"
"P10","Andrena.angustior","Gladiolus.illyricus"
"P10","Andrena.djelfensis","Gladiolus.illyricus"
"P10","Andrena.lepida","Gladiolus.illyricus"
"P10","Andrena.nigroaenea","Gladiolus.illyricus"
"P10","Andrena.senecionis","Gladiolus.illyricus"
"P10","Anthaxia.millefolii","Gladiolus.illyricus"
"P10","Anthaxia.scutullaris","Gladiolus.illyricus"
"P10","Anthaxia.spinolae","Gladiolus.illyricus"
"P10","Anthophora.acervorum","Gladiolus.illyricus"
"P10","Anthophora.dispar","Gladiolus.illyricus"
"P10","Apis.mellifera","Gladiolus.illyricus"
"P10","Aplocnemus.calidus","Gladiolus.illyricus"
"P10","Athalia.sp1","Gladiolus.illyricus"
"P10","Bombus.terrestris","Gladiolus.illyricus"
"P10","Bruchus.brachialis","Gladiolus.illyricus"
"P10","Clytus.rhamni","Gladiolus.illyricus"
"P10","Coenonympha.pamphilus","Gladiolus.illyricus"
"P10","Danacea.longiceps","Gladiolus.illyricus"
"P10","Dasytes.nigroaeneus","Gladiolus.illyricus"
"P10","Eucera.(Synhalonia).alternans","Gladiolus.illyricus"
"P10","Eumenes.coarctatus","Gladiolus.illyricus"
"P10","Eumerus.argyropus","Gladiolus.illyricus"
"P10","Halictus.gemmeus","Gladiolus.illyricus"
"P10","Hylaeus.garrulus","Gladiolus.illyricus"
"P10","Lasioglossum.griseolum","Gladiolus.illyricus"
"P10","Lasioglossum.malachurum","Gladiolus.illyricus"
"P10","Lasioglossum.mediterraneum","Gladiolus.illyricus"
"P10","Lasioglossum.morio","Gladiolus.illyricus"
"P10","Lasioglossum.subhirtum","Gladiolus.illyricus"
"P10","Lasioglossum.transitorium","Gladiolus.illyricus"
"P10","Lasiommata.megera","Gladiolus.illyricus"
"P10","Lobonyx.aeneus","Gladiolus.illyricus"
"P10","Melanargia.occitanica","Gladiolus.illyricus"
"P10","Meligethes.sp1","Gladiolus.illyricus"
"P10","Merodon.funestus","Gladiolus.illyricus"
"P10","Merodon.obscuritarsis","Gladiolus.illyricus"
"P10","Minoa.murinata","Gladiolus.illyricus"
"P10","Mordellistena.sp1","Gladiolus.illyricus"
"P10","Normannia.esculi","Gladiolus.illyricus"
"P10","Oedemera.flavipes","Gladiolus.illyricus"
"P10","Osmia.gallarum","Gladiolus.illyricus"
"P10","Osmia.rufohirta","Gladiolus.illyricus"
"P10","Osmia.tricornis","Gladiolus.illyricus"
"P10","Oxythyrea.funesta","Gladiolus.illyricus"
"P10","Panurgus.dentipes","Gladiolus.illyricus"
"P10","Platynochaetus.setosus","Gladiolus.illyricus"
"P10","Plebejus.argus","Gladiolus.illyricus"
"P10","Polistes.dominulus","Gladiolus.illyricus"
"P10","Polydrosus.sp1","Gladiolus.illyricus"
"P10","Pyronia.bathseba","Gladiolus.illyricus"
"P10","Rhodanthidium.septemdentatum","Gladiolus.illyricus"
"P10","Rhodanthidium.sticticum","Gladiolus.illyricus"
"P10","Stenurella.melanura","Gladiolus.illyricus"
"P10","Tropinota.sp1","Gladiolus.illyricus"
"P10","Trypoxylon.sp1","Gladiolus.illyricus"
"P10","Acmaeodera.cylindrica","Ranunculus.gramineus"
"P10","Adelidae.sp1","Ranunculus.gramineus"
"P10","Anaspis.sp1","Ranunculus.gramineus"
"P10","Andrena.angustior","Ranunculus.gramineus"
"P10","Andrena.djelfensis","Ranunculus.gramineus"
"P10","Andrena.lepida","Ranunculus.gramineus"
"P10","Andrena.nigroaenea","Ranunculus.gramineus"
"P10","Andrena.senecionis","Ranunculus.gramineus"
"P10","Anthaxia.millefolii","Ranunculus.gramineus"
"P10","Anthaxia.scutullaris","Ranunculus.gramineus"
"P10","Anthaxia.spinolae","Ranunculus.gramineus"
"P10","Anthophora.acervorum","Ranunculus.gramineus"
"P10","Anthophora.dispar","Ranunculus.gramineus"
"P10","Apis.mellifera","Ranunculus.gramineus"
"P10","Aplocnemus.calidus","Ranunculus.gramineus"
"P10","Athalia.sp1","Ranunculus.gramineus"
"P10","Bombus.terrestris","Ranunculus.gramineus"
"P10","Bruchus.brachialis","Ranunculus.gramineus"
"P10","Clytus.rhamni","Ranunculus.gramineus"
"P10","Coenonympha.pamphilus","Ranunculus.gramineus"
"P10","Danacea.longiceps","Ranunculus.gramineus"
"P10","Dasytes.nigroaeneus","Ranunculus.gramineus"
"P10","Eucera.(Synhalonia).alternans","Ranunculus.gramineus"
"P10","Eumenes.coarctatus","Ranunculus.gramineus"
"P10","Eumerus.argyropus","Ranunculus.gramineus"
"P10","Halictus.gemmeus","Ranunculus.gramineus"
"P10","Hylaeus.garrulus","Ranunculus.gramineus"
"P10","Lasioglossum.griseolum","Ranunculus.gramineus"
"P10","Lasioglossum.malachurum","Ranunculus.gramineus"
"P10","Lasioglossum.mediterraneum","Ranunculus.gramineus"
"P10","Lasioglossum.morio","Ranunculus.gramineus"
"P10","Lasioglossum.subhirtum","Ranunculus.gramineus"
"P10","Lasioglossum.transitorium","Ranunculus.gramineus"
"P10","Lasiommata.megera","Ranunculus.gramineus"
"P10","Lobonyx.aeneus","Ranunculus.gramineus"
"P10","Melanargia.occitanica","Ranunculus.gramineus"
"P10","Meligethes.sp1","Ranunculus.gramineus"
"P10","Merodon.funestus","Ranunculus.gramineus"
"P10","Merodon.obscuritarsis","Ranunculus.gramineus"
"P10","Minoa.murinata","Ranunculus.gramineus"
"P10","Mordellistena.sp1","Ranunculus.gramineus"
"P10","Normannia.esculi","Ranunculus.gramineus"
"P10","Oedemera.flavipes","Ranunculus.gramineus"
"P10","Osmia.gallarum","Ranunculus.gramineus"
"P10","Osmia.rufohirta","Ranunculus.gramineus"
"P10","Osmia.tricornis","Ranunculus.gramineus"
"P10","Oxythyrea.funesta","Ranunculus.gramineus"
"P10","Panurgus.dentipes","Ranunculus.gramineus"
"P10","Platynochaetus.setosus","Ranunculus.gramineus"
"P10","Plebejus.argus","Ranunculus.gramineus"
"P10","Polistes.dominulus","Ranunculus.gramineus"
"P10","Polydrosus.sp1","Ranunculus.gramineus"
"P10","Pyronia.bathseba","Ranunculus.gramineus"
"P10","Rhodanthidium.septemdentatum","Ranunculus.gramineus"
"P10","Rhodanthidium.sticticum","Ranunculus.gramineus"
"P10","Stenurella.melanura","Ranunculus.gramineus"
"P10","Tropinota.sp1","Ranunculus.gramineus"
"P10","Trypoxylon.sp1","Ranunculus.gramineus"
"P10","Acmaeodera.cylindrica","Rosmarinus.officinalis"
"P10","Adelidae.sp1","Rosmarinus.officinalis"
"P10","Anaspis.sp1","Rosmarinus.officinalis"
"P10","Andrena.angustior","Rosmarinus.officinalis"
"P10","Andrena.djelfensis","Rosmarinus.officinalis"
"P10","Andrena.lepida","Rosmarinus.officinalis"
"P10","Andrena.nigroaenea","Rosmarinus.officinalis"
"P10","Andrena.senecionis","Rosmarinus.officinalis"
"P10","Anthaxia.millefolii","Rosmarinus.officinalis"
"P10","Anthaxia.scutullaris","Rosmarinus.officinalis"
"P10","Anthaxia.spinolae","Rosmarinus.officinalis"
"P10","Anthophora.acervorum","Rosmarinus.officinalis"
"P10","Anthophora.dispar","Rosmarinus.officinalis"
"P10","Apis.mellifera","Rosmarinus.officinalis"
"P10","Aplocnemus.calidus","Rosmarinus.officinalis"
"P10","Athalia.sp1","Rosmarinus.officinalis"
"P10","Bombus.terrestris","Rosmarinus.officinalis"
"P10","Bruchus.brachialis","Rosmarinus.officinalis"
"P10","Clytus.rhamni","Rosmarinus.officinalis"
"P10","Coenonympha.pamphilus","Rosmarinus.officinalis"
"P10","Danacea.longiceps","Rosmarinus.officinalis"
"P10","Dasytes.nigroaeneus","Rosmarinus.officinalis"
"P10","Eucera.(Synhalonia).alternans","Rosmarinus.officinalis"
"P10","Eumenes.coarctatus","Rosmarinus.officinalis"
"P10","Eumerus.argyropus","Rosmarinus.officinalis"
"P10","Halictus.gemmeus","Rosmarinus.officinalis"
"P10","Hylaeus.garrulus","Rosmarinus.officinalis"
"P10","Lasioglossum.griseolum","Rosmarinus.officinalis"
"P10","Lasioglossum.malachurum","Rosmarinus.officinalis"
"P10","Lasioglossum.mediterraneum","Rosmarinus.officinalis"
"P10","Lasioglossum.morio","Rosmarinus.officinalis"
"P10","Lasioglossum.subhirtum","Rosmarinus.officinalis"
"P10","Lasioglossum.transitorium","Rosmarinus.officinalis"
"P10","Lasiommata.megera","Rosmarinus.officinalis"
"P10","Lobonyx.aeneus","Rosmarinus.officinalis"
"P10","Melanargia.occitanica","Rosmarinus.officinalis"
"P10","Meligethes.sp1","Rosmarinus.officinalis"
"P10","Merodon.funestus","Rosmarinus.officinalis"
"P10","Merodon.obscuritarsis","Rosmarinus.officinalis"
"P10","Minoa.murinata","Rosmarinus.officinalis"
"P10","Mordellistena.sp1","Rosmarinus.officinalis"
"P10","Normannia.esculi","Rosmarinus.officinalis"
"P10","Oedemera.flavipes","Rosmarinus.officinalis"
"P10","Osmia.gallarum","Rosmarinus.officinalis"
"P10","Osmia.rufohirta","Rosmarinus.officinalis"
"P10","Osmia.tricornis","Rosmarinus.officinalis"
"P10","Oxythyrea.funesta","Rosmarinus.officinalis"
"P10","Panurgus.dentipes","Rosmarinus.officinalis"
"P10","Platynochaetus.setosus","Rosmarinus.officinalis"
"P10","Plebejus.argus","Rosmarinus.officinalis"
"P10","Polistes.dominulus","Rosmarinus.officinalis"
"P10","Polydrosus.sp1","Rosmarinus.officinalis"
"P10","Pyronia.bathseba","Rosmarinus.officinalis"
"P10","Rhodanthidium.septemdentatum","Rosmarinus.officinalis"
"P10","Rhodanthidium.sticticum","Rosmarinus.officinalis"
"P10","Stenurella.melanura","Rosmarinus.officinalis"
"P10","Tropinota.sp1","Rosmarinus.officinalis"
"P10","Trypoxylon.sp1","Rosmarinus.officinalis"
"P10","Acmaeodera.cylindrica","Thymus.vulgaris"
"P10","Adelidae.sp1","Thymus.vulgaris"
"P10","Anaspis.sp1","Thymus.vulgaris"
"P10","Andrena.angustior","Thymus.vulgaris"
"P10","Andrena.djelfensis","Thymus.vulgaris"
"P10","Andrena.lepida","Thymus.vulgaris"
"P10","Andrena.nigroaenea","Thymus.vulgaris"
"P10","Andrena.senecionis","Thymus.vulgaris"
"P10","Anthaxia.millefolii","Thymus.vulgaris"
"P10","Anthaxia.scutullaris","Thymus.vulgaris"
"P10","Anthaxia.spinolae","Thymus.vulgaris"
"P10","Anthophora.acervorum","Thymus.vulgaris"
"P10","Anthophora.dispar","Thymus.vulgaris"
"P10","Apis.mellifera","Thymus.vulgaris"
"P10","Aplocnemus.calidus","Thymus.vulgaris"
"P10","Athalia.sp1","Thymus.vulgaris"
"P10","Bombus.terrestris","Thymus.vulgaris"
"P10","Bruchus.brachialis","Thymus.vulgaris"
"P10","Clytus.rhamni","Thymus.vulgaris"
"P10","Coenonympha.pamphilus","Thymus.vulgaris"
"P10","Danacea.longiceps","Thymus.vulgaris"
"P10","Dasytes.nigroaeneus","Thymus.vulgaris"
"P10","Eucera.(Synhalonia).alternans","Thymus.vulgaris"
"P10","Eumenes.coarctatus","Thymus.vulgaris"
"P10","Eumerus.argyropus","Thymus.vulgaris"
"P10","Halictus.gemmeus","Thymus.vulgaris"
"P10","Hylaeus.garrulus","Thymus.vulgaris"
"P10","Lasioglossum.griseolum","Thymus.vulgaris"
"P10","Lasioglossum.malachurum","Thymus.vulgaris"
"P10","Lasioglossum.mediterraneum","Thymus.vulgaris"
"P10","Lasioglossum.morio","Thymus.vulgaris"
"P10","Lasioglossum.subhirtum","Thymus.vulgaris"
"P10","Lasioglossum.transitorium","Thymus.vulgaris"
"P10","Lasiommata.megera","Thymus.vulgaris"
"P10","Lobonyx.aeneus","Thymus.vulgaris"
"P10","Melanargia.occitanica","Thymus.vulgaris"
"P10","Meligethes.sp1","Thymus.vulgaris"
"P10","Merodon.funestus","Thymus.vulgaris"
"P10","Merodon.obscuritarsis","Thymus.vulgaris"
"P10","Minoa.murinata","Thymus.vulgaris"
"P10","Mordellistena.sp1","Thymus.vulgaris"
"P10","Normannia.esculi","Thymus.vulgaris"
"P10","Oedemera.flavipes","Thymus.vulgaris"
"P10","Osmia.gallarum","Thymus.vulgaris"
"P10","Osmia.rufohirta","Thymus.vulgaris"
"P10","Osmia.tricornis","Thymus.vulgaris"
"P10","Oxythyrea.funesta","Thymus.vulgaris"
"P10","Panurgus.dentipes","Thymus.vulgaris"
"P10","Platynochaetus.setosus","Thymus.vulgaris"
"P10","Plebejus.argus","Thymus.vulgaris"
"P10","Polistes.dominulus","Thymus.vulgaris"
"P10","Polydrosus.sp1","Thymus.vulgaris"
"P10","Pyronia.bathseba","Thymus.vulgaris"
"P10","Rhodanthidium.septemdentatum","Thymus.vulgaris"
"P10","Rhodanthidium.sticticum","Thymus.vulgaris"
"P10","Stenurella.melanura","Thymus.vulgaris"
"P10","Tropinota.sp1","Thymus.vulgaris"
"P10","Trypoxylon.sp1","Thymus.vulgaris"
"P11","Acmaeodera.cylindrica","Cistus.salviifolius"
"P11","Anaspis.sp1","Cistus.salviifolius"
"P11","Andrena.djelfensis","Cistus.salviifolius"
"P11","Andrena.lepida","Cistus.salviifolius"
"P11","Andrena.nigroaenea","Cistus.salviifolius"
"P11","Andrena.senecionis","Cistus.salviifolius"
"P11","Anthaxia.millefolii","Cistus.salviifolius"
"P11","Anthaxia.scutullaris","Cistus.salviifolius"
"P11","Anthaxia.spinolae","Cistus.salviifolius"
"P11","Anthophora.dispar","Cistus.salviifolius"
"P11","Anthrenus.sp1","Cistus.salviifolius"
"P11","Apis.mellifera","Cistus.salviifolius"
"P11","Aplocnemus.calidus","Cistus.salviifolius"
"P11","Bombus.terrestris","Cistus.salviifolius"
"P11","Clytus.rhamni","Cistus.salviifolius"
"P11","Danacea.longiceps","Cistus.salviifolius"
"P11","Dasytes.nigroaeneus","Cistus.salviifolius"
"P11","Eucera.collaris","Cistus.salviifolius"
"P11","Eumerus.argyropus","Cistus.salviifolius"
"P11","Halictus.gemmeus","Cistus.salviifolius"
"P11","Halictus.scabiosae","Cistus.salviifolius"
"P11","Hylaeus.garrulus","Cistus.salviifolius"
"P11","Hylaeus.hyalinatus","Cistus.salviifolius"
"P11","Lasioglossum.albocinctum","Cistus.salviifolius"
"P11","Lasioglossum.bimaculatum","Cistus.salviifolius"
"P11","Lasioglossum.griseolum","Cistus.salviifolius"
"P11","Lasioglossum.interruptum","Cistus.salviifolius"
"P11","Lasioglossum.malachurum","Cistus.salviifolius"
"P11","Lasioglossum.subhirtum","Cistus.salviifolius"
"P11","Lasioglossum.transitorium","Cistus.salviifolius"
"P11","Lobonyx.aeneus","Cistus.salviifolius"
"P11","Meligethes.sp1","Cistus.salviifolius"
"P11","Merodon.funestus","Cistus.salviifolius"
"P11","Mordellistena.sp1","Cistus.salviifolius"
"P11","Nomada.flavoguttata","Cistus.salviifolius"
"P11","Oedemera.flavipes","Cistus.salviifolius"
"P11","Osmia.gallarum","Cistus.salviifolius"
"P11","Osmia.rufohirta","Cistus.salviifolius"
"P11","Osmia.tricornis","Cistus.salviifolius"
"P11","Oxythyrea.funesta","Cistus.salviifolius"
"P11","Platynochaetus.setosus","Cistus.salviifolius"
"P11","Protosmia.exenterata","Cistus.salviifolius"
"P11","Pyronia.bathseba","Cistus.salviifolius"
"P11","Rhodanthidium.septemdentatum","Cistus.salviifolius"
"P11","Rhodanthidium.sticticum","Cistus.salviifolius"
"P11","Smaragdina.diversipes","Cistus.salviifolius"
"P11","Stenurella.melanura","Cistus.salviifolius"
"P11","Tropinota.sp1","Cistus.salviifolius"
"P11","Acmaeodera.cylindrica","Dorycnium.pentaphyllum"
"P11","Anaspis.sp1","Dorycnium.pentaphyllum"
"P11","Andrena.djelfensis","Dorycnium.pentaphyllum"
"P11","Andrena.lepida","Dorycnium.pentaphyllum"
"P11","Andrena.nigroaenea","Dorycnium.pentaphyllum"
"P11","Andrena.senecionis","Dorycnium.pentaphyllum"
"P11","Anthaxia.millefolii","Dorycnium.pentaphyllum"
"P11","Anthaxia.scutullaris","Dorycnium.pentaphyllum"
"P11","Anthaxia.spinolae","Dorycnium.pentaphyllum"
"P11","Anthophora.dispar","Dorycnium.pentaphyllum"
"P11","Anthrenus.sp1","Dorycnium.pentaphyllum"
"P11","Apis.mellifera","Dorycnium.pentaphyllum"
"P11","Aplocnemus.calidus","Dorycnium.pentaphyllum"
"P11","Bombus.terrestris","Dorycnium.pentaphyllum"
"P11","Clytus.rhamni","Dorycnium.pentaphyllum"
"P11","Danacea.longiceps","Dorycnium.pentaphyllum"
"P11","Dasytes.nigroaeneus","Dorycnium.pentaphyllum"
"P11","Eucera.collaris","Dorycnium.pentaphyllum"
"P11","Eumerus.argyropus","Dorycnium.pentaphyllum"
"P11","Halictus.gemmeus","Dorycnium.pentaphyllum"
"P11","Halictus.scabiosae","Dorycnium.pentaphyllum"
"P11","Hylaeus.garrulus","Dorycnium.pentaphyllum"
"P11","Hylaeus.hyalinatus","Dorycnium.pentaphyllum"
"P11","Lasioglossum.albocinctum","Dorycnium.pentaphyllum"
"P11","Lasioglossum.bimaculatum","Dorycnium.pentaphyllum"
"P11","Lasioglossum.griseolum","Dorycnium.pentaphyllum"
"P11","Lasioglossum.interruptum","Dorycnium.pentaphyllum"
"P11","Lasioglossum.malachurum","Dorycnium.pentaphyllum"
"P11","Lasioglossum.subhirtum","Dorycnium.pentaphyllum"
"P11","Lasioglossum.transitorium","Dorycnium.pentaphyllum"
"P11","Lobonyx.aeneus","Dorycnium.pentaphyllum"
"P11","Meligethes.sp1","Dorycnium.pentaphyllum"
"P11","Merodon.funestus","Dorycnium.pentaphyllum"
"P11","Mordellistena.sp1","Dorycnium.pentaphyllum"
"P11","Nomada.flavoguttata","Dorycnium.pentaphyllum"
"P11","Oedemera.flavipes","Dorycnium.pentaphyllum"
"P11","Osmia.gallarum","Dorycnium.pentaphyllum"
"P11","Osmia.rufohirta","Dorycnium.pentaphyllum"
"P11","Osmia.tricornis","Dorycnium.pentaphyllum"
"P11","Oxythyrea.funesta","Dorycnium.pentaphyllum"
"P11","Platynochaetus.setosus","Dorycnium.pentaphyllum"
"P11","Protosmia.exenterata","Dorycnium.pentaphyllum"
"P11","Pyronia.bathseba","Dorycnium.pentaphyllum"
"P11","Rhodanthidium.septemdentatum","Dorycnium.pentaphyllum"
"P11","Rhodanthidium.sticticum","Dorycnium.pentaphyllum"
"P11","Smaragdina.diversipes","Dorycnium.pentaphyllum"
"P11","Stenurella.melanura","Dorycnium.pentaphyllum"
"P11","Tropinota.sp1","Dorycnium.pentaphyllum"
"P11","Acmaeodera.cylindrica","Fumana.ericifolia"
"P11","Anaspis.sp1","Fumana.ericifolia"
"P11","Andrena.djelfensis","Fumana.ericifolia"
"P11","Andrena.lepida","Fumana.ericifolia"
"P11","Andrena.nigroaenea","Fumana.ericifolia"
"P11","Andrena.senecionis","Fumana.ericifolia"
"P11","Anthaxia.millefolii","Fumana.ericifolia"
"P11","Anthaxia.scutullaris","Fumana.ericifolia"
"P11","Anthaxia.spinolae","Fumana.ericifolia"
"P11","Anthophora.dispar","Fumana.ericifolia"
"P11","Anthrenus.sp1","Fumana.ericifolia"
"P11","Apis.mellifera","Fumana.ericifolia"
"P11","Aplocnemus.calidus","Fumana.ericifolia"
"P11","Bombus.terrestris","Fumana.ericifolia"
"P11","Clytus.rhamni","Fumana.ericifolia"
"P11","Danacea.longiceps","Fumana.ericifolia"
"P11","Dasytes.nigroaeneus","Fumana.ericifolia"
"P11","Eucera.collaris","Fumana.ericifolia"
"P11","Eumerus.argyropus","Fumana.ericifolia"
"P11","Halictus.gemmeus","Fumana.ericifolia"
"P11","Halictus.scabiosae","Fumana.ericifolia"
"P11","Hylaeus.garrulus","Fumana.ericifolia"
"P11","Hylaeus.hyalinatus","Fumana.ericifolia"
"P11","Lasioglossum.albocinctum","Fumana.ericifolia"
"P11","Lasioglossum.bimaculatum","Fumana.ericifolia"
"P11","Lasioglossum.griseolum","Fumana.ericifolia"
"P11","Lasioglossum.interruptum","Fumana.ericifolia"
"P11","Lasioglossum.malachurum","Fumana.ericifolia"
"P11","Lasioglossum.subhirtum","Fumana.ericifolia"
"P11","Lasioglossum.transitorium","Fumana.ericifolia"
"P11","Lobonyx.aeneus","Fumana.ericifolia"
"P11","Meligethes.sp1","Fumana.ericifolia"
"P11","Merodon.funestus","Fumana.ericifolia"
"P11","Mordellistena.sp1","Fumana.ericifolia"
"P11","Nomada.flavoguttata","Fumana.ericifolia"
"P11","Oedemera.flavipes","Fumana.ericifolia"
"P11","Osmia.gallarum","Fumana.ericifolia"
"P11","Osmia.rufohirta","Fumana.ericifolia"
"P11","Osmia.tricornis","Fumana.ericifolia"
"P11","Oxythyrea.funesta","Fumana.ericifolia"
"P11","Platynochaetus.setosus","Fumana.ericifolia"
"P11","Protosmia.exenterata","Fumana.ericifolia"
"P11","Pyronia.bathseba","Fumana.ericifolia"
"P11","Rhodanthidium.septemdentatum","Fumana.ericifolia"
"P11","Rhodanthidium.sticticum","Fumana.ericifolia"
"P11","Smaragdina.diversipes","Fumana.ericifolia"
"P11","Stenurella.melanura","Fumana.ericifolia"
"P11","Tropinota.sp1","Fumana.ericifolia"
"P11","Acmaeodera.cylindrica","Fumana.laevipes"
"P11","Anaspis.sp1","Fumana.laevipes"
"P11","Andrena.djelfensis","Fumana.laevipes"
"P11","Andrena.lepida","Fumana.laevipes"
"P11","Andrena.nigroaenea","Fumana.laevipes"
"P11","Andrena.senecionis","Fumana.laevipes"
"P11","Anthaxia.millefolii","Fumana.laevipes"
"P11","Anthaxia.scutullaris","Fumana.laevipes"
"P11","Anthaxia.spinolae","Fumana.laevipes"
"P11","Anthophora.dispar","Fumana.laevipes"
"P11","Anthrenus.sp1","Fumana.laevipes"
"P11","Apis.mellifera","Fumana.laevipes"
"P11","Aplocnemus.calidus","Fumana.laevipes"
"P11","Bombus.terrestris","Fumana.laevipes"
"P11","Clytus.rhamni","Fumana.laevipes"
"P11","Danacea.longiceps","Fumana.laevipes"
"P11","Dasytes.nigroaeneus","Fumana.laevipes"
"P11","Eucera.collaris","Fumana.laevipes"
"P11","Eumerus.argyropus","Fumana.laevipes"
"P11","Halictus.gemmeus","Fumana.laevipes"
"P11","Halictus.scabiosae","Fumana.laevipes"
"P11","Hylaeus.garrulus","Fumana.laevipes"
"P11","Hylaeus.hyalinatus","Fumana.laevipes"
"P11","Lasioglossum.albocinctum","Fumana.laevipes"
"P11","Lasioglossum.bimaculatum","Fumana.laevipes"
"P11","Lasioglossum.griseolum","Fumana.laevipes"
"P11","Lasioglossum.interruptum","Fumana.laevipes"
"P11","Lasioglossum.malachurum","Fumana.laevipes"
"P11","Lasioglossum.subhirtum","Fumana.laevipes"
"P11","Lasioglossum.transitorium","Fumana.laevipes"
"P11","Lobonyx.aeneus","Fumana.laevipes"
"P11","Meligethes.sp1","Fumana.laevipes"
"P11","Merodon.funestus","Fumana.laevipes"
"P11","Mordellistena.sp1","Fumana.laevipes"
"P11","Nomada.flavoguttata","Fumana.laevipes"
"P11","Oedemera.flavipes","Fumana.laevipes"
"P11","Osmia.gallarum","Fumana.laevipes"
"P11","Osmia.rufohirta","Fumana.laevipes"
"P11","Osmia.tricornis","Fumana.laevipes"
"P11","Oxythyrea.funesta","Fumana.laevipes"
"P11","Platynochaetus.setosus","Fumana.laevipes"
"P11","Protosmia.exenterata","Fumana.laevipes"
"P11","Pyronia.bathseba","Fumana.laevipes"
"P11","Rhodanthidium.septemdentatum","Fumana.laevipes"
"P11","Rhodanthidium.sticticum","Fumana.laevipes"
"P11","Smaragdina.diversipes","Fumana.laevipes"
"P11","Stenurella.melanura","Fumana.laevipes"
"P11","Tropinota.sp1","Fumana.laevipes"
"P11","Acmaeodera.cylindrica","Fumana.laevis"
"P11","Anaspis.sp1","Fumana.laevis"
"P11","Andrena.djelfensis","Fumana.laevis"
"P11","Andrena.lepida","Fumana.laevis"
"P11","Andrena.nigroaenea","Fumana.laevis"
"P11","Andrena.senecionis","Fumana.laevis"
"P11","Anthaxia.millefolii","Fumana.laevis"
"P11","Anthaxia.scutullaris","Fumana.laevis"
"P11","Anthaxia.spinolae","Fumana.laevis"
"P11","Anthophora.dispar","Fumana.laevis"
"P11","Anthrenus.sp1","Fumana.laevis"
"P11","Apis.mellifera","Fumana.laevis"
"P11","Aplocnemus.calidus","Fumana.laevis"
"P11","Bombus.terrestris","Fumana.laevis"
"P11","Clytus.rhamni","Fumana.laevis"
"P11","Danacea.longiceps","Fumana.laevis"
"P11","Dasytes.nigroaeneus","Fumana.laevis"
"P11","Eucera.collaris","Fumana.laevis"
"P11","Eumerus.argyropus","Fumana.laevis"
"P11","Halictus.gemmeus","Fumana.laevis"
"P11","Halictus.scabiosae","Fumana.laevis"
"P11","Hylaeus.garrulus","Fumana.laevis"
"P11","Hylaeus.hyalinatus","Fumana.laevis"
"P11","Lasioglossum.albocinctum","Fumana.laevis"
"P11","Lasioglossum.bimaculatum","Fumana.laevis"
"P11","Lasioglossum.griseolum","Fumana.laevis"
"P11","Lasioglossum.interruptum","Fumana.laevis"
"P11","Lasioglossum.malachurum","Fumana.laevis"
"P11","Lasioglossum.subhirtum","Fumana.laevis"
"P11","Lasioglossum.transitorium","Fumana.laevis"
"P11","Lobonyx.aeneus","Fumana.laevis"
"P11","Meligethes.sp1","Fumana.laevis"
"P11","Merodon.funestus","Fumana.laevis"
"P11","Mordellistena.sp1","Fumana.laevis"
"P11","Nomada.flavoguttata","Fumana.laevis"
"P11","Oedemera.flavipes","Fumana.laevis"
"P11","Osmia.gallarum","Fumana.laevis"
"P11","Osmia.rufohirta","Fumana.laevis"
"P11","Osmia.tricornis","Fumana.laevis"
"P11","Oxythyrea.funesta","Fumana.laevis"
"P11","Platynochaetus.setosus","Fumana.laevis"
"P11","Protosmia.exenterata","Fumana.laevis"
"P11","Pyronia.bathseba","Fumana.laevis"
"P11","Rhodanthidium.septemdentatum","Fumana.laevis"
"P11","Rhodanthidium.sticticum","Fumana.laevis"
"P11","Smaragdina.diversipes","Fumana.laevis"
"P11","Stenurella.melanura","Fumana.laevis"
"P11","Tropinota.sp1","Fumana.laevis"
"P11","Acmaeodera.cylindrica","Ononis.minutissima"
"P11","Anaspis.sp1","Ononis.minutissima"
"P11","Andrena.djelfensis","Ononis.minutissima"
"P11","Andrena.lepida","Ononis.minutissima"
"P11","Andrena.nigroaenea","Ononis.minutissima"
"P11","Andrena.senecionis","Ononis.minutissima"
"P11","Anthaxia.millefolii","Ononis.minutissima"
"P11","Anthaxia.scutullaris","Ononis.minutissima"
"P11","Anthaxia.spinolae","Ononis.minutissima"
"P11","Anthophora.dispar","Ononis.minutissima"
"P11","Anthrenus.sp1","Ononis.minutissima"
"P11","Apis.mellifera","Ononis.minutissima"
"P11","Aplocnemus.calidus","Ononis.minutissima"
"P11","Bombus.terrestris","Ononis.minutissima"
"P11","Clytus.rhamni","Ononis.minutissima"
"P11","Danacea.longiceps","Ononis.minutissima"
"P11","Dasytes.nigroaeneus","Ononis.minutissima"
"P11","Eucera.collaris","Ononis.minutissima"
"P11","Eumerus.argyropus","Ononis.minutissima"
"P11","Halictus.gemmeus","Ononis.minutissima"
"P11","Halictus.scabiosae","Ononis.minutissima"
"P11","Hylaeus.garrulus","Ononis.minutissima"
"P11","Hylaeus.hyalinatus","Ononis.minutissima"
"P11","Lasioglossum.albocinctum","Ononis.minutissima"
"P11","Lasioglossum.bimaculatum","Ononis.minutissima"
"P11","Lasioglossum.griseolum","Ononis.minutissima"
"P11","Lasioglossum.interruptum","Ononis.minutissima"
"P11","Lasioglossum.malachurum","Ononis.minutissima"
"P11","Lasioglossum.subhirtum","Ononis.minutissima"
"P11","Lasioglossum.transitorium","Ononis.minutissima"
"P11","Lobonyx.aeneus","Ononis.minutissima"
"P11","Meligethes.sp1","Ononis.minutissima"
"P11","Merodon.funestus","Ononis.minutissima"
"P11","Mordellistena.sp1","Ononis.minutissima"
"P11","Nomada.flavoguttata","Ononis.minutissima"
"P11","Oedemera.flavipes","Ononis.minutissima"
"P11","Osmia.gallarum","Ononis.minutissima"
"P11","Osmia.rufohirta","Ononis.minutissima"
"P11","Osmia.tricornis","Ononis.minutissima"
"P11","Oxythyrea.funesta","Ononis.minutissima"
"P11","Platynochaetus.setosus","Ononis.minutissima"
"P11","Protosmia.exenterata","Ononis.minutissima"
"P11","Pyronia.bathseba","Ononis.minutissima"
"P11","Rhodanthidium.septemdentatum","Ononis.minutissima"
"P11","Rhodanthidium.sticticum","Ononis.minutissima"
"P11","Smaragdina.diversipes","Ononis.minutissima"
"P11","Stenurella.melanura","Ononis.minutissima"
"P11","Tropinota.sp1","Ononis.minutissima"
"P11","Acmaeodera.cylindrica","Rosmarinus.officinalis"
"P11","Anaspis.sp1","Rosmarinus.officinalis"
"P11","Andrena.djelfensis","Rosmarinus.officinalis"
"P11","Andrena.lepida","Rosmarinus.officinalis"
"P11","Andrena.nigroaenea","Rosmarinus.officinalis"
"P11","Andrena.senecionis","Rosmarinus.officinalis"
"P11","Anthaxia.millefolii","Rosmarinus.officinalis"
"P11","Anthaxia.scutullaris","Rosmarinus.officinalis"
"P11","Anthaxia.spinolae","Rosmarinus.officinalis"
"P11","Anthophora.dispar","Rosmarinus.officinalis"
"P11","Anthrenus.sp1","Rosmarinus.officinalis"
"P11","Apis.mellifera","Rosmarinus.officinalis"
"P11","Aplocnemus.calidus","Rosmarinus.officinalis"
"P11","Bombus.terrestris","Rosmarinus.officinalis"
"P11","Clytus.rhamni","Rosmarinus.officinalis"
"P11","Danacea.longiceps","Rosmarinus.officinalis"
"P11","Dasytes.nigroaeneus","Rosmarinus.officinalis"
"P11","Eucera.collaris","Rosmarinus.officinalis"
"P11","Eumerus.argyropus","Rosmarinus.officinalis"
"P11","Halictus.gemmeus","Rosmarinus.officinalis"
"P11","Halictus.scabiosae","Rosmarinus.officinalis"
"P11","Hylaeus.garrulus","Rosmarinus.officinalis"
"P11","Hylaeus.hyalinatus","Rosmarinus.officinalis"
"P11","Lasioglossum.albocinctum","Rosmarinus.officinalis"
"P11","Lasioglossum.bimaculatum","Rosmarinus.officinalis"
"P11","Lasioglossum.griseolum","Rosmarinus.officinalis"
"P11","Lasioglossum.interruptum","Rosmarinus.officinalis"
"P11","Lasioglossum.malachurum","Rosmarinus.officinalis"
"P11","Lasioglossum.subhirtum","Rosmarinus.officinalis"
"P11","Lasioglossum.transitorium","Rosmarinus.officinalis"
"P11","Lobonyx.aeneus","Rosmarinus.officinalis"
"P11","Meligethes.sp1","Rosmarinus.officinalis"
"P11","Merodon.funestus","Rosmarinus.officinalis"
"P11","Mordellistena.sp1","Rosmarinus.officinalis"
"P11","Nomada.flavoguttata","Rosmarinus.officinalis"
"P11","Oedemera.flavipes","Rosmarinus.officinalis"
"P11","Osmia.gallarum","Rosmarinus.officinalis"
"P11","Osmia.rufohirta","Rosmarinus.officinalis"
"P11","Osmia.tricornis","Rosmarinus.officinalis"
"P11","Oxythyrea.funesta","Rosmarinus.officinalis"
"P11","Platynochaetus.setosus","Rosmarinus.officinalis"
"P11","Protosmia.exenterata","Rosmarinus.officinalis"
"P11","Pyronia.bathseba","Rosmarinus.officinalis"
"P11","Rhodanthidium.septemdentatum","Rosmarinus.officinalis"
"P11","Rhodanthidium.sticticum","Rosmarinus.officinalis"
"P11","Smaragdina.diversipes","Rosmarinus.officinalis"
"P11","Stenurella.melanura","Rosmarinus.officinalis"
"P11","Tropinota.sp1","Rosmarinus.officinalis"
"P11","Acmaeodera.cylindrica","Teucrium.chamaedrys"
"P11","Anaspis.sp1","Teucrium.chamaedrys"
"P11","Andrena.djelfensis","Teucrium.chamaedrys"
"P11","Andrena.lepida","Teucrium.chamaedrys"
"P11","Andrena.nigroaenea","Teucrium.chamaedrys"
"P11","Andrena.senecionis","Teucrium.chamaedrys"
"P11","Anthaxia.millefolii","Teucrium.chamaedrys"
"P11","Anthaxia.scutullaris","Teucrium.chamaedrys"
"P11","Anthaxia.spinolae","Teucrium.chamaedrys"
"P11","Anthophora.dispar","Teucrium.chamaedrys"
"P11","Anthrenus.sp1","Teucrium.chamaedrys"
"P11","Apis.mellifera","Teucrium.chamaedrys"
"P11","Aplocnemus.calidus","Teucrium.chamaedrys"
"P11","Bombus.terrestris","Teucrium.chamaedrys"
"P11","Clytus.rhamni","Teucrium.chamaedrys"
"P11","Danacea.longiceps","Teucrium.chamaedrys"
"P11","Dasytes.nigroaeneus","Teucrium.chamaedrys"
"P11","Eucera.collaris","Teucrium.chamaedrys"
"P11","Eumerus.argyropus","Teucrium.chamaedrys"
"P11","Halictus.gemmeus","Teucrium.chamaedrys"
"P11","Halictus.scabiosae","Teucrium.chamaedrys"
"P11","Hylaeus.garrulus","Teucrium.chamaedrys"
"P11","Hylaeus.hyalinatus","Teucrium.chamaedrys"
"P11","Lasioglossum.albocinctum","Teucrium.chamaedrys"
"P11","Lasioglossum.bimaculatum","Teucrium.chamaedrys"
"P11","Lasioglossum.griseolum","Teucrium.chamaedrys"
"P11","Lasioglossum.interruptum","Teucrium.chamaedrys"
"P11","Lasioglossum.malachurum","Teucrium.chamaedrys"
"P11","Lasioglossum.subhirtum","Teucrium.chamaedrys"
"P11","Lasioglossum.transitorium","Teucrium.chamaedrys"
"P11","Lobonyx.aeneus","Teucrium.chamaedrys"
"P11","Meligethes.sp1","Teucrium.chamaedrys"
"P11","Merodon.funestus","Teucrium.chamaedrys"
"P11","Mordellistena.sp1","Teucrium.chamaedrys"
"P11","Nomada.flavoguttata","Teucrium.chamaedrys"
"P11","Oedemera.flavipes","Teucrium.chamaedrys"
"P11","Osmia.gallarum","Teucrium.chamaedrys"
"P11","Osmia.rufohirta","Teucrium.chamaedrys"
"P11","Osmia.tricornis","Teucrium.chamaedrys"
"P11","Oxythyrea.funesta","Teucrium.chamaedrys"
"P11","Platynochaetus.setosus","Teucrium.chamaedrys"
"P11","Protosmia.exenterata","Teucrium.chamaedrys"
"P11","Pyronia.bathseba","Teucrium.chamaedrys"
"P11","Rhodanthidium.septemdentatum","Teucrium.chamaedrys"
"P11","Rhodanthidium.sticticum","Teucrium.chamaedrys"
"P11","Smaragdina.diversipes","Teucrium.chamaedrys"
"P11","Stenurella.melanura","Teucrium.chamaedrys"
"P11","Tropinota.sp1","Teucrium.chamaedrys"
"P11","Acmaeodera.cylindrica","Thymus.vulgaris"
"P11","Anaspis.sp1","Thymus.vulgaris"
"P11","Andrena.djelfensis","Thymus.vulgaris"
"P11","Andrena.lepida","Thymus.vulgaris"
"P11","Andrena.nigroaenea","Thymus.vulgaris"
"P11","Andrena.senecionis","Thymus.vulgaris"
"P11","Anthaxia.millefolii","Thymus.vulgaris"
"P11","Anthaxia.scutullaris","Thymus.vulgaris"
"P11","Anthaxia.spinolae","Thymus.vulgaris"
"P11","Anthophora.dispar","Thymus.vulgaris"
"P11","Anthrenus.sp1","Thymus.vulgaris"
"P11","Apis.mellifera","Thymus.vulgaris"
"P11","Aplocnemus.calidus","Thymus.vulgaris"
"P11","Bombus.terrestris","Thymus.vulgaris"
"P11","Clytus.rhamni","Thymus.vulgaris"
"P11","Danacea.longiceps","Thymus.vulgaris"
"P11","Dasytes.nigroaeneus","Thymus.vulgaris"
"P11","Eucera.collaris","Thymus.vulgaris"
"P11","Eumerus.argyropus","Thymus.vulgaris"
"P11","Halictus.gemmeus","Thymus.vulgaris"
"P11","Halictus.scabiosae","Thymus.vulgaris"
"P11","Hylaeus.garrulus","Thymus.vulgaris"
"P11","Hylaeus.hyalinatus","Thymus.vulgaris"
"P11","Lasioglossum.albocinctum","Thymus.vulgaris"
"P11","Lasioglossum.bimaculatum","Thymus.vulgaris"
"P11","Lasioglossum.griseolum","Thymus.vulgaris"
"P11","Lasioglossum.interruptum","Thymus.vulgaris"
"P11","Lasioglossum.malachurum","Thymus.vulgaris"
"P11","Lasioglossum.subhirtum","Thymus.vulgaris"
"P11","Lasioglossum.transitorium","Thymus.vulgaris"
"P11","Lobonyx.aeneus","Thymus.vulgaris"
"P11","Meligethes.sp1","Thymus.vulgaris"
"P11","Merodon.funestus","Thymus.vulgaris"
"P11","Mordellistena.sp1","Thymus.vulgaris"
"P11","Nomada.flavoguttata","Thymus.vulgaris"
"P11","Oedemera.flavipes","Thymus.vulgaris"
"P11","Osmia.gallarum","Thymus.vulgaris"
"P11","Osmia.rufohirta","Thymus.vulgaris"
"P11","Osmia.tricornis","Thymus.vulgaris"
"P11","Oxythyrea.funesta","Thymus.vulgaris"
"P11","Platynochaetus.setosus","Thymus.vulgaris"
"P11","Protosmia.exenterata","Thymus.vulgaris"
"P11","Pyronia.bathseba","Thymus.vulgaris"
"P11","Rhodanthidium.septemdentatum","Thymus.vulgaris"
"P11","Rhodanthidium.sticticum","Thymus.vulgaris"
"P11","Smaragdina.diversipes","Thymus.vulgaris"
"P11","Stenurella.melanura","Thymus.vulgaris"
"P11","Tropinota.sp1","Thymus.vulgaris"
"P12","Acmaeodera.cylindrica","Aphyllanthes.monspeliensis"
"P12","Adelidae.sp1","Aphyllanthes.monspeliensis"
"P12","Anaspis.sp1","Aphyllanthes.monspeliensis"
"P12","Andrena.djelfensis","Aphyllanthes.monspeliensis"
"P12","Andrena.flavipes","Aphyllanthes.monspeliensis"
"P12","Andrena.lepida","Aphyllanthes.monspeliensis"
"P12","Andrena.nigroaenea","Aphyllanthes.monspeliensis"
"P12","Andrena.senecionis","Aphyllanthes.monspeliensis"
"P12","Anthaxia.millefolii","Aphyllanthes.monspeliensis"
"P12","Anthaxia.scutullaris","Aphyllanthes.monspeliensis"
"P12","Anthaxia.spinolae","Aphyllanthes.monspeliensis"
"P12","Anthophora.acervorum","Aphyllanthes.monspeliensis"
"P12","Anthophora.dispar","Aphyllanthes.monspeliensis"
"P12","Apis.mellifera","Aphyllanthes.monspeliensis"
"P12","Aplocnemus.calidus","Aphyllanthes.monspeliensis"
"P12","Athalia.bicolor","Aphyllanthes.monspeliensis"
"P12","Athalia.sp1","Aphyllanthes.monspeliensis"
"P12","Bombus.terrestris","Aphyllanthes.monspeliensis"
"P12","Bruchus.viciae","Aphyllanthes.monspeliensis"
"P12","Ceratina.cucurbitina","Aphyllanthes.monspeliensis"
"P12","Chrysotoxum.cautum","Aphyllanthes.monspeliensis"
"P12","Clytra.quadripunctata","Aphyllanthes.monspeliensis"
"P12","Clytus.rhamni","Aphyllanthes.monspeliensis"
"P12","Danacea.longiceps","Aphyllanthes.monspeliensis"
"P12","Dasytes.nigroaeneus","Aphyllanthes.monspeliensis"
"P12","Eristalis.tenax","Aphyllanthes.monspeliensis"
"P12","Euchloe.crameri","Aphyllanthes.monspeliensis"
"P12","Eumerus.argyropus","Aphyllanthes.monspeliensis"
"P12","Halictus.scabiosae","Aphyllanthes.monspeliensis"
"P12","Hemipenthes sp.1","Aphyllanthes.monspeliensis"
"P12","Hylaeus.hyalinatus","Aphyllanthes.monspeliensis"
"P12","Hylaeus.taeniolatus","Aphyllanthes.monspeliensis"
"P12","Lasioglossum.albocinctum","Aphyllanthes.monspeliensis"
"P12","Lasioglossum.bimaculatum","Aphyllanthes.monspeliensis"
"P12","Lasioglossum.griseolum","Aphyllanthes.monspeliensis"
"P12","Lasioglossum.malachurum","Aphyllanthes.monspeliensis"
"P12","Lasioglossum.subhirtum","Aphyllanthes.monspeliensis"
"P12","Lasioglossum.transitorium","Aphyllanthes.monspeliensis"
"P12","Lasiommata.megera","Aphyllanthes.monspeliensis"
"P12","Lobonyx.aeneus","Aphyllanthes.monspeliensis"
"P12","Megachile.pyrenaica","Aphyllanthes.monspeliensis"
"P12","Melanargia.occitanica","Aphyllanthes.monspeliensis"
"P12","Meligethes.sp1","Aphyllanthes.monspeliensis"
"P12","Merodon.funestus","Aphyllanthes.monspeliensis"
"P12","Merodon.sp7/9","Aphyllanthes.monspeliensis"
"P12","Minoa.murinata","Aphyllanthes.monspeliensis"
"P12","Mordellistena.sp1","Aphyllanthes.monspeliensis"
"P12","Mordellistena.sp4","Aphyllanthes.monspeliensis"
"P12","Oedemera.flavipes","Aphyllanthes.monspeliensis"
"P12","Osmia.gallarum","Aphyllanthes.monspeliensis"
"P12","Osmia.melanogaster/leaiana","Aphyllanthes.monspeliensis"
"P12","Osmia.rufohirta","Aphyllanthes.monspeliensis"
"P12","Oxythyrea.funesta","Aphyllanthes.monspeliensis"
"P12","Panurgus.dentipes","Aphyllanthes.monspeliensis"
"P12","Platynochaetus.setosus","Aphyllanthes.monspeliensis"
"P12","Polistes.dominulus","Aphyllanthes.monspeliensis"
"P12","Protosmia.exenterata","Aphyllanthes.monspeliensis"
"P12","Psilothrix.viridicoerulea","Aphyllanthes.monspeliensis"
"P12","Pyronia.bathseba","Aphyllanthes.monspeliensis"
"P12","Rhodanthidium.septemdentatum","Aphyllanthes.monspeliensis"
"P12","Rhodanthidium.sticticum","Aphyllanthes.monspeliensis"
"P12","Scaeva.pyvastri","Aphyllanthes.monspeliensis"
"P12","Tropinota.sp1","Aphyllanthes.monspeliensis"
"P12","Tropinota.squalida","Aphyllanthes.monspeliensis"
"P12","Trypoxylon.sp1","Aphyllanthes.monspeliensis"
"P12","Zygaena.sp1","Aphyllanthes.monspeliensis"
"P12","Acmaeodera.cylindrica","Biscutella.laevigata"
"P12","Adelidae.sp1","Biscutella.laevigata"
"P12","Anaspis.sp1","Biscutella.laevigata"
"P12","Andrena.djelfensis","Biscutella.laevigata"
"P12","Andrena.flavipes","Biscutella.laevigata"
"P12","Andrena.lepida","Biscutella.laevigata"
"P12","Andrena.nigroaenea","Biscutella.laevigata"
"P12","Andrena.senecionis","Biscutella.laevigata"
"P12","Anthaxia.millefolii","Biscutella.laevigata"
"P12","Anthaxia.scutullaris","Biscutella.laevigata"
"P12","Anthaxia.spinolae","Biscutella.laevigata"
"P12","Anthophora.acervorum","Biscutella.laevigata"
"P12","Anthophora.dispar","Biscutella.laevigata"
"P12","Apis.mellifera","Biscutella.laevigata"
"P12","Aplocnemus.calidus","Biscutella.laevigata"
"P12","Athalia.bicolor","Biscutella.laevigata"
"P12","Athalia.sp1","Biscutella.laevigata"
"P12","Bombus.terrestris","Biscutella.laevigata"
"P12","Bruchus.viciae","Biscutella.laevigata"
"P12","Ceratina.cucurbitina","Biscutella.laevigata"
"P12","Chrysotoxum.cautum","Biscutella.laevigata"
"P12","Clytra.quadripunctata","Biscutella.laevigata"
"P12","Clytus.rhamni","Biscutella.laevigata"
"P12","Danacea.longiceps","Biscutella.laevigata"
"P12","Dasytes.nigroaeneus","Biscutella.laevigata"
"P12","Eristalis.tenax","Biscutella.laevigata"
"P12","Euchloe.crameri","Biscutella.laevigata"
"P12","Eumerus.argyropus","Biscutella.laevigata"
"P12","Halictus.scabiosae","Biscutella.laevigata"
"P12","Hemipenthes sp.1","Biscutella.laevigata"
"P12","Hylaeus.hyalinatus","Biscutella.laevigata"
"P12","Hylaeus.taeniolatus","Biscutella.laevigata"
"P12","Lasioglossum.albocinctum","Biscutella.laevigata"
"P12","Lasioglossum.bimaculatum","Biscutella.laevigata"
"P12","Lasioglossum.griseolum","Biscutella.laevigata"
"P12","Lasioglossum.malachurum","Biscutella.laevigata"
"P12","Lasioglossum.subhirtum","Biscutella.laevigata"
"P12","Lasioglossum.transitorium","Biscutella.laevigata"
"P12","Lasiommata.megera","Biscutella.laevigata"
"P12","Lobonyx.aeneus","Biscutella.laevigata"
"P12","Megachile.pyrenaica","Biscutella.laevigata"
"P12","Melanargia.occitanica","Biscutella.laevigata"
"P12","Meligethes.sp1","Biscutella.laevigata"
"P12","Merodon.funestus","Biscutella.laevigata"
"P12","Merodon.sp7/9","Biscutella.laevigata"
"P12","Minoa.murinata","Biscutella.laevigata"
"P12","Mordellistena.sp1","Biscutella.laevigata"
"P12","Mordellistena.sp4","Biscutella.laevigata"
"P12","Oedemera.flavipes","Biscutella.laevigata"
"P12","Osmia.gallarum","Biscutella.laevigata"
"P12","Osmia.melanogaster/leaiana","Biscutella.laevigata"
"P12","Osmia.rufohirta","Biscutella.laevigata"
"P12","Oxythyrea.funesta","Biscutella.laevigata"
"P12","Panurgus.dentipes","Biscutella.laevigata"
"P12","Platynochaetus.setosus","Biscutella.laevigata"
"P12","Polistes.dominulus","Biscutella.laevigata"
"P12","Protosmia.exenterata","Biscutella.laevigata"
"P12","Psilothrix.viridicoerulea","Biscutella.laevigata"
"P12","Pyronia.bathseba","Biscutella.laevigata"
"P12","Rhodanthidium.septemdentatum","Biscutella.laevigata"
"P12","Rhodanthidium.sticticum","Biscutella.laevigata"
"P12","Scaeva.pyvastri","Biscutella.laevigata"
"P12","Tropinota.sp1","Biscutella.laevigata"
"P12","Tropinota.squalida","Biscutella.laevigata"
"P12","Trypoxylon.sp1","Biscutella.laevigata"
"P12","Zygaena.sp1","Biscutella.laevigata"
"P12","Acmaeodera.cylindrica","Centaurea.linifolia."
"P12","Adelidae.sp1","Centaurea.linifolia."
"P12","Anaspis.sp1","Centaurea.linifolia."
"P12","Andrena.djelfensis","Centaurea.linifolia."
"P12","Andrena.flavipes","Centaurea.linifolia."
"P12","Andrena.lepida","Centaurea.linifolia."
"P12","Andrena.nigroaenea","Centaurea.linifolia."
"P12","Andrena.senecionis","Centaurea.linifolia."
"P12","Anthaxia.millefolii","Centaurea.linifolia."
"P12","Anthaxia.scutullaris","Centaurea.linifolia."
"P12","Anthaxia.spinolae","Centaurea.linifolia."
"P12","Anthophora.acervorum","Centaurea.linifolia."
"P12","Anthophora.dispar","Centaurea.linifolia."
"P12","Apis.mellifera","Centaurea.linifolia."
"P12","Aplocnemus.calidus","Centaurea.linifolia."
"P12","Athalia.bicolor","Centaurea.linifolia."
"P12","Athalia.sp1","Centaurea.linifolia."
"P12","Bombus.terrestris","Centaurea.linifolia."
"P12","Bruchus.viciae","Centaurea.linifolia."
"P12","Ceratina.cucurbitina","Centaurea.linifolia."
"P12","Chrysotoxum.cautum","Centaurea.linifolia."
"P12","Clytra.quadripunctata","Centaurea.linifolia."
"P12","Clytus.rhamni","Centaurea.linifolia."
"P12","Danacea.longiceps","Centaurea.linifolia."
"P12","Dasytes.nigroaeneus","Centaurea.linifolia."
"P12","Eristalis.tenax","Centaurea.linifolia."
"P12","Euchloe.crameri","Centaurea.linifolia."
"P12","Eumerus.argyropus","Centaurea.linifolia."
"P12","Halictus.scabiosae","Centaurea.linifolia."
"P12","Hemipenthes sp.1","Centaurea.linifolia."
"P12","Hylaeus.hyalinatus","Centaurea.linifolia."
"P12","Hylaeus.taeniolatus","Centaurea.linifolia."
"P12","Lasioglossum.albocinctum","Centaurea.linifolia."
"P12","Lasioglossum.bimaculatum","Centaurea.linifolia."
"P12","Lasioglossum.griseolum","Centaurea.linifolia."
"P12","Lasioglossum.malachurum","Centaurea.linifolia."
"P12","Lasioglossum.subhirtum","Centaurea.linifolia."
"P12","Lasioglossum.transitorium","Centaurea.linifolia."
"P12","Lasiommata.megera","Centaurea.linifolia."
"P12","Lobonyx.aeneus","Centaurea.linifolia."
"P12","Megachile.pyrenaica","Centaurea.linifolia."
"P12","Melanargia.occitanica","Centaurea.linifolia."
"P12","Meligethes.sp1","Centaurea.linifolia."
"P12","Merodon.funestus","Centaurea.linifolia."
"P12","Merodon.sp7/9","Centaurea.linifolia."
"P12","Minoa.murinata","Centaurea.linifolia."
"P12","Mordellistena.sp1","Centaurea.linifolia."
"P12","Mordellistena.sp4","Centaurea.linifolia."
"P12","Oedemera.flavipes","Centaurea.linifolia."
"P12","Osmia.gallarum","Centaurea.linifolia."
"P12","Osmia.melanogaster/leaiana","Centaurea.linifolia."
"P12","Osmia.rufohirta","Centaurea.linifolia."
"P12","Oxythyrea.funesta","Centaurea.linifolia."
"P12","Panurgus.dentipes","Centaurea.linifolia."
"P12","Platynochaetus.setosus","Centaurea.linifolia."
"P12","Polistes.dominulus","Centaurea.linifolia."
"P12","Protosmia.exenterata","Centaurea.linifolia."
"P12","Psilothrix.viridicoerulea","Centaurea.linifolia."
"P12","Pyronia.bathseba","Centaurea.linifolia."
"P12","Rhodanthidium.septemdentatum","Centaurea.linifolia."
"P12","Rhodanthidium.sticticum","Centaurea.linifolia."
"P12","Scaeva.pyvastri","Centaurea.linifolia."
"P12","Tropinota.sp1","Centaurea.linifolia."
"P12","Tropinota.squalida","Centaurea.linifolia."
"P12","Trypoxylon.sp1","Centaurea.linifolia."
"P12","Zygaena.sp1","Centaurea.linifolia."
"P12","Acmaeodera.cylindrica","Cistus.albidus"
"P12","Adelidae.sp1","Cistus.albidus"
"P12","Anaspis.sp1","Cistus.albidus"
"P12","Andrena.djelfensis","Cistus.albidus"
"P12","Andrena.flavipes","Cistus.albidus"
"P12","Andrena.lepida","Cistus.albidus"
"P12","Andrena.nigroaenea","Cistus.albidus"
"P12","Andrena.senecionis","Cistus.albidus"
"P12","Anthaxia.millefolii","Cistus.albidus"
"P12","Anthaxia.scutullaris","Cistus.albidus"
"P12","Anthaxia.spinolae","Cistus.albidus"
"P12","Anthophora.acervorum","Cistus.albidus"
"P12","Anthophora.dispar","Cistus.albidus"
"P12","Apis.mellifera","Cistus.albidus"
"P12","Aplocnemus.calidus","Cistus.albidus"
"P12","Athalia.bicolor","Cistus.albidus"
"P12","Athalia.sp1","Cistus.albidus"
"P12","Bombus.terrestris","Cistus.albidus"
"P12","Bruchus.viciae","Cistus.albidus"
"P12","Ceratina.cucurbitina","Cistus.albidus"
"P12","Chrysotoxum.cautum","Cistus.albidus"
"P12","Clytra.quadripunctata","Cistus.albidus"
"P12","Clytus.rhamni","Cistus.albidus"
"P12","Danacea.longiceps","Cistus.albidus"
"P12","Dasytes.nigroaeneus","Cistus.albidus"
"P12","Eristalis.tenax","Cistus.albidus"
"P12","Euchloe.crameri","Cistus.albidus"
"P12","Eumerus.argyropus","Cistus.albidus"
"P12","Halictus.scabiosae","Cistus.albidus"
"P12","Hemipenthes sp.1","Cistus.albidus"
"P12","Hylaeus.hyalinatus","Cistus.albidus"
"P12","Hylaeus.taeniolatus","Cistus.albidus"
"P12","Lasioglossum.albocinctum","Cistus.albidus"
"P12","Lasioglossum.bimaculatum","Cistus.albidus"
"P12","Lasioglossum.griseolum","Cistus.albidus"
"P12","Lasioglossum.malachurum","Cistus.albidus"
"P12","Lasioglossum.subhirtum","Cistus.albidus"
"P12","Lasioglossum.transitorium","Cistus.albidus"
"P12","Lasiommata.megera","Cistus.albidus"
"P12","Lobonyx.aeneus","Cistus.albidus"
"P12","Megachile.pyrenaica","Cistus.albidus"
"P12","Melanargia.occitanica","Cistus.albidus"
"P12","Meligethes.sp1","Cistus.albidus"
"P12","Merodon.funestus","Cistus.albidus"
"P12","Merodon.sp7/9","Cistus.albidus"
"P12","Minoa.murinata","Cistus.albidus"
"P12","Mordellistena.sp1","Cistus.albidus"
"P12","Mordellistena.sp4","Cistus.albidus"
"P12","Oedemera.flavipes","Cistus.albidus"
"P12","Osmia.gallarum","Cistus.albidus"
"P12","Osmia.melanogaster/leaiana","Cistus.albidus"
"P12","Osmia.rufohirta","Cistus.albidus"
"P12","Oxythyrea.funesta","Cistus.albidus"
"P12","Panurgus.dentipes","Cistus.albidus"
"P12","Platynochaetus.setosus","Cistus.albidus"
"P12","Polistes.dominulus","Cistus.albidus"
"P12","Protosmia.exenterata","Cistus.albidus"
"P12","Psilothrix.viridicoerulea","Cistus.albidus"
"P12","Pyronia.bathseba","Cistus.albidus"
"P12","Rhodanthidium.septemdentatum","Cistus.albidus"
"P12","Rhodanthidium.sticticum","Cistus.albidus"
"P12","Scaeva.pyvastri","Cistus.albidus"
"P12","Tropinota.sp1","Cistus.albidus"
"P12","Tropinota.squalida","Cistus.albidus"
"P12","Trypoxylon.sp1","Cistus.albidus"
"P12","Zygaena.sp1","Cistus.albidus"
"P12","Acmaeodera.cylindrica","Cistus.salviifolius"
"P12","Adelidae.sp1","Cistus.salviifolius"
"P12","Anaspis.sp1","Cistus.salviifolius"
"P12","Andrena.djelfensis","Cistus.salviifolius"
"P12","Andrena.flavipes","Cistus.salviifolius"
"P12","Andrena.lepida","Cistus.salviifolius"
"P12","Andrena.nigroaenea","Cistus.salviifolius"
"P12","Andrena.senecionis","Cistus.salviifolius"
"P12","Anthaxia.millefolii","Cistus.salviifolius"
"P12","Anthaxia.scutullaris","Cistus.salviifolius"
"P12","Anthaxia.spinolae","Cistus.salviifolius"
"P12","Anthophora.acervorum","Cistus.salviifolius"
"P12","Anthophora.dispar","Cistus.salviifolius"
"P12","Apis.mellifera","Cistus.salviifolius"
"P12","Aplocnemus.calidus","Cistus.salviifolius"
"P12","Athalia.bicolor","Cistus.salviifolius"
"P12","Athalia.sp1","Cistus.salviifolius"
"P12","Bombus.terrestris","Cistus.salviifolius"
"P12","Bruchus.viciae","Cistus.salviifolius"
"P12","Ceratina.cucurbitina","Cistus.salviifolius"
"P12","Chrysotoxum.cautum","Cistus.salviifolius"
"P12","Clytra.quadripunctata","Cistus.salviifolius"
"P12","Clytus.rhamni","Cistus.salviifolius"
"P12","Danacea.longiceps","Cistus.salviifolius"
"P12","Dasytes.nigroaeneus","Cistus.salviifolius"
"P12","Eristalis.tenax","Cistus.salviifolius"
"P12","Euchloe.crameri","Cistus.salviifolius"
"P12","Eumerus.argyropus","Cistus.salviifolius"
"P12","Halictus.scabiosae","Cistus.salviifolius"
"P12","Hemipenthes sp.1","Cistus.salviifolius"
"P12","Hylaeus.hyalinatus","Cistus.salviifolius"
"P12","Hylaeus.taeniolatus","Cistus.salviifolius"
"P12","Lasioglossum.albocinctum","Cistus.salviifolius"
"P12","Lasioglossum.bimaculatum","Cistus.salviifolius"
"P12","Lasioglossum.griseolum","Cistus.salviifolius"
"P12","Lasioglossum.malachurum","Cistus.salviifolius"
"P12","Lasioglossum.subhirtum","Cistus.salviifolius"
"P12","Lasioglossum.transitorium","Cistus.salviifolius"
"P12","Lasiommata.megera","Cistus.salviifolius"
"P12","Lobonyx.aeneus","Cistus.salviifolius"
"P12","Megachile.pyrenaica","Cistus.salviifolius"
"P12","Melanargia.occitanica","Cistus.salviifolius"
"P12","Meligethes.sp1","Cistus.salviifolius"
"P12","Merodon.funestus","Cistus.salviifolius"
"P12","Merodon.sp7/9","Cistus.salviifolius"
"P12","Minoa.murinata","Cistus.salviifolius"
"P12","Mordellistena.sp1","Cistus.salviifolius"
"P12","Mordellistena.sp4","Cistus.salviifolius"
"P12","Oedemera.flavipes","Cistus.salviifolius"
"P12","Osmia.gallarum","Cistus.salviifolius"
"P12","Osmia.melanogaster/leaiana","Cistus.salviifolius"
"P12","Osmia.rufohirta","Cistus.salviifolius"
"P12","Oxythyrea.funesta","Cistus.salviifolius"
"P12","Panurgus.dentipes","Cistus.salviifolius"
"P12","Platynochaetus.setosus","Cistus.salviifolius"
"P12","Polistes.dominulus","Cistus.salviifolius"
"P12","Protosmia.exenterata","Cistus.salviifolius"
"P12","Psilothrix.viridicoerulea","Cistus.salviifolius"
"P12","Pyronia.bathseba","Cistus.salviifolius"
"P12","Rhodanthidium.septemdentatum","Cistus.salviifolius"
"P12","Rhodanthidium.sticticum","Cistus.salviifolius"
"P12","Scaeva.pyvastri","Cistus.salviifolius"
"P12","Tropinota.sp1","Cistus.salviifolius"
"P12","Tropinota.squalida","Cistus.salviifolius"
"P12","Trypoxylon.sp1","Cistus.salviifolius"
"P12","Zygaena.sp1","Cistus.salviifolius"
"P12","Acmaeodera.cylindrica","Dorycnium.pentaphyllum"
"P12","Adelidae.sp1","Dorycnium.pentaphyllum"
"P12","Anaspis.sp1","Dorycnium.pentaphyllum"
"P12","Andrena.djelfensis","Dorycnium.pentaphyllum"
"P12","Andrena.flavipes","Dorycnium.pentaphyllum"
"P12","Andrena.lepida","Dorycnium.pentaphyllum"
"P12","Andrena.nigroaenea","Dorycnium.pentaphyllum"
"P12","Andrena.senecionis","Dorycnium.pentaphyllum"
"P12","Anthaxia.millefolii","Dorycnium.pentaphyllum"
"P12","Anthaxia.scutullaris","Dorycnium.pentaphyllum"
"P12","Anthaxia.spinolae","Dorycnium.pentaphyllum"
"P12","Anthophora.acervorum","Dorycnium.pentaphyllum"
"P12","Anthophora.dispar","Dorycnium.pentaphyllum"
"P12","Apis.mellifera","Dorycnium.pentaphyllum"
"P12","Aplocnemus.calidus","Dorycnium.pentaphyllum"
"P12","Athalia.bicolor","Dorycnium.pentaphyllum"
"P12","Athalia.sp1","Dorycnium.pentaphyllum"
"P12","Bombus.terrestris","Dorycnium.pentaphyllum"
"P12","Bruchus.viciae","Dorycnium.pentaphyllum"
"P12","Ceratina.cucurbitina","Dorycnium.pentaphyllum"
"P12","Chrysotoxum.cautum","Dorycnium.pentaphyllum"
"P12","Clytra.quadripunctata","Dorycnium.pentaphyllum"
"P12","Clytus.rhamni","Dorycnium.pentaphyllum"
"P12","Danacea.longiceps","Dorycnium.pentaphyllum"
"P12","Dasytes.nigroaeneus","Dorycnium.pentaphyllum"
"P12","Eristalis.tenax","Dorycnium.pentaphyllum"
"P12","Euchloe.crameri","Dorycnium.pentaphyllum"
"P12","Eumerus.argyropus","Dorycnium.pentaphyllum"
"P12","Halictus.scabiosae","Dorycnium.pentaphyllum"
"P12","Hemipenthes sp.1","Dorycnium.pentaphyllum"
"P12","Hylaeus.hyalinatus","Dorycnium.pentaphyllum"
"P12","Hylaeus.taeniolatus","Dorycnium.pentaphyllum"
"P12","Lasioglossum.albocinctum","Dorycnium.pentaphyllum"
"P12","Lasioglossum.bimaculatum","Dorycnium.pentaphyllum"
"P12","Lasioglossum.griseolum","Dorycnium.pentaphyllum"
"P12","Lasioglossum.malachurum","Dorycnium.pentaphyllum"
"P12","Lasioglossum.subhirtum","Dorycnium.pentaphyllum"
"P12","Lasioglossum.transitorium","Dorycnium.pentaphyllum"
"P12","Lasiommata.megera","Dorycnium.pentaphyllum"
"P12","Lobonyx.aeneus","Dorycnium.pentaphyllum"
"P12","Megachile.pyrenaica","Dorycnium.pentaphyllum"
"P12","Melanargia.occitanica","Dorycnium.pentaphyllum"
"P12","Meligethes.sp1","Dorycnium.pentaphyllum"
"P12","Merodon.funestus","Dorycnium.pentaphyllum"
"P12","Merodon.sp7/9","Dorycnium.pentaphyllum"
"P12","Minoa.murinata","Dorycnium.pentaphyllum"
"P12","Mordellistena.sp1","Dorycnium.pentaphyllum"
"P12","Mordellistena.sp4","Dorycnium.pentaphyllum"
"P12","Oedemera.flavipes","Dorycnium.pentaphyllum"
"P12","Osmia.gallarum","Dorycnium.pentaphyllum"
"P12","Osmia.melanogaster/leaiana","Dorycnium.pentaphyllum"
"P12","Osmia.rufohirta","Dorycnium.pentaphyllum"
"P12","Oxythyrea.funesta","Dorycnium.pentaphyllum"
"P12","Panurgus.dentipes","Dorycnium.pentaphyllum"
"P12","Platynochaetus.setosus","Dorycnium.pentaphyllum"
"P12","Polistes.dominulus","Dorycnium.pentaphyllum"
"P12","Protosmia.exenterata","Dorycnium.pentaphyllum"
"P12","Psilothrix.viridicoerulea","Dorycnium.pentaphyllum"
"P12","Pyronia.bathseba","Dorycnium.pentaphyllum"
"P12","Rhodanthidium.septemdentatum","Dorycnium.pentaphyllum"
"P12","Rhodanthidium.sticticum","Dorycnium.pentaphyllum"
"P12","Scaeva.pyvastri","Dorycnium.pentaphyllum"
"P12","Tropinota.sp1","Dorycnium.pentaphyllum"
"P12","Tropinota.squalida","Dorycnium.pentaphyllum"
"P12","Trypoxylon.sp1","Dorycnium.pentaphyllum"
"P12","Zygaena.sp1","Dorycnium.pentaphyllum"
"P12","Acmaeodera.cylindrica","Euphorbia.flavicoma"
"P12","Adelidae.sp1","Euphorbia.flavicoma"
"P12","Anaspis.sp1","Euphorbia.flavicoma"
"P12","Andrena.djelfensis","Euphorbia.flavicoma"
"P12","Andrena.flavipes","Euphorbia.flavicoma"
"P12","Andrena.lepida","Euphorbia.flavicoma"
"P12","Andrena.nigroaenea","Euphorbia.flavicoma"
"P12","Andrena.senecionis","Euphorbia.flavicoma"
"P12","Anthaxia.millefolii","Euphorbia.flavicoma"
"P12","Anthaxia.scutullaris","Euphorbia.flavicoma"
"P12","Anthaxia.spinolae","Euphorbia.flavicoma"
"P12","Anthophora.acervorum","Euphorbia.flavicoma"
"P12","Anthophora.dispar","Euphorbia.flavicoma"
"P12","Apis.mellifera","Euphorbia.flavicoma"
"P12","Aplocnemus.calidus","Euphorbia.flavicoma"
"P12","Athalia.bicolor","Euphorbia.flavicoma"
"P12","Athalia.sp1","Euphorbia.flavicoma"
"P12","Bombus.terrestris","Euphorbia.flavicoma"
"P12","Bruchus.viciae","Euphorbia.flavicoma"
"P12","Ceratina.cucurbitina","Euphorbia.flavicoma"
"P12","Chrysotoxum.cautum","Euphorbia.flavicoma"
"P12","Clytra.quadripunctata","Euphorbia.flavicoma"
"P12","Clytus.rhamni","Euphorbia.flavicoma"
"P12","Danacea.longiceps","Euphorbia.flavicoma"
"P12","Dasytes.nigroaeneus","Euphorbia.flavicoma"
"P12","Eristalis.tenax","Euphorbia.flavicoma"
"P12","Euchloe.crameri","Euphorbia.flavicoma"
"P12","Eumerus.argyropus","Euphorbia.flavicoma"
"P12","Halictus.scabiosae","Euphorbia.flavicoma"
"P12","Hemipenthes sp.1","Euphorbia.flavicoma"
"P12","Hylaeus.hyalinatus","Euphorbia.flavicoma"
"P12","Hylaeus.taeniolatus","Euphorbia.flavicoma"
"P12","Lasioglossum.albocinctum","Euphorbia.flavicoma"
"P12","Lasioglossum.bimaculatum","Euphorbia.flavicoma"
"P12","Lasioglossum.griseolum","Euphorbia.flavicoma"
"P12","Lasioglossum.malachurum","Euphorbia.flavicoma"
"P12","Lasioglossum.subhirtum","Euphorbia.flavicoma"
"P12","Lasioglossum.transitorium","Euphorbia.flavicoma"
"P12","Lasiommata.megera","Euphorbia.flavicoma"
"P12","Lobonyx.aeneus","Euphorbia.flavicoma"
"P12","Megachile.pyrenaica","Euphorbia.flavicoma"
"P12","Melanargia.occitanica","Euphorbia.flavicoma"
"P12","Meligethes.sp1","Euphorbia.flavicoma"
"P12","Merodon.funestus","Euphorbia.flavicoma"
"P12","Merodon.sp7/9","Euphorbia.flavicoma"
"P12","Minoa.murinata","Euphorbia.flavicoma"
"P12","Mordellistena.sp1","Euphorbia.flavicoma"
"P12","Mordellistena.sp4","Euphorbia.flavicoma"
"P12","Oedemera.flavipes","Euphorbia.flavicoma"
"P12","Osmia.gallarum","Euphorbia.flavicoma"
"P12","Osmia.melanogaster/leaiana","Euphorbia.flavicoma"
"P12","Osmia.rufohirta","Euphorbia.flavicoma"
"P12","Oxythyrea.funesta","Euphorbia.flavicoma"
"P12","Panurgus.dentipes","Euphorbia.flavicoma"
"P12","Platynochaetus.setosus","Euphorbia.flavicoma"
"P12","Polistes.dominulus","Euphorbia.flavicoma"
"P12","Protosmia.exenterata","Euphorbia.flavicoma"
"P12","Psilothrix.viridicoerulea","Euphorbia.flavicoma"
"P12","Pyronia.bathseba","Euphorbia.flavicoma"
"P12","Rhodanthidium.septemdentatum","Euphorbia.flavicoma"
"P12","Rhodanthidium.sticticum","Euphorbia.flavicoma"
"P12","Scaeva.pyvastri","Euphorbia.flavicoma"
"P12","Tropinota.sp1","Euphorbia.flavicoma"
"P12","Tropinota.squalida","Euphorbia.flavicoma"
"P12","Trypoxylon.sp1","Euphorbia.flavicoma"
"P12","Zygaena.sp1","Euphorbia.flavicoma"
"P12","Acmaeodera.cylindrica","Galium.aparine"
"P12","Adelidae.sp1","Galium.aparine"
"P12","Anaspis.sp1","Galium.aparine"
"P12","Andrena.djelfensis","Galium.aparine"
"P12","Andrena.flavipes","Galium.aparine"
"P12","Andrena.lepida","Galium.aparine"
"P12","Andrena.nigroaenea","Galium.aparine"
"P12","Andrena.senecionis","Galium.aparine"
"P12","Anthaxia.millefolii","Galium.aparine"
"P12","Anthaxia.scutullaris","Galium.aparine"
"P12","Anthaxia.spinolae","Galium.aparine"
"P12","Anthophora.acervorum","Galium.aparine"
"P12","Anthophora.dispar","Galium.aparine"
"P12","Apis.mellifera","Galium.aparine"
"P12","Aplocnemus.calidus","Galium.aparine"
"P12","Athalia.bicolor","Galium.aparine"
"P12","Athalia.sp1","Galium.aparine"
"P12","Bombus.terrestris","Galium.aparine"
"P12","Bruchus.viciae","Galium.aparine"
"P12","Ceratina.cucurbitina","Galium.aparine"
"P12","Chrysotoxum.cautum","Galium.aparine"
"P12","Clytra.quadripunctata","Galium.aparine"
"P12","Clytus.rhamni","Galium.aparine"
"P12","Danacea.longiceps","Galium.aparine"
"P12","Dasytes.nigroaeneus","Galium.aparine"
"P12","Eristalis.tenax","Galium.aparine"
"P12","Euchloe.crameri","Galium.aparine"
"P12","Eumerus.argyropus","Galium.aparine"
"P12","Halictus.scabiosae","Galium.aparine"
"P12","Hemipenthes sp.1","Galium.aparine"
"P12","Hylaeus.hyalinatus","Galium.aparine"
"P12","Hylaeus.taeniolatus","Galium.aparine"
"P12","Lasioglossum.albocinctum","Galium.aparine"
"P12","Lasioglossum.bimaculatum","Galium.aparine"
"P12","Lasioglossum.griseolum","Galium.aparine"
"P12","Lasioglossum.malachurum","Galium.aparine"
"P12","Lasioglossum.subhirtum","Galium.aparine"
"P12","Lasioglossum.transitorium","Galium.aparine"
"P12","Lasiommata.megera","Galium.aparine"
"P12","Lobonyx.aeneus","Galium.aparine"
"P12","Megachile.pyrenaica","Galium.aparine"
"P12","Melanargia.occitanica","Galium.aparine"
"P12","Meligethes.sp1","Galium.aparine"
"P12","Merodon.funestus","Galium.aparine"
"P12","Merodon.sp7/9","Galium.aparine"
"P12","Minoa.murinata","Galium.aparine"
"P12","Mordellistena.sp1","Galium.aparine"
"P12","Mordellistena.sp4","Galium.aparine"
"P12","Oedemera.flavipes","Galium.aparine"
"P12","Osmia.gallarum","Galium.aparine"
"P12","Osmia.melanogaster/leaiana","Galium.aparine"
"P12","Osmia.rufohirta","Galium.aparine"
"P12","Oxythyrea.funesta","Galium.aparine"
"P12","Panurgus.dentipes","Galium.aparine"
"P12","Platynochaetus.setosus","Galium.aparine"
"P12","Polistes.dominulus","Galium.aparine"
"P12","Protosmia.exenterata","Galium.aparine"
"P12","Psilothrix.viridicoerulea","Galium.aparine"
"P12","Pyronia.bathseba","Galium.aparine"
"P12","Rhodanthidium.septemdentatum","Galium.aparine"
"P12","Rhodanthidium.sticticum","Galium.aparine"
"P12","Scaeva.pyvastri","Galium.aparine"
"P12","Tropinota.sp1","Galium.aparine"
"P12","Tropinota.squalida","Galium.aparine"
"P12","Trypoxylon.sp1","Galium.aparine"
"P12","Zygaena.sp1","Galium.aparine"
"P12","Acmaeodera.cylindrica","Gladiolus.illyricus"
"P12","Adelidae.sp1","Gladiolus.illyricus"
"P12","Anaspis.sp1","Gladiolus.illyricus"
"P12","Andrena.djelfensis","Gladiolus.illyricus"
"P12","Andrena.flavipes","Gladiolus.illyricus"
"P12","Andrena.lepida","Gladiolus.illyricus"
"P12","Andrena.nigroaenea","Gladiolus.illyricus"
"P12","Andrena.senecionis","Gladiolus.illyricus"
"P12","Anthaxia.millefolii","Gladiolus.illyricus"
"P12","Anthaxia.scutullaris","Gladiolus.illyricus"
"P12","Anthaxia.spinolae","Gladiolus.illyricus"
"P12","Anthophora.acervorum","Gladiolus.illyricus"
"P12","Anthophora.dispar","Gladiolus.illyricus"
"P12","Apis.mellifera","Gladiolus.illyricus"
"P12","Aplocnemus.calidus","Gladiolus.illyricus"
"P12","Athalia.bicolor","Gladiolus.illyricus"
"P12","Athalia.sp1","Gladiolus.illyricus"
"P12","Bombus.terrestris","Gladiolus.illyricus"
"P12","Bruchus.viciae","Gladiolus.illyricus"
"P12","Ceratina.cucurbitina","Gladiolus.illyricus"
"P12","Chrysotoxum.cautum","Gladiolus.illyricus"
"P12","Clytra.quadripunctata","Gladiolus.illyricus"
"P12","Clytus.rhamni","Gladiolus.illyricus"
"P12","Danacea.longiceps","Gladiolus.illyricus"
"P12","Dasytes.nigroaeneus","Gladiolus.illyricus"
"P12","Eristalis.tenax","Gladiolus.illyricus"
"P12","Euchloe.crameri","Gladiolus.illyricus"
"P12","Eumerus.argyropus","Gladiolus.illyricus"
"P12","Halictus.scabiosae","Gladiolus.illyricus"
"P12","Hemipenthes sp.1","Gladiolus.illyricus"
"P12","Hylaeus.hyalinatus","Gladiolus.illyricus"
"P12","Hylaeus.taeniolatus","Gladiolus.illyricus"
"P12","Lasioglossum.albocinctum","Gladiolus.illyricus"
"P12","Lasioglossum.bimaculatum","Gladiolus.illyricus"
"P12","Lasioglossum.griseolum","Gladiolus.illyricus"
"P12","Lasioglossum.malachurum","Gladiolus.illyricus"
"P12","Lasioglossum.subhirtum","Gladiolus.illyricus"
"P12","Lasioglossum.transitorium","Gladiolus.illyricus"
"P12","Lasiommata.megera","Gladiolus.illyricus"
"P12","Lobonyx.aeneus","Gladiolus.illyricus"
"P12","Megachile.pyrenaica","Gladiolus.illyricus"
"P12","Melanargia.occitanica","Gladiolus.illyricus"
"P12","Meligethes.sp1","Gladiolus.illyricus"
"P12","Merodon.funestus","Gladiolus.illyricus"
"P12","Merodon.sp7/9","Gladiolus.illyricus"
"P12","Minoa.murinata","Gladiolus.illyricus"
"P12","Mordellistena.sp1","Gladiolus.illyricus"
"P12","Mordellistena.sp4","Gladiolus.illyricus"
"P12","Oedemera.flavipes","Gladiolus.illyricus"
"P12","Osmia.gallarum","Gladiolus.illyricus"
"P12","Osmia.melanogaster/leaiana","Gladiolus.illyricus"
"P12","Osmia.rufohirta","Gladiolus.illyricus"
"P12","Oxythyrea.funesta","Gladiolus.illyricus"
"P12","Panurgus.dentipes","Gladiolus.illyricus"
"P12","Platynochaetus.setosus","Gladiolus.illyricus"
"P12","Polistes.dominulus","Gladiolus.illyricus"
"P12","Protosmia.exenterata","Gladiolus.illyricus"
"P12","Psilothrix.viridicoerulea","Gladiolus.illyricus"
"P12","Pyronia.bathseba","Gladiolus.illyricus"
"P12","Rhodanthidium.septemdentatum","Gladiolus.illyricus"
"P12","Rhodanthidium.sticticum","Gladiolus.illyricus"
"P12","Scaeva.pyvastri","Gladiolus.illyricus"
"P12","Tropinota.sp1","Gladiolus.illyricus"
"P12","Tropinota.squalida","Gladiolus.illyricus"
"P12","Trypoxylon.sp1","Gladiolus.illyricus"
"P12","Zygaena.sp1","Gladiolus.illyricus"
"P12","Acmaeodera.cylindrica","Leuzea.conifera"
"P12","Adelidae.sp1","Leuzea.conifera"
"P12","Anaspis.sp1","Leuzea.conifera"
"P12","Andrena.djelfensis","Leuzea.conifera"
"P12","Andrena.flavipes","Leuzea.conifera"
"P12","Andrena.lepida","Leuzea.conifera"
"P12","Andrena.nigroaenea","Leuzea.conifera"
"P12","Andrena.senecionis","Leuzea.conifera"
"P12","Anthaxia.millefolii","Leuzea.conifera"
"P12","Anthaxia.scutullaris","Leuzea.conifera"
"P12","Anthaxia.spinolae","Leuzea.conifera"
"P12","Anthophora.acervorum","Leuzea.conifera"
"P12","Anthophora.dispar","Leuzea.conifera"
"P12","Apis.mellifera","Leuzea.conifera"
"P12","Aplocnemus.calidus","Leuzea.conifera"
"P12","Athalia.bicolor","Leuzea.conifera"
"P12","Athalia.sp1","Leuzea.conifera"
"P12","Bombus.terrestris","Leuzea.conifera"
"P12","Bruchus.viciae","Leuzea.conifera"
"P12","Ceratina.cucurbitina","Leuzea.conifera"
"P12","Chrysotoxum.cautum","Leuzea.conifera"
"P12","Clytra.quadripunctata","Leuzea.conifera"
"P12","Clytus.rhamni","Leuzea.conifera"
"P12","Danacea.longiceps","Leuzea.conifera"
"P12","Dasytes.nigroaeneus","Leuzea.conifera"
"P12","Eristalis.tenax","Leuzea.conifera"
"P12","Euchloe.crameri","Leuzea.conifera"
"P12","Eumerus.argyropus","Leuzea.conifera"
"P12","Halictus.scabiosae","Leuzea.conifera"
"P12","Hemipenthes sp.1","Leuzea.conifera"
"P12","Hylaeus.hyalinatus","Leuzea.conifera"
"P12","Hylaeus.taeniolatus","Leuzea.conifera"
"P12","Lasioglossum.albocinctum","Leuzea.conifera"
"P12","Lasioglossum.bimaculatum","Leuzea.conifera"
"P12","Lasioglossum.griseolum","Leuzea.conifera"
"P12","Lasioglossum.malachurum","Leuzea.conifera"
"P12","Lasioglossum.subhirtum","Leuzea.conifera"
"P12","Lasioglossum.transitorium","Leuzea.conifera"
"P12","Lasiommata.megera","Leuzea.conifera"
"P12","Lobonyx.aeneus","Leuzea.conifera"
"P12","Megachile.pyrenaica","Leuzea.conifera"
"P12","Melanargia.occitanica","Leuzea.conifera"
"P12","Meligethes.sp1","Leuzea.conifera"
"P12","Merodon.funestus","Leuzea.conifera"
"P12","Merodon.sp7/9","Leuzea.conifera"
"P12","Minoa.murinata","Leuzea.conifera"
"P12","Mordellistena.sp1","Leuzea.conifera"
"P12","Mordellistena.sp4","Leuzea.conifera"
"P12","Oedemera.flavipes","Leuzea.conifera"
"P12","Osmia.gallarum","Leuzea.conifera"
"P12","Osmia.melanogaster/leaiana","Leuzea.conifera"
"P12","Osmia.rufohirta","Leuzea.conifera"
"P12","Oxythyrea.funesta","Leuzea.conifera"
"P12","Panurgus.dentipes","Leuzea.conifera"
"P12","Platynochaetus.setosus","Leuzea.conifera"
"P12","Polistes.dominulus","Leuzea.conifera"
"P12","Protosmia.exenterata","Leuzea.conifera"
"P12","Psilothrix.viridicoerulea","Leuzea.conifera"
"P12","Pyronia.bathseba","Leuzea.conifera"
"P12","Rhodanthidium.septemdentatum","Leuzea.conifera"
"P12","Rhodanthidium.sticticum","Leuzea.conifera"
"P12","Scaeva.pyvastri","Leuzea.conifera"
"P12","Tropinota.sp1","Leuzea.conifera"
"P12","Tropinota.squalida","Leuzea.conifera"
"P12","Trypoxylon.sp1","Leuzea.conifera"
"P12","Zygaena.sp1","Leuzea.conifera"
"P12","Acmaeodera.cylindrica","Ononis.minutissima"
"P12","Adelidae.sp1","Ononis.minutissima"
"P12","Anaspis.sp1","Ononis.minutissima"
"P12","Andrena.djelfensis","Ononis.minutissima"
"P12","Andrena.flavipes","Ononis.minutissima"
"P12","Andrena.lepida","Ononis.minutissima"
"P12","Andrena.nigroaenea","Ononis.minutissima"
"P12","Andrena.senecionis","Ononis.minutissima"
"P12","Anthaxia.millefolii","Ononis.minutissima"
"P12","Anthaxia.scutullaris","Ononis.minutissima"
"P12","Anthaxia.spinolae","Ononis.minutissima"
"P12","Anthophora.acervorum","Ononis.minutissima"
"P12","Anthophora.dispar","Ononis.minutissima"
"P12","Apis.mellifera","Ononis.minutissima"
"P12","Aplocnemus.calidus","Ononis.minutissima"
"P12","Athalia.bicolor","Ononis.minutissima"
"P12","Athalia.sp1","Ononis.minutissima"
"P12","Bombus.terrestris","Ononis.minutissima"
"P12","Bruchus.viciae","Ononis.minutissima"
"P12","Ceratina.cucurbitina","Ononis.minutissima"
"P12","Chrysotoxum.cautum","Ononis.minutissima"
"P12","Clytra.quadripunctata","Ononis.minutissima"
"P12","Clytus.rhamni","Ononis.minutissima"
"P12","Danacea.longiceps","Ononis.minutissima"
"P12","Dasytes.nigroaeneus","Ononis.minutissima"
"P12","Eristalis.tenax","Ononis.minutissima"
"P12","Euchloe.crameri","Ononis.minutissima"
"P12","Eumerus.argyropus","Ononis.minutissima"
"P12","Halictus.scabiosae","Ononis.minutissima"
"P12","Hemipenthes sp.1","Ononis.minutissima"
"P12","Hylaeus.hyalinatus","Ononis.minutissima"
"P12","Hylaeus.taeniolatus","Ononis.minutissima"
"P12","Lasioglossum.albocinctum","Ononis.minutissima"
"P12","Lasioglossum.bimaculatum","Ononis.minutissima"
"P12","Lasioglossum.griseolum","Ononis.minutissima"
"P12","Lasioglossum.malachurum","Ononis.minutissima"
"P12","Lasioglossum.subhirtum","Ononis.minutissima"
"P12","Lasioglossum.transitorium","Ononis.minutissima"
"P12","Lasiommata.megera","Ononis.minutissima"
"P12","Lobonyx.aeneus","Ononis.minutissima"
"P12","Megachile.pyrenaica","Ononis.minutissima"
"P12","Melanargia.occitanica","Ononis.minutissima"
"P12","Meligethes.sp1","Ononis.minutissima"
"P12","Merodon.funestus","Ononis.minutissima"
"P12","Merodon.sp7/9","Ononis.minutissima"
"P12","Minoa.murinata","Ononis.minutissima"
"P12","Mordellistena.sp1","Ononis.minutissima"
"P12","Mordellistena.sp4","Ononis.minutissima"
"P12","Oedemera.flavipes","Ononis.minutissima"
"P12","Osmia.gallarum","Ononis.minutissima"
"P12","Osmia.melanogaster/leaiana","Ononis.minutissima"
"P12","Osmia.rufohirta","Ononis.minutissima"
"P12","Oxythyrea.funesta","Ononis.minutissima"
"P12","Panurgus.dentipes","Ononis.minutissima"
"P12","Platynochaetus.setosus","Ononis.minutissima"
"P12","Polistes.dominulus","Ononis.minutissima"
"P12","Protosmia.exenterata","Ononis.minutissima"
"P12","Psilothrix.viridicoerulea","Ononis.minutissima"
"P12","Pyronia.bathseba","Ononis.minutissima"
"P12","Rhodanthidium.septemdentatum","Ononis.minutissima"
"P12","Rhodanthidium.sticticum","Ononis.minutissima"
"P12","Scaeva.pyvastri","Ononis.minutissima"
"P12","Tropinota.sp1","Ononis.minutissima"
"P12","Tropinota.squalida","Ononis.minutissima"
"P12","Trypoxylon.sp1","Ononis.minutissima"
"P12","Zygaena.sp1","Ononis.minutissima"
"P12","Acmaeodera.cylindrica","Rosmarinus.officinalis"
"P12","Adelidae.sp1","Rosmarinus.officinalis"
"P12","Anaspis.sp1","Rosmarinus.officinalis"
"P12","Andrena.djelfensis","Rosmarinus.officinalis"
"P12","Andrena.flavipes","Rosmarinus.officinalis"
"P12","Andrena.lepida","Rosmarinus.officinalis"
"P12","Andrena.nigroaenea","Rosmarinus.officinalis"
"P12","Andrena.senecionis","Rosmarinus.officinalis"
"P12","Anthaxia.millefolii","Rosmarinus.officinalis"
"P12","Anthaxia.scutullaris","Rosmarinus.officinalis"
"P12","Anthaxia.spinolae","Rosmarinus.officinalis"
"P12","Anthophora.acervorum","Rosmarinus.officinalis"
"P12","Anthophora.dispar","Rosmarinus.officinalis"
"P12","Apis.mellifera","Rosmarinus.officinalis"
"P12","Aplocnemus.calidus","Rosmarinus.officinalis"
"P12","Athalia.bicolor","Rosmarinus.officinalis"
"P12","Athalia.sp1","Rosmarinus.officinalis"
"P12","Bombus.terrestris","Rosmarinus.officinalis"
"P12","Bruchus.viciae","Rosmarinus.officinalis"
"P12","Ceratina.cucurbitina","Rosmarinus.officinalis"
"P12","Chrysotoxum.cautum","Rosmarinus.officinalis"
"P12","Clytra.quadripunctata","Rosmarinus.officinalis"
"P12","Clytus.rhamni","Rosmarinus.officinalis"
"P12","Danacea.longiceps","Rosmarinus.officinalis"
"P12","Dasytes.nigroaeneus","Rosmarinus.officinalis"
"P12","Eristalis.tenax","Rosmarinus.officinalis"
"P12","Euchloe.crameri","Rosmarinus.officinalis"
"P12","Eumerus.argyropus","Rosmarinus.officinalis"
"P12","Halictus.scabiosae","Rosmarinus.officinalis"
"P12","Hemipenthes sp.1","Rosmarinus.officinalis"
"P12","Hylaeus.hyalinatus","Rosmarinus.officinalis"
"P12","Hylaeus.taeniolatus","Rosmarinus.officinalis"
"P12","Lasioglossum.albocinctum","Rosmarinus.officinalis"
"P12","Lasioglossum.bimaculatum","Rosmarinus.officinalis"
"P12","Lasioglossum.griseolum","Rosmarinus.officinalis"
"P12","Lasioglossum.malachurum","Rosmarinus.officinalis"
"P12","Lasioglossum.subhirtum","Rosmarinus.officinalis"
"P12","Lasioglossum.transitorium","Rosmarinus.officinalis"
"P12","Lasiommata.megera","Rosmarinus.officinalis"
"P12","Lobonyx.aeneus","Rosmarinus.officinalis"
"P12","Megachile.pyrenaica","Rosmarinus.officinalis"
"P12","Melanargia.occitanica","Rosmarinus.officinalis"
"P12","Meligethes.sp1","Rosmarinus.officinalis"
"P12","Merodon.funestus","Rosmarinus.officinalis"
"P12","Merodon.sp7/9","Rosmarinus.officinalis"
"P12","Minoa.murinata","Rosmarinus.officinalis"
"P12","Mordellistena.sp1","Rosmarinus.officinalis"
"P12","Mordellistena.sp4","Rosmarinus.officinalis"
"P12","Oedemera.flavipes","Rosmarinus.officinalis"
"P12","Osmia.gallarum","Rosmarinus.officinalis"
"P12","Osmia.melanogaster/leaiana","Rosmarinus.officinalis"
"P12","Osmia.rufohirta","Rosmarinus.officinalis"
"P12","Oxythyrea.funesta","Rosmarinus.officinalis"
"P12","Panurgus.dentipes","Rosmarinus.officinalis"
"P12","Platynochaetus.setosus","Rosmarinus.officinalis"
"P12","Polistes.dominulus","Rosmarinus.officinalis"
"P12","Protosmia.exenterata","Rosmarinus.officinalis"
"P12","Psilothrix.viridicoerulea","Rosmarinus.officinalis"
"P12","Pyronia.bathseba","Rosmarinus.officinalis"
"P12","Rhodanthidium.septemdentatum","Rosmarinus.officinalis"
"P12","Rhodanthidium.sticticum","Rosmarinus.officinalis"
"P12","Scaeva.pyvastri","Rosmarinus.officinalis"
"P12","Tropinota.sp1","Rosmarinus.officinalis"
"P12","Tropinota.squalida","Rosmarinus.officinalis"
"P12","Trypoxylon.sp1","Rosmarinus.officinalis"
"P12","Zygaena.sp1","Rosmarinus.officinalis"
"P12","Acmaeodera.cylindrica","Teucrium.chamaedrys"
"P12","Adelidae.sp1","Teucrium.chamaedrys"
"P12","Anaspis.sp1","Teucrium.chamaedrys"
"P12","Andrena.djelfensis","Teucrium.chamaedrys"
"P12","Andrena.flavipes","Teucrium.chamaedrys"
"P12","Andrena.lepida","Teucrium.chamaedrys"
"P12","Andrena.nigroaenea","Teucrium.chamaedrys"
"P12","Andrena.senecionis","Teucrium.chamaedrys"
"P12","Anthaxia.millefolii","Teucrium.chamaedrys"
"P12","Anthaxia.scutullaris","Teucrium.chamaedrys"
"P12","Anthaxia.spinolae","Teucrium.chamaedrys"
"P12","Anthophora.acervorum","Teucrium.chamaedrys"
"P12","Anthophora.dispar","Teucrium.chamaedrys"
"P12","Apis.mellifera","Teucrium.chamaedrys"
"P12","Aplocnemus.calidus","Teucrium.chamaedrys"
"P12","Athalia.bicolor","Teucrium.chamaedrys"
"P12","Athalia.sp1","Teucrium.chamaedrys"
"P12","Bombus.terrestris","Teucrium.chamaedrys"
"P12","Bruchus.viciae","Teucrium.chamaedrys"
"P12","Ceratina.cucurbitina","Teucrium.chamaedrys"
"P12","Chrysotoxum.cautum","Teucrium.chamaedrys"
"P12","Clytra.quadripunctata","Teucrium.chamaedrys"
"P12","Clytus.rhamni","Teucrium.chamaedrys"
"P12","Danacea.longiceps","Teucrium.chamaedrys"
"P12","Dasytes.nigroaeneus","Teucrium.chamaedrys"
"P12","Eristalis.tenax","Teucrium.chamaedrys"
"P12","Euchloe.crameri","Teucrium.chamaedrys"
"P12","Eumerus.argyropus","Teucrium.chamaedrys"
"P12","Halictus.scabiosae","Teucrium.chamaedrys"
"P12","Hemipenthes sp.1","Teucrium.chamaedrys"
"P12","Hylaeus.hyalinatus","Teucrium.chamaedrys"
"P12","Hylaeus.taeniolatus","Teucrium.chamaedrys"
"P12","Lasioglossum.albocinctum","Teucrium.chamaedrys"
"P12","Lasioglossum.bimaculatum","Teucrium.chamaedrys"
"P12","Lasioglossum.griseolum","Teucrium.chamaedrys"
"P12","Lasioglossum.malachurum","Teucrium.chamaedrys"
"P12","Lasioglossum.subhirtum","Teucrium.chamaedrys"
"P12","Lasioglossum.transitorium","Teucrium.chamaedrys"
"P12","Lasiommata.megera","Teucrium.chamaedrys"
"P12","Lobonyx.aeneus","Teucrium.chamaedrys"
"P12","Megachile.pyrenaica","Teucrium.chamaedrys"
"P12","Melanargia.occitanica","Teucrium.chamaedrys"
"P12","Meligethes.sp1","Teucrium.chamaedrys"
"P12","Merodon.funestus","Teucrium.chamaedrys"
"P12","Merodon.sp7/9","Teucrium.chamaedrys"
"P12","Minoa.murinata","Teucrium.chamaedrys"
"P12","Mordellistena.sp1","Teucrium.chamaedrys"
"P12","Mordellistena.sp4","Teucrium.chamaedrys"
"P12","Oedemera.flavipes","Teucrium.chamaedrys"
"P12","Osmia.gallarum","Teucrium.chamaedrys"
"P12","Osmia.melanogaster/leaiana","Teucrium.chamaedrys"
"P12","Osmia.rufohirta","Teucrium.chamaedrys"
"P12","Oxythyrea.funesta","Teucrium.chamaedrys"
"P12","Panurgus.dentipes","Teucrium.chamaedrys"
"P12","Platynochaetus.setosus","Teucrium.chamaedrys"
"P12","Polistes.dominulus","Teucrium.chamaedrys"
"P12","Protosmia.exenterata","Teucrium.chamaedrys"
"P12","Psilothrix.viridicoerulea","Teucrium.chamaedrys"
"P12","Pyronia.bathseba","Teucrium.chamaedrys"
"P12","Rhodanthidium.septemdentatum","Teucrium.chamaedrys"
"P12","Rhodanthidium.sticticum","Teucrium.chamaedrys"
"P12","Scaeva.pyvastri","Teucrium.chamaedrys"
"P12","Tropinota.sp1","Teucrium.chamaedrys"
"P12","Tropinota.squalida","Teucrium.chamaedrys"
"P12","Trypoxylon.sp1","Teucrium.chamaedrys"
"P12","Zygaena.sp1","Teucrium.chamaedrys"
"P12","Acmaeodera.cylindrica","Thymus.vulgaris"
"P12","Adelidae.sp1","Thymus.vulgaris"
"P12","Anaspis.sp1","Thymus.vulgaris"
"P12","Andrena.djelfensis","Thymus.vulgaris"
"P12","Andrena.flavipes","Thymus.vulgaris"
"P12","Andrena.lepida","Thymus.vulgaris"
"P12","Andrena.nigroaenea","Thymus.vulgaris"
"P12","Andrena.senecionis","Thymus.vulgaris"
"P12","Anthaxia.millefolii","Thymus.vulgaris"
"P12","Anthaxia.scutullaris","Thymus.vulgaris"
"P12","Anthaxia.spinolae","Thymus.vulgaris"
"P12","Anthophora.acervorum","Thymus.vulgaris"
"P12","Anthophora.dispar","Thymus.vulgaris"
"P12","Apis.mellifera","Thymus.vulgaris"
"P12","Aplocnemus.calidus","Thymus.vulgaris"
"P12","Athalia.bicolor","Thymus.vulgaris"
"P12","Athalia.sp1","Thymus.vulgaris"
"P12","Bombus.terrestris","Thymus.vulgaris"
"P12","Bruchus.viciae","Thymus.vulgaris"
"P12","Ceratina.cucurbitina","Thymus.vulgaris"
"P12","Chrysotoxum.cautum","Thymus.vulgaris"
"P12","Clytra.quadripunctata","Thymus.vulgaris"
"P12","Clytus.rhamni","Thymus.vulgaris"
"P12","Danacea.longiceps","Thymus.vulgaris"
"P12","Dasytes.nigroaeneus","Thymus.vulgaris"
"P12","Eristalis.tenax","Thymus.vulgaris"
"P12","Euchloe.crameri","Thymus.vulgaris"
"P12","Eumerus.argyropus","Thymus.vulgaris"
"P12","Halictus.scabiosae","Thymus.vulgaris"
"P12","Hemipenthes sp.1","Thymus.vulgaris"
"P12","Hylaeus.hyalinatus","Thymus.vulgaris"
"P12","Hylaeus.taeniolatus","Thymus.vulgaris"
"P12","Lasioglossum.albocinctum","Thymus.vulgaris"
"P12","Lasioglossum.bimaculatum","Thymus.vulgaris"
"P12","Lasioglossum.griseolum","Thymus.vulgaris"
"P12","Lasioglossum.malachurum","Thymus.vulgaris"
"P12","Lasioglossum.subhirtum","Thymus.vulgaris"
"P12","Lasioglossum.transitorium","Thymus.vulgaris"
"P12","Lasiommata.megera","Thymus.vulgaris"
"P12","Lobonyx.aeneus","Thymus.vulgaris"
"P12","Megachile.pyrenaica","Thymus.vulgaris"
"P12","Melanargia.occitanica","Thymus.vulgaris"
"P12","Meligethes.sp1","Thymus.vulgaris"
"P12","Merodon.funestus","Thymus.vulgaris"
"P12","Merodon.sp7/9","Thymus.vulgaris"
"P12","Minoa.murinata","Thymus.vulgaris"
"P12","Mordellistena.sp1","Thymus.vulgaris"
"P12","Mordellistena.sp4","Thymus.vulgaris"
"P12","Oedemera.flavipes","Thymus.vulgaris"
"P12","Osmia.gallarum","Thymus.vulgaris"
"P12","Osmia.melanogaster/leaiana","Thymus.vulgaris"
"P12","Osmia.rufohirta","Thymus.vulgaris"
"P12","Oxythyrea.funesta","Thymus.vulgaris"
"P12","Panurgus.dentipes","Thymus.vulgaris"
"P12","Platynochaetus.setosus","Thymus.vulgaris"
"P12","Polistes.dominulus","Thymus.vulgaris"
"P12","Protosmia.exenterata","Thymus.vulgaris"
"P12","Psilothrix.viridicoerulea","Thymus.vulgaris"
"P12","Pyronia.bathseba","Thymus.vulgaris"
"P12","Rhodanthidium.septemdentatum","Thymus.vulgaris"
"P12","Rhodanthidium.sticticum","Thymus.vulgaris"
"P12","Scaeva.pyvastri","Thymus.vulgaris"
"P12","Tropinota.sp1","Thymus.vulgaris"
"P12","Tropinota.squalida","Thymus.vulgaris"
"P12","Trypoxylon.sp1","Thymus.vulgaris"
"P12","Zygaena.sp1","Thymus.vulgaris"
"P13","Acmaeodera.cylindrica","Aphyllanthes.monspeliensis"
"P13","Adelidae.sp1","Aphyllanthes.monspeliensis"
"P13","Anaspis.sp1","Aphyllanthes.monspeliensis"
"P13","Andrena.djelfensis","Aphyllanthes.monspeliensis"
"P13","Andrena.nigroaenea","Aphyllanthes.monspeliensis"
"P13","Andrena.senecionis","Aphyllanthes.monspeliensis"
"P13","Anthaxia.scutullaris","Aphyllanthes.monspeliensis"
"P13","Anthophora.dispar","Aphyllanthes.monspeliensis"
"P13","Apis.mellifera","Aphyllanthes.monspeliensis"
"P13","Bombus.terrestris","Aphyllanthes.monspeliensis"
"P13","Ceratina.cucurbitina","Aphyllanthes.monspeliensis"
"P13","Chrysotoxum.cautum","Aphyllanthes.monspeliensis"
"P13","Clanoptilus.abdominalis","Aphyllanthes.monspeliensis"
"P13","Clytus.rhamni","Aphyllanthes.monspeliensis"
"P13","Danacea.longiceps","Aphyllanthes.monspeliensis"
"P13","Dasytes.nigroaeneus","Aphyllanthes.monspeliensis"
"P13","Eucera.collaris","Aphyllanthes.monspeliensis"
"P13","Eucera.elongatula","Aphyllanthes.monspeliensis"
"P13","Eumerus.argyropus","Aphyllanthes.monspeliensis"
"P13","Gonepteryx.cleopatra","Aphyllanthes.monspeliensis"
"P13","Halictus.gemmeus","Aphyllanthes.monspeliensis"
"P13","Lasioglossum.albocinctum","Aphyllanthes.monspeliensis"
"P13","Lasioglossum.bimaculatum","Aphyllanthes.monspeliensis"
"P13","Lasioglossum.griseolum","Aphyllanthes.monspeliensis"
"P13","Lasioglossum.malachurum","Aphyllanthes.monspeliensis"
"P13","Lasioglossum.mediterraneum","Aphyllanthes.monspeliensis"
"P13","Lasioglossum.subhirtum","Aphyllanthes.monspeliensis"
"P13","Lasioglossum.transitorium","Aphyllanthes.monspeliensis"
"P13","Lasiommata.megera","Aphyllanthes.monspeliensis"
"P13","Leptidea.sinapis","Aphyllanthes.monspeliensis"
"P13","Leptochilus.tarsatus","Aphyllanthes.monspeliensis"
"P13","Lobonyx.aeneus","Aphyllanthes.monspeliensis"
"P13","Megachile.pyrenaica","Aphyllanthes.monspeliensis"
"P13","Meligethes.sp1","Aphyllanthes.monspeliensis"
"P13","Microhoria.plumbea","Aphyllanthes.monspeliensis"
"P13","Mordellistena.sp1","Aphyllanthes.monspeliensis"
"P13","Oedemera.flavipes","Aphyllanthes.monspeliensis"
"P13","Osmia.melanogaster/leaiana","Aphyllanthes.monspeliensis"
"P13","Osmia.rufohirta","Aphyllanthes.monspeliensis"
"P13","Oxythyrea.funesta","Aphyllanthes.monspeliensis"
"P13","Platynochaetus.setosus","Aphyllanthes.monspeliensis"
"P13","Polistes.dominulus","Aphyllanthes.monspeliensis"
"P13","Pyronia.bathseba","Aphyllanthes.monspeliensis"
"P13","Rhodanthidium.septemdentatum","Aphyllanthes.monspeliensis"
"P13","Rhodanthidium.sticticum","Aphyllanthes.monspeliensis"
"P13","Stenurella.melanura","Aphyllanthes.monspeliensis"
"P13","Tropinota.sp1","Aphyllanthes.monspeliensis"
"P13","Zygaena.sp1","Aphyllanthes.monspeliensis"
"P13","Acmaeodera.cylindrica","Argyrolobium.zanonii"
"P13","Adelidae.sp1","Argyrolobium.zanonii"
"P13","Anaspis.sp1","Argyrolobium.zanonii"
"P13","Andrena.djelfensis","Argyrolobium.zanonii"
"P13","Andrena.nigroaenea","Argyrolobium.zanonii"
"P13","Andrena.senecionis","Argyrolobium.zanonii"
"P13","Anthaxia.scutullaris","Argyrolobium.zanonii"
"P13","Anthophora.dispar","Argyrolobium.zanonii"
"P13","Apis.mellifera","Argyrolobium.zanonii"
"P13","Bombus.terrestris","Argyrolobium.zanonii"
"P13","Ceratina.cucurbitina","Argyrolobium.zanonii"
"P13","Chrysotoxum.cautum","Argyrolobium.zanonii"
"P13","Clanoptilus.abdominalis","Argyrolobium.zanonii"
"P13","Clytus.rhamni","Argyrolobium.zanonii"
"P13","Danacea.longiceps","Argyrolobium.zanonii"
"P13","Dasytes.nigroaeneus","Argyrolobium.zanonii"
"P13","Eucera.collaris","Argyrolobium.zanonii"
"P13","Eucera.elongatula","Argyrolobium.zanonii"
"P13","Eumerus.argyropus","Argyrolobium.zanonii"
"P13","Gonepteryx.cleopatra","Argyrolobium.zanonii"
"P13","Halictus.gemmeus","Argyrolobium.zanonii"
"P13","Lasioglossum.albocinctum","Argyrolobium.zanonii"
"P13","Lasioglossum.bimaculatum","Argyrolobium.zanonii"
"P13","Lasioglossum.griseolum","Argyrolobium.zanonii"
"P13","Lasioglossum.malachurum","Argyrolobium.zanonii"
"P13","Lasioglossum.mediterraneum","Argyrolobium.zanonii"
"P13","Lasioglossum.subhirtum","Argyrolobium.zanonii"
"P13","Lasioglossum.transitorium","Argyrolobium.zanonii"
"P13","Lasiommata.megera","Argyrolobium.zanonii"
"P13","Leptidea.sinapis","Argyrolobium.zanonii"
"P13","Leptochilus.tarsatus","Argyrolobium.zanonii"
"P13","Lobonyx.aeneus","Argyrolobium.zanonii"
"P13","Megachile.pyrenaica","Argyrolobium.zanonii"
"P13","Meligethes.sp1","Argyrolobium.zanonii"
"P13","Microhoria.plumbea","Argyrolobium.zanonii"
"P13","Mordellistena.sp1","Argyrolobium.zanonii"
"P13","Oedemera.flavipes","Argyrolobium.zanonii"
"P13","Osmia.melanogaster/leaiana","Argyrolobium.zanonii"
"P13","Osmia.rufohirta","Argyrolobium.zanonii"
"P13","Oxythyrea.funesta","Argyrolobium.zanonii"
"P13","Platynochaetus.setosus","Argyrolobium.zanonii"
"P13","Polistes.dominulus","Argyrolobium.zanonii"
"P13","Pyronia.bathseba","Argyrolobium.zanonii"
"P13","Rhodanthidium.septemdentatum","Argyrolobium.zanonii"
"P13","Rhodanthidium.sticticum","Argyrolobium.zanonii"
"P13","Stenurella.melanura","Argyrolobium.zanonii"
"P13","Tropinota.sp1","Argyrolobium.zanonii"
"P13","Zygaena.sp1","Argyrolobium.zanonii"
"P13","Acmaeodera.cylindrica","Cistus.monspeliensis"
"P13","Adelidae.sp1","Cistus.monspeliensis"
"P13","Anaspis.sp1","Cistus.monspeliensis"
"P13","Andrena.djelfensis","Cistus.monspeliensis"
"P13","Andrena.nigroaenea","Cistus.monspeliensis"
"P13","Andrena.senecionis","Cistus.monspeliensis"
"P13","Anthaxia.scutullaris","Cistus.monspeliensis"
"P13","Anthophora.dispar","Cistus.monspeliensis"
"P13","Apis.mellifera","Cistus.monspeliensis"
"P13","Bombus.terrestris","Cistus.monspeliensis"
"P13","Ceratina.cucurbitina","Cistus.monspeliensis"
"P13","Chrysotoxum.cautum","Cistus.monspeliensis"
"P13","Clanoptilus.abdominalis","Cistus.monspeliensis"
"P13","Clytus.rhamni","Cistus.monspeliensis"
"P13","Danacea.longiceps","Cistus.monspeliensis"
"P13","Dasytes.nigroaeneus","Cistus.monspeliensis"
"P13","Eucera.collaris","Cistus.monspeliensis"
"P13","Eucera.elongatula","Cistus.monspeliensis"
"P13","Eumerus.argyropus","Cistus.monspeliensis"
"P13","Gonepteryx.cleopatra","Cistus.monspeliensis"
"P13","Halictus.gemmeus","Cistus.monspeliensis"
"P13","Lasioglossum.albocinctum","Cistus.monspeliensis"
"P13","Lasioglossum.bimaculatum","Cistus.monspeliensis"
"P13","Lasioglossum.griseolum","Cistus.monspeliensis"
"P13","Lasioglossum.malachurum","Cistus.monspeliensis"
"P13","Lasioglossum.mediterraneum","Cistus.monspeliensis"
"P13","Lasioglossum.subhirtum","Cistus.monspeliensis"
"P13","Lasioglossum.transitorium","Cistus.monspeliensis"
"P13","Lasiommata.megera","Cistus.monspeliensis"
"P13","Leptidea.sinapis","Cistus.monspeliensis"
"P13","Leptochilus.tarsatus","Cistus.monspeliensis"
"P13","Lobonyx.aeneus","Cistus.monspeliensis"
"P13","Megachile.pyrenaica","Cistus.monspeliensis"
"P13","Meligethes.sp1","Cistus.monspeliensis"
"P13","Microhoria.plumbea","Cistus.monspeliensis"
"P13","Mordellistena.sp1","Cistus.monspeliensis"
"P13","Oedemera.flavipes","Cistus.monspeliensis"
"P13","Osmia.melanogaster/leaiana","Cistus.monspeliensis"
"P13","Osmia.rufohirta","Cistus.monspeliensis"
"P13","Oxythyrea.funesta","Cistus.monspeliensis"
"P13","Platynochaetus.setosus","Cistus.monspeliensis"
"P13","Polistes.dominulus","Cistus.monspeliensis"
"P13","Pyronia.bathseba","Cistus.monspeliensis"
"P13","Rhodanthidium.septemdentatum","Cistus.monspeliensis"
"P13","Rhodanthidium.sticticum","Cistus.monspeliensis"
"P13","Stenurella.melanura","Cistus.monspeliensis"
"P13","Tropinota.sp1","Cistus.monspeliensis"
"P13","Zygaena.sp1","Cistus.monspeliensis"
"P13","Acmaeodera.cylindrica","Dorycnium.hirsutum"
"P13","Adelidae.sp1","Dorycnium.hirsutum"
"P13","Anaspis.sp1","Dorycnium.hirsutum"
"P13","Andrena.djelfensis","Dorycnium.hirsutum"
"P13","Andrena.nigroaenea","Dorycnium.hirsutum"
"P13","Andrena.senecionis","Dorycnium.hirsutum"
"P13","Anthaxia.scutullaris","Dorycnium.hirsutum"
"P13","Anthophora.dispar","Dorycnium.hirsutum"
"P13","Apis.mellifera","Dorycnium.hirsutum"
"P13","Bombus.terrestris","Dorycnium.hirsutum"
"P13","Ceratina.cucurbitina","Dorycnium.hirsutum"
"P13","Chrysotoxum.cautum","Dorycnium.hirsutum"
"P13","Clanoptilus.abdominalis","Dorycnium.hirsutum"
"P13","Clytus.rhamni","Dorycnium.hirsutum"
"P13","Danacea.longiceps","Dorycnium.hirsutum"
"P13","Dasytes.nigroaeneus","Dorycnium.hirsutum"
"P13","Eucera.collaris","Dorycnium.hirsutum"
"P13","Eucera.elongatula","Dorycnium.hirsutum"
"P13","Eumerus.argyropus","Dorycnium.hirsutum"
"P13","Gonepteryx.cleopatra","Dorycnium.hirsutum"
"P13","Halictus.gemmeus","Dorycnium.hirsutum"
"P13","Lasioglossum.albocinctum","Dorycnium.hirsutum"
"P13","Lasioglossum.bimaculatum","Dorycnium.hirsutum"
"P13","Lasioglossum.griseolum","Dorycnium.hirsutum"
"P13","Lasioglossum.malachurum","Dorycnium.hirsutum"
"P13","Lasioglossum.mediterraneum","Dorycnium.hirsutum"
"P13","Lasioglossum.subhirtum","Dorycnium.hirsutum"
"P13","Lasioglossum.transitorium","Dorycnium.hirsutum"
"P13","Lasiommata.megera","Dorycnium.hirsutum"
"P13","Leptidea.sinapis","Dorycnium.hirsutum"
"P13","Leptochilus.tarsatus","Dorycnium.hirsutum"
"P13","Lobonyx.aeneus","Dorycnium.hirsutum"
"P13","Megachile.pyrenaica","Dorycnium.hirsutum"
"P13","Meligethes.sp1","Dorycnium.hirsutum"
"P13","Microhoria.plumbea","Dorycnium.hirsutum"
"P13","Mordellistena.sp1","Dorycnium.hirsutum"
"P13","Oedemera.flavipes","Dorycnium.hirsutum"
"P13","Osmia.melanogaster/leaiana","Dorycnium.hirsutum"
"P13","Osmia.rufohirta","Dorycnium.hirsutum"
"P13","Oxythyrea.funesta","Dorycnium.hirsutum"
"P13","Platynochaetus.setosus","Dorycnium.hirsutum"
"P13","Polistes.dominulus","Dorycnium.hirsutum"
"P13","Pyronia.bathseba","Dorycnium.hirsutum"
"P13","Rhodanthidium.septemdentatum","Dorycnium.hirsutum"
"P13","Rhodanthidium.sticticum","Dorycnium.hirsutum"
"P13","Stenurella.melanura","Dorycnium.hirsutum"
"P13","Tropinota.sp1","Dorycnium.hirsutum"
"P13","Zygaena.sp1","Dorycnium.hirsutum"
"P13","Acmaeodera.cylindrica","Dorycnium.pentaphyllum"
"P13","Adelidae.sp1","Dorycnium.pentaphyllum"
"P13","Anaspis.sp1","Dorycnium.pentaphyllum"
"P13","Andrena.djelfensis","Dorycnium.pentaphyllum"
"P13","Andrena.nigroaenea","Dorycnium.pentaphyllum"
"P13","Andrena.senecionis","Dorycnium.pentaphyllum"
"P13","Anthaxia.scutullaris","Dorycnium.pentaphyllum"
"P13","Anthophora.dispar","Dorycnium.pentaphyllum"
"P13","Apis.mellifera","Dorycnium.pentaphyllum"
"P13","Bombus.terrestris","Dorycnium.pentaphyllum"
"P13","Ceratina.cucurbitina","Dorycnium.pentaphyllum"
"P13","Chrysotoxum.cautum","Dorycnium.pentaphyllum"
"P13","Clanoptilus.abdominalis","Dorycnium.pentaphyllum"
"P13","Clytus.rhamni","Dorycnium.pentaphyllum"
"P13","Danacea.longiceps","Dorycnium.pentaphyllum"
"P13","Dasytes.nigroaeneus","Dorycnium.pentaphyllum"
"P13","Eucera.collaris","Dorycnium.pentaphyllum"
"P13","Eucera.elongatula","Dorycnium.pentaphyllum"
"P13","Eumerus.argyropus","Dorycnium.pentaphyllum"
"P13","Gonepteryx.cleopatra","Dorycnium.pentaphyllum"
"P13","Halictus.gemmeus","Dorycnium.pentaphyllum"
"P13","Lasioglossum.albocinctum","Dorycnium.pentaphyllum"
"P13","Lasioglossum.bimaculatum","Dorycnium.pentaphyllum"
"P13","Lasioglossum.griseolum","Dorycnium.pentaphyllum"
"P13","Lasioglossum.malachurum","Dorycnium.pentaphyllum"
"P13","Lasioglossum.mediterraneum","Dorycnium.pentaphyllum"
"P13","Lasioglossum.subhirtum","Dorycnium.pentaphyllum"
"P13","Lasioglossum.transitorium","Dorycnium.pentaphyllum"
"P13","Lasiommata.megera","Dorycnium.pentaphyllum"
"P13","Leptidea.sinapis","Dorycnium.pentaphyllum"
"P13","Leptochilus.tarsatus","Dorycnium.pentaphyllum"
"P13","Lobonyx.aeneus","Dorycnium.pentaphyllum"
"P13","Megachile.pyrenaica","Dorycnium.pentaphyllum"
"P13","Meligethes.sp1","Dorycnium.pentaphyllum"
"P13","Microhoria.plumbea","Dorycnium.pentaphyllum"
"P13","Mordellistena.sp1","Dorycnium.pentaphyllum"
"P13","Oedemera.flavipes","Dorycnium.pentaphyllum"
"P13","Osmia.melanogaster/leaiana","Dorycnium.pentaphyllum"
"P13","Osmia.rufohirta","Dorycnium.pentaphyllum"
"P13","Oxythyrea.funesta","Dorycnium.pentaphyllum"
"P13","Platynochaetus.setosus","Dorycnium.pentaphyllum"
"P13","Polistes.dominulus","Dorycnium.pentaphyllum"
"P13","Pyronia.bathseba","Dorycnium.pentaphyllum"
"P13","Rhodanthidium.septemdentatum","Dorycnium.pentaphyllum"
"P13","Rhodanthidium.sticticum","Dorycnium.pentaphyllum"
"P13","Stenurella.melanura","Dorycnium.pentaphyllum"
"P13","Tropinota.sp1","Dorycnium.pentaphyllum"
"P13","Zygaena.sp1","Dorycnium.pentaphyllum"
"P13","Acmaeodera.cylindrica","Fumana.ericifolia"
"P13","Adelidae.sp1","Fumana.ericifolia"
"P13","Anaspis.sp1","Fumana.ericifolia"
"P13","Andrena.djelfensis","Fumana.ericifolia"
"P13","Andrena.nigroaenea","Fumana.ericifolia"
"P13","Andrena.senecionis","Fumana.ericifolia"
"P13","Anthaxia.scutullaris","Fumana.ericifolia"
"P13","Anthophora.dispar","Fumana.ericifolia"
"P13","Apis.mellifera","Fumana.ericifolia"
"P13","Bombus.terrestris","Fumana.ericifolia"
"P13","Ceratina.cucurbitina","Fumana.ericifolia"
"P13","Chrysotoxum.cautum","Fumana.ericifolia"
"P13","Clanoptilus.abdominalis","Fumana.ericifolia"
"P13","Clytus.rhamni","Fumana.ericifolia"
"P13","Danacea.longiceps","Fumana.ericifolia"
"P13","Dasytes.nigroaeneus","Fumana.ericifolia"
"P13","Eucera.collaris","Fumana.ericifolia"
"P13","Eucera.elongatula","Fumana.ericifolia"
"P13","Eumerus.argyropus","Fumana.ericifolia"
"P13","Gonepteryx.cleopatra","Fumana.ericifolia"
"P13","Halictus.gemmeus","Fumana.ericifolia"
"P13","Lasioglossum.albocinctum","Fumana.ericifolia"
"P13","Lasioglossum.bimaculatum","Fumana.ericifolia"
"P13","Lasioglossum.griseolum","Fumana.ericifolia"
"P13","Lasioglossum.malachurum","Fumana.ericifolia"
"P13","Lasioglossum.mediterraneum","Fumana.ericifolia"
"P13","Lasioglossum.subhirtum","Fumana.ericifolia"
"P13","Lasioglossum.transitorium","Fumana.ericifolia"
"P13","Lasiommata.megera","Fumana.ericifolia"
"P13","Leptidea.sinapis","Fumana.ericifolia"
"P13","Leptochilus.tarsatus","Fumana.ericifolia"
"P13","Lobonyx.aeneus","Fumana.ericifolia"
"P13","Megachile.pyrenaica","Fumana.ericifolia"
"P13","Meligethes.sp1","Fumana.ericifolia"
"P13","Microhoria.plumbea","Fumana.ericifolia"
"P13","Mordellistena.sp1","Fumana.ericifolia"
"P13","Oedemera.flavipes","Fumana.ericifolia"
"P13","Osmia.melanogaster/leaiana","Fumana.ericifolia"
"P13","Osmia.rufohirta","Fumana.ericifolia"
"P13","Oxythyrea.funesta","Fumana.ericifolia"
"P13","Platynochaetus.setosus","Fumana.ericifolia"
"P13","Polistes.dominulus","Fumana.ericifolia"
"P13","Pyronia.bathseba","Fumana.ericifolia"
"P13","Rhodanthidium.septemdentatum","Fumana.ericifolia"
"P13","Rhodanthidium.sticticum","Fumana.ericifolia"
"P13","Stenurella.melanura","Fumana.ericifolia"
"P13","Tropinota.sp1","Fumana.ericifolia"
"P13","Zygaena.sp1","Fumana.ericifolia"
"P13","Acmaeodera.cylindrica","Fumana.laevis"
"P13","Adelidae.sp1","Fumana.laevis"
"P13","Anaspis.sp1","Fumana.laevis"
"P13","Andrena.djelfensis","Fumana.laevis"
"P13","Andrena.nigroaenea","Fumana.laevis"
"P13","Andrena.senecionis","Fumana.laevis"
"P13","Anthaxia.scutullaris","Fumana.laevis"
"P13","Anthophora.dispar","Fumana.laevis"
"P13","Apis.mellifera","Fumana.laevis"
"P13","Bombus.terrestris","Fumana.laevis"
"P13","Ceratina.cucurbitina","Fumana.laevis"
"P13","Chrysotoxum.cautum","Fumana.laevis"
"P13","Clanoptilus.abdominalis","Fumana.laevis"
"P13","Clytus.rhamni","Fumana.laevis"
"P13","Danacea.longiceps","Fumana.laevis"
"P13","Dasytes.nigroaeneus","Fumana.laevis"
"P13","Eucera.collaris","Fumana.laevis"
"P13","Eucera.elongatula","Fumana.laevis"
"P13","Eumerus.argyropus","Fumana.laevis"
"P13","Gonepteryx.cleopatra","Fumana.laevis"
"P13","Halictus.gemmeus","Fumana.laevis"
"P13","Lasioglossum.albocinctum","Fumana.laevis"
"P13","Lasioglossum.bimaculatum","Fumana.laevis"
"P13","Lasioglossum.griseolum","Fumana.laevis"
"P13","Lasioglossum.malachurum","Fumana.laevis"
"P13","Lasioglossum.mediterraneum","Fumana.laevis"
"P13","Lasioglossum.subhirtum","Fumana.laevis"
"P13","Lasioglossum.transitorium","Fumana.laevis"
"P13","Lasiommata.megera","Fumana.laevis"
"P13","Leptidea.sinapis","Fumana.laevis"
"P13","Leptochilus.tarsatus","Fumana.laevis"
"P13","Lobonyx.aeneus","Fumana.laevis"
"P13","Megachile.pyrenaica","Fumana.laevis"
"P13","Meligethes.sp1","Fumana.laevis"
"P13","Microhoria.plumbea","Fumana.laevis"
"P13","Mordellistena.sp1","Fumana.laevis"
"P13","Oedemera.flavipes","Fumana.laevis"
"P13","Osmia.melanogaster/leaiana","Fumana.laevis"
"P13","Osmia.rufohirta","Fumana.laevis"
"P13","Oxythyrea.funesta","Fumana.laevis"
"P13","Platynochaetus.setosus","Fumana.laevis"
"P13","Polistes.dominulus","Fumana.laevis"
"P13","Pyronia.bathseba","Fumana.laevis"
"P13","Rhodanthidium.septemdentatum","Fumana.laevis"
"P13","Rhodanthidium.sticticum","Fumana.laevis"
"P13","Stenurella.melanura","Fumana.laevis"
"P13","Tropinota.sp1","Fumana.laevis"
"P13","Zygaena.sp1","Fumana.laevis"
"P13","Acmaeodera.cylindrica","Helianthemum.oelandicum.spp.italicum"
"P13","Adelidae.sp1","Helianthemum.oelandicum.spp.italicum"
"P13","Anaspis.sp1","Helianthemum.oelandicum.spp.italicum"
"P13","Andrena.djelfensis","Helianthemum.oelandicum.spp.italicum"
"P13","Andrena.nigroaenea","Helianthemum.oelandicum.spp.italicum"
"P13","Andrena.senecionis","Helianthemum.oelandicum.spp.italicum"
"P13","Anthaxia.scutullaris","Helianthemum.oelandicum.spp.italicum"
"P13","Anthophora.dispar","Helianthemum.oelandicum.spp.italicum"
"P13","Apis.mellifera","Helianthemum.oelandicum.spp.italicum"
"P13","Bombus.terrestris","Helianthemum.oelandicum.spp.italicum"
"P13","Ceratina.cucurbitina","Helianthemum.oelandicum.spp.italicum"
"P13","Chrysotoxum.cautum","Helianthemum.oelandicum.spp.italicum"
"P13","Clanoptilus.abdominalis","Helianthemum.oelandicum.spp.italicum"
"P13","Clytus.rhamni","Helianthemum.oelandicum.spp.italicum"
"P13","Danacea.longiceps","Helianthemum.oelandicum.spp.italicum"
"P13","Dasytes.nigroaeneus","Helianthemum.oelandicum.spp.italicum"
"P13","Eucera.collaris","Helianthemum.oelandicum.spp.italicum"
"P13","Eucera.elongatula","Helianthemum.oelandicum.spp.italicum"
"P13","Eumerus.argyropus","Helianthemum.oelandicum.spp.italicum"
"P13","Gonepteryx.cleopatra","Helianthemum.oelandicum.spp.italicum"
"P13","Halictus.gemmeus","Helianthemum.oelandicum.spp.italicum"
"P13","Lasioglossum.albocinctum","Helianthemum.oelandicum.spp.italicum"
"P13","Lasioglossum.bimaculatum","Helianthemum.oelandicum.spp.italicum"
"P13","Lasioglossum.griseolum","Helianthemum.oelandicum.spp.italicum"
"P13","Lasioglossum.malachurum","Helianthemum.oelandicum.spp.italicum"
"P13","Lasioglossum.mediterraneum","Helianthemum.oelandicum.spp.italicum"
"P13","Lasioglossum.subhirtum","Helianthemum.oelandicum.spp.italicum"
"P13","Lasioglossum.transitorium","Helianthemum.oelandicum.spp.italicum"
"P13","Lasiommata.megera","Helianthemum.oelandicum.spp.italicum"
"P13","Leptidea.sinapis","Helianthemum.oelandicum.spp.italicum"
"P13","Leptochilus.tarsatus","Helianthemum.oelandicum.spp.italicum"
"P13","Lobonyx.aeneus","Helianthemum.oelandicum.spp.italicum"
"P13","Megachile.pyrenaica","Helianthemum.oelandicum.spp.italicum"
"P13","Meligethes.sp1","Helianthemum.oelandicum.spp.italicum"
"P13","Microhoria.plumbea","Helianthemum.oelandicum.spp.italicum"
"P13","Mordellistena.sp1","Helianthemum.oelandicum.spp.italicum"
"P13","Oedemera.flavipes","Helianthemum.oelandicum.spp.italicum"
"P13","Osmia.melanogaster/leaiana","Helianthemum.oelandicum.spp.italicum"
"P13","Osmia.rufohirta","Helianthemum.oelandicum.spp.italicum"
"P13","Oxythyrea.funesta","Helianthemum.oelandicum.spp.italicum"
"P13","Platynochaetus.setosus","Helianthemum.oelandicum.spp.italicum"
"P13","Polistes.dominulus","Helianthemum.oelandicum.spp.italicum"
"P13","Pyronia.bathseba","Helianthemum.oelandicum.spp.italicum"
"P13","Rhodanthidium.septemdentatum","Helianthemum.oelandicum.spp.italicum"
"P13","Rhodanthidium.sticticum","Helianthemum.oelandicum.spp.italicum"
"P13","Stenurella.melanura","Helianthemum.oelandicum.spp.italicum"
"P13","Tropinota.sp1","Helianthemum.oelandicum.spp.italicum"
"P13","Zygaena.sp1","Helianthemum.oelandicum.spp.italicum"
"P13","Acmaeodera.cylindrica","Hypericum.perforatum"
"P13","Adelidae.sp1","Hypericum.perforatum"
"P13","Anaspis.sp1","Hypericum.perforatum"
"P13","Andrena.djelfensis","Hypericum.perforatum"
"P13","Andrena.nigroaenea","Hypericum.perforatum"
"P13","Andrena.senecionis","Hypericum.perforatum"
"P13","Anthaxia.scutullaris","Hypericum.perforatum"
"P13","Anthophora.dispar","Hypericum.perforatum"
"P13","Apis.mellifera","Hypericum.perforatum"
"P13","Bombus.terrestris","Hypericum.perforatum"
"P13","Ceratina.cucurbitina","Hypericum.perforatum"
"P13","Chrysotoxum.cautum","Hypericum.perforatum"
"P13","Clanoptilus.abdominalis","Hypericum.perforatum"
"P13","Clytus.rhamni","Hypericum.perforatum"
"P13","Danacea.longiceps","Hypericum.perforatum"
"P13","Dasytes.nigroaeneus","Hypericum.perforatum"
"P13","Eucera.collaris","Hypericum.perforatum"
"P13","Eucera.elongatula","Hypericum.perforatum"
"P13","Eumerus.argyropus","Hypericum.perforatum"
"P13","Gonepteryx.cleopatra","Hypericum.perforatum"
"P13","Halictus.gemmeus","Hypericum.perforatum"
"P13","Lasioglossum.albocinctum","Hypericum.perforatum"
"P13","Lasioglossum.bimaculatum","Hypericum.perforatum"
"P13","Lasioglossum.griseolum","Hypericum.perforatum"
"P13","Lasioglossum.malachurum","Hypericum.perforatum"
"P13","Lasioglossum.mediterraneum","Hypericum.perforatum"
"P13","Lasioglossum.subhirtum","Hypericum.perforatum"
"P13","Lasioglossum.transitorium","Hypericum.perforatum"
"P13","Lasiommata.megera","Hypericum.perforatum"
"P13","Leptidea.sinapis","Hypericum.perforatum"
"P13","Leptochilus.tarsatus","Hypericum.perforatum"
"P13","Lobonyx.aeneus","Hypericum.perforatum"
"P13","Megachile.pyrenaica","Hypericum.perforatum"
"P13","Meligethes.sp1","Hypericum.perforatum"
"P13","Microhoria.plumbea","Hypericum.perforatum"
"P13","Mordellistena.sp1","Hypericum.perforatum"
"P13","Oedemera.flavipes","Hypericum.perforatum"
"P13","Osmia.melanogaster/leaiana","Hypericum.perforatum"
"P13","Osmia.rufohirta","Hypericum.perforatum"
"P13","Oxythyrea.funesta","Hypericum.perforatum"
"P13","Platynochaetus.setosus","Hypericum.perforatum"
"P13","Polistes.dominulus","Hypericum.perforatum"
"P13","Pyronia.bathseba","Hypericum.perforatum"
"P13","Rhodanthidium.septemdentatum","Hypericum.perforatum"
"P13","Rhodanthidium.sticticum","Hypericum.perforatum"
"P13","Stenurella.melanura","Hypericum.perforatum"
"P13","Tropinota.sp1","Hypericum.perforatum"
"P13","Zygaena.sp1","Hypericum.perforatum"
"P13","Acmaeodera.cylindrica","Rosmarinus.officinalis"
"P13","Adelidae.sp1","Rosmarinus.officinalis"
"P13","Anaspis.sp1","Rosmarinus.officinalis"
"P13","Andrena.djelfensis","Rosmarinus.officinalis"
"P13","Andrena.nigroaenea","Rosmarinus.officinalis"
"P13","Andrena.senecionis","Rosmarinus.officinalis"
"P13","Anthaxia.scutullaris","Rosmarinus.officinalis"
"P13","Anthophora.dispar","Rosmarinus.officinalis"
"P13","Apis.mellifera","Rosmarinus.officinalis"
"P13","Bombus.terrestris","Rosmarinus.officinalis"
"P13","Ceratina.cucurbitina","Rosmarinus.officinalis"
"P13","Chrysotoxum.cautum","Rosmarinus.officinalis"
"P13","Clanoptilus.abdominalis","Rosmarinus.officinalis"
"P13","Clytus.rhamni","Rosmarinus.officinalis"
"P13","Danacea.longiceps","Rosmarinus.officinalis"
"P13","Dasytes.nigroaeneus","Rosmarinus.officinalis"
"P13","Eucera.collaris","Rosmarinus.officinalis"
"P13","Eucera.elongatula","Rosmarinus.officinalis"
"P13","Eumerus.argyropus","Rosmarinus.officinalis"
"P13","Gonepteryx.cleopatra","Rosmarinus.officinalis"
"P13","Halictus.gemmeus","Rosmarinus.officinalis"
"P13","Lasioglossum.albocinctum","Rosmarinus.officinalis"
"P13","Lasioglossum.bimaculatum","Rosmarinus.officinalis"
"P13","Lasioglossum.griseolum","Rosmarinus.officinalis"
"P13","Lasioglossum.malachurum","Rosmarinus.officinalis"
"P13","Lasioglossum.mediterraneum","Rosmarinus.officinalis"
"P13","Lasioglossum.subhirtum","Rosmarinus.officinalis"
"P13","Lasioglossum.transitorium","Rosmarinus.officinalis"
"P13","Lasiommata.megera","Rosmarinus.officinalis"
"P13","Leptidea.sinapis","Rosmarinus.officinalis"
"P13","Leptochilus.tarsatus","Rosmarinus.officinalis"
"P13","Lobonyx.aeneus","Rosmarinus.officinalis"
"P13","Megachile.pyrenaica","Rosmarinus.officinalis"
"P13","Meligethes.sp1","Rosmarinus.officinalis"
"P13","Microhoria.plumbea","Rosmarinus.officinalis"
"P13","Mordellistena.sp1","Rosmarinus.officinalis"
"P13","Oedemera.flavipes","Rosmarinus.officinalis"
"P13","Osmia.melanogaster/leaiana","Rosmarinus.officinalis"
"P13","Osmia.rufohirta","Rosmarinus.officinalis"
"P13","Oxythyrea.funesta","Rosmarinus.officinalis"
"P13","Platynochaetus.setosus","Rosmarinus.officinalis"
"P13","Polistes.dominulus","Rosmarinus.officinalis"
"P13","Pyronia.bathseba","Rosmarinus.officinalis"
"P13","Rhodanthidium.septemdentatum","Rosmarinus.officinalis"
"P13","Rhodanthidium.sticticum","Rosmarinus.officinalis"
"P13","Stenurella.melanura","Rosmarinus.officinalis"
"P13","Tropinota.sp1","Rosmarinus.officinalis"
"P13","Zygaena.sp1","Rosmarinus.officinalis"
"P14","Acmaeodera.cylindrica","Biscutella.laevigata"
"P14","Adelidae.sp1","Biscutella.laevigata"
"P14","Anaspis.sp1","Biscutella.laevigata"
"P14","Ancistrocerus.biphaleratus","Biscutella.laevigata"
"P14","Andrena.angustior","Biscutella.laevigata"
"P14","Andrena.djelfensis","Biscutella.laevigata"
"P14","Andrena.flavipes","Biscutella.laevigata"
"P14","Andrena.labialis","Biscutella.laevigata"
"P14","Andrena.nigroaenea","Biscutella.laevigata"
"P14","Andrena.senecionis","Biscutella.laevigata"
"P14","Andrena.vulpecula","Biscutella.laevigata"
"P14","Anthaxia.millefolii","Biscutella.laevigata"
"P14","Anthaxia.scutullaris","Biscutella.laevigata"
"P14","Anthaxia.spinolae","Biscutella.laevigata"
"P14","Anthophora.acervorum","Biscutella.laevigata"
"P14","Anthophora.dispar","Biscutella.laevigata"
"P14","Apion.sp2","Biscutella.laevigata"
"P14","Apis.mellifera","Biscutella.laevigata"
"P14","Aplocnemus.calidus","Biscutella.laevigata"
"P14","Athalia.bicolor","Biscutella.laevigata"
"P14","Athalia.sp1","Biscutella.laevigata"
"P14","Bombus.terrestris","Biscutella.laevigata"
"P14","Ceratina.cucurbitina","Biscutella.laevigata"
"P14","Chrysotoxum.cautum","Biscutella.laevigata"
"P14","Clanoptilus.abdominalis","Biscutella.laevigata"
"P14","Clytus.rhamni","Biscutella.laevigata"
"P14","Danacea.longiceps","Biscutella.laevigata"
"P14","Dasytes.nigroaeneus","Biscutella.laevigata"
"P14","Eristalis.tenax","Biscutella.laevigata"
"P14","Eucera.(Synhalonia).alternans","Biscutella.laevigata"
"P14","Eucera.collaris","Biscutella.laevigata"
"P14","Eucera.elongatula","Biscutella.laevigata"
"P14","Euchloe.crameri","Biscutella.laevigata"
"P14","Eumerus.argyropus","Biscutella.laevigata"
"P14","Halictus.fulvipes","Biscutella.laevigata"
"P14","Halictus.scabiosae","Biscutella.laevigata"
"P14","Lasioglossum.albocinctum","Biscutella.laevigata"
"P14","Lasioglossum.bimaculatum","Biscutella.laevigata"
"P14","Lasioglossum.griseolum","Biscutella.laevigata"
"P14","Lasioglossum.malachurum","Biscutella.laevigata"
"P14","Lasioglossum.mediterraneum","Biscutella.laevigata"
"P14","Lasioglossum.morio","Biscutella.laevigata"
"P14","Lasioglossum.subhirtum","Biscutella.laevigata"
"P14","Lasioglossum.transitorium","Biscutella.laevigata"
"P14","Leptochilus.tarsatus","Biscutella.laevigata"
"P14","Lobonyx.aeneus","Biscutella.laevigata"
"P14","Meligethes.sp1","Biscutella.laevigata"
"P14","Microhoria.plumbea","Biscutella.laevigata"
"P14","Mordellistena.sp1","Biscutella.laevigata"
"P14","Mordellistena.sp4","Biscutella.laevigata"
"P14","Nomada.dicrepans","Biscutella.laevigata"
"P14","Nomada.hispanica","Biscutella.laevigata"
"P14","Nomada.sheppardana","Biscutella.laevigata"
"P14","Oedemera.flavipes","Biscutella.laevigata"
"P14","Osmia.rufohirta","Biscutella.laevigata"
"P14","Oxythyrea.funesta","Biscutella.laevigata"
"P14","Panurgus.dentipes","Biscutella.laevigata"
"P14","Platynochaetus.setosus","Biscutella.laevigata"
"P14","Polistes.dominulus","Biscutella.laevigata"
"P14","Pompilidae.sp2","Biscutella.laevigata"
"P14","Priocnemis.sp1","Biscutella.laevigata"
"P14","Psilothrix.viridicoerulea","Biscutella.laevigata"
"P14","Pyronia.bathseba","Biscutella.laevigata"
"P14","Rhodanthidium.septemdentatum","Biscutella.laevigata"
"P14","Rhodanthidium.sticticum","Biscutella.laevigata"
"P14","Sphecodes.puncticeps","Biscutella.laevigata"
"P14","Stenurella.melanura","Biscutella.laevigata"
"P14","Tropinota.sp1","Biscutella.laevigata"
"P14","Trypoxylon.sp1","Biscutella.laevigata"
"P14","Zygaena.sp1","Biscutella.laevigata"
"P14","Acmaeodera.cylindrica","Centaurea.linifolia."
"P14","Adelidae.sp1","Centaurea.linifolia."
"P14","Anaspis.sp1","Centaurea.linifolia."
"P14","Ancistrocerus.biphaleratus","Centaurea.linifolia."
"P14","Andrena.angustior","Centaurea.linifolia."
"P14","Andrena.djelfensis","Centaurea.linifolia."
"P14","Andrena.flavipes","Centaurea.linifolia."
"P14","Andrena.labialis","Centaurea.linifolia."
"P14","Andrena.nigroaenea","Centaurea.linifolia."
"P14","Andrena.senecionis","Centaurea.linifolia."
"P14","Andrena.vulpecula","Centaurea.linifolia."
"P14","Anthaxia.millefolii","Centaurea.linifolia."
"P14","Anthaxia.scutullaris","Centaurea.linifolia."
"P14","Anthaxia.spinolae","Centaurea.linifolia."
"P14","Anthophora.acervorum","Centaurea.linifolia."
"P14","Anthophora.dispar","Centaurea.linifolia."
"P14","Apion.sp2","Centaurea.linifolia."
"P14","Apis.mellifera","Centaurea.linifolia."
"P14","Aplocnemus.calidus","Centaurea.linifolia."
"P14","Athalia.bicolor","Centaurea.linifolia."
"P14","Athalia.sp1","Centaurea.linifolia."
"P14","Bombus.terrestris","Centaurea.linifolia."
"P14","Ceratina.cucurbitina","Centaurea.linifolia."
"P14","Chrysotoxum.cautum","Centaurea.linifolia."
"P14","Clanoptilus.abdominalis","Centaurea.linifolia."
"P14","Clytus.rhamni","Centaurea.linifolia."
"P14","Danacea.longiceps","Centaurea.linifolia."
"P14","Dasytes.nigroaeneus","Centaurea.linifolia."
"P14","Eristalis.tenax","Centaurea.linifolia."
"P14","Eucera.(Synhalonia).alternans","Centaurea.linifolia."
"P14","Eucera.collaris","Centaurea.linifolia."
"P14","Eucera.elongatula","Centaurea.linifolia."
"P14","Euchloe.crameri","Centaurea.linifolia."
"P14","Eumerus.argyropus","Centaurea.linifolia."
"P14","Halictus.fulvipes","Centaurea.linifolia."
"P14","Halictus.scabiosae","Centaurea.linifolia."
"P14","Lasioglossum.albocinctum","Centaurea.linifolia."
"P14","Lasioglossum.bimaculatum","Centaurea.linifolia."
"P14","Lasioglossum.griseolum","Centaurea.linifolia."
"P14","Lasioglossum.malachurum","Centaurea.linifolia."
"P14","Lasioglossum.mediterraneum","Centaurea.linifolia."
"P14","Lasioglossum.morio","Centaurea.linifolia."
"P14","Lasioglossum.subhirtum","Centaurea.linifolia."
"P14","Lasioglossum.transitorium","Centaurea.linifolia."
"P14","Leptochilus.tarsatus","Centaurea.linifolia."
"P14","Lobonyx.aeneus","Centaurea.linifolia."
"P14","Meligethes.sp1","Centaurea.linifolia."
"P14","Microhoria.plumbea","Centaurea.linifolia."
"P14","Mordellistena.sp1","Centaurea.linifolia."
"P14","Mordellistena.sp4","Centaurea.linifolia."
"P14","Nomada.dicrepans","Centaurea.linifolia."
"P14","Nomada.hispanica","Centaurea.linifolia."
"P14","Nomada.sheppardana","Centaurea.linifolia."
"P14","Oedemera.flavipes","Centaurea.linifolia."
"P14","Osmia.rufohirta","Centaurea.linifolia."
"P14","Oxythyrea.funesta","Centaurea.linifolia."
"P14","Panurgus.dentipes","Centaurea.linifolia."
"P14","Platynochaetus.setosus","Centaurea.linifolia."
"P14","Polistes.dominulus","Centaurea.linifolia."
"P14","Pompilidae.sp2","Centaurea.linifolia."
"P14","Priocnemis.sp1","Centaurea.linifolia."
"P14","Psilothrix.viridicoerulea","Centaurea.linifolia."
"P14","Pyronia.bathseba","Centaurea.linifolia."
"P14","Rhodanthidium.septemdentatum","Centaurea.linifolia."
"P14","Rhodanthidium.sticticum","Centaurea.linifolia."
"P14","Sphecodes.puncticeps","Centaurea.linifolia."
"P14","Stenurella.melanura","Centaurea.linifolia."
"P14","Tropinota.sp1","Centaurea.linifolia."
"P14","Trypoxylon.sp1","Centaurea.linifolia."
"P14","Zygaena.sp1","Centaurea.linifolia."
"P14","Acmaeodera.cylindrica","Cistus.albidus"
"P14","Adelidae.sp1","Cistus.albidus"
"P14","Anaspis.sp1","Cistus.albidus"
"P14","Ancistrocerus.biphaleratus","Cistus.albidus"
"P14","Andrena.angustior","Cistus.albidus"
"P14","Andrena.djelfensis","Cistus.albidus"
"P14","Andrena.flavipes","Cistus.albidus"
"P14","Andrena.labialis","Cistus.albidus"
"P14","Andrena.nigroaenea","Cistus.albidus"
"P14","Andrena.senecionis","Cistus.albidus"
"P14","Andrena.vulpecula","Cistus.albidus"
"P14","Anthaxia.millefolii","Cistus.albidus"
"P14","Anthaxia.scutullaris","Cistus.albidus"
"P14","Anthaxia.spinolae","Cistus.albidus"
"P14","Anthophora.acervorum","Cistus.albidus"
"P14","Anthophora.dispar","Cistus.albidus"
"P14","Apion.sp2","Cistus.albidus"
"P14","Apis.mellifera","Cistus.albidus"
"P14","Aplocnemus.calidus","Cistus.albidus"
"P14","Athalia.bicolor","Cistus.albidus"
"P14","Athalia.sp1","Cistus.albidus"
"P14","Bombus.terrestris","Cistus.albidus"
"P14","Ceratina.cucurbitina","Cistus.albidus"
"P14","Chrysotoxum.cautum","Cistus.albidus"
"P14","Clanoptilus.abdominalis","Cistus.albidus"
"P14","Clytus.rhamni","Cistus.albidus"
"P14","Danacea.longiceps","Cistus.albidus"
"P14","Dasytes.nigroaeneus","Cistus.albidus"
"P14","Eristalis.tenax","Cistus.albidus"
"P14","Eucera.(Synhalonia).alternans","Cistus.albidus"
"P14","Eucera.collaris","Cistus.albidus"
"P14","Eucera.elongatula","Cistus.albidus"
"P14","Euchloe.crameri","Cistus.albidus"
"P14","Eumerus.argyropus","Cistus.albidus"
"P14","Halictus.fulvipes","Cistus.albidus"
"P14","Halictus.scabiosae","Cistus.albidus"
"P14","Lasioglossum.albocinctum","Cistus.albidus"
"P14","Lasioglossum.bimaculatum","Cistus.albidus"
"P14","Lasioglossum.griseolum","Cistus.albidus"
"P14","Lasioglossum.malachurum","Cistus.albidus"
"P14","Lasioglossum.mediterraneum","Cistus.albidus"
"P14","Lasioglossum.morio","Cistus.albidus"
"P14","Lasioglossum.subhirtum","Cistus.albidus"
"P14","Lasioglossum.transitorium","Cistus.albidus"
"P14","Leptochilus.tarsatus","Cistus.albidus"
"P14","Lobonyx.aeneus","Cistus.albidus"
"P14","Meligethes.sp1","Cistus.albidus"
"P14","Microhoria.plumbea","Cistus.albidus"
"P14","Mordellistena.sp1","Cistus.albidus"
"P14","Mordellistena.sp4","Cistus.albidus"
"P14","Nomada.dicrepans","Cistus.albidus"
"P14","Nomada.hispanica","Cistus.albidus"
"P14","Nomada.sheppardana","Cistus.albidus"
"P14","Oedemera.flavipes","Cistus.albidus"
"P14","Osmia.rufohirta","Cistus.albidus"
"P14","Oxythyrea.funesta","Cistus.albidus"
"P14","Panurgus.dentipes","Cistus.albidus"
"P14","Platynochaetus.setosus","Cistus.albidus"
"P14","Polistes.dominulus","Cistus.albidus"
"P14","Pompilidae.sp2","Cistus.albidus"
"P14","Priocnemis.sp1","Cistus.albidus"
"P14","Psilothrix.viridicoerulea","Cistus.albidus"
"P14","Pyronia.bathseba","Cistus.albidus"
"P14","Rhodanthidium.septemdentatum","Cistus.albidus"
"P14","Rhodanthidium.sticticum","Cistus.albidus"
"P14","Sphecodes.puncticeps","Cistus.albidus"
"P14","Stenurella.melanura","Cistus.albidus"
"P14","Tropinota.sp1","Cistus.albidus"
"P14","Trypoxylon.sp1","Cistus.albidus"
"P14","Zygaena.sp1","Cistus.albidus"
"P14","Acmaeodera.cylindrica","Cistus.salviifolius"
"P14","Adelidae.sp1","Cistus.salviifolius"
"P14","Anaspis.sp1","Cistus.salviifolius"
"P14","Ancistrocerus.biphaleratus","Cistus.salviifolius"
"P14","Andrena.angustior","Cistus.salviifolius"
"P14","Andrena.djelfensis","Cistus.salviifolius"
"P14","Andrena.flavipes","Cistus.salviifolius"
"P14","Andrena.labialis","Cistus.salviifolius"
"P14","Andrena.nigroaenea","Cistus.salviifolius"
"P14","Andrena.senecionis","Cistus.salviifolius"
"P14","Andrena.vulpecula","Cistus.salviifolius"
"P14","Anthaxia.millefolii","Cistus.salviifolius"
"P14","Anthaxia.scutullaris","Cistus.salviifolius"
"P14","Anthaxia.spinolae","Cistus.salviifolius"
"P14","Anthophora.acervorum","Cistus.salviifolius"
"P14","Anthophora.dispar","Cistus.salviifolius"
"P14","Apion.sp2","Cistus.salviifolius"
"P14","Apis.mellifera","Cistus.salviifolius"
"P14","Aplocnemus.calidus","Cistus.salviifolius"
"P14","Athalia.bicolor","Cistus.salviifolius"
"P14","Athalia.sp1","Cistus.salviifolius"
"P14","Bombus.terrestris","Cistus.salviifolius"
"P14","Ceratina.cucurbitina","Cistus.salviifolius"
"P14","Chrysotoxum.cautum","Cistus.salviifolius"
"P14","Clanoptilus.abdominalis","Cistus.salviifolius"
"P14","Clytus.rhamni","Cistus.salviifolius"
"P14","Danacea.longiceps","Cistus.salviifolius"
"P14","Dasytes.nigroaeneus","Cistus.salviifolius"
"P14","Eristalis.tenax","Cistus.salviifolius"
"P14","Eucera.(Synhalonia).alternans","Cistus.salviifolius"
"P14","Eucera.collaris","Cistus.salviifolius"
"P14","Eucera.elongatula","Cistus.salviifolius"
"P14","Euchloe.crameri","Cistus.salviifolius"
"P14","Eumerus.argyropus","Cistus.salviifolius"
"P14","Halictus.fulvipes","Cistus.salviifolius"
"P14","Halictus.scabiosae","Cistus.salviifolius"
"P14","Lasioglossum.albocinctum","Cistus.salviifolius"
"P14","Lasioglossum.bimaculatum","Cistus.salviifolius"
"P14","Lasioglossum.griseolum","Cistus.salviifolius"
"P14","Lasioglossum.malachurum","Cistus.salviifolius"
"P14","Lasioglossum.mediterraneum","Cistus.salviifolius"
"P14","Lasioglossum.morio","Cistus.salviifolius"
"P14","Lasioglossum.subhirtum","Cistus.salviifolius"
"P14","Lasioglossum.transitorium","Cistus.salviifolius"
"P14","Leptochilus.tarsatus","Cistus.salviifolius"
"P14","Lobonyx.aeneus","Cistus.salviifolius"
"P14","Meligethes.sp1","Cistus.salviifolius"
"P14","Microhoria.plumbea","Cistus.salviifolius"
"P14","Mordellistena.sp1","Cistus.salviifolius"
"P14","Mordellistena.sp4","Cistus.salviifolius"
"P14","Nomada.dicrepans","Cistus.salviifolius"
"P14","Nomada.hispanica","Cistus.salviifolius"
"P14","Nomada.sheppardana","Cistus.salviifolius"
"P14","Oedemera.flavipes","Cistus.salviifolius"
"P14","Osmia.rufohirta","Cistus.salviifolius"
"P14","Oxythyrea.funesta","Cistus.salviifolius"
"P14","Panurgus.dentipes","Cistus.salviifolius"
"P14","Platynochaetus.setosus","Cistus.salviifolius"
"P14","Polistes.dominulus","Cistus.salviifolius"
"P14","Pompilidae.sp2","Cistus.salviifolius"
"P14","Priocnemis.sp1","Cistus.salviifolius"
"P14","Psilothrix.viridicoerulea","Cistus.salviifolius"
"P14","Pyronia.bathseba","Cistus.salviifolius"
"P14","Rhodanthidium.septemdentatum","Cistus.salviifolius"
"P14","Rhodanthidium.sticticum","Cistus.salviifolius"
"P14","Sphecodes.puncticeps","Cistus.salviifolius"
"P14","Stenurella.melanura","Cistus.salviifolius"
"P14","Tropinota.sp1","Cistus.salviifolius"
"P14","Trypoxylon.sp1","Cistus.salviifolius"
"P14","Zygaena.sp1","Cistus.salviifolius"
"P14","Acmaeodera.cylindrica","Dorycnium.pentaphyllum"
"P14","Adelidae.sp1","Dorycnium.pentaphyllum"
"P14","Anaspis.sp1","Dorycnium.pentaphyllum"
"P14","Ancistrocerus.biphaleratus","Dorycnium.pentaphyllum"
"P14","Andrena.angustior","Dorycnium.pentaphyllum"
"P14","Andrena.djelfensis","Dorycnium.pentaphyllum"
"P14","Andrena.flavipes","Dorycnium.pentaphyllum"
"P14","Andrena.labialis","Dorycnium.pentaphyllum"
"P14","Andrena.nigroaenea","Dorycnium.pentaphyllum"
"P14","Andrena.senecionis","Dorycnium.pentaphyllum"
"P14","Andrena.vulpecula","Dorycnium.pentaphyllum"
"P14","Anthaxia.millefolii","Dorycnium.pentaphyllum"
"P14","Anthaxia.scutullaris","Dorycnium.pentaphyllum"
"P14","Anthaxia.spinolae","Dorycnium.pentaphyllum"
"P14","Anthophora.acervorum","Dorycnium.pentaphyllum"
"P14","Anthophora.dispar","Dorycnium.pentaphyllum"
"P14","Apion.sp2","Dorycnium.pentaphyllum"
"P14","Apis.mellifera","Dorycnium.pentaphyllum"
"P14","Aplocnemus.calidus","Dorycnium.pentaphyllum"
"P14","Athalia.bicolor","Dorycnium.pentaphyllum"
"P14","Athalia.sp1","Dorycnium.pentaphyllum"
"P14","Bombus.terrestris","Dorycnium.pentaphyllum"
"P14","Ceratina.cucurbitina","Dorycnium.pentaphyllum"
"P14","Chrysotoxum.cautum","Dorycnium.pentaphyllum"
"P14","Clanoptilus.abdominalis","Dorycnium.pentaphyllum"
"P14","Clytus.rhamni","Dorycnium.pentaphyllum"
"P14","Danacea.longiceps","Dorycnium.pentaphyllum"
"P14","Dasytes.nigroaeneus","Dorycnium.pentaphyllum"
"P14","Eristalis.tenax","Dorycnium.pentaphyllum"
"P14","Eucera.(Synhalonia).alternans","Dorycnium.pentaphyllum"
"P14","Eucera.collaris","Dorycnium.pentaphyllum"
"P14","Eucera.elongatula","Dorycnium.pentaphyllum"
"P14","Euchloe.crameri","Dorycnium.pentaphyllum"
"P14","Eumerus.argyropus","Dorycnium.pentaphyllum"
"P14","Halictus.fulvipes","Dorycnium.pentaphyllum"
"P14","Halictus.scabiosae","Dorycnium.pentaphyllum"
"P14","Lasioglossum.albocinctum","Dorycnium.pentaphyllum"
"P14","Lasioglossum.bimaculatum","Dorycnium.pentaphyllum"
"P14","Lasioglossum.griseolum","Dorycnium.pentaphyllum"
"P14","Lasioglossum.malachurum","Dorycnium.pentaphyllum"
"P14","Lasioglossum.mediterraneum","Dorycnium.pentaphyllum"
"P14","Lasioglossum.morio","Dorycnium.pentaphyllum"
"P14","Lasioglossum.subhirtum","Dorycnium.pentaphyllum"
"P14","Lasioglossum.transitorium","Dorycnium.pentaphyllum"
"P14","Leptochilus.tarsatus","Dorycnium.pentaphyllum"
"P14","Lobonyx.aeneus","Dorycnium.pentaphyllum"
"P14","Meligethes.sp1","Dorycnium.pentaphyllum"
"P14","Microhoria.plumbea","Dorycnium.pentaphyllum"
"P14","Mordellistena.sp1","Dorycnium.pentaphyllum"
"P14","Mordellistena.sp4","Dorycnium.pentaphyllum"
"P14","Nomada.dicrepans","Dorycnium.pentaphyllum"
"P14","Nomada.hispanica","Dorycnium.pentaphyllum"
"P14","Nomada.sheppardana","Dorycnium.pentaphyllum"
"P14","Oedemera.flavipes","Dorycnium.pentaphyllum"
"P14","Osmia.rufohirta","Dorycnium.pentaphyllum"
"P14","Oxythyrea.funesta","Dorycnium.pentaphyllum"
"P14","Panurgus.dentipes","Dorycnium.pentaphyllum"
"P14","Platynochaetus.setosus","Dorycnium.pentaphyllum"
"P14","Polistes.dominulus","Dorycnium.pentaphyllum"
"P14","Pompilidae.sp2","Dorycnium.pentaphyllum"
"P14","Priocnemis.sp1","Dorycnium.pentaphyllum"
"P14","Psilothrix.viridicoerulea","Dorycnium.pentaphyllum"
"P14","Pyronia.bathseba","Dorycnium.pentaphyllum"
"P14","Rhodanthidium.septemdentatum","Dorycnium.pentaphyllum"
"P14","Rhodanthidium.sticticum","Dorycnium.pentaphyllum"
"P14","Sphecodes.puncticeps","Dorycnium.pentaphyllum"
"P14","Stenurella.melanura","Dorycnium.pentaphyllum"
"P14","Tropinota.sp1","Dorycnium.pentaphyllum"
"P14","Trypoxylon.sp1","Dorycnium.pentaphyllum"
"P14","Zygaena.sp1","Dorycnium.pentaphyllum"
"P14","Acmaeodera.cylindrica","Euphorbia.flavicoma"
"P14","Adelidae.sp1","Euphorbia.flavicoma"
"P14","Anaspis.sp1","Euphorbia.flavicoma"
"P14","Ancistrocerus.biphaleratus","Euphorbia.flavicoma"
"P14","Andrena.angustior","Euphorbia.flavicoma"
"P14","Andrena.djelfensis","Euphorbia.flavicoma"
"P14","Andrena.flavipes","Euphorbia.flavicoma"
"P14","Andrena.labialis","Euphorbia.flavicoma"
"P14","Andrena.nigroaenea","Euphorbia.flavicoma"
"P14","Andrena.senecionis","Euphorbia.flavicoma"
"P14","Andrena.vulpecula","Euphorbia.flavicoma"
"P14","Anthaxia.millefolii","Euphorbia.flavicoma"
"P14","Anthaxia.scutullaris","Euphorbia.flavicoma"
"P14","Anthaxia.spinolae","Euphorbia.flavicoma"
"P14","Anthophora.acervorum","Euphorbia.flavicoma"
"P14","Anthophora.dispar","Euphorbia.flavicoma"
"P14","Apion.sp2","Euphorbia.flavicoma"
"P14","Apis.mellifera","Euphorbia.flavicoma"
"P14","Aplocnemus.calidus","Euphorbia.flavicoma"
"P14","Athalia.bicolor","Euphorbia.flavicoma"
"P14","Athalia.sp1","Euphorbia.flavicoma"
"P14","Bombus.terrestris","Euphorbia.flavicoma"
"P14","Ceratina.cucurbitina","Euphorbia.flavicoma"
"P14","Chrysotoxum.cautum","Euphorbia.flavicoma"
"P14","Clanoptilus.abdominalis","Euphorbia.flavicoma"
"P14","Clytus.rhamni","Euphorbia.flavicoma"
"P14","Danacea.longiceps","Euphorbia.flavicoma"
"P14","Dasytes.nigroaeneus","Euphorbia.flavicoma"
"P14","Eristalis.tenax","Euphorbia.flavicoma"
"P14","Eucera.(Synhalonia).alternans","Euphorbia.flavicoma"
"P14","Eucera.collaris","Euphorbia.flavicoma"
"P14","Eucera.elongatula","Euphorbia.flavicoma"
"P14","Euchloe.crameri","Euphorbia.flavicoma"
"P14","Eumerus.argyropus","Euphorbia.flavicoma"
"P14","Halictus.fulvipes","Euphorbia.flavicoma"
"P14","Halictus.scabiosae","Euphorbia.flavicoma"
"P14","Lasioglossum.albocinctum","Euphorbia.flavicoma"
"P14","Lasioglossum.bimaculatum","Euphorbia.flavicoma"
"P14","Lasioglossum.griseolum","Euphorbia.flavicoma"
"P14","Lasioglossum.malachurum","Euphorbia.flavicoma"
"P14","Lasioglossum.mediterraneum","Euphorbia.flavicoma"
"P14","Lasioglossum.morio","Euphorbia.flavicoma"
"P14","Lasioglossum.subhirtum","Euphorbia.flavicoma"
"P14","Lasioglossum.transitorium","Euphorbia.flavicoma"
"P14","Leptochilus.tarsatus","Euphorbia.flavicoma"
"P14","Lobonyx.aeneus","Euphorbia.flavicoma"
"P14","Meligethes.sp1","Euphorbia.flavicoma"
"P14","Microhoria.plumbea","Euphorbia.flavicoma"
"P14","Mordellistena.sp1","Euphorbia.flavicoma"
"P14","Mordellistena.sp4","Euphorbia.flavicoma"
"P14","Nomada.dicrepans","Euphorbia.flavicoma"
"P14","Nomada.hispanica","Euphorbia.flavicoma"
"P14","Nomada.sheppardana","Euphorbia.flavicoma"
"P14","Oedemera.flavipes","Euphorbia.flavicoma"
"P14","Osmia.rufohirta","Euphorbia.flavicoma"
"P14","Oxythyrea.funesta","Euphorbia.flavicoma"
"P14","Panurgus.dentipes","Euphorbia.flavicoma"
"P14","Platynochaetus.setosus","Euphorbia.flavicoma"
"P14","Polistes.dominulus","Euphorbia.flavicoma"
"P14","Pompilidae.sp2","Euphorbia.flavicoma"
"P14","Priocnemis.sp1","Euphorbia.flavicoma"
"P14","Psilothrix.viridicoerulea","Euphorbia.flavicoma"
"P14","Pyronia.bathseba","Euphorbia.flavicoma"
"P14","Rhodanthidium.septemdentatum","Euphorbia.flavicoma"
"P14","Rhodanthidium.sticticum","Euphorbia.flavicoma"
"P14","Sphecodes.puncticeps","Euphorbia.flavicoma"
"P14","Stenurella.melanura","Euphorbia.flavicoma"
"P14","Tropinota.sp1","Euphorbia.flavicoma"
"P14","Trypoxylon.sp1","Euphorbia.flavicoma"
"P14","Zygaena.sp1","Euphorbia.flavicoma"
"P14","Acmaeodera.cylindrica","Galium.aparine"
"P14","Adelidae.sp1","Galium.aparine"
"P14","Anaspis.sp1","Galium.aparine"
"P14","Ancistrocerus.biphaleratus","Galium.aparine"
"P14","Andrena.angustior","Galium.aparine"
"P14","Andrena.djelfensis","Galium.aparine"
"P14","Andrena.flavipes","Galium.aparine"
"P14","Andrena.labialis","Galium.aparine"
"P14","Andrena.nigroaenea","Galium.aparine"
"P14","Andrena.senecionis","Galium.aparine"
"P14","Andrena.vulpecula","Galium.aparine"
"P14","Anthaxia.millefolii","Galium.aparine"
"P14","Anthaxia.scutullaris","Galium.aparine"
"P14","Anthaxia.spinolae","Galium.aparine"
"P14","Anthophora.acervorum","Galium.aparine"
"P14","Anthophora.dispar","Galium.aparine"
"P14","Apion.sp2","Galium.aparine"
"P14","Apis.mellifera","Galium.aparine"
"P14","Aplocnemus.calidus","Galium.aparine"
"P14","Athalia.bicolor","Galium.aparine"
"P14","Athalia.sp1","Galium.aparine"
"P14","Bombus.terrestris","Galium.aparine"
"P14","Ceratina.cucurbitina","Galium.aparine"
"P14","Chrysotoxum.cautum","Galium.aparine"
"P14","Clanoptilus.abdominalis","Galium.aparine"
"P14","Clytus.rhamni","Galium.aparine"
"P14","Danacea.longiceps","Galium.aparine"
"P14","Dasytes.nigroaeneus","Galium.aparine"
"P14","Eristalis.tenax","Galium.aparine"
"P14","Eucera.(Synhalonia).alternans","Galium.aparine"
"P14","Eucera.collaris","Galium.aparine"
"P14","Eucera.elongatula","Galium.aparine"
"P14","Euchloe.crameri","Galium.aparine"
"P14","Eumerus.argyropus","Galium.aparine"
"P14","Halictus.fulvipes","Galium.aparine"
"P14","Halictus.scabiosae","Galium.aparine"
"P14","Lasioglossum.albocinctum","Galium.aparine"
"P14","Lasioglossum.bimaculatum","Galium.aparine"
"P14","Lasioglossum.griseolum","Galium.aparine"
"P14","Lasioglossum.malachurum","Galium.aparine"
"P14","Lasioglossum.mediterraneum","Galium.aparine"
"P14","Lasioglossum.morio","Galium.aparine"
"P14","Lasioglossum.subhirtum","Galium.aparine"
"P14","Lasioglossum.transitorium","Galium.aparine"
"P14","Leptochilus.tarsatus","Galium.aparine"
"P14","Lobonyx.aeneus","Galium.aparine"
"P14","Meligethes.sp1","Galium.aparine"
"P14","Microhoria.plumbea","Galium.aparine"
"P14","Mordellistena.sp1","Galium.aparine"
"P14","Mordellistena.sp4","Galium.aparine"
"P14","Nomada.dicrepans","Galium.aparine"
"P14","Nomada.hispanica","Galium.aparine"
"P14","Nomada.sheppardana","Galium.aparine"
"P14","Oedemera.flavipes","Galium.aparine"
"P14","Osmia.rufohirta","Galium.aparine"
"P14","Oxythyrea.funesta","Galium.aparine"
"P14","Panurgus.dentipes","Galium.aparine"
"P14","Platynochaetus.setosus","Galium.aparine"
"P14","Polistes.dominulus","Galium.aparine"
"P14","Pompilidae.sp2","Galium.aparine"
"P14","Priocnemis.sp1","Galium.aparine"
"P14","Psilothrix.viridicoerulea","Galium.aparine"
"P14","Pyronia.bathseba","Galium.aparine"
"P14","Rhodanthidium.septemdentatum","Galium.aparine"
"P14","Rhodanthidium.sticticum","Galium.aparine"
"P14","Sphecodes.puncticeps","Galium.aparine"
"P14","Stenurella.melanura","Galium.aparine"
"P14","Tropinota.sp1","Galium.aparine"
"P14","Trypoxylon.sp1","Galium.aparine"
"P14","Zygaena.sp1","Galium.aparine"
"P14","Acmaeodera.cylindrica","Gladiolus.illyricus"
"P14","Adelidae.sp1","Gladiolus.illyricus"
"P14","Anaspis.sp1","Gladiolus.illyricus"
"P14","Ancistrocerus.biphaleratus","Gladiolus.illyricus"
"P14","Andrena.angustior","Gladiolus.illyricus"
"P14","Andrena.djelfensis","Gladiolus.illyricus"
"P14","Andrena.flavipes","Gladiolus.illyricus"
"P14","Andrena.labialis","Gladiolus.illyricus"
"P14","Andrena.nigroaenea","Gladiolus.illyricus"
"P14","Andrena.senecionis","Gladiolus.illyricus"
"P14","Andrena.vulpecula","Gladiolus.illyricus"
"P14","Anthaxia.millefolii","Gladiolus.illyricus"
"P14","Anthaxia.scutullaris","Gladiolus.illyricus"
"P14","Anthaxia.spinolae","Gladiolus.illyricus"
"P14","Anthophora.acervorum","Gladiolus.illyricus"
"P14","Anthophora.dispar","Gladiolus.illyricus"
"P14","Apion.sp2","Gladiolus.illyricus"
"P14","Apis.mellifera","Gladiolus.illyricus"
"P14","Aplocnemus.calidus","Gladiolus.illyricus"
"P14","Athalia.bicolor","Gladiolus.illyricus"
"P14","Athalia.sp1","Gladiolus.illyricus"
"P14","Bombus.terrestris","Gladiolus.illyricus"
"P14","Ceratina.cucurbitina","Gladiolus.illyricus"
"P14","Chrysotoxum.cautum","Gladiolus.illyricus"
"P14","Clanoptilus.abdominalis","Gladiolus.illyricus"
"P14","Clytus.rhamni","Gladiolus.illyricus"
"P14","Danacea.longiceps","Gladiolus.illyricus"
"P14","Dasytes.nigroaeneus","Gladiolus.illyricus"
"P14","Eristalis.tenax","Gladiolus.illyricus"
"P14","Eucera.(Synhalonia).alternans","Gladiolus.illyricus"
"P14","Eucera.collaris","Gladiolus.illyricus"
"P14","Eucera.elongatula","Gladiolus.illyricus"
"P14","Euchloe.crameri","Gladiolus.illyricus"
"P14","Eumerus.argyropus","Gladiolus.illyricus"
"P14","Halictus.fulvipes","Gladiolus.illyricus"
"P14","Halictus.scabiosae","Gladiolus.illyricus"
"P14","Lasioglossum.albocinctum","Gladiolus.illyricus"
"P14","Lasioglossum.bimaculatum","Gladiolus.illyricus"
"P14","Lasioglossum.griseolum","Gladiolus.illyricus"
"P14","Lasioglossum.malachurum","Gladiolus.illyricus"
"P14","Lasioglossum.mediterraneum","Gladiolus.illyricus"
"P14","Lasioglossum.morio","Gladiolus.illyricus"
"P14","Lasioglossum.subhirtum","Gladiolus.illyricus"
"P14","Lasioglossum.transitorium","Gladiolus.illyricus"
"P14","Leptochilus.tarsatus","Gladiolus.illyricus"
"P14","Lobonyx.aeneus","Gladiolus.illyricus"
"P14","Meligethes.sp1","Gladiolus.illyricus"
"P14","Microhoria.plumbea","Gladiolus.illyricus"
"P14","Mordellistena.sp1","Gladiolus.illyricus"
"P14","Mordellistena.sp4","Gladiolus.illyricus"
"P14","Nomada.dicrepans","Gladiolus.illyricus"
"P14","Nomada.hispanica","Gladiolus.illyricus"
"P14","Nomada.sheppardana","Gladiolus.illyricus"
"P14","Oedemera.flavipes","Gladiolus.illyricus"
"P14","Osmia.rufohirta","Gladiolus.illyricus"
"P14","Oxythyrea.funesta","Gladiolus.illyricus"
"P14","Panurgus.dentipes","Gladiolus.illyricus"
"P14","Platynochaetus.setosus","Gladiolus.illyricus"
"P14","Polistes.dominulus","Gladiolus.illyricus"
"P14","Pompilidae.sp2","Gladiolus.illyricus"
"P14","Priocnemis.sp1","Gladiolus.illyricus"
"P14","Psilothrix.viridicoerulea","Gladiolus.illyricus"
"P14","Pyronia.bathseba","Gladiolus.illyricus"
"P14","Rhodanthidium.septemdentatum","Gladiolus.illyricus"
"P14","Rhodanthidium.sticticum","Gladiolus.illyricus"
"P14","Sphecodes.puncticeps","Gladiolus.illyricus"
"P14","Stenurella.melanura","Gladiolus.illyricus"
"P14","Tropinota.sp1","Gladiolus.illyricus"
"P14","Trypoxylon.sp1","Gladiolus.illyricus"
"P14","Zygaena.sp1","Gladiolus.illyricus"
"P14","Acmaeodera.cylindrica","Helianthemum.oelandicum.spp.italicum"
"P14","Adelidae.sp1","Helianthemum.oelandicum.spp.italicum"
"P14","Anaspis.sp1","Helianthemum.oelandicum.spp.italicum"
"P14","Ancistrocerus.biphaleratus","Helianthemum.oelandicum.spp.italicum"
"P14","Andrena.angustior","Helianthemum.oelandicum.spp.italicum"
"P14","Andrena.djelfensis","Helianthemum.oelandicum.spp.italicum"
"P14","Andrena.flavipes","Helianthemum.oelandicum.spp.italicum"
"P14","Andrena.labialis","Helianthemum.oelandicum.spp.italicum"
"P14","Andrena.nigroaenea","Helianthemum.oelandicum.spp.italicum"
"P14","Andrena.senecionis","Helianthemum.oelandicum.spp.italicum"
"P14","Andrena.vulpecula","Helianthemum.oelandicum.spp.italicum"
"P14","Anthaxia.millefolii","Helianthemum.oelandicum.spp.italicum"
"P14","Anthaxia.scutullaris","Helianthemum.oelandicum.spp.italicum"
"P14","Anthaxia.spinolae","Helianthemum.oelandicum.spp.italicum"
"P14","Anthophora.acervorum","Helianthemum.oelandicum.spp.italicum"
"P14","Anthophora.dispar","Helianthemum.oelandicum.spp.italicum"
"P14","Apion.sp2","Helianthemum.oelandicum.spp.italicum"
"P14","Apis.mellifera","Helianthemum.oelandicum.spp.italicum"
"P14","Aplocnemus.calidus","Helianthemum.oelandicum.spp.italicum"
"P14","Athalia.bicolor","Helianthemum.oelandicum.spp.italicum"
"P14","Athalia.sp1","Helianthemum.oelandicum.spp.italicum"
"P14","Bombus.terrestris","Helianthemum.oelandicum.spp.italicum"
"P14","Ceratina.cucurbitina","Helianthemum.oelandicum.spp.italicum"
"P14","Chrysotoxum.cautum","Helianthemum.oelandicum.spp.italicum"
"P14","Clanoptilus.abdominalis","Helianthemum.oelandicum.spp.italicum"
"P14","Clytus.rhamni","Helianthemum.oelandicum.spp.italicum"
"P14","Danacea.longiceps","Helianthemum.oelandicum.spp.italicum"
"P14","Dasytes.nigroaeneus","Helianthemum.oelandicum.spp.italicum"
"P14","Eristalis.tenax","Helianthemum.oelandicum.spp.italicum"
"P14","Eucera.(Synhalonia).alternans","Helianthemum.oelandicum.spp.italicum"
"P14","Eucera.collaris","Helianthemum.oelandicum.spp.italicum"
"P14","Eucera.elongatula","Helianthemum.oelandicum.spp.italicum"
"P14","Euchloe.crameri","Helianthemum.oelandicum.spp.italicum"
"P14","Eumerus.argyropus","Helianthemum.oelandicum.spp.italicum"
"P14","Halictus.fulvipes","Helianthemum.oelandicum.spp.italicum"
"P14","Halictus.scabiosae","Helianthemum.oelandicum.spp.italicum"
"P14","Lasioglossum.albocinctum","Helianthemum.oelandicum.spp.italicum"
"P14","Lasioglossum.bimaculatum","Helianthemum.oelandicum.spp.italicum"
"P14","Lasioglossum.griseolum","Helianthemum.oelandicum.spp.italicum"
"P14","Lasioglossum.malachurum","Helianthemum.oelandicum.spp.italicum"
"P14","Lasioglossum.mediterraneum","Helianthemum.oelandicum.spp.italicum"
"P14","Lasioglossum.morio","Helianthemum.oelandicum.spp.italicum"
"P14","Lasioglossum.subhirtum","Helianthemum.oelandicum.spp.italicum"
"P14","Lasioglossum.transitorium","Helianthemum.oelandicum.spp.italicum"
"P14","Leptochilus.tarsatus","Helianthemum.oelandicum.spp.italicum"
"P14","Lobonyx.aeneus","Helianthemum.oelandicum.spp.italicum"
"P14","Meligethes.sp1","Helianthemum.oelandicum.spp.italicum"
"P14","Microhoria.plumbea","Helianthemum.oelandicum.spp.italicum"
"P14","Mordellistena.sp1","Helianthemum.oelandicum.spp.italicum"
"P14","Mordellistena.sp4","Helianthemum.oelandicum.spp.italicum"
"P14","Nomada.dicrepans","Helianthemum.oelandicum.spp.italicum"
"P14","Nomada.hispanica","Helianthemum.oelandicum.spp.italicum"
"P14","Nomada.sheppardana","Helianthemum.oelandicum.spp.italicum"
"P14","Oedemera.flavipes","Helianthemum.oelandicum.spp.italicum"
"P14","Osmia.rufohirta","Helianthemum.oelandicum.spp.italicum"
"P14","Oxythyrea.funesta","Helianthemum.oelandicum.spp.italicum"
"P14","Panurgus.dentipes","Helianthemum.oelandicum.spp.italicum"
"P14","Platynochaetus.setosus","Helianthemum.oelandicum.spp.italicum"
"P14","Polistes.dominulus","Helianthemum.oelandicum.spp.italicum"
"P14","Pompilidae.sp2","Helianthemum.oelandicum.spp.italicum"
"P14","Priocnemis.sp1","Helianthemum.oelandicum.spp.italicum"
"P14","Psilothrix.viridicoerulea","Helianthemum.oelandicum.spp.italicum"
"P14","Pyronia.bathseba","Helianthemum.oelandicum.spp.italicum"
"P14","Rhodanthidium.septemdentatum","Helianthemum.oelandicum.spp.italicum"
"P14","Rhodanthidium.sticticum","Helianthemum.oelandicum.spp.italicum"
"P14","Sphecodes.puncticeps","Helianthemum.oelandicum.spp.italicum"
"P14","Stenurella.melanura","Helianthemum.oelandicum.spp.italicum"
"P14","Tropinota.sp1","Helianthemum.oelandicum.spp.italicum"
"P14","Trypoxylon.sp1","Helianthemum.oelandicum.spp.italicum"
"P14","Zygaena.sp1","Helianthemum.oelandicum.spp.italicum"
"P14","Acmaeodera.cylindrica","Ononis.minutissima"
"P14","Adelidae.sp1","Ononis.minutissima"
"P14","Anaspis.sp1","Ononis.minutissima"
"P14","Ancistrocerus.biphaleratus","Ononis.minutissima"
"P14","Andrena.angustior","Ononis.minutissima"
"P14","Andrena.djelfensis","Ononis.minutissima"
"P14","Andrena.flavipes","Ononis.minutissima"
"P14","Andrena.labialis","Ononis.minutissima"
"P14","Andrena.nigroaenea","Ononis.minutissima"
"P14","Andrena.senecionis","Ononis.minutissima"
"P14","Andrena.vulpecula","Ononis.minutissima"
"P14","Anthaxia.millefolii","Ononis.minutissima"
"P14","Anthaxia.scutullaris","Ononis.minutissima"
"P14","Anthaxia.spinolae","Ononis.minutissima"
"P14","Anthophora.acervorum","Ononis.minutissima"
"P14","Anthophora.dispar","Ononis.minutissima"
"P14","Apion.sp2","Ononis.minutissima"
"P14","Apis.mellifera","Ononis.minutissima"
"P14","Aplocnemus.calidus","Ononis.minutissima"
"P14","Athalia.bicolor","Ononis.minutissima"
"P14","Athalia.sp1","Ononis.minutissima"
"P14","Bombus.terrestris","Ononis.minutissima"
"P14","Ceratina.cucurbitina","Ononis.minutissima"
"P14","Chrysotoxum.cautum","Ononis.minutissima"
"P14","Clanoptilus.abdominalis","Ononis.minutissima"
"P14","Clytus.rhamni","Ononis.minutissima"
"P14","Danacea.longiceps","Ononis.minutissima"
"P14","Dasytes.nigroaeneus","Ononis.minutissima"
"P14","Eristalis.tenax","Ononis.minutissima"
"P14","Eucera.(Synhalonia).alternans","Ononis.minutissima"
"P14","Eucera.collaris","Ononis.minutissima"
"P14","Eucera.elongatula","Ononis.minutissima"
"P14","Euchloe.crameri","Ononis.minutissima"
"P14","Eumerus.argyropus","Ononis.minutissima"
"P14","Halictus.fulvipes","Ononis.minutissima"
"P14","Halictus.scabiosae","Ononis.minutissima"
"P14","Lasioglossum.albocinctum","Ononis.minutissima"
"P14","Lasioglossum.bimaculatum","Ononis.minutissima"
"P14","Lasioglossum.griseolum","Ononis.minutissima"
"P14","Lasioglossum.malachurum","Ononis.minutissima"
"P14","Lasioglossum.mediterraneum","Ononis.minutissima"
"P14","Lasioglossum.morio","Ononis.minutissima"
"P14","Lasioglossum.subhirtum","Ononis.minutissima"
"P14","Lasioglossum.transitorium","Ononis.minutissima"
"P14","Leptochilus.tarsatus","Ononis.minutissima"
"P14","Lobonyx.aeneus","Ononis.minutissima"
"P14","Meligethes.sp1","Ononis.minutissima"
"P14","Microhoria.plumbea","Ononis.minutissima"
"P14","Mordellistena.sp1","Ononis.minutissima"
"P14","Mordellistena.sp4","Ononis.minutissima"
"P14","Nomada.dicrepans","Ononis.minutissima"
"P14","Nomada.hispanica","Ononis.minutissima"
"P14","Nomada.sheppardana","Ononis.minutissima"
"P14","Oedemera.flavipes","Ononis.minutissima"
"P14","Osmia.rufohirta","Ononis.minutissima"
"P14","Oxythyrea.funesta","Ononis.minutissima"
"P14","Panurgus.dentipes","Ononis.minutissima"
"P14","Platynochaetus.setosus","Ononis.minutissima"
"P14","Polistes.dominulus","Ononis.minutissima"
"P14","Pompilidae.sp2","Ononis.minutissima"
"P14","Priocnemis.sp1","Ononis.minutissima"
"P14","Psilothrix.viridicoerulea","Ononis.minutissima"
"P14","Pyronia.bathseba","Ononis.minutissima"
"P14","Rhodanthidium.septemdentatum","Ononis.minutissima"
"P14","Rhodanthidium.sticticum","Ononis.minutissima"
"P14","Sphecodes.puncticeps","Ononis.minutissima"
"P14","Stenurella.melanura","Ononis.minutissima"
"P14","Tropinota.sp1","Ononis.minutissima"
"P14","Trypoxylon.sp1","Ononis.minutissima"
"P14","Zygaena.sp1","Ononis.minutissima"
"P14","Acmaeodera.cylindrica","Rosmarinus.officinalis"
"P14","Adelidae.sp1","Rosmarinus.officinalis"
"P14","Anaspis.sp1","Rosmarinus.officinalis"
"P14","Ancistrocerus.biphaleratus","Rosmarinus.officinalis"
"P14","Andrena.angustior","Rosmarinus.officinalis"
"P14","Andrena.djelfensis","Rosmarinus.officinalis"
"P14","Andrena.flavipes","Rosmarinus.officinalis"
"P14","Andrena.labialis","Rosmarinus.officinalis"
"P14","Andrena.nigroaenea","Rosmarinus.officinalis"
"P14","Andrena.senecionis","Rosmarinus.officinalis"
"P14","Andrena.vulpecula","Rosmarinus.officinalis"
"P14","Anthaxia.millefolii","Rosmarinus.officinalis"
"P14","Anthaxia.scutullaris","Rosmarinus.officinalis"
"P14","Anthaxia.spinolae","Rosmarinus.officinalis"
"P14","Anthophora.acervorum","Rosmarinus.officinalis"
"P14","Anthophora.dispar","Rosmarinus.officinalis"
"P14","Apion.sp2","Rosmarinus.officinalis"
"P14","Apis.mellifera","Rosmarinus.officinalis"
"P14","Aplocnemus.calidus","Rosmarinus.officinalis"
"P14","Athalia.bicolor","Rosmarinus.officinalis"
"P14","Athalia.sp1","Rosmarinus.officinalis"
"P14","Bombus.terrestris","Rosmarinus.officinalis"
"P14","Ceratina.cucurbitina","Rosmarinus.officinalis"
"P14","Chrysotoxum.cautum","Rosmarinus.officinalis"
"P14","Clanoptilus.abdominalis","Rosmarinus.officinalis"
"P14","Clytus.rhamni","Rosmarinus.officinalis"
"P14","Danacea.longiceps","Rosmarinus.officinalis"
"P14","Dasytes.nigroaeneus","Rosmarinus.officinalis"
"P14","Eristalis.tenax","Rosmarinus.officinalis"
"P14","Eucera.(Synhalonia).alternans","Rosmarinus.officinalis"
"P14","Eucera.collaris","Rosmarinus.officinalis"
"P14","Eucera.elongatula","Rosmarinus.officinalis"
"P14","Euchloe.crameri","Rosmarinus.officinalis"
"P14","Eumerus.argyropus","Rosmarinus.officinalis"
"P14","Halictus.fulvipes","Rosmarinus.officinalis"
"P14","Halictus.scabiosae","Rosmarinus.officinalis"
"P14","Lasioglossum.albocinctum","Rosmarinus.officinalis"
"P14","Lasioglossum.bimaculatum","Rosmarinus.officinalis"
"P14","Lasioglossum.griseolum","Rosmarinus.officinalis"
"P14","Lasioglossum.malachurum","Rosmarinus.officinalis"
"P14","Lasioglossum.mediterraneum","Rosmarinus.officinalis"
"P14","Lasioglossum.morio","Rosmarinus.officinalis"
"P14","Lasioglossum.subhirtum","Rosmarinus.officinalis"
"P14","Lasioglossum.transitorium","Rosmarinus.officinalis"
"P14","Leptochilus.tarsatus","Rosmarinus.officinalis"
"P14","Lobonyx.aeneus","Rosmarinus.officinalis"
"P14","Meligethes.sp1","Rosmarinus.officinalis"
"P14","Microhoria.plumbea","Rosmarinus.officinalis"
"P14","Mordellistena.sp1","Rosmarinus.officinalis"
"P14","Mordellistena.sp4","Rosmarinus.officinalis"
"P14","Nomada.dicrepans","Rosmarinus.officinalis"
"P14","Nomada.hispanica","Rosmarinus.officinalis"
"P14","Nomada.sheppardana","Rosmarinus.officinalis"
"P14","Oedemera.flavipes","Rosmarinus.officinalis"
"P14","Osmia.rufohirta","Rosmarinus.officinalis"
"P14","Oxythyrea.funesta","Rosmarinus.officinalis"
"P14","Panurgus.dentipes","Rosmarinus.officinalis"
"P14","Platynochaetus.setosus","Rosmarinus.officinalis"
"P14","Polistes.dominulus","Rosmarinus.officinalis"
"P14","Pompilidae.sp2","Rosmarinus.officinalis"
"P14","Priocnemis.sp1","Rosmarinus.officinalis"
"P14","Psilothrix.viridicoerulea","Rosmarinus.officinalis"
"P14","Pyronia.bathseba","Rosmarinus.officinalis"
"P14","Rhodanthidium.septemdentatum","Rosmarinus.officinalis"
"P14","Rhodanthidium.sticticum","Rosmarinus.officinalis"
"P14","Sphecodes.puncticeps","Rosmarinus.officinalis"
"P14","Stenurella.melanura","Rosmarinus.officinalis"
"P14","Tropinota.sp1","Rosmarinus.officinalis"
"P14","Trypoxylon.sp1","Rosmarinus.officinalis"
"P14","Zygaena.sp1","Rosmarinus.officinalis"
"P14","Acmaeodera.cylindrica","Scorpiurus.muricatus"
"P14","Adelidae.sp1","Scorpiurus.muricatus"
"P14","Anaspis.sp1","Scorpiurus.muricatus"
"P14","Ancistrocerus.biphaleratus","Scorpiurus.muricatus"
"P14","Andrena.angustior","Scorpiurus.muricatus"
"P14","Andrena.djelfensis","Scorpiurus.muricatus"
"P14","Andrena.flavipes","Scorpiurus.muricatus"
"P14","Andrena.labialis","Scorpiurus.muricatus"
"P14","Andrena.nigroaenea","Scorpiurus.muricatus"
"P14","Andrena.senecionis","Scorpiurus.muricatus"
"P14","Andrena.vulpecula","Scorpiurus.muricatus"
"P14","Anthaxia.millefolii","Scorpiurus.muricatus"
"P14","Anthaxia.scutullaris","Scorpiurus.muricatus"
"P14","Anthaxia.spinolae","Scorpiurus.muricatus"
"P14","Anthophora.acervorum","Scorpiurus.muricatus"
"P14","Anthophora.dispar","Scorpiurus.muricatus"
"P14","Apion.sp2","Scorpiurus.muricatus"
"P14","Apis.mellifera","Scorpiurus.muricatus"
"P14","Aplocnemus.calidus","Scorpiurus.muricatus"
"P14","Athalia.bicolor","Scorpiurus.muricatus"
"P14","Athalia.sp1","Scorpiurus.muricatus"
"P14","Bombus.terrestris","Scorpiurus.muricatus"
"P14","Ceratina.cucurbitina","Scorpiurus.muricatus"
"P14","Chrysotoxum.cautum","Scorpiurus.muricatus"
"P14","Clanoptilus.abdominalis","Scorpiurus.muricatus"
"P14","Clytus.rhamni","Scorpiurus.muricatus"
"P14","Danacea.longiceps","Scorpiurus.muricatus"
"P14","Dasytes.nigroaeneus","Scorpiurus.muricatus"
"P14","Eristalis.tenax","Scorpiurus.muricatus"
"P14","Eucera.(Synhalonia).alternans","Scorpiurus.muricatus"
"P14","Eucera.collaris","Scorpiurus.muricatus"
"P14","Eucera.elongatula","Scorpiurus.muricatus"
"P14","Euchloe.crameri","Scorpiurus.muricatus"
"P14","Eumerus.argyropus","Scorpiurus.muricatus"
"P14","Halictus.fulvipes","Scorpiurus.muricatus"
"P14","Halictus.scabiosae","Scorpiurus.muricatus"
"P14","Lasioglossum.albocinctum","Scorpiurus.muricatus"
"P14","Lasioglossum.bimaculatum","Scorpiurus.muricatus"
"P14","Lasioglossum.griseolum","Scorpiurus.muricatus"
"P14","Lasioglossum.malachurum","Scorpiurus.muricatus"
"P14","Lasioglossum.mediterraneum","Scorpiurus.muricatus"
"P14","Lasioglossum.morio","Scorpiurus.muricatus"
"P14","Lasioglossum.subhirtum","Scorpiurus.muricatus"
"P14","Lasioglossum.transitorium","Scorpiurus.muricatus"
"P14","Leptochilus.tarsatus","Scorpiurus.muricatus"
"P14","Lobonyx.aeneus","Scorpiurus.muricatus"
"P14","Meligethes.sp1","Scorpiurus.muricatus"
"P14","Microhoria.plumbea","Scorpiurus.muricatus"
"P14","Mordellistena.sp1","Scorpiurus.muricatus"
"P14","Mordellistena.sp4","Scorpiurus.muricatus"
"P14","Nomada.dicrepans","Scorpiurus.muricatus"
"P14","Nomada.hispanica","Scorpiurus.muricatus"
"P14","Nomada.sheppardana","Scorpiurus.muricatus"
"P14","Oedemera.flavipes","Scorpiurus.muricatus"
"P14","Osmia.rufohirta","Scorpiurus.muricatus"
"P14","Oxythyrea.funesta","Scorpiurus.muricatus"
"P14","Panurgus.dentipes","Scorpiurus.muricatus"
"P14","Platynochaetus.setosus","Scorpiurus.muricatus"
"P14","Polistes.dominulus","Scorpiurus.muricatus"
"P14","Pompilidae.sp2","Scorpiurus.muricatus"
"P14","Priocnemis.sp1","Scorpiurus.muricatus"
"P14","Psilothrix.viridicoerulea","Scorpiurus.muricatus"
"P14","Pyronia.bathseba","Scorpiurus.muricatus"
"P14","Rhodanthidium.septemdentatum","Scorpiurus.muricatus"
"P14","Rhodanthidium.sticticum","Scorpiurus.muricatus"
"P14","Sphecodes.puncticeps","Scorpiurus.muricatus"
"P14","Stenurella.melanura","Scorpiurus.muricatus"
"P14","Tropinota.sp1","Scorpiurus.muricatus"
"P14","Trypoxylon.sp1","Scorpiurus.muricatus"
"P14","Zygaena.sp1","Scorpiurus.muricatus"
"P14","Acmaeodera.cylindrica","Thymus.vulgaris"
"P14","Adelidae.sp1","Thymus.vulgaris"
"P14","Anaspis.sp1","Thymus.vulgaris"
"P14","Ancistrocerus.biphaleratus","Thymus.vulgaris"
"P14","Andrena.angustior","Thymus.vulgaris"
"P14","Andrena.djelfensis","Thymus.vulgaris"
"P14","Andrena.flavipes","Thymus.vulgaris"
"P14","Andrena.labialis","Thymus.vulgaris"
"P14","Andrena.nigroaenea","Thymus.vulgaris"
"P14","Andrena.senecionis","Thymus.vulgaris"
"P14","Andrena.vulpecula","Thymus.vulgaris"
"P14","Anthaxia.millefolii","Thymus.vulgaris"
"P14","Anthaxia.scutullaris","Thymus.vulgaris"
"P14","Anthaxia.spinolae","Thymus.vulgaris"
"P14","Anthophora.acervorum","Thymus.vulgaris"
"P14","Anthophora.dispar","Thymus.vulgaris"
"P14","Apion.sp2","Thymus.vulgaris"
"P14","Apis.mellifera","Thymus.vulgaris"
"P14","Aplocnemus.calidus","Thymus.vulgaris"
"P14","Athalia.bicolor","Thymus.vulgaris"
"P14","Athalia.sp1","Thymus.vulgaris"
"P14","Bombus.terrestris","Thymus.vulgaris"
"P14","Ceratina.cucurbitina","Thymus.vulgaris"
"P14","Chrysotoxum.cautum","Thymus.vulgaris"
"P14","Clanoptilus.abdominalis","Thymus.vulgaris"
"P14","Clytus.rhamni","Thymus.vulgaris"
"P14","Danacea.longiceps","Thymus.vulgaris"
"P14","Dasytes.nigroaeneus","Thymus.vulgaris"
"P14","Eristalis.tenax","Thymus.vulgaris"
"P14","Eucera.(Synhalonia).alternans","Thymus.vulgaris"
"P14","Eucera.collaris","Thymus.vulgaris"
"P14","Eucera.elongatula","Thymus.vulgaris"
"P14","Euchloe.crameri","Thymus.vulgaris"
"P14","Eumerus.argyropus","Thymus.vulgaris"
"P14","Halictus.fulvipes","Thymus.vulgaris"
"P14","Halictus.scabiosae","Thymus.vulgaris"
"P14","Lasioglossum.albocinctum","Thymus.vulgaris"
"P14","Lasioglossum.bimaculatum","Thymus.vulgaris"
"P14","Lasioglossum.griseolum","Thymus.vulgaris"
"P14","Lasioglossum.malachurum","Thymus.vulgaris"
"P14","Lasioglossum.mediterraneum","Thymus.vulgaris"
"P14","Lasioglossum.morio","Thymus.vulgaris"
"P14","Lasioglossum.subhirtum","Thymus.vulgaris"
"P14","Lasioglossum.transitorium","Thymus.vulgaris"
"P14","Leptochilus.tarsatus","Thymus.vulgaris"
"P14","Lobonyx.aeneus","Thymus.vulgaris"
"P14","Meligethes.sp1","Thymus.vulgaris"
"P14","Microhoria.plumbea","Thymus.vulgaris"
"P14","Mordellistena.sp1","Thymus.vulgaris"
"P14","Mordellistena.sp4","Thymus.vulgaris"
"P14","Nomada.dicrepans","Thymus.vulgaris"
"P14","Nomada.hispanica","Thymus.vulgaris"
"P14","Nomada.sheppardana","Thymus.vulgaris"
"P14","Oedemera.flavipes","Thymus.vulgaris"
"P14","Osmia.rufohirta","Thymus.vulgaris"
"P14","Oxythyrea.funesta","Thymus.vulgaris"
"P14","Panurgus.dentipes","Thymus.vulgaris"
"P14","Platynochaetus.setosus","Thymus.vulgaris"
"P14","Polistes.dominulus","Thymus.vulgaris"
"P14","Pompilidae.sp2","Thymus.vulgaris"
"P14","Priocnemis.sp1","Thymus.vulgaris"
"P14","Psilothrix.viridicoerulea","Thymus.vulgaris"
"P14","Pyronia.bathseba","Thymus.vulgaris"
"P14","Rhodanthidium.septemdentatum","Thymus.vulgaris"
"P14","Rhodanthidium.sticticum","Thymus.vulgaris"
"P14","Sphecodes.puncticeps","Thymus.vulgaris"
"P14","Stenurella.melanura","Thymus.vulgaris"
"P14","Tropinota.sp1","Thymus.vulgaris"
"P14","Trypoxylon.sp1","Thymus.vulgaris"
"P14","Zygaena.sp1","Thymus.vulgaris"
"P15","Acmaeodera.cylindrica","Aphyllanthes.monspeliensis"
"P15","Adelidae.sp1","Aphyllanthes.monspeliensis"
"P15","Anaspis.sp1","Aphyllanthes.monspeliensis"
"P15","Andrena.djelfensis","Aphyllanthes.monspeliensis"
"P15","Andrena.lepida","Aphyllanthes.monspeliensis"
"P15","Andrena.nigroaenea","Aphyllanthes.monspeliensis"
"P15","Andrena.senecionis","Aphyllanthes.monspeliensis"
"P15","Anthaxia.millefolii","Aphyllanthes.monspeliensis"
"P15","Anthaxia.scutullaris","Aphyllanthes.monspeliensis"
"P15","Anthaxia.spinolae","Aphyllanthes.monspeliensis"
"P15","Anthophora.dispar","Aphyllanthes.monspeliensis"
"P15","Apis.mellifera","Aphyllanthes.monspeliensis"
"P15","Aplocnemus.calidus","Aphyllanthes.monspeliensis"
"P15","Bombus.terrestris","Aphyllanthes.monspeliensis"
"P15","Callophrys.rubi","Aphyllanthes.monspeliensis"
"P15","Chrysotoxum.cautum","Aphyllanthes.monspeliensis"
"P15","Clanoptilus.abdominalis","Aphyllanthes.monspeliensis"
"P15","Clytus.rhamni","Aphyllanthes.monspeliensis"
"P15","Danacea.longiceps","Aphyllanthes.monspeliensis"
"P15","Dasytes.nigroaeneus","Aphyllanthes.monspeliensis"
"P15","Eucera.collaris","Aphyllanthes.monspeliensis"
"P15","Eumenes.coarctatus","Aphyllanthes.monspeliensis"
"P15","Eumerus.argyropus","Aphyllanthes.monspeliensis"
"P15","Eupeodes.corollae","Aphyllanthes.monspeliensis"
"P15","Halictus.scabiosae","Aphyllanthes.monspeliensis"
"P15","Lasioglossum.albocinctum","Aphyllanthes.monspeliensis"
"P15","Lasioglossum.griseolum","Aphyllanthes.monspeliensis"
"P15","Lasioglossum.malachurum","Aphyllanthes.monspeliensis"
"P15","Lasioglossum.mediterraneum","Aphyllanthes.monspeliensis"
"P15","Lasioglossum.morio","Aphyllanthes.monspeliensis"
"P15","Lasioglossum.subhirtum","Aphyllanthes.monspeliensis"
"P15","Lasioglossum.transitorium","Aphyllanthes.monspeliensis"
"P15","Lobonyx.aeneus","Aphyllanthes.monspeliensis"
"P15","Megachile.pyrenaica","Aphyllanthes.monspeliensis"
"P15","Melanargia.occitanica","Aphyllanthes.monspeliensis"
"P15","Meligethes.sp1","Aphyllanthes.monspeliensis"
"P15","Merodon.funestus","Aphyllanthes.monspeliensis"
"P15","Merodon.obscuritarsis","Aphyllanthes.monspeliensis"
"P15","Merodon.sp7/9","Aphyllanthes.monspeliensis"
"P15","Mordellistena.sp1","Aphyllanthes.monspeliensis"
"P15","Mordellistena.sp4","Aphyllanthes.monspeliensis"
"P15","Nomada.hispanica","Aphyllanthes.monspeliensis"
"P15","Oedemera.flavipes","Aphyllanthes.monspeliensis"
"P15","Osmia.gallarum","Aphyllanthes.monspeliensis"
"P15","Osmia.melanogaster/leaiana","Aphyllanthes.monspeliensis"
"P15","Osmia.rufohirta","Aphyllanthes.monspeliensis"
"P15","Oxythyrea.funesta","Aphyllanthes.monspeliensis"
"P15","Panurgus.dentipes","Aphyllanthes.monspeliensis"
"P15","Platynochaetus.setosus","Aphyllanthes.monspeliensis"
"P15","Polistes.dominulus","Aphyllanthes.monspeliensis"
"P15","Priocnemis.sp1","Aphyllanthes.monspeliensis"
"P15","Pyronia.bathseba","Aphyllanthes.monspeliensis"
"P15","Rhodanthidium.septemdentatum","Aphyllanthes.monspeliensis"
"P15","Rhodanthidium.sticticum","Aphyllanthes.monspeliensis"
"P15","Sphecodes.ruficrus","Aphyllanthes.monspeliensis"
"P15","Stenurella.melanura","Aphyllanthes.monspeliensis"
"P15","Tropinota.sp1","Aphyllanthes.monspeliensis"
"P15","Trypoxylon.sp1","Aphyllanthes.monspeliensis"
"P15","Acmaeodera.cylindrica","Biscutella.laevigata"
"P15","Adelidae.sp1","Biscutella.laevigata"
"P15","Anaspis.sp1","Biscutella.laevigata"
"P15","Andrena.djelfensis","Biscutella.laevigata"
"P15","Andrena.lepida","Biscutella.laevigata"
"P15","Andrena.nigroaenea","Biscutella.laevigata"
"P15","Andrena.senecionis","Biscutella.laevigata"
"P15","Anthaxia.millefolii","Biscutella.laevigata"
"P15","Anthaxia.scutullaris","Biscutella.laevigata"
"P15","Anthaxia.spinolae","Biscutella.laevigata"
"P15","Anthophora.dispar","Biscutella.laevigata"
"P15","Apis.mellifera","Biscutella.laevigata"
"P15","Aplocnemus.calidus","Biscutella.laevigata"
"P15","Bombus.terrestris","Biscutella.laevigata"
"P15","Callophrys.rubi","Biscutella.laevigata"
"P15","Chrysotoxum.cautum","Biscutella.laevigata"
"P15","Clanoptilus.abdominalis","Biscutella.laevigata"
"P15","Clytus.rhamni","Biscutella.laevigata"
"P15","Danacea.longiceps","Biscutella.laevigata"
"P15","Dasytes.nigroaeneus","Biscutella.laevigata"
"P15","Eucera.collaris","Biscutella.laevigata"
"P15","Eumenes.coarctatus","Biscutella.laevigata"
"P15","Eumerus.argyropus","Biscutella.laevigata"
"P15","Eupeodes.corollae","Biscutella.laevigata"
"P15","Halictus.scabiosae","Biscutella.laevigata"
"P15","Lasioglossum.albocinctum","Biscutella.laevigata"
"P15","Lasioglossum.griseolum","Biscutella.laevigata"
"P15","Lasioglossum.malachurum","Biscutella.laevigata"
"P15","Lasioglossum.mediterraneum","Biscutella.laevigata"
"P15","Lasioglossum.morio","Biscutella.laevigata"
"P15","Lasioglossum.subhirtum","Biscutella.laevigata"
"P15","Lasioglossum.transitorium","Biscutella.laevigata"
"P15","Lobonyx.aeneus","Biscutella.laevigata"
"P15","Megachile.pyrenaica","Biscutella.laevigata"
"P15","Melanargia.occitanica","Biscutella.laevigata"
"P15","Meligethes.sp1","Biscutella.laevigata"
"P15","Merodon.funestus","Biscutella.laevigata"
"P15","Merodon.obscuritarsis","Biscutella.laevigata"
"P15","Merodon.sp7/9","Biscutella.laevigata"
"P15","Mordellistena.sp1","Biscutella.laevigata"
"P15","Mordellistena.sp4","Biscutella.laevigata"
"P15","Nomada.hispanica","Biscutella.laevigata"
"P15","Oedemera.flavipes","Biscutella.laevigata"
"P15","Osmia.gallarum","Biscutella.laevigata"
"P15","Osmia.melanogaster/leaiana","Biscutella.laevigata"
"P15","Osmia.rufohirta","Biscutella.laevigata"
"P15","Oxythyrea.funesta","Biscutella.laevigata"
"P15","Panurgus.dentipes","Biscutella.laevigata"
"P15","Platynochaetus.setosus","Biscutella.laevigata"
"P15","Polistes.dominulus","Biscutella.laevigata"
"P15","Priocnemis.sp1","Biscutella.laevigata"
"P15","Pyronia.bathseba","Biscutella.laevigata"
"P15","Rhodanthidium.septemdentatum","Biscutella.laevigata"
"P15","Rhodanthidium.sticticum","Biscutella.laevigata"
"P15","Sphecodes.ruficrus","Biscutella.laevigata"
"P15","Stenurella.melanura","Biscutella.laevigata"
"P15","Tropinota.sp1","Biscutella.laevigata"
"P15","Trypoxylon.sp1","Biscutella.laevigata"
"P15","Acmaeodera.cylindrica","Cistus.salviifolius"
"P15","Adelidae.sp1","Cistus.salviifolius"
"P15","Anaspis.sp1","Cistus.salviifolius"
"P15","Andrena.djelfensis","Cistus.salviifolius"
"P15","Andrena.lepida","Cistus.salviifolius"
"P15","Andrena.nigroaenea","Cistus.salviifolius"
"P15","Andrena.senecionis","Cistus.salviifolius"
"P15","Anthaxia.millefolii","Cistus.salviifolius"
"P15","Anthaxia.scutullaris","Cistus.salviifolius"
"P15","Anthaxia.spinolae","Cistus.salviifolius"
"P15","Anthophora.dispar","Cistus.salviifolius"
"P15","Apis.mellifera","Cistus.salviifolius"
"P15","Aplocnemus.calidus","Cistus.salviifolius"
"P15","Bombus.terrestris","Cistus.salviifolius"
"P15","Callophrys.rubi","Cistus.salviifolius"
"P15","Chrysotoxum.cautum","Cistus.salviifolius"
"P15","Clanoptilus.abdominalis","Cistus.salviifolius"
"P15","Clytus.rhamni","Cistus.salviifolius"
"P15","Danacea.longiceps","Cistus.salviifolius"
"P15","Dasytes.nigroaeneus","Cistus.salviifolius"
"P15","Eucera.collaris","Cistus.salviifolius"
"P15","Eumenes.coarctatus","Cistus.salviifolius"
"P15","Eumerus.argyropus","Cistus.salviifolius"
"P15","Eupeodes.corollae","Cistus.salviifolius"
"P15","Halictus.scabiosae","Cistus.salviifolius"
"P15","Lasioglossum.albocinctum","Cistus.salviifolius"
"P15","Lasioglossum.griseolum","Cistus.salviifolius"
"P15","Lasioglossum.malachurum","Cistus.salviifolius"
"P15","Lasioglossum.mediterraneum","Cistus.salviifolius"
"P15","Lasioglossum.morio","Cistus.salviifolius"
"P15","Lasioglossum.subhirtum","Cistus.salviifolius"
"P15","Lasioglossum.transitorium","Cistus.salviifolius"
"P15","Lobonyx.aeneus","Cistus.salviifolius"
"P15","Megachile.pyrenaica","Cistus.salviifolius"
"P15","Melanargia.occitanica","Cistus.salviifolius"
"P15","Meligethes.sp1","Cistus.salviifolius"
"P15","Merodon.funestus","Cistus.salviifolius"
"P15","Merodon.obscuritarsis","Cistus.salviifolius"
"P15","Merodon.sp7/9","Cistus.salviifolius"
"P15","Mordellistena.sp1","Cistus.salviifolius"
"P15","Mordellistena.sp4","Cistus.salviifolius"
"P15","Nomada.hispanica","Cistus.salviifolius"
"P15","Oedemera.flavipes","Cistus.salviifolius"
"P15","Osmia.gallarum","Cistus.salviifolius"
"P15","Osmia.melanogaster/leaiana","Cistus.salviifolius"
"P15","Osmia.rufohirta","Cistus.salviifolius"
"P15","Oxythyrea.funesta","Cistus.salviifolius"
"P15","Panurgus.dentipes","Cistus.salviifolius"
"P15","Platynochaetus.setosus","Cistus.salviifolius"
"P15","Polistes.dominulus","Cistus.salviifolius"
"P15","Priocnemis.sp1","Cistus.salviifolius"
"P15","Pyronia.bathseba","Cistus.salviifolius"
"P15","Rhodanthidium.septemdentatum","Cistus.salviifolius"
"P15","Rhodanthidium.sticticum","Cistus.salviifolius"
"P15","Sphecodes.ruficrus","Cistus.salviifolius"
"P15","Stenurella.melanura","Cistus.salviifolius"
"P15","Tropinota.sp1","Cistus.salviifolius"
"P15","Trypoxylon.sp1","Cistus.salviifolius"
"P15","Acmaeodera.cylindrica","Dorycnium.pentaphyllum"
"P15","Adelidae.sp1","Dorycnium.pentaphyllum"
"P15","Anaspis.sp1","Dorycnium.pentaphyllum"
"P15","Andrena.djelfensis","Dorycnium.pentaphyllum"
"P15","Andrena.lepida","Dorycnium.pentaphyllum"
"P15","Andrena.nigroaenea","Dorycnium.pentaphyllum"
"P15","Andrena.senecionis","Dorycnium.pentaphyllum"
"P15","Anthaxia.millefolii","Dorycnium.pentaphyllum"
"P15","Anthaxia.scutullaris","Dorycnium.pentaphyllum"
"P15","Anthaxia.spinolae","Dorycnium.pentaphyllum"
"P15","Anthophora.dispar","Dorycnium.pentaphyllum"
"P15","Apis.mellifera","Dorycnium.pentaphyllum"
"P15","Aplocnemus.calidus","Dorycnium.pentaphyllum"
"P15","Bombus.terrestris","Dorycnium.pentaphyllum"
"P15","Callophrys.rubi","Dorycnium.pentaphyllum"
"P15","Chrysotoxum.cautum","Dorycnium.pentaphyllum"
"P15","Clanoptilus.abdominalis","Dorycnium.pentaphyllum"
"P15","Clytus.rhamni","Dorycnium.pentaphyllum"
"P15","Danacea.longiceps","Dorycnium.pentaphyllum"
"P15","Dasytes.nigroaeneus","Dorycnium.pentaphyllum"
"P15","Eucera.collaris","Dorycnium.pentaphyllum"
"P15","Eumenes.coarctatus","Dorycnium.pentaphyllum"
"P15","Eumerus.argyropus","Dorycnium.pentaphyllum"
"P15","Eupeodes.corollae","Dorycnium.pentaphyllum"
"P15","Halictus.scabiosae","Dorycnium.pentaphyllum"
"P15","Lasioglossum.albocinctum","Dorycnium.pentaphyllum"
"P15","Lasioglossum.griseolum","Dorycnium.pentaphyllum"
"P15","Lasioglossum.malachurum","Dorycnium.pentaphyllum"
"P15","Lasioglossum.mediterraneum","Dorycnium.pentaphyllum"
"P15","Lasioglossum.morio","Dorycnium.pentaphyllum"
"P15","Lasioglossum.subhirtum","Dorycnium.pentaphyllum"
"P15","Lasioglossum.transitorium","Dorycnium.pentaphyllum"
"P15","Lobonyx.aeneus","Dorycnium.pentaphyllum"
"P15","Megachile.pyrenaica","Dorycnium.pentaphyllum"
"P15","Melanargia.occitanica","Dorycnium.pentaphyllum"
"P15","Meligethes.sp1","Dorycnium.pentaphyllum"
"P15","Merodon.funestus","Dorycnium.pentaphyllum"
"P15","Merodon.obscuritarsis","Dorycnium.pentaphyllum"
"P15","Merodon.sp7/9","Dorycnium.pentaphyllum"
"P15","Mordellistena.sp1","Dorycnium.pentaphyllum"
"P15","Mordellistena.sp4","Dorycnium.pentaphyllum"
"P15","Nomada.hispanica","Dorycnium.pentaphyllum"
"P15","Oedemera.flavipes","Dorycnium.pentaphyllum"
"P15","Osmia.gallarum","Dorycnium.pentaphyllum"
"P15","Osmia.melanogaster/leaiana","Dorycnium.pentaphyllum"
"P15","Osmia.rufohirta","Dorycnium.pentaphyllum"
"P15","Oxythyrea.funesta","Dorycnium.pentaphyllum"
"P15","Panurgus.dentipes","Dorycnium.pentaphyllum"
"P15","Platynochaetus.setosus","Dorycnium.pentaphyllum"
"P15","Polistes.dominulus","Dorycnium.pentaphyllum"
"P15","Priocnemis.sp1","Dorycnium.pentaphyllum"
"P15","Pyronia.bathseba","Dorycnium.pentaphyllum"
"P15","Rhodanthidium.septemdentatum","Dorycnium.pentaphyllum"
"P15","Rhodanthidium.sticticum","Dorycnium.pentaphyllum"
"P15","Sphecodes.ruficrus","Dorycnium.pentaphyllum"
"P15","Stenurella.melanura","Dorycnium.pentaphyllum"
"P15","Tropinota.sp1","Dorycnium.pentaphyllum"
"P15","Trypoxylon.sp1","Dorycnium.pentaphyllum"
"P15","Acmaeodera.cylindrica","Euphorbia.characias"
"P15","Adelidae.sp1","Euphorbia.characias"
"P15","Anaspis.sp1","Euphorbia.characias"
"P15","Andrena.djelfensis","Euphorbia.characias"
"P15","Andrena.lepida","Euphorbia.characias"
"P15","Andrena.nigroaenea","Euphorbia.characias"
"P15","Andrena.senecionis","Euphorbia.characias"
"P15","Anthaxia.millefolii","Euphorbia.characias"
"P15","Anthaxia.scutullaris","Euphorbia.characias"
"P15","Anthaxia.spinolae","Euphorbia.characias"
"P15","Anthophora.dispar","Euphorbia.characias"
"P15","Apis.mellifera","Euphorbia.characias"
"P15","Aplocnemus.calidus","Euphorbia.characias"
"P15","Bombus.terrestris","Euphorbia.characias"
"P15","Callophrys.rubi","Euphorbia.characias"
"P15","Chrysotoxum.cautum","Euphorbia.characias"
"P15","Clanoptilus.abdominalis","Euphorbia.characias"
"P15","Clytus.rhamni","Euphorbia.characias"
"P15","Danacea.longiceps","Euphorbia.characias"
"P15","Dasytes.nigroaeneus","Euphorbia.characias"
"P15","Eucera.collaris","Euphorbia.characias"
"P15","Eumenes.coarctatus","Euphorbia.characias"
"P15","Eumerus.argyropus","Euphorbia.characias"
"P15","Eupeodes.corollae","Euphorbia.characias"
"P15","Halictus.scabiosae","Euphorbia.characias"
"P15","Lasioglossum.albocinctum","Euphorbia.characias"
"P15","Lasioglossum.griseolum","Euphorbia.characias"
"P15","Lasioglossum.malachurum","Euphorbia.characias"
"P15","Lasioglossum.mediterraneum","Euphorbia.characias"
"P15","Lasioglossum.morio","Euphorbia.characias"
"P15","Lasioglossum.subhirtum","Euphorbia.characias"
"P15","Lasioglossum.transitorium","Euphorbia.characias"
"P15","Lobonyx.aeneus","Euphorbia.characias"
"P15","Megachile.pyrenaica","Euphorbia.characias"
"P15","Melanargia.occitanica","Euphorbia.characias"
"P15","Meligethes.sp1","Euphorbia.characias"
"P15","Merodon.funestus","Euphorbia.characias"
"P15","Merodon.obscuritarsis","Euphorbia.characias"
"P15","Merodon.sp7/9","Euphorbia.characias"
"P15","Mordellistena.sp1","Euphorbia.characias"
"P15","Mordellistena.sp4","Euphorbia.characias"
"P15","Nomada.hispanica","Euphorbia.characias"
"P15","Oedemera.flavipes","Euphorbia.characias"
"P15","Osmia.gallarum","Euphorbia.characias"
"P15","Osmia.melanogaster/leaiana","Euphorbia.characias"
"P15","Osmia.rufohirta","Euphorbia.characias"
"P15","Oxythyrea.funesta","Euphorbia.characias"
"P15","Panurgus.dentipes","Euphorbia.characias"
"P15","Platynochaetus.setosus","Euphorbia.characias"
"P15","Polistes.dominulus","Euphorbia.characias"
"P15","Priocnemis.sp1","Euphorbia.characias"
"P15","Pyronia.bathseba","Euphorbia.characias"
"P15","Rhodanthidium.septemdentatum","Euphorbia.characias"
"P15","Rhodanthidium.sticticum","Euphorbia.characias"
"P15","Sphecodes.ruficrus","Euphorbia.characias"
"P15","Stenurella.melanura","Euphorbia.characias"
"P15","Tropinota.sp1","Euphorbia.characias"
"P15","Trypoxylon.sp1","Euphorbia.characias"
"P15","Acmaeodera.cylindrica","Euphorbia.flavicoma"
"P15","Adelidae.sp1","Euphorbia.flavicoma"
"P15","Anaspis.sp1","Euphorbia.flavicoma"
"P15","Andrena.djelfensis","Euphorbia.flavicoma"
"P15","Andrena.lepida","Euphorbia.flavicoma"
"P15","Andrena.nigroaenea","Euphorbia.flavicoma"
"P15","Andrena.senecionis","Euphorbia.flavicoma"
"P15","Anthaxia.millefolii","Euphorbia.flavicoma"
"P15","Anthaxia.scutullaris","Euphorbia.flavicoma"
"P15","Anthaxia.spinolae","Euphorbia.flavicoma"
"P15","Anthophora.dispar","Euphorbia.flavicoma"
"P15","Apis.mellifera","Euphorbia.flavicoma"
"P15","Aplocnemus.calidus","Euphorbia.flavicoma"
"P15","Bombus.terrestris","Euphorbia.flavicoma"
"P15","Callophrys.rubi","Euphorbia.flavicoma"
"P15","Chrysotoxum.cautum","Euphorbia.flavicoma"
"P15","Clanoptilus.abdominalis","Euphorbia.flavicoma"
"P15","Clytus.rhamni","Euphorbia.flavicoma"
"P15","Danacea.longiceps","Euphorbia.flavicoma"
"P15","Dasytes.nigroaeneus","Euphorbia.flavicoma"
"P15","Eucera.collaris","Euphorbia.flavicoma"
"P15","Eumenes.coarctatus","Euphorbia.flavicoma"
"P15","Eumerus.argyropus","Euphorbia.flavicoma"
"P15","Eupeodes.corollae","Euphorbia.flavicoma"
"P15","Halictus.scabiosae","Euphorbia.flavicoma"
"P15","Lasioglossum.albocinctum","Euphorbia.flavicoma"
"P15","Lasioglossum.griseolum","Euphorbia.flavicoma"
"P15","Lasioglossum.malachurum","Euphorbia.flavicoma"
"P15","Lasioglossum.mediterraneum","Euphorbia.flavicoma"
"P15","Lasioglossum.morio","Euphorbia.flavicoma"
"P15","Lasioglossum.subhirtum","Euphorbia.flavicoma"
"P15","Lasioglossum.transitorium","Euphorbia.flavicoma"
"P15","Lobonyx.aeneus","Euphorbia.flavicoma"
"P15","Megachile.pyrenaica","Euphorbia.flavicoma"
"P15","Melanargia.occitanica","Euphorbia.flavicoma"
"P15","Meligethes.sp1","Euphorbia.flavicoma"
"P15","Merodon.funestus","Euphorbia.flavicoma"
"P15","Merodon.obscuritarsis","Euphorbia.flavicoma"
"P15","Merodon.sp7/9","Euphorbia.flavicoma"
"P15","Mordellistena.sp1","Euphorbia.flavicoma"
"P15","Mordellistena.sp4","Euphorbia.flavicoma"
"P15","Nomada.hispanica","Euphorbia.flavicoma"
"P15","Oedemera.flavipes","Euphorbia.flavicoma"
"P15","Osmia.gallarum","Euphorbia.flavicoma"
"P15","Osmia.melanogaster/leaiana","Euphorbia.flavicoma"
"P15","Osmia.rufohirta","Euphorbia.flavicoma"
"P15","Oxythyrea.funesta","Euphorbia.flavicoma"
"P15","Panurgus.dentipes","Euphorbia.flavicoma"
"P15","Platynochaetus.setosus","Euphorbia.flavicoma"
"P15","Polistes.dominulus","Euphorbia.flavicoma"
"P15","Priocnemis.sp1","Euphorbia.flavicoma"
"P15","Pyronia.bathseba","Euphorbia.flavicoma"
"P15","Rhodanthidium.septemdentatum","Euphorbia.flavicoma"
"P15","Rhodanthidium.sticticum","Euphorbia.flavicoma"
"P15","Sphecodes.ruficrus","Euphorbia.flavicoma"
"P15","Stenurella.melanura","Euphorbia.flavicoma"
"P15","Tropinota.sp1","Euphorbia.flavicoma"
"P15","Trypoxylon.sp1","Euphorbia.flavicoma"
"P15","Acmaeodera.cylindrica","Fumana.ericifolia"
"P15","Adelidae.sp1","Fumana.ericifolia"
"P15","Anaspis.sp1","Fumana.ericifolia"
"P15","Andrena.djelfensis","Fumana.ericifolia"
"P15","Andrena.lepida","Fumana.ericifolia"
"P15","Andrena.nigroaenea","Fumana.ericifolia"
"P15","Andrena.senecionis","Fumana.ericifolia"
"P15","Anthaxia.millefolii","Fumana.ericifolia"
"P15","Anthaxia.scutullaris","Fumana.ericifolia"
"P15","Anthaxia.spinolae","Fumana.ericifolia"
"P15","Anthophora.dispar","Fumana.ericifolia"
"P15","Apis.mellifera","Fumana.ericifolia"
"P15","Aplocnemus.calidus","Fumana.ericifolia"
"P15","Bombus.terrestris","Fumana.ericifolia"
"P15","Callophrys.rubi","Fumana.ericifolia"
"P15","Chrysotoxum.cautum","Fumana.ericifolia"
"P15","Clanoptilus.abdominalis","Fumana.ericifolia"
"P15","Clytus.rhamni","Fumana.ericifolia"
"P15","Danacea.longiceps","Fumana.ericifolia"
"P15","Dasytes.nigroaeneus","Fumana.ericifolia"
"P15","Eucera.collaris","Fumana.ericifolia"
"P15","Eumenes.coarctatus","Fumana.ericifolia"
"P15","Eumerus.argyropus","Fumana.ericifolia"
"P15","Eupeodes.corollae","Fumana.ericifolia"
"P15","Halictus.scabiosae","Fumana.ericifolia"
"P15","Lasioglossum.albocinctum","Fumana.ericifolia"
"P15","Lasioglossum.griseolum","Fumana.ericifolia"
"P15","Lasioglossum.malachurum","Fumana.ericifolia"
"P15","Lasioglossum.mediterraneum","Fumana.ericifolia"
"P15","Lasioglossum.morio","Fumana.ericifolia"
"P15","Lasioglossum.subhirtum","Fumana.ericifolia"
"P15","Lasioglossum.transitorium","Fumana.ericifolia"
"P15","Lobonyx.aeneus","Fumana.ericifolia"
"P15","Megachile.pyrenaica","Fumana.ericifolia"
"P15","Melanargia.occitanica","Fumana.ericifolia"
"P15","Meligethes.sp1","Fumana.ericifolia"
"P15","Merodon.funestus","Fumana.ericifolia"
"P15","Merodon.obscuritarsis","Fumana.ericifolia"
"P15","Merodon.sp7/9","Fumana.ericifolia"
"P15","Mordellistena.sp1","Fumana.ericifolia"
"P15","Mordellistena.sp4","Fumana.ericifolia"
"P15","Nomada.hispanica","Fumana.ericifolia"
"P15","Oedemera.flavipes","Fumana.ericifolia"
"P15","Osmia.gallarum","Fumana.ericifolia"
"P15","Osmia.melanogaster/leaiana","Fumana.ericifolia"
"P15","Osmia.rufohirta","Fumana.ericifolia"
"P15","Oxythyrea.funesta","Fumana.ericifolia"
"P15","Panurgus.dentipes","Fumana.ericifolia"
"P15","Platynochaetus.setosus","Fumana.ericifolia"
"P15","Polistes.dominulus","Fumana.ericifolia"
"P15","Priocnemis.sp1","Fumana.ericifolia"
"P15","Pyronia.bathseba","Fumana.ericifolia"
"P15","Rhodanthidium.septemdentatum","Fumana.ericifolia"
"P15","Rhodanthidium.sticticum","Fumana.ericifolia"
"P15","Sphecodes.ruficrus","Fumana.ericifolia"
"P15","Stenurella.melanura","Fumana.ericifolia"
"P15","Tropinota.sp1","Fumana.ericifolia"
"P15","Trypoxylon.sp1","Fumana.ericifolia"
"P15","Acmaeodera.cylindrica","Gladiolus.illyricus"
"P15","Adelidae.sp1","Gladiolus.illyricus"
"P15","Anaspis.sp1","Gladiolus.illyricus"
"P15","Andrena.djelfensis","Gladiolus.illyricus"
"P15","Andrena.lepida","Gladiolus.illyricus"
"P15","Andrena.nigroaenea","Gladiolus.illyricus"
"P15","Andrena.senecionis","Gladiolus.illyricus"
"P15","Anthaxia.millefolii","Gladiolus.illyricus"
"P15","Anthaxia.scutullaris","Gladiolus.illyricus"
"P15","Anthaxia.spinolae","Gladiolus.illyricus"
"P15","Anthophora.dispar","Gladiolus.illyricus"
"P15","Apis.mellifera","Gladiolus.illyricus"
"P15","Aplocnemus.calidus","Gladiolus.illyricus"
"P15","Bombus.terrestris","Gladiolus.illyricus"
"P15","Callophrys.rubi","Gladiolus.illyricus"
"P15","Chrysotoxum.cautum","Gladiolus.illyricus"
"P15","Clanoptilus.abdominalis","Gladiolus.illyricus"
"P15","Clytus.rhamni","Gladiolus.illyricus"
"P15","Danacea.longiceps","Gladiolus.illyricus"
"P15","Dasytes.nigroaeneus","Gladiolus.illyricus"
"P15","Eucera.collaris","Gladiolus.illyricus"
"P15","Eumenes.coarctatus","Gladiolus.illyricus"
"P15","Eumerus.argyropus","Gladiolus.illyricus"
"P15","Eupeodes.corollae","Gladiolus.illyricus"
"P15","Halictus.scabiosae","Gladiolus.illyricus"
"P15","Lasioglossum.albocinctum","Gladiolus.illyricus"
"P15","Lasioglossum.griseolum","Gladiolus.illyricus"
"P15","Lasioglossum.malachurum","Gladiolus.illyricus"
"P15","Lasioglossum.mediterraneum","Gladiolus.illyricus"
"P15","Lasioglossum.morio","Gladiolus.illyricus"
"P15","Lasioglossum.subhirtum","Gladiolus.illyricus"
"P15","Lasioglossum.transitorium","Gladiolus.illyricus"
"P15","Lobonyx.aeneus","Gladiolus.illyricus"
"P15","Megachile.pyrenaica","Gladiolus.illyricus"
"P15","Melanargia.occitanica","Gladiolus.illyricus"
"P15","Meligethes.sp1","Gladiolus.illyricus"
"P15","Merodon.funestus","Gladiolus.illyricus"
"P15","Merodon.obscuritarsis","Gladiolus.illyricus"
"P15","Merodon.sp7/9","Gladiolus.illyricus"
"P15","Mordellistena.sp1","Gladiolus.illyricus"
"P15","Mordellistena.sp4","Gladiolus.illyricus"
"P15","Nomada.hispanica","Gladiolus.illyricus"
"P15","Oedemera.flavipes","Gladiolus.illyricus"
"P15","Osmia.gallarum","Gladiolus.illyricus"
"P15","Osmia.melanogaster/leaiana","Gladiolus.illyricus"
"P15","Osmia.rufohirta","Gladiolus.illyricus"
"P15","Oxythyrea.funesta","Gladiolus.illyricus"
"P15","Panurgus.dentipes","Gladiolus.illyricus"
"P15","Platynochaetus.setosus","Gladiolus.illyricus"
"P15","Polistes.dominulus","Gladiolus.illyricus"
"P15","Priocnemis.sp1","Gladiolus.illyricus"
"P15","Pyronia.bathseba","Gladiolus.illyricus"
"P15","Rhodanthidium.septemdentatum","Gladiolus.illyricus"
"P15","Rhodanthidium.sticticum","Gladiolus.illyricus"
"P15","Sphecodes.ruficrus","Gladiolus.illyricus"
"P15","Stenurella.melanura","Gladiolus.illyricus"
"P15","Tropinota.sp1","Gladiolus.illyricus"
"P15","Trypoxylon.sp1","Gladiolus.illyricus"
"P15","Acmaeodera.cylindrica","Rosmarinus.officinalis"
"P15","Adelidae.sp1","Rosmarinus.officinalis"
"P15","Anaspis.sp1","Rosmarinus.officinalis"
"P15","Andrena.djelfensis","Rosmarinus.officinalis"
"P15","Andrena.lepida","Rosmarinus.officinalis"
"P15","Andrena.nigroaenea","Rosmarinus.officinalis"
"P15","Andrena.senecionis","Rosmarinus.officinalis"
"P15","Anthaxia.millefolii","Rosmarinus.officinalis"
"P15","Anthaxia.scutullaris","Rosmarinus.officinalis"
"P15","Anthaxia.spinolae","Rosmarinus.officinalis"
"P15","Anthophora.dispar","Rosmarinus.officinalis"
"P15","Apis.mellifera","Rosmarinus.officinalis"
"P15","Aplocnemus.calidus","Rosmarinus.officinalis"
"P15","Bombus.terrestris","Rosmarinus.officinalis"
"P15","Callophrys.rubi","Rosmarinus.officinalis"
"P15","Chrysotoxum.cautum","Rosmarinus.officinalis"
"P15","Clanoptilus.abdominalis","Rosmarinus.officinalis"
"P15","Clytus.rhamni","Rosmarinus.officinalis"
"P15","Danacea.longiceps","Rosmarinus.officinalis"
"P15","Dasytes.nigroaeneus","Rosmarinus.officinalis"
"P15","Eucera.collaris","Rosmarinus.officinalis"
"P15","Eumenes.coarctatus","Rosmarinus.officinalis"
"P15","Eumerus.argyropus","Rosmarinus.officinalis"
"P15","Eupeodes.corollae","Rosmarinus.officinalis"
"P15","Halictus.scabiosae","Rosmarinus.officinalis"
"P15","Lasioglossum.albocinctum","Rosmarinus.officinalis"
"P15","Lasioglossum.griseolum","Rosmarinus.officinalis"
"P15","Lasioglossum.malachurum","Rosmarinus.officinalis"
"P15","Lasioglossum.mediterraneum","Rosmarinus.officinalis"
"P15","Lasioglossum.morio","Rosmarinus.officinalis"
"P15","Lasioglossum.subhirtum","Rosmarinus.officinalis"
"P15","Lasioglossum.transitorium","Rosmarinus.officinalis"
"P15","Lobonyx.aeneus","Rosmarinus.officinalis"
"P15","Megachile.pyrenaica","Rosmarinus.officinalis"
"P15","Melanargia.occitanica","Rosmarinus.officinalis"
"P15","Meligethes.sp1","Rosmarinus.officinalis"
"P15","Merodon.funestus","Rosmarinus.officinalis"
"P15","Merodon.obscuritarsis","Rosmarinus.officinalis"
"P15","Merodon.sp7/9","Rosmarinus.officinalis"
"P15","Mordellistena.sp1","Rosmarinus.officinalis"
"P15","Mordellistena.sp4","Rosmarinus.officinalis"
"P15","Nomada.hispanica","Rosmarinus.officinalis"
"P15","Oedemera.flavipes","Rosmarinus.officinalis"
"P15","Osmia.gallarum","Rosmarinus.officinalis"
"P15","Osmia.melanogaster/leaiana","Rosmarinus.officinalis"
"P15","Osmia.rufohirta","Rosmarinus.officinalis"
"P15","Oxythyrea.funesta","Rosmarinus.officinalis"
"P15","Panurgus.dentipes","Rosmarinus.officinalis"
"P15","Platynochaetus.setosus","Rosmarinus.officinalis"
"P15","Polistes.dominulus","Rosmarinus.officinalis"
"P15","Priocnemis.sp1","Rosmarinus.officinalis"
"P15","Pyronia.bathseba","Rosmarinus.officinalis"
"P15","Rhodanthidium.septemdentatum","Rosmarinus.officinalis"
"P15","Rhodanthidium.sticticum","Rosmarinus.officinalis"
"P15","Sphecodes.ruficrus","Rosmarinus.officinalis"
"P15","Stenurella.melanura","Rosmarinus.officinalis"
"P15","Tropinota.sp1","Rosmarinus.officinalis"
"P15","Trypoxylon.sp1","Rosmarinus.officinalis"
"P15","Acmaeodera.cylindrica","Thymus.vulgaris"
"P15","Adelidae.sp1","Thymus.vulgaris"
"P15","Anaspis.sp1","Thymus.vulgaris"
"P15","Andrena.djelfensis","Thymus.vulgaris"
"P15","Andrena.lepida","Thymus.vulgaris"
"P15","Andrena.nigroaenea","Thymus.vulgaris"
"P15","Andrena.senecionis","Thymus.vulgaris"
"P15","Anthaxia.millefolii","Thymus.vulgaris"
"P15","Anthaxia.scutullaris","Thymus.vulgaris"
"P15","Anthaxia.spinolae","Thymus.vulgaris"
"P15","Anthophora.dispar","Thymus.vulgaris"
"P15","Apis.mellifera","Thymus.vulgaris"
"P15","Aplocnemus.calidus","Thymus.vulgaris"
"P15","Bombus.terrestris","Thymus.vulgaris"
"P15","Callophrys.rubi","Thymus.vulgaris"
"P15","Chrysotoxum.cautum","Thymus.vulgaris"
"P15","Clanoptilus.abdominalis","Thymus.vulgaris"
"P15","Clytus.rhamni","Thymus.vulgaris"
"P15","Danacea.longiceps","Thymus.vulgaris"
"P15","Dasytes.nigroaeneus","Thymus.vulgaris"
"P15","Eucera.collaris","Thymus.vulgaris"
"P15","Eumenes.coarctatus","Thymus.vulgaris"
"P15","Eumerus.argyropus","Thymus.vulgaris"
"P15","Eupeodes.corollae","Thymus.vulgaris"
"P15","Halictus.scabiosae","Thymus.vulgaris"
"P15","Lasioglossum.albocinctum","Thymus.vulgaris"
"P15","Lasioglossum.griseolum","Thymus.vulgaris"
"P15","Lasioglossum.malachurum","Thymus.vulgaris"
"P15","Lasioglossum.mediterraneum","Thymus.vulgaris"
"P15","Lasioglossum.morio","Thymus.vulgaris"
"P15","Lasioglossum.subhirtum","Thymus.vulgaris"
"P15","Lasioglossum.transitorium","Thymus.vulgaris"
"P15","Lobonyx.aeneus","Thymus.vulgaris"
"P15","Megachile.pyrenaica","Thymus.vulgaris"
"P15","Melanargia.occitanica","Thymus.vulgaris"
"P15","Meligethes.sp1","Thymus.vulgaris"
"P15","Merodon.funestus","Thymus.vulgaris"
"P15","Merodon.obscuritarsis","Thymus.vulgaris"
"P15","Merodon.sp7/9","Thymus.vulgaris"
"P15","Mordellistena.sp1","Thymus.vulgaris"
"P15","Mordellistena.sp4","Thymus.vulgaris"
"P15","Nomada.hispanica","Thymus.vulgaris"
"P15","Oedemera.flavipes","Thymus.vulgaris"
"P15","Osmia.gallarum","Thymus.vulgaris"
"P15","Osmia.melanogaster/leaiana","Thymus.vulgaris"
"P15","Osmia.rufohirta","Thymus.vulgaris"
"P15","Oxythyrea.funesta","Thymus.vulgaris"
"P15","Panurgus.dentipes","Thymus.vulgaris"
"P15","Platynochaetus.setosus","Thymus.vulgaris"
"P15","Polistes.dominulus","Thymus.vulgaris"
"P15","Priocnemis.sp1","Thymus.vulgaris"
"P15","Pyronia.bathseba","Thymus.vulgaris"
"P15","Rhodanthidium.septemdentatum","Thymus.vulgaris"
"P15","Rhodanthidium.sticticum","Thymus.vulgaris"
"P15","Sphecodes.ruficrus","Thymus.vulgaris"
"P15","Stenurella.melanura","Thymus.vulgaris"
"P15","Tropinota.sp1","Thymus.vulgaris"
"P15","Trypoxylon.sp1","Thymus.vulgaris"
"P16","Adelidae.sp1","Anagallis.arvensis"
"P16","Anaspis.sp1","Anagallis.arvensis"
"P16","Andrena.angustior","Anagallis.arvensis"
"P16","Andrena.djelfensis","Anagallis.arvensis"
"P16","Andrena.limata","Anagallis.arvensis"
"P16","Andrena.nigroaenea","Anagallis.arvensis"
"P16","Andrena.nigroolivacea","Anagallis.arvensis"
"P16","Andrena.senecionis","Anagallis.arvensis"
"P16","Anthaxia.millefolii","Anagallis.arvensis"
"P16","Anthaxia.scutullaris","Anagallis.arvensis"
"P16","Anthophora.dispar","Anagallis.arvensis"
"P16","Apis.mellifera","Anagallis.arvensis"
"P16","Aplocnemus.calidus","Anagallis.arvensis"
"P16","Bombus.terrestris","Anagallis.arvensis"
"P16","Callophrys.rubi","Anagallis.arvensis"
"P16","Chrysotoxum.cautum","Anagallis.arvensis"
"P16","Clanoptilus.abdominalis","Anagallis.arvensis"
"P16","Clytus.rhamni","Anagallis.arvensis"
"P16","Danacea.longiceps","Anagallis.arvensis"
"P16","Dasytes.nigroaeneus","Anagallis.arvensis"
"P16","Eumerus.argyropus","Anagallis.arvensis"
"P16","Gonepteryx.cleopatra","Anagallis.arvensis"
"P16","Halictus.fulvipes","Anagallis.arvensis"
"P16","Lasioglossum.albocinctum","Anagallis.arvensis"
"P16","Lasioglossum.bimaculatum","Anagallis.arvensis"
"P16","Lasioglossum.griseolum","Anagallis.arvensis"
"P16","Lasioglossum.malachurum","Anagallis.arvensis"
"P16","Lasioglossum.mediterraneum","Anagallis.arvensis"
"P16","Lasioglossum.subhirtum","Anagallis.arvensis"
"P16","Lasioglossum.transitorium","Anagallis.arvensis"
"P16","Lasiommata.megera","Anagallis.arvensis"
"P16","Lobonyx.aeneus","Anagallis.arvensis"
"P16","Megachile.pyrenaica","Anagallis.arvensis"
"P16","Meligethes.sp1","Anagallis.arvensis"
"P16","Merodon.funestus","Anagallis.arvensis"
"P16","Microhoria.plumbea","Anagallis.arvensis"
"P16","Mordellistena.sp1","Anagallis.arvensis"
"P16","Oedemera.flavipes","Anagallis.arvensis"
"P16","Osmia.rufohirta","Anagallis.arvensis"
"P16","Oxythyrea.funesta","Anagallis.arvensis"
"P16","Polistes.dominulus","Anagallis.arvensis"
"P16","Pyronia.bathseba","Anagallis.arvensis"
"P16","Rhodanthidium.septemdentatum","Anagallis.arvensis"
"P16","Rhodanthidium.sticticum","Anagallis.arvensis"
"P16","Scolia.hirta","Anagallis.arvensis"
"P16","Sphaerophoria.scripta","Anagallis.arvensis"
"P16","Stenurella.melanura","Anagallis.arvensis"
"P16","Tropinota.sp1","Anagallis.arvensis"
"P16","Tropinota.squalida","Anagallis.arvensis"
"P16","Trypoxylon.sp1","Anagallis.arvensis"
"P16","Adelidae.sp1","Aphyllanthes.monspeliensis"
"P16","Anaspis.sp1","Aphyllanthes.monspeliensis"
"P16","Andrena.angustior","Aphyllanthes.monspeliensis"
"P16","Andrena.djelfensis","Aphyllanthes.monspeliensis"
"P16","Andrena.limata","Aphyllanthes.monspeliensis"
"P16","Andrena.nigroaenea","Aphyllanthes.monspeliensis"
"P16","Andrena.nigroolivacea","Aphyllanthes.monspeliensis"
"P16","Andrena.senecionis","Aphyllanthes.monspeliensis"
"P16","Anthaxia.millefolii","Aphyllanthes.monspeliensis"
"P16","Anthaxia.scutullaris","Aphyllanthes.monspeliensis"
"P16","Anthophora.dispar","Aphyllanthes.monspeliensis"
"P16","Apis.mellifera","Aphyllanthes.monspeliensis"
"P16","Aplocnemus.calidus","Aphyllanthes.monspeliensis"
"P16","Bombus.terrestris","Aphyllanthes.monspeliensis"
"P16","Callophrys.rubi","Aphyllanthes.monspeliensis"
"P16","Chrysotoxum.cautum","Aphyllanthes.monspeliensis"
"P16","Clanoptilus.abdominalis","Aphyllanthes.monspeliensis"
"P16","Clytus.rhamni","Aphyllanthes.monspeliensis"
"P16","Danacea.longiceps","Aphyllanthes.monspeliensis"
"P16","Dasytes.nigroaeneus","Aphyllanthes.monspeliensis"
"P16","Eumerus.argyropus","Aphyllanthes.monspeliensis"
"P16","Gonepteryx.cleopatra","Aphyllanthes.monspeliensis"
"P16","Halictus.fulvipes","Aphyllanthes.monspeliensis"
"P16","Lasioglossum.albocinctum","Aphyllanthes.monspeliensis"
"P16","Lasioglossum.bimaculatum","Aphyllanthes.monspeliensis"
"P16","Lasioglossum.griseolum","Aphyllanthes.monspeliensis"
"P16","Lasioglossum.malachurum","Aphyllanthes.monspeliensis"
"P16","Lasioglossum.mediterraneum","Aphyllanthes.monspeliensis"
"P16","Lasioglossum.subhirtum","Aphyllanthes.monspeliensis"
"P16","Lasioglossum.transitorium","Aphyllanthes.monspeliensis"
"P16","Lasiommata.megera","Aphyllanthes.monspeliensis"
"P16","Lobonyx.aeneus","Aphyllanthes.monspeliensis"
"P16","Megachile.pyrenaica","Aphyllanthes.monspeliensis"
"P16","Meligethes.sp1","Aphyllanthes.monspeliensis"
"P16","Merodon.funestus","Aphyllanthes.monspeliensis"
"P16","Microhoria.plumbea","Aphyllanthes.monspeliensis"
"P16","Mordellistena.sp1","Aphyllanthes.monspeliensis"
"P16","Oedemera.flavipes","Aphyllanthes.monspeliensis"
"P16","Osmia.rufohirta","Aphyllanthes.monspeliensis"
"P16","Oxythyrea.funesta","Aphyllanthes.monspeliensis"
"P16","Polistes.dominulus","Aphyllanthes.monspeliensis"
"P16","Pyronia.bathseba","Aphyllanthes.monspeliensis"
"P16","Rhodanthidium.septemdentatum","Aphyllanthes.monspeliensis"
"P16","Rhodanthidium.sticticum","Aphyllanthes.monspeliensis"
"P16","Scolia.hirta","Aphyllanthes.monspeliensis"
"P16","Sphaerophoria.scripta","Aphyllanthes.monspeliensis"
"P16","Stenurella.melanura","Aphyllanthes.monspeliensis"
"P16","Tropinota.sp1","Aphyllanthes.monspeliensis"
"P16","Tropinota.squalida","Aphyllanthes.monspeliensis"
"P16","Trypoxylon.sp1","Aphyllanthes.monspeliensis"
"P16","Adelidae.sp1","Argyrolobium.zanonii"
"P16","Anaspis.sp1","Argyrolobium.zanonii"
"P16","Andrena.angustior","Argyrolobium.zanonii"
"P16","Andrena.djelfensis","Argyrolobium.zanonii"
"P16","Andrena.limata","Argyrolobium.zanonii"
"P16","Andrena.nigroaenea","Argyrolobium.zanonii"
"P16","Andrena.nigroolivacea","Argyrolobium.zanonii"
"P16","Andrena.senecionis","Argyrolobium.zanonii"
"P16","Anthaxia.millefolii","Argyrolobium.zanonii"
"P16","Anthaxia.scutullaris","Argyrolobium.zanonii"
"P16","Anthophora.dispar","Argyrolobium.zanonii"
"P16","Apis.mellifera","Argyrolobium.zanonii"
"P16","Aplocnemus.calidus","Argyrolobium.zanonii"
"P16","Bombus.terrestris","Argyrolobium.zanonii"
"P16","Callophrys.rubi","Argyrolobium.zanonii"
"P16","Chrysotoxum.cautum","Argyrolobium.zanonii"
"P16","Clanoptilus.abdominalis","Argyrolobium.zanonii"
"P16","Clytus.rhamni","Argyrolobium.zanonii"
"P16","Danacea.longiceps","Argyrolobium.zanonii"
"P16","Dasytes.nigroaeneus","Argyrolobium.zanonii"
"P16","Eumerus.argyropus","Argyrolobium.zanonii"
"P16","Gonepteryx.cleopatra","Argyrolobium.zanonii"
"P16","Halictus.fulvipes","Argyrolobium.zanonii"
"P16","Lasioglossum.albocinctum","Argyrolobium.zanonii"
"P16","Lasioglossum.bimaculatum","Argyrolobium.zanonii"
"P16","Lasioglossum.griseolum","Argyrolobium.zanonii"
"P16","Lasioglossum.malachurum","Argyrolobium.zanonii"
"P16","Lasioglossum.mediterraneum","Argyrolobium.zanonii"
"P16","Lasioglossum.subhirtum","Argyrolobium.zanonii"
"P16","Lasioglossum.transitorium","Argyrolobium.zanonii"
"P16","Lasiommata.megera","Argyrolobium.zanonii"
"P16","Lobonyx.aeneus","Argyrolobium.zanonii"
"P16","Megachile.pyrenaica","Argyrolobium.zanonii"
"P16","Meligethes.sp1","Argyrolobium.zanonii"
"P16","Merodon.funestus","Argyrolobium.zanonii"
"P16","Microhoria.plumbea","Argyrolobium.zanonii"
"P16","Mordellistena.sp1","Argyrolobium.zanonii"
"P16","Oedemera.flavipes","Argyrolobium.zanonii"
"P16","Osmia.rufohirta","Argyrolobium.zanonii"
"P16","Oxythyrea.funesta","Argyrolobium.zanonii"
"P16","Polistes.dominulus","Argyrolobium.zanonii"
"P16","Pyronia.bathseba","Argyrolobium.zanonii"
"P16","Rhodanthidium.septemdentatum","Argyrolobium.zanonii"
"P16","Rhodanthidium.sticticum","Argyrolobium.zanonii"
"P16","Scolia.hirta","Argyrolobium.zanonii"
"P16","Sphaerophoria.scripta","Argyrolobium.zanonii"
"P16","Stenurella.melanura","Argyrolobium.zanonii"
"P16","Tropinota.sp1","Argyrolobium.zanonii"
"P16","Tropinota.squalida","Argyrolobium.zanonii"
"P16","Trypoxylon.sp1","Argyrolobium.zanonii"
"P16","Adelidae.sp1","Dorycnium.pentaphyllum"
"P16","Anaspis.sp1","Dorycnium.pentaphyllum"
"P16","Andrena.angustior","Dorycnium.pentaphyllum"
"P16","Andrena.djelfensis","Dorycnium.pentaphyllum"
"P16","Andrena.limata","Dorycnium.pentaphyllum"
"P16","Andrena.nigroaenea","Dorycnium.pentaphyllum"
"P16","Andrena.nigroolivacea","Dorycnium.pentaphyllum"
"P16","Andrena.senecionis","Dorycnium.pentaphyllum"
"P16","Anthaxia.millefolii","Dorycnium.pentaphyllum"
"P16","Anthaxia.scutullaris","Dorycnium.pentaphyllum"
"P16","Anthophora.dispar","Dorycnium.pentaphyllum"
"P16","Apis.mellifera","Dorycnium.pentaphyllum"
"P16","Aplocnemus.calidus","Dorycnium.pentaphyllum"
"P16","Bombus.terrestris","Dorycnium.pentaphyllum"
"P16","Callophrys.rubi","Dorycnium.pentaphyllum"
"P16","Chrysotoxum.cautum","Dorycnium.pentaphyllum"
"P16","Clanoptilus.abdominalis","Dorycnium.pentaphyllum"
"P16","Clytus.rhamni","Dorycnium.pentaphyllum"
"P16","Danacea.longiceps","Dorycnium.pentaphyllum"
"P16","Dasytes.nigroaeneus","Dorycnium.pentaphyllum"
"P16","Eumerus.argyropus","Dorycnium.pentaphyllum"
"P16","Gonepteryx.cleopatra","Dorycnium.pentaphyllum"
"P16","Halictus.fulvipes","Dorycnium.pentaphyllum"
"P16","Lasioglossum.albocinctum","Dorycnium.pentaphyllum"
"P16","Lasioglossum.bimaculatum","Dorycnium.pentaphyllum"
"P16","Lasioglossum.griseolum","Dorycnium.pentaphyllum"
"P16","Lasioglossum.malachurum","Dorycnium.pentaphyllum"
"P16","Lasioglossum.mediterraneum","Dorycnium.pentaphyllum"
"P16","Lasioglossum.subhirtum","Dorycnium.pentaphyllum"
"P16","Lasioglossum.transitorium","Dorycnium.pentaphyllum"
"P16","Lasiommata.megera","Dorycnium.pentaphyllum"
"P16","Lobonyx.aeneus","Dorycnium.pentaphyllum"
"P16","Megachile.pyrenaica","Dorycnium.pentaphyllum"
"P16","Meligethes.sp1","Dorycnium.pentaphyllum"
"P16","Merodon.funestus","Dorycnium.pentaphyllum"
"P16","Microhoria.plumbea","Dorycnium.pentaphyllum"
"P16","Mordellistena.sp1","Dorycnium.pentaphyllum"
"P16","Oedemera.flavipes","Dorycnium.pentaphyllum"
"P16","Osmia.rufohirta","Dorycnium.pentaphyllum"
"P16","Oxythyrea.funesta","Dorycnium.pentaphyllum"
"P16","Polistes.dominulus","Dorycnium.pentaphyllum"
"P16","Pyronia.bathseba","Dorycnium.pentaphyllum"
"P16","Rhodanthidium.septemdentatum","Dorycnium.pentaphyllum"
"P16","Rhodanthidium.sticticum","Dorycnium.pentaphyllum"
"P16","Scolia.hirta","Dorycnium.pentaphyllum"
"P16","Sphaerophoria.scripta","Dorycnium.pentaphyllum"
"P16","Stenurella.melanura","Dorycnium.pentaphyllum"
"P16","Tropinota.sp1","Dorycnium.pentaphyllum"
"P16","Tropinota.squalida","Dorycnium.pentaphyllum"
"P16","Trypoxylon.sp1","Dorycnium.pentaphyllum"
"P16","Adelidae.sp1","Gladiolus.illyricus"
"P16","Anaspis.sp1","Gladiolus.illyricus"
"P16","Andrena.angustior","Gladiolus.illyricus"
"P16","Andrena.djelfensis","Gladiolus.illyricus"
"P16","Andrena.limata","Gladiolus.illyricus"
"P16","Andrena.nigroaenea","Gladiolus.illyricus"
"P16","Andrena.nigroolivacea","Gladiolus.illyricus"
"P16","Andrena.senecionis","Gladiolus.illyricus"
"P16","Anthaxia.millefolii","Gladiolus.illyricus"
"P16","Anthaxia.scutullaris","Gladiolus.illyricus"
"P16","Anthophora.dispar","Gladiolus.illyricus"
"P16","Apis.mellifera","Gladiolus.illyricus"
"P16","Aplocnemus.calidus","Gladiolus.illyricus"
"P16","Bombus.terrestris","Gladiolus.illyricus"
"P16","Callophrys.rubi","Gladiolus.illyricus"
"P16","Chrysotoxum.cautum","Gladiolus.illyricus"
"P16","Clanoptilus.abdominalis","Gladiolus.illyricus"
"P16","Clytus.rhamni","Gladiolus.illyricus"
"P16","Danacea.longiceps","Gladiolus.illyricus"
"P16","Dasytes.nigroaeneus","Gladiolus.illyricus"
"P16","Eumerus.argyropus","Gladiolus.illyricus"
"P16","Gonepteryx.cleopatra","Gladiolus.illyricus"
"P16","Halictus.fulvipes","Gladiolus.illyricus"
"P16","Lasioglossum.albocinctum","Gladiolus.illyricus"
"P16","Lasioglossum.bimaculatum","Gladiolus.illyricus"
"P16","Lasioglossum.griseolum","Gladiolus.illyricus"
"P16","Lasioglossum.malachurum","Gladiolus.illyricus"
"P16","Lasioglossum.mediterraneum","Gladiolus.illyricus"
"P16","Lasioglossum.subhirtum","Gladiolus.illyricus"
"P16","Lasioglossum.transitorium","Gladiolus.illyricus"
"P16","Lasiommata.megera","Gladiolus.illyricus"
"P16","Lobonyx.aeneus","Gladiolus.illyricus"
"P16","Megachile.pyrenaica","Gladiolus.illyricus"
"P16","Meligethes.sp1","Gladiolus.illyricus"
"P16","Merodon.funestus","Gladiolus.illyricus"
"P16","Microhoria.plumbea","Gladiolus.illyricus"
"P16","Mordellistena.sp1","Gladiolus.illyricus"
"P16","Oedemera.flavipes","Gladiolus.illyricus"
"P16","Osmia.rufohirta","Gladiolus.illyricus"
"P16","Oxythyrea.funesta","Gladiolus.illyricus"
"P16","Polistes.dominulus","Gladiolus.illyricus"
"P16","Pyronia.bathseba","Gladiolus.illyricus"
"P16","Rhodanthidium.septemdentatum","Gladiolus.illyricus"
"P16","Rhodanthidium.sticticum","Gladiolus.illyricus"
"P16","Scolia.hirta","Gladiolus.illyricus"
"P16","Sphaerophoria.scripta","Gladiolus.illyricus"
"P16","Stenurella.melanura","Gladiolus.illyricus"
"P16","Tropinota.sp1","Gladiolus.illyricus"
"P16","Tropinota.squalida","Gladiolus.illyricus"
"P16","Trypoxylon.sp1","Gladiolus.illyricus"
"P16","Adelidae.sp1","Helianthemum.oelandicum.spp.italicum"
"P16","Anaspis.sp1","Helianthemum.oelandicum.spp.italicum"
"P16","Andrena.angustior","Helianthemum.oelandicum.spp.italicum"
"P16","Andrena.djelfensis","Helianthemum.oelandicum.spp.italicum"
"P16","Andrena.limata","Helianthemum.oelandicum.spp.italicum"
"P16","Andrena.nigroaenea","Helianthemum.oelandicum.spp.italicum"
"P16","Andrena.nigroolivacea","Helianthemum.oelandicum.spp.italicum"
"P16","Andrena.senecionis","Helianthemum.oelandicum.spp.italicum"
"P16","Anthaxia.millefolii","Helianthemum.oelandicum.spp.italicum"
"P16","Anthaxia.scutullaris","Helianthemum.oelandicum.spp.italicum"
"P16","Anthophora.dispar","Helianthemum.oelandicum.spp.italicum"
"P16","Apis.mellifera","Helianthemum.oelandicum.spp.italicum"
"P16","Aplocnemus.calidus","Helianthemum.oelandicum.spp.italicum"
"P16","Bombus.terrestris","Helianthemum.oelandicum.spp.italicum"
"P16","Callophrys.rubi","Helianthemum.oelandicum.spp.italicum"
"P16","Chrysotoxum.cautum","Helianthemum.oelandicum.spp.italicum"
"P16","Clanoptilus.abdominalis","Helianthemum.oelandicum.spp.italicum"
"P16","Clytus.rhamni","Helianthemum.oelandicum.spp.italicum"
"P16","Danacea.longiceps","Helianthemum.oelandicum.spp.italicum"
"P16","Dasytes.nigroaeneus","Helianthemum.oelandicum.spp.italicum"
"P16","Eumerus.argyropus","Helianthemum.oelandicum.spp.italicum"
"P16","Gonepteryx.cleopatra","Helianthemum.oelandicum.spp.italicum"
"P16","Halictus.fulvipes","Helianthemum.oelandicum.spp.italicum"
"P16","Lasioglossum.albocinctum","Helianthemum.oelandicum.spp.italicum"
"P16","Lasioglossum.bimaculatum","Helianthemum.oelandicum.spp.italicum"
"P16","Lasioglossum.griseolum","Helianthemum.oelandicum.spp.italicum"
"P16","Lasioglossum.malachurum","Helianthemum.oelandicum.spp.italicum"
"P16","Lasioglossum.mediterraneum","Helianthemum.oelandicum.spp.italicum"
"P16","Lasioglossum.subhirtum","Helianthemum.oelandicum.spp.italicum"
"P16","Lasioglossum.transitorium","Helianthemum.oelandicum.spp.italicum"
"P16","Lasiommata.megera","Helianthemum.oelandicum.spp.italicum"
"P16","Lobonyx.aeneus","Helianthemum.oelandicum.spp.italicum"
"P16","Megachile.pyrenaica","Helianthemum.oelandicum.spp.italicum"
"P16","Meligethes.sp1","Helianthemum.oelandicum.spp.italicum"
"P16","Merodon.funestus","Helianthemum.oelandicum.spp.italicum"
"P16","Microhoria.plumbea","Helianthemum.oelandicum.spp.italicum"
"P16","Mordellistena.sp1","Helianthemum.oelandicum.spp.italicum"
"P16","Oedemera.flavipes","Helianthemum.oelandicum.spp.italicum"
"P16","Osmia.rufohirta","Helianthemum.oelandicum.spp.italicum"
"P16","Oxythyrea.funesta","Helianthemum.oelandicum.spp.italicum"
"P16","Polistes.dominulus","Helianthemum.oelandicum.spp.italicum"
"P16","Pyronia.bathseba","Helianthemum.oelandicum.spp.italicum"
"P16","Rhodanthidium.septemdentatum","Helianthemum.oelandicum.spp.italicum"
"P16","Rhodanthidium.sticticum","Helianthemum.oelandicum.spp.italicum"
"P16","Scolia.hirta","Helianthemum.oelandicum.spp.italicum"
"P16","Sphaerophoria.scripta","Helianthemum.oelandicum.spp.italicum"
"P16","Stenurella.melanura","Helianthemum.oelandicum.spp.italicum"
"P16","Tropinota.sp1","Helianthemum.oelandicum.spp.italicum"
"P16","Tropinota.squalida","Helianthemum.oelandicum.spp.italicum"
"P16","Trypoxylon.sp1","Helianthemum.oelandicum.spp.italicum"
"P16","Adelidae.sp1","Phlomis.lychnitis"
"P16","Anaspis.sp1","Phlomis.lychnitis"
"P16","Andrena.angustior","Phlomis.lychnitis"
"P16","Andrena.djelfensis","Phlomis.lychnitis"
"P16","Andrena.limata","Phlomis.lychnitis"
"P16","Andrena.nigroaenea","Phlomis.lychnitis"
"P16","Andrena.nigroolivacea","Phlomis.lychnitis"
"P16","Andrena.senecionis","Phlomis.lychnitis"
"P16","Anthaxia.millefolii","Phlomis.lychnitis"
"P16","Anthaxia.scutullaris","Phlomis.lychnitis"
"P16","Anthophora.dispar","Phlomis.lychnitis"
"P16","Apis.mellifera","Phlomis.lychnitis"
"P16","Aplocnemus.calidus","Phlomis.lychnitis"
"P16","Bombus.terrestris","Phlomis.lychnitis"
"P16","Callophrys.rubi","Phlomis.lychnitis"
"P16","Chrysotoxum.cautum","Phlomis.lychnitis"
"P16","Clanoptilus.abdominalis","Phlomis.lychnitis"
"P16","Clytus.rhamni","Phlomis.lychnitis"
"P16","Danacea.longiceps","Phlomis.lychnitis"
"P16","Dasytes.nigroaeneus","Phlomis.lychnitis"
"P16","Eumerus.argyropus","Phlomis.lychnitis"
"P16","Gonepteryx.cleopatra","Phlomis.lychnitis"
"P16","Halictus.fulvipes","Phlomis.lychnitis"
"P16","Lasioglossum.albocinctum","Phlomis.lychnitis"
"P16","Lasioglossum.bimaculatum","Phlomis.lychnitis"
"P16","Lasioglossum.griseolum","Phlomis.lychnitis"
"P16","Lasioglossum.malachurum","Phlomis.lychnitis"
"P16","Lasioglossum.mediterraneum","Phlomis.lychnitis"
"P16","Lasioglossum.subhirtum","Phlomis.lychnitis"
"P16","Lasioglossum.transitorium","Phlomis.lychnitis"
"P16","Lasiommata.megera","Phlomis.lychnitis"
"P16","Lobonyx.aeneus","Phlomis.lychnitis"
"P16","Megachile.pyrenaica","Phlomis.lychnitis"
"P16","Meligethes.sp1","Phlomis.lychnitis"
"P16","Merodon.funestus","Phlomis.lychnitis"
"P16","Microhoria.plumbea","Phlomis.lychnitis"
"P16","Mordellistena.sp1","Phlomis.lychnitis"
"P16","Oedemera.flavipes","Phlomis.lychnitis"
"P16","Osmia.rufohirta","Phlomis.lychnitis"
"P16","Oxythyrea.funesta","Phlomis.lychnitis"
"P16","Polistes.dominulus","Phlomis.lychnitis"
"P16","Pyronia.bathseba","Phlomis.lychnitis"
"P16","Rhodanthidium.septemdentatum","Phlomis.lychnitis"
"P16","Rhodanthidium.sticticum","Phlomis.lychnitis"
"P16","Scolia.hirta","Phlomis.lychnitis"
"P16","Sphaerophoria.scripta","Phlomis.lychnitis"
"P16","Stenurella.melanura","Phlomis.lychnitis"
"P16","Tropinota.sp1","Phlomis.lychnitis"
"P16","Tropinota.squalida","Phlomis.lychnitis"
"P16","Trypoxylon.sp1","Phlomis.lychnitis"
"P16","Adelidae.sp1","Rosmarinus.officinalis"
"P16","Anaspis.sp1","Rosmarinus.officinalis"
"P16","Andrena.angustior","Rosmarinus.officinalis"
"P16","Andrena.djelfensis","Rosmarinus.officinalis"
"P16","Andrena.limata","Rosmarinus.officinalis"
"P16","Andrena.nigroaenea","Rosmarinus.officinalis"
"P16","Andrena.nigroolivacea","Rosmarinus.officinalis"
"P16","Andrena.senecionis","Rosmarinus.officinalis"
"P16","Anthaxia.millefolii","Rosmarinus.officinalis"
"P16","Anthaxia.scutullaris","Rosmarinus.officinalis"
"P16","Anthophora.dispar","Rosmarinus.officinalis"
"P16","Apis.mellifera","Rosmarinus.officinalis"
"P16","Aplocnemus.calidus","Rosmarinus.officinalis"
"P16","Bombus.terrestris","Rosmarinus.officinalis"
"P16","Callophrys.rubi","Rosmarinus.officinalis"
"P16","Chrysotoxum.cautum","Rosmarinus.officinalis"
"P16","Clanoptilus.abdominalis","Rosmarinus.officinalis"
"P16","Clytus.rhamni","Rosmarinus.officinalis"
"P16","Danacea.longiceps","Rosmarinus.officinalis"
"P16","Dasytes.nigroaeneus","Rosmarinus.officinalis"
"P16","Eumerus.argyropus","Rosmarinus.officinalis"
"P16","Gonepteryx.cleopatra","Rosmarinus.officinalis"
"P16","Halictus.fulvipes","Rosmarinus.officinalis"
"P16","Lasioglossum.albocinctum","Rosmarinus.officinalis"
"P16","Lasioglossum.bimaculatum","Rosmarinus.officinalis"
"P16","Lasioglossum.griseolum","Rosmarinus.officinalis"
"P16","Lasioglossum.malachurum","Rosmarinus.officinalis"
"P16","Lasioglossum.mediterraneum","Rosmarinus.officinalis"
"P16","Lasioglossum.subhirtum","Rosmarinus.officinalis"
"P16","Lasioglossum.transitorium","Rosmarinus.officinalis"
"P16","Lasiommata.megera","Rosmarinus.officinalis"
"P16","Lobonyx.aeneus","Rosmarinus.officinalis"
"P16","Megachile.pyrenaica","Rosmarinus.officinalis"
"P16","Meligethes.sp1","Rosmarinus.officinalis"
"P16","Merodon.funestus","Rosmarinus.officinalis"
"P16","Microhoria.plumbea","Rosmarinus.officinalis"
"P16","Mordellistena.sp1","Rosmarinus.officinalis"
"P16","Oedemera.flavipes","Rosmarinus.officinalis"
"P16","Osmia.rufohirta","Rosmarinus.officinalis"
"P16","Oxythyrea.funesta","Rosmarinus.officinalis"
"P16","Polistes.dominulus","Rosmarinus.officinalis"
"P16","Pyronia.bathseba","Rosmarinus.officinalis"
"P16","Rhodanthidium.septemdentatum","Rosmarinus.officinalis"
"P16","Rhodanthidium.sticticum","Rosmarinus.officinalis"
"P16","Scolia.hirta","Rosmarinus.officinalis"
"P16","Sphaerophoria.scripta","Rosmarinus.officinalis"
"P16","Stenurella.melanura","Rosmarinus.officinalis"
"P16","Tropinota.sp1","Rosmarinus.officinalis"
"P16","Tropinota.squalida","Rosmarinus.officinalis"
"P16","Trypoxylon.sp1","Rosmarinus.officinalis"
"P16","Adelidae.sp1","Scorpiurus.muricatus"
"P16","Anaspis.sp1","Scorpiurus.muricatus"
"P16","Andrena.angustior","Scorpiurus.muricatus"
"P16","Andrena.djelfensis","Scorpiurus.muricatus"
"P16","Andrena.limata","Scorpiurus.muricatus"
"P16","Andrena.nigroaenea","Scorpiurus.muricatus"
"P16","Andrena.nigroolivacea","Scorpiurus.muricatus"
"P16","Andrena.senecionis","Scorpiurus.muricatus"
"P16","Anthaxia.millefolii","Scorpiurus.muricatus"
"P16","Anthaxia.scutullaris","Scorpiurus.muricatus"
"P16","Anthophora.dispar","Scorpiurus.muricatus"
"P16","Apis.mellifera","Scorpiurus.muricatus"
"P16","Aplocnemus.calidus","Scorpiurus.muricatus"
"P16","Bombus.terrestris","Scorpiurus.muricatus"
"P16","Callophrys.rubi","Scorpiurus.muricatus"
"P16","Chrysotoxum.cautum","Scorpiurus.muricatus"
"P16","Clanoptilus.abdominalis","Scorpiurus.muricatus"
"P16","Clytus.rhamni","Scorpiurus.muricatus"
"P16","Danacea.longiceps","Scorpiurus.muricatus"
"P16","Dasytes.nigroaeneus","Scorpiurus.muricatus"
"P16","Eumerus.argyropus","Scorpiurus.muricatus"
"P16","Gonepteryx.cleopatra","Scorpiurus.muricatus"
"P16","Halictus.fulvipes","Scorpiurus.muricatus"
"P16","Lasioglossum.albocinctum","Scorpiurus.muricatus"
"P16","Lasioglossum.bimaculatum","Scorpiurus.muricatus"
"P16","Lasioglossum.griseolum","Scorpiurus.muricatus"
"P16","Lasioglossum.malachurum","Scorpiurus.muricatus"
"P16","Lasioglossum.mediterraneum","Scorpiurus.muricatus"
"P16","Lasioglossum.subhirtum","Scorpiurus.muricatus"
"P16","Lasioglossum.transitorium","Scorpiurus.muricatus"
"P16","Lasiommata.megera","Scorpiurus.muricatus"
"P16","Lobonyx.aeneus","Scorpiurus.muricatus"
"P16","Megachile.pyrenaica","Scorpiurus.muricatus"
"P16","Meligethes.sp1","Scorpiurus.muricatus"
"P16","Merodon.funestus","Scorpiurus.muricatus"
"P16","Microhoria.plumbea","Scorpiurus.muricatus"
"P16","Mordellistena.sp1","Scorpiurus.muricatus"
"P16","Oedemera.flavipes","Scorpiurus.muricatus"
"P16","Osmia.rufohirta","Scorpiurus.muricatus"
"P16","Oxythyrea.funesta","Scorpiurus.muricatus"
"P16","Polistes.dominulus","Scorpiurus.muricatus"
"P16","Pyronia.bathseba","Scorpiurus.muricatus"
"P16","Rhodanthidium.septemdentatum","Scorpiurus.muricatus"
"P16","Rhodanthidium.sticticum","Scorpiurus.muricatus"
"P16","Scolia.hirta","Scorpiurus.muricatus"
"P16","Sphaerophoria.scripta","Scorpiurus.muricatus"
"P16","Stenurella.melanura","Scorpiurus.muricatus"
"P16","Tropinota.sp1","Scorpiurus.muricatus"
"P16","Tropinota.squalida","Scorpiurus.muricatus"
"P16","Trypoxylon.sp1","Scorpiurus.muricatus"
"P16","Adelidae.sp1","Thymus.vulgaris"
"P16","Anaspis.sp1","Thymus.vulgaris"
"P16","Andrena.angustior","Thymus.vulgaris"
"P16","Andrena.djelfensis","Thymus.vulgaris"
"P16","Andrena.limata","Thymus.vulgaris"
"P16","Andrena.nigroaenea","Thymus.vulgaris"
"P16","Andrena.nigroolivacea","Thymus.vulgaris"
"P16","Andrena.senecionis","Thymus.vulgaris"
"P16","Anthaxia.millefolii","Thymus.vulgaris"
"P16","Anthaxia.scutullaris","Thymus.vulgaris"
"P16","Anthophora.dispar","Thymus.vulgaris"
"P16","Apis.mellifera","Thymus.vulgaris"
"P16","Aplocnemus.calidus","Thymus.vulgaris"
"P16","Bombus.terrestris","Thymus.vulgaris"
"P16","Callophrys.rubi","Thymus.vulgaris"
"P16","Chrysotoxum.cautum","Thymus.vulgaris"
"P16","Clanoptilus.abdominalis","Thymus.vulgaris"
"P16","Clytus.rhamni","Thymus.vulgaris"
"P16","Danacea.longiceps","Thymus.vulgaris"
"P16","Dasytes.nigroaeneus","Thymus.vulgaris"
"P16","Eumerus.argyropus","Thymus.vulgaris"
"P16","Gonepteryx.cleopatra","Thymus.vulgaris"
"P16","Halictus.fulvipes","Thymus.vulgaris"
"P16","Lasioglossum.albocinctum","Thymus.vulgaris"
"P16","Lasioglossum.bimaculatum","Thymus.vulgaris"
"P16","Lasioglossum.griseolum","Thymus.vulgaris"
"P16","Lasioglossum.malachurum","Thymus.vulgaris"
"P16","Lasioglossum.mediterraneum","Thymus.vulgaris"
"P16","Lasioglossum.subhirtum","Thymus.vulgaris"
"P16","Lasioglossum.transitorium","Thymus.vulgaris"
"P16","Lasiommata.megera","Thymus.vulgaris"
"P16","Lobonyx.aeneus","Thymus.vulgaris"
"P16","Megachile.pyrenaica","Thymus.vulgaris"
"P16","Meligethes.sp1","Thymus.vulgaris"
"P16","Merodon.funestus","Thymus.vulgaris"
"P16","Microhoria.plumbea","Thymus.vulgaris"
"P16","Mordellistena.sp1","Thymus.vulgaris"
"P16","Oedemera.flavipes","Thymus.vulgaris"
"P16","Osmia.rufohirta","Thymus.vulgaris"
"P16","Oxythyrea.funesta","Thymus.vulgaris"
"P16","Polistes.dominulus","Thymus.vulgaris"
"P16","Pyronia.bathseba","Thymus.vulgaris"
"P16","Rhodanthidium.septemdentatum","Thymus.vulgaris"
"P16","Rhodanthidium.sticticum","Thymus.vulgaris"
"P16","Scolia.hirta","Thymus.vulgaris"
"P16","Sphaerophoria.scripta","Thymus.vulgaris"
"P16","Stenurella.melanura","Thymus.vulgaris"
"P16","Tropinota.sp1","Thymus.vulgaris"
"P16","Tropinota.squalida","Thymus.vulgaris"
"P16","Trypoxylon.sp1","Thymus.vulgaris"
"P17","Acmaeodera.cylindrica","Argyrolobium.zanonii"
"P17","Adelidae.sp1","Argyrolobium.zanonii"
"P17","Anaspis.sp1","Argyrolobium.zanonii"
"P17","Andrena.djelfensis","Argyrolobium.zanonii"
"P17","Andrena.lepida","Argyrolobium.zanonii"
"P17","Andrena.nigroaenea","Argyrolobium.zanonii"
"P17","Andrena.senecionis","Argyrolobium.zanonii"
"P17","Andrena.vulpecula","Argyrolobium.zanonii"
"P17","Anthaxia.scutullaris","Argyrolobium.zanonii"
"P17","Anthaxia.spinolae","Argyrolobium.zanonii"
"P17","Anthocharis.euphenoides","Argyrolobium.zanonii"
"P17","Anthophora.acervorum","Argyrolobium.zanonii"
"P17","Anthophora.dispar","Argyrolobium.zanonii"
"P17","Anthrenus.sp1","Argyrolobium.zanonii"
"P17","Apis.mellifera","Argyrolobium.zanonii"
"P17","Attagenus.sp1","Argyrolobium.zanonii"
"P17","Bombus.terrestris","Argyrolobium.zanonii"
"P17","Bruchus.brachialis","Argyrolobium.zanonii"
"P17","Chryptocephalus.ramburi","Argyrolobium.zanonii"
"P17","Chrysotoxum.cautum","Argyrolobium.zanonii"
"P17","Clytus.rhamni","Argyrolobium.zanonii"
"P17","Danacea.longiceps","Argyrolobium.zanonii"
"P17","Dasytes.nigroaeneus","Argyrolobium.zanonii"
"P17","Eucera.collaris","Argyrolobium.zanonii"
"P17","Eucera.taurica","Argyrolobium.zanonii"
"P17","Eumerus.argyropus","Argyrolobium.zanonii"
"P17","Gonepteryx.cleopatra","Argyrolobium.zanonii"
"P17","Halictus.gemmeus","Argyrolobium.zanonii"
"P17","Hemipenthes sp.1","Argyrolobium.zanonii"
"P17","Hylaeus.hyalinatus","Argyrolobium.zanonii"
"P17","Lasioglossum.albocinctum","Argyrolobium.zanonii"
"P17","Lasioglossum.bimaculatum","Argyrolobium.zanonii"
"P17","Lasioglossum.malachurum","Argyrolobium.zanonii"
"P17","Lasioglossum.subhirtum","Argyrolobium.zanonii"
"P17","Lasioglossum.transitorium","Argyrolobium.zanonii"
"P17","Lobonyx.aeneus","Argyrolobium.zanonii"
"P17","Meligethes.sp1","Argyrolobium.zanonii"
"P17","Merodon.funestus","Argyrolobium.zanonii"
"P17","Microhoria.plumbea","Argyrolobium.zanonii"
"P17","Mordellistena.sp1","Argyrolobium.zanonii"
"P17","Normannia.esculi","Argyrolobium.zanonii"
"P17","Oedemera.flavipes","Argyrolobium.zanonii"
"P17","Osmia.rufohirta","Argyrolobium.zanonii"
"P17","Oxythyrea.funesta","Argyrolobium.zanonii"
"P17","Polistes.dominulus","Argyrolobium.zanonii"
"P17","Protosmia.exenterata","Argyrolobium.zanonii"
"P17","Pyronia.bathseba","Argyrolobium.zanonii"
"P17","Rhodanthidium.septemdentatum","Argyrolobium.zanonii"
"P17","Rhodanthidium.sticticum","Argyrolobium.zanonii"
"P17","Stenurella.melanura","Argyrolobium.zanonii"
"P17","Tropinota.sp1","Argyrolobium.zanonii"
"P17","Tropinota.squalida","Argyrolobium.zanonii"
"P17","Trypoxylon.sp1","Argyrolobium.zanonii"
"P17","Zygaena.sp1","Argyrolobium.zanonii"
"P17","Acmaeodera.cylindrica","Centaurea.linifolia."
"P17","Adelidae.sp1","Centaurea.linifolia."
"P17","Anaspis.sp1","Centaurea.linifolia."
"P17","Andrena.djelfensis","Centaurea.linifolia."
"P17","Andrena.lepida","Centaurea.linifolia."
"P17","Andrena.nigroaenea","Centaurea.linifolia."
"P17","Andrena.senecionis","Centaurea.linifolia."
"P17","Andrena.vulpecula","Centaurea.linifolia."
"P17","Anthaxia.scutullaris","Centaurea.linifolia."
"P17","Anthaxia.spinolae","Centaurea.linifolia."
"P17","Anthocharis.euphenoides","Centaurea.linifolia."
"P17","Anthophora.acervorum","Centaurea.linifolia."
"P17","Anthophora.dispar","Centaurea.linifolia."
"P17","Anthrenus.sp1","Centaurea.linifolia."
"P17","Apis.mellifera","Centaurea.linifolia."
"P17","Attagenus.sp1","Centaurea.linifolia."
"P17","Bombus.terrestris","Centaurea.linifolia."
"P17","Bruchus.brachialis","Centaurea.linifolia."
"P17","Chryptocephalus.ramburi","Centaurea.linifolia."
"P17","Chrysotoxum.cautum","Centaurea.linifolia."
"P17","Clytus.rhamni","Centaurea.linifolia."
"P17","Danacea.longiceps","Centaurea.linifolia."
"P17","Dasytes.nigroaeneus","Centaurea.linifolia."
"P17","Eucera.collaris","Centaurea.linifolia."
"P17","Eucera.taurica","Centaurea.linifolia."
"P17","Eumerus.argyropus","Centaurea.linifolia."
"P17","Gonepteryx.cleopatra","Centaurea.linifolia."
"P17","Halictus.gemmeus","Centaurea.linifolia."
"P17","Hemipenthes sp.1","Centaurea.linifolia."
"P17","Hylaeus.hyalinatus","Centaurea.linifolia."
"P17","Lasioglossum.albocinctum","Centaurea.linifolia."
"P17","Lasioglossum.bimaculatum","Centaurea.linifolia."
"P17","Lasioglossum.malachurum","Centaurea.linifolia."
"P17","Lasioglossum.subhirtum","Centaurea.linifolia."
"P17","Lasioglossum.transitorium","Centaurea.linifolia."
"P17","Lobonyx.aeneus","Centaurea.linifolia."
"P17","Meligethes.sp1","Centaurea.linifolia."
"P17","Merodon.funestus","Centaurea.linifolia."
"P17","Microhoria.plumbea","Centaurea.linifolia."
"P17","Mordellistena.sp1","Centaurea.linifolia."
"P17","Normannia.esculi","Centaurea.linifolia."
"P17","Oedemera.flavipes","Centaurea.linifolia."
"P17","Osmia.rufohirta","Centaurea.linifolia."
"P17","Oxythyrea.funesta","Centaurea.linifolia."
"P17","Polistes.dominulus","Centaurea.linifolia."
"P17","Protosmia.exenterata","Centaurea.linifolia."
"P17","Pyronia.bathseba","Centaurea.linifolia."
"P17","Rhodanthidium.septemdentatum","Centaurea.linifolia."
"P17","Rhodanthidium.sticticum","Centaurea.linifolia."
"P17","Stenurella.melanura","Centaurea.linifolia."
"P17","Tropinota.sp1","Centaurea.linifolia."
"P17","Tropinota.squalida","Centaurea.linifolia."
"P17","Trypoxylon.sp1","Centaurea.linifolia."
"P17","Zygaena.sp1","Centaurea.linifolia."
"P17","Acmaeodera.cylindrica","Centaurea.montana.ssp..semidecurrens"
"P17","Adelidae.sp1","Centaurea.montana.ssp..semidecurrens"
"P17","Anaspis.sp1","Centaurea.montana.ssp..semidecurrens"
"P17","Andrena.djelfensis","Centaurea.montana.ssp..semidecurrens"
"P17","Andrena.lepida","Centaurea.montana.ssp..semidecurrens"
"P17","Andrena.nigroaenea","Centaurea.montana.ssp..semidecurrens"
"P17","Andrena.senecionis","Centaurea.montana.ssp..semidecurrens"
"P17","Andrena.vulpecula","Centaurea.montana.ssp..semidecurrens"
"P17","Anthaxia.scutullaris","Centaurea.montana.ssp..semidecurrens"
"P17","Anthaxia.spinolae","Centaurea.montana.ssp..semidecurrens"
"P17","Anthocharis.euphenoides","Centaurea.montana.ssp..semidecurrens"
"P17","Anthophora.acervorum","Centaurea.montana.ssp..semidecurrens"
"P17","Anthophora.dispar","Centaurea.montana.ssp..semidecurrens"
"P17","Anthrenus.sp1","Centaurea.montana.ssp..semidecurrens"
"P17","Apis.mellifera","Centaurea.montana.ssp..semidecurrens"
"P17","Attagenus.sp1","Centaurea.montana.ssp..semidecurrens"
"P17","Bombus.terrestris","Centaurea.montana.ssp..semidecurrens"
"P17","Bruchus.brachialis","Centaurea.montana.ssp..semidecurrens"
"P17","Chryptocephalus.ramburi","Centaurea.montana.ssp..semidecurrens"
"P17","Chrysotoxum.cautum","Centaurea.montana.ssp..semidecurrens"
"P17","Clytus.rhamni","Centaurea.montana.ssp..semidecurrens"
"P17","Danacea.longiceps","Centaurea.montana.ssp..semidecurrens"
"P17","Dasytes.nigroaeneus","Centaurea.montana.ssp..semidecurrens"
"P17","Eucera.collaris","Centaurea.montana.ssp..semidecurrens"
"P17","Eucera.taurica","Centaurea.montana.ssp..semidecurrens"
"P17","Eumerus.argyropus","Centaurea.montana.ssp..semidecurrens"
"P17","Gonepteryx.cleopatra","Centaurea.montana.ssp..semidecurrens"
"P17","Halictus.gemmeus","Centaurea.montana.ssp..semidecurrens"
"P17","Hemipenthes sp.1","Centaurea.montana.ssp..semidecurrens"
"P17","Hylaeus.hyalinatus","Centaurea.montana.ssp..semidecurrens"
"P17","Lasioglossum.albocinctum","Centaurea.montana.ssp..semidecurrens"
"P17","Lasioglossum.bimaculatum","Centaurea.montana.ssp..semidecurrens"
"P17","Lasioglossum.malachurum","Centaurea.montana.ssp..semidecurrens"
"P17","Lasioglossum.subhirtum","Centaurea.montana.ssp..semidecurrens"
"P17","Lasioglossum.transitorium","Centaurea.montana.ssp..semidecurrens"
"P17","Lobonyx.aeneus","Centaurea.montana.ssp..semidecurrens"
"P17","Meligethes.sp1","Centaurea.montana.ssp..semidecurrens"
"P17","Merodon.funestus","Centaurea.montana.ssp..semidecurrens"
"P17","Microhoria.plumbea","Centaurea.montana.ssp..semidecurrens"
"P17","Mordellistena.sp1","Centaurea.montana.ssp..semidecurrens"
"P17","Normannia.esculi","Centaurea.montana.ssp..semidecurrens"
"P17","Oedemera.flavipes","Centaurea.montana.ssp..semidecurrens"
"P17","Osmia.rufohirta","Centaurea.montana.ssp..semidecurrens"
"P17","Oxythyrea.funesta","Centaurea.montana.ssp..semidecurrens"
"P17","Polistes.dominulus","Centaurea.montana.ssp..semidecurrens"
"P17","Protosmia.exenterata","Centaurea.montana.ssp..semidecurrens"
"P17","Pyronia.bathseba","Centaurea.montana.ssp..semidecurrens"
"P17","Rhodanthidium.septemdentatum","Centaurea.montana.ssp..semidecurrens"
"P17","Rhodanthidium.sticticum","Centaurea.montana.ssp..semidecurrens"
"P17","Stenurella.melanura","Centaurea.montana.ssp..semidecurrens"
"P17","Tropinota.sp1","Centaurea.montana.ssp..semidecurrens"
"P17","Tropinota.squalida","Centaurea.montana.ssp..semidecurrens"
"P17","Trypoxylon.sp1","Centaurea.montana.ssp..semidecurrens"
"P17","Zygaena.sp1","Centaurea.montana.ssp..semidecurrens"
"P17","Acmaeodera.cylindrica","Dorycnium.pentaphyllum"
"P17","Adelidae.sp1","Dorycnium.pentaphyllum"
"P17","Anaspis.sp1","Dorycnium.pentaphyllum"
"P17","Andrena.djelfensis","Dorycnium.pentaphyllum"
"P17","Andrena.lepida","Dorycnium.pentaphyllum"
"P17","Andrena.nigroaenea","Dorycnium.pentaphyllum"
"P17","Andrena.senecionis","Dorycnium.pentaphyllum"
"P17","Andrena.vulpecula","Dorycnium.pentaphyllum"
"P17","Anthaxia.scutullaris","Dorycnium.pentaphyllum"
"P17","Anthaxia.spinolae","Dorycnium.pentaphyllum"
"P17","Anthocharis.euphenoides","Dorycnium.pentaphyllum"
"P17","Anthophora.acervorum","Dorycnium.pentaphyllum"
"P17","Anthophora.dispar","Dorycnium.pentaphyllum"
"P17","Anthrenus.sp1","Dorycnium.pentaphyllum"
"P17","Apis.mellifera","Dorycnium.pentaphyllum"
"P17","Attagenus.sp1","Dorycnium.pentaphyllum"
"P17","Bombus.terrestris","Dorycnium.pentaphyllum"
"P17","Bruchus.brachialis","Dorycnium.pentaphyllum"
"P17","Chryptocephalus.ramburi","Dorycnium.pentaphyllum"
"P17","Chrysotoxum.cautum","Dorycnium.pentaphyllum"
"P17","Clytus.rhamni","Dorycnium.pentaphyllum"
"P17","Danacea.longiceps","Dorycnium.pentaphyllum"
"P17","Dasytes.nigroaeneus","Dorycnium.pentaphyllum"
"P17","Eucera.collaris","Dorycnium.pentaphyllum"
"P17","Eucera.taurica","Dorycnium.pentaphyllum"
"P17","Eumerus.argyropus","Dorycnium.pentaphyllum"
"P17","Gonepteryx.cleopatra","Dorycnium.pentaphyllum"
"P17","Halictus.gemmeus","Dorycnium.pentaphyllum"
"P17","Hemipenthes sp.1","Dorycnium.pentaphyllum"
"P17","Hylaeus.hyalinatus","Dorycnium.pentaphyllum"
"P17","Lasioglossum.albocinctum","Dorycnium.pentaphyllum"
"P17","Lasioglossum.bimaculatum","Dorycnium.pentaphyllum"
"P17","Lasioglossum.malachurum","Dorycnium.pentaphyllum"
"P17","Lasioglossum.subhirtum","Dorycnium.pentaphyllum"
"P17","Lasioglossum.transitorium","Dorycnium.pentaphyllum"
"P17","Lobonyx.aeneus","Dorycnium.pentaphyllum"
"P17","Meligethes.sp1","Dorycnium.pentaphyllum"
"P17","Merodon.funestus","Dorycnium.pentaphyllum"
"P17","Microhoria.plumbea","Dorycnium.pentaphyllum"
"P17","Mordellistena.sp1","Dorycnium.pentaphyllum"
"P17","Normannia.esculi","Dorycnium.pentaphyllum"
"P17","Oedemera.flavipes","Dorycnium.pentaphyllum"
"P17","Osmia.rufohirta","Dorycnium.pentaphyllum"
"P17","Oxythyrea.funesta","Dorycnium.pentaphyllum"
"P17","Polistes.dominulus","Dorycnium.pentaphyllum"
"P17","Protosmia.exenterata","Dorycnium.pentaphyllum"
"P17","Pyronia.bathseba","Dorycnium.pentaphyllum"
"P17","Rhodanthidium.septemdentatum","Dorycnium.pentaphyllum"
"P17","Rhodanthidium.sticticum","Dorycnium.pentaphyllum"
"P17","Stenurella.melanura","Dorycnium.pentaphyllum"
"P17","Tropinota.sp1","Dorycnium.pentaphyllum"
"P17","Tropinota.squalida","Dorycnium.pentaphyllum"
"P17","Trypoxylon.sp1","Dorycnium.pentaphyllum"
"P17","Zygaena.sp1","Dorycnium.pentaphyllum"
"P17","Acmaeodera.cylindrica","Erica.multiflora"
"P17","Adelidae.sp1","Erica.multiflora"
"P17","Anaspis.sp1","Erica.multiflora"
"P17","Andrena.djelfensis","Erica.multiflora"
"P17","Andrena.lepida","Erica.multiflora"
"P17","Andrena.nigroaenea","Erica.multiflora"
"P17","Andrena.senecionis","Erica.multiflora"
"P17","Andrena.vulpecula","Erica.multiflora"
"P17","Anthaxia.scutullaris","Erica.multiflora"
"P17","Anthaxia.spinolae","Erica.multiflora"
"P17","Anthocharis.euphenoides","Erica.multiflora"
"P17","Anthophora.acervorum","Erica.multiflora"
"P17","Anthophora.dispar","Erica.multiflora"
"P17","Anthrenus.sp1","Erica.multiflora"
"P17","Apis.mellifera","Erica.multiflora"
"P17","Attagenus.sp1","Erica.multiflora"
"P17","Bombus.terrestris","Erica.multiflora"
"P17","Bruchus.brachialis","Erica.multiflora"
"P17","Chryptocephalus.ramburi","Erica.multiflora"
"P17","Chrysotoxum.cautum","Erica.multiflora"
"P17","Clytus.rhamni","Erica.multiflora"
"P17","Danacea.longiceps","Erica.multiflora"
"P17","Dasytes.nigroaeneus","Erica.multiflora"
"P17","Eucera.collaris","Erica.multiflora"
"P17","Eucera.taurica","Erica.multiflora"
"P17","Eumerus.argyropus","Erica.multiflora"
"P17","Gonepteryx.cleopatra","Erica.multiflora"
"P17","Halictus.gemmeus","Erica.multiflora"
"P17","Hemipenthes sp.1","Erica.multiflora"
"P17","Hylaeus.hyalinatus","Erica.multiflora"
"P17","Lasioglossum.albocinctum","Erica.multiflora"
"P17","Lasioglossum.bimaculatum","Erica.multiflora"
"P17","Lasioglossum.malachurum","Erica.multiflora"
"P17","Lasioglossum.subhirtum","Erica.multiflora"
"P17","Lasioglossum.transitorium","Erica.multiflora"
"P17","Lobonyx.aeneus","Erica.multiflora"
"P17","Meligethes.sp1","Erica.multiflora"
"P17","Merodon.funestus","Erica.multiflora"
"P17","Microhoria.plumbea","Erica.multiflora"
"P17","Mordellistena.sp1","Erica.multiflora"
"P17","Normannia.esculi","Erica.multiflora"
"P17","Oedemera.flavipes","Erica.multiflora"
"P17","Osmia.rufohirta","Erica.multiflora"
"P17","Oxythyrea.funesta","Erica.multiflora"
"P17","Polistes.dominulus","Erica.multiflora"
"P17","Protosmia.exenterata","Erica.multiflora"
"P17","Pyronia.bathseba","Erica.multiflora"
"P17","Rhodanthidium.septemdentatum","Erica.multiflora"
"P17","Rhodanthidium.sticticum","Erica.multiflora"
"P17","Stenurella.melanura","Erica.multiflora"
"P17","Tropinota.sp1","Erica.multiflora"
"P17","Tropinota.squalida","Erica.multiflora"
"P17","Trypoxylon.sp1","Erica.multiflora"
"P17","Zygaena.sp1","Erica.multiflora"
"P17","Acmaeodera.cylindrica","Euphorbia.characias"
"P17","Adelidae.sp1","Euphorbia.characias"
"P17","Anaspis.sp1","Euphorbia.characias"
"P17","Andrena.djelfensis","Euphorbia.characias"
"P17","Andrena.lepida","Euphorbia.characias"
"P17","Andrena.nigroaenea","Euphorbia.characias"
"P17","Andrena.senecionis","Euphorbia.characias"
"P17","Andrena.vulpecula","Euphorbia.characias"
"P17","Anthaxia.scutullaris","Euphorbia.characias"
"P17","Anthaxia.spinolae","Euphorbia.characias"
"P17","Anthocharis.euphenoides","Euphorbia.characias"
"P17","Anthophora.acervorum","Euphorbia.characias"
"P17","Anthophora.dispar","Euphorbia.characias"
"P17","Anthrenus.sp1","Euphorbia.characias"
"P17","Apis.mellifera","Euphorbia.characias"
"P17","Attagenus.sp1","Euphorbia.characias"
"P17","Bombus.terrestris","Euphorbia.characias"
"P17","Bruchus.brachialis","Euphorbia.characias"
"P17","Chryptocephalus.ramburi","Euphorbia.characias"
"P17","Chrysotoxum.cautum","Euphorbia.characias"
"P17","Clytus.rhamni","Euphorbia.characias"
"P17","Danacea.longiceps","Euphorbia.characias"
"P17","Dasytes.nigroaeneus","Euphorbia.characias"
"P17","Eucera.collaris","Euphorbia.characias"
"P17","Eucera.taurica","Euphorbia.characias"
"P17","Eumerus.argyropus","Euphorbia.characias"
"P17","Gonepteryx.cleopatra","Euphorbia.characias"
"P17","Halictus.gemmeus","Euphorbia.characias"
"P17","Hemipenthes sp.1","Euphorbia.characias"
"P17","Hylaeus.hyalinatus","Euphorbia.characias"
"P17","Lasioglossum.albocinctum","Euphorbia.characias"
"P17","Lasioglossum.bimaculatum","Euphorbia.characias"
"P17","Lasioglossum.malachurum","Euphorbia.characias"
"P17","Lasioglossum.subhirtum","Euphorbia.characias"
"P17","Lasioglossum.transitorium","Euphorbia.characias"
"P17","Lobonyx.aeneus","Euphorbia.characias"
"P17","Meligethes.sp1","Euphorbia.characias"
"P17","Merodon.funestus","Euphorbia.characias"
"P17","Microhoria.plumbea","Euphorbia.characias"
"P17","Mordellistena.sp1","Euphorbia.characias"
"P17","Normannia.esculi","Euphorbia.characias"
"P17","Oedemera.flavipes","Euphorbia.characias"
"P17","Osmia.rufohirta","Euphorbia.characias"
"P17","Oxythyrea.funesta","Euphorbia.characias"
"P17","Polistes.dominulus","Euphorbia.characias"
"P17","Protosmia.exenterata","Euphorbia.characias"
"P17","Pyronia.bathseba","Euphorbia.characias"
"P17","Rhodanthidium.septemdentatum","Euphorbia.characias"
"P17","Rhodanthidium.sticticum","Euphorbia.characias"
"P17","Stenurella.melanura","Euphorbia.characias"
"P17","Tropinota.sp1","Euphorbia.characias"
"P17","Tropinota.squalida","Euphorbia.characias"
"P17","Trypoxylon.sp1","Euphorbia.characias"
"P17","Zygaena.sp1","Euphorbia.characias"
"P17","Acmaeodera.cylindrica","Euphorbia.flavicoma"
"P17","Adelidae.sp1","Euphorbia.flavicoma"
"P17","Anaspis.sp1","Euphorbia.flavicoma"
"P17","Andrena.djelfensis","Euphorbia.flavicoma"
"P17","Andrena.lepida","Euphorbia.flavicoma"
"P17","Andrena.nigroaenea","Euphorbia.flavicoma"
"P17","Andrena.senecionis","Euphorbia.flavicoma"
"P17","Andrena.vulpecula","Euphorbia.flavicoma"
"P17","Anthaxia.scutullaris","Euphorbia.flavicoma"
"P17","Anthaxia.spinolae","Euphorbia.flavicoma"
"P17","Anthocharis.euphenoides","Euphorbia.flavicoma"
"P17","Anthophora.acervorum","Euphorbia.flavicoma"
"P17","Anthophora.dispar","Euphorbia.flavicoma"
"P17","Anthrenus.sp1","Euphorbia.flavicoma"
"P17","Apis.mellifera","Euphorbia.flavicoma"
"P17","Attagenus.sp1","Euphorbia.flavicoma"
"P17","Bombus.terrestris","Euphorbia.flavicoma"
"P17","Bruchus.brachialis","Euphorbia.flavicoma"
"P17","Chryptocephalus.ramburi","Euphorbia.flavicoma"
"P17","Chrysotoxum.cautum","Euphorbia.flavicoma"
"P17","Clytus.rhamni","Euphorbia.flavicoma"
"P17","Danacea.longiceps","Euphorbia.flavicoma"
"P17","Dasytes.nigroaeneus","Euphorbia.flavicoma"
"P17","Eucera.collaris","Euphorbia.flavicoma"
"P17","Eucera.taurica","Euphorbia.flavicoma"
"P17","Eumerus.argyropus","Euphorbia.flavicoma"
"P17","Gonepteryx.cleopatra","Euphorbia.flavicoma"
"P17","Halictus.gemmeus","Euphorbia.flavicoma"
"P17","Hemipenthes sp.1","Euphorbia.flavicoma"
"P17","Hylaeus.hyalinatus","Euphorbia.flavicoma"
"P17","Lasioglossum.albocinctum","Euphorbia.flavicoma"
"P17","Lasioglossum.bimaculatum","Euphorbia.flavicoma"
"P17","Lasioglossum.malachurum","Euphorbia.flavicoma"
"P17","Lasioglossum.subhirtum","Euphorbia.flavicoma"
"P17","Lasioglossum.transitorium","Euphorbia.flavicoma"
"P17","Lobonyx.aeneus","Euphorbia.flavicoma"
"P17","Meligethes.sp1","Euphorbia.flavicoma"
"P17","Merodon.funestus","Euphorbia.flavicoma"
"P17","Microhoria.plumbea","Euphorbia.flavicoma"
"P17","Mordellistena.sp1","Euphorbia.flavicoma"
"P17","Normannia.esculi","Euphorbia.flavicoma"
"P17","Oedemera.flavipes","Euphorbia.flavicoma"
"P17","Osmia.rufohirta","Euphorbia.flavicoma"
"P17","Oxythyrea.funesta","Euphorbia.flavicoma"
"P17","Polistes.dominulus","Euphorbia.flavicoma"
"P17","Protosmia.exenterata","Euphorbia.flavicoma"
"P17","Pyronia.bathseba","Euphorbia.flavicoma"
"P17","Rhodanthidium.septemdentatum","Euphorbia.flavicoma"
"P17","Rhodanthidium.sticticum","Euphorbia.flavicoma"
"P17","Stenurella.melanura","Euphorbia.flavicoma"
"P17","Tropinota.sp1","Euphorbia.flavicoma"
"P17","Tropinota.squalida","Euphorbia.flavicoma"
"P17","Trypoxylon.sp1","Euphorbia.flavicoma"
"P17","Zygaena.sp1","Euphorbia.flavicoma"
"P17","Acmaeodera.cylindrica","Fumana.ericifolia"
"P17","Adelidae.sp1","Fumana.ericifolia"
"P17","Anaspis.sp1","Fumana.ericifolia"
"P17","Andrena.djelfensis","Fumana.ericifolia"
"P17","Andrena.lepida","Fumana.ericifolia"
"P17","Andrena.nigroaenea","Fumana.ericifolia"
"P17","Andrena.senecionis","Fumana.ericifolia"
"P17","Andrena.vulpecula","Fumana.ericifolia"
"P17","Anthaxia.scutullaris","Fumana.ericifolia"
"P17","Anthaxia.spinolae","Fumana.ericifolia"
"P17","Anthocharis.euphenoides","Fumana.ericifolia"
"P17","Anthophora.acervorum","Fumana.ericifolia"
"P17","Anthophora.dispar","Fumana.ericifolia"
"P17","Anthrenus.sp1","Fumana.ericifolia"
"P17","Apis.mellifera","Fumana.ericifolia"
"P17","Attagenus.sp1","Fumana.ericifolia"
"P17","Bombus.terrestris","Fumana.ericifolia"
"P17","Bruchus.brachialis","Fumana.ericifolia"
"P17","Chryptocephalus.ramburi","Fumana.ericifolia"
"P17","Chrysotoxum.cautum","Fumana.ericifolia"
"P17","Clytus.rhamni","Fumana.ericifolia"
"P17","Danacea.longiceps","Fumana.ericifolia"
"P17","Dasytes.nigroaeneus","Fumana.ericifolia"
"P17","Eucera.collaris","Fumana.ericifolia"
"P17","Eucera.taurica","Fumana.ericifolia"
"P17","Eumerus.argyropus","Fumana.ericifolia"
"P17","Gonepteryx.cleopatra","Fumana.ericifolia"
"P17","Halictus.gemmeus","Fumana.ericifolia"
"P17","Hemipenthes sp.1","Fumana.ericifolia"
"P17","Hylaeus.hyalinatus","Fumana.ericifolia"
"P17","Lasioglossum.albocinctum","Fumana.ericifolia"
"P17","Lasioglossum.bimaculatum","Fumana.ericifolia"
"P17","Lasioglossum.malachurum","Fumana.ericifolia"
"P17","Lasioglossum.subhirtum","Fumana.ericifolia"
"P17","Lasioglossum.transitorium","Fumana.ericifolia"
"P17","Lobonyx.aeneus","Fumana.ericifolia"
"P17","Meligethes.sp1","Fumana.ericifolia"
"P17","Merodon.funestus","Fumana.ericifolia"
"P17","Microhoria.plumbea","Fumana.ericifolia"
"P17","Mordellistena.sp1","Fumana.ericifolia"
"P17","Normannia.esculi","Fumana.ericifolia"
"P17","Oedemera.flavipes","Fumana.ericifolia"
"P17","Osmia.rufohirta","Fumana.ericifolia"
"P17","Oxythyrea.funesta","Fumana.ericifolia"
"P17","Polistes.dominulus","Fumana.ericifolia"
"P17","Protosmia.exenterata","Fumana.ericifolia"
"P17","Pyronia.bathseba","Fumana.ericifolia"
"P17","Rhodanthidium.septemdentatum","Fumana.ericifolia"
"P17","Rhodanthidium.sticticum","Fumana.ericifolia"
"P17","Stenurella.melanura","Fumana.ericifolia"
"P17","Tropinota.sp1","Fumana.ericifolia"
"P17","Tropinota.squalida","Fumana.ericifolia"
"P17","Trypoxylon.sp1","Fumana.ericifolia"
"P17","Zygaena.sp1","Fumana.ericifolia"
"P17","Acmaeodera.cylindrica","Fumana.laevipes"
"P17","Adelidae.sp1","Fumana.laevipes"
"P17","Anaspis.sp1","Fumana.laevipes"
"P17","Andrena.djelfensis","Fumana.laevipes"
"P17","Andrena.lepida","Fumana.laevipes"
"P17","Andrena.nigroaenea","Fumana.laevipes"
"P17","Andrena.senecionis","Fumana.laevipes"
"P17","Andrena.vulpecula","Fumana.laevipes"
"P17","Anthaxia.scutullaris","Fumana.laevipes"
"P17","Anthaxia.spinolae","Fumana.laevipes"
"P17","Anthocharis.euphenoides","Fumana.laevipes"
"P17","Anthophora.acervorum","Fumana.laevipes"
"P17","Anthophora.dispar","Fumana.laevipes"
"P17","Anthrenus.sp1","Fumana.laevipes"
"P17","Apis.mellifera","Fumana.laevipes"
"P17","Attagenus.sp1","Fumana.laevipes"
"P17","Bombus.terrestris","Fumana.laevipes"
"P17","Bruchus.brachialis","Fumana.laevipes"
"P17","Chryptocephalus.ramburi","Fumana.laevipes"
"P17","Chrysotoxum.cautum","Fumana.laevipes"
"P17","Clytus.rhamni","Fumana.laevipes"
"P17","Danacea.longiceps","Fumana.laevipes"
"P17","Dasytes.nigroaeneus","Fumana.laevipes"
"P17","Eucera.collaris","Fumana.laevipes"
"P17","Eucera.taurica","Fumana.laevipes"
"P17","Eumerus.argyropus","Fumana.laevipes"
"P17","Gonepteryx.cleopatra","Fumana.laevipes"
"P17","Halictus.gemmeus","Fumana.laevipes"
"P17","Hemipenthes sp.1","Fumana.laevipes"
"P17","Hylaeus.hyalinatus","Fumana.laevipes"
"P17","Lasioglossum.albocinctum","Fumana.laevipes"
"P17","Lasioglossum.bimaculatum","Fumana.laevipes"
"P17","Lasioglossum.malachurum","Fumana.laevipes"
"P17","Lasioglossum.subhirtum","Fumana.laevipes"
"P17","Lasioglossum.transitorium","Fumana.laevipes"
"P17","Lobonyx.aeneus","Fumana.laevipes"
"P17","Meligethes.sp1","Fumana.laevipes"
"P17","Merodon.funestus","Fumana.laevipes"
"P17","Microhoria.plumbea","Fumana.laevipes"
"P17","Mordellistena.sp1","Fumana.laevipes"
"P17","Normannia.esculi","Fumana.laevipes"
"P17","Oedemera.flavipes","Fumana.laevipes"
"P17","Osmia.rufohirta","Fumana.laevipes"
"P17","Oxythyrea.funesta","Fumana.laevipes"
"P17","Polistes.dominulus","Fumana.laevipes"
"P17","Protosmia.exenterata","Fumana.laevipes"
"P17","Pyronia.bathseba","Fumana.laevipes"
"P17","Rhodanthidium.septemdentatum","Fumana.laevipes"
"P17","Rhodanthidium.sticticum","Fumana.laevipes"
"P17","Stenurella.melanura","Fumana.laevipes"
"P17","Tropinota.sp1","Fumana.laevipes"
"P17","Tropinota.squalida","Fumana.laevipes"
"P17","Trypoxylon.sp1","Fumana.laevipes"
"P17","Zygaena.sp1","Fumana.laevipes"
"P17","Acmaeodera.cylindrica","Fumana.laevis"
"P17","Adelidae.sp1","Fumana.laevis"
"P17","Anaspis.sp1","Fumana.laevis"
"P17","Andrena.djelfensis","Fumana.laevis"
"P17","Andrena.lepida","Fumana.laevis"
"P17","Andrena.nigroaenea","Fumana.laevis"
"P17","Andrena.senecionis","Fumana.laevis"
"P17","Andrena.vulpecula","Fumana.laevis"
"P17","Anthaxia.scutullaris","Fumana.laevis"
"P17","Anthaxia.spinolae","Fumana.laevis"
"P17","Anthocharis.euphenoides","Fumana.laevis"
"P17","Anthophora.acervorum","Fumana.laevis"
"P17","Anthophora.dispar","Fumana.laevis"
"P17","Anthrenus.sp1","Fumana.laevis"
"P17","Apis.mellifera","Fumana.laevis"
"P17","Attagenus.sp1","Fumana.laevis"
"P17","Bombus.terrestris","Fumana.laevis"
"P17","Bruchus.brachialis","Fumana.laevis"
"P17","Chryptocephalus.ramburi","Fumana.laevis"
"P17","Chrysotoxum.cautum","Fumana.laevis"
"P17","Clytus.rhamni","Fumana.laevis"
"P17","Danacea.longiceps","Fumana.laevis"
"P17","Dasytes.nigroaeneus","Fumana.laevis"
"P17","Eucera.collaris","Fumana.laevis"
"P17","Eucera.taurica","Fumana.laevis"
"P17","Eumerus.argyropus","Fumana.laevis"
"P17","Gonepteryx.cleopatra","Fumana.laevis"
"P17","Halictus.gemmeus","Fumana.laevis"
"P17","Hemipenthes sp.1","Fumana.laevis"
"P17","Hylaeus.hyalinatus","Fumana.laevis"
"P17","Lasioglossum.albocinctum","Fumana.laevis"
"P17","Lasioglossum.bimaculatum","Fumana.laevis"
"P17","Lasioglossum.malachurum","Fumana.laevis"
"P17","Lasioglossum.subhirtum","Fumana.laevis"
"P17","Lasioglossum.transitorium","Fumana.laevis"
"P17","Lobonyx.aeneus","Fumana.laevis"
"P17","Meligethes.sp1","Fumana.laevis"
"P17","Merodon.funestus","Fumana.laevis"
"P17","Microhoria.plumbea","Fumana.laevis"
"P17","Mordellistena.sp1","Fumana.laevis"
"P17","Normannia.esculi","Fumana.laevis"
"P17","Oedemera.flavipes","Fumana.laevis"
"P17","Osmia.rufohirta","Fumana.laevis"
"P17","Oxythyrea.funesta","Fumana.laevis"
"P17","Polistes.dominulus","Fumana.laevis"
"P17","Protosmia.exenterata","Fumana.laevis"
"P17","Pyronia.bathseba","Fumana.laevis"
"P17","Rhodanthidium.septemdentatum","Fumana.laevis"
"P17","Rhodanthidium.sticticum","Fumana.laevis"
"P17","Stenurella.melanura","Fumana.laevis"
"P17","Tropinota.sp1","Fumana.laevis"
"P17","Tropinota.squalida","Fumana.laevis"
"P17","Trypoxylon.sp1","Fumana.laevis"
"P17","Zygaena.sp1","Fumana.laevis"
"P17","Acmaeodera.cylindrica","Helianthemum.oelandicum.spp.italicum"
"P17","Adelidae.sp1","Helianthemum.oelandicum.spp.italicum"
"P17","Anaspis.sp1","Helianthemum.oelandicum.spp.italicum"
"P17","Andrena.djelfensis","Helianthemum.oelandicum.spp.italicum"
"P17","Andrena.lepida","Helianthemum.oelandicum.spp.italicum"
"P17","Andrena.nigroaenea","Helianthemum.oelandicum.spp.italicum"
"P17","Andrena.senecionis","Helianthemum.oelandicum.spp.italicum"
"P17","Andrena.vulpecula","Helianthemum.oelandicum.spp.italicum"
"P17","Anthaxia.scutullaris","Helianthemum.oelandicum.spp.italicum"
"P17","Anthaxia.spinolae","Helianthemum.oelandicum.spp.italicum"
"P17","Anthocharis.euphenoides","Helianthemum.oelandicum.spp.italicum"
"P17","Anthophora.acervorum","Helianthemum.oelandicum.spp.italicum"
"P17","Anthophora.dispar","Helianthemum.oelandicum.spp.italicum"
"P17","Anthrenus.sp1","Helianthemum.oelandicum.spp.italicum"
"P17","Apis.mellifera","Helianthemum.oelandicum.spp.italicum"
"P17","Attagenus.sp1","Helianthemum.oelandicum.spp.italicum"
"P17","Bombus.terrestris","Helianthemum.oelandicum.spp.italicum"
"P17","Bruchus.brachialis","Helianthemum.oelandicum.spp.italicum"
"P17","Chryptocephalus.ramburi","Helianthemum.oelandicum.spp.italicum"
"P17","Chrysotoxum.cautum","Helianthemum.oelandicum.spp.italicum"
"P17","Clytus.rhamni","Helianthemum.oelandicum.spp.italicum"
"P17","Danacea.longiceps","Helianthemum.oelandicum.spp.italicum"
"P17","Dasytes.nigroaeneus","Helianthemum.oelandicum.spp.italicum"
"P17","Eucera.collaris","Helianthemum.oelandicum.spp.italicum"
"P17","Eucera.taurica","Helianthemum.oelandicum.spp.italicum"
"P17","Eumerus.argyropus","Helianthemum.oelandicum.spp.italicum"
"P17","Gonepteryx.cleopatra","Helianthemum.oelandicum.spp.italicum"
"P17","Halictus.gemmeus","Helianthemum.oelandicum.spp.italicum"
"P17","Hemipenthes sp.1","Helianthemum.oelandicum.spp.italicum"
"P17","Hylaeus.hyalinatus","Helianthemum.oelandicum.spp.italicum"
"P17","Lasioglossum.albocinctum","Helianthemum.oelandicum.spp.italicum"
"P17","Lasioglossum.bimaculatum","Helianthemum.oelandicum.spp.italicum"
"P17","Lasioglossum.malachurum","Helianthemum.oelandicum.spp.italicum"
"P17","Lasioglossum.subhirtum","Helianthemum.oelandicum.spp.italicum"
"P17","Lasioglossum.transitorium","Helianthemum.oelandicum.spp.italicum"
"P17","Lobonyx.aeneus","Helianthemum.oelandicum.spp.italicum"
"P17","Meligethes.sp1","Helianthemum.oelandicum.spp.italicum"
"P17","Merodon.funestus","Helianthemum.oelandicum.spp.italicum"
"P17","Microhoria.plumbea","Helianthemum.oelandicum.spp.italicum"
"P17","Mordellistena.sp1","Helianthemum.oelandicum.spp.italicum"
"P17","Normannia.esculi","Helianthemum.oelandicum.spp.italicum"
"P17","Oedemera.flavipes","Helianthemum.oelandicum.spp.italicum"
"P17","Osmia.rufohirta","Helianthemum.oelandicum.spp.italicum"
"P17","Oxythyrea.funesta","Helianthemum.oelandicum.spp.italicum"
"P17","Polistes.dominulus","Helianthemum.oelandicum.spp.italicum"
"P17","Protosmia.exenterata","Helianthemum.oelandicum.spp.italicum"
"P17","Pyronia.bathseba","Helianthemum.oelandicum.spp.italicum"
"P17","Rhodanthidium.septemdentatum","Helianthemum.oelandicum.spp.italicum"
"P17","Rhodanthidium.sticticum","Helianthemum.oelandicum.spp.italicum"
"P17","Stenurella.melanura","Helianthemum.oelandicum.spp.italicum"
"P17","Tropinota.sp1","Helianthemum.oelandicum.spp.italicum"
"P17","Tropinota.squalida","Helianthemum.oelandicum.spp.italicum"
"P17","Trypoxylon.sp1","Helianthemum.oelandicum.spp.italicum"
"P17","Zygaena.sp1","Helianthemum.oelandicum.spp.italicum"
"P17","Acmaeodera.cylindrica","Helichrysum.stoechas"
"P17","Adelidae.sp1","Helichrysum.stoechas"
"P17","Anaspis.sp1","Helichrysum.stoechas"
"P17","Andrena.djelfensis","Helichrysum.stoechas"
"P17","Andrena.lepida","Helichrysum.stoechas"
"P17","Andrena.nigroaenea","Helichrysum.stoechas"
"P17","Andrena.senecionis","Helichrysum.stoechas"
"P17","Andrena.vulpecula","Helichrysum.stoechas"
"P17","Anthaxia.scutullaris","Helichrysum.stoechas"
"P17","Anthaxia.spinolae","Helichrysum.stoechas"
"P17","Anthocharis.euphenoides","Helichrysum.stoechas"
"P17","Anthophora.acervorum","Helichrysum.stoechas"
"P17","Anthophora.dispar","Helichrysum.stoechas"
"P17","Anthrenus.sp1","Helichrysum.stoechas"
"P17","Apis.mellifera","Helichrysum.stoechas"
"P17","Attagenus.sp1","Helichrysum.stoechas"
"P17","Bombus.terrestris","Helichrysum.stoechas"
"P17","Bruchus.brachialis","Helichrysum.stoechas"
"P17","Chryptocephalus.ramburi","Helichrysum.stoechas"
"P17","Chrysotoxum.cautum","Helichrysum.stoechas"
"P17","Clytus.rhamni","Helichrysum.stoechas"
"P17","Danacea.longiceps","Helichrysum.stoechas"
"P17","Dasytes.nigroaeneus","Helichrysum.stoechas"
"P17","Eucera.collaris","Helichrysum.stoechas"
"P17","Eucera.taurica","Helichrysum.stoechas"
"P17","Eumerus.argyropus","Helichrysum.stoechas"
"P17","Gonepteryx.cleopatra","Helichrysum.stoechas"
"P17","Halictus.gemmeus","Helichrysum.stoechas"
"P17","Hemipenthes sp.1","Helichrysum.stoechas"
"P17","Hylaeus.hyalinatus","Helichrysum.stoechas"
"P17","Lasioglossum.albocinctum","Helichrysum.stoechas"
"P17","Lasioglossum.bimaculatum","Helichrysum.stoechas"
"P17","Lasioglossum.malachurum","Helichrysum.stoechas"
"P17","Lasioglossum.subhirtum","Helichrysum.stoechas"
"P17","Lasioglossum.transitorium","Helichrysum.stoechas"
"P17","Lobonyx.aeneus","Helichrysum.stoechas"
"P17","Meligethes.sp1","Helichrysum.stoechas"
"P17","Merodon.funestus","Helichrysum.stoechas"
"P17","Microhoria.plumbea","Helichrysum.stoechas"
"P17","Mordellistena.sp1","Helichrysum.stoechas"
"P17","Normannia.esculi","Helichrysum.stoechas"
"P17","Oedemera.flavipes","Helichrysum.stoechas"
"P17","Osmia.rufohirta","Helichrysum.stoechas"
"P17","Oxythyrea.funesta","Helichrysum.stoechas"
"P17","Polistes.dominulus","Helichrysum.stoechas"
"P17","Protosmia.exenterata","Helichrysum.stoechas"
"P17","Pyronia.bathseba","Helichrysum.stoechas"
"P17","Rhodanthidium.septemdentatum","Helichrysum.stoechas"
"P17","Rhodanthidium.sticticum","Helichrysum.stoechas"
"P17","Stenurella.melanura","Helichrysum.stoechas"
"P17","Tropinota.sp1","Helichrysum.stoechas"
"P17","Tropinota.squalida","Helichrysum.stoechas"
"P17","Trypoxylon.sp1","Helichrysum.stoechas"
"P17","Zygaena.sp1","Helichrysum.stoechas"
"P17","Acmaeodera.cylindrica","Muscari.neglectum"
"P17","Adelidae.sp1","Muscari.neglectum"
"P17","Anaspis.sp1","Muscari.neglectum"
"P17","Andrena.djelfensis","Muscari.neglectum"
"P17","Andrena.lepida","Muscari.neglectum"
"P17","Andrena.nigroaenea","Muscari.neglectum"
"P17","Andrena.senecionis","Muscari.neglectum"
"P17","Andrena.vulpecula","Muscari.neglectum"
"P17","Anthaxia.scutullaris","Muscari.neglectum"
"P17","Anthaxia.spinolae","Muscari.neglectum"
"P17","Anthocharis.euphenoides","Muscari.neglectum"
"P17","Anthophora.acervorum","Muscari.neglectum"
"P17","Anthophora.dispar","Muscari.neglectum"
"P17","Anthrenus.sp1","Muscari.neglectum"
"P17","Apis.mellifera","Muscari.neglectum"
"P17","Attagenus.sp1","Muscari.neglectum"
"P17","Bombus.terrestris","Muscari.neglectum"
"P17","Bruchus.brachialis","Muscari.neglectum"
"P17","Chryptocephalus.ramburi","Muscari.neglectum"
"P17","Chrysotoxum.cautum","Muscari.neglectum"
"P17","Clytus.rhamni","Muscari.neglectum"
"P17","Danacea.longiceps","Muscari.neglectum"
"P17","Dasytes.nigroaeneus","Muscari.neglectum"
"P17","Eucera.collaris","Muscari.neglectum"
"P17","Eucera.taurica","Muscari.neglectum"
"P17","Eumerus.argyropus","Muscari.neglectum"
"P17","Gonepteryx.cleopatra","Muscari.neglectum"
"P17","Halictus.gemmeus","Muscari.neglectum"
"P17","Hemipenthes sp.1","Muscari.neglectum"
"P17","Hylaeus.hyalinatus","Muscari.neglectum"
"P17","Lasioglossum.albocinctum","Muscari.neglectum"
"P17","Lasioglossum.bimaculatum","Muscari.neglectum"
"P17","Lasioglossum.malachurum","Muscari.neglectum"
"P17","Lasioglossum.subhirtum","Muscari.neglectum"
"P17","Lasioglossum.transitorium","Muscari.neglectum"
"P17","Lobonyx.aeneus","Muscari.neglectum"
"P17","Meligethes.sp1","Muscari.neglectum"
"P17","Merodon.funestus","Muscari.neglectum"
"P17","Microhoria.plumbea","Muscari.neglectum"
"P17","Mordellistena.sp1","Muscari.neglectum"
"P17","Normannia.esculi","Muscari.neglectum"
"P17","Oedemera.flavipes","Muscari.neglectum"
"P17","Osmia.rufohirta","Muscari.neglectum"
"P17","Oxythyrea.funesta","Muscari.neglectum"
"P17","Polistes.dominulus","Muscari.neglectum"
"P17","Protosmia.exenterata","Muscari.neglectum"
"P17","Pyronia.bathseba","Muscari.neglectum"
"P17","Rhodanthidium.septemdentatum","Muscari.neglectum"
"P17","Rhodanthidium.sticticum","Muscari.neglectum"
"P17","Stenurella.melanura","Muscari.neglectum"
"P17","Tropinota.sp1","Muscari.neglectum"
"P17","Tropinota.squalida","Muscari.neglectum"
"P17","Trypoxylon.sp1","Muscari.neglectum"
"P17","Zygaena.sp1","Muscari.neglectum"
"P17","Acmaeodera.cylindrica","Ononis.minutissima"
"P17","Adelidae.sp1","Ononis.minutissima"
"P17","Anaspis.sp1","Ononis.minutissima"
"P17","Andrena.djelfensis","Ononis.minutissima"
"P17","Andrena.lepida","Ononis.minutissima"
"P17","Andrena.nigroaenea","Ononis.minutissima"
"P17","Andrena.senecionis","Ononis.minutissima"
"P17","Andrena.vulpecula","Ononis.minutissima"
"P17","Anthaxia.scutullaris","Ononis.minutissima"
"P17","Anthaxia.spinolae","Ononis.minutissima"
"P17","Anthocharis.euphenoides","Ononis.minutissima"
"P17","Anthophora.acervorum","Ononis.minutissima"
"P17","Anthophora.dispar","Ononis.minutissima"
"P17","Anthrenus.sp1","Ononis.minutissima"
"P17","Apis.mellifera","Ononis.minutissima"
"P17","Attagenus.sp1","Ononis.minutissima"
"P17","Bombus.terrestris","Ononis.minutissima"
"P17","Bruchus.brachialis","Ononis.minutissima"
"P17","Chryptocephalus.ramburi","Ononis.minutissima"
"P17","Chrysotoxum.cautum","Ononis.minutissima"
"P17","Clytus.rhamni","Ononis.minutissima"
"P17","Danacea.longiceps","Ononis.minutissima"
"P17","Dasytes.nigroaeneus","Ononis.minutissima"
"P17","Eucera.collaris","Ononis.minutissima"
"P17","Eucera.taurica","Ononis.minutissima"
"P17","Eumerus.argyropus","Ononis.minutissima"
"P17","Gonepteryx.cleopatra","Ononis.minutissima"
"P17","Halictus.gemmeus","Ononis.minutissima"
"P17","Hemipenthes sp.1","Ononis.minutissima"
"P17","Hylaeus.hyalinatus","Ononis.minutissima"
"P17","Lasioglossum.albocinctum","Ononis.minutissima"
"P17","Lasioglossum.bimaculatum","Ononis.minutissima"
"P17","Lasioglossum.malachurum","Ononis.minutissima"
"P17","Lasioglossum.subhirtum","Ononis.minutissima"
"P17","Lasioglossum.transitorium","Ononis.minutissima"
"P17","Lobonyx.aeneus","Ononis.minutissima"
"P17","Meligethes.sp1","Ononis.minutissima"
"P17","Merodon.funestus","Ononis.minutissima"
"P17","Microhoria.plumbea","Ononis.minutissima"
"P17","Mordellistena.sp1","Ononis.minutissima"
"P17","Normannia.esculi","Ononis.minutissima"
"P17","Oedemera.flavipes","Ononis.minutissima"
"P17","Osmia.rufohirta","Ononis.minutissima"
"P17","Oxythyrea.funesta","Ononis.minutissima"
"P17","Polistes.dominulus","Ononis.minutissima"
"P17","Protosmia.exenterata","Ononis.minutissima"
"P17","Pyronia.bathseba","Ononis.minutissima"
"P17","Rhodanthidium.septemdentatum","Ononis.minutissima"
"P17","Rhodanthidium.sticticum","Ononis.minutissima"
"P17","Stenurella.melanura","Ononis.minutissima"
"P17","Tropinota.sp1","Ononis.minutissima"
"P17","Tropinota.squalida","Ononis.minutissima"
"P17","Trypoxylon.sp1","Ononis.minutissima"
"P17","Zygaena.sp1","Ononis.minutissima"
"P17","Acmaeodera.cylindrica","Psoralera.bituminosa"
"P17","Adelidae.sp1","Psoralera.bituminosa"
"P17","Anaspis.sp1","Psoralera.bituminosa"
"P17","Andrena.djelfensis","Psoralera.bituminosa"
"P17","Andrena.lepida","Psoralera.bituminosa"
"P17","Andrena.nigroaenea","Psoralera.bituminosa"
"P17","Andrena.senecionis","Psoralera.bituminosa"
"P17","Andrena.vulpecula","Psoralera.bituminosa"
"P17","Anthaxia.scutullaris","Psoralera.bituminosa"
"P17","Anthaxia.spinolae","Psoralera.bituminosa"
"P17","Anthocharis.euphenoides","Psoralera.bituminosa"
"P17","Anthophora.acervorum","Psoralera.bituminosa"
"P17","Anthophora.dispar","Psoralera.bituminosa"
"P17","Anthrenus.sp1","Psoralera.bituminosa"
"P17","Apis.mellifera","Psoralera.bituminosa"
"P17","Attagenus.sp1","Psoralera.bituminosa"
"P17","Bombus.terrestris","Psoralera.bituminosa"
"P17","Bruchus.brachialis","Psoralera.bituminosa"
"P17","Chryptocephalus.ramburi","Psoralera.bituminosa"
"P17","Chrysotoxum.cautum","Psoralera.bituminosa"
"P17","Clytus.rhamni","Psoralera.bituminosa"
"P17","Danacea.longiceps","Psoralera.bituminosa"
"P17","Dasytes.nigroaeneus","Psoralera.bituminosa"
"P17","Eucera.collaris","Psoralera.bituminosa"
"P17","Eucera.taurica","Psoralera.bituminosa"
"P17","Eumerus.argyropus","Psoralera.bituminosa"
"P17","Gonepteryx.cleopatra","Psoralera.bituminosa"
"P17","Halictus.gemmeus","Psoralera.bituminosa"
"P17","Hemipenthes sp.1","Psoralera.bituminosa"
"P17","Hylaeus.hyalinatus","Psoralera.bituminosa"
"P17","Lasioglossum.albocinctum","Psoralera.bituminosa"
"P17","Lasioglossum.bimaculatum","Psoralera.bituminosa"
"P17","Lasioglossum.malachurum","Psoralera.bituminosa"
"P17","Lasioglossum.subhirtum","Psoralera.bituminosa"
"P17","Lasioglossum.transitorium","Psoralera.bituminosa"
"P17","Lobonyx.aeneus","Psoralera.bituminosa"
"P17","Meligethes.sp1","Psoralera.bituminosa"
"P17","Merodon.funestus","Psoralera.bituminosa"
"P17","Microhoria.plumbea","Psoralera.bituminosa"
"P17","Mordellistena.sp1","Psoralera.bituminosa"
"P17","Normannia.esculi","Psoralera.bituminosa"
"P17","Oedemera.flavipes","Psoralera.bituminosa"
"P17","Osmia.rufohirta","Psoralera.bituminosa"
"P17","Oxythyrea.funesta","Psoralera.bituminosa"
"P17","Polistes.dominulus","Psoralera.bituminosa"
"P17","Protosmia.exenterata","Psoralera.bituminosa"
"P17","Pyronia.bathseba","Psoralera.bituminosa"
"P17","Rhodanthidium.septemdentatum","Psoralera.bituminosa"
"P17","Rhodanthidium.sticticum","Psoralera.bituminosa"
"P17","Stenurella.melanura","Psoralera.bituminosa"
"P17","Tropinota.sp1","Psoralera.bituminosa"
"P17","Tropinota.squalida","Psoralera.bituminosa"
"P17","Trypoxylon.sp1","Psoralera.bituminosa"
"P17","Zygaena.sp1","Psoralera.bituminosa"
"P17","Acmaeodera.cylindrica","Rosmarinus.officinalis"
"P17","Adelidae.sp1","Rosmarinus.officinalis"
"P17","Anaspis.sp1","Rosmarinus.officinalis"
"P17","Andrena.djelfensis","Rosmarinus.officinalis"
"P17","Andrena.lepida","Rosmarinus.officinalis"
"P17","Andrena.nigroaenea","Rosmarinus.officinalis"
"P17","Andrena.senecionis","Rosmarinus.officinalis"
"P17","Andrena.vulpecula","Rosmarinus.officinalis"
"P17","Anthaxia.scutullaris","Rosmarinus.officinalis"
"P17","Anthaxia.spinolae","Rosmarinus.officinalis"
"P17","Anthocharis.euphenoides","Rosmarinus.officinalis"
"P17","Anthophora.acervorum","Rosmarinus.officinalis"
"P17","Anthophora.dispar","Rosmarinus.officinalis"
"P17","Anthrenus.sp1","Rosmarinus.officinalis"
"P17","Apis.mellifera","Rosmarinus.officinalis"
"P17","Attagenus.sp1","Rosmarinus.officinalis"
"P17","Bombus.terrestris","Rosmarinus.officinalis"
"P17","Bruchus.brachialis","Rosmarinus.officinalis"
"P17","Chryptocephalus.ramburi","Rosmarinus.officinalis"
"P17","Chrysotoxum.cautum","Rosmarinus.officinalis"
"P17","Clytus.rhamni","Rosmarinus.officinalis"
"P17","Danacea.longiceps","Rosmarinus.officinalis"
"P17","Dasytes.nigroaeneus","Rosmarinus.officinalis"
"P17","Eucera.collaris","Rosmarinus.officinalis"
"P17","Eucera.taurica","Rosmarinus.officinalis"
"P17","Eumerus.argyropus","Rosmarinus.officinalis"
"P17","Gonepteryx.cleopatra","Rosmarinus.officinalis"
"P17","Halictus.gemmeus","Rosmarinus.officinalis"
"P17","Hemipenthes sp.1","Rosmarinus.officinalis"
"P17","Hylaeus.hyalinatus","Rosmarinus.officinalis"
"P17","Lasioglossum.albocinctum","Rosmarinus.officinalis"
"P17","Lasioglossum.bimaculatum","Rosmarinus.officinalis"
"P17","Lasioglossum.malachurum","Rosmarinus.officinalis"
"P17","Lasioglossum.subhirtum","Rosmarinus.officinalis"
"P17","Lasioglossum.transitorium","Rosmarinus.officinalis"
"P17","Lobonyx.aeneus","Rosmarinus.officinalis"
"P17","Meligethes.sp1","Rosmarinus.officinalis"
"P17","Merodon.funestus","Rosmarinus.officinalis"
"P17","Microhoria.plumbea","Rosmarinus.officinalis"
"P17","Mordellistena.sp1","Rosmarinus.officinalis"
"P17","Normannia.esculi","Rosmarinus.officinalis"
"P17","Oedemera.flavipes","Rosmarinus.officinalis"
"P17","Osmia.rufohirta","Rosmarinus.officinalis"
"P17","Oxythyrea.funesta","Rosmarinus.officinalis"
"P17","Polistes.dominulus","Rosmarinus.officinalis"
"P17","Protosmia.exenterata","Rosmarinus.officinalis"
"P17","Pyronia.bathseba","Rosmarinus.officinalis"
"P17","Rhodanthidium.septemdentatum","Rosmarinus.officinalis"
"P17","Rhodanthidium.sticticum","Rosmarinus.officinalis"
"P17","Stenurella.melanura","Rosmarinus.officinalis"
"P17","Tropinota.sp1","Rosmarinus.officinalis"
"P17","Tropinota.squalida","Rosmarinus.officinalis"
"P17","Trypoxylon.sp1","Rosmarinus.officinalis"
"P17","Zygaena.sp1","Rosmarinus.officinalis"
"P17","Acmaeodera.cylindrica","Thymus.vulgaris"
"P17","Adelidae.sp1","Thymus.vulgaris"
"P17","Anaspis.sp1","Thymus.vulgaris"
"P17","Andrena.djelfensis","Thymus.vulgaris"
"P17","Andrena.lepida","Thymus.vulgaris"
"P17","Andrena.nigroaenea","Thymus.vulgaris"
"P17","Andrena.senecionis","Thymus.vulgaris"
"P17","Andrena.vulpecula","Thymus.vulgaris"
"P17","Anthaxia.scutullaris","Thymus.vulgaris"
"P17","Anthaxia.spinolae","Thymus.vulgaris"
"P17","Anthocharis.euphenoides","Thymus.vulgaris"
"P17","Anthophora.acervorum","Thymus.vulgaris"
"P17","Anthophora.dispar","Thymus.vulgaris"
"P17","Anthrenus.sp1","Thymus.vulgaris"
"P17","Apis.mellifera","Thymus.vulgaris"
"P17","Attagenus.sp1","Thymus.vulgaris"
"P17","Bombus.terrestris","Thymus.vulgaris"
"P17","Bruchus.brachialis","Thymus.vulgaris"
"P17","Chryptocephalus.ramburi","Thymus.vulgaris"
"P17","Chrysotoxum.cautum","Thymus.vulgaris"
"P17","Clytus.rhamni","Thymus.vulgaris"
"P17","Danacea.longiceps","Thymus.vulgaris"
"P17","Dasytes.nigroaeneus","Thymus.vulgaris"
"P17","Eucera.collaris","Thymus.vulgaris"
"P17","Eucera.taurica","Thymus.vulgaris"
"P17","Eumerus.argyropus","Thymus.vulgaris"
"P17","Gonepteryx.cleopatra","Thymus.vulgaris"
"P17","Halictus.gemmeus","Thymus.vulgaris"
"P17","Hemipenthes sp.1","Thymus.vulgaris"
"P17","Hylaeus.hyalinatus","Thymus.vulgaris"
"P17","Lasioglossum.albocinctum","Thymus.vulgaris"
"P17","Lasioglossum.bimaculatum","Thymus.vulgaris"
"P17","Lasioglossum.malachurum","Thymus.vulgaris"
"P17","Lasioglossum.subhirtum","Thymus.vulgaris"
"P17","Lasioglossum.transitorium","Thymus.vulgaris"
"P17","Lobonyx.aeneus","Thymus.vulgaris"
"P17","Meligethes.sp1","Thymus.vulgaris"
"P17","Merodon.funestus","Thymus.vulgaris"
"P17","Microhoria.plumbea","Thymus.vulgaris"
"P17","Mordellistena.sp1","Thymus.vulgaris"
"P17","Normannia.esculi","Thymus.vulgaris"
"P17","Oedemera.flavipes","Thymus.vulgaris"
"P17","Osmia.rufohirta","Thymus.vulgaris"
"P17","Oxythyrea.funesta","Thymus.vulgaris"
"P17","Polistes.dominulus","Thymus.vulgaris"
"P17","Protosmia.exenterata","Thymus.vulgaris"
"P17","Pyronia.bathseba","Thymus.vulgaris"
"P17","Rhodanthidium.septemdentatum","Thymus.vulgaris"
"P17","Rhodanthidium.sticticum","Thymus.vulgaris"
"P17","Stenurella.melanura","Thymus.vulgaris"
"P17","Tropinota.sp1","Thymus.vulgaris"
"P17","Tropinota.squalida","Thymus.vulgaris"
"P17","Trypoxylon.sp1","Thymus.vulgaris"
"P17","Zygaena.sp1","Thymus.vulgaris"
"P18","Acmaeodera.cylindrica","Aphyllanthes.monspeliensis"
"P18","Adelidae.sp1","Aphyllanthes.monspeliensis"
"P18","Anaspis.sp1","Aphyllanthes.monspeliensis"
"P18","Andrena.angustior","Aphyllanthes.monspeliensis"
"P18","Andrena.djelfensis","Aphyllanthes.monspeliensis"
"P18","Andrena.nigroaenea","Aphyllanthes.monspeliensis"
"P18","Andrena.senecionis","Aphyllanthes.monspeliensis"
"P18","Andrena.vulpecula","Aphyllanthes.monspeliensis"
"P18","Anthaxia.millefolii","Aphyllanthes.monspeliensis"
"P18","Anthaxia.scutullaris","Aphyllanthes.monspeliensis"
"P18","Anthaxia.spinolae","Aphyllanthes.monspeliensis"
"P18","Anthophora.dispar","Aphyllanthes.monspeliensis"
"P18","Anthrenus.sp1","Aphyllanthes.monspeliensis"
"P18","Apis.mellifera","Aphyllanthes.monspeliensis"
"P18","Aplocnemus.calidus","Aphyllanthes.monspeliensis"
"P18","Bombus.terrestris","Aphyllanthes.monspeliensis"
"P18","Bruchus.villosus","Aphyllanthes.monspeliensis"
"P18","Ceratina.cyanea","Aphyllanthes.monspeliensis"
"P18","Chryptocephalus.ramburi","Aphyllanthes.monspeliensis"
"P18","Chrysotoxum.cautum","Aphyllanthes.monspeliensis"
"P18","Clanoptilus.abdominalis","Aphyllanthes.monspeliensis"
"P18","Clytus.rhamni","Aphyllanthes.monspeliensis"
"P18","Danacea.longiceps","Aphyllanthes.monspeliensis"
"P18","Dasytes.nigroaeneus","Aphyllanthes.monspeliensis"
"P18","Eucera.elongatula","Aphyllanthes.monspeliensis"
"P18","Eumenes.coarctatus","Aphyllanthes.monspeliensis"
"P18","Eumerus.argyropus","Aphyllanthes.monspeliensis"
"P18","Gonepteryx.cleopatra","Aphyllanthes.monspeliensis"
"P18","Halictus.gemmeus","Aphyllanthes.monspeliensis"
"P18","Halictus.quadricinctus","Aphyllanthes.monspeliensis"
"P18","Hemipenthes sp.1","Aphyllanthes.monspeliensis"
"P18","Hylaeus.garrulus","Aphyllanthes.monspeliensis"
"P18","Hylaeus.hyalinatus","Aphyllanthes.monspeliensis"
"P18","Lasioglossum.albocinctum","Aphyllanthes.monspeliensis"
"P18","Lasioglossum.bimaculatum","Aphyllanthes.monspeliensis"
"P18","Lasioglossum.malachurum","Aphyllanthes.monspeliensis"
"P18","Lasioglossum.mediterraneum","Aphyllanthes.monspeliensis"
"P18","Lasioglossum.morio","Aphyllanthes.monspeliensis"
"P18","Lasioglossum.subhirtum","Aphyllanthes.monspeliensis"
"P18","Lasioglossum.transitorium","Aphyllanthes.monspeliensis"
"P18","Leptidea.sinapis","Aphyllanthes.monspeliensis"
"P18","Lobonyx.aeneus","Aphyllanthes.monspeliensis"
"P18","Meligethes.sp1","Aphyllanthes.monspeliensis"
"P18","Merodon.funestus","Aphyllanthes.monspeliensis"
"P18","Mordellistena.sp1","Aphyllanthes.monspeliensis"
"P18","Mordellistena.sp4","Aphyllanthes.monspeliensis"
"P18","Nomada.sheppardana","Aphyllanthes.monspeliensis"
"P18","Oedemera.flavipes","Aphyllanthes.monspeliensis"
"P18","Osmia.rufohirta","Aphyllanthes.monspeliensis"
"P18","Oxythyrea.funesta","Aphyllanthes.monspeliensis"
"P18","Panurgus.dentipes","Aphyllanthes.monspeliensis"
"P18","Platynochaetus.setosus","Aphyllanthes.monspeliensis"
"P18","Polistes.dominulus","Aphyllanthes.monspeliensis"
"P18","Pyronia.bathseba","Aphyllanthes.monspeliensis"
"P18","Rhodanthidium.septemdentatum","Aphyllanthes.monspeliensis"
"P18","Rhodanthidium.sticticum","Aphyllanthes.monspeliensis"
"P18","Tropinota.sp1","Aphyllanthes.monspeliensis"
"P18","Acmaeodera.cylindrica","Argyrolobium.zanonii"
"P18","Adelidae.sp1","Argyrolobium.zanonii"
"P18","Anaspis.sp1","Argyrolobium.zanonii"
"P18","Andrena.angustior","Argyrolobium.zanonii"
"P18","Andrena.djelfensis","Argyrolobium.zanonii"
"P18","Andrena.nigroaenea","Argyrolobium.zanonii"
"P18","Andrena.senecionis","Argyrolobium.zanonii"
"P18","Andrena.vulpecula","Argyrolobium.zanonii"
"P18","Anthaxia.millefolii","Argyrolobium.zanonii"
"P18","Anthaxia.scutullaris","Argyrolobium.zanonii"
"P18","Anthaxia.spinolae","Argyrolobium.zanonii"
"P18","Anthophora.dispar","Argyrolobium.zanonii"
"P18","Anthrenus.sp1","Argyrolobium.zanonii"
"P18","Apis.mellifera","Argyrolobium.zanonii"
"P18","Aplocnemus.calidus","Argyrolobium.zanonii"
"P18","Bombus.terrestris","Argyrolobium.zanonii"
"P18","Bruchus.villosus","Argyrolobium.zanonii"
"P18","Ceratina.cyanea","Argyrolobium.zanonii"
"P18","Chryptocephalus.ramburi","Argyrolobium.zanonii"
"P18","Chrysotoxum.cautum","Argyrolobium.zanonii"
"P18","Clanoptilus.abdominalis","Argyrolobium.zanonii"
"P18","Clytus.rhamni","Argyrolobium.zanonii"
"P18","Danacea.longiceps","Argyrolobium.zanonii"
"P18","Dasytes.nigroaeneus","Argyrolobium.zanonii"
"P18","Eucera.elongatula","Argyrolobium.zanonii"
"P18","Eumenes.coarctatus","Argyrolobium.zanonii"
"P18","Eumerus.argyropus","Argyrolobium.zanonii"
"P18","Gonepteryx.cleopatra","Argyrolobium.zanonii"
"P18","Halictus.gemmeus","Argyrolobium.zanonii"
"P18","Halictus.quadricinctus","Argyrolobium.zanonii"
"P18","Hemipenthes sp.1","Argyrolobium.zanonii"
"P18","Hylaeus.garrulus","Argyrolobium.zanonii"
"P18","Hylaeus.hyalinatus","Argyrolobium.zanonii"
"P18","Lasioglossum.albocinctum","Argyrolobium.zanonii"
"P18","Lasioglossum.bimaculatum","Argyrolobium.zanonii"
"P18","Lasioglossum.malachurum","Argyrolobium.zanonii"
"P18","Lasioglossum.mediterraneum","Argyrolobium.zanonii"
"P18","Lasioglossum.morio","Argyrolobium.zanonii"
"P18","Lasioglossum.subhirtum","Argyrolobium.zanonii"
"P18","Lasioglossum.transitorium","Argyrolobium.zanonii"
"P18","Leptidea.sinapis","Argyrolobium.zanonii"
"P18","Lobonyx.aeneus","Argyrolobium.zanonii"
"P18","Meligethes.sp1","Argyrolobium.zanonii"
"P18","Merodon.funestus","Argyrolobium.zanonii"
"P18","Mordellistena.sp1","Argyrolobium.zanonii"
"P18","Mordellistena.sp4","Argyrolobium.zanonii"
"P18","Nomada.sheppardana","Argyrolobium.zanonii"
"P18","Oedemera.flavipes","Argyrolobium.zanonii"
"P18","Osmia.rufohirta","Argyrolobium.zanonii"
"P18","Oxythyrea.funesta","Argyrolobium.zanonii"
"P18","Panurgus.dentipes","Argyrolobium.zanonii"
"P18","Platynochaetus.setosus","Argyrolobium.zanonii"
"P18","Polistes.dominulus","Argyrolobium.zanonii"
"P18","Pyronia.bathseba","Argyrolobium.zanonii"
"P18","Rhodanthidium.septemdentatum","Argyrolobium.zanonii"
"P18","Rhodanthidium.sticticum","Argyrolobium.zanonii"
"P18","Tropinota.sp1","Argyrolobium.zanonii"
"P18","Acmaeodera.cylindrica","Biscutella.laevigata"
"P18","Adelidae.sp1","Biscutella.laevigata"
"P18","Anaspis.sp1","Biscutella.laevigata"
"P18","Andrena.angustior","Biscutella.laevigata"
"P18","Andrena.djelfensis","Biscutella.laevigata"
"P18","Andrena.nigroaenea","Biscutella.laevigata"
"P18","Andrena.senecionis","Biscutella.laevigata"
"P18","Andrena.vulpecula","Biscutella.laevigata"
"P18","Anthaxia.millefolii","Biscutella.laevigata"
"P18","Anthaxia.scutullaris","Biscutella.laevigata"
"P18","Anthaxia.spinolae","Biscutella.laevigata"
"P18","Anthophora.dispar","Biscutella.laevigata"
"P18","Anthrenus.sp1","Biscutella.laevigata"
"P18","Apis.mellifera","Biscutella.laevigata"
"P18","Aplocnemus.calidus","Biscutella.laevigata"
"P18","Bombus.terrestris","Biscutella.laevigata"
"P18","Bruchus.villosus","Biscutella.laevigata"
"P18","Ceratina.cyanea","Biscutella.laevigata"
"P18","Chryptocephalus.ramburi","Biscutella.laevigata"
"P18","Chrysotoxum.cautum","Biscutella.laevigata"
"P18","Clanoptilus.abdominalis","Biscutella.laevigata"
"P18","Clytus.rhamni","Biscutella.laevigata"
"P18","Danacea.longiceps","Biscutella.laevigata"
"P18","Dasytes.nigroaeneus","Biscutella.laevigata"
"P18","Eucera.elongatula","Biscutella.laevigata"
"P18","Eumenes.coarctatus","Biscutella.laevigata"
"P18","Eumerus.argyropus","Biscutella.laevigata"
"P18","Gonepteryx.cleopatra","Biscutella.laevigata"
"P18","Halictus.gemmeus","Biscutella.laevigata"
"P18","Halictus.quadricinctus","Biscutella.laevigata"
"P18","Hemipenthes sp.1","Biscutella.laevigata"
"P18","Hylaeus.garrulus","Biscutella.laevigata"
"P18","Hylaeus.hyalinatus","Biscutella.laevigata"
"P18","Lasioglossum.albocinctum","Biscutella.laevigata"
"P18","Lasioglossum.bimaculatum","Biscutella.laevigata"
"P18","Lasioglossum.malachurum","Biscutella.laevigata"
"P18","Lasioglossum.mediterraneum","Biscutella.laevigata"
"P18","Lasioglossum.morio","Biscutella.laevigata"
"P18","Lasioglossum.subhirtum","Biscutella.laevigata"
"P18","Lasioglossum.transitorium","Biscutella.laevigata"
"P18","Leptidea.sinapis","Biscutella.laevigata"
"P18","Lobonyx.aeneus","Biscutella.laevigata"
"P18","Meligethes.sp1","Biscutella.laevigata"
"P18","Merodon.funestus","Biscutella.laevigata"
"P18","Mordellistena.sp1","Biscutella.laevigata"
"P18","Mordellistena.sp4","Biscutella.laevigata"
"P18","Nomada.sheppardana","Biscutella.laevigata"
"P18","Oedemera.flavipes","Biscutella.laevigata"
"P18","Osmia.rufohirta","Biscutella.laevigata"
"P18","Oxythyrea.funesta","Biscutella.laevigata"
"P18","Panurgus.dentipes","Biscutella.laevigata"
"P18","Platynochaetus.setosus","Biscutella.laevigata"
"P18","Polistes.dominulus","Biscutella.laevigata"
"P18","Pyronia.bathseba","Biscutella.laevigata"
"P18","Rhodanthidium.septemdentatum","Biscutella.laevigata"
"P18","Rhodanthidium.sticticum","Biscutella.laevigata"
"P18","Tropinota.sp1","Biscutella.laevigata"
"P18","Acmaeodera.cylindrica","Dorycnium.pentaphyllum"
"P18","Adelidae.sp1","Dorycnium.pentaphyllum"
"P18","Anaspis.sp1","Dorycnium.pentaphyllum"
"P18","Andrena.angustior","Dorycnium.pentaphyllum"
"P18","Andrena.djelfensis","Dorycnium.pentaphyllum"
"P18","Andrena.nigroaenea","Dorycnium.pentaphyllum"
"P18","Andrena.senecionis","Dorycnium.pentaphyllum"
"P18","Andrena.vulpecula","Dorycnium.pentaphyllum"
"P18","Anthaxia.millefolii","Dorycnium.pentaphyllum"
"P18","Anthaxia.scutullaris","Dorycnium.pentaphyllum"
"P18","Anthaxia.spinolae","Dorycnium.pentaphyllum"
"P18","Anthophora.dispar","Dorycnium.pentaphyllum"
"P18","Anthrenus.sp1","Dorycnium.pentaphyllum"
"P18","Apis.mellifera","Dorycnium.pentaphyllum"
"P18","Aplocnemus.calidus","Dorycnium.pentaphyllum"
"P18","Bombus.terrestris","Dorycnium.pentaphyllum"
"P18","Bruchus.villosus","Dorycnium.pentaphyllum"
"P18","Ceratina.cyanea","Dorycnium.pentaphyllum"
"P18","Chryptocephalus.ramburi","Dorycnium.pentaphyllum"
"P18","Chrysotoxum.cautum","Dorycnium.pentaphyllum"
"P18","Clanoptilus.abdominalis","Dorycnium.pentaphyllum"
"P18","Clytus.rhamni","Dorycnium.pentaphyllum"
"P18","Danacea.longiceps","Dorycnium.pentaphyllum"
"P18","Dasytes.nigroaeneus","Dorycnium.pentaphyllum"
"P18","Eucera.elongatula","Dorycnium.pentaphyllum"
"P18","Eumenes.coarctatus","Dorycnium.pentaphyllum"
"P18","Eumerus.argyropus","Dorycnium.pentaphyllum"
"P18","Gonepteryx.cleopatra","Dorycnium.pentaphyllum"
"P18","Halictus.gemmeus","Dorycnium.pentaphyllum"
"P18","Halictus.quadricinctus","Dorycnium.pentaphyllum"
"P18","Hemipenthes sp.1","Dorycnium.pentaphyllum"
"P18","Hylaeus.garrulus","Dorycnium.pentaphyllum"
"P18","Hylaeus.hyalinatus","Dorycnium.pentaphyllum"
"P18","Lasioglossum.albocinctum","Dorycnium.pentaphyllum"
"P18","Lasioglossum.bimaculatum","Dorycnium.pentaphyllum"
"P18","Lasioglossum.malachurum","Dorycnium.pentaphyllum"
"P18","Lasioglossum.mediterraneum","Dorycnium.pentaphyllum"
"P18","Lasioglossum.morio","Dorycnium.pentaphyllum"
"P18","Lasioglossum.subhirtum","Dorycnium.pentaphyllum"
"P18","Lasioglossum.transitorium","Dorycnium.pentaphyllum"
"P18","Leptidea.sinapis","Dorycnium.pentaphyllum"
"P18","Lobonyx.aeneus","Dorycnium.pentaphyllum"
"P18","Meligethes.sp1","Dorycnium.pentaphyllum"
"P18","Merodon.funestus","Dorycnium.pentaphyllum"
"P18","Mordellistena.sp1","Dorycnium.pentaphyllum"
"P18","Mordellistena.sp4","Dorycnium.pentaphyllum"
"P18","Nomada.sheppardana","Dorycnium.pentaphyllum"
"P18","Oedemera.flavipes","Dorycnium.pentaphyllum"
"P18","Osmia.rufohirta","Dorycnium.pentaphyllum"
"P18","Oxythyrea.funesta","Dorycnium.pentaphyllum"
"P18","Panurgus.dentipes","Dorycnium.pentaphyllum"
"P18","Platynochaetus.setosus","Dorycnium.pentaphyllum"
"P18","Polistes.dominulus","Dorycnium.pentaphyllum"
"P18","Pyronia.bathseba","Dorycnium.pentaphyllum"
"P18","Rhodanthidium.septemdentatum","Dorycnium.pentaphyllum"
"P18","Rhodanthidium.sticticum","Dorycnium.pentaphyllum"
"P18","Tropinota.sp1","Dorycnium.pentaphyllum"
"P18","Acmaeodera.cylindrica","Fumana.ericifolia"
"P18","Adelidae.sp1","Fumana.ericifolia"
"P18","Anaspis.sp1","Fumana.ericifolia"
"P18","Andrena.angustior","Fumana.ericifolia"
"P18","Andrena.djelfensis","Fumana.ericifolia"
"P18","Andrena.nigroaenea","Fumana.ericifolia"
"P18","Andrena.senecionis","Fumana.ericifolia"
"P18","Andrena.vulpecula","Fumana.ericifolia"
"P18","Anthaxia.millefolii","Fumana.ericifolia"
"P18","Anthaxia.scutullaris","Fumana.ericifolia"
"P18","Anthaxia.spinolae","Fumana.ericifolia"
"P18","Anthophora.dispar","Fumana.ericifolia"
"P18","Anthrenus.sp1","Fumana.ericifolia"
"P18","Apis.mellifera","Fumana.ericifolia"
"P18","Aplocnemus.calidus","Fumana.ericifolia"
"P18","Bombus.terrestris","Fumana.ericifolia"
"P18","Bruchus.villosus","Fumana.ericifolia"
"P18","Ceratina.cyanea","Fumana.ericifolia"
"P18","Chryptocephalus.ramburi","Fumana.ericifolia"
"P18","Chrysotoxum.cautum","Fumana.ericifolia"
"P18","Clanoptilus.abdominalis","Fumana.ericifolia"
"P18","Clytus.rhamni","Fumana.ericifolia"
"P18","Danacea.longiceps","Fumana.ericifolia"
"P18","Dasytes.nigroaeneus","Fumana.ericifolia"
"P18","Eucera.elongatula","Fumana.ericifolia"
"P18","Eumenes.coarctatus","Fumana.ericifolia"
"P18","Eumerus.argyropus","Fumana.ericifolia"
"P18","Gonepteryx.cleopatra","Fumana.ericifolia"
"P18","Halictus.gemmeus","Fumana.ericifolia"
"P18","Halictus.quadricinctus","Fumana.ericifolia"
"P18","Hemipenthes sp.1","Fumana.ericifolia"
"P18","Hylaeus.garrulus","Fumana.ericifolia"
"P18","Hylaeus.hyalinatus","Fumana.ericifolia"
"P18","Lasioglossum.albocinctum","Fumana.ericifolia"
"P18","Lasioglossum.bimaculatum","Fumana.ericifolia"
"P18","Lasioglossum.malachurum","Fumana.ericifolia"
"P18","Lasioglossum.mediterraneum","Fumana.ericifolia"
"P18","Lasioglossum.morio","Fumana.ericifolia"
"P18","Lasioglossum.subhirtum","Fumana.ericifolia"
"P18","Lasioglossum.transitorium","Fumana.ericifolia"
"P18","Leptidea.sinapis","Fumana.ericifolia"
"P18","Lobonyx.aeneus","Fumana.ericifolia"
"P18","Meligethes.sp1","Fumana.ericifolia"
"P18","Merodon.funestus","Fumana.ericifolia"
"P18","Mordellistena.sp1","Fumana.ericifolia"
"P18","Mordellistena.sp4","Fumana.ericifolia"
"P18","Nomada.sheppardana","Fumana.ericifolia"
"P18","Oedemera.flavipes","Fumana.ericifolia"
"P18","Osmia.rufohirta","Fumana.ericifolia"
"P18","Oxythyrea.funesta","Fumana.ericifolia"
"P18","Panurgus.dentipes","Fumana.ericifolia"
"P18","Platynochaetus.setosus","Fumana.ericifolia"
"P18","Polistes.dominulus","Fumana.ericifolia"
"P18","Pyronia.bathseba","Fumana.ericifolia"
"P18","Rhodanthidium.septemdentatum","Fumana.ericifolia"
"P18","Rhodanthidium.sticticum","Fumana.ericifolia"
"P18","Tropinota.sp1","Fumana.ericifolia"
"P18","Acmaeodera.cylindrica","Fumana.laevis"
"P18","Adelidae.sp1","Fumana.laevis"
"P18","Anaspis.sp1","Fumana.laevis"
"P18","Andrena.angustior","Fumana.laevis"
"P18","Andrena.djelfensis","Fumana.laevis"
"P18","Andrena.nigroaenea","Fumana.laevis"
"P18","Andrena.senecionis","Fumana.laevis"
"P18","Andrena.vulpecula","Fumana.laevis"
"P18","Anthaxia.millefolii","Fumana.laevis"
"P18","Anthaxia.scutullaris","Fumana.laevis"
"P18","Anthaxia.spinolae","Fumana.laevis"
"P18","Anthophora.dispar","Fumana.laevis"
"P18","Anthrenus.sp1","Fumana.laevis"
"P18","Apis.mellifera","Fumana.laevis"
"P18","Aplocnemus.calidus","Fumana.laevis"
"P18","Bombus.terrestris","Fumana.laevis"
"P18","Bruchus.villosus","Fumana.laevis"
"P18","Ceratina.cyanea","Fumana.laevis"
"P18","Chryptocephalus.ramburi","Fumana.laevis"
"P18","Chrysotoxum.cautum","Fumana.laevis"
"P18","Clanoptilus.abdominalis","Fumana.laevis"
"P18","Clytus.rhamni","Fumana.laevis"
"P18","Danacea.longiceps","Fumana.laevis"
"P18","Dasytes.nigroaeneus","Fumana.laevis"
"P18","Eucera.elongatula","Fumana.laevis"
"P18","Eumenes.coarctatus","Fumana.laevis"
"P18","Eumerus.argyropus","Fumana.laevis"
"P18","Gonepteryx.cleopatra","Fumana.laevis"
"P18","Halictus.gemmeus","Fumana.laevis"
"P18","Halictus.quadricinctus","Fumana.laevis"
"P18","Hemipenthes sp.1","Fumana.laevis"
"P18","Hylaeus.garrulus","Fumana.laevis"
"P18","Hylaeus.hyalinatus","Fumana.laevis"
"P18","Lasioglossum.albocinctum","Fumana.laevis"
"P18","Lasioglossum.bimaculatum","Fumana.laevis"
"P18","Lasioglossum.malachurum","Fumana.laevis"
"P18","Lasioglossum.mediterraneum","Fumana.laevis"
"P18","Lasioglossum.morio","Fumana.laevis"
"P18","Lasioglossum.subhirtum","Fumana.laevis"
"P18","Lasioglossum.transitorium","Fumana.laevis"
"P18","Leptidea.sinapis","Fumana.laevis"
"P18","Lobonyx.aeneus","Fumana.laevis"
"P18","Meligethes.sp1","Fumana.laevis"
"P18","Merodon.funestus","Fumana.laevis"
"P18","Mordellistena.sp1","Fumana.laevis"
"P18","Mordellistena.sp4","Fumana.laevis"
"P18","Nomada.sheppardana","Fumana.laevis"
"P18","Oedemera.flavipes","Fumana.laevis"
"P18","Osmia.rufohirta","Fumana.laevis"
"P18","Oxythyrea.funesta","Fumana.laevis"
"P18","Panurgus.dentipes","Fumana.laevis"
"P18","Platynochaetus.setosus","Fumana.laevis"
"P18","Polistes.dominulus","Fumana.laevis"
"P18","Pyronia.bathseba","Fumana.laevis"
"P18","Rhodanthidium.septemdentatum","Fumana.laevis"
"P18","Rhodanthidium.sticticum","Fumana.laevis"
"P18","Tropinota.sp1","Fumana.laevis"
"P18","Acmaeodera.cylindrica","Galium.aparine"
"P18","Adelidae.sp1","Galium.aparine"
"P18","Anaspis.sp1","Galium.aparine"
"P18","Andrena.angustior","Galium.aparine"
"P18","Andrena.djelfensis","Galium.aparine"
"P18","Andrena.nigroaenea","Galium.aparine"
"P18","Andrena.senecionis","Galium.aparine"
"P18","Andrena.vulpecula","Galium.aparine"
"P18","Anthaxia.millefolii","Galium.aparine"
"P18","Anthaxia.scutullaris","Galium.aparine"
"P18","Anthaxia.spinolae","Galium.aparine"
"P18","Anthophora.dispar","Galium.aparine"
"P18","Anthrenus.sp1","Galium.aparine"
"P18","Apis.mellifera","Galium.aparine"
"P18","Aplocnemus.calidus","Galium.aparine"
"P18","Bombus.terrestris","Galium.aparine"
"P18","Bruchus.villosus","Galium.aparine"
"P18","Ceratina.cyanea","Galium.aparine"
"P18","Chryptocephalus.ramburi","Galium.aparine"
"P18","Chrysotoxum.cautum","Galium.aparine"
"P18","Clanoptilus.abdominalis","Galium.aparine"
"P18","Clytus.rhamni","Galium.aparine"
"P18","Danacea.longiceps","Galium.aparine"
"P18","Dasytes.nigroaeneus","Galium.aparine"
"P18","Eucera.elongatula","Galium.aparine"
"P18","Eumenes.coarctatus","Galium.aparine"
"P18","Eumerus.argyropus","Galium.aparine"
"P18","Gonepteryx.cleopatra","Galium.aparine"
"P18","Halictus.gemmeus","Galium.aparine"
"P18","Halictus.quadricinctus","Galium.aparine"
"P18","Hemipenthes sp.1","Galium.aparine"
"P18","Hylaeus.garrulus","Galium.aparine"
"P18","Hylaeus.hyalinatus","Galium.aparine"
"P18","Lasioglossum.albocinctum","Galium.aparine"
"P18","Lasioglossum.bimaculatum","Galium.aparine"
"P18","Lasioglossum.malachurum","Galium.aparine"
"P18","Lasioglossum.mediterraneum","Galium.aparine"
"P18","Lasioglossum.morio","Galium.aparine"
"P18","Lasioglossum.subhirtum","Galium.aparine"
"P18","Lasioglossum.transitorium","Galium.aparine"
"P18","Leptidea.sinapis","Galium.aparine"
"P18","Lobonyx.aeneus","Galium.aparine"
"P18","Meligethes.sp1","Galium.aparine"
"P18","Merodon.funestus","Galium.aparine"
"P18","Mordellistena.sp1","Galium.aparine"
"P18","Mordellistena.sp4","Galium.aparine"
"P18","Nomada.sheppardana","Galium.aparine"
"P18","Oedemera.flavipes","Galium.aparine"
"P18","Osmia.rufohirta","Galium.aparine"
"P18","Oxythyrea.funesta","Galium.aparine"
"P18","Panurgus.dentipes","Galium.aparine"
"P18","Platynochaetus.setosus","Galium.aparine"
"P18","Polistes.dominulus","Galium.aparine"
"P18","Pyronia.bathseba","Galium.aparine"
"P18","Rhodanthidium.septemdentatum","Galium.aparine"
"P18","Rhodanthidium.sticticum","Galium.aparine"
"P18","Tropinota.sp1","Galium.aparine"
"P18","Acmaeodera.cylindrica","Gladiolus.illyricus"
"P18","Adelidae.sp1","Gladiolus.illyricus"
"P18","Anaspis.sp1","Gladiolus.illyricus"
"P18","Andrena.angustior","Gladiolus.illyricus"
"P18","Andrena.djelfensis","Gladiolus.illyricus"
"P18","Andrena.nigroaenea","Gladiolus.illyricus"
"P18","Andrena.senecionis","Gladiolus.illyricus"
"P18","Andrena.vulpecula","Gladiolus.illyricus"
"P18","Anthaxia.millefolii","Gladiolus.illyricus"
"P18","Anthaxia.scutullaris","Gladiolus.illyricus"
"P18","Anthaxia.spinolae","Gladiolus.illyricus"
"P18","Anthophora.dispar","Gladiolus.illyricus"
"P18","Anthrenus.sp1","Gladiolus.illyricus"
"P18","Apis.mellifera","Gladiolus.illyricus"
"P18","Aplocnemus.calidus","Gladiolus.illyricus"
"P18","Bombus.terrestris","Gladiolus.illyricus"
"P18","Bruchus.villosus","Gladiolus.illyricus"
"P18","Ceratina.cyanea","Gladiolus.illyricus"
"P18","Chryptocephalus.ramburi","Gladiolus.illyricus"
"P18","Chrysotoxum.cautum","Gladiolus.illyricus"
"P18","Clanoptilus.abdominalis","Gladiolus.illyricus"
"P18","Clytus.rhamni","Gladiolus.illyricus"
"P18","Danacea.longiceps","Gladiolus.illyricus"
"P18","Dasytes.nigroaeneus","Gladiolus.illyricus"
"P18","Eucera.elongatula","Gladiolus.illyricus"
"P18","Eumenes.coarctatus","Gladiolus.illyricus"
"P18","Eumerus.argyropus","Gladiolus.illyricus"
"P18","Gonepteryx.cleopatra","Gladiolus.illyricus"
"P18","Halictus.gemmeus","Gladiolus.illyricus"
"P18","Halictus.quadricinctus","Gladiolus.illyricus"
"P18","Hemipenthes sp.1","Gladiolus.illyricus"
"P18","Hylaeus.garrulus","Gladiolus.illyricus"
"P18","Hylaeus.hyalinatus","Gladiolus.illyricus"
"P18","Lasioglossum.albocinctum","Gladiolus.illyricus"
"P18","Lasioglossum.bimaculatum","Gladiolus.illyricus"
"P18","Lasioglossum.malachurum","Gladiolus.illyricus"
"P18","Lasioglossum.mediterraneum","Gladiolus.illyricus"
"P18","Lasioglossum.morio","Gladiolus.illyricus"
"P18","Lasioglossum.subhirtum","Gladiolus.illyricus"
"P18","Lasioglossum.transitorium","Gladiolus.illyricus"
"P18","Leptidea.sinapis","Gladiolus.illyricus"
"P18","Lobonyx.aeneus","Gladiolus.illyricus"
"P18","Meligethes.sp1","Gladiolus.illyricus"
"P18","Merodon.funestus","Gladiolus.illyricus"
"P18","Mordellistena.sp1","Gladiolus.illyricus"
"P18","Mordellistena.sp4","Gladiolus.illyricus"
"P18","Nomada.sheppardana","Gladiolus.illyricus"
"P18","Oedemera.flavipes","Gladiolus.illyricus"
"P18","Osmia.rufohirta","Gladiolus.illyricus"
"P18","Oxythyrea.funesta","Gladiolus.illyricus"
"P18","Panurgus.dentipes","Gladiolus.illyricus"
"P18","Platynochaetus.setosus","Gladiolus.illyricus"
"P18","Polistes.dominulus","Gladiolus.illyricus"
"P18","Pyronia.bathseba","Gladiolus.illyricus"
"P18","Rhodanthidium.septemdentatum","Gladiolus.illyricus"
"P18","Rhodanthidium.sticticum","Gladiolus.illyricus"
"P18","Tropinota.sp1","Gladiolus.illyricus"
"P18","Acmaeodera.cylindrica","Ononis.minutissima"
"P18","Adelidae.sp1","Ononis.minutissima"
"P18","Anaspis.sp1","Ononis.minutissima"
"P18","Andrena.angustior","Ononis.minutissima"
"P18","Andrena.djelfensis","Ononis.minutissima"
"P18","Andrena.nigroaenea","Ononis.minutissima"
"P18","Andrena.senecionis","Ononis.minutissima"
"P18","Andrena.vulpecula","Ononis.minutissima"
"P18","Anthaxia.millefolii","Ononis.minutissima"
"P18","Anthaxia.scutullaris","Ononis.minutissima"
"P18","Anthaxia.spinolae","Ononis.minutissima"
"P18","Anthophora.dispar","Ononis.minutissima"
"P18","Anthrenus.sp1","Ononis.minutissima"
"P18","Apis.mellifera","Ononis.minutissima"
"P18","Aplocnemus.calidus","Ononis.minutissima"
"P18","Bombus.terrestris","Ononis.minutissima"
"P18","Bruchus.villosus","Ononis.minutissima"
"P18","Ceratina.cyanea","Ononis.minutissima"
"P18","Chryptocephalus.ramburi","Ononis.minutissima"
"P18","Chrysotoxum.cautum","Ononis.minutissima"
"P18","Clanoptilus.abdominalis","Ononis.minutissima"
"P18","Clytus.rhamni","Ononis.minutissima"
"P18","Danacea.longiceps","Ononis.minutissima"
"P18","Dasytes.nigroaeneus","Ononis.minutissima"
"P18","Eucera.elongatula","Ononis.minutissima"
"P18","Eumenes.coarctatus","Ononis.minutissima"
"P18","Eumerus.argyropus","Ononis.minutissima"
"P18","Gonepteryx.cleopatra","Ononis.minutissima"
"P18","Halictus.gemmeus","Ononis.minutissima"
"P18","Halictus.quadricinctus","Ononis.minutissima"
"P18","Hemipenthes sp.1","Ononis.minutissima"
"P18","Hylaeus.garrulus","Ononis.minutissima"
"P18","Hylaeus.hyalinatus","Ononis.minutissima"
"P18","Lasioglossum.albocinctum","Ononis.minutissima"
"P18","Lasioglossum.bimaculatum","Ononis.minutissima"
"P18","Lasioglossum.malachurum","Ononis.minutissima"
"P18","Lasioglossum.mediterraneum","Ononis.minutissima"
"P18","Lasioglossum.morio","Ononis.minutissima"
"P18","Lasioglossum.subhirtum","Ononis.minutissima"
"P18","Lasioglossum.transitorium","Ononis.minutissima"
"P18","Leptidea.sinapis","Ononis.minutissima"
"P18","Lobonyx.aeneus","Ononis.minutissima"
"P18","Meligethes.sp1","Ononis.minutissima"
"P18","Merodon.funestus","Ononis.minutissima"
"P18","Mordellistena.sp1","Ononis.minutissima"
"P18","Mordellistena.sp4","Ononis.minutissima"
"P18","Nomada.sheppardana","Ononis.minutissima"
"P18","Oedemera.flavipes","Ononis.minutissima"
"P18","Osmia.rufohirta","Ononis.minutissima"
"P18","Oxythyrea.funesta","Ononis.minutissima"
"P18","Panurgus.dentipes","Ononis.minutissima"
"P18","Platynochaetus.setosus","Ononis.minutissima"
"P18","Polistes.dominulus","Ononis.minutissima"
"P18","Pyronia.bathseba","Ononis.minutissima"
"P18","Rhodanthidium.septemdentatum","Ononis.minutissima"
"P18","Rhodanthidium.sticticum","Ononis.minutissima"
"P18","Tropinota.sp1","Ononis.minutissima"
"P18","Acmaeodera.cylindrica","Rosmarinus.officinalis"
"P18","Adelidae.sp1","Rosmarinus.officinalis"
"P18","Anaspis.sp1","Rosmarinus.officinalis"
"P18","Andrena.angustior","Rosmarinus.officinalis"
"P18","Andrena.djelfensis","Rosmarinus.officinalis"
"P18","Andrena.nigroaenea","Rosmarinus.officinalis"
"P18","Andrena.senecionis","Rosmarinus.officinalis"
"P18","Andrena.vulpecula","Rosmarinus.officinalis"
"P18","Anthaxia.millefolii","Rosmarinus.officinalis"
"P18","Anthaxia.scutullaris","Rosmarinus.officinalis"
"P18","Anthaxia.spinolae","Rosmarinus.officinalis"
"P18","Anthophora.dispar","Rosmarinus.officinalis"
"P18","Anthrenus.sp1","Rosmarinus.officinalis"
"P18","Apis.mellifera","Rosmarinus.officinalis"
"P18","Aplocnemus.calidus","Rosmarinus.officinalis"
"P18","Bombus.terrestris","Rosmarinus.officinalis"
"P18","Bruchus.villosus","Rosmarinus.officinalis"
"P18","Ceratina.cyanea","Rosmarinus.officinalis"
"P18","Chryptocephalus.ramburi","Rosmarinus.officinalis"
"P18","Chrysotoxum.cautum","Rosmarinus.officinalis"
"P18","Clanoptilus.abdominalis","Rosmarinus.officinalis"
"P18","Clytus.rhamni","Rosmarinus.officinalis"
"P18","Danacea.longiceps","Rosmarinus.officinalis"
"P18","Dasytes.nigroaeneus","Rosmarinus.officinalis"
"P18","Eucera.elongatula","Rosmarinus.officinalis"
"P18","Eumenes.coarctatus","Rosmarinus.officinalis"
"P18","Eumerus.argyropus","Rosmarinus.officinalis"
"P18","Gonepteryx.cleopatra","Rosmarinus.officinalis"
"P18","Halictus.gemmeus","Rosmarinus.officinalis"
"P18","Halictus.quadricinctus","Rosmarinus.officinalis"
"P18","Hemipenthes sp.1","Rosmarinus.officinalis"
"P18","Hylaeus.garrulus","Rosmarinus.officinalis"
"P18","Hylaeus.hyalinatus","Rosmarinus.officinalis"
"P18","Lasioglossum.albocinctum","Rosmarinus.officinalis"
"P18","Lasioglossum.bimaculatum","Rosmarinus.officinalis"
"P18","Lasioglossum.malachurum","Rosmarinus.officinalis"
"P18","Lasioglossum.mediterraneum","Rosmarinus.officinalis"
"P18","Lasioglossum.morio","Rosmarinus.officinalis"
"P18","Lasioglossum.subhirtum","Rosmarinus.officinalis"
"P18","Lasioglossum.transitorium","Rosmarinus.officinalis"
"P18","Leptidea.sinapis","Rosmarinus.officinalis"
"P18","Lobonyx.aeneus","Rosmarinus.officinalis"
"P18","Meligethes.sp1","Rosmarinus.officinalis"
"P18","Merodon.funestus","Rosmarinus.officinalis"
"P18","Mordellistena.sp1","Rosmarinus.officinalis"
"P18","Mordellistena.sp4","Rosmarinus.officinalis"
"P18","Nomada.sheppardana","Rosmarinus.officinalis"
"P18","Oedemera.flavipes","Rosmarinus.officinalis"
"P18","Osmia.rufohirta","Rosmarinus.officinalis"
"P18","Oxythyrea.funesta","Rosmarinus.officinalis"
"P18","Panurgus.dentipes","Rosmarinus.officinalis"
"P18","Platynochaetus.setosus","Rosmarinus.officinalis"
"P18","Polistes.dominulus","Rosmarinus.officinalis"
"P18","Pyronia.bathseba","Rosmarinus.officinalis"
"P18","Rhodanthidium.septemdentatum","Rosmarinus.officinalis"
"P18","Rhodanthidium.sticticum","Rosmarinus.officinalis"
"P18","Tropinota.sp1","Rosmarinus.officinalis"
"P18","Acmaeodera.cylindrica","Thymus.vulgaris"
"P18","Adelidae.sp1","Thymus.vulgaris"
"P18","Anaspis.sp1","Thymus.vulgaris"
"P18","Andrena.angustior","Thymus.vulgaris"
"P18","Andrena.djelfensis","Thymus.vulgaris"
"P18","Andrena.nigroaenea","Thymus.vulgaris"
"P18","Andrena.senecionis","Thymus.vulgaris"
"P18","Andrena.vulpecula","Thymus.vulgaris"
"P18","Anthaxia.millefolii","Thymus.vulgaris"
"P18","Anthaxia.scutullaris","Thymus.vulgaris"
"P18","Anthaxia.spinolae","Thymus.vulgaris"
"P18","Anthophora.dispar","Thymus.vulgaris"
"P18","Anthrenus.sp1","Thymus.vulgaris"
"P18","Apis.mellifera","Thymus.vulgaris"
"P18","Aplocnemus.calidus","Thymus.vulgaris"
"P18","Bombus.terrestris","Thymus.vulgaris"
"P18","Bruchus.villosus","Thymus.vulgaris"
"P18","Ceratina.cyanea","Thymus.vulgaris"
"P18","Chryptocephalus.ramburi","Thymus.vulgaris"
"P18","Chrysotoxum.cautum","Thymus.vulgaris"
"P18","Clanoptilus.abdominalis","Thymus.vulgaris"
"P18","Clytus.rhamni","Thymus.vulgaris"
"P18","Danacea.longiceps","Thymus.vulgaris"
"P18","Dasytes.nigroaeneus","Thymus.vulgaris"
"P18","Eucera.elongatula","Thymus.vulgaris"
"P18","Eumenes.coarctatus","Thymus.vulgaris"
"P18","Eumerus.argyropus","Thymus.vulgaris"
"P18","Gonepteryx.cleopatra","Thymus.vulgaris"
"P18","Halictus.gemmeus","Thymus.vulgaris"
"P18","Halictus.quadricinctus","Thymus.vulgaris"
"P18","Hemipenthes sp.1","Thymus.vulgaris"
"P18","Hylaeus.garrulus","Thymus.vulgaris"
"P18","Hylaeus.hyalinatus","Thymus.vulgaris"
"P18","Lasioglossum.albocinctum","Thymus.vulgaris"
"P18","Lasioglossum.bimaculatum","Thymus.vulgaris"
"P18","Lasioglossum.malachurum","Thymus.vulgaris"
"P18","Lasioglossum.mediterraneum","Thymus.vulgaris"
"P18","Lasioglossum.morio","Thymus.vulgaris"
"P18","Lasioglossum.subhirtum","Thymus.vulgaris"
"P18","Lasioglossum.transitorium","Thymus.vulgaris"
"P18","Leptidea.sinapis","Thymus.vulgaris"
"P18","Lobonyx.aeneus","Thymus.vulgaris"
"P18","Meligethes.sp1","Thymus.vulgaris"
"P18","Merodon.funestus","Thymus.vulgaris"
"P18","Mordellistena.sp1","Thymus.vulgaris"
"P18","Mordellistena.sp4","Thymus.vulgaris"
"P18","Nomada.sheppardana","Thymus.vulgaris"
"P18","Oedemera.flavipes","Thymus.vulgaris"
"P18","Osmia.rufohirta","Thymus.vulgaris"
"P18","Oxythyrea.funesta","Thymus.vulgaris"
"P18","Panurgus.dentipes","Thymus.vulgaris"
"P18","Platynochaetus.setosus","Thymus.vulgaris"
"P18","Polistes.dominulus","Thymus.vulgaris"
"P18","Pyronia.bathseba","Thymus.vulgaris"
"P18","Rhodanthidium.septemdentatum","Thymus.vulgaris"
"P18","Rhodanthidium.sticticum","Thymus.vulgaris"
"P18","Tropinota.sp1","Thymus.vulgaris"
"P19","Adelidae.sp1","Echium.vulgare"
"P19","Anaspis.sp1","Echium.vulgare"
"P19","Andrena.angustior","Echium.vulgare"
"P19","Andrena.djelfensis","Echium.vulgare"
"P19","Andrena.flavipes","Echium.vulgare"
"P19","Andrena.nigroaenea","Echium.vulgare"
"P19","Andrena.senecionis","Echium.vulgare"
"P19","Andrena.trimmerana","Echium.vulgare"
"P19","Andrena.vulpecula","Echium.vulgare"
"P19","Anthaxia.scutullaris","Echium.vulgare"
"P19","Apis.mellifera","Echium.vulgare"
"P19","Aplocnemus.calidus","Echium.vulgare"
"P19","Bombus.terrestris","Echium.vulgare"
"P19","Bruchidius.seminarius","Echium.vulgare"
"P19","Ceratina.cucurbitina","Echium.vulgare"
"P19","Danacea.longiceps","Echium.vulgare"
"P19","Dasytes.nigroaeneus","Echium.vulgare"
"P19","Eucera.collaris","Echium.vulgare"
"P19","Eumerus.argyropus","Echium.vulgare"
"P19","Hylaeus.hyalinatus","Echium.vulgare"
"P19","Lasioglossum.albocinctum","Echium.vulgare"
"P19","Lasioglossum.bimaculatum","Echium.vulgare"
"P19","Lasioglossum.griseolum","Echium.vulgare"
"P19","Lasioglossum.malachurum","Echium.vulgare"
"P19","Lasioglossum.morio","Echium.vulgare"
"P19","Lasioglossum.subhirtum","Echium.vulgare"
"P19","Lasioglossum.transitorium","Echium.vulgare"
"P19","Lobonyx.aeneus","Echium.vulgare"
"P19","Megachile.pyrenaica","Echium.vulgare"
"P19","Meligethes.sp1","Echium.vulgare"
"P19","Merodon.funestus","Echium.vulgare"
"P19","Merodon.sp7/9","Echium.vulgare"
"P19","Minoa.murinata","Echium.vulgare"
"P19","Mordellistena.sp1","Echium.vulgare"
"P19","Oedemera.flavipes","Echium.vulgare"
"P19","Osmia.rufohirta","Echium.vulgare"
"P19","Oxythyrea.funesta","Echium.vulgare"
"P19","Platynochaetus.setosus","Echium.vulgare"
"P19","Polistes.dominulus","Echium.vulgare"
"P19","Pyronia.bathseba","Echium.vulgare"
"P19","Rhodanthidium.septemdentatum","Echium.vulgare"
"P19","Rhodanthidium.sticticum","Echium.vulgare"
"P19","Spermophagus.kuesteri","Echium.vulgare"
"P19","Tropinota.sp1","Echium.vulgare"
"P19","Trypoxylon.sp1","Echium.vulgare"
"P19","Adelidae.sp1","Euphorbia.characias"
"P19","Anaspis.sp1","Euphorbia.characias"
"P19","Andrena.angustior","Euphorbia.characias"
"P19","Andrena.djelfensis","Euphorbia.characias"
"P19","Andrena.flavipes","Euphorbia.characias"
"P19","Andrena.nigroaenea","Euphorbia.characias"
"P19","Andrena.senecionis","Euphorbia.characias"
"P19","Andrena.trimmerana","Euphorbia.characias"
"P19","Andrena.vulpecula","Euphorbia.characias"
"P19","Anthaxia.scutullaris","Euphorbia.characias"
"P19","Apis.mellifera","Euphorbia.characias"
"P19","Aplocnemus.calidus","Euphorbia.characias"
"P19","Bombus.terrestris","Euphorbia.characias"
"P19","Bruchidius.seminarius","Euphorbia.characias"
"P19","Ceratina.cucurbitina","Euphorbia.characias"
"P19","Danacea.longiceps","Euphorbia.characias"
"P19","Dasytes.nigroaeneus","Euphorbia.characias"
"P19","Eucera.collaris","Euphorbia.characias"
"P19","Eumerus.argyropus","Euphorbia.characias"
"P19","Hylaeus.hyalinatus","Euphorbia.characias"
"P19","Lasioglossum.albocinctum","Euphorbia.characias"
"P19","Lasioglossum.bimaculatum","Euphorbia.characias"
"P19","Lasioglossum.griseolum","Euphorbia.characias"
"P19","Lasioglossum.malachurum","Euphorbia.characias"
"P19","Lasioglossum.morio","Euphorbia.characias"
"P19","Lasioglossum.subhirtum","Euphorbia.characias"
"P19","Lasioglossum.transitorium","Euphorbia.characias"
"P19","Lobonyx.aeneus","Euphorbia.characias"
"P19","Megachile.pyrenaica","Euphorbia.characias"
"P19","Meligethes.sp1","Euphorbia.characias"
"P19","Merodon.funestus","Euphorbia.characias"
"P19","Merodon.sp7/9","Euphorbia.characias"
"P19","Minoa.murinata","Euphorbia.characias"
"P19","Mordellistena.sp1","Euphorbia.characias"
"P19","Oedemera.flavipes","Euphorbia.characias"
"P19","Osmia.rufohirta","Euphorbia.characias"
"P19","Oxythyrea.funesta","Euphorbia.characias"
"P19","Platynochaetus.setosus","Euphorbia.characias"
"P19","Polistes.dominulus","Euphorbia.characias"
"P19","Pyronia.bathseba","Euphorbia.characias"
"P19","Rhodanthidium.septemdentatum","Euphorbia.characias"
"P19","Rhodanthidium.sticticum","Euphorbia.characias"
"P19","Spermophagus.kuesteri","Euphorbia.characias"
"P19","Tropinota.sp1","Euphorbia.characias"
"P19","Trypoxylon.sp1","Euphorbia.characias"
"P19","Adelidae.sp1","Euphorbia.flavicoma"
"P19","Anaspis.sp1","Euphorbia.flavicoma"
"P19","Andrena.angustior","Euphorbia.flavicoma"
"P19","Andrena.djelfensis","Euphorbia.flavicoma"
"P19","Andrena.flavipes","Euphorbia.flavicoma"
"P19","Andrena.nigroaenea","Euphorbia.flavicoma"
"P19","Andrena.senecionis","Euphorbia.flavicoma"
"P19","Andrena.trimmerana","Euphorbia.flavicoma"
"P19","Andrena.vulpecula","Euphorbia.flavicoma"
"P19","Anthaxia.scutullaris","Euphorbia.flavicoma"
"P19","Apis.mellifera","Euphorbia.flavicoma"
"P19","Aplocnemus.calidus","Euphorbia.flavicoma"
"P19","Bombus.terrestris","Euphorbia.flavicoma"
"P19","Bruchidius.seminarius","Euphorbia.flavicoma"
"P19","Ceratina.cucurbitina","Euphorbia.flavicoma"
"P19","Danacea.longiceps","Euphorbia.flavicoma"
"P19","Dasytes.nigroaeneus","Euphorbia.flavicoma"
"P19","Eucera.collaris","Euphorbia.flavicoma"
"P19","Eumerus.argyropus","Euphorbia.flavicoma"
"P19","Hylaeus.hyalinatus","Euphorbia.flavicoma"
"P19","Lasioglossum.albocinctum","Euphorbia.flavicoma"
"P19","Lasioglossum.bimaculatum","Euphorbia.flavicoma"
"P19","Lasioglossum.griseolum","Euphorbia.flavicoma"
"P19","Lasioglossum.malachurum","Euphorbia.flavicoma"
"P19","Lasioglossum.morio","Euphorbia.flavicoma"
"P19","Lasioglossum.subhirtum","Euphorbia.flavicoma"
"P19","Lasioglossum.transitorium","Euphorbia.flavicoma"
"P19","Lobonyx.aeneus","Euphorbia.flavicoma"
"P19","Megachile.pyrenaica","Euphorbia.flavicoma"
"P19","Meligethes.sp1","Euphorbia.flavicoma"
"P19","Merodon.funestus","Euphorbia.flavicoma"
"P19","Merodon.sp7/9","Euphorbia.flavicoma"
"P19","Minoa.murinata","Euphorbia.flavicoma"
"P19","Mordellistena.sp1","Euphorbia.flavicoma"
"P19","Oedemera.flavipes","Euphorbia.flavicoma"
"P19","Osmia.rufohirta","Euphorbia.flavicoma"
"P19","Oxythyrea.funesta","Euphorbia.flavicoma"
"P19","Platynochaetus.setosus","Euphorbia.flavicoma"
"P19","Polistes.dominulus","Euphorbia.flavicoma"
"P19","Pyronia.bathseba","Euphorbia.flavicoma"
"P19","Rhodanthidium.septemdentatum","Euphorbia.flavicoma"
"P19","Rhodanthidium.sticticum","Euphorbia.flavicoma"
"P19","Spermophagus.kuesteri","Euphorbia.flavicoma"
"P19","Tropinota.sp1","Euphorbia.flavicoma"
"P19","Trypoxylon.sp1","Euphorbia.flavicoma"
"P19","Adelidae.sp1","Fumana.ericifolia"
"P19","Anaspis.sp1","Fumana.ericifolia"
"P19","Andrena.angustior","Fumana.ericifolia"
"P19","Andrena.djelfensis","Fumana.ericifolia"
"P19","Andrena.flavipes","Fumana.ericifolia"
"P19","Andrena.nigroaenea","Fumana.ericifolia"
"P19","Andrena.senecionis","Fumana.ericifolia"
"P19","Andrena.trimmerana","Fumana.ericifolia"
"P19","Andrena.vulpecula","Fumana.ericifolia"
"P19","Anthaxia.scutullaris","Fumana.ericifolia"
"P19","Apis.mellifera","Fumana.ericifolia"
"P19","Aplocnemus.calidus","Fumana.ericifolia"
"P19","Bombus.terrestris","Fumana.ericifolia"
"P19","Bruchidius.seminarius","Fumana.ericifolia"
"P19","Ceratina.cucurbitina","Fumana.ericifolia"
"P19","Danacea.longiceps","Fumana.ericifolia"
"P19","Dasytes.nigroaeneus","Fumana.ericifolia"
"P19","Eucera.collaris","Fumana.ericifolia"
"P19","Eumerus.argyropus","Fumana.ericifolia"
"P19","Hylaeus.hyalinatus","Fumana.ericifolia"
"P19","Lasioglossum.albocinctum","Fumana.ericifolia"
"P19","Lasioglossum.bimaculatum","Fumana.ericifolia"
"P19","Lasioglossum.griseolum","Fumana.ericifolia"
"P19","Lasioglossum.malachurum","Fumana.ericifolia"
"P19","Lasioglossum.morio","Fumana.ericifolia"
"P19","Lasioglossum.subhirtum","Fumana.ericifolia"
"P19","Lasioglossum.transitorium","Fumana.ericifolia"
"P19","Lobonyx.aeneus","Fumana.ericifolia"
"P19","Megachile.pyrenaica","Fumana.ericifolia"
"P19","Meligethes.sp1","Fumana.ericifolia"
"P19","Merodon.funestus","Fumana.ericifolia"
"P19","Merodon.sp7/9","Fumana.ericifolia"
"P19","Minoa.murinata","Fumana.ericifolia"
"P19","Mordellistena.sp1","Fumana.ericifolia"
"P19","Oedemera.flavipes","Fumana.ericifolia"
"P19","Osmia.rufohirta","Fumana.ericifolia"
"P19","Oxythyrea.funesta","Fumana.ericifolia"
"P19","Platynochaetus.setosus","Fumana.ericifolia"
"P19","Polistes.dominulus","Fumana.ericifolia"
"P19","Pyronia.bathseba","Fumana.ericifolia"
"P19","Rhodanthidium.septemdentatum","Fumana.ericifolia"
"P19","Rhodanthidium.sticticum","Fumana.ericifolia"
"P19","Spermophagus.kuesteri","Fumana.ericifolia"
"P19","Tropinota.sp1","Fumana.ericifolia"
"P19","Trypoxylon.sp1","Fumana.ericifolia"
"P19","Adelidae.sp1","Gladiolus.illyricus"
"P19","Anaspis.sp1","Gladiolus.illyricus"
"P19","Andrena.angustior","Gladiolus.illyricus"
"P19","Andrena.djelfensis","Gladiolus.illyricus"
"P19","Andrena.flavipes","Gladiolus.illyricus"
"P19","Andrena.nigroaenea","Gladiolus.illyricus"
"P19","Andrena.senecionis","Gladiolus.illyricus"
"P19","Andrena.trimmerana","Gladiolus.illyricus"
"P19","Andrena.vulpecula","Gladiolus.illyricus"
"P19","Anthaxia.scutullaris","Gladiolus.illyricus"
"P19","Apis.mellifera","Gladiolus.illyricus"
"P19","Aplocnemus.calidus","Gladiolus.illyricus"
"P19","Bombus.terrestris","Gladiolus.illyricus"
"P19","Bruchidius.seminarius","Gladiolus.illyricus"
"P19","Ceratina.cucurbitina","Gladiolus.illyricus"
"P19","Danacea.longiceps","Gladiolus.illyricus"
"P19","Dasytes.nigroaeneus","Gladiolus.illyricus"
"P19","Eucera.collaris","Gladiolus.illyricus"
"P19","Eumerus.argyropus","Gladiolus.illyricus"
"P19","Hylaeus.hyalinatus","Gladiolus.illyricus"
"P19","Lasioglossum.albocinctum","Gladiolus.illyricus"
"P19","Lasioglossum.bimaculatum","Gladiolus.illyricus"
"P19","Lasioglossum.griseolum","Gladiolus.illyricus"
"P19","Lasioglossum.malachurum","Gladiolus.illyricus"
"P19","Lasioglossum.morio","Gladiolus.illyricus"
"P19","Lasioglossum.subhirtum","Gladiolus.illyricus"
"P19","Lasioglossum.transitorium","Gladiolus.illyricus"
"P19","Lobonyx.aeneus","Gladiolus.illyricus"
"P19","Megachile.pyrenaica","Gladiolus.illyricus"
"P19","Meligethes.sp1","Gladiolus.illyricus"
"P19","Merodon.funestus","Gladiolus.illyricus"
"P19","Merodon.sp7/9","Gladiolus.illyricus"
"P19","Minoa.murinata","Gladiolus.illyricus"
"P19","Mordellistena.sp1","Gladiolus.illyricus"
"P19","Oedemera.flavipes","Gladiolus.illyricus"
"P19","Osmia.rufohirta","Gladiolus.illyricus"
"P19","Oxythyrea.funesta","Gladiolus.illyricus"
"P19","Platynochaetus.setosus","Gladiolus.illyricus"
"P19","Polistes.dominulus","Gladiolus.illyricus"
"P19","Pyronia.bathseba","Gladiolus.illyricus"
"P19","Rhodanthidium.septemdentatum","Gladiolus.illyricus"
"P19","Rhodanthidium.sticticum","Gladiolus.illyricus"
"P19","Spermophagus.kuesteri","Gladiolus.illyricus"
"P19","Tropinota.sp1","Gladiolus.illyricus"
"P19","Trypoxylon.sp1","Gladiolus.illyricus"
"P19","Adelidae.sp1","Helianthemum.oelandicum.spp.italicum"
"P19","Anaspis.sp1","Helianthemum.oelandicum.spp.italicum"
"P19","Andrena.angustior","Helianthemum.oelandicum.spp.italicum"
"P19","Andrena.djelfensis","Helianthemum.oelandicum.spp.italicum"
"P19","Andrena.flavipes","Helianthemum.oelandicum.spp.italicum"
"P19","Andrena.nigroaenea","Helianthemum.oelandicum.spp.italicum"
"P19","Andrena.senecionis","Helianthemum.oelandicum.spp.italicum"
"P19","Andrena.trimmerana","Helianthemum.oelandicum.spp.italicum"
"P19","Andrena.vulpecula","Helianthemum.oelandicum.spp.italicum"
"P19","Anthaxia.scutullaris","Helianthemum.oelandicum.spp.italicum"
"P19","Apis.mellifera","Helianthemum.oelandicum.spp.italicum"
"P19","Aplocnemus.calidus","Helianthemum.oelandicum.spp.italicum"
"P19","Bombus.terrestris","Helianthemum.oelandicum.spp.italicum"
"P19","Bruchidius.seminarius","Helianthemum.oelandicum.spp.italicum"
"P19","Ceratina.cucurbitina","Helianthemum.oelandicum.spp.italicum"
"P19","Danacea.longiceps","Helianthemum.oelandicum.spp.italicum"
"P19","Dasytes.nigroaeneus","Helianthemum.oelandicum.spp.italicum"
"P19","Eucera.collaris","Helianthemum.oelandicum.spp.italicum"
"P19","Eumerus.argyropus","Helianthemum.oelandicum.spp.italicum"
"P19","Hylaeus.hyalinatus","Helianthemum.oelandicum.spp.italicum"
"P19","Lasioglossum.albocinctum","Helianthemum.oelandicum.spp.italicum"
"P19","Lasioglossum.bimaculatum","Helianthemum.oelandicum.spp.italicum"
"P19","Lasioglossum.griseolum","Helianthemum.oelandicum.spp.italicum"
"P19","Lasioglossum.malachurum","Helianthemum.oelandicum.spp.italicum"
"P19","Lasioglossum.morio","Helianthemum.oelandicum.spp.italicum"
"P19","Lasioglossum.subhirtum","Helianthemum.oelandicum.spp.italicum"
"P19","Lasioglossum.transitorium","Helianthemum.oelandicum.spp.italicum"
"P19","Lobonyx.aeneus","Helianthemum.oelandicum.spp.italicum"
"P19","Megachile.pyrenaica","Helianthemum.oelandicum.spp.italicum"
"P19","Meligethes.sp1","Helianthemum.oelandicum.spp.italicum"
"P19","Merodon.funestus","Helianthemum.oelandicum.spp.italicum"
"P19","Merodon.sp7/9","Helianthemum.oelandicum.spp.italicum"
"P19","Minoa.murinata","Helianthemum.oelandicum.spp.italicum"
"P19","Mordellistena.sp1","Helianthemum.oelandicum.spp.italicum"
"P19","Oedemera.flavipes","Helianthemum.oelandicum.spp.italicum"
"P19","Osmia.rufohirta","Helianthemum.oelandicum.spp.italicum"
"P19","Oxythyrea.funesta","Helianthemum.oelandicum.spp.italicum"
"P19","Platynochaetus.setosus","Helianthemum.oelandicum.spp.italicum"
"P19","Polistes.dominulus","Helianthemum.oelandicum.spp.italicum"
"P19","Pyronia.bathseba","Helianthemum.oelandicum.spp.italicum"
"P19","Rhodanthidium.septemdentatum","Helianthemum.oelandicum.spp.italicum"
"P19","Rhodanthidium.sticticum","Helianthemum.oelandicum.spp.italicum"
"P19","Spermophagus.kuesteri","Helianthemum.oelandicum.spp.italicum"
"P19","Tropinota.sp1","Helianthemum.oelandicum.spp.italicum"
"P19","Trypoxylon.sp1","Helianthemum.oelandicum.spp.italicum"
"P19","Adelidae.sp1","Linum.stricticum"
"P19","Anaspis.sp1","Linum.stricticum"
"P19","Andrena.angustior","Linum.stricticum"
"P19","Andrena.djelfensis","Linum.stricticum"
"P19","Andrena.flavipes","Linum.stricticum"
"P19","Andrena.nigroaenea","Linum.stricticum"
"P19","Andrena.senecionis","Linum.stricticum"
"P19","Andrena.trimmerana","Linum.stricticum"
"P19","Andrena.vulpecula","Linum.stricticum"
"P19","Anthaxia.scutullaris","Linum.stricticum"
"P19","Apis.mellifera","Linum.stricticum"
"P19","Aplocnemus.calidus","Linum.stricticum"
"P19","Bombus.terrestris","Linum.stricticum"
"P19","Bruchidius.seminarius","Linum.stricticum"
"P19","Ceratina.cucurbitina","Linum.stricticum"
"P19","Danacea.longiceps","Linum.stricticum"
"P19","Dasytes.nigroaeneus","Linum.stricticum"
"P19","Eucera.collaris","Linum.stricticum"
"P19","Eumerus.argyropus","Linum.stricticum"
"P19","Hylaeus.hyalinatus","Linum.stricticum"
"P19","Lasioglossum.albocinctum","Linum.stricticum"
"P19","Lasioglossum.bimaculatum","Linum.stricticum"
"P19","Lasioglossum.griseolum","Linum.stricticum"
"P19","Lasioglossum.malachurum","Linum.stricticum"
"P19","Lasioglossum.morio","Linum.stricticum"
"P19","Lasioglossum.subhirtum","Linum.stricticum"
"P19","Lasioglossum.transitorium","Linum.stricticum"
"P19","Lobonyx.aeneus","Linum.stricticum"
"P19","Megachile.pyrenaica","Linum.stricticum"
"P19","Meligethes.sp1","Linum.stricticum"
"P19","Merodon.funestus","Linum.stricticum"
"P19","Merodon.sp7/9","Linum.stricticum"
"P19","Minoa.murinata","Linum.stricticum"
"P19","Mordellistena.sp1","Linum.stricticum"
"P19","Oedemera.flavipes","Linum.stricticum"
"P19","Osmia.rufohirta","Linum.stricticum"
"P19","Oxythyrea.funesta","Linum.stricticum"
"P19","Platynochaetus.setosus","Linum.stricticum"
"P19","Polistes.dominulus","Linum.stricticum"
"P19","Pyronia.bathseba","Linum.stricticum"
"P19","Rhodanthidium.septemdentatum","Linum.stricticum"
"P19","Rhodanthidium.sticticum","Linum.stricticum"
"P19","Spermophagus.kuesteri","Linum.stricticum"
"P19","Tropinota.sp1","Linum.stricticum"
"P19","Trypoxylon.sp1","Linum.stricticum"
"P19","Adelidae.sp1","Muscari.neglectum"
"P19","Anaspis.sp1","Muscari.neglectum"
"P19","Andrena.angustior","Muscari.neglectum"
"P19","Andrena.djelfensis","Muscari.neglectum"
"P19","Andrena.flavipes","Muscari.neglectum"
"P19","Andrena.nigroaenea","Muscari.neglectum"
"P19","Andrena.senecionis","Muscari.neglectum"
"P19","Andrena.trimmerana","Muscari.neglectum"
"P19","Andrena.vulpecula","Muscari.neglectum"
"P19","Anthaxia.scutullaris","Muscari.neglectum"
"P19","Apis.mellifera","Muscari.neglectum"
"P19","Aplocnemus.calidus","Muscari.neglectum"
"P19","Bombus.terrestris","Muscari.neglectum"
"P19","Bruchidius.seminarius","Muscari.neglectum"
"P19","Ceratina.cucurbitina","Muscari.neglectum"
"P19","Danacea.longiceps","Muscari.neglectum"
"P19","Dasytes.nigroaeneus","Muscari.neglectum"
"P19","Eucera.collaris","Muscari.neglectum"
"P19","Eumerus.argyropus","Muscari.neglectum"
"P19","Hylaeus.hyalinatus","Muscari.neglectum"
"P19","Lasioglossum.albocinctum","Muscari.neglectum"
"P19","Lasioglossum.bimaculatum","Muscari.neglectum"
"P19","Lasioglossum.griseolum","Muscari.neglectum"
"P19","Lasioglossum.malachurum","Muscari.neglectum"
"P19","Lasioglossum.morio","Muscari.neglectum"
"P19","Lasioglossum.subhirtum","Muscari.neglectum"
"P19","Lasioglossum.transitorium","Muscari.neglectum"
"P19","Lobonyx.aeneus","Muscari.neglectum"
"P19","Megachile.pyrenaica","Muscari.neglectum"
"P19","Meligethes.sp1","Muscari.neglectum"
"P19","Merodon.funestus","Muscari.neglectum"
"P19","Merodon.sp7/9","Muscari.neglectum"
"P19","Minoa.murinata","Muscari.neglectum"
"P19","Mordellistena.sp1","Muscari.neglectum"
"P19","Oedemera.flavipes","Muscari.neglectum"
"P19","Osmia.rufohirta","Muscari.neglectum"
"P19","Oxythyrea.funesta","Muscari.neglectum"
"P19","Platynochaetus.setosus","Muscari.neglectum"
"P19","Polistes.dominulus","Muscari.neglectum"
"P19","Pyronia.bathseba","Muscari.neglectum"
"P19","Rhodanthidium.septemdentatum","Muscari.neglectum"
"P19","Rhodanthidium.sticticum","Muscari.neglectum"
"P19","Spermophagus.kuesteri","Muscari.neglectum"
"P19","Tropinota.sp1","Muscari.neglectum"
"P19","Trypoxylon.sp1","Muscari.neglectum"
"P19","Adelidae.sp1","Ononis.minutissima"
"P19","Anaspis.sp1","Ononis.minutissima"
"P19","Andrena.angustior","Ononis.minutissima"
"P19","Andrena.djelfensis","Ononis.minutissima"
"P19","Andrena.flavipes","Ononis.minutissima"
"P19","Andrena.nigroaenea","Ononis.minutissima"
"P19","Andrena.senecionis","Ononis.minutissima"
"P19","Andrena.trimmerana","Ononis.minutissima"
"P19","Andrena.vulpecula","Ononis.minutissima"
"P19","Anthaxia.scutullaris","Ononis.minutissima"
"P19","Apis.mellifera","Ononis.minutissima"
"P19","Aplocnemus.calidus","Ononis.minutissima"
"P19","Bombus.terrestris","Ononis.minutissima"
"P19","Bruchidius.seminarius","Ononis.minutissima"
"P19","Ceratina.cucurbitina","Ononis.minutissima"
"P19","Danacea.longiceps","Ononis.minutissima"
"P19","Dasytes.nigroaeneus","Ononis.minutissima"
"P19","Eucera.collaris","Ononis.minutissima"
"P19","Eumerus.argyropus","Ononis.minutissima"
"P19","Hylaeus.hyalinatus","Ononis.minutissima"
"P19","Lasioglossum.albocinctum","Ononis.minutissima"
"P19","Lasioglossum.bimaculatum","Ononis.minutissima"
"P19","Lasioglossum.griseolum","Ononis.minutissima"
"P19","Lasioglossum.malachurum","Ononis.minutissima"
"P19","Lasioglossum.morio","Ononis.minutissima"
"P19","Lasioglossum.subhirtum","Ononis.minutissima"
"P19","Lasioglossum.transitorium","Ononis.minutissima"
"P19","Lobonyx.aeneus","Ononis.minutissima"
"P19","Megachile.pyrenaica","Ononis.minutissima"
"P19","Meligethes.sp1","Ononis.minutissima"
"P19","Merodon.funestus","Ononis.minutissima"
"P19","Merodon.sp7/9","Ononis.minutissima"
"P19","Minoa.murinata","Ononis.minutissima"
"P19","Mordellistena.sp1","Ononis.minutissima"
"P19","Oedemera.flavipes","Ononis.minutissima"
"P19","Osmia.rufohirta","Ononis.minutissima"
"P19","Oxythyrea.funesta","Ononis.minutissima"
"P19","Platynochaetus.setosus","Ononis.minutissima"
"P19","Polistes.dominulus","Ononis.minutissima"
"P19","Pyronia.bathseba","Ononis.minutissima"
"P19","Rhodanthidium.septemdentatum","Ononis.minutissima"
"P19","Rhodanthidium.sticticum","Ononis.minutissima"
"P19","Spermophagus.kuesteri","Ononis.minutissima"
"P19","Tropinota.sp1","Ononis.minutissima"
"P19","Trypoxylon.sp1","Ononis.minutissima"
"P19","Adelidae.sp1","Potentilla.sp."
"P19","Anaspis.sp1","Potentilla.sp."
"P19","Andrena.angustior","Potentilla.sp."
"P19","Andrena.djelfensis","Potentilla.sp."
"P19","Andrena.flavipes","Potentilla.sp."
"P19","Andrena.nigroaenea","Potentilla.sp."
"P19","Andrena.senecionis","Potentilla.sp."
"P19","Andrena.trimmerana","Potentilla.sp."
"P19","Andrena.vulpecula","Potentilla.sp."
"P19","Anthaxia.scutullaris","Potentilla.sp."
"P19","Apis.mellifera","Potentilla.sp."
"P19","Aplocnemus.calidus","Potentilla.sp."
"P19","Bombus.terrestris","Potentilla.sp."
"P19","Bruchidius.seminarius","Potentilla.sp."
"P19","Ceratina.cucurbitina","Potentilla.sp."
"P19","Danacea.longiceps","Potentilla.sp."
"P19","Dasytes.nigroaeneus","Potentilla.sp."
"P19","Eucera.collaris","Potentilla.sp."
"P19","Eumerus.argyropus","Potentilla.sp."
"P19","Hylaeus.hyalinatus","Potentilla.sp."
"P19","Lasioglossum.albocinctum","Potentilla.sp."
"P19","Lasioglossum.bimaculatum","Potentilla.sp."
"P19","Lasioglossum.griseolum","Potentilla.sp."
"P19","Lasioglossum.malachurum","Potentilla.sp."
"P19","Lasioglossum.morio","Potentilla.sp."
"P19","Lasioglossum.subhirtum","Potentilla.sp."
"P19","Lasioglossum.transitorium","Potentilla.sp."
"P19","Lobonyx.aeneus","Potentilla.sp."
"P19","Megachile.pyrenaica","Potentilla.sp."
"P19","Meligethes.sp1","Potentilla.sp."
"P19","Merodon.funestus","Potentilla.sp."
"P19","Merodon.sp7/9","Potentilla.sp."
"P19","Minoa.murinata","Potentilla.sp."
"P19","Mordellistena.sp1","Potentilla.sp."
"P19","Oedemera.flavipes","Potentilla.sp."
"P19","Osmia.rufohirta","Potentilla.sp."
"P19","Oxythyrea.funesta","Potentilla.sp."
"P19","Platynochaetus.setosus","Potentilla.sp."
"P19","Polistes.dominulus","Potentilla.sp."
"P19","Pyronia.bathseba","Potentilla.sp."
"P19","Rhodanthidium.septemdentatum","Potentilla.sp."
"P19","Rhodanthidium.sticticum","Potentilla.sp."
"P19","Spermophagus.kuesteri","Potentilla.sp."
"P19","Tropinota.sp1","Potentilla.sp."
"P19","Trypoxylon.sp1","Potentilla.sp."
"P19","Adelidae.sp1","Rosmarinus.officinalis"
"P19","Anaspis.sp1","Rosmarinus.officinalis"
"P19","Andrena.angustior","Rosmarinus.officinalis"
"P19","Andrena.djelfensis","Rosmarinus.officinalis"
"P19","Andrena.flavipes","Rosmarinus.officinalis"
"P19","Andrena.nigroaenea","Rosmarinus.officinalis"
"P19","Andrena.senecionis","Rosmarinus.officinalis"
"P19","Andrena.trimmerana","Rosmarinus.officinalis"
"P19","Andrena.vulpecula","Rosmarinus.officinalis"
"P19","Anthaxia.scutullaris","Rosmarinus.officinalis"
"P19","Apis.mellifera","Rosmarinus.officinalis"
"P19","Aplocnemus.calidus","Rosmarinus.officinalis"
"P19","Bombus.terrestris","Rosmarinus.officinalis"
"P19","Bruchidius.seminarius","Rosmarinus.officinalis"
"P19","Ceratina.cucurbitina","Rosmarinus.officinalis"
"P19","Danacea.longiceps","Rosmarinus.officinalis"
"P19","Dasytes.nigroaeneus","Rosmarinus.officinalis"
"P19","Eucera.collaris","Rosmarinus.officinalis"
"P19","Eumerus.argyropus","Rosmarinus.officinalis"
"P19","Hylaeus.hyalinatus","Rosmarinus.officinalis"
"P19","Lasioglossum.albocinctum","Rosmarinus.officinalis"
"P19","Lasioglossum.bimaculatum","Rosmarinus.officinalis"
"P19","Lasioglossum.griseolum","Rosmarinus.officinalis"
"P19","Lasioglossum.malachurum","Rosmarinus.officinalis"
"P19","Lasioglossum.morio","Rosmarinus.officinalis"
"P19","Lasioglossum.subhirtum","Rosmarinus.officinalis"
"P19","Lasioglossum.transitorium","Rosmarinus.officinalis"
"P19","Lobonyx.aeneus","Rosmarinus.officinalis"
"P19","Megachile.pyrenaica","Rosmarinus.officinalis"
"P19","Meligethes.sp1","Rosmarinus.officinalis"
"P19","Merodon.funestus","Rosmarinus.officinalis"
"P19","Merodon.sp7/9","Rosmarinus.officinalis"
"P19","Minoa.murinata","Rosmarinus.officinalis"
"P19","Mordellistena.sp1","Rosmarinus.officinalis"
"P19","Oedemera.flavipes","Rosmarinus.officinalis"
"P19","Osmia.rufohirta","Rosmarinus.officinalis"
"P19","Oxythyrea.funesta","Rosmarinus.officinalis"
"P19","Platynochaetus.setosus","Rosmarinus.officinalis"
"P19","Polistes.dominulus","Rosmarinus.officinalis"
"P19","Pyronia.bathseba","Rosmarinus.officinalis"
"P19","Rhodanthidium.septemdentatum","Rosmarinus.officinalis"
"P19","Rhodanthidium.sticticum","Rosmarinus.officinalis"
"P19","Spermophagus.kuesteri","Rosmarinus.officinalis"
"P19","Tropinota.sp1","Rosmarinus.officinalis"
"P19","Trypoxylon.sp1","Rosmarinus.officinalis"
"P19","Adelidae.sp1","Teucrium.chamaedrys"
"P19","Anaspis.sp1","Teucrium.chamaedrys"
"P19","Andrena.angustior","Teucrium.chamaedrys"
"P19","Andrena.djelfensis","Teucrium.chamaedrys"
"P19","Andrena.flavipes","Teucrium.chamaedrys"
"P19","Andrena.nigroaenea","Teucrium.chamaedrys"
"P19","Andrena.senecionis","Teucrium.chamaedrys"
"P19","Andrena.trimmerana","Teucrium.chamaedrys"
"P19","Andrena.vulpecula","Teucrium.chamaedrys"
"P19","Anthaxia.scutullaris","Teucrium.chamaedrys"
"P19","Apis.mellifera","Teucrium.chamaedrys"
"P19","Aplocnemus.calidus","Teucrium.chamaedrys"
"P19","Bombus.terrestris","Teucrium.chamaedrys"
"P19","Bruchidius.seminarius","Teucrium.chamaedrys"
"P19","Ceratina.cucurbitina","Teucrium.chamaedrys"
"P19","Danacea.longiceps","Teucrium.chamaedrys"
"P19","Dasytes.nigroaeneus","Teucrium.chamaedrys"
"P19","Eucera.collaris","Teucrium.chamaedrys"
"P19","Eumerus.argyropus","Teucrium.chamaedrys"
"P19","Hylaeus.hyalinatus","Teucrium.chamaedrys"
"P19","Lasioglossum.albocinctum","Teucrium.chamaedrys"
"P19","Lasioglossum.bimaculatum","Teucrium.chamaedrys"
"P19","Lasioglossum.griseolum","Teucrium.chamaedrys"
"P19","Lasioglossum.malachurum","Teucrium.chamaedrys"
"P19","Lasioglossum.morio","Teucrium.chamaedrys"
"P19","Lasioglossum.subhirtum","Teucrium.chamaedrys"
"P19","Lasioglossum.transitorium","Teucrium.chamaedrys"
"P19","Lobonyx.aeneus","Teucrium.chamaedrys"
"P19","Megachile.pyrenaica","Teucrium.chamaedrys"
"P19","Meligethes.sp1","Teucrium.chamaedrys"
"P19","Merodon.funestus","Teucrium.chamaedrys"
"P19","Merodon.sp7/9","Teucrium.chamaedrys"
"P19","Minoa.murinata","Teucrium.chamaedrys"
"P19","Mordellistena.sp1","Teucrium.chamaedrys"
"P19","Oedemera.flavipes","Teucrium.chamaedrys"
"P19","Osmia.rufohirta","Teucrium.chamaedrys"
"P19","Oxythyrea.funesta","Teucrium.chamaedrys"
"P19","Platynochaetus.setosus","Teucrium.chamaedrys"
"P19","Polistes.dominulus","Teucrium.chamaedrys"
"P19","Pyronia.bathseba","Teucrium.chamaedrys"
"P19","Rhodanthidium.septemdentatum","Teucrium.chamaedrys"
"P19","Rhodanthidium.sticticum","Teucrium.chamaedrys"
"P19","Spermophagus.kuesteri","Teucrium.chamaedrys"
"P19","Tropinota.sp1","Teucrium.chamaedrys"
"P19","Trypoxylon.sp1","Teucrium.chamaedrys"
"P19","Adelidae.sp1","Thesium.divaricatum"
"P19","Anaspis.sp1","Thesium.divaricatum"
"P19","Andrena.angustior","Thesium.divaricatum"
"P19","Andrena.djelfensis","Thesium.divaricatum"
"P19","Andrena.flavipes","Thesium.divaricatum"
"P19","Andrena.nigroaenea","Thesium.divaricatum"
"P19","Andrena.senecionis","Thesium.divaricatum"
"P19","Andrena.trimmerana","Thesium.divaricatum"
"P19","Andrena.vulpecula","Thesium.divaricatum"
"P19","Anthaxia.scutullaris","Thesium.divaricatum"
"P19","Apis.mellifera","Thesium.divaricatum"
"P19","Aplocnemus.calidus","Thesium.divaricatum"
"P19","Bombus.terrestris","Thesium.divaricatum"
"P19","Bruchidius.seminarius","Thesium.divaricatum"
"P19","Ceratina.cucurbitina","Thesium.divaricatum"
"P19","Danacea.longiceps","Thesium.divaricatum"
"P19","Dasytes.nigroaeneus","Thesium.divaricatum"
"P19","Eucera.collaris","Thesium.divaricatum"
"P19","Eumerus.argyropus","Thesium.divaricatum"
"P19","Hylaeus.hyalinatus","Thesium.divaricatum"
"P19","Lasioglossum.albocinctum","Thesium.divaricatum"
"P19","Lasioglossum.bimaculatum","Thesium.divaricatum"
"P19","Lasioglossum.griseolum","Thesium.divaricatum"
"P19","Lasioglossum.malachurum","Thesium.divaricatum"
"P19","Lasioglossum.morio","Thesium.divaricatum"
"P19","Lasioglossum.subhirtum","Thesium.divaricatum"
"P19","Lasioglossum.transitorium","Thesium.divaricatum"
"P19","Lobonyx.aeneus","Thesium.divaricatum"
"P19","Megachile.pyrenaica","Thesium.divaricatum"
"P19","Meligethes.sp1","Thesium.divaricatum"
"P19","Merodon.funestus","Thesium.divaricatum"
"P19","Merodon.sp7/9","Thesium.divaricatum"
"P19","Minoa.murinata","Thesium.divaricatum"
"P19","Mordellistena.sp1","Thesium.divaricatum"
"P19","Oedemera.flavipes","Thesium.divaricatum"
"P19","Osmia.rufohirta","Thesium.divaricatum"
"P19","Oxythyrea.funesta","Thesium.divaricatum"
"P19","Platynochaetus.setosus","Thesium.divaricatum"
"P19","Polistes.dominulus","Thesium.divaricatum"
"P19","Pyronia.bathseba","Thesium.divaricatum"
"P19","Rhodanthidium.septemdentatum","Thesium.divaricatum"
"P19","Rhodanthidium.sticticum","Thesium.divaricatum"
"P19","Spermophagus.kuesteri","Thesium.divaricatum"
"P19","Tropinota.sp1","Thesium.divaricatum"
"P19","Trypoxylon.sp1","Thesium.divaricatum"
"P19","Adelidae.sp1","Thymus.vulgaris"
"P19","Anaspis.sp1","Thymus.vulgaris"
"P19","Andrena.angustior","Thymus.vulgaris"
"P19","Andrena.djelfensis","Thymus.vulgaris"
"P19","Andrena.flavipes","Thymus.vulgaris"
"P19","Andrena.nigroaenea","Thymus.vulgaris"
"P19","Andrena.senecionis","Thymus.vulgaris"
"P19","Andrena.trimmerana","Thymus.vulgaris"
"P19","Andrena.vulpecula","Thymus.vulgaris"
"P19","Anthaxia.scutullaris","Thymus.vulgaris"
"P19","Apis.mellifera","Thymus.vulgaris"
"P19","Aplocnemus.calidus","Thymus.vulgaris"
"P19","Bombus.terrestris","Thymus.vulgaris"
"P19","Bruchidius.seminarius","Thymus.vulgaris"
"P19","Ceratina.cucurbitina","Thymus.vulgaris"
"P19","Danacea.longiceps","Thymus.vulgaris"
"P19","Dasytes.nigroaeneus","Thymus.vulgaris"
"P19","Eucera.collaris","Thymus.vulgaris"
"P19","Eumerus.argyropus","Thymus.vulgaris"
"P19","Hylaeus.hyalinatus","Thymus.vulgaris"
"P19","Lasioglossum.albocinctum","Thymus.vulgaris"
"P19","Lasioglossum.bimaculatum","Thymus.vulgaris"
"P19","Lasioglossum.griseolum","Thymus.vulgaris"
"P19","Lasioglossum.malachurum","Thymus.vulgaris"
"P19","Lasioglossum.morio","Thymus.vulgaris"
"P19","Lasioglossum.subhirtum","Thymus.vulgaris"
"P19","Lasioglossum.transitorium","Thymus.vulgaris"
"P19","Lobonyx.aeneus","Thymus.vulgaris"
"P19","Megachile.pyrenaica","Thymus.vulgaris"
"P19","Meligethes.sp1","Thymus.vulgaris"
"P19","Merodon.funestus","Thymus.vulgaris"
"P19","Merodon.sp7/9","Thymus.vulgaris"
"P19","Minoa.murinata","Thymus.vulgaris"
"P19","Mordellistena.sp1","Thymus.vulgaris"
"P19","Oedemera.flavipes","Thymus.vulgaris"
"P19","Osmia.rufohirta","Thymus.vulgaris"
"P19","Oxythyrea.funesta","Thymus.vulgaris"
"P19","Platynochaetus.setosus","Thymus.vulgaris"
"P19","Polistes.dominulus","Thymus.vulgaris"
"P19","Pyronia.bathseba","Thymus.vulgaris"
"P19","Rhodanthidium.septemdentatum","Thymus.vulgaris"
"P19","Rhodanthidium.sticticum","Thymus.vulgaris"
"P19","Spermophagus.kuesteri","Thymus.vulgaris"
"P19","Tropinota.sp1","Thymus.vulgaris"
"P19","Trypoxylon.sp1","Thymus.vulgaris"
"P20","Acmaeodera.cylindrica","Aphyllanthes.monspeliensis"
"P20","Adelidae.sp1","Aphyllanthes.monspeliensis"
"P20","Anaspis.sp1","Aphyllanthes.monspeliensis"
"P20","Andrena.djelfensis","Aphyllanthes.monspeliensis"
"P20","Andrena.flavipes","Aphyllanthes.monspeliensis"
"P20","Andrena.lepida","Aphyllanthes.monspeliensis"
"P20","Andrena.nigroaenea","Aphyllanthes.monspeliensis"
"P20","Andrena.senecionis","Aphyllanthes.monspeliensis"
"P20","Andrena.vulpecula","Aphyllanthes.monspeliensis"
"P20","Anthaxia.millefolii","Aphyllanthes.monspeliensis"
"P20","Anthaxia.scutullaris","Aphyllanthes.monspeliensis"
"P20","Anthaxia.spinolae","Aphyllanthes.monspeliensis"
"P20","Anthocharis.euphenoides","Aphyllanthes.monspeliensis"
"P20","Anthophora.acervorum","Aphyllanthes.monspeliensis"
"P20","Anthophora.dispar","Aphyllanthes.monspeliensis"
"P20","Anthrenus.sp1","Aphyllanthes.monspeliensis"
"P20","Apis.mellifera","Aphyllanthes.monspeliensis"
"P20","Aplocnemus.calidus","Aphyllanthes.monspeliensis"
"P20","Athalia.bicolor","Aphyllanthes.monspeliensis"
"P20","Bombus.terrestris","Aphyllanthes.monspeliensis"
"P20","Callophrys.rubi","Aphyllanthes.monspeliensis"
"P20","Ceratina.cucurbitina","Aphyllanthes.monspeliensis"
"P20","Chryptocephalus.ramburi","Aphyllanthes.monspeliensis"
"P20","Chrysotoxum.cautum","Aphyllanthes.monspeliensis"
"P20","Clanoptilus.abdominalis","Aphyllanthes.monspeliensis"
"P20","Clytus.rhamni","Aphyllanthes.monspeliensis"
"P20","Danacea.longiceps","Aphyllanthes.monspeliensis"
"P20","Dasytes.nigroaeneus","Aphyllanthes.monspeliensis"
"P20","Eucera.elongatula","Aphyllanthes.monspeliensis"
"P20","Eumerus.argyropus","Aphyllanthes.monspeliensis"
"P20","Gonepteryx.cleopatra","Aphyllanthes.monspeliensis"
"P20","Halictus.gemmeus","Aphyllanthes.monspeliensis"
"P20","Hoplitis.anthocopoides","Aphyllanthes.monspeliensis"
"P20","Hylaeus.garrulus","Aphyllanthes.monspeliensis"
"P20","Hylaeus.hyalinatus","Aphyllanthes.monspeliensis"
"P20","Lasioglossum.albocinctum","Aphyllanthes.monspeliensis"
"P20","Lasioglossum.bimaculatum","Aphyllanthes.monspeliensis"
"P20","Lasioglossum.malachurum","Aphyllanthes.monspeliensis"
"P20","Lasioglossum.mediterraneum","Aphyllanthes.monspeliensis"
"P20","Lasioglossum.subhirtum","Aphyllanthes.monspeliensis"
"P20","Lasioglossum.transitorium","Aphyllanthes.monspeliensis"
"P20","Leptochilus.tarsatus","Aphyllanthes.monspeliensis"
"P20","Lobonyx.aeneus","Aphyllanthes.monspeliensis"
"P20","Meligethes.sp1","Aphyllanthes.monspeliensis"
"P20","Merodon.funestus","Aphyllanthes.monspeliensis"
"P20","Microhoria.plumbea","Aphyllanthes.monspeliensis"
"P20","Minoa.murinata","Aphyllanthes.monspeliensis"
"P20","Mordellistena.sp1","Aphyllanthes.monspeliensis"
"P20","Mordellistena.sp4","Aphyllanthes.monspeliensis"
"P20","Nomada.sheppardana","Aphyllanthes.monspeliensis"
"P20","Oedemera.flavipes","Aphyllanthes.monspeliensis"
"P20","Osmia.gallarum","Aphyllanthes.monspeliensis"
"P20","Osmia.rufohirta","Aphyllanthes.monspeliensis"
"P20","Oxythyrea.funesta","Aphyllanthes.monspeliensis"
"P20","Panurgus.dentipes","Aphyllanthes.monspeliensis"
"P20","Polistes.dominulus","Aphyllanthes.monspeliensis"
"P20","Protosmia.exenterata","Aphyllanthes.monspeliensis"
"P20","Pyronia.bathseba","Aphyllanthes.monspeliensis"
"P20","Rhodanthidium.septemdentatum","Aphyllanthes.monspeliensis"
"P20","Rhodanthidium.sticticum","Aphyllanthes.monspeliensis"
"P20","Stenurella.melanura","Aphyllanthes.monspeliensis"
"P20","Tropinota.sp1","Aphyllanthes.monspeliensis"
"P20","Zerynthia.rumina","Aphyllanthes.monspeliensis"
"P20","Acmaeodera.cylindrica","Biscutella.laevigata"
"P20","Adelidae.sp1","Biscutella.laevigata"
"P20","Anaspis.sp1","Biscutella.laevigata"
"P20","Andrena.djelfensis","Biscutella.laevigata"
"P20","Andrena.flavipes","Biscutella.laevigata"
"P20","Andrena.lepida","Biscutella.laevigata"
"P20","Andrena.nigroaenea","Biscutella.laevigata"
"P20","Andrena.senecionis","Biscutella.laevigata"
"P20","Andrena.vulpecula","Biscutella.laevigata"
"P20","Anthaxia.millefolii","Biscutella.laevigata"
"P20","Anthaxia.scutullaris","Biscutella.laevigata"
"P20","Anthaxia.spinolae","Biscutella.laevigata"
"P20","Anthocharis.euphenoides","Biscutella.laevigata"
"P20","Anthophora.acervorum","Biscutella.laevigata"
"P20","Anthophora.dispar","Biscutella.laevigata"
"P20","Anthrenus.sp1","Biscutella.laevigata"
"P20","Apis.mellifera","Biscutella.laevigata"
"P20","Aplocnemus.calidus","Biscutella.laevigata"
"P20","Athalia.bicolor","Biscutella.laevigata"
"P20","Bombus.terrestris","Biscutella.laevigata"
"P20","Callophrys.rubi","Biscutella.laevigata"
"P20","Ceratina.cucurbitina","Biscutella.laevigata"
"P20","Chryptocephalus.ramburi","Biscutella.laevigata"
"P20","Chrysotoxum.cautum","Biscutella.laevigata"
"P20","Clanoptilus.abdominalis","Biscutella.laevigata"
"P20","Clytus.rhamni","Biscutella.laevigata"
"P20","Danacea.longiceps","Biscutella.laevigata"
"P20","Dasytes.nigroaeneus","Biscutella.laevigata"
"P20","Eucera.elongatula","Biscutella.laevigata"
"P20","Eumerus.argyropus","Biscutella.laevigata"
"P20","Gonepteryx.cleopatra","Biscutella.laevigata"
"P20","Halictus.gemmeus","Biscutella.laevigata"
"P20","Hoplitis.anthocopoides","Biscutella.laevigata"
"P20","Hylaeus.garrulus","Biscutella.laevigata"
"P20","Hylaeus.hyalinatus","Biscutella.laevigata"
"P20","Lasioglossum.albocinctum","Biscutella.laevigata"
"P20","Lasioglossum.bimaculatum","Biscutella.laevigata"
"P20","Lasioglossum.malachurum","Biscutella.laevigata"
"P20","Lasioglossum.mediterraneum","Biscutella.laevigata"
"P20","Lasioglossum.subhirtum","Biscutella.laevigata"
"P20","Lasioglossum.transitorium","Biscutella.laevigata"
"P20","Leptochilus.tarsatus","Biscutella.laevigata"
"P20","Lobonyx.aeneus","Biscutella.laevigata"
"P20","Meligethes.sp1","Biscutella.laevigata"
"P20","Merodon.funestus","Biscutella.laevigata"
"P20","Microhoria.plumbea","Biscutella.laevigata"
"P20","Minoa.murinata","Biscutella.laevigata"
"P20","Mordellistena.sp1","Biscutella.laevigata"
"P20","Mordellistena.sp4","Biscutella.laevigata"
"P20","Nomada.sheppardana","Biscutella.laevigata"
"P20","Oedemera.flavipes","Biscutella.laevigata"
"P20","Osmia.gallarum","Biscutella.laevigata"
"P20","Osmia.rufohirta","Biscutella.laevigata"
"P20","Oxythyrea.funesta","Biscutella.laevigata"
"P20","Panurgus.dentipes","Biscutella.laevigata"
"P20","Polistes.dominulus","Biscutella.laevigata"
"P20","Protosmia.exenterata","Biscutella.laevigata"
"P20","Pyronia.bathseba","Biscutella.laevigata"
"P20","Rhodanthidium.septemdentatum","Biscutella.laevigata"
"P20","Rhodanthidium.sticticum","Biscutella.laevigata"
"P20","Stenurella.melanura","Biscutella.laevigata"
"P20","Tropinota.sp1","Biscutella.laevigata"
"P20","Zerynthia.rumina","Biscutella.laevigata"
"P20","Acmaeodera.cylindrica","Convolvulus.lanuginosus"
"P20","Adelidae.sp1","Convolvulus.lanuginosus"
"P20","Anaspis.sp1","Convolvulus.lanuginosus"
"P20","Andrena.djelfensis","Convolvulus.lanuginosus"
"P20","Andrena.flavipes","Convolvulus.lanuginosus"
"P20","Andrena.lepida","Convolvulus.lanuginosus"
"P20","Andrena.nigroaenea","Convolvulus.lanuginosus"
"P20","Andrena.senecionis","Convolvulus.lanuginosus"
"P20","Andrena.vulpecula","Convolvulus.lanuginosus"
"P20","Anthaxia.millefolii","Convolvulus.lanuginosus"
"P20","Anthaxia.scutullaris","Convolvulus.lanuginosus"
"P20","Anthaxia.spinolae","Convolvulus.lanuginosus"
"P20","Anthocharis.euphenoides","Convolvulus.lanuginosus"
"P20","Anthophora.acervorum","Convolvulus.lanuginosus"
"P20","Anthophora.dispar","Convolvulus.lanuginosus"
"P20","Anthrenus.sp1","Convolvulus.lanuginosus"
"P20","Apis.mellifera","Convolvulus.lanuginosus"
"P20","Aplocnemus.calidus","Convolvulus.lanuginosus"
"P20","Athalia.bicolor","Convolvulus.lanuginosus"
"P20","Bombus.terrestris","Convolvulus.lanuginosus"
"P20","Callophrys.rubi","Convolvulus.lanuginosus"
"P20","Ceratina.cucurbitina","Convolvulus.lanuginosus"
"P20","Chryptocephalus.ramburi","Convolvulus.lanuginosus"
"P20","Chrysotoxum.cautum","Convolvulus.lanuginosus"
"P20","Clanoptilus.abdominalis","Convolvulus.lanuginosus"
"P20","Clytus.rhamni","Convolvulus.lanuginosus"
"P20","Danacea.longiceps","Convolvulus.lanuginosus"
"P20","Dasytes.nigroaeneus","Convolvulus.lanuginosus"
"P20","Eucera.elongatula","Convolvulus.lanuginosus"
"P20","Eumerus.argyropus","Convolvulus.lanuginosus"
"P20","Gonepteryx.cleopatra","Convolvulus.lanuginosus"
"P20","Halictus.gemmeus","Convolvulus.lanuginosus"
"P20","Hoplitis.anthocopoides","Convolvulus.lanuginosus"
"P20","Hylaeus.garrulus","Convolvulus.lanuginosus"
"P20","Hylaeus.hyalinatus","Convolvulus.lanuginosus"
"P20","Lasioglossum.albocinctum","Convolvulus.lanuginosus"
"P20","Lasioglossum.bimaculatum","Convolvulus.lanuginosus"
"P20","Lasioglossum.malachurum","Convolvulus.lanuginosus"
"P20","Lasioglossum.mediterraneum","Convolvulus.lanuginosus"
"P20","Lasioglossum.subhirtum","Convolvulus.lanuginosus"
"P20","Lasioglossum.transitorium","Convolvulus.lanuginosus"
"P20","Leptochilus.tarsatus","Convolvulus.lanuginosus"
"P20","Lobonyx.aeneus","Convolvulus.lanuginosus"
"P20","Meligethes.sp1","Convolvulus.lanuginosus"
"P20","Merodon.funestus","Convolvulus.lanuginosus"
"P20","Microhoria.plumbea","Convolvulus.lanuginosus"
"P20","Minoa.murinata","Convolvulus.lanuginosus"
"P20","Mordellistena.sp1","Convolvulus.lanuginosus"
"P20","Mordellistena.sp4","Convolvulus.lanuginosus"
"P20","Nomada.sheppardana","Convolvulus.lanuginosus"
"P20","Oedemera.flavipes","Convolvulus.lanuginosus"
"P20","Osmia.gallarum","Convolvulus.lanuginosus"
"P20","Osmia.rufohirta","Convolvulus.lanuginosus"
"P20","Oxythyrea.funesta","Convolvulus.lanuginosus"
"P20","Panurgus.dentipes","Convolvulus.lanuginosus"
"P20","Polistes.dominulus","Convolvulus.lanuginosus"
"P20","Protosmia.exenterata","Convolvulus.lanuginosus"
"P20","Pyronia.bathseba","Convolvulus.lanuginosus"
"P20","Rhodanthidium.septemdentatum","Convolvulus.lanuginosus"
"P20","Rhodanthidium.sticticum","Convolvulus.lanuginosus"
"P20","Stenurella.melanura","Convolvulus.lanuginosus"
"P20","Tropinota.sp1","Convolvulus.lanuginosus"
"P20","Zerynthia.rumina","Convolvulus.lanuginosus"
"P20","Acmaeodera.cylindrica","Dorycnium.pentaphyllum"
"P20","Adelidae.sp1","Dorycnium.pentaphyllum"
"P20","Anaspis.sp1","Dorycnium.pentaphyllum"
"P20","Andrena.djelfensis","Dorycnium.pentaphyllum"
"P20","Andrena.flavipes","Dorycnium.pentaphyllum"
"P20","Andrena.lepida","Dorycnium.pentaphyllum"
"P20","Andrena.nigroaenea","Dorycnium.pentaphyllum"
"P20","Andrena.senecionis","Dorycnium.pentaphyllum"
"P20","Andrena.vulpecula","Dorycnium.pentaphyllum"
"P20","Anthaxia.millefolii","Dorycnium.pentaphyllum"
"P20","Anthaxia.scutullaris","Dorycnium.pentaphyllum"
"P20","Anthaxia.spinolae","Dorycnium.pentaphyllum"
"P20","Anthocharis.euphenoides","Dorycnium.pentaphyllum"
"P20","Anthophora.acervorum","Dorycnium.pentaphyllum"
"P20","Anthophora.dispar","Dorycnium.pentaphyllum"
"P20","Anthrenus.sp1","Dorycnium.pentaphyllum"
"P20","Apis.mellifera","Dorycnium.pentaphyllum"
"P20","Aplocnemus.calidus","Dorycnium.pentaphyllum"
"P20","Athalia.bicolor","Dorycnium.pentaphyllum"
"P20","Bombus.terrestris","Dorycnium.pentaphyllum"
"P20","Callophrys.rubi","Dorycnium.pentaphyllum"
"P20","Ceratina.cucurbitina","Dorycnium.pentaphyllum"
"P20","Chryptocephalus.ramburi","Dorycnium.pentaphyllum"
"P20","Chrysotoxum.cautum","Dorycnium.pentaphyllum"
"P20","Clanoptilus.abdominalis","Dorycnium.pentaphyllum"
"P20","Clytus.rhamni","Dorycnium.pentaphyllum"
"P20","Danacea.longiceps","Dorycnium.pentaphyllum"
"P20","Dasytes.nigroaeneus","Dorycnium.pentaphyllum"
"P20","Eucera.elongatula","Dorycnium.pentaphyllum"
"P20","Eumerus.argyropus","Dorycnium.pentaphyllum"
"P20","Gonepteryx.cleopatra","Dorycnium.pentaphyllum"
"P20","Halictus.gemmeus","Dorycnium.pentaphyllum"
"P20","Hoplitis.anthocopoides","Dorycnium.pentaphyllum"
"P20","Hylaeus.garrulus","Dorycnium.pentaphyllum"
"P20","Hylaeus.hyalinatus","Dorycnium.pentaphyllum"
"P20","Lasioglossum.albocinctum","Dorycnium.pentaphyllum"
"P20","Lasioglossum.bimaculatum","Dorycnium.pentaphyllum"
"P20","Lasioglossum.malachurum","Dorycnium.pentaphyllum"
"P20","Lasioglossum.mediterraneum","Dorycnium.pentaphyllum"
"P20","Lasioglossum.subhirtum","Dorycnium.pentaphyllum"
"P20","Lasioglossum.transitorium","Dorycnium.pentaphyllum"
"P20","Leptochilus.tarsatus","Dorycnium.pentaphyllum"
"P20","Lobonyx.aeneus","Dorycnium.pentaphyllum"
"P20","Meligethes.sp1","Dorycnium.pentaphyllum"
"P20","Merodon.funestus","Dorycnium.pentaphyllum"
"P20","Microhoria.plumbea","Dorycnium.pentaphyllum"
"P20","Minoa.murinata","Dorycnium.pentaphyllum"
"P20","Mordellistena.sp1","Dorycnium.pentaphyllum"
"P20","Mordellistena.sp4","Dorycnium.pentaphyllum"
"P20","Nomada.sheppardana","Dorycnium.pentaphyllum"
"P20","Oedemera.flavipes","Dorycnium.pentaphyllum"
"P20","Osmia.gallarum","Dorycnium.pentaphyllum"
"P20","Osmia.rufohirta","Dorycnium.pentaphyllum"
"P20","Oxythyrea.funesta","Dorycnium.pentaphyllum"
"P20","Panurgus.dentipes","Dorycnium.pentaphyllum"
"P20","Polistes.dominulus","Dorycnium.pentaphyllum"
"P20","Protosmia.exenterata","Dorycnium.pentaphyllum"
"P20","Pyronia.bathseba","Dorycnium.pentaphyllum"
"P20","Rhodanthidium.septemdentatum","Dorycnium.pentaphyllum"
"P20","Rhodanthidium.sticticum","Dorycnium.pentaphyllum"
"P20","Stenurella.melanura","Dorycnium.pentaphyllum"
"P20","Tropinota.sp1","Dorycnium.pentaphyllum"
"P20","Zerynthia.rumina","Dorycnium.pentaphyllum"
"P20","Acmaeodera.cylindrica","Fumana.ericifolia"
"P20","Adelidae.sp1","Fumana.ericifolia"
"P20","Anaspis.sp1","Fumana.ericifolia"
"P20","Andrena.djelfensis","Fumana.ericifolia"
"P20","Andrena.flavipes","Fumana.ericifolia"
"P20","Andrena.lepida","Fumana.ericifolia"
"P20","Andrena.nigroaenea","Fumana.ericifolia"
"P20","Andrena.senecionis","Fumana.ericifolia"
"P20","Andrena.vulpecula","Fumana.ericifolia"
"P20","Anthaxia.millefolii","Fumana.ericifolia"
"P20","Anthaxia.scutullaris","Fumana.ericifolia"
"P20","Anthaxia.spinolae","Fumana.ericifolia"
"P20","Anthocharis.euphenoides","Fumana.ericifolia"
"P20","Anthophora.acervorum","Fumana.ericifolia"
"P20","Anthophora.dispar","Fumana.ericifolia"
"P20","Anthrenus.sp1","Fumana.ericifolia"
"P20","Apis.mellifera","Fumana.ericifolia"
"P20","Aplocnemus.calidus","Fumana.ericifolia"
"P20","Athalia.bicolor","Fumana.ericifolia"
"P20","Bombus.terrestris","Fumana.ericifolia"
"P20","Callophrys.rubi","Fumana.ericifolia"
"P20","Ceratina.cucurbitina","Fumana.ericifolia"
"P20","Chryptocephalus.ramburi","Fumana.ericifolia"
"P20","Chrysotoxum.cautum","Fumana.ericifolia"
"P20","Clanoptilus.abdominalis","Fumana.ericifolia"
"P20","Clytus.rhamni","Fumana.ericifolia"
"P20","Danacea.longiceps","Fumana.ericifolia"
"P20","Dasytes.nigroaeneus","Fumana.ericifolia"
"P20","Eucera.elongatula","Fumana.ericifolia"
"P20","Eumerus.argyropus","Fumana.ericifolia"
"P20","Gonepteryx.cleopatra","Fumana.ericifolia"
"P20","Halictus.gemmeus","Fumana.ericifolia"
"P20","Hoplitis.anthocopoides","Fumana.ericifolia"
"P20","Hylaeus.garrulus","Fumana.ericifolia"
"P20","Hylaeus.hyalinatus","Fumana.ericifolia"
"P20","Lasioglossum.albocinctum","Fumana.ericifolia"
"P20","Lasioglossum.bimaculatum","Fumana.ericifolia"
"P20","Lasioglossum.malachurum","Fumana.ericifolia"
"P20","Lasioglossum.mediterraneum","Fumana.ericifolia"
"P20","Lasioglossum.subhirtum","Fumana.ericifolia"
"P20","Lasioglossum.transitorium","Fumana.ericifolia"
"P20","Leptochilus.tarsatus","Fumana.ericifolia"
"P20","Lobonyx.aeneus","Fumana.ericifolia"
"P20","Meligethes.sp1","Fumana.ericifolia"
"P20","Merodon.funestus","Fumana.ericifolia"
"P20","Microhoria.plumbea","Fumana.ericifolia"
"P20","Minoa.murinata","Fumana.ericifolia"
"P20","Mordellistena.sp1","Fumana.ericifolia"
"P20","Mordellistena.sp4","Fumana.ericifolia"
"P20","Nomada.sheppardana","Fumana.ericifolia"
"P20","Oedemera.flavipes","Fumana.ericifolia"
"P20","Osmia.gallarum","Fumana.ericifolia"
"P20","Osmia.rufohirta","Fumana.ericifolia"
"P20","Oxythyrea.funesta","Fumana.ericifolia"
"P20","Panurgus.dentipes","Fumana.ericifolia"
"P20","Polistes.dominulus","Fumana.ericifolia"
"P20","Protosmia.exenterata","Fumana.ericifolia"
"P20","Pyronia.bathseba","Fumana.ericifolia"
"P20","Rhodanthidium.septemdentatum","Fumana.ericifolia"
"P20","Rhodanthidium.sticticum","Fumana.ericifolia"
"P20","Stenurella.melanura","Fumana.ericifolia"
"P20","Tropinota.sp1","Fumana.ericifolia"
"P20","Zerynthia.rumina","Fumana.ericifolia"
"P20","Acmaeodera.cylindrica","Fumana.laevis"
"P20","Adelidae.sp1","Fumana.laevis"
"P20","Anaspis.sp1","Fumana.laevis"
"P20","Andrena.djelfensis","Fumana.laevis"
"P20","Andrena.flavipes","Fumana.laevis"
"P20","Andrena.lepida","Fumana.laevis"
"P20","Andrena.nigroaenea","Fumana.laevis"
"P20","Andrena.senecionis","Fumana.laevis"
"P20","Andrena.vulpecula","Fumana.laevis"
"P20","Anthaxia.millefolii","Fumana.laevis"
"P20","Anthaxia.scutullaris","Fumana.laevis"
"P20","Anthaxia.spinolae","Fumana.laevis"
"P20","Anthocharis.euphenoides","Fumana.laevis"
"P20","Anthophora.acervorum","Fumana.laevis"
"P20","Anthophora.dispar","Fumana.laevis"
"P20","Anthrenus.sp1","Fumana.laevis"
"P20","Apis.mellifera","Fumana.laevis"
"P20","Aplocnemus.calidus","Fumana.laevis"
"P20","Athalia.bicolor","Fumana.laevis"
"P20","Bombus.terrestris","Fumana.laevis"
"P20","Callophrys.rubi","Fumana.laevis"
"P20","Ceratina.cucurbitina","Fumana.laevis"
"P20","Chryptocephalus.ramburi","Fumana.laevis"
"P20","Chrysotoxum.cautum","Fumana.laevis"
"P20","Clanoptilus.abdominalis","Fumana.laevis"
"P20","Clytus.rhamni","Fumana.laevis"
"P20","Danacea.longiceps","Fumana.laevis"
"P20","Dasytes.nigroaeneus","Fumana.laevis"
"P20","Eucera.elongatula","Fumana.laevis"
"P20","Eumerus.argyropus","Fumana.laevis"
"P20","Gonepteryx.cleopatra","Fumana.laevis"
"P20","Halictus.gemmeus","Fumana.laevis"
"P20","Hoplitis.anthocopoides","Fumana.laevis"
"P20","Hylaeus.garrulus","Fumana.laevis"
"P20","Hylaeus.hyalinatus","Fumana.laevis"
"P20","Lasioglossum.albocinctum","Fumana.laevis"
"P20","Lasioglossum.bimaculatum","Fumana.laevis"
"P20","Lasioglossum.malachurum","Fumana.laevis"
"P20","Lasioglossum.mediterraneum","Fumana.laevis"
"P20","Lasioglossum.subhirtum","Fumana.laevis"
"P20","Lasioglossum.transitorium","Fumana.laevis"
"P20","Leptochilus.tarsatus","Fumana.laevis"
"P20","Lobonyx.aeneus","Fumana.laevis"
"P20","Meligethes.sp1","Fumana.laevis"
"P20","Merodon.funestus","Fumana.laevis"
"P20","Microhoria.plumbea","Fumana.laevis"
"P20","Minoa.murinata","Fumana.laevis"
"P20","Mordellistena.sp1","Fumana.laevis"
"P20","Mordellistena.sp4","Fumana.laevis"
"P20","Nomada.sheppardana","Fumana.laevis"
"P20","Oedemera.flavipes","Fumana.laevis"
"P20","Osmia.gallarum","Fumana.laevis"
"P20","Osmia.rufohirta","Fumana.laevis"
"P20","Oxythyrea.funesta","Fumana.laevis"
"P20","Panurgus.dentipes","Fumana.laevis"
"P20","Polistes.dominulus","Fumana.laevis"
"P20","Protosmia.exenterata","Fumana.laevis"
"P20","Pyronia.bathseba","Fumana.laevis"
"P20","Rhodanthidium.septemdentatum","Fumana.laevis"
"P20","Rhodanthidium.sticticum","Fumana.laevis"
"P20","Stenurella.melanura","Fumana.laevis"
"P20","Tropinota.sp1","Fumana.laevis"
"P20","Zerynthia.rumina","Fumana.laevis"
"P20","Acmaeodera.cylindrica","Galium.aparine"
"P20","Adelidae.sp1","Galium.aparine"
"P20","Anaspis.sp1","Galium.aparine"
"P20","Andrena.djelfensis","Galium.aparine"
"P20","Andrena.flavipes","Galium.aparine"
"P20","Andrena.lepida","Galium.aparine"
"P20","Andrena.nigroaenea","Galium.aparine"
"P20","Andrena.senecionis","Galium.aparine"
"P20","Andrena.vulpecula","Galium.aparine"
"P20","Anthaxia.millefolii","Galium.aparine"
"P20","Anthaxia.scutullaris","Galium.aparine"
"P20","Anthaxia.spinolae","Galium.aparine"
"P20","Anthocharis.euphenoides","Galium.aparine"
"P20","Anthophora.acervorum","Galium.aparine"
"P20","Anthophora.dispar","Galium.aparine"
"P20","Anthrenus.sp1","Galium.aparine"
"P20","Apis.mellifera","Galium.aparine"
"P20","Aplocnemus.calidus","Galium.aparine"
"P20","Athalia.bicolor","Galium.aparine"
"P20","Bombus.terrestris","Galium.aparine"
"P20","Callophrys.rubi","Galium.aparine"
"P20","Ceratina.cucurbitina","Galium.aparine"
"P20","Chryptocephalus.ramburi","Galium.aparine"
"P20","Chrysotoxum.cautum","Galium.aparine"
"P20","Clanoptilus.abdominalis","Galium.aparine"
"P20","Clytus.rhamni","Galium.aparine"
"P20","Danacea.longiceps","Galium.aparine"
"P20","Dasytes.nigroaeneus","Galium.aparine"
"P20","Eucera.elongatula","Galium.aparine"
"P20","Eumerus.argyropus","Galium.aparine"
"P20","Gonepteryx.cleopatra","Galium.aparine"
"P20","Halictus.gemmeus","Galium.aparine"
"P20","Hoplitis.anthocopoides","Galium.aparine"
"P20","Hylaeus.garrulus","Galium.aparine"
"P20","Hylaeus.hyalinatus","Galium.aparine"
"P20","Lasioglossum.albocinctum","Galium.aparine"
"P20","Lasioglossum.bimaculatum","Galium.aparine"
"P20","Lasioglossum.malachurum","Galium.aparine"
"P20","Lasioglossum.mediterraneum","Galium.aparine"
"P20","Lasioglossum.subhirtum","Galium.aparine"
"P20","Lasioglossum.transitorium","Galium.aparine"
"P20","Leptochilus.tarsatus","Galium.aparine"
"P20","Lobonyx.aeneus","Galium.aparine"
"P20","Meligethes.sp1","Galium.aparine"
"P20","Merodon.funestus","Galium.aparine"
"P20","Microhoria.plumbea","Galium.aparine"
"P20","Minoa.murinata","Galium.aparine"
"P20","Mordellistena.sp1","Galium.aparine"
"P20","Mordellistena.sp4","Galium.aparine"
"P20","Nomada.sheppardana","Galium.aparine"
"P20","Oedemera.flavipes","Galium.aparine"
"P20","Osmia.gallarum","Galium.aparine"
"P20","Osmia.rufohirta","Galium.aparine"
"P20","Oxythyrea.funesta","Galium.aparine"
"P20","Panurgus.dentipes","Galium.aparine"
"P20","Polistes.dominulus","Galium.aparine"
"P20","Protosmia.exenterata","Galium.aparine"
"P20","Pyronia.bathseba","Galium.aparine"
"P20","Rhodanthidium.septemdentatum","Galium.aparine"
"P20","Rhodanthidium.sticticum","Galium.aparine"
"P20","Stenurella.melanura","Galium.aparine"
"P20","Tropinota.sp1","Galium.aparine"
"P20","Zerynthia.rumina","Galium.aparine"
"P20","Acmaeodera.cylindrica","Helianthemum.oelandicum.spp.italicum"
"P20","Adelidae.sp1","Helianthemum.oelandicum.spp.italicum"
"P20","Anaspis.sp1","Helianthemum.oelandicum.spp.italicum"
"P20","Andrena.djelfensis","Helianthemum.oelandicum.spp.italicum"
"P20","Andrena.flavipes","Helianthemum.oelandicum.spp.italicum"
"P20","Andrena.lepida","Helianthemum.oelandicum.spp.italicum"
"P20","Andrena.nigroaenea","Helianthemum.oelandicum.spp.italicum"
"P20","Andrena.senecionis","Helianthemum.oelandicum.spp.italicum"
"P20","Andrena.vulpecula","Helianthemum.oelandicum.spp.italicum"
"P20","Anthaxia.millefolii","Helianthemum.oelandicum.spp.italicum"
"P20","Anthaxia.scutullaris","Helianthemum.oelandicum.spp.italicum"
"P20","Anthaxia.spinolae","Helianthemum.oelandicum.spp.italicum"
"P20","Anthocharis.euphenoides","Helianthemum.oelandicum.spp.italicum"
"P20","Anthophora.acervorum","Helianthemum.oelandicum.spp.italicum"
"P20","Anthophora.dispar","Helianthemum.oelandicum.spp.italicum"
"P20","Anthrenus.sp1","Helianthemum.oelandicum.spp.italicum"
"P20","Apis.mellifera","Helianthemum.oelandicum.spp.italicum"
"P20","Aplocnemus.calidus","Helianthemum.oelandicum.spp.italicum"
"P20","Athalia.bicolor","Helianthemum.oelandicum.spp.italicum"
"P20","Bombus.terrestris","Helianthemum.oelandicum.spp.italicum"
"P20","Callophrys.rubi","Helianthemum.oelandicum.spp.italicum"
"P20","Ceratina.cucurbitina","Helianthemum.oelandicum.spp.italicum"
"P20","Chryptocephalus.ramburi","Helianthemum.oelandicum.spp.italicum"
"P20","Chrysotoxum.cautum","Helianthemum.oelandicum.spp.italicum"
"P20","Clanoptilus.abdominalis","Helianthemum.oelandicum.spp.italicum"
"P20","Clytus.rhamni","Helianthemum.oelandicum.spp.italicum"
"P20","Danacea.longiceps","Helianthemum.oelandicum.spp.italicum"
"P20","Dasytes.nigroaeneus","Helianthemum.oelandicum.spp.italicum"
"P20","Eucera.elongatula","Helianthemum.oelandicum.spp.italicum"
"P20","Eumerus.argyropus","Helianthemum.oelandicum.spp.italicum"
"P20","Gonepteryx.cleopatra","Helianthemum.oelandicum.spp.italicum"
"P20","Halictus.gemmeus","Helianthemum.oelandicum.spp.italicum"
"P20","Hoplitis.anthocopoides","Helianthemum.oelandicum.spp.italicum"
"P20","Hylaeus.garrulus","Helianthemum.oelandicum.spp.italicum"
"P20","Hylaeus.hyalinatus","Helianthemum.oelandicum.spp.italicum"
"P20","Lasioglossum.albocinctum","Helianthemum.oelandicum.spp.italicum"
"P20","Lasioglossum.bimaculatum","Helianthemum.oelandicum.spp.italicum"
"P20","Lasioglossum.malachurum","Helianthemum.oelandicum.spp.italicum"
"P20","Lasioglossum.mediterraneum","Helianthemum.oelandicum.spp.italicum"
"P20","Lasioglossum.subhirtum","Helianthemum.oelandicum.spp.italicum"
"P20","Lasioglossum.transitorium","Helianthemum.oelandicum.spp.italicum"
"P20","Leptochilus.tarsatus","Helianthemum.oelandicum.spp.italicum"
"P20","Lobonyx.aeneus","Helianthemum.oelandicum.spp.italicum"
"P20","Meligethes.sp1","Helianthemum.oelandicum.spp.italicum"
"P20","Merodon.funestus","Helianthemum.oelandicum.spp.italicum"
"P20","Microhoria.plumbea","Helianthemum.oelandicum.spp.italicum"
"P20","Minoa.murinata","Helianthemum.oelandicum.spp.italicum"
"P20","Mordellistena.sp1","Helianthemum.oelandicum.spp.italicum"
"P20","Mordellistena.sp4","Helianthemum.oelandicum.spp.italicum"
"P20","Nomada.sheppardana","Helianthemum.oelandicum.spp.italicum"
"P20","Oedemera.flavipes","Helianthemum.oelandicum.spp.italicum"
"P20","Osmia.gallarum","Helianthemum.oelandicum.spp.italicum"
"P20","Osmia.rufohirta","Helianthemum.oelandicum.spp.italicum"
"P20","Oxythyrea.funesta","Helianthemum.oelandicum.spp.italicum"
"P20","Panurgus.dentipes","Helianthemum.oelandicum.spp.italicum"
"P20","Polistes.dominulus","Helianthemum.oelandicum.spp.italicum"
"P20","Protosmia.exenterata","Helianthemum.oelandicum.spp.italicum"
"P20","Pyronia.bathseba","Helianthemum.oelandicum.spp.italicum"
"P20","Rhodanthidium.septemdentatum","Helianthemum.oelandicum.spp.italicum"
"P20","Rhodanthidium.sticticum","Helianthemum.oelandicum.spp.italicum"
"P20","Stenurella.melanura","Helianthemum.oelandicum.spp.italicum"
"P20","Tropinota.sp1","Helianthemum.oelandicum.spp.italicum"
"P20","Zerynthia.rumina","Helianthemum.oelandicum.spp.italicum"
"P20","Acmaeodera.cylindrica","Helichrysum.stoechas"
"P20","Adelidae.sp1","Helichrysum.stoechas"
"P20","Anaspis.sp1","Helichrysum.stoechas"
"P20","Andrena.djelfensis","Helichrysum.stoechas"
"P20","Andrena.flavipes","Helichrysum.stoechas"
"P20","Andrena.lepida","Helichrysum.stoechas"
"P20","Andrena.nigroaenea","Helichrysum.stoechas"
"P20","Andrena.senecionis","Helichrysum.stoechas"
"P20","Andrena.vulpecula","Helichrysum.stoechas"
"P20","Anthaxia.millefolii","Helichrysum.stoechas"
"P20","Anthaxia.scutullaris","Helichrysum.stoechas"
"P20","Anthaxia.spinolae","Helichrysum.stoechas"
"P20","Anthocharis.euphenoides","Helichrysum.stoechas"
"P20","Anthophora.acervorum","Helichrysum.stoechas"
"P20","Anthophora.dispar","Helichrysum.stoechas"
"P20","Anthrenus.sp1","Helichrysum.stoechas"
"P20","Apis.mellifera","Helichrysum.stoechas"
"P20","Aplocnemus.calidus","Helichrysum.stoechas"
"P20","Athalia.bicolor","Helichrysum.stoechas"
"P20","Bombus.terrestris","Helichrysum.stoechas"
"P20","Callophrys.rubi","Helichrysum.stoechas"
"P20","Ceratina.cucurbitina","Helichrysum.stoechas"
"P20","Chryptocephalus.ramburi","Helichrysum.stoechas"
"P20","Chrysotoxum.cautum","Helichrysum.stoechas"
"P20","Clanoptilus.abdominalis","Helichrysum.stoechas"
"P20","Clytus.rhamni","Helichrysum.stoechas"
"P20","Danacea.longiceps","Helichrysum.stoechas"
"P20","Dasytes.nigroaeneus","Helichrysum.stoechas"
"P20","Eucera.elongatula","Helichrysum.stoechas"
"P20","Eumerus.argyropus","Helichrysum.stoechas"
"P20","Gonepteryx.cleopatra","Helichrysum.stoechas"
"P20","Halictus.gemmeus","Helichrysum.stoechas"
"P20","Hoplitis.anthocopoides","Helichrysum.stoechas"
"P20","Hylaeus.garrulus","Helichrysum.stoechas"
"P20","Hylaeus.hyalinatus","Helichrysum.stoechas"
"P20","Lasioglossum.albocinctum","Helichrysum.stoechas"
"P20","Lasioglossum.bimaculatum","Helichrysum.stoechas"
"P20","Lasioglossum.malachurum","Helichrysum.stoechas"
"P20","Lasioglossum.mediterraneum","Helichrysum.stoechas"
"P20","Lasioglossum.subhirtum","Helichrysum.stoechas"
"P20","Lasioglossum.transitorium","Helichrysum.stoechas"
"P20","Leptochilus.tarsatus","Helichrysum.stoechas"
"P20","Lobonyx.aeneus","Helichrysum.stoechas"
"P20","Meligethes.sp1","Helichrysum.stoechas"
"P20","Merodon.funestus","Helichrysum.stoechas"
"P20","Microhoria.plumbea","Helichrysum.stoechas"
"P20","Minoa.murinata","Helichrysum.stoechas"
"P20","Mordellistena.sp1","Helichrysum.stoechas"
"P20","Mordellistena.sp4","Helichrysum.stoechas"
"P20","Nomada.sheppardana","Helichrysum.stoechas"
"P20","Oedemera.flavipes","Helichrysum.stoechas"
"P20","Osmia.gallarum","Helichrysum.stoechas"
"P20","Osmia.rufohirta","Helichrysum.stoechas"
"P20","Oxythyrea.funesta","Helichrysum.stoechas"
"P20","Panurgus.dentipes","Helichrysum.stoechas"
"P20","Polistes.dominulus","Helichrysum.stoechas"
"P20","Protosmia.exenterata","Helichrysum.stoechas"
"P20","Pyronia.bathseba","Helichrysum.stoechas"
"P20","Rhodanthidium.septemdentatum","Helichrysum.stoechas"
"P20","Rhodanthidium.sticticum","Helichrysum.stoechas"
"P20","Stenurella.melanura","Helichrysum.stoechas"
"P20","Tropinota.sp1","Helichrysum.stoechas"
"P20","Zerynthia.rumina","Helichrysum.stoechas"
"P20","Acmaeodera.cylindrica","Ononis.minutissima"
"P20","Adelidae.sp1","Ononis.minutissima"
"P20","Anaspis.sp1","Ononis.minutissima"
"P20","Andrena.djelfensis","Ononis.minutissima"
"P20","Andrena.flavipes","Ononis.minutissima"
"P20","Andrena.lepida","Ononis.minutissima"
"P20","Andrena.nigroaenea","Ononis.minutissima"
"P20","Andrena.senecionis","Ononis.minutissima"
"P20","Andrena.vulpecula","Ononis.minutissima"
"P20","Anthaxia.millefolii","Ononis.minutissima"
"P20","Anthaxia.scutullaris","Ononis.minutissima"
"P20","Anthaxia.spinolae","Ononis.minutissima"
"P20","Anthocharis.euphenoides","Ononis.minutissima"
"P20","Anthophora.acervorum","Ononis.minutissima"
"P20","Anthophora.dispar","Ononis.minutissima"
"P20","Anthrenus.sp1","Ononis.minutissima"
"P20","Apis.mellifera","Ononis.minutissima"
"P20","Aplocnemus.calidus","Ononis.minutissima"
"P20","Athalia.bicolor","Ononis.minutissima"
"P20","Bombus.terrestris","Ononis.minutissima"
"P20","Callophrys.rubi","Ononis.minutissima"
"P20","Ceratina.cucurbitina","Ononis.minutissima"
"P20","Chryptocephalus.ramburi","Ononis.minutissima"
"P20","Chrysotoxum.cautum","Ononis.minutissima"
"P20","Clanoptilus.abdominalis","Ononis.minutissima"
"P20","Clytus.rhamni","Ononis.minutissima"
"P20","Danacea.longiceps","Ononis.minutissima"
"P20","Dasytes.nigroaeneus","Ononis.minutissima"
"P20","Eucera.elongatula","Ononis.minutissima"
"P20","Eumerus.argyropus","Ononis.minutissima"
"P20","Gonepteryx.cleopatra","Ononis.minutissima"
"P20","Halictus.gemmeus","Ononis.minutissima"
"P20","Hoplitis.anthocopoides","Ononis.minutissima"
"P20","Hylaeus.garrulus","Ononis.minutissima"
"P20","Hylaeus.hyalinatus","Ononis.minutissima"
"P20","Lasioglossum.albocinctum","Ononis.minutissima"
"P20","Lasioglossum.bimaculatum","Ononis.minutissima"
"P20","Lasioglossum.malachurum","Ononis.minutissima"
"P20","Lasioglossum.mediterraneum","Ononis.minutissima"
"P20","Lasioglossum.subhirtum","Ononis.minutissima"
"P20","Lasioglossum.transitorium","Ononis.minutissima"
"P20","Leptochilus.tarsatus","Ononis.minutissima"
"P20","Lobonyx.aeneus","Ononis.minutissima"
"P20","Meligethes.sp1","Ononis.minutissima"
"P20","Merodon.funestus","Ononis.minutissima"
"P20","Microhoria.plumbea","Ononis.minutissima"
"P20","Minoa.murinata","Ononis.minutissima"
"P20","Mordellistena.sp1","Ononis.minutissima"
"P20","Mordellistena.sp4","Ononis.minutissima"
"P20","Nomada.sheppardana","Ononis.minutissima"
"P20","Oedemera.flavipes","Ononis.minutissima"
"P20","Osmia.gallarum","Ononis.minutissima"
"P20","Osmia.rufohirta","Ononis.minutissima"
"P20","Oxythyrea.funesta","Ononis.minutissima"
"P20","Panurgus.dentipes","Ononis.minutissima"
"P20","Polistes.dominulus","Ononis.minutissima"
"P20","Protosmia.exenterata","Ononis.minutissima"
"P20","Pyronia.bathseba","Ononis.minutissima"
"P20","Rhodanthidium.septemdentatum","Ononis.minutissima"
"P20","Rhodanthidium.sticticum","Ononis.minutissima"
"P20","Stenurella.melanura","Ononis.minutissima"
"P20","Tropinota.sp1","Ononis.minutissima"
"P20","Zerynthia.rumina","Ononis.minutissima"
"P20","Acmaeodera.cylindrica","Orobanche.latisquama"
"P20","Adelidae.sp1","Orobanche.latisquama"
"P20","Anaspis.sp1","Orobanche.latisquama"
"P20","Andrena.djelfensis","Orobanche.latisquama"
"P20","Andrena.flavipes","Orobanche.latisquama"
"P20","Andrena.lepida","Orobanche.latisquama"
"P20","Andrena.nigroaenea","Orobanche.latisquama"
"P20","Andrena.senecionis","Orobanche.latisquama"
"P20","Andrena.vulpecula","Orobanche.latisquama"
"P20","Anthaxia.millefolii","Orobanche.latisquama"
"P20","Anthaxia.scutullaris","Orobanche.latisquama"
"P20","Anthaxia.spinolae","Orobanche.latisquama"
"P20","Anthocharis.euphenoides","Orobanche.latisquama"
"P20","Anthophora.acervorum","Orobanche.latisquama"
"P20","Anthophora.dispar","Orobanche.latisquama"
"P20","Anthrenus.sp1","Orobanche.latisquama"
"P20","Apis.mellifera","Orobanche.latisquama"
"P20","Aplocnemus.calidus","Orobanche.latisquama"
"P20","Athalia.bicolor","Orobanche.latisquama"
"P20","Bombus.terrestris","Orobanche.latisquama"
"P20","Callophrys.rubi","Orobanche.latisquama"
"P20","Ceratina.cucurbitina","Orobanche.latisquama"
"P20","Chryptocephalus.ramburi","Orobanche.latisquama"
"P20","Chrysotoxum.cautum","Orobanche.latisquama"
"P20","Clanoptilus.abdominalis","Orobanche.latisquama"
"P20","Clytus.rhamni","Orobanche.latisquama"
"P20","Danacea.longiceps","Orobanche.latisquama"
"P20","Dasytes.nigroaeneus","Orobanche.latisquama"
"P20","Eucera.elongatula","Orobanche.latisquama"
"P20","Eumerus.argyropus","Orobanche.latisquama"
"P20","Gonepteryx.cleopatra","Orobanche.latisquama"
"P20","Halictus.gemmeus","Orobanche.latisquama"
"P20","Hoplitis.anthocopoides","Orobanche.latisquama"
"P20","Hylaeus.garrulus","Orobanche.latisquama"
"P20","Hylaeus.hyalinatus","Orobanche.latisquama"
"P20","Lasioglossum.albocinctum","Orobanche.latisquama"
"P20","Lasioglossum.bimaculatum","Orobanche.latisquama"
"P20","Lasioglossum.malachurum","Orobanche.latisquama"
"P20","Lasioglossum.mediterraneum","Orobanche.latisquama"
"P20","Lasioglossum.subhirtum","Orobanche.latisquama"
"P20","Lasioglossum.transitorium","Orobanche.latisquama"
"P20","Leptochilus.tarsatus","Orobanche.latisquama"
"P20","Lobonyx.aeneus","Orobanche.latisquama"
"P20","Meligethes.sp1","Orobanche.latisquama"
"P20","Merodon.funestus","Orobanche.latisquama"
"P20","Microhoria.plumbea","Orobanche.latisquama"
"P20","Minoa.murinata","Orobanche.latisquama"
"P20","Mordellistena.sp1","Orobanche.latisquama"
"P20","Mordellistena.sp4","Orobanche.latisquama"
"P20","Nomada.sheppardana","Orobanche.latisquama"
"P20","Oedemera.flavipes","Orobanche.latisquama"
"P20","Osmia.gallarum","Orobanche.latisquama"
"P20","Osmia.rufohirta","Orobanche.latisquama"
"P20","Oxythyrea.funesta","Orobanche.latisquama"
"P20","Panurgus.dentipes","Orobanche.latisquama"
"P20","Polistes.dominulus","Orobanche.latisquama"
"P20","Protosmia.exenterata","Orobanche.latisquama"
"P20","Pyronia.bathseba","Orobanche.latisquama"
"P20","Rhodanthidium.septemdentatum","Orobanche.latisquama"
"P20","Rhodanthidium.sticticum","Orobanche.latisquama"
"P20","Stenurella.melanura","Orobanche.latisquama"
"P20","Tropinota.sp1","Orobanche.latisquama"
"P20","Zerynthia.rumina","Orobanche.latisquama"
"P20","Acmaeodera.cylindrica","Rosmarinus.officinalis"
"P20","Adelidae.sp1","Rosmarinus.officinalis"
"P20","Anaspis.sp1","Rosmarinus.officinalis"
"P20","Andrena.djelfensis","Rosmarinus.officinalis"
"P20","Andrena.flavipes","Rosmarinus.officinalis"
"P20","Andrena.lepida","Rosmarinus.officinalis"
"P20","Andrena.nigroaenea","Rosmarinus.officinalis"
"P20","Andrena.senecionis","Rosmarinus.officinalis"
"P20","Andrena.vulpecula","Rosmarinus.officinalis"
"P20","Anthaxia.millefolii","Rosmarinus.officinalis"
"P20","Anthaxia.scutullaris","Rosmarinus.officinalis"
"P20","Anthaxia.spinolae","Rosmarinus.officinalis"
"P20","Anthocharis.euphenoides","Rosmarinus.officinalis"
"P20","Anthophora.acervorum","Rosmarinus.officinalis"
"P20","Anthophora.dispar","Rosmarinus.officinalis"
"P20","Anthrenus.sp1","Rosmarinus.officinalis"
"P20","Apis.mellifera","Rosmarinus.officinalis"
"P20","Aplocnemus.calidus","Rosmarinus.officinalis"
"P20","Athalia.bicolor","Rosmarinus.officinalis"
"P20","Bombus.terrestris","Rosmarinus.officinalis"
"P20","Callophrys.rubi","Rosmarinus.officinalis"
"P20","Ceratina.cucurbitina","Rosmarinus.officinalis"
"P20","Chryptocephalus.ramburi","Rosmarinus.officinalis"
"P20","Chrysotoxum.cautum","Rosmarinus.officinalis"
"P20","Clanoptilus.abdominalis","Rosmarinus.officinalis"
"P20","Clytus.rhamni","Rosmarinus.officinalis"
"P20","Danacea.longiceps","Rosmarinus.officinalis"
"P20","Dasytes.nigroaeneus","Rosmarinus.officinalis"
"P20","Eucera.elongatula","Rosmarinus.officinalis"
"P20","Eumerus.argyropus","Rosmarinus.officinalis"
"P20","Gonepteryx.cleopatra","Rosmarinus.officinalis"
"P20","Halictus.gemmeus","Rosmarinus.officinalis"
"P20","Hoplitis.anthocopoides","Rosmarinus.officinalis"
"P20","Hylaeus.garrulus","Rosmarinus.officinalis"
"P20","Hylaeus.hyalinatus","Rosmarinus.officinalis"
"P20","Lasioglossum.albocinctum","Rosmarinus.officinalis"
"P20","Lasioglossum.bimaculatum","Rosmarinus.officinalis"
"P20","Lasioglossum.malachurum","Rosmarinus.officinalis"
"P20","Lasioglossum.mediterraneum","Rosmarinus.officinalis"
"P20","Lasioglossum.subhirtum","Rosmarinus.officinalis"
"P20","Lasioglossum.transitorium","Rosmarinus.officinalis"
"P20","Leptochilus.tarsatus","Rosmarinus.officinalis"
"P20","Lobonyx.aeneus","Rosmarinus.officinalis"
"P20","Meligethes.sp1","Rosmarinus.officinalis"
"P20","Merodon.funestus","Rosmarinus.officinalis"
"P20","Microhoria.plumbea","Rosmarinus.officinalis"
"P20","Minoa.murinata","Rosmarinus.officinalis"
"P20","Mordellistena.sp1","Rosmarinus.officinalis"
"P20","Mordellistena.sp4","Rosmarinus.officinalis"
"P20","Nomada.sheppardana","Rosmarinus.officinalis"
"P20","Oedemera.flavipes","Rosmarinus.officinalis"
"P20","Osmia.gallarum","Rosmarinus.officinalis"
"P20","Osmia.rufohirta","Rosmarinus.officinalis"
"P20","Oxythyrea.funesta","Rosmarinus.officinalis"
"P20","Panurgus.dentipes","Rosmarinus.officinalis"
"P20","Polistes.dominulus","Rosmarinus.officinalis"
"P20","Protosmia.exenterata","Rosmarinus.officinalis"
"P20","Pyronia.bathseba","Rosmarinus.officinalis"
"P20","Rhodanthidium.septemdentatum","Rosmarinus.officinalis"
"P20","Rhodanthidium.sticticum","Rosmarinus.officinalis"
"P20","Stenurella.melanura","Rosmarinus.officinalis"
"P20","Tropinota.sp1","Rosmarinus.officinalis"
"P20","Zerynthia.rumina","Rosmarinus.officinalis"
"P20","Acmaeodera.cylindrica","Teucrium.chamaedrys"
"P20","Adelidae.sp1","Teucrium.chamaedrys"
"P20","Anaspis.sp1","Teucrium.chamaedrys"
"P20","Andrena.djelfensis","Teucrium.chamaedrys"
"P20","Andrena.flavipes","Teucrium.chamaedrys"
"P20","Andrena.lepida","Teucrium.chamaedrys"
"P20","Andrena.nigroaenea","Teucrium.chamaedrys"
"P20","Andrena.senecionis","Teucrium.chamaedrys"
"P20","Andrena.vulpecula","Teucrium.chamaedrys"
"P20","Anthaxia.millefolii","Teucrium.chamaedrys"
"P20","Anthaxia.scutullaris","Teucrium.chamaedrys"
"P20","Anthaxia.spinolae","Teucrium.chamaedrys"
"P20","Anthocharis.euphenoides","Teucrium.chamaedrys"
"P20","Anthophora.acervorum","Teucrium.chamaedrys"
"P20","Anthophora.dispar","Teucrium.chamaedrys"
"P20","Anthrenus.sp1","Teucrium.chamaedrys"
"P20","Apis.mellifera","Teucrium.chamaedrys"
"P20","Aplocnemus.calidus","Teucrium.chamaedrys"
"P20","Athalia.bicolor","Teucrium.chamaedrys"
"P20","Bombus.terrestris","Teucrium.chamaedrys"
"P20","Callophrys.rubi","Teucrium.chamaedrys"
"P20","Ceratina.cucurbitina","Teucrium.chamaedrys"
"P20","Chryptocephalus.ramburi","Teucrium.chamaedrys"
"P20","Chrysotoxum.cautum","Teucrium.chamaedrys"
"P20","Clanoptilus.abdominalis","Teucrium.chamaedrys"
"P20","Clytus.rhamni","Teucrium.chamaedrys"
"P20","Danacea.longiceps","Teucrium.chamaedrys"
"P20","Dasytes.nigroaeneus","Teucrium.chamaedrys"
"P20","Eucera.elongatula","Teucrium.chamaedrys"
"P20","Eumerus.argyropus","Teucrium.chamaedrys"
"P20","Gonepteryx.cleopatra","Teucrium.chamaedrys"
"P20","Halictus.gemmeus","Teucrium.chamaedrys"
"P20","Hoplitis.anthocopoides","Teucrium.chamaedrys"
"P20","Hylaeus.garrulus","Teucrium.chamaedrys"
"P20","Hylaeus.hyalinatus","Teucrium.chamaedrys"
"P20","Lasioglossum.albocinctum","Teucrium.chamaedrys"
"P20","Lasioglossum.bimaculatum","Teucrium.chamaedrys"
"P20","Lasioglossum.malachurum","Teucrium.chamaedrys"
"P20","Lasioglossum.mediterraneum","Teucrium.chamaedrys"
"P20","Lasioglossum.subhirtum","Teucrium.chamaedrys"
"P20","Lasioglossum.transitorium","Teucrium.chamaedrys"
"P20","Leptochilus.tarsatus","Teucrium.chamaedrys"
"P20","Lobonyx.aeneus","Teucrium.chamaedrys"
"P20","Meligethes.sp1","Teucrium.chamaedrys"
"P20","Merodon.funestus","Teucrium.chamaedrys"
"P20","Microhoria.plumbea","Teucrium.chamaedrys"
"P20","Minoa.murinata","Teucrium.chamaedrys"
"P20","Mordellistena.sp1","Teucrium.chamaedrys"
"P20","Mordellistena.sp4","Teucrium.chamaedrys"
"P20","Nomada.sheppardana","Teucrium.chamaedrys"
"P20","Oedemera.flavipes","Teucrium.chamaedrys"
"P20","Osmia.gallarum","Teucrium.chamaedrys"
"P20","Osmia.rufohirta","Teucrium.chamaedrys"
"P20","Oxythyrea.funesta","Teucrium.chamaedrys"
"P20","Panurgus.dentipes","Teucrium.chamaedrys"
"P20","Polistes.dominulus","Teucrium.chamaedrys"
"P20","Protosmia.exenterata","Teucrium.chamaedrys"
"P20","Pyronia.bathseba","Teucrium.chamaedrys"
"P20","Rhodanthidium.septemdentatum","Teucrium.chamaedrys"
"P20","Rhodanthidium.sticticum","Teucrium.chamaedrys"
"P20","Stenurella.melanura","Teucrium.chamaedrys"
"P20","Tropinota.sp1","Teucrium.chamaedrys"
"P20","Zerynthia.rumina","Teucrium.chamaedrys"
"P20","Acmaeodera.cylindrica","Thymus.vulgaris"
"P20","Adelidae.sp1","Thymus.vulgaris"
"P20","Anaspis.sp1","Thymus.vulgaris"
"P20","Andrena.djelfensis","Thymus.vulgaris"
"P20","Andrena.flavipes","Thymus.vulgaris"
"P20","Andrena.lepida","Thymus.vulgaris"
"P20","Andrena.nigroaenea","Thymus.vulgaris"
"P20","Andrena.senecionis","Thymus.vulgaris"
"P20","Andrena.vulpecula","Thymus.vulgaris"
"P20","Anthaxia.millefolii","Thymus.vulgaris"
"P20","Anthaxia.scutullaris","Thymus.vulgaris"
"P20","Anthaxia.spinolae","Thymus.vulgaris"
"P20","Anthocharis.euphenoides","Thymus.vulgaris"
"P20","Anthophora.acervorum","Thymus.vulgaris"
"P20","Anthophora.dispar","Thymus.vulgaris"
"P20","Anthrenus.sp1","Thymus.vulgaris"
"P20","Apis.mellifera","Thymus.vulgaris"
"P20","Aplocnemus.calidus","Thymus.vulgaris"
"P20","Athalia.bicolor","Thymus.vulgaris"
"P20","Bombus.terrestris","Thymus.vulgaris"
"P20","Callophrys.rubi","Thymus.vulgaris"
"P20","Ceratina.cucurbitina","Thymus.vulgaris"
"P20","Chryptocephalus.ramburi","Thymus.vulgaris"
"P20","Chrysotoxum.cautum","Thymus.vulgaris"
"P20","Clanoptilus.abdominalis","Thymus.vulgaris"
"P20","Clytus.rhamni","Thymus.vulgaris"
"P20","Danacea.longiceps","Thymus.vulgaris"
"P20","Dasytes.nigroaeneus","Thymus.vulgaris"
"P20","Eucera.elongatula","Thymus.vulgaris"
"P20","Eumerus.argyropus","Thymus.vulgaris"
"P20","Gonepteryx.cleopatra","Thymus.vulgaris"
"P20","Halictus.gemmeus","Thymus.vulgaris"
"P20","Hoplitis.anthocopoides","Thymus.vulgaris"
"P20","Hylaeus.garrulus","Thymus.vulgaris"
"P20","Hylaeus.hyalinatus","Thymus.vulgaris"
"P20","Lasioglossum.albocinctum","Thymus.vulgaris"
"P20","Lasioglossum.bimaculatum","Thymus.vulgaris"
"P20","Lasioglossum.malachurum","Thymus.vulgaris"
"P20","Lasioglossum.mediterraneum","Thymus.vulgaris"
"P20","Lasioglossum.subhirtum","Thymus.vulgaris"
"P20","Lasioglossum.transitorium","Thymus.vulgaris"
"P20","Leptochilus.tarsatus","Thymus.vulgaris"
"P20","Lobonyx.aeneus","Thymus.vulgaris"
"P20","Meligethes.sp1","Thymus.vulgaris"
"P20","Merodon.funestus","Thymus.vulgaris"
"P20","Microhoria.plumbea","Thymus.vulgaris"
"P20","Minoa.murinata","Thymus.vulgaris"
"P20","Mordellistena.sp1","Thymus.vulgaris"
"P20","Mordellistena.sp4","Thymus.vulgaris"
"P20","Nomada.sheppardana","Thymus.vulgaris"
"P20","Oedemera.flavipes","Thymus.vulgaris"
"P20","Osmia.gallarum","Thymus.vulgaris"
"P20","Osmia.rufohirta","Thymus.vulgaris"
"P20","Oxythyrea.funesta","Thymus.vulgaris"
"P20","Panurgus.dentipes","Thymus.vulgaris"
"P20","Polistes.dominulus","Thymus.vulgaris"
"P20","Protosmia.exenterata","Thymus.vulgaris"
"P20","Pyronia.bathseba","Thymus.vulgaris"
"P20","Rhodanthidium.septemdentatum","Thymus.vulgaris"
"P20","Rhodanthidium.sticticum","Thymus.vulgaris"
"P20","Stenurella.melanura","Thymus.vulgaris"
"P20","Tropinota.sp1","Thymus.vulgaris"
"P20","Zerynthia.rumina","Thymus.vulgaris"
"P21","Acmaeodera.cylindrica","Aphyllanthes.monspeliensis"
"P21","Adelidae.sp1","Aphyllanthes.monspeliensis"
"P21","Anaspis.sp1","Aphyllanthes.monspeliensis"
"P21","Andrena.djelfensis","Aphyllanthes.monspeliensis"
"P21","Andrena.flavipes","Aphyllanthes.monspeliensis"
"P21","Andrena.lepida","Aphyllanthes.monspeliensis"
"P21","Andrena.nigroaenea","Aphyllanthes.monspeliensis"
"P21","Andrena.senecionis","Aphyllanthes.monspeliensis"
"P21","Andrena.vulpecula","Aphyllanthes.monspeliensis"
"P21","Anthaxia.millefolii","Aphyllanthes.monspeliensis"
"P21","Anthaxia.scutullaris","Aphyllanthes.monspeliensis"
"P21","Anthaxia.spinolae","Aphyllanthes.monspeliensis"
"P21","Anthophora.dispar","Aphyllanthes.monspeliensis"
"P21","Apis.mellifera","Aphyllanthes.monspeliensis"
"P21","Aplocnemus.calidus","Aphyllanthes.monspeliensis"
"P21","Bombus.terrestris","Aphyllanthes.monspeliensis"
"P21","Clytus.rhamni","Aphyllanthes.monspeliensis"
"P21","Danacea.longiceps","Aphyllanthes.monspeliensis"
"P21","Dasytes.nigroaeneus","Aphyllanthes.monspeliensis"
"P21","Eucera.nigrilabris","Aphyllanthes.monspeliensis"
"P21","Euchloe.crameri","Aphyllanthes.monspeliensis"
"P21","Eumerus.argyropus","Aphyllanthes.monspeliensis"
"P21","Eupeodes.sp1","Aphyllanthes.monspeliensis"
"P21","Halictus.scabiosae","Aphyllanthes.monspeliensis"
"P21","Hylaeus.garrulus","Aphyllanthes.monspeliensis"
"P21","Hylaeus.hyalinatus","Aphyllanthes.monspeliensis"
"P21","Lasioglossum.albocinctum","Aphyllanthes.monspeliensis"
"P21","Lasioglossum.bimaculatum","Aphyllanthes.monspeliensis"
"P21","Lasioglossum.malachurum","Aphyllanthes.monspeliensis"
"P21","Lasioglossum.subhirtum","Aphyllanthes.monspeliensis"
"P21","Lasioglossum.transitorium","Aphyllanthes.monspeliensis"
"P21","Lobonyx.aeneus","Aphyllanthes.monspeliensis"
"P21","Melanargia.occitanica","Aphyllanthes.monspeliensis"
"P21","Meligethes.sp1","Aphyllanthes.monspeliensis"
"P21","Merodon.funestus","Aphyllanthes.monspeliensis"
"P21","Minoa.murinata","Aphyllanthes.monspeliensis"
"P21","Mordellistena.sp1","Aphyllanthes.monspeliensis"
"P21","Mordellistena.sp4","Aphyllanthes.monspeliensis"
"P21","Nomada.sheppardana","Aphyllanthes.monspeliensis"
"P21","Oedemera.flavipes","Aphyllanthes.monspeliensis"
"P21","Osmia.rufohirta","Aphyllanthes.monspeliensis"
"P21","Oxythyrea.funesta","Aphyllanthes.monspeliensis"
"P21","Panurgus.dentipes","Aphyllanthes.monspeliensis"
"P21","Platynochaetus.setosus","Aphyllanthes.monspeliensis"
"P21","Polistes.dominulus","Aphyllanthes.monspeliensis"
"P21","Pyronia.bathseba","Aphyllanthes.monspeliensis"
"P21","Rhodanthidium.septemdentatum","Aphyllanthes.monspeliensis"
"P21","Rhodanthidium.sticticum","Aphyllanthes.monspeliensis"
"P21","Stenurella.melanura","Aphyllanthes.monspeliensis"
"P21","Tropinota.sp1","Aphyllanthes.monspeliensis"
"P21","Trypoxylon.sp1","Aphyllanthes.monspeliensis"
"P21","Xylocopa.violacea","Aphyllanthes.monspeliensis"
"P21","Acmaeodera.cylindrica","Argyrolobium.zanonii"
"P21","Adelidae.sp1","Argyrolobium.zanonii"
"P21","Anaspis.sp1","Argyrolobium.zanonii"
"P21","Andrena.djelfensis","Argyrolobium.zanonii"
"P21","Andrena.flavipes","Argyrolobium.zanonii"
"P21","Andrena.lepida","Argyrolobium.zanonii"
"P21","Andrena.nigroaenea","Argyrolobium.zanonii"
"P21","Andrena.senecionis","Argyrolobium.zanonii"
"P21","Andrena.vulpecula","Argyrolobium.zanonii"
"P21","Anthaxia.millefolii","Argyrolobium.zanonii"
"P21","Anthaxia.scutullaris","Argyrolobium.zanonii"
"P21","Anthaxia.spinolae","Argyrolobium.zanonii"
"P21","Anthophora.dispar","Argyrolobium.zanonii"
"P21","Apis.mellifera","Argyrolobium.zanonii"
"P21","Aplocnemus.calidus","Argyrolobium.zanonii"
"P21","Bombus.terrestris","Argyrolobium.zanonii"
"P21","Clytus.rhamni","Argyrolobium.zanonii"
"P21","Danacea.longiceps","Argyrolobium.zanonii"
"P21","Dasytes.nigroaeneus","Argyrolobium.zanonii"
"P21","Eucera.nigrilabris","Argyrolobium.zanonii"
"P21","Euchloe.crameri","Argyrolobium.zanonii"
"P21","Eumerus.argyropus","Argyrolobium.zanonii"
"P21","Eupeodes.sp1","Argyrolobium.zanonii"
"P21","Halictus.scabiosae","Argyrolobium.zanonii"
"P21","Hylaeus.garrulus","Argyrolobium.zanonii"
"P21","Hylaeus.hyalinatus","Argyrolobium.zanonii"
"P21","Lasioglossum.albocinctum","Argyrolobium.zanonii"
"P21","Lasioglossum.bimaculatum","Argyrolobium.zanonii"
"P21","Lasioglossum.malachurum","Argyrolobium.zanonii"
"P21","Lasioglossum.subhirtum","Argyrolobium.zanonii"
"P21","Lasioglossum.transitorium","Argyrolobium.zanonii"
"P21","Lobonyx.aeneus","Argyrolobium.zanonii"
"P21","Melanargia.occitanica","Argyrolobium.zanonii"
"P21","Meligethes.sp1","Argyrolobium.zanonii"
"P21","Merodon.funestus","Argyrolobium.zanonii"
"P21","Minoa.murinata","Argyrolobium.zanonii"
"P21","Mordellistena.sp1","Argyrolobium.zanonii"
"P21","Mordellistena.sp4","Argyrolobium.zanonii"
"P21","Nomada.sheppardana","Argyrolobium.zanonii"
"P21","Oedemera.flavipes","Argyrolobium.zanonii"
"P21","Osmia.rufohirta","Argyrolobium.zanonii"
"P21","Oxythyrea.funesta","Argyrolobium.zanonii"
"P21","Panurgus.dentipes","Argyrolobium.zanonii"
"P21","Platynochaetus.setosus","Argyrolobium.zanonii"
"P21","Polistes.dominulus","Argyrolobium.zanonii"
"P21","Pyronia.bathseba","Argyrolobium.zanonii"
"P21","Rhodanthidium.septemdentatum","Argyrolobium.zanonii"
"P21","Rhodanthidium.sticticum","Argyrolobium.zanonii"
"P21","Stenurella.melanura","Argyrolobium.zanonii"
"P21","Tropinota.sp1","Argyrolobium.zanonii"
"P21","Trypoxylon.sp1","Argyrolobium.zanonii"
"P21","Xylocopa.violacea","Argyrolobium.zanonii"
"P21","Acmaeodera.cylindrica","Biscutella.laevigata"
"P21","Adelidae.sp1","Biscutella.laevigata"
"P21","Anaspis.sp1","Biscutella.laevigata"
"P21","Andrena.djelfensis","Biscutella.laevigata"
"P21","Andrena.flavipes","Biscutella.laevigata"
"P21","Andrena.lepida","Biscutella.laevigata"
"P21","Andrena.nigroaenea","Biscutella.laevigata"
"P21","Andrena.senecionis","Biscutella.laevigata"
"P21","Andrena.vulpecula","Biscutella.laevigata"
"P21","Anthaxia.millefolii","Biscutella.laevigata"
"P21","Anthaxia.scutullaris","Biscutella.laevigata"
"P21","Anthaxia.spinolae","Biscutella.laevigata"
"P21","Anthophora.dispar","Biscutella.laevigata"
"P21","Apis.mellifera","Biscutella.laevigata"
"P21","Aplocnemus.calidus","Biscutella.laevigata"
"P21","Bombus.terrestris","Biscutella.laevigata"
"P21","Clytus.rhamni","Biscutella.laevigata"
"P21","Danacea.longiceps","Biscutella.laevigata"
"P21","Dasytes.nigroaeneus","Biscutella.laevigata"
"P21","Eucera.nigrilabris","Biscutella.laevigata"
"P21","Euchloe.crameri","Biscutella.laevigata"
"P21","Eumerus.argyropus","Biscutella.laevigata"
"P21","Eupeodes.sp1","Biscutella.laevigata"
"P21","Halictus.scabiosae","Biscutella.laevigata"
"P21","Hylaeus.garrulus","Biscutella.laevigata"
"P21","Hylaeus.hyalinatus","Biscutella.laevigata"
"P21","Lasioglossum.albocinctum","Biscutella.laevigata"
"P21","Lasioglossum.bimaculatum","Biscutella.laevigata"
"P21","Lasioglossum.malachurum","Biscutella.laevigata"
"P21","Lasioglossum.subhirtum","Biscutella.laevigata"
"P21","Lasioglossum.transitorium","Biscutella.laevigata"
"P21","Lobonyx.aeneus","Biscutella.laevigata"
"P21","Melanargia.occitanica","Biscutella.laevigata"
"P21","Meligethes.sp1","Biscutella.laevigata"
"P21","Merodon.funestus","Biscutella.laevigata"
"P21","Minoa.murinata","Biscutella.laevigata"
"P21","Mordellistena.sp1","Biscutella.laevigata"
"P21","Mordellistena.sp4","Biscutella.laevigata"
"P21","Nomada.sheppardana","Biscutella.laevigata"
"P21","Oedemera.flavipes","Biscutella.laevigata"
"P21","Osmia.rufohirta","Biscutella.laevigata"
"P21","Oxythyrea.funesta","Biscutella.laevigata"
"P21","Panurgus.dentipes","Biscutella.laevigata"
"P21","Platynochaetus.setosus","Biscutella.laevigata"
"P21","Polistes.dominulus","Biscutella.laevigata"
"P21","Pyronia.bathseba","Biscutella.laevigata"
"P21","Rhodanthidium.septemdentatum","Biscutella.laevigata"
"P21","Rhodanthidium.sticticum","Biscutella.laevigata"
"P21","Stenurella.melanura","Biscutella.laevigata"
"P21","Tropinota.sp1","Biscutella.laevigata"
"P21","Trypoxylon.sp1","Biscutella.laevigata"
"P21","Xylocopa.violacea","Biscutella.laevigata"
"P21","Acmaeodera.cylindrica","Cistus.salviifolius"
"P21","Adelidae.sp1","Cistus.salviifolius"
"P21","Anaspis.sp1","Cistus.salviifolius"
"P21","Andrena.djelfensis","Cistus.salviifolius"
"P21","Andrena.flavipes","Cistus.salviifolius"
"P21","Andrena.lepida","Cistus.salviifolius"
"P21","Andrena.nigroaenea","Cistus.salviifolius"
"P21","Andrena.senecionis","Cistus.salviifolius"
"P21","Andrena.vulpecula","Cistus.salviifolius"
"P21","Anthaxia.millefolii","Cistus.salviifolius"
"P21","Anthaxia.scutullaris","Cistus.salviifolius"
"P21","Anthaxia.spinolae","Cistus.salviifolius"
"P21","Anthophora.dispar","Cistus.salviifolius"
"P21","Apis.mellifera","Cistus.salviifolius"
"P21","Aplocnemus.calidus","Cistus.salviifolius"
"P21","Bombus.terrestris","Cistus.salviifolius"
"P21","Clytus.rhamni","Cistus.salviifolius"
"P21","Danacea.longiceps","Cistus.salviifolius"
"P21","Dasytes.nigroaeneus","Cistus.salviifolius"
"P21","Eucera.nigrilabris","Cistus.salviifolius"
"P21","Euchloe.crameri","Cistus.salviifolius"
"P21","Eumerus.argyropus","Cistus.salviifolius"
"P21","Eupeodes.sp1","Cistus.salviifolius"
"P21","Halictus.scabiosae","Cistus.salviifolius"
"P21","Hylaeus.garrulus","Cistus.salviifolius"
"P21","Hylaeus.hyalinatus","Cistus.salviifolius"
"P21","Lasioglossum.albocinctum","Cistus.salviifolius"
"P21","Lasioglossum.bimaculatum","Cistus.salviifolius"
"P21","Lasioglossum.malachurum","Cistus.salviifolius"
"P21","Lasioglossum.subhirtum","Cistus.salviifolius"
"P21","Lasioglossum.transitorium","Cistus.salviifolius"
"P21","Lobonyx.aeneus","Cistus.salviifolius"
"P21","Melanargia.occitanica","Cistus.salviifolius"
"P21","Meligethes.sp1","Cistus.salviifolius"
"P21","Merodon.funestus","Cistus.salviifolius"
"P21","Minoa.murinata","Cistus.salviifolius"
"P21","Mordellistena.sp1","Cistus.salviifolius"
"P21","Mordellistena.sp4","Cistus.salviifolius"
"P21","Nomada.sheppardana","Cistus.salviifolius"
"P21","Oedemera.flavipes","Cistus.salviifolius"
"P21","Osmia.rufohirta","Cistus.salviifolius"
"P21","Oxythyrea.funesta","Cistus.salviifolius"
"P21","Panurgus.dentipes","Cistus.salviifolius"
"P21","Platynochaetus.setosus","Cistus.salviifolius"
"P21","Polistes.dominulus","Cistus.salviifolius"
"P21","Pyronia.bathseba","Cistus.salviifolius"
"P21","Rhodanthidium.septemdentatum","Cistus.salviifolius"
"P21","Rhodanthidium.sticticum","Cistus.salviifolius"
"P21","Stenurella.melanura","Cistus.salviifolius"
"P21","Tropinota.sp1","Cistus.salviifolius"
"P21","Trypoxylon.sp1","Cistus.salviifolius"
"P21","Xylocopa.violacea","Cistus.salviifolius"
"P21","Acmaeodera.cylindrica","Dorycnium.pentaphyllum"
"P21","Adelidae.sp1","Dorycnium.pentaphyllum"
"P21","Anaspis.sp1","Dorycnium.pentaphyllum"
"P21","Andrena.djelfensis","Dorycnium.pentaphyllum"
"P21","Andrena.flavipes","Dorycnium.pentaphyllum"
"P21","Andrena.lepida","Dorycnium.pentaphyllum"
"P21","Andrena.nigroaenea","Dorycnium.pentaphyllum"
"P21","Andrena.senecionis","Dorycnium.pentaphyllum"
"P21","Andrena.vulpecula","Dorycnium.pentaphyllum"
"P21","Anthaxia.millefolii","Dorycnium.pentaphyllum"
"P21","Anthaxia.scutullaris","Dorycnium.pentaphyllum"
"P21","Anthaxia.spinolae","Dorycnium.pentaphyllum"
"P21","Anthophora.dispar","Dorycnium.pentaphyllum"
"P21","Apis.mellifera","Dorycnium.pentaphyllum"
"P21","Aplocnemus.calidus","Dorycnium.pentaphyllum"
"P21","Bombus.terrestris","Dorycnium.pentaphyllum"
"P21","Clytus.rhamni","Dorycnium.pentaphyllum"
"P21","Danacea.longiceps","Dorycnium.pentaphyllum"
"P21","Dasytes.nigroaeneus","Dorycnium.pentaphyllum"
"P21","Eucera.nigrilabris","Dorycnium.pentaphyllum"
"P21","Euchloe.crameri","Dorycnium.pentaphyllum"
"P21","Eumerus.argyropus","Dorycnium.pentaphyllum"
"P21","Eupeodes.sp1","Dorycnium.pentaphyllum"
"P21","Halictus.scabiosae","Dorycnium.pentaphyllum"
"P21","Hylaeus.garrulus","Dorycnium.pentaphyllum"
"P21","Hylaeus.hyalinatus","Dorycnium.pentaphyllum"
"P21","Lasioglossum.albocinctum","Dorycnium.pentaphyllum"
"P21","Lasioglossum.bimaculatum","Dorycnium.pentaphyllum"
"P21","Lasioglossum.malachurum","Dorycnium.pentaphyllum"
"P21","Lasioglossum.subhirtum","Dorycnium.pentaphyllum"
"P21","Lasioglossum.transitorium","Dorycnium.pentaphyllum"
"P21","Lobonyx.aeneus","Dorycnium.pentaphyllum"
"P21","Melanargia.occitanica","Dorycnium.pentaphyllum"
"P21","Meligethes.sp1","Dorycnium.pentaphyllum"
"P21","Merodon.funestus","Dorycnium.pentaphyllum"
"P21","Minoa.murinata","Dorycnium.pentaphyllum"
"P21","Mordellistena.sp1","Dorycnium.pentaphyllum"
"P21","Mordellistena.sp4","Dorycnium.pentaphyllum"
"P21","Nomada.sheppardana","Dorycnium.pentaphyllum"
"P21","Oedemera.flavipes","Dorycnium.pentaphyllum"
"P21","Osmia.rufohirta","Dorycnium.pentaphyllum"
"P21","Oxythyrea.funesta","Dorycnium.pentaphyllum"
"P21","Panurgus.dentipes","Dorycnium.pentaphyllum"
"P21","Platynochaetus.setosus","Dorycnium.pentaphyllum"
"P21","Polistes.dominulus","Dorycnium.pentaphyllum"
"P21","Pyronia.bathseba","Dorycnium.pentaphyllum"
"P21","Rhodanthidium.septemdentatum","Dorycnium.pentaphyllum"
"P21","Rhodanthidium.sticticum","Dorycnium.pentaphyllum"
"P21","Stenurella.melanura","Dorycnium.pentaphyllum"
"P21","Tropinota.sp1","Dorycnium.pentaphyllum"
"P21","Trypoxylon.sp1","Dorycnium.pentaphyllum"
"P21","Xylocopa.violacea","Dorycnium.pentaphyllum"
"P21","Acmaeodera.cylindrica","Erica.multiflora"
"P21","Adelidae.sp1","Erica.multiflora"
"P21","Anaspis.sp1","Erica.multiflora"
"P21","Andrena.djelfensis","Erica.multiflora"
"P21","Andrena.flavipes","Erica.multiflora"
"P21","Andrena.lepida","Erica.multiflora"
"P21","Andrena.nigroaenea","Erica.multiflora"
"P21","Andrena.senecionis","Erica.multiflora"
"P21","Andrena.vulpecula","Erica.multiflora"
"P21","Anthaxia.millefolii","Erica.multiflora"
"P21","Anthaxia.scutullaris","Erica.multiflora"
"P21","Anthaxia.spinolae","Erica.multiflora"
"P21","Anthophora.dispar","Erica.multiflora"
"P21","Apis.mellifera","Erica.multiflora"
"P21","Aplocnemus.calidus","Erica.multiflora"
"P21","Bombus.terrestris","Erica.multiflora"
"P21","Clytus.rhamni","Erica.multiflora"
"P21","Danacea.longiceps","Erica.multiflora"
"P21","Dasytes.nigroaeneus","Erica.multiflora"
"P21","Eucera.nigrilabris","Erica.multiflora"
"P21","Euchloe.crameri","Erica.multiflora"
"P21","Eumerus.argyropus","Erica.multiflora"
"P21","Eupeodes.sp1","Erica.multiflora"
"P21","Halictus.scabiosae","Erica.multiflora"
"P21","Hylaeus.garrulus","Erica.multiflora"
"P21","Hylaeus.hyalinatus","Erica.multiflora"
"P21","Lasioglossum.albocinctum","Erica.multiflora"
"P21","Lasioglossum.bimaculatum","Erica.multiflora"
"P21","Lasioglossum.malachurum","Erica.multiflora"
"P21","Lasioglossum.subhirtum","Erica.multiflora"
"P21","Lasioglossum.transitorium","Erica.multiflora"
"P21","Lobonyx.aeneus","Erica.multiflora"
"P21","Melanargia.occitanica","Erica.multiflora"
"P21","Meligethes.sp1","Erica.multiflora"
"P21","Merodon.funestus","Erica.multiflora"
"P21","Minoa.murinata","Erica.multiflora"
"P21","Mordellistena.sp1","Erica.multiflora"
"P21","Mordellistena.sp4","Erica.multiflora"
"P21","Nomada.sheppardana","Erica.multiflora"
"P21","Oedemera.flavipes","Erica.multiflora"
"P21","Osmia.rufohirta","Erica.multiflora"
"P21","Oxythyrea.funesta","Erica.multiflora"
"P21","Panurgus.dentipes","Erica.multiflora"
"P21","Platynochaetus.setosus","Erica.multiflora"
"P21","Polistes.dominulus","Erica.multiflora"
"P21","Pyronia.bathseba","Erica.multiflora"
"P21","Rhodanthidium.septemdentatum","Erica.multiflora"
"P21","Rhodanthidium.sticticum","Erica.multiflora"
"P21","Stenurella.melanura","Erica.multiflora"
"P21","Tropinota.sp1","Erica.multiflora"
"P21","Trypoxylon.sp1","Erica.multiflora"
"P21","Xylocopa.violacea","Erica.multiflora"
"P21","Acmaeodera.cylindrica","Euphorbia.flavicoma"
"P21","Adelidae.sp1","Euphorbia.flavicoma"
"P21","Anaspis.sp1","Euphorbia.flavicoma"
"P21","Andrena.djelfensis","Euphorbia.flavicoma"
"P21","Andrena.flavipes","Euphorbia.flavicoma"
"P21","Andrena.lepida","Euphorbia.flavicoma"
"P21","Andrena.nigroaenea","Euphorbia.flavicoma"
"P21","Andrena.senecionis","Euphorbia.flavicoma"
"P21","Andrena.vulpecula","Euphorbia.flavicoma"
"P21","Anthaxia.millefolii","Euphorbia.flavicoma"
"P21","Anthaxia.scutullaris","Euphorbia.flavicoma"
"P21","Anthaxia.spinolae","Euphorbia.flavicoma"
"P21","Anthophora.dispar","Euphorbia.flavicoma"
"P21","Apis.mellifera","Euphorbia.flavicoma"
"P21","Aplocnemus.calidus","Euphorbia.flavicoma"
"P21","Bombus.terrestris","Euphorbia.flavicoma"
"P21","Clytus.rhamni","Euphorbia.flavicoma"
"P21","Danacea.longiceps","Euphorbia.flavicoma"
"P21","Dasytes.nigroaeneus","Euphorbia.flavicoma"
"P21","Eucera.nigrilabris","Euphorbia.flavicoma"
"P21","Euchloe.crameri","Euphorbia.flavicoma"
"P21","Eumerus.argyropus","Euphorbia.flavicoma"
"P21","Eupeodes.sp1","Euphorbia.flavicoma"
"P21","Halictus.scabiosae","Euphorbia.flavicoma"
"P21","Hylaeus.garrulus","Euphorbia.flavicoma"
"P21","Hylaeus.hyalinatus","Euphorbia.flavicoma"
"P21","Lasioglossum.albocinctum","Euphorbia.flavicoma"
"P21","Lasioglossum.bimaculatum","Euphorbia.flavicoma"
"P21","Lasioglossum.malachurum","Euphorbia.flavicoma"
"P21","Lasioglossum.subhirtum","Euphorbia.flavicoma"
"P21","Lasioglossum.transitorium","Euphorbia.flavicoma"
"P21","Lobonyx.aeneus","Euphorbia.flavicoma"
"P21","Melanargia.occitanica","Euphorbia.flavicoma"
"P21","Meligethes.sp1","Euphorbia.flavicoma"
"P21","Merodon.funestus","Euphorbia.flavicoma"
"P21","Minoa.murinata","Euphorbia.flavicoma"
"P21","Mordellistena.sp1","Euphorbia.flavicoma"
"P21","Mordellistena.sp4","Euphorbia.flavicoma"
"P21","Nomada.sheppardana","Euphorbia.flavicoma"
"P21","Oedemera.flavipes","Euphorbia.flavicoma"
"P21","Osmia.rufohirta","Euphorbia.flavicoma"
"P21","Oxythyrea.funesta","Euphorbia.flavicoma"
"P21","Panurgus.dentipes","Euphorbia.flavicoma"
"P21","Platynochaetus.setosus","Euphorbia.flavicoma"
"P21","Polistes.dominulus","Euphorbia.flavicoma"
"P21","Pyronia.bathseba","Euphorbia.flavicoma"
"P21","Rhodanthidium.septemdentatum","Euphorbia.flavicoma"
"P21","Rhodanthidium.sticticum","Euphorbia.flavicoma"
"P21","Stenurella.melanura","Euphorbia.flavicoma"
"P21","Tropinota.sp1","Euphorbia.flavicoma"
"P21","Trypoxylon.sp1","Euphorbia.flavicoma"
"P21","Xylocopa.violacea","Euphorbia.flavicoma"
"P21","Acmaeodera.cylindrica","Gladiolus.illyricus"
"P21","Adelidae.sp1","Gladiolus.illyricus"
"P21","Anaspis.sp1","Gladiolus.illyricus"
"P21","Andrena.djelfensis","Gladiolus.illyricus"
"P21","Andrena.flavipes","Gladiolus.illyricus"
"P21","Andrena.lepida","Gladiolus.illyricus"
"P21","Andrena.nigroaenea","Gladiolus.illyricus"
"P21","Andrena.senecionis","Gladiolus.illyricus"
"P21","Andrena.vulpecula","Gladiolus.illyricus"
"P21","Anthaxia.millefolii","Gladiolus.illyricus"
"P21","Anthaxia.scutullaris","Gladiolus.illyricus"
"P21","Anthaxia.spinolae","Gladiolus.illyricus"
"P21","Anthophora.dispar","Gladiolus.illyricus"
"P21","Apis.mellifera","Gladiolus.illyricus"
"P21","Aplocnemus.calidus","Gladiolus.illyricus"
"P21","Bombus.terrestris","Gladiolus.illyricus"
"P21","Clytus.rhamni","Gladiolus.illyricus"
"P21","Danacea.longiceps","Gladiolus.illyricus"
"P21","Dasytes.nigroaeneus","Gladiolus.illyricus"
"P21","Eucera.nigrilabris","Gladiolus.illyricus"
"P21","Euchloe.crameri","Gladiolus.illyricus"
"P21","Eumerus.argyropus","Gladiolus.illyricus"
"P21","Eupeodes.sp1","Gladiolus.illyricus"
"P21","Halictus.scabiosae","Gladiolus.illyricus"
"P21","Hylaeus.garrulus","Gladiolus.illyricus"
"P21","Hylaeus.hyalinatus","Gladiolus.illyricus"
"P21","Lasioglossum.albocinctum","Gladiolus.illyricus"
"P21","Lasioglossum.bimaculatum","Gladiolus.illyricus"
"P21","Lasioglossum.malachurum","Gladiolus.illyricus"
"P21","Lasioglossum.subhirtum","Gladiolus.illyricus"
"P21","Lasioglossum.transitorium","Gladiolus.illyricus"
"P21","Lobonyx.aeneus","Gladiolus.illyricus"
"P21","Melanargia.occitanica","Gladiolus.illyricus"
"P21","Meligethes.sp1","Gladiolus.illyricus"
"P21","Merodon.funestus","Gladiolus.illyricus"
"P21","Minoa.murinata","Gladiolus.illyricus"
"P21","Mordellistena.sp1","Gladiolus.illyricus"
"P21","Mordellistena.sp4","Gladiolus.illyricus"
"P21","Nomada.sheppardana","Gladiolus.illyricus"
"P21","Oedemera.flavipes","Gladiolus.illyricus"
"P21","Osmia.rufohirta","Gladiolus.illyricus"
"P21","Oxythyrea.funesta","Gladiolus.illyricus"
"P21","Panurgus.dentipes","Gladiolus.illyricus"
"P21","Platynochaetus.setosus","Gladiolus.illyricus"
"P21","Polistes.dominulus","Gladiolus.illyricus"
"P21","Pyronia.bathseba","Gladiolus.illyricus"
"P21","Rhodanthidium.septemdentatum","Gladiolus.illyricus"
"P21","Rhodanthidium.sticticum","Gladiolus.illyricus"
"P21","Stenurella.melanura","Gladiolus.illyricus"
"P21","Tropinota.sp1","Gladiolus.illyricus"
"P21","Trypoxylon.sp1","Gladiolus.illyricus"
"P21","Xylocopa.violacea","Gladiolus.illyricus"
"P21","Acmaeodera.cylindrica","Rosmarinus.officinalis"
"P21","Adelidae.sp1","Rosmarinus.officinalis"
"P21","Anaspis.sp1","Rosmarinus.officinalis"
"P21","Andrena.djelfensis","Rosmarinus.officinalis"
"P21","Andrena.flavipes","Rosmarinus.officinalis"
"P21","Andrena.lepida","Rosmarinus.officinalis"
"P21","Andrena.nigroaenea","Rosmarinus.officinalis"
"P21","Andrena.senecionis","Rosmarinus.officinalis"
"P21","Andrena.vulpecula","Rosmarinus.officinalis"
"P21","Anthaxia.millefolii","Rosmarinus.officinalis"
"P21","Anthaxia.scutullaris","Rosmarinus.officinalis"
"P21","Anthaxia.spinolae","Rosmarinus.officinalis"
"P21","Anthophora.dispar","Rosmarinus.officinalis"
"P21","Apis.mellifera","Rosmarinus.officinalis"
"P21","Aplocnemus.calidus","Rosmarinus.officinalis"
"P21","Bombus.terrestris","Rosmarinus.officinalis"
"P21","Clytus.rhamni","Rosmarinus.officinalis"
"P21","Danacea.longiceps","Rosmarinus.officinalis"
"P21","Dasytes.nigroaeneus","Rosmarinus.officinalis"
"P21","Eucera.nigrilabris","Rosmarinus.officinalis"
"P21","Euchloe.crameri","Rosmarinus.officinalis"
"P21","Eumerus.argyropus","Rosmarinus.officinalis"
"P21","Eupeodes.sp1","Rosmarinus.officinalis"
"P21","Halictus.scabiosae","Rosmarinus.officinalis"
"P21","Hylaeus.garrulus","Rosmarinus.officinalis"
"P21","Hylaeus.hyalinatus","Rosmarinus.officinalis"
"P21","Lasioglossum.albocinctum","Rosmarinus.officinalis"
"P21","Lasioglossum.bimaculatum","Rosmarinus.officinalis"
"P21","Lasioglossum.malachurum","Rosmarinus.officinalis"
"P21","Lasioglossum.subhirtum","Rosmarinus.officinalis"
"P21","Lasioglossum.transitorium","Rosmarinus.officinalis"
"P21","Lobonyx.aeneus","Rosmarinus.officinalis"
"P21","Melanargia.occitanica","Rosmarinus.officinalis"
"P21","Meligethes.sp1","Rosmarinus.officinalis"
"P21","Merodon.funestus","Rosmarinus.officinalis"
"P21","Minoa.murinata","Rosmarinus.officinalis"
"P21","Mordellistena.sp1","Rosmarinus.officinalis"
"P21","Mordellistena.sp4","Rosmarinus.officinalis"
"P21","Nomada.sheppardana","Rosmarinus.officinalis"
"P21","Oedemera.flavipes","Rosmarinus.officinalis"
"P21","Osmia.rufohirta","Rosmarinus.officinalis"
"P21","Oxythyrea.funesta","Rosmarinus.officinalis"
"P21","Panurgus.dentipes","Rosmarinus.officinalis"
"P21","Platynochaetus.setosus","Rosmarinus.officinalis"
"P21","Polistes.dominulus","Rosmarinus.officinalis"
"P21","Pyronia.bathseba","Rosmarinus.officinalis"
"P21","Rhodanthidium.septemdentatum","Rosmarinus.officinalis"
"P21","Rhodanthidium.sticticum","Rosmarinus.officinalis"
"P21","Stenurella.melanura","Rosmarinus.officinalis"
"P21","Tropinota.sp1","Rosmarinus.officinalis"
"P21","Trypoxylon.sp1","Rosmarinus.officinalis"
"P21","Xylocopa.violacea","Rosmarinus.officinalis"
"P21","Acmaeodera.cylindrica","Thymus.vulgaris"
"P21","Adelidae.sp1","Thymus.vulgaris"
"P21","Anaspis.sp1","Thymus.vulgaris"
"P21","Andrena.djelfensis","Thymus.vulgaris"
"P21","Andrena.flavipes","Thymus.vulgaris"
"P21","Andrena.lepida","Thymus.vulgaris"
"P21","Andrena.nigroaenea","Thymus.vulgaris"
"P21","Andrena.senecionis","Thymus.vulgaris"
"P21","Andrena.vulpecula","Thymus.vulgaris"
"P21","Anthaxia.millefolii","Thymus.vulgaris"
"P21","Anthaxia.scutullaris","Thymus.vulgaris"
"P21","Anthaxia.spinolae","Thymus.vulgaris"
"P21","Anthophora.dispar","Thymus.vulgaris"
"P21","Apis.mellifera","Thymus.vulgaris"
"P21","Aplocnemus.calidus","Thymus.vulgaris"
"P21","Bombus.terrestris","Thymus.vulgaris"
"P21","Clytus.rhamni","Thymus.vulgaris"
"P21","Danacea.longiceps","Thymus.vulgaris"
"P21","Dasytes.nigroaeneus","Thymus.vulgaris"
"P21","Eucera.nigrilabris","Thymus.vulgaris"
"P21","Euchloe.crameri","Thymus.vulgaris"
"P21","Eumerus.argyropus","Thymus.vulgaris"
"P21","Eupeodes.sp1","Thymus.vulgaris"
"P21","Halictus.scabiosae","Thymus.vulgaris"
"P21","Hylaeus.garrulus","Thymus.vulgaris"
"P21","Hylaeus.hyalinatus","Thymus.vulgaris"
"P21","Lasioglossum.albocinctum","Thymus.vulgaris"
"P21","Lasioglossum.bimaculatum","Thymus.vulgaris"
"P21","Lasioglossum.malachurum","Thymus.vulgaris"
"P21","Lasioglossum.subhirtum","Thymus.vulgaris"
"P21","Lasioglossum.transitorium","Thymus.vulgaris"
"P21","Lobonyx.aeneus","Thymus.vulgaris"
"P21","Melanargia.occitanica","Thymus.vulgaris"
"P21","Meligethes.sp1","Thymus.vulgaris"
"P21","Merodon.funestus","Thymus.vulgaris"
"P21","Minoa.murinata","Thymus.vulgaris"
"P21","Mordellistena.sp1","Thymus.vulgaris"
"P21","Mordellistena.sp4","Thymus.vulgaris"
"P21","Nomada.sheppardana","Thymus.vulgaris"
"P21","Oedemera.flavipes","Thymus.vulgaris"
"P21","Osmia.rufohirta","Thymus.vulgaris"
"P21","Oxythyrea.funesta","Thymus.vulgaris"
"P21","Panurgus.dentipes","Thymus.vulgaris"
"P21","Platynochaetus.setosus","Thymus.vulgaris"
"P21","Polistes.dominulus","Thymus.vulgaris"
"P21","Pyronia.bathseba","Thymus.vulgaris"
"P21","Rhodanthidium.septemdentatum","Thymus.vulgaris"
"P21","Rhodanthidium.sticticum","Thymus.vulgaris"
"P21","Stenurella.melanura","Thymus.vulgaris"
"P21","Tropinota.sp1","Thymus.vulgaris"
"P21","Trypoxylon.sp1","Thymus.vulgaris"
"P21","Xylocopa.violacea","Thymus.vulgaris"
