"site","consumer","resource"
"1","Andrena.fulvago","Campanula.rotundifolia"
"1","Andrena.humilis","Campanula.rotundifolia"
"1","Andrena.minutula","Campanula.rotundifolia"
"1","Andrena.minutuloides","Campanula.rotundifolia"
"1","Anthidium.strigatum","Campanula.rotundifolia"
"1","Bombus.lapidarius","Campanula.rotundifolia"
"1","Bombus.pascuorum","Campanula.rotundifolia"
"1","Bombus.terrestris.agg","Campanula.rotundifolia"
"1","Cheilosia.impressa","Campanula.rotundifolia"
"1","Cheilosia.ranunculi/albitarsis","Campanula.rotundifolia"
"1","Cheilosia.soror","Campanula.rotundifolia"
"1","Episyrphus.balteatus","Campanula.rotundifolia"
"1","Eristalis.arbustorum","Campanula.rotundifolia"
"1","Eristalis.tenax","Campanula.rotundifolia"
"1","Eupeodes.corollae","Campanula.rotundifolia"
"1","Halictus.maculatus","Campanula.rotundifolia"
"1","Halictus.rubicundus","Campanula.rotundifolia"
"1","Halictus.simplex","Campanula.rotundifolia"
"1","Halictus.tumulorum","Campanula.rotundifolia"
"1","Heringia.spec","Campanula.rotundifolia"
"1","Lasioglossum.calceatum","Campanula.rotundifolia"
"1","Lasioglossum.fulvicorne","Campanula.rotundifolia"
"1","Lasioglossum.leucozonium","Campanula.rotundifolia"
"1","Lasioglossum.lineare","Campanula.rotundifolia"
"1","Lasioglossum.morio","Campanula.rotundifolia"
"1","Lasioglossum.pauxillum","Campanula.rotundifolia"
"1","Lasioglossum.villosulum","Campanula.rotundifolia"
"1","Myathropa.florea","Campanula.rotundifolia"
"1","Nomada.sheppardana","Campanula.rotundifolia"
"1","Osmia.aurulenta","Campanula.rotundifolia"
"1","Osmia.rufa","Campanula.rotundifolia"
"1","Scaeva.pyrastri","Campanula.rotundifolia"
"1","Sphaerophoria.spec","Campanula.rotundifolia"
"1","Sphecodes.ferruginatus","Campanula.rotundifolia"
"1","Sphecodes.geoffrellus","Campanula.rotundifolia"
"1","Sphecodes.gibbus","Campanula.rotundifolia"
"1","Sphecodes.hyalinatus","Campanula.rotundifolia"
"1","Sphecodes.niger","Campanula.rotundifolia"
"1","Syritta.pipiens","Campanula.rotundifolia"
"1","Syrphus.ribesii","Campanula.rotundifolia"
"1","Syrphus.vitripennis","Campanula.rotundifolia"
"1","Andrena.fulvago","Carlina.vulgaris"
"1","Andrena.humilis","Carlina.vulgaris"
"1","Andrena.minutula","Carlina.vulgaris"
"1","Andrena.minutuloides","Carlina.vulgaris"
"1","Anthidium.strigatum","Carlina.vulgaris"
"1","Bombus.lapidarius","Carlina.vulgaris"
"1","Bombus.pascuorum","Carlina.vulgaris"
"1","Bombus.terrestris.agg","Carlina.vulgaris"
"1","Cheilosia.impressa","Carlina.vulgaris"
"1","Cheilosia.ranunculi/albitarsis","Carlina.vulgaris"
"1","Cheilosia.soror","Carlina.vulgaris"
"1","Episyrphus.balteatus","Carlina.vulgaris"
"1","Eristalis.arbustorum","Carlina.vulgaris"
"1","Eristalis.tenax","Carlina.vulgaris"
"1","Eupeodes.corollae","Carlina.vulgaris"
"1","Halictus.maculatus","Carlina.vulgaris"
"1","Halictus.rubicundus","Carlina.vulgaris"
"1","Halictus.simplex","Carlina.vulgaris"
"1","Halictus.tumulorum","Carlina.vulgaris"
"1","Heringia.spec","Carlina.vulgaris"
"1","Lasioglossum.calceatum","Carlina.vulgaris"
"1","Lasioglossum.fulvicorne","Carlina.vulgaris"
"1","Lasioglossum.leucozonium","Carlina.vulgaris"
"1","Lasioglossum.lineare","Carlina.vulgaris"
"1","Lasioglossum.morio","Carlina.vulgaris"
"1","Lasioglossum.pauxillum","Carlina.vulgaris"
"1","Lasioglossum.villosulum","Carlina.vulgaris"
"1","Myathropa.florea","Carlina.vulgaris"
"1","Nomada.sheppardana","Carlina.vulgaris"
"1","Osmia.aurulenta","Carlina.vulgaris"
"1","Osmia.rufa","Carlina.vulgaris"
"1","Scaeva.pyrastri","Carlina.vulgaris"
"1","Sphaerophoria.spec","Carlina.vulgaris"
"1","Sphecodes.ferruginatus","Carlina.vulgaris"
"1","Sphecodes.geoffrellus","Carlina.vulgaris"
"1","Sphecodes.gibbus","Carlina.vulgaris"
"1","Sphecodes.hyalinatus","Carlina.vulgaris"
"1","Sphecodes.niger","Carlina.vulgaris"
"1","Syritta.pipiens","Carlina.vulgaris"
"1","Syrphus.ribesii","Carlina.vulgaris"
"1","Syrphus.vitripennis","Carlina.vulgaris"
"1","Andrena.fulvago","Centaurea.jacea"
"1","Andrena.humilis","Centaurea.jacea"
"1","Andrena.minutula","Centaurea.jacea"
"1","Andrena.minutuloides","Centaurea.jacea"
"1","Anthidium.strigatum","Centaurea.jacea"
"1","Bombus.lapidarius","Centaurea.jacea"
"1","Bombus.pascuorum","Centaurea.jacea"
"1","Bombus.terrestris.agg","Centaurea.jacea"
"1","Cheilosia.impressa","Centaurea.jacea"
"1","Cheilosia.ranunculi/albitarsis","Centaurea.jacea"
"1","Cheilosia.soror","Centaurea.jacea"
"1","Episyrphus.balteatus","Centaurea.jacea"
"1","Eristalis.arbustorum","Centaurea.jacea"
"1","Eristalis.tenax","Centaurea.jacea"
"1","Eupeodes.corollae","Centaurea.jacea"
"1","Halictus.maculatus","Centaurea.jacea"
"1","Halictus.rubicundus","Centaurea.jacea"
"1","Halictus.simplex","Centaurea.jacea"
"1","Halictus.tumulorum","Centaurea.jacea"
"1","Heringia.spec","Centaurea.jacea"
"1","Lasioglossum.calceatum","Centaurea.jacea"
"1","Lasioglossum.fulvicorne","Centaurea.jacea"
"1","Lasioglossum.leucozonium","Centaurea.jacea"
"1","Lasioglossum.lineare","Centaurea.jacea"
"1","Lasioglossum.morio","Centaurea.jacea"
"1","Lasioglossum.pauxillum","Centaurea.jacea"
"1","Lasioglossum.villosulum","Centaurea.jacea"
"1","Myathropa.florea","Centaurea.jacea"
"1","Nomada.sheppardana","Centaurea.jacea"
"1","Osmia.aurulenta","Centaurea.jacea"
"1","Osmia.rufa","Centaurea.jacea"
"1","Scaeva.pyrastri","Centaurea.jacea"
"1","Sphaerophoria.spec","Centaurea.jacea"
"1","Sphecodes.ferruginatus","Centaurea.jacea"
"1","Sphecodes.geoffrellus","Centaurea.jacea"
"1","Sphecodes.gibbus","Centaurea.jacea"
"1","Sphecodes.hyalinatus","Centaurea.jacea"
"1","Sphecodes.niger","Centaurea.jacea"
"1","Syritta.pipiens","Centaurea.jacea"
"1","Syrphus.ribesii","Centaurea.jacea"
"1","Syrphus.vitripennis","Centaurea.jacea"
"1","Andrena.fulvago","Cirsium.acaule"
"1","Andrena.humilis","Cirsium.acaule"
"1","Andrena.minutula","Cirsium.acaule"
"1","Andrena.minutuloides","Cirsium.acaule"
"1","Anthidium.strigatum","Cirsium.acaule"
"1","Bombus.lapidarius","Cirsium.acaule"
"1","Bombus.pascuorum","Cirsium.acaule"
"1","Bombus.terrestris.agg","Cirsium.acaule"
"1","Cheilosia.impressa","Cirsium.acaule"
"1","Cheilosia.ranunculi/albitarsis","Cirsium.acaule"
"1","Cheilosia.soror","Cirsium.acaule"
"1","Episyrphus.balteatus","Cirsium.acaule"
"1","Eristalis.arbustorum","Cirsium.acaule"
"1","Eristalis.tenax","Cirsium.acaule"
"1","Eupeodes.corollae","Cirsium.acaule"
"1","Halictus.maculatus","Cirsium.acaule"
"1","Halictus.rubicundus","Cirsium.acaule"
"1","Halictus.simplex","Cirsium.acaule"
"1","Halictus.tumulorum","Cirsium.acaule"
"1","Heringia.spec","Cirsium.acaule"
"1","Lasioglossum.calceatum","Cirsium.acaule"
"1","Lasioglossum.fulvicorne","Cirsium.acaule"
"1","Lasioglossum.leucozonium","Cirsium.acaule"
"1","Lasioglossum.lineare","Cirsium.acaule"
"1","Lasioglossum.morio","Cirsium.acaule"
"1","Lasioglossum.pauxillum","Cirsium.acaule"
"1","Lasioglossum.villosulum","Cirsium.acaule"
"1","Myathropa.florea","Cirsium.acaule"
"1","Nomada.sheppardana","Cirsium.acaule"
"1","Osmia.aurulenta","Cirsium.acaule"
"1","Osmia.rufa","Cirsium.acaule"
"1","Scaeva.pyrastri","Cirsium.acaule"
"1","Sphaerophoria.spec","Cirsium.acaule"
"1","Sphecodes.ferruginatus","Cirsium.acaule"
"1","Sphecodes.geoffrellus","Cirsium.acaule"
"1","Sphecodes.gibbus","Cirsium.acaule"
"1","Sphecodes.hyalinatus","Cirsium.acaule"
"1","Sphecodes.niger","Cirsium.acaule"
"1","Syritta.pipiens","Cirsium.acaule"
"1","Syrphus.ribesii","Cirsium.acaule"
"1","Syrphus.vitripennis","Cirsium.acaule"
"1","Andrena.fulvago","Daucus.carota"
"1","Andrena.humilis","Daucus.carota"
"1","Andrena.minutula","Daucus.carota"
"1","Andrena.minutuloides","Daucus.carota"
"1","Anthidium.strigatum","Daucus.carota"
"1","Bombus.lapidarius","Daucus.carota"
"1","Bombus.pascuorum","Daucus.carota"
"1","Bombus.terrestris.agg","Daucus.carota"
"1","Cheilosia.impressa","Daucus.carota"
"1","Cheilosia.ranunculi/albitarsis","Daucus.carota"
"1","Cheilosia.soror","Daucus.carota"
"1","Episyrphus.balteatus","Daucus.carota"
"1","Eristalis.arbustorum","Daucus.carota"
"1","Eristalis.tenax","Daucus.carota"
"1","Eupeodes.corollae","Daucus.carota"
"1","Halictus.maculatus","Daucus.carota"
"1","Halictus.rubicundus","Daucus.carota"
"1","Halictus.simplex","Daucus.carota"
"1","Halictus.tumulorum","Daucus.carota"
"1","Heringia.spec","Daucus.carota"
"1","Lasioglossum.calceatum","Daucus.carota"
"1","Lasioglossum.fulvicorne","Daucus.carota"
"1","Lasioglossum.leucozonium","Daucus.carota"
"1","Lasioglossum.lineare","Daucus.carota"
"1","Lasioglossum.morio","Daucus.carota"
"1","Lasioglossum.pauxillum","Daucus.carota"
"1","Lasioglossum.villosulum","Daucus.carota"
"1","Myathropa.florea","Daucus.carota"
"1","Nomada.sheppardana","Daucus.carota"
"1","Osmia.aurulenta","Daucus.carota"
"1","Osmia.rufa","Daucus.carota"
"1","Scaeva.pyrastri","Daucus.carota"
"1","Sphaerophoria.spec","Daucus.carota"
"1","Sphecodes.ferruginatus","Daucus.carota"
"1","Sphecodes.geoffrellus","Daucus.carota"
"1","Sphecodes.gibbus","Daucus.carota"
"1","Sphecodes.hyalinatus","Daucus.carota"
"1","Sphecodes.niger","Daucus.carota"
"1","Syritta.pipiens","Daucus.carota"
"1","Syrphus.ribesii","Daucus.carota"
"1","Syrphus.vitripennis","Daucus.carota"
"1","Andrena.fulvago","Galium.verum"
"1","Andrena.humilis","Galium.verum"
"1","Andrena.minutula","Galium.verum"
"1","Andrena.minutuloides","Galium.verum"
"1","Anthidium.strigatum","Galium.verum"
"1","Bombus.lapidarius","Galium.verum"
"1","Bombus.pascuorum","Galium.verum"
"1","Bombus.terrestris.agg","Galium.verum"
"1","Cheilosia.impressa","Galium.verum"
"1","Cheilosia.ranunculi/albitarsis","Galium.verum"
"1","Cheilosia.soror","Galium.verum"
"1","Episyrphus.balteatus","Galium.verum"
"1","Eristalis.arbustorum","Galium.verum"
"1","Eristalis.tenax","Galium.verum"
"1","Eupeodes.corollae","Galium.verum"
"1","Halictus.maculatus","Galium.verum"
"1","Halictus.rubicundus","Galium.verum"
"1","Halictus.simplex","Galium.verum"
"1","Halictus.tumulorum","Galium.verum"
"1","Heringia.spec","Galium.verum"
"1","Lasioglossum.calceatum","Galium.verum"
"1","Lasioglossum.fulvicorne","Galium.verum"
"1","Lasioglossum.leucozonium","Galium.verum"
"1","Lasioglossum.lineare","Galium.verum"
"1","Lasioglossum.morio","Galium.verum"
"1","Lasioglossum.pauxillum","Galium.verum"
"1","Lasioglossum.villosulum","Galium.verum"
"1","Myathropa.florea","Galium.verum"
"1","Nomada.sheppardana","Galium.verum"
"1","Osmia.aurulenta","Galium.verum"
"1","Osmia.rufa","Galium.verum"
"1","Scaeva.pyrastri","Galium.verum"
"1","Sphaerophoria.spec","Galium.verum"
"1","Sphecodes.ferruginatus","Galium.verum"
"1","Sphecodes.geoffrellus","Galium.verum"
"1","Sphecodes.gibbus","Galium.verum"
"1","Sphecodes.hyalinatus","Galium.verum"
"1","Sphecodes.niger","Galium.verum"
"1","Syritta.pipiens","Galium.verum"
"1","Syrphus.ribesii","Galium.verum"
"1","Syrphus.vitripennis","Galium.verum"
"1","Andrena.fulvago","Hieracium.pilosella"
"1","Andrena.humilis","Hieracium.pilosella"
"1","Andrena.minutula","Hieracium.pilosella"
"1","Andrena.minutuloides","Hieracium.pilosella"
"1","Anthidium.strigatum","Hieracium.pilosella"
"1","Bombus.lapidarius","Hieracium.pilosella"
"1","Bombus.pascuorum","Hieracium.pilosella"
"1","Bombus.terrestris.agg","Hieracium.pilosella"
"1","Cheilosia.impressa","Hieracium.pilosella"
"1","Cheilosia.ranunculi/albitarsis","Hieracium.pilosella"
"1","Cheilosia.soror","Hieracium.pilosella"
"1","Episyrphus.balteatus","Hieracium.pilosella"
"1","Eristalis.arbustorum","Hieracium.pilosella"
"1","Eristalis.tenax","Hieracium.pilosella"
"1","Eupeodes.corollae","Hieracium.pilosella"
"1","Halictus.maculatus","Hieracium.pilosella"
"1","Halictus.rubicundus","Hieracium.pilosella"
"1","Halictus.simplex","Hieracium.pilosella"
"1","Halictus.tumulorum","Hieracium.pilosella"
"1","Heringia.spec","Hieracium.pilosella"
"1","Lasioglossum.calceatum","Hieracium.pilosella"
"1","Lasioglossum.fulvicorne","Hieracium.pilosella"
"1","Lasioglossum.leucozonium","Hieracium.pilosella"
"1","Lasioglossum.lineare","Hieracium.pilosella"
"1","Lasioglossum.morio","Hieracium.pilosella"
"1","Lasioglossum.pauxillum","Hieracium.pilosella"
"1","Lasioglossum.villosulum","Hieracium.pilosella"
"1","Myathropa.florea","Hieracium.pilosella"
"1","Nomada.sheppardana","Hieracium.pilosella"
"1","Osmia.aurulenta","Hieracium.pilosella"
"1","Osmia.rufa","Hieracium.pilosella"
"1","Scaeva.pyrastri","Hieracium.pilosella"
"1","Sphaerophoria.spec","Hieracium.pilosella"
"1","Sphecodes.ferruginatus","Hieracium.pilosella"
"1","Sphecodes.geoffrellus","Hieracium.pilosella"
"1","Sphecodes.gibbus","Hieracium.pilosella"
"1","Sphecodes.hyalinatus","Hieracium.pilosella"
"1","Sphecodes.niger","Hieracium.pilosella"
"1","Syritta.pipiens","Hieracium.pilosella"
"1","Syrphus.ribesii","Hieracium.pilosella"
"1","Syrphus.vitripennis","Hieracium.pilosella"
"1","Andrena.fulvago","Hippocrepis.comosa"
"1","Andrena.humilis","Hippocrepis.comosa"
"1","Andrena.minutula","Hippocrepis.comosa"
"1","Andrena.minutuloides","Hippocrepis.comosa"
"1","Anthidium.strigatum","Hippocrepis.comosa"
"1","Bombus.lapidarius","Hippocrepis.comosa"
"1","Bombus.pascuorum","Hippocrepis.comosa"
"1","Bombus.terrestris.agg","Hippocrepis.comosa"
"1","Cheilosia.impressa","Hippocrepis.comosa"
"1","Cheilosia.ranunculi/albitarsis","Hippocrepis.comosa"
"1","Cheilosia.soror","Hippocrepis.comosa"
"1","Episyrphus.balteatus","Hippocrepis.comosa"
"1","Eristalis.arbustorum","Hippocrepis.comosa"
"1","Eristalis.tenax","Hippocrepis.comosa"
"1","Eupeodes.corollae","Hippocrepis.comosa"
"1","Halictus.maculatus","Hippocrepis.comosa"
"1","Halictus.rubicundus","Hippocrepis.comosa"
"1","Halictus.simplex","Hippocrepis.comosa"
"1","Halictus.tumulorum","Hippocrepis.comosa"
"1","Heringia.spec","Hippocrepis.comosa"
"1","Lasioglossum.calceatum","Hippocrepis.comosa"
"1","Lasioglossum.fulvicorne","Hippocrepis.comosa"
"1","Lasioglossum.leucozonium","Hippocrepis.comosa"
"1","Lasioglossum.lineare","Hippocrepis.comosa"
"1","Lasioglossum.morio","Hippocrepis.comosa"
"1","Lasioglossum.pauxillum","Hippocrepis.comosa"
"1","Lasioglossum.villosulum","Hippocrepis.comosa"
"1","Myathropa.florea","Hippocrepis.comosa"
"1","Nomada.sheppardana","Hippocrepis.comosa"
"1","Osmia.aurulenta","Hippocrepis.comosa"
"1","Osmia.rufa","Hippocrepis.comosa"
"1","Scaeva.pyrastri","Hippocrepis.comosa"
"1","Sphaerophoria.spec","Hippocrepis.comosa"
"1","Sphecodes.ferruginatus","Hippocrepis.comosa"
"1","Sphecodes.geoffrellus","Hippocrepis.comosa"
"1","Sphecodes.gibbus","Hippocrepis.comosa"
"1","Sphecodes.hyalinatus","Hippocrepis.comosa"
"1","Sphecodes.niger","Hippocrepis.comosa"
"1","Syritta.pipiens","Hippocrepis.comosa"
"1","Syrphus.ribesii","Hippocrepis.comosa"
"1","Syrphus.vitripennis","Hippocrepis.comosa"
"1","Andrena.fulvago","Hypericum.perforatum"
"1","Andrena.humilis","Hypericum.perforatum"
"1","Andrena.minutula","Hypericum.perforatum"
"1","Andrena.minutuloides","Hypericum.perforatum"
"1","Anthidium.strigatum","Hypericum.perforatum"
"1","Bombus.lapidarius","Hypericum.perforatum"
"1","Bombus.pascuorum","Hypericum.perforatum"
"1","Bombus.terrestris.agg","Hypericum.perforatum"
"1","Cheilosia.impressa","Hypericum.perforatum"
"1","Cheilosia.ranunculi/albitarsis","Hypericum.perforatum"
"1","Cheilosia.soror","Hypericum.perforatum"
"1","Episyrphus.balteatus","Hypericum.perforatum"
"1","Eristalis.arbustorum","Hypericum.perforatum"
"1","Eristalis.tenax","Hypericum.perforatum"
"1","Eupeodes.corollae","Hypericum.perforatum"
"1","Halictus.maculatus","Hypericum.perforatum"
"1","Halictus.rubicundus","Hypericum.perforatum"
"1","Halictus.simplex","Hypericum.perforatum"
"1","Halictus.tumulorum","Hypericum.perforatum"
"1","Heringia.spec","Hypericum.perforatum"
"1","Lasioglossum.calceatum","Hypericum.perforatum"
"1","Lasioglossum.fulvicorne","Hypericum.perforatum"
"1","Lasioglossum.leucozonium","Hypericum.perforatum"
"1","Lasioglossum.lineare","Hypericum.perforatum"
"1","Lasioglossum.morio","Hypericum.perforatum"
"1","Lasioglossum.pauxillum","Hypericum.perforatum"
"1","Lasioglossum.villosulum","Hypericum.perforatum"
"1","Myathropa.florea","Hypericum.perforatum"
"1","Nomada.sheppardana","Hypericum.perforatum"
"1","Osmia.aurulenta","Hypericum.perforatum"
"1","Osmia.rufa","Hypericum.perforatum"
"1","Scaeva.pyrastri","Hypericum.perforatum"
"1","Sphaerophoria.spec","Hypericum.perforatum"
"1","Sphecodes.ferruginatus","Hypericum.perforatum"
"1","Sphecodes.geoffrellus","Hypericum.perforatum"
"1","Sphecodes.gibbus","Hypericum.perforatum"
"1","Sphecodes.hyalinatus","Hypericum.perforatum"
"1","Sphecodes.niger","Hypericum.perforatum"
"1","Syritta.pipiens","Hypericum.perforatum"
"1","Syrphus.ribesii","Hypericum.perforatum"
"1","Syrphus.vitripennis","Hypericum.perforatum"
"1","Andrena.fulvago","Knautia.arvensis"
"1","Andrena.humilis","Knautia.arvensis"
"1","Andrena.minutula","Knautia.arvensis"
"1","Andrena.minutuloides","Knautia.arvensis"
"1","Anthidium.strigatum","Knautia.arvensis"
"1","Bombus.lapidarius","Knautia.arvensis"
"1","Bombus.pascuorum","Knautia.arvensis"
"1","Bombus.terrestris.agg","Knautia.arvensis"
"1","Cheilosia.impressa","Knautia.arvensis"
"1","Cheilosia.ranunculi/albitarsis","Knautia.arvensis"
"1","Cheilosia.soror","Knautia.arvensis"
"1","Episyrphus.balteatus","Knautia.arvensis"
"1","Eristalis.arbustorum","Knautia.arvensis"
"1","Eristalis.tenax","Knautia.arvensis"
"1","Eupeodes.corollae","Knautia.arvensis"
"1","Halictus.maculatus","Knautia.arvensis"
"1","Halictus.rubicundus","Knautia.arvensis"
"1","Halictus.simplex","Knautia.arvensis"
"1","Halictus.tumulorum","Knautia.arvensis"
"1","Heringia.spec","Knautia.arvensis"
"1","Lasioglossum.calceatum","Knautia.arvensis"
"1","Lasioglossum.fulvicorne","Knautia.arvensis"
"1","Lasioglossum.leucozonium","Knautia.arvensis"
"1","Lasioglossum.lineare","Knautia.arvensis"
"1","Lasioglossum.morio","Knautia.arvensis"
"1","Lasioglossum.pauxillum","Knautia.arvensis"
"1","Lasioglossum.villosulum","Knautia.arvensis"
"1","Myathropa.florea","Knautia.arvensis"
"1","Nomada.sheppardana","Knautia.arvensis"
"1","Osmia.aurulenta","Knautia.arvensis"
"1","Osmia.rufa","Knautia.arvensis"
"1","Scaeva.pyrastri","Knautia.arvensis"
"1","Sphaerophoria.spec","Knautia.arvensis"
"1","Sphecodes.ferruginatus","Knautia.arvensis"
"1","Sphecodes.geoffrellus","Knautia.arvensis"
"1","Sphecodes.gibbus","Knautia.arvensis"
"1","Sphecodes.hyalinatus","Knautia.arvensis"
"1","Sphecodes.niger","Knautia.arvensis"
"1","Syritta.pipiens","Knautia.arvensis"
"1","Syrphus.ribesii","Knautia.arvensis"
"1","Syrphus.vitripennis","Knautia.arvensis"
"1","Andrena.fulvago","Lotus.corniculatus"
"1","Andrena.humilis","Lotus.corniculatus"
"1","Andrena.minutula","Lotus.corniculatus"
"1","Andrena.minutuloides","Lotus.corniculatus"
"1","Anthidium.strigatum","Lotus.corniculatus"
"1","Bombus.lapidarius","Lotus.corniculatus"
"1","Bombus.pascuorum","Lotus.corniculatus"
"1","Bombus.terrestris.agg","Lotus.corniculatus"
"1","Cheilosia.impressa","Lotus.corniculatus"
"1","Cheilosia.ranunculi/albitarsis","Lotus.corniculatus"
"1","Cheilosia.soror","Lotus.corniculatus"
"1","Episyrphus.balteatus","Lotus.corniculatus"
"1","Eristalis.arbustorum","Lotus.corniculatus"
"1","Eristalis.tenax","Lotus.corniculatus"
"1","Eupeodes.corollae","Lotus.corniculatus"
"1","Halictus.maculatus","Lotus.corniculatus"
"1","Halictus.rubicundus","Lotus.corniculatus"
"1","Halictus.simplex","Lotus.corniculatus"
"1","Halictus.tumulorum","Lotus.corniculatus"
"1","Heringia.spec","Lotus.corniculatus"
"1","Lasioglossum.calceatum","Lotus.corniculatus"
"1","Lasioglossum.fulvicorne","Lotus.corniculatus"
"1","Lasioglossum.leucozonium","Lotus.corniculatus"
"1","Lasioglossum.lineare","Lotus.corniculatus"
"1","Lasioglossum.morio","Lotus.corniculatus"
"1","Lasioglossum.pauxillum","Lotus.corniculatus"
"1","Lasioglossum.villosulum","Lotus.corniculatus"
"1","Myathropa.florea","Lotus.corniculatus"
"1","Nomada.sheppardana","Lotus.corniculatus"
"1","Osmia.aurulenta","Lotus.corniculatus"
"1","Osmia.rufa","Lotus.corniculatus"
"1","Scaeva.pyrastri","Lotus.corniculatus"
"1","Sphaerophoria.spec","Lotus.corniculatus"
"1","Sphecodes.ferruginatus","Lotus.corniculatus"
"1","Sphecodes.geoffrellus","Lotus.corniculatus"
"1","Sphecodes.gibbus","Lotus.corniculatus"
"1","Sphecodes.hyalinatus","Lotus.corniculatus"
"1","Sphecodes.niger","Lotus.corniculatus"
"1","Syritta.pipiens","Lotus.corniculatus"
"1","Syrphus.ribesii","Lotus.corniculatus"
"1","Syrphus.vitripennis","Lotus.corniculatus"
"1","Andrena.fulvago","Ononis.spinosa"
"1","Andrena.humilis","Ononis.spinosa"
"1","Andrena.minutula","Ononis.spinosa"
"1","Andrena.minutuloides","Ononis.spinosa"
"1","Anthidium.strigatum","Ononis.spinosa"
"1","Bombus.lapidarius","Ononis.spinosa"
"1","Bombus.pascuorum","Ononis.spinosa"
"1","Bombus.terrestris.agg","Ononis.spinosa"
"1","Cheilosia.impressa","Ononis.spinosa"
"1","Cheilosia.ranunculi/albitarsis","Ononis.spinosa"
"1","Cheilosia.soror","Ononis.spinosa"
"1","Episyrphus.balteatus","Ononis.spinosa"
"1","Eristalis.arbustorum","Ononis.spinosa"
"1","Eristalis.tenax","Ononis.spinosa"
"1","Eupeodes.corollae","Ononis.spinosa"
"1","Halictus.maculatus","Ononis.spinosa"
"1","Halictus.rubicundus","Ononis.spinosa"
"1","Halictus.simplex","Ononis.spinosa"
"1","Halictus.tumulorum","Ononis.spinosa"
"1","Heringia.spec","Ononis.spinosa"
"1","Lasioglossum.calceatum","Ononis.spinosa"
"1","Lasioglossum.fulvicorne","Ononis.spinosa"
"1","Lasioglossum.leucozonium","Ononis.spinosa"
"1","Lasioglossum.lineare","Ononis.spinosa"
"1","Lasioglossum.morio","Ononis.spinosa"
"1","Lasioglossum.pauxillum","Ononis.spinosa"
"1","Lasioglossum.villosulum","Ononis.spinosa"
"1","Myathropa.florea","Ononis.spinosa"
"1","Nomada.sheppardana","Ononis.spinosa"
"1","Osmia.aurulenta","Ononis.spinosa"
"1","Osmia.rufa","Ononis.spinosa"
"1","Scaeva.pyrastri","Ononis.spinosa"
"1","Sphaerophoria.spec","Ononis.spinosa"
"1","Sphecodes.ferruginatus","Ononis.spinosa"
"1","Sphecodes.geoffrellus","Ononis.spinosa"
"1","Sphecodes.gibbus","Ononis.spinosa"
"1","Sphecodes.hyalinatus","Ononis.spinosa"
"1","Sphecodes.niger","Ononis.spinosa"
"1","Syritta.pipiens","Ononis.spinosa"
"1","Syrphus.ribesii","Ononis.spinosa"
"1","Syrphus.vitripennis","Ononis.spinosa"
"1","Andrena.fulvago","Pimpinella.saxifraga"
"1","Andrena.humilis","Pimpinella.saxifraga"
"1","Andrena.minutula","Pimpinella.saxifraga"
"1","Andrena.minutuloides","Pimpinella.saxifraga"
"1","Anthidium.strigatum","Pimpinella.saxifraga"
"1","Bombus.lapidarius","Pimpinella.saxifraga"
"1","Bombus.pascuorum","Pimpinella.saxifraga"
"1","Bombus.terrestris.agg","Pimpinella.saxifraga"
"1","Cheilosia.impressa","Pimpinella.saxifraga"
"1","Cheilosia.ranunculi/albitarsis","Pimpinella.saxifraga"
"1","Cheilosia.soror","Pimpinella.saxifraga"
"1","Episyrphus.balteatus","Pimpinella.saxifraga"
"1","Eristalis.arbustorum","Pimpinella.saxifraga"
"1","Eristalis.tenax","Pimpinella.saxifraga"
"1","Eupeodes.corollae","Pimpinella.saxifraga"
"1","Halictus.maculatus","Pimpinella.saxifraga"
"1","Halictus.rubicundus","Pimpinella.saxifraga"
"1","Halictus.simplex","Pimpinella.saxifraga"
"1","Halictus.tumulorum","Pimpinella.saxifraga"
"1","Heringia.spec","Pimpinella.saxifraga"
"1","Lasioglossum.calceatum","Pimpinella.saxifraga"
"1","Lasioglossum.fulvicorne","Pimpinella.saxifraga"
"1","Lasioglossum.leucozonium","Pimpinella.saxifraga"
"1","Lasioglossum.lineare","Pimpinella.saxifraga"
"1","Lasioglossum.morio","Pimpinella.saxifraga"
"1","Lasioglossum.pauxillum","Pimpinella.saxifraga"
"1","Lasioglossum.villosulum","Pimpinella.saxifraga"
"1","Myathropa.florea","Pimpinella.saxifraga"
"1","Nomada.sheppardana","Pimpinella.saxifraga"
"1","Osmia.aurulenta","Pimpinella.saxifraga"
"1","Osmia.rufa","Pimpinella.saxifraga"
"1","Scaeva.pyrastri","Pimpinella.saxifraga"
"1","Sphaerophoria.spec","Pimpinella.saxifraga"
"1","Sphecodes.ferruginatus","Pimpinella.saxifraga"
"1","Sphecodes.geoffrellus","Pimpinella.saxifraga"
"1","Sphecodes.gibbus","Pimpinella.saxifraga"
"1","Sphecodes.hyalinatus","Pimpinella.saxifraga"
"1","Sphecodes.niger","Pimpinella.saxifraga"
"1","Syritta.pipiens","Pimpinella.saxifraga"
"1","Syrphus.ribesii","Pimpinella.saxifraga"
"1","Syrphus.vitripennis","Pimpinella.saxifraga"
"1","Andrena.fulvago","Potentilla.neumanniana"
"1","Andrena.humilis","Potentilla.neumanniana"
"1","Andrena.minutula","Potentilla.neumanniana"
"1","Andrena.minutuloides","Potentilla.neumanniana"
"1","Anthidium.strigatum","Potentilla.neumanniana"
"1","Bombus.lapidarius","Potentilla.neumanniana"
"1","Bombus.pascuorum","Potentilla.neumanniana"
"1","Bombus.terrestris.agg","Potentilla.neumanniana"
"1","Cheilosia.impressa","Potentilla.neumanniana"
"1","Cheilosia.ranunculi/albitarsis","Potentilla.neumanniana"
"1","Cheilosia.soror","Potentilla.neumanniana"
"1","Episyrphus.balteatus","Potentilla.neumanniana"
"1","Eristalis.arbustorum","Potentilla.neumanniana"
"1","Eristalis.tenax","Potentilla.neumanniana"
"1","Eupeodes.corollae","Potentilla.neumanniana"
"1","Halictus.maculatus","Potentilla.neumanniana"
"1","Halictus.rubicundus","Potentilla.neumanniana"
"1","Halictus.simplex","Potentilla.neumanniana"
"1","Halictus.tumulorum","Potentilla.neumanniana"
"1","Heringia.spec","Potentilla.neumanniana"
"1","Lasioglossum.calceatum","Potentilla.neumanniana"
"1","Lasioglossum.fulvicorne","Potentilla.neumanniana"
"1","Lasioglossum.leucozonium","Potentilla.neumanniana"
"1","Lasioglossum.lineare","Potentilla.neumanniana"
"1","Lasioglossum.morio","Potentilla.neumanniana"
"1","Lasioglossum.pauxillum","Potentilla.neumanniana"
"1","Lasioglossum.villosulum","Potentilla.neumanniana"
"1","Myathropa.florea","Potentilla.neumanniana"
"1","Nomada.sheppardana","Potentilla.neumanniana"
"1","Osmia.aurulenta","Potentilla.neumanniana"
"1","Osmia.rufa","Potentilla.neumanniana"
"1","Scaeva.pyrastri","Potentilla.neumanniana"
"1","Sphaerophoria.spec","Potentilla.neumanniana"
"1","Sphecodes.ferruginatus","Potentilla.neumanniana"
"1","Sphecodes.geoffrellus","Potentilla.neumanniana"
"1","Sphecodes.gibbus","Potentilla.neumanniana"
"1","Sphecodes.hyalinatus","Potentilla.neumanniana"
"1","Sphecodes.niger","Potentilla.neumanniana"
"1","Syritta.pipiens","Potentilla.neumanniana"
"1","Syrphus.ribesii","Potentilla.neumanniana"
"1","Syrphus.vitripennis","Potentilla.neumanniana"
"1","Andrena.fulvago","Potentilla.reptans"
"1","Andrena.humilis","Potentilla.reptans"
"1","Andrena.minutula","Potentilla.reptans"
"1","Andrena.minutuloides","Potentilla.reptans"
"1","Anthidium.strigatum","Potentilla.reptans"
"1","Bombus.lapidarius","Potentilla.reptans"
"1","Bombus.pascuorum","Potentilla.reptans"
"1","Bombus.terrestris.agg","Potentilla.reptans"
"1","Cheilosia.impressa","Potentilla.reptans"
"1","Cheilosia.ranunculi/albitarsis","Potentilla.reptans"
"1","Cheilosia.soror","Potentilla.reptans"
"1","Episyrphus.balteatus","Potentilla.reptans"
"1","Eristalis.arbustorum","Potentilla.reptans"
"1","Eristalis.tenax","Potentilla.reptans"
"1","Eupeodes.corollae","Potentilla.reptans"
"1","Halictus.maculatus","Potentilla.reptans"
"1","Halictus.rubicundus","Potentilla.reptans"
"1","Halictus.simplex","Potentilla.reptans"
"1","Halictus.tumulorum","Potentilla.reptans"
"1","Heringia.spec","Potentilla.reptans"
"1","Lasioglossum.calceatum","Potentilla.reptans"
"1","Lasioglossum.fulvicorne","Potentilla.reptans"
"1","Lasioglossum.leucozonium","Potentilla.reptans"
"1","Lasioglossum.lineare","Potentilla.reptans"
"1","Lasioglossum.morio","Potentilla.reptans"
"1","Lasioglossum.pauxillum","Potentilla.reptans"
"1","Lasioglossum.villosulum","Potentilla.reptans"
"1","Myathropa.florea","Potentilla.reptans"
"1","Nomada.sheppardana","Potentilla.reptans"
"1","Osmia.aurulenta","Potentilla.reptans"
"1","Osmia.rufa","Potentilla.reptans"
"1","Scaeva.pyrastri","Potentilla.reptans"
"1","Sphaerophoria.spec","Potentilla.reptans"
"1","Sphecodes.ferruginatus","Potentilla.reptans"
"1","Sphecodes.geoffrellus","Potentilla.reptans"
"1","Sphecodes.gibbus","Potentilla.reptans"
"1","Sphecodes.hyalinatus","Potentilla.reptans"
"1","Sphecodes.niger","Potentilla.reptans"
"1","Syritta.pipiens","Potentilla.reptans"
"1","Syrphus.ribesii","Potentilla.reptans"
"1","Syrphus.vitripennis","Potentilla.reptans"
"1","Andrena.fulvago","Ranunculus.bulbosus"
"1","Andrena.humilis","Ranunculus.bulbosus"
"1","Andrena.minutula","Ranunculus.bulbosus"
"1","Andrena.minutuloides","Ranunculus.bulbosus"
"1","Anthidium.strigatum","Ranunculus.bulbosus"
"1","Bombus.lapidarius","Ranunculus.bulbosus"
"1","Bombus.pascuorum","Ranunculus.bulbosus"
"1","Bombus.terrestris.agg","Ranunculus.bulbosus"
"1","Cheilosia.impressa","Ranunculus.bulbosus"
"1","Cheilosia.ranunculi/albitarsis","Ranunculus.bulbosus"
"1","Cheilosia.soror","Ranunculus.bulbosus"
"1","Episyrphus.balteatus","Ranunculus.bulbosus"
"1","Eristalis.arbustorum","Ranunculus.bulbosus"
"1","Eristalis.tenax","Ranunculus.bulbosus"
"1","Eupeodes.corollae","Ranunculus.bulbosus"
"1","Halictus.maculatus","Ranunculus.bulbosus"
"1","Halictus.rubicundus","Ranunculus.bulbosus"
"1","Halictus.simplex","Ranunculus.bulbosus"
"1","Halictus.tumulorum","Ranunculus.bulbosus"
"1","Heringia.spec","Ranunculus.bulbosus"
"1","Lasioglossum.calceatum","Ranunculus.bulbosus"
"1","Lasioglossum.fulvicorne","Ranunculus.bulbosus"
"1","Lasioglossum.leucozonium","Ranunculus.bulbosus"
"1","Lasioglossum.lineare","Ranunculus.bulbosus"
"1","Lasioglossum.morio","Ranunculus.bulbosus"
"1","Lasioglossum.pauxillum","Ranunculus.bulbosus"
"1","Lasioglossum.villosulum","Ranunculus.bulbosus"
"1","Myathropa.florea","Ranunculus.bulbosus"
"1","Nomada.sheppardana","Ranunculus.bulbosus"
"1","Osmia.aurulenta","Ranunculus.bulbosus"
"1","Osmia.rufa","Ranunculus.bulbosus"
"1","Scaeva.pyrastri","Ranunculus.bulbosus"
"1","Sphaerophoria.spec","Ranunculus.bulbosus"
"1","Sphecodes.ferruginatus","Ranunculus.bulbosus"
"1","Sphecodes.geoffrellus","Ranunculus.bulbosus"
"1","Sphecodes.gibbus","Ranunculus.bulbosus"
"1","Sphecodes.hyalinatus","Ranunculus.bulbosus"
"1","Sphecodes.niger","Ranunculus.bulbosus"
"1","Syritta.pipiens","Ranunculus.bulbosus"
"1","Syrphus.ribesii","Ranunculus.bulbosus"
"1","Syrphus.vitripennis","Ranunculus.bulbosus"
"1","Andrena.fulvago","Sanguisorba.minor"
"1","Andrena.humilis","Sanguisorba.minor"
"1","Andrena.minutula","Sanguisorba.minor"
"1","Andrena.minutuloides","Sanguisorba.minor"
"1","Anthidium.strigatum","Sanguisorba.minor"
"1","Bombus.lapidarius","Sanguisorba.minor"
"1","Bombus.pascuorum","Sanguisorba.minor"
"1","Bombus.terrestris.agg","Sanguisorba.minor"
"1","Cheilosia.impressa","Sanguisorba.minor"
"1","Cheilosia.ranunculi/albitarsis","Sanguisorba.minor"
"1","Cheilosia.soror","Sanguisorba.minor"
"1","Episyrphus.balteatus","Sanguisorba.minor"
"1","Eristalis.arbustorum","Sanguisorba.minor"
"1","Eristalis.tenax","Sanguisorba.minor"
"1","Eupeodes.corollae","Sanguisorba.minor"
"1","Halictus.maculatus","Sanguisorba.minor"
"1","Halictus.rubicundus","Sanguisorba.minor"
"1","Halictus.simplex","Sanguisorba.minor"
"1","Halictus.tumulorum","Sanguisorba.minor"
"1","Heringia.spec","Sanguisorba.minor"
"1","Lasioglossum.calceatum","Sanguisorba.minor"
"1","Lasioglossum.fulvicorne","Sanguisorba.minor"
"1","Lasioglossum.leucozonium","Sanguisorba.minor"
"1","Lasioglossum.lineare","Sanguisorba.minor"
"1","Lasioglossum.morio","Sanguisorba.minor"
"1","Lasioglossum.pauxillum","Sanguisorba.minor"
"1","Lasioglossum.villosulum","Sanguisorba.minor"
"1","Myathropa.florea","Sanguisorba.minor"
"1","Nomada.sheppardana","Sanguisorba.minor"
"1","Osmia.aurulenta","Sanguisorba.minor"
"1","Osmia.rufa","Sanguisorba.minor"
"1","Scaeva.pyrastri","Sanguisorba.minor"
"1","Sphaerophoria.spec","Sanguisorba.minor"
"1","Sphecodes.ferruginatus","Sanguisorba.minor"
"1","Sphecodes.geoffrellus","Sanguisorba.minor"
"1","Sphecodes.gibbus","Sanguisorba.minor"
"1","Sphecodes.hyalinatus","Sanguisorba.minor"
"1","Sphecodes.niger","Sanguisorba.minor"
"1","Syritta.pipiens","Sanguisorba.minor"
"1","Syrphus.ribesii","Sanguisorba.minor"
"1","Syrphus.vitripennis","Sanguisorba.minor"
"1","Andrena.fulvago","Sedum.sexangulare"
"1","Andrena.humilis","Sedum.sexangulare"
"1","Andrena.minutula","Sedum.sexangulare"
"1","Andrena.minutuloides","Sedum.sexangulare"
"1","Anthidium.strigatum","Sedum.sexangulare"
"1","Bombus.lapidarius","Sedum.sexangulare"
"1","Bombus.pascuorum","Sedum.sexangulare"
"1","Bombus.terrestris.agg","Sedum.sexangulare"
"1","Cheilosia.impressa","Sedum.sexangulare"
"1","Cheilosia.ranunculi/albitarsis","Sedum.sexangulare"
"1","Cheilosia.soror","Sedum.sexangulare"
"1","Episyrphus.balteatus","Sedum.sexangulare"
"1","Eristalis.arbustorum","Sedum.sexangulare"
"1","Eristalis.tenax","Sedum.sexangulare"
"1","Eupeodes.corollae","Sedum.sexangulare"
"1","Halictus.maculatus","Sedum.sexangulare"
"1","Halictus.rubicundus","Sedum.sexangulare"
"1","Halictus.simplex","Sedum.sexangulare"
"1","Halictus.tumulorum","Sedum.sexangulare"
"1","Heringia.spec","Sedum.sexangulare"
"1","Lasioglossum.calceatum","Sedum.sexangulare"
"1","Lasioglossum.fulvicorne","Sedum.sexangulare"
"1","Lasioglossum.leucozonium","Sedum.sexangulare"
"1","Lasioglossum.lineare","Sedum.sexangulare"
"1","Lasioglossum.morio","Sedum.sexangulare"
"1","Lasioglossum.pauxillum","Sedum.sexangulare"
"1","Lasioglossum.villosulum","Sedum.sexangulare"
"1","Myathropa.florea","Sedum.sexangulare"
"1","Nomada.sheppardana","Sedum.sexangulare"
"1","Osmia.aurulenta","Sedum.sexangulare"
"1","Osmia.rufa","Sedum.sexangulare"
"1","Scaeva.pyrastri","Sedum.sexangulare"
"1","Sphaerophoria.spec","Sedum.sexangulare"
"1","Sphecodes.ferruginatus","Sedum.sexangulare"
"1","Sphecodes.geoffrellus","Sedum.sexangulare"
"1","Sphecodes.gibbus","Sedum.sexangulare"
"1","Sphecodes.hyalinatus","Sedum.sexangulare"
"1","Sphecodes.niger","Sedum.sexangulare"
"1","Syritta.pipiens","Sedum.sexangulare"
"1","Syrphus.ribesii","Sedum.sexangulare"
"1","Syrphus.vitripennis","Sedum.sexangulare"
"1","Andrena.fulvago","Thymus.pulegioides"
"1","Andrena.humilis","Thymus.pulegioides"
"1","Andrena.minutula","Thymus.pulegioides"
"1","Andrena.minutuloides","Thymus.pulegioides"
"1","Anthidium.strigatum","Thymus.pulegioides"
"1","Bombus.lapidarius","Thymus.pulegioides"
"1","Bombus.pascuorum","Thymus.pulegioides"
"1","Bombus.terrestris.agg","Thymus.pulegioides"
"1","Cheilosia.impressa","Thymus.pulegioides"
"1","Cheilosia.ranunculi/albitarsis","Thymus.pulegioides"
"1","Cheilosia.soror","Thymus.pulegioides"
"1","Episyrphus.balteatus","Thymus.pulegioides"
"1","Eristalis.arbustorum","Thymus.pulegioides"
"1","Eristalis.tenax","Thymus.pulegioides"
"1","Eupeodes.corollae","Thymus.pulegioides"
"1","Halictus.maculatus","Thymus.pulegioides"
"1","Halictus.rubicundus","Thymus.pulegioides"
"1","Halictus.simplex","Thymus.pulegioides"
"1","Halictus.tumulorum","Thymus.pulegioides"
"1","Heringia.spec","Thymus.pulegioides"
"1","Lasioglossum.calceatum","Thymus.pulegioides"
"1","Lasioglossum.fulvicorne","Thymus.pulegioides"
"1","Lasioglossum.leucozonium","Thymus.pulegioides"
"1","Lasioglossum.lineare","Thymus.pulegioides"
"1","Lasioglossum.morio","Thymus.pulegioides"
"1","Lasioglossum.pauxillum","Thymus.pulegioides"
"1","Lasioglossum.villosulum","Thymus.pulegioides"
"1","Myathropa.florea","Thymus.pulegioides"
"1","Nomada.sheppardana","Thymus.pulegioides"
"1","Osmia.aurulenta","Thymus.pulegioides"
"1","Osmia.rufa","Thymus.pulegioides"
"1","Scaeva.pyrastri","Thymus.pulegioides"
"1","Sphaerophoria.spec","Thymus.pulegioides"
"1","Sphecodes.ferruginatus","Thymus.pulegioides"
"1","Sphecodes.geoffrellus","Thymus.pulegioides"
"1","Sphecodes.gibbus","Thymus.pulegioides"
"1","Sphecodes.hyalinatus","Thymus.pulegioides"
"1","Sphecodes.niger","Thymus.pulegioides"
"1","Syritta.pipiens","Thymus.pulegioides"
"1","Syrphus.ribesii","Thymus.pulegioides"
"1","Syrphus.vitripennis","Thymus.pulegioides"
"2","Andrena.minutuloides","Achillea.millefolium"
"2","Bombus.lapidarius","Achillea.millefolium"
"2","Bombus.pascuorum","Achillea.millefolium"
"2","Bombus.terrestris.agg","Achillea.millefolium"
"2","Cheilosia.scutellata","Achillea.millefolium"
"2","Cheilosia.soror","Achillea.millefolium"
"2","Cheilosia.vulpina","Achillea.millefolium"
"2","Episyrphus.balteatus","Achillea.millefolium"
"2","Eristalis.arbustorum","Achillea.millefolium"
"2","Eristalis.interrupta","Achillea.millefolium"
"2","Eristalis.intricaria","Achillea.millefolium"
"2","Eristalis.pertinax","Achillea.millefolium"
"2","Eristalis.tenax","Achillea.millefolium"
"2","Eupeodes.corollae","Achillea.millefolium"
"2","Eupeodes.lapponicus","Achillea.millefolium"
"2","Halictus.rubicundus","Achillea.millefolium"
"2","Halictus.tumulorum","Achillea.millefolium"
"2","Hylaeus.brevicornis","Achillea.millefolium"
"2","Hylaeus.gredleri","Achillea.millefolium"
"2","Lasioglossum.calceatum","Achillea.millefolium"
"2","Lasioglossum.fulvicorne","Achillea.millefolium"
"2","Lasioglossum.morio","Achillea.millefolium"
"2","Lasioglossum.pauxillum","Achillea.millefolium"
"2","Lasioglossum.villosulum","Achillea.millefolium"
"2","Myathropa.florea","Achillea.millefolium"
"2","Osmia.bicolor","Achillea.millefolium"
"2","Paragus.spec","Achillea.millefolium"
"2","Pipizella.spec","Achillea.millefolium"
"2","Psithyrus.bohemicus","Achillea.millefolium"
"2","Scaeva.pyrastri","Achillea.millefolium"
"2","Scaeva.selenitica","Achillea.millefolium"
"2","Sphaerophoria.spec","Achillea.millefolium"
"2","Sphecodes.crassus","Achillea.millefolium"
"2","Sphecodes.ephippius","Achillea.millefolium"
"2","Sphecodes.niger","Achillea.millefolium"
"2","Syritta.pipiens","Achillea.millefolium"
"2","Syrphus.ribesii","Achillea.millefolium"
"2","Syrphus.torvus","Achillea.millefolium"
"2","Syrphus.vitripennis","Achillea.millefolium"
"2","Volucella.bombylans","Achillea.millefolium"
"2","Andrena.minutuloides","Anthemis.arvensis"
"2","Bombus.lapidarius","Anthemis.arvensis"
"2","Bombus.pascuorum","Anthemis.arvensis"
"2","Bombus.terrestris.agg","Anthemis.arvensis"
"2","Cheilosia.scutellata","Anthemis.arvensis"
"2","Cheilosia.soror","Anthemis.arvensis"
"2","Cheilosia.vulpina","Anthemis.arvensis"
"2","Episyrphus.balteatus","Anthemis.arvensis"
"2","Eristalis.arbustorum","Anthemis.arvensis"
"2","Eristalis.interrupta","Anthemis.arvensis"
"2","Eristalis.intricaria","Anthemis.arvensis"
"2","Eristalis.pertinax","Anthemis.arvensis"
"2","Eristalis.tenax","Anthemis.arvensis"
"2","Eupeodes.corollae","Anthemis.arvensis"
"2","Eupeodes.lapponicus","Anthemis.arvensis"
"2","Halictus.rubicundus","Anthemis.arvensis"
"2","Halictus.tumulorum","Anthemis.arvensis"
"2","Hylaeus.brevicornis","Anthemis.arvensis"
"2","Hylaeus.gredleri","Anthemis.arvensis"
"2","Lasioglossum.calceatum","Anthemis.arvensis"
"2","Lasioglossum.fulvicorne","Anthemis.arvensis"
"2","Lasioglossum.morio","Anthemis.arvensis"
"2","Lasioglossum.pauxillum","Anthemis.arvensis"
"2","Lasioglossum.villosulum","Anthemis.arvensis"
"2","Myathropa.florea","Anthemis.arvensis"
"2","Osmia.bicolor","Anthemis.arvensis"
"2","Paragus.spec","Anthemis.arvensis"
"2","Pipizella.spec","Anthemis.arvensis"
"2","Psithyrus.bohemicus","Anthemis.arvensis"
"2","Scaeva.pyrastri","Anthemis.arvensis"
"2","Scaeva.selenitica","Anthemis.arvensis"
"2","Sphaerophoria.spec","Anthemis.arvensis"
"2","Sphecodes.crassus","Anthemis.arvensis"
"2","Sphecodes.ephippius","Anthemis.arvensis"
"2","Sphecodes.niger","Anthemis.arvensis"
"2","Syritta.pipiens","Anthemis.arvensis"
"2","Syrphus.ribesii","Anthemis.arvensis"
"2","Syrphus.torvus","Anthemis.arvensis"
"2","Syrphus.vitripennis","Anthemis.arvensis"
"2","Volucella.bombylans","Anthemis.arvensis"
"2","Andrena.minutuloides","Anthemis.tinctoria"
"2","Bombus.lapidarius","Anthemis.tinctoria"
"2","Bombus.pascuorum","Anthemis.tinctoria"
"2","Bombus.terrestris.agg","Anthemis.tinctoria"
"2","Cheilosia.scutellata","Anthemis.tinctoria"
"2","Cheilosia.soror","Anthemis.tinctoria"
"2","Cheilosia.vulpina","Anthemis.tinctoria"
"2","Episyrphus.balteatus","Anthemis.tinctoria"
"2","Eristalis.arbustorum","Anthemis.tinctoria"
"2","Eristalis.interrupta","Anthemis.tinctoria"
"2","Eristalis.intricaria","Anthemis.tinctoria"
"2","Eristalis.pertinax","Anthemis.tinctoria"
"2","Eristalis.tenax","Anthemis.tinctoria"
"2","Eupeodes.corollae","Anthemis.tinctoria"
"2","Eupeodes.lapponicus","Anthemis.tinctoria"
"2","Halictus.rubicundus","Anthemis.tinctoria"
"2","Halictus.tumulorum","Anthemis.tinctoria"
"2","Hylaeus.brevicornis","Anthemis.tinctoria"
"2","Hylaeus.gredleri","Anthemis.tinctoria"
"2","Lasioglossum.calceatum","Anthemis.tinctoria"
"2","Lasioglossum.fulvicorne","Anthemis.tinctoria"
"2","Lasioglossum.morio","Anthemis.tinctoria"
"2","Lasioglossum.pauxillum","Anthemis.tinctoria"
"2","Lasioglossum.villosulum","Anthemis.tinctoria"
"2","Myathropa.florea","Anthemis.tinctoria"
"2","Osmia.bicolor","Anthemis.tinctoria"
"2","Paragus.spec","Anthemis.tinctoria"
"2","Pipizella.spec","Anthemis.tinctoria"
"2","Psithyrus.bohemicus","Anthemis.tinctoria"
"2","Scaeva.pyrastri","Anthemis.tinctoria"
"2","Scaeva.selenitica","Anthemis.tinctoria"
"2","Sphaerophoria.spec","Anthemis.tinctoria"
"2","Sphecodes.crassus","Anthemis.tinctoria"
"2","Sphecodes.ephippius","Anthemis.tinctoria"
"2","Sphecodes.niger","Anthemis.tinctoria"
"2","Syritta.pipiens","Anthemis.tinctoria"
"2","Syrphus.ribesii","Anthemis.tinctoria"
"2","Syrphus.torvus","Anthemis.tinctoria"
"2","Syrphus.vitripennis","Anthemis.tinctoria"
"2","Volucella.bombylans","Anthemis.tinctoria"
"2","Andrena.minutuloides","Anthyllis.vulneraria"
"2","Bombus.lapidarius","Anthyllis.vulneraria"
"2","Bombus.pascuorum","Anthyllis.vulneraria"
"2","Bombus.terrestris.agg","Anthyllis.vulneraria"
"2","Cheilosia.scutellata","Anthyllis.vulneraria"
"2","Cheilosia.soror","Anthyllis.vulneraria"
"2","Cheilosia.vulpina","Anthyllis.vulneraria"
"2","Episyrphus.balteatus","Anthyllis.vulneraria"
"2","Eristalis.arbustorum","Anthyllis.vulneraria"
"2","Eristalis.interrupta","Anthyllis.vulneraria"
"2","Eristalis.intricaria","Anthyllis.vulneraria"
"2","Eristalis.pertinax","Anthyllis.vulneraria"
"2","Eristalis.tenax","Anthyllis.vulneraria"
"2","Eupeodes.corollae","Anthyllis.vulneraria"
"2","Eupeodes.lapponicus","Anthyllis.vulneraria"
"2","Halictus.rubicundus","Anthyllis.vulneraria"
"2","Halictus.tumulorum","Anthyllis.vulneraria"
"2","Hylaeus.brevicornis","Anthyllis.vulneraria"
"2","Hylaeus.gredleri","Anthyllis.vulneraria"
"2","Lasioglossum.calceatum","Anthyllis.vulneraria"
"2","Lasioglossum.fulvicorne","Anthyllis.vulneraria"
"2","Lasioglossum.morio","Anthyllis.vulneraria"
"2","Lasioglossum.pauxillum","Anthyllis.vulneraria"
"2","Lasioglossum.villosulum","Anthyllis.vulneraria"
"2","Myathropa.florea","Anthyllis.vulneraria"
"2","Osmia.bicolor","Anthyllis.vulneraria"
"2","Paragus.spec","Anthyllis.vulneraria"
"2","Pipizella.spec","Anthyllis.vulneraria"
"2","Psithyrus.bohemicus","Anthyllis.vulneraria"
"2","Scaeva.pyrastri","Anthyllis.vulneraria"
"2","Scaeva.selenitica","Anthyllis.vulneraria"
"2","Sphaerophoria.spec","Anthyllis.vulneraria"
"2","Sphecodes.crassus","Anthyllis.vulneraria"
"2","Sphecodes.ephippius","Anthyllis.vulneraria"
"2","Sphecodes.niger","Anthyllis.vulneraria"
"2","Syritta.pipiens","Anthyllis.vulneraria"
"2","Syrphus.ribesii","Anthyllis.vulneraria"
"2","Syrphus.torvus","Anthyllis.vulneraria"
"2","Syrphus.vitripennis","Anthyllis.vulneraria"
"2","Volucella.bombylans","Anthyllis.vulneraria"
"2","Andrena.minutuloides","Campanula.glomerata"
"2","Bombus.lapidarius","Campanula.glomerata"
"2","Bombus.pascuorum","Campanula.glomerata"
"2","Bombus.terrestris.agg","Campanula.glomerata"
"2","Cheilosia.scutellata","Campanula.glomerata"
"2","Cheilosia.soror","Campanula.glomerata"
"2","Cheilosia.vulpina","Campanula.glomerata"
"2","Episyrphus.balteatus","Campanula.glomerata"
"2","Eristalis.arbustorum","Campanula.glomerata"
"2","Eristalis.interrupta","Campanula.glomerata"
"2","Eristalis.intricaria","Campanula.glomerata"
"2","Eristalis.pertinax","Campanula.glomerata"
"2","Eristalis.tenax","Campanula.glomerata"
"2","Eupeodes.corollae","Campanula.glomerata"
"2","Eupeodes.lapponicus","Campanula.glomerata"
"2","Halictus.rubicundus","Campanula.glomerata"
"2","Halictus.tumulorum","Campanula.glomerata"
"2","Hylaeus.brevicornis","Campanula.glomerata"
"2","Hylaeus.gredleri","Campanula.glomerata"
"2","Lasioglossum.calceatum","Campanula.glomerata"
"2","Lasioglossum.fulvicorne","Campanula.glomerata"
"2","Lasioglossum.morio","Campanula.glomerata"
"2","Lasioglossum.pauxillum","Campanula.glomerata"
"2","Lasioglossum.villosulum","Campanula.glomerata"
"2","Myathropa.florea","Campanula.glomerata"
"2","Osmia.bicolor","Campanula.glomerata"
"2","Paragus.spec","Campanula.glomerata"
"2","Pipizella.spec","Campanula.glomerata"
"2","Psithyrus.bohemicus","Campanula.glomerata"
"2","Scaeva.pyrastri","Campanula.glomerata"
"2","Scaeva.selenitica","Campanula.glomerata"
"2","Sphaerophoria.spec","Campanula.glomerata"
"2","Sphecodes.crassus","Campanula.glomerata"
"2","Sphecodes.ephippius","Campanula.glomerata"
"2","Sphecodes.niger","Campanula.glomerata"
"2","Syritta.pipiens","Campanula.glomerata"
"2","Syrphus.ribesii","Campanula.glomerata"
"2","Syrphus.torvus","Campanula.glomerata"
"2","Syrphus.vitripennis","Campanula.glomerata"
"2","Volucella.bombylans","Campanula.glomerata"
"2","Andrena.minutuloides","Centaurea.jacea"
"2","Bombus.lapidarius","Centaurea.jacea"
"2","Bombus.pascuorum","Centaurea.jacea"
"2","Bombus.terrestris.agg","Centaurea.jacea"
"2","Cheilosia.scutellata","Centaurea.jacea"
"2","Cheilosia.soror","Centaurea.jacea"
"2","Cheilosia.vulpina","Centaurea.jacea"
"2","Episyrphus.balteatus","Centaurea.jacea"
"2","Eristalis.arbustorum","Centaurea.jacea"
"2","Eristalis.interrupta","Centaurea.jacea"
"2","Eristalis.intricaria","Centaurea.jacea"
"2","Eristalis.pertinax","Centaurea.jacea"
"2","Eristalis.tenax","Centaurea.jacea"
"2","Eupeodes.corollae","Centaurea.jacea"
"2","Eupeodes.lapponicus","Centaurea.jacea"
"2","Halictus.rubicundus","Centaurea.jacea"
"2","Halictus.tumulorum","Centaurea.jacea"
"2","Hylaeus.brevicornis","Centaurea.jacea"
"2","Hylaeus.gredleri","Centaurea.jacea"
"2","Lasioglossum.calceatum","Centaurea.jacea"
"2","Lasioglossum.fulvicorne","Centaurea.jacea"
"2","Lasioglossum.morio","Centaurea.jacea"
"2","Lasioglossum.pauxillum","Centaurea.jacea"
"2","Lasioglossum.villosulum","Centaurea.jacea"
"2","Myathropa.florea","Centaurea.jacea"
"2","Osmia.bicolor","Centaurea.jacea"
"2","Paragus.spec","Centaurea.jacea"
"2","Pipizella.spec","Centaurea.jacea"
"2","Psithyrus.bohemicus","Centaurea.jacea"
"2","Scaeva.pyrastri","Centaurea.jacea"
"2","Scaeva.selenitica","Centaurea.jacea"
"2","Sphaerophoria.spec","Centaurea.jacea"
"2","Sphecodes.crassus","Centaurea.jacea"
"2","Sphecodes.ephippius","Centaurea.jacea"
"2","Sphecodes.niger","Centaurea.jacea"
"2","Syritta.pipiens","Centaurea.jacea"
"2","Syrphus.ribesii","Centaurea.jacea"
"2","Syrphus.torvus","Centaurea.jacea"
"2","Syrphus.vitripennis","Centaurea.jacea"
"2","Volucella.bombylans","Centaurea.jacea"
"2","Andrena.minutuloides","Centaurea.scabiosa"
"2","Bombus.lapidarius","Centaurea.scabiosa"
"2","Bombus.pascuorum","Centaurea.scabiosa"
"2","Bombus.terrestris.agg","Centaurea.scabiosa"
"2","Cheilosia.scutellata","Centaurea.scabiosa"
"2","Cheilosia.soror","Centaurea.scabiosa"
"2","Cheilosia.vulpina","Centaurea.scabiosa"
"2","Episyrphus.balteatus","Centaurea.scabiosa"
"2","Eristalis.arbustorum","Centaurea.scabiosa"
"2","Eristalis.interrupta","Centaurea.scabiosa"
"2","Eristalis.intricaria","Centaurea.scabiosa"
"2","Eristalis.pertinax","Centaurea.scabiosa"
"2","Eristalis.tenax","Centaurea.scabiosa"
"2","Eupeodes.corollae","Centaurea.scabiosa"
"2","Eupeodes.lapponicus","Centaurea.scabiosa"
"2","Halictus.rubicundus","Centaurea.scabiosa"
"2","Halictus.tumulorum","Centaurea.scabiosa"
"2","Hylaeus.brevicornis","Centaurea.scabiosa"
"2","Hylaeus.gredleri","Centaurea.scabiosa"
"2","Lasioglossum.calceatum","Centaurea.scabiosa"
"2","Lasioglossum.fulvicorne","Centaurea.scabiosa"
"2","Lasioglossum.morio","Centaurea.scabiosa"
"2","Lasioglossum.pauxillum","Centaurea.scabiosa"
"2","Lasioglossum.villosulum","Centaurea.scabiosa"
"2","Myathropa.florea","Centaurea.scabiosa"
"2","Osmia.bicolor","Centaurea.scabiosa"
"2","Paragus.spec","Centaurea.scabiosa"
"2","Pipizella.spec","Centaurea.scabiosa"
"2","Psithyrus.bohemicus","Centaurea.scabiosa"
"2","Scaeva.pyrastri","Centaurea.scabiosa"
"2","Scaeva.selenitica","Centaurea.scabiosa"
"2","Sphaerophoria.spec","Centaurea.scabiosa"
"2","Sphecodes.crassus","Centaurea.scabiosa"
"2","Sphecodes.ephippius","Centaurea.scabiosa"
"2","Sphecodes.niger","Centaurea.scabiosa"
"2","Syritta.pipiens","Centaurea.scabiosa"
"2","Syrphus.ribesii","Centaurea.scabiosa"
"2","Syrphus.torvus","Centaurea.scabiosa"
"2","Syrphus.vitripennis","Centaurea.scabiosa"
"2","Volucella.bombylans","Centaurea.scabiosa"
"2","Andrena.minutuloides","Cirsium.acaule"
"2","Bombus.lapidarius","Cirsium.acaule"
"2","Bombus.pascuorum","Cirsium.acaule"
"2","Bombus.terrestris.agg","Cirsium.acaule"
"2","Cheilosia.scutellata","Cirsium.acaule"
"2","Cheilosia.soror","Cirsium.acaule"
"2","Cheilosia.vulpina","Cirsium.acaule"
"2","Episyrphus.balteatus","Cirsium.acaule"
"2","Eristalis.arbustorum","Cirsium.acaule"
"2","Eristalis.interrupta","Cirsium.acaule"
"2","Eristalis.intricaria","Cirsium.acaule"
"2","Eristalis.pertinax","Cirsium.acaule"
"2","Eristalis.tenax","Cirsium.acaule"
"2","Eupeodes.corollae","Cirsium.acaule"
"2","Eupeodes.lapponicus","Cirsium.acaule"
"2","Halictus.rubicundus","Cirsium.acaule"
"2","Halictus.tumulorum","Cirsium.acaule"
"2","Hylaeus.brevicornis","Cirsium.acaule"
"2","Hylaeus.gredleri","Cirsium.acaule"
"2","Lasioglossum.calceatum","Cirsium.acaule"
"2","Lasioglossum.fulvicorne","Cirsium.acaule"
"2","Lasioglossum.morio","Cirsium.acaule"
"2","Lasioglossum.pauxillum","Cirsium.acaule"
"2","Lasioglossum.villosulum","Cirsium.acaule"
"2","Myathropa.florea","Cirsium.acaule"
"2","Osmia.bicolor","Cirsium.acaule"
"2","Paragus.spec","Cirsium.acaule"
"2","Pipizella.spec","Cirsium.acaule"
"2","Psithyrus.bohemicus","Cirsium.acaule"
"2","Scaeva.pyrastri","Cirsium.acaule"
"2","Scaeva.selenitica","Cirsium.acaule"
"2","Sphaerophoria.spec","Cirsium.acaule"
"2","Sphecodes.crassus","Cirsium.acaule"
"2","Sphecodes.ephippius","Cirsium.acaule"
"2","Sphecodes.niger","Cirsium.acaule"
"2","Syritta.pipiens","Cirsium.acaule"
"2","Syrphus.ribesii","Cirsium.acaule"
"2","Syrphus.torvus","Cirsium.acaule"
"2","Syrphus.vitripennis","Cirsium.acaule"
"2","Volucella.bombylans","Cirsium.acaule"
"2","Andrena.minutuloides","Cornus.sanguinea"
"2","Bombus.lapidarius","Cornus.sanguinea"
"2","Bombus.pascuorum","Cornus.sanguinea"
"2","Bombus.terrestris.agg","Cornus.sanguinea"
"2","Cheilosia.scutellata","Cornus.sanguinea"
"2","Cheilosia.soror","Cornus.sanguinea"
"2","Cheilosia.vulpina","Cornus.sanguinea"
"2","Episyrphus.balteatus","Cornus.sanguinea"
"2","Eristalis.arbustorum","Cornus.sanguinea"
"2","Eristalis.interrupta","Cornus.sanguinea"
"2","Eristalis.intricaria","Cornus.sanguinea"
"2","Eristalis.pertinax","Cornus.sanguinea"
"2","Eristalis.tenax","Cornus.sanguinea"
"2","Eupeodes.corollae","Cornus.sanguinea"
"2","Eupeodes.lapponicus","Cornus.sanguinea"
"2","Halictus.rubicundus","Cornus.sanguinea"
"2","Halictus.tumulorum","Cornus.sanguinea"
"2","Hylaeus.brevicornis","Cornus.sanguinea"
"2","Hylaeus.gredleri","Cornus.sanguinea"
"2","Lasioglossum.calceatum","Cornus.sanguinea"
"2","Lasioglossum.fulvicorne","Cornus.sanguinea"
"2","Lasioglossum.morio","Cornus.sanguinea"
"2","Lasioglossum.pauxillum","Cornus.sanguinea"
"2","Lasioglossum.villosulum","Cornus.sanguinea"
"2","Myathropa.florea","Cornus.sanguinea"
"2","Osmia.bicolor","Cornus.sanguinea"
"2","Paragus.spec","Cornus.sanguinea"
"2","Pipizella.spec","Cornus.sanguinea"
"2","Psithyrus.bohemicus","Cornus.sanguinea"
"2","Scaeva.pyrastri","Cornus.sanguinea"
"2","Scaeva.selenitica","Cornus.sanguinea"
"2","Sphaerophoria.spec","Cornus.sanguinea"
"2","Sphecodes.crassus","Cornus.sanguinea"
"2","Sphecodes.ephippius","Cornus.sanguinea"
"2","Sphecodes.niger","Cornus.sanguinea"
"2","Syritta.pipiens","Cornus.sanguinea"
"2","Syrphus.ribesii","Cornus.sanguinea"
"2","Syrphus.torvus","Cornus.sanguinea"
"2","Syrphus.vitripennis","Cornus.sanguinea"
"2","Volucella.bombylans","Cornus.sanguinea"
"2","Andrena.minutuloides","Daucus.carota"
"2","Bombus.lapidarius","Daucus.carota"
"2","Bombus.pascuorum","Daucus.carota"
"2","Bombus.terrestris.agg","Daucus.carota"
"2","Cheilosia.scutellata","Daucus.carota"
"2","Cheilosia.soror","Daucus.carota"
"2","Cheilosia.vulpina","Daucus.carota"
"2","Episyrphus.balteatus","Daucus.carota"
"2","Eristalis.arbustorum","Daucus.carota"
"2","Eristalis.interrupta","Daucus.carota"
"2","Eristalis.intricaria","Daucus.carota"
"2","Eristalis.pertinax","Daucus.carota"
"2","Eristalis.tenax","Daucus.carota"
"2","Eupeodes.corollae","Daucus.carota"
"2","Eupeodes.lapponicus","Daucus.carota"
"2","Halictus.rubicundus","Daucus.carota"
"2","Halictus.tumulorum","Daucus.carota"
"2","Hylaeus.brevicornis","Daucus.carota"
"2","Hylaeus.gredleri","Daucus.carota"
"2","Lasioglossum.calceatum","Daucus.carota"
"2","Lasioglossum.fulvicorne","Daucus.carota"
"2","Lasioglossum.morio","Daucus.carota"
"2","Lasioglossum.pauxillum","Daucus.carota"
"2","Lasioglossum.villosulum","Daucus.carota"
"2","Myathropa.florea","Daucus.carota"
"2","Osmia.bicolor","Daucus.carota"
"2","Paragus.spec","Daucus.carota"
"2","Pipizella.spec","Daucus.carota"
"2","Psithyrus.bohemicus","Daucus.carota"
"2","Scaeva.pyrastri","Daucus.carota"
"2","Scaeva.selenitica","Daucus.carota"
"2","Sphaerophoria.spec","Daucus.carota"
"2","Sphecodes.crassus","Daucus.carota"
"2","Sphecodes.ephippius","Daucus.carota"
"2","Sphecodes.niger","Daucus.carota"
"2","Syritta.pipiens","Daucus.carota"
"2","Syrphus.ribesii","Daucus.carota"
"2","Syrphus.torvus","Daucus.carota"
"2","Syrphus.vitripennis","Daucus.carota"
"2","Volucella.bombylans","Daucus.carota"
"2","Andrena.minutuloides","Galium.verum"
"2","Bombus.lapidarius","Galium.verum"
"2","Bombus.pascuorum","Galium.verum"
"2","Bombus.terrestris.agg","Galium.verum"
"2","Cheilosia.scutellata","Galium.verum"
"2","Cheilosia.soror","Galium.verum"
"2","Cheilosia.vulpina","Galium.verum"
"2","Episyrphus.balteatus","Galium.verum"
"2","Eristalis.arbustorum","Galium.verum"
"2","Eristalis.interrupta","Galium.verum"
"2","Eristalis.intricaria","Galium.verum"
"2","Eristalis.pertinax","Galium.verum"
"2","Eristalis.tenax","Galium.verum"
"2","Eupeodes.corollae","Galium.verum"
"2","Eupeodes.lapponicus","Galium.verum"
"2","Halictus.rubicundus","Galium.verum"
"2","Halictus.tumulorum","Galium.verum"
"2","Hylaeus.brevicornis","Galium.verum"
"2","Hylaeus.gredleri","Galium.verum"
"2","Lasioglossum.calceatum","Galium.verum"
"2","Lasioglossum.fulvicorne","Galium.verum"
"2","Lasioglossum.morio","Galium.verum"
"2","Lasioglossum.pauxillum","Galium.verum"
"2","Lasioglossum.villosulum","Galium.verum"
"2","Myathropa.florea","Galium.verum"
"2","Osmia.bicolor","Galium.verum"
"2","Paragus.spec","Galium.verum"
"2","Pipizella.spec","Galium.verum"
"2","Psithyrus.bohemicus","Galium.verum"
"2","Scaeva.pyrastri","Galium.verum"
"2","Scaeva.selenitica","Galium.verum"
"2","Sphaerophoria.spec","Galium.verum"
"2","Sphecodes.crassus","Galium.verum"
"2","Sphecodes.ephippius","Galium.verum"
"2","Sphecodes.niger","Galium.verum"
"2","Syritta.pipiens","Galium.verum"
"2","Syrphus.ribesii","Galium.verum"
"2","Syrphus.torvus","Galium.verum"
"2","Syrphus.vitripennis","Galium.verum"
"2","Volucella.bombylans","Galium.verum"
"2","Andrena.minutuloides","Genista.tinctoria"
"2","Bombus.lapidarius","Genista.tinctoria"
"2","Bombus.pascuorum","Genista.tinctoria"
"2","Bombus.terrestris.agg","Genista.tinctoria"
"2","Cheilosia.scutellata","Genista.tinctoria"
"2","Cheilosia.soror","Genista.tinctoria"
"2","Cheilosia.vulpina","Genista.tinctoria"
"2","Episyrphus.balteatus","Genista.tinctoria"
"2","Eristalis.arbustorum","Genista.tinctoria"
"2","Eristalis.interrupta","Genista.tinctoria"
"2","Eristalis.intricaria","Genista.tinctoria"
"2","Eristalis.pertinax","Genista.tinctoria"
"2","Eristalis.tenax","Genista.tinctoria"
"2","Eupeodes.corollae","Genista.tinctoria"
"2","Eupeodes.lapponicus","Genista.tinctoria"
"2","Halictus.rubicundus","Genista.tinctoria"
"2","Halictus.tumulorum","Genista.tinctoria"
"2","Hylaeus.brevicornis","Genista.tinctoria"
"2","Hylaeus.gredleri","Genista.tinctoria"
"2","Lasioglossum.calceatum","Genista.tinctoria"
"2","Lasioglossum.fulvicorne","Genista.tinctoria"
"2","Lasioglossum.morio","Genista.tinctoria"
"2","Lasioglossum.pauxillum","Genista.tinctoria"
"2","Lasioglossum.villosulum","Genista.tinctoria"
"2","Myathropa.florea","Genista.tinctoria"
"2","Osmia.bicolor","Genista.tinctoria"
"2","Paragus.spec","Genista.tinctoria"
"2","Pipizella.spec","Genista.tinctoria"
"2","Psithyrus.bohemicus","Genista.tinctoria"
"2","Scaeva.pyrastri","Genista.tinctoria"
"2","Scaeva.selenitica","Genista.tinctoria"
"2","Sphaerophoria.spec","Genista.tinctoria"
"2","Sphecodes.crassus","Genista.tinctoria"
"2","Sphecodes.ephippius","Genista.tinctoria"
"2","Sphecodes.niger","Genista.tinctoria"
"2","Syritta.pipiens","Genista.tinctoria"
"2","Syrphus.ribesii","Genista.tinctoria"
"2","Syrphus.torvus","Genista.tinctoria"
"2","Syrphus.vitripennis","Genista.tinctoria"
"2","Volucella.bombylans","Genista.tinctoria"
"2","Andrena.minutuloides","Hieracium.pilosella"
"2","Bombus.lapidarius","Hieracium.pilosella"
"2","Bombus.pascuorum","Hieracium.pilosella"
"2","Bombus.terrestris.agg","Hieracium.pilosella"
"2","Cheilosia.scutellata","Hieracium.pilosella"
"2","Cheilosia.soror","Hieracium.pilosella"
"2","Cheilosia.vulpina","Hieracium.pilosella"
"2","Episyrphus.balteatus","Hieracium.pilosella"
"2","Eristalis.arbustorum","Hieracium.pilosella"
"2","Eristalis.interrupta","Hieracium.pilosella"
"2","Eristalis.intricaria","Hieracium.pilosella"
"2","Eristalis.pertinax","Hieracium.pilosella"
"2","Eristalis.tenax","Hieracium.pilosella"
"2","Eupeodes.corollae","Hieracium.pilosella"
"2","Eupeodes.lapponicus","Hieracium.pilosella"
"2","Halictus.rubicundus","Hieracium.pilosella"
"2","Halictus.tumulorum","Hieracium.pilosella"
"2","Hylaeus.brevicornis","Hieracium.pilosella"
"2","Hylaeus.gredleri","Hieracium.pilosella"
"2","Lasioglossum.calceatum","Hieracium.pilosella"
"2","Lasioglossum.fulvicorne","Hieracium.pilosella"
"2","Lasioglossum.morio","Hieracium.pilosella"
"2","Lasioglossum.pauxillum","Hieracium.pilosella"
"2","Lasioglossum.villosulum","Hieracium.pilosella"
"2","Myathropa.florea","Hieracium.pilosella"
"2","Osmia.bicolor","Hieracium.pilosella"
"2","Paragus.spec","Hieracium.pilosella"
"2","Pipizella.spec","Hieracium.pilosella"
"2","Psithyrus.bohemicus","Hieracium.pilosella"
"2","Scaeva.pyrastri","Hieracium.pilosella"
"2","Scaeva.selenitica","Hieracium.pilosella"
"2","Sphaerophoria.spec","Hieracium.pilosella"
"2","Sphecodes.crassus","Hieracium.pilosella"
"2","Sphecodes.ephippius","Hieracium.pilosella"
"2","Sphecodes.niger","Hieracium.pilosella"
"2","Syritta.pipiens","Hieracium.pilosella"
"2","Syrphus.ribesii","Hieracium.pilosella"
"2","Syrphus.torvus","Hieracium.pilosella"
"2","Syrphus.vitripennis","Hieracium.pilosella"
"2","Volucella.bombylans","Hieracium.pilosella"
"2","Andrena.minutuloides","Hypericum.perforatum"
"2","Bombus.lapidarius","Hypericum.perforatum"
"2","Bombus.pascuorum","Hypericum.perforatum"
"2","Bombus.terrestris.agg","Hypericum.perforatum"
"2","Cheilosia.scutellata","Hypericum.perforatum"
"2","Cheilosia.soror","Hypericum.perforatum"
"2","Cheilosia.vulpina","Hypericum.perforatum"
"2","Episyrphus.balteatus","Hypericum.perforatum"
"2","Eristalis.arbustorum","Hypericum.perforatum"
"2","Eristalis.interrupta","Hypericum.perforatum"
"2","Eristalis.intricaria","Hypericum.perforatum"
"2","Eristalis.pertinax","Hypericum.perforatum"
"2","Eristalis.tenax","Hypericum.perforatum"
"2","Eupeodes.corollae","Hypericum.perforatum"
"2","Eupeodes.lapponicus","Hypericum.perforatum"
"2","Halictus.rubicundus","Hypericum.perforatum"
"2","Halictus.tumulorum","Hypericum.perforatum"
"2","Hylaeus.brevicornis","Hypericum.perforatum"
"2","Hylaeus.gredleri","Hypericum.perforatum"
"2","Lasioglossum.calceatum","Hypericum.perforatum"
"2","Lasioglossum.fulvicorne","Hypericum.perforatum"
"2","Lasioglossum.morio","Hypericum.perforatum"
"2","Lasioglossum.pauxillum","Hypericum.perforatum"
"2","Lasioglossum.villosulum","Hypericum.perforatum"
"2","Myathropa.florea","Hypericum.perforatum"
"2","Osmia.bicolor","Hypericum.perforatum"
"2","Paragus.spec","Hypericum.perforatum"
"2","Pipizella.spec","Hypericum.perforatum"
"2","Psithyrus.bohemicus","Hypericum.perforatum"
"2","Scaeva.pyrastri","Hypericum.perforatum"
"2","Scaeva.selenitica","Hypericum.perforatum"
"2","Sphaerophoria.spec","Hypericum.perforatum"
"2","Sphecodes.crassus","Hypericum.perforatum"
"2","Sphecodes.ephippius","Hypericum.perforatum"
"2","Sphecodes.niger","Hypericum.perforatum"
"2","Syritta.pipiens","Hypericum.perforatum"
"2","Syrphus.ribesii","Hypericum.perforatum"
"2","Syrphus.torvus","Hypericum.perforatum"
"2","Syrphus.vitripennis","Hypericum.perforatum"
"2","Volucella.bombylans","Hypericum.perforatum"
"2","Andrena.minutuloides","Knautia.arvensis"
"2","Bombus.lapidarius","Knautia.arvensis"
"2","Bombus.pascuorum","Knautia.arvensis"
"2","Bombus.terrestris.agg","Knautia.arvensis"
"2","Cheilosia.scutellata","Knautia.arvensis"
"2","Cheilosia.soror","Knautia.arvensis"
"2","Cheilosia.vulpina","Knautia.arvensis"
"2","Episyrphus.balteatus","Knautia.arvensis"
"2","Eristalis.arbustorum","Knautia.arvensis"
"2","Eristalis.interrupta","Knautia.arvensis"
"2","Eristalis.intricaria","Knautia.arvensis"
"2","Eristalis.pertinax","Knautia.arvensis"
"2","Eristalis.tenax","Knautia.arvensis"
"2","Eupeodes.corollae","Knautia.arvensis"
"2","Eupeodes.lapponicus","Knautia.arvensis"
"2","Halictus.rubicundus","Knautia.arvensis"
"2","Halictus.tumulorum","Knautia.arvensis"
"2","Hylaeus.brevicornis","Knautia.arvensis"
"2","Hylaeus.gredleri","Knautia.arvensis"
"2","Lasioglossum.calceatum","Knautia.arvensis"
"2","Lasioglossum.fulvicorne","Knautia.arvensis"
"2","Lasioglossum.morio","Knautia.arvensis"
"2","Lasioglossum.pauxillum","Knautia.arvensis"
"2","Lasioglossum.villosulum","Knautia.arvensis"
"2","Myathropa.florea","Knautia.arvensis"
"2","Osmia.bicolor","Knautia.arvensis"
"2","Paragus.spec","Knautia.arvensis"
"2","Pipizella.spec","Knautia.arvensis"
"2","Psithyrus.bohemicus","Knautia.arvensis"
"2","Scaeva.pyrastri","Knautia.arvensis"
"2","Scaeva.selenitica","Knautia.arvensis"
"2","Sphaerophoria.spec","Knautia.arvensis"
"2","Sphecodes.crassus","Knautia.arvensis"
"2","Sphecodes.ephippius","Knautia.arvensis"
"2","Sphecodes.niger","Knautia.arvensis"
"2","Syritta.pipiens","Knautia.arvensis"
"2","Syrphus.ribesii","Knautia.arvensis"
"2","Syrphus.torvus","Knautia.arvensis"
"2","Syrphus.vitripennis","Knautia.arvensis"
"2","Volucella.bombylans","Knautia.arvensis"
"2","Andrena.minutuloides","Ononis.spinosa"
"2","Bombus.lapidarius","Ononis.spinosa"
"2","Bombus.pascuorum","Ononis.spinosa"
"2","Bombus.terrestris.agg","Ononis.spinosa"
"2","Cheilosia.scutellata","Ononis.spinosa"
"2","Cheilosia.soror","Ononis.spinosa"
"2","Cheilosia.vulpina","Ononis.spinosa"
"2","Episyrphus.balteatus","Ononis.spinosa"
"2","Eristalis.arbustorum","Ononis.spinosa"
"2","Eristalis.interrupta","Ononis.spinosa"
"2","Eristalis.intricaria","Ononis.spinosa"
"2","Eristalis.pertinax","Ononis.spinosa"
"2","Eristalis.tenax","Ononis.spinosa"
"2","Eupeodes.corollae","Ononis.spinosa"
"2","Eupeodes.lapponicus","Ononis.spinosa"
"2","Halictus.rubicundus","Ononis.spinosa"
"2","Halictus.tumulorum","Ononis.spinosa"
"2","Hylaeus.brevicornis","Ononis.spinosa"
"2","Hylaeus.gredleri","Ononis.spinosa"
"2","Lasioglossum.calceatum","Ononis.spinosa"
"2","Lasioglossum.fulvicorne","Ononis.spinosa"
"2","Lasioglossum.morio","Ononis.spinosa"
"2","Lasioglossum.pauxillum","Ononis.spinosa"
"2","Lasioglossum.villosulum","Ononis.spinosa"
"2","Myathropa.florea","Ononis.spinosa"
"2","Osmia.bicolor","Ononis.spinosa"
"2","Paragus.spec","Ononis.spinosa"
"2","Pipizella.spec","Ononis.spinosa"
"2","Psithyrus.bohemicus","Ononis.spinosa"
"2","Scaeva.pyrastri","Ononis.spinosa"
"2","Scaeva.selenitica","Ononis.spinosa"
"2","Sphaerophoria.spec","Ononis.spinosa"
"2","Sphecodes.crassus","Ononis.spinosa"
"2","Sphecodes.ephippius","Ononis.spinosa"
"2","Sphecodes.niger","Ononis.spinosa"
"2","Syritta.pipiens","Ononis.spinosa"
"2","Syrphus.ribesii","Ononis.spinosa"
"2","Syrphus.torvus","Ononis.spinosa"
"2","Syrphus.vitripennis","Ononis.spinosa"
"2","Volucella.bombylans","Ononis.spinosa"
"2","Andrena.minutuloides","Pimpinella.saxifraga"
"2","Bombus.lapidarius","Pimpinella.saxifraga"
"2","Bombus.pascuorum","Pimpinella.saxifraga"
"2","Bombus.terrestris.agg","Pimpinella.saxifraga"
"2","Cheilosia.scutellata","Pimpinella.saxifraga"
"2","Cheilosia.soror","Pimpinella.saxifraga"
"2","Cheilosia.vulpina","Pimpinella.saxifraga"
"2","Episyrphus.balteatus","Pimpinella.saxifraga"
"2","Eristalis.arbustorum","Pimpinella.saxifraga"
"2","Eristalis.interrupta","Pimpinella.saxifraga"
"2","Eristalis.intricaria","Pimpinella.saxifraga"
"2","Eristalis.pertinax","Pimpinella.saxifraga"
"2","Eristalis.tenax","Pimpinella.saxifraga"
"2","Eupeodes.corollae","Pimpinella.saxifraga"
"2","Eupeodes.lapponicus","Pimpinella.saxifraga"
"2","Halictus.rubicundus","Pimpinella.saxifraga"
"2","Halictus.tumulorum","Pimpinella.saxifraga"
"2","Hylaeus.brevicornis","Pimpinella.saxifraga"
"2","Hylaeus.gredleri","Pimpinella.saxifraga"
"2","Lasioglossum.calceatum","Pimpinella.saxifraga"
"2","Lasioglossum.fulvicorne","Pimpinella.saxifraga"
"2","Lasioglossum.morio","Pimpinella.saxifraga"
"2","Lasioglossum.pauxillum","Pimpinella.saxifraga"
"2","Lasioglossum.villosulum","Pimpinella.saxifraga"
"2","Myathropa.florea","Pimpinella.saxifraga"
"2","Osmia.bicolor","Pimpinella.saxifraga"
"2","Paragus.spec","Pimpinella.saxifraga"
"2","Pipizella.spec","Pimpinella.saxifraga"
"2","Psithyrus.bohemicus","Pimpinella.saxifraga"
"2","Scaeva.pyrastri","Pimpinella.saxifraga"
"2","Scaeva.selenitica","Pimpinella.saxifraga"
"2","Sphaerophoria.spec","Pimpinella.saxifraga"
"2","Sphecodes.crassus","Pimpinella.saxifraga"
"2","Sphecodes.ephippius","Pimpinella.saxifraga"
"2","Sphecodes.niger","Pimpinella.saxifraga"
"2","Syritta.pipiens","Pimpinella.saxifraga"
"2","Syrphus.ribesii","Pimpinella.saxifraga"
"2","Syrphus.torvus","Pimpinella.saxifraga"
"2","Syrphus.vitripennis","Pimpinella.saxifraga"
"2","Volucella.bombylans","Pimpinella.saxifraga"
"2","Andrena.minutuloides","Potentilla.neumanniana"
"2","Bombus.lapidarius","Potentilla.neumanniana"
"2","Bombus.pascuorum","Potentilla.neumanniana"
"2","Bombus.terrestris.agg","Potentilla.neumanniana"
"2","Cheilosia.scutellata","Potentilla.neumanniana"
"2","Cheilosia.soror","Potentilla.neumanniana"
"2","Cheilosia.vulpina","Potentilla.neumanniana"
"2","Episyrphus.balteatus","Potentilla.neumanniana"
"2","Eristalis.arbustorum","Potentilla.neumanniana"
"2","Eristalis.interrupta","Potentilla.neumanniana"
"2","Eristalis.intricaria","Potentilla.neumanniana"
"2","Eristalis.pertinax","Potentilla.neumanniana"
"2","Eristalis.tenax","Potentilla.neumanniana"
"2","Eupeodes.corollae","Potentilla.neumanniana"
"2","Eupeodes.lapponicus","Potentilla.neumanniana"
"2","Halictus.rubicundus","Potentilla.neumanniana"
"2","Halictus.tumulorum","Potentilla.neumanniana"
"2","Hylaeus.brevicornis","Potentilla.neumanniana"
"2","Hylaeus.gredleri","Potentilla.neumanniana"
"2","Lasioglossum.calceatum","Potentilla.neumanniana"
"2","Lasioglossum.fulvicorne","Potentilla.neumanniana"
"2","Lasioglossum.morio","Potentilla.neumanniana"
"2","Lasioglossum.pauxillum","Potentilla.neumanniana"
"2","Lasioglossum.villosulum","Potentilla.neumanniana"
"2","Myathropa.florea","Potentilla.neumanniana"
"2","Osmia.bicolor","Potentilla.neumanniana"
"2","Paragus.spec","Potentilla.neumanniana"
"2","Pipizella.spec","Potentilla.neumanniana"
"2","Psithyrus.bohemicus","Potentilla.neumanniana"
"2","Scaeva.pyrastri","Potentilla.neumanniana"
"2","Scaeva.selenitica","Potentilla.neumanniana"
"2","Sphaerophoria.spec","Potentilla.neumanniana"
"2","Sphecodes.crassus","Potentilla.neumanniana"
"2","Sphecodes.ephippius","Potentilla.neumanniana"
"2","Sphecodes.niger","Potentilla.neumanniana"
"2","Syritta.pipiens","Potentilla.neumanniana"
"2","Syrphus.ribesii","Potentilla.neumanniana"
"2","Syrphus.torvus","Potentilla.neumanniana"
"2","Syrphus.vitripennis","Potentilla.neumanniana"
"2","Volucella.bombylans","Potentilla.neumanniana"
"2","Andrena.minutuloides","Ranunculus.bulbosus"
"2","Bombus.lapidarius","Ranunculus.bulbosus"
"2","Bombus.pascuorum","Ranunculus.bulbosus"
"2","Bombus.terrestris.agg","Ranunculus.bulbosus"
"2","Cheilosia.scutellata","Ranunculus.bulbosus"
"2","Cheilosia.soror","Ranunculus.bulbosus"
"2","Cheilosia.vulpina","Ranunculus.bulbosus"
"2","Episyrphus.balteatus","Ranunculus.bulbosus"
"2","Eristalis.arbustorum","Ranunculus.bulbosus"
"2","Eristalis.interrupta","Ranunculus.bulbosus"
"2","Eristalis.intricaria","Ranunculus.bulbosus"
"2","Eristalis.pertinax","Ranunculus.bulbosus"
"2","Eristalis.tenax","Ranunculus.bulbosus"
"2","Eupeodes.corollae","Ranunculus.bulbosus"
"2","Eupeodes.lapponicus","Ranunculus.bulbosus"
"2","Halictus.rubicundus","Ranunculus.bulbosus"
"2","Halictus.tumulorum","Ranunculus.bulbosus"
"2","Hylaeus.brevicornis","Ranunculus.bulbosus"
"2","Hylaeus.gredleri","Ranunculus.bulbosus"
"2","Lasioglossum.calceatum","Ranunculus.bulbosus"
"2","Lasioglossum.fulvicorne","Ranunculus.bulbosus"
"2","Lasioglossum.morio","Ranunculus.bulbosus"
"2","Lasioglossum.pauxillum","Ranunculus.bulbosus"
"2","Lasioglossum.villosulum","Ranunculus.bulbosus"
"2","Myathropa.florea","Ranunculus.bulbosus"
"2","Osmia.bicolor","Ranunculus.bulbosus"
"2","Paragus.spec","Ranunculus.bulbosus"
"2","Pipizella.spec","Ranunculus.bulbosus"
"2","Psithyrus.bohemicus","Ranunculus.bulbosus"
"2","Scaeva.pyrastri","Ranunculus.bulbosus"
"2","Scaeva.selenitica","Ranunculus.bulbosus"
"2","Sphaerophoria.spec","Ranunculus.bulbosus"
"2","Sphecodes.crassus","Ranunculus.bulbosus"
"2","Sphecodes.ephippius","Ranunculus.bulbosus"
"2","Sphecodes.niger","Ranunculus.bulbosus"
"2","Syritta.pipiens","Ranunculus.bulbosus"
"2","Syrphus.ribesii","Ranunculus.bulbosus"
"2","Syrphus.torvus","Ranunculus.bulbosus"
"2","Syrphus.vitripennis","Ranunculus.bulbosus"
"2","Volucella.bombylans","Ranunculus.bulbosus"
"2","Andrena.minutuloides","Rosa.NA"
"2","Bombus.lapidarius","Rosa.NA"
"2","Bombus.pascuorum","Rosa.NA"
"2","Bombus.terrestris.agg","Rosa.NA"
"2","Cheilosia.scutellata","Rosa.NA"
"2","Cheilosia.soror","Rosa.NA"
"2","Cheilosia.vulpina","Rosa.NA"
"2","Episyrphus.balteatus","Rosa.NA"
"2","Eristalis.arbustorum","Rosa.NA"
"2","Eristalis.interrupta","Rosa.NA"
"2","Eristalis.intricaria","Rosa.NA"
"2","Eristalis.pertinax","Rosa.NA"
"2","Eristalis.tenax","Rosa.NA"
"2","Eupeodes.corollae","Rosa.NA"
"2","Eupeodes.lapponicus","Rosa.NA"
"2","Halictus.rubicundus","Rosa.NA"
"2","Halictus.tumulorum","Rosa.NA"
"2","Hylaeus.brevicornis","Rosa.NA"
"2","Hylaeus.gredleri","Rosa.NA"
"2","Lasioglossum.calceatum","Rosa.NA"
"2","Lasioglossum.fulvicorne","Rosa.NA"
"2","Lasioglossum.morio","Rosa.NA"
"2","Lasioglossum.pauxillum","Rosa.NA"
"2","Lasioglossum.villosulum","Rosa.NA"
"2","Myathropa.florea","Rosa.NA"
"2","Osmia.bicolor","Rosa.NA"
"2","Paragus.spec","Rosa.NA"
"2","Pipizella.spec","Rosa.NA"
"2","Psithyrus.bohemicus","Rosa.NA"
"2","Scaeva.pyrastri","Rosa.NA"
"2","Scaeva.selenitica","Rosa.NA"
"2","Sphaerophoria.spec","Rosa.NA"
"2","Sphecodes.crassus","Rosa.NA"
"2","Sphecodes.ephippius","Rosa.NA"
"2","Sphecodes.niger","Rosa.NA"
"2","Syritta.pipiens","Rosa.NA"
"2","Syrphus.ribesii","Rosa.NA"
"2","Syrphus.torvus","Rosa.NA"
"2","Syrphus.vitripennis","Rosa.NA"
"2","Volucella.bombylans","Rosa.NA"
"2","Andrena.minutuloides","Rubus.fruticosus"
"2","Bombus.lapidarius","Rubus.fruticosus"
"2","Bombus.pascuorum","Rubus.fruticosus"
"2","Bombus.terrestris.agg","Rubus.fruticosus"
"2","Cheilosia.scutellata","Rubus.fruticosus"
"2","Cheilosia.soror","Rubus.fruticosus"
"2","Cheilosia.vulpina","Rubus.fruticosus"
"2","Episyrphus.balteatus","Rubus.fruticosus"
"2","Eristalis.arbustorum","Rubus.fruticosus"
"2","Eristalis.interrupta","Rubus.fruticosus"
"2","Eristalis.intricaria","Rubus.fruticosus"
"2","Eristalis.pertinax","Rubus.fruticosus"
"2","Eristalis.tenax","Rubus.fruticosus"
"2","Eupeodes.corollae","Rubus.fruticosus"
"2","Eupeodes.lapponicus","Rubus.fruticosus"
"2","Halictus.rubicundus","Rubus.fruticosus"
"2","Halictus.tumulorum","Rubus.fruticosus"
"2","Hylaeus.brevicornis","Rubus.fruticosus"
"2","Hylaeus.gredleri","Rubus.fruticosus"
"2","Lasioglossum.calceatum","Rubus.fruticosus"
"2","Lasioglossum.fulvicorne","Rubus.fruticosus"
"2","Lasioglossum.morio","Rubus.fruticosus"
"2","Lasioglossum.pauxillum","Rubus.fruticosus"
"2","Lasioglossum.villosulum","Rubus.fruticosus"
"2","Myathropa.florea","Rubus.fruticosus"
"2","Osmia.bicolor","Rubus.fruticosus"
"2","Paragus.spec","Rubus.fruticosus"
"2","Pipizella.spec","Rubus.fruticosus"
"2","Psithyrus.bohemicus","Rubus.fruticosus"
"2","Scaeva.pyrastri","Rubus.fruticosus"
"2","Scaeva.selenitica","Rubus.fruticosus"
"2","Sphaerophoria.spec","Rubus.fruticosus"
"2","Sphecodes.crassus","Rubus.fruticosus"
"2","Sphecodes.ephippius","Rubus.fruticosus"
"2","Sphecodes.niger","Rubus.fruticosus"
"2","Syritta.pipiens","Rubus.fruticosus"
"2","Syrphus.ribesii","Rubus.fruticosus"
"2","Syrphus.torvus","Rubus.fruticosus"
"2","Syrphus.vitripennis","Rubus.fruticosus"
"2","Volucella.bombylans","Rubus.fruticosus"
"2","Andrena.minutuloides","Salvia.pratensis"
"2","Bombus.lapidarius","Salvia.pratensis"
"2","Bombus.pascuorum","Salvia.pratensis"
"2","Bombus.terrestris.agg","Salvia.pratensis"
"2","Cheilosia.scutellata","Salvia.pratensis"
"2","Cheilosia.soror","Salvia.pratensis"
"2","Cheilosia.vulpina","Salvia.pratensis"
"2","Episyrphus.balteatus","Salvia.pratensis"
"2","Eristalis.arbustorum","Salvia.pratensis"
"2","Eristalis.interrupta","Salvia.pratensis"
"2","Eristalis.intricaria","Salvia.pratensis"
"2","Eristalis.pertinax","Salvia.pratensis"
"2","Eristalis.tenax","Salvia.pratensis"
"2","Eupeodes.corollae","Salvia.pratensis"
"2","Eupeodes.lapponicus","Salvia.pratensis"
"2","Halictus.rubicundus","Salvia.pratensis"
"2","Halictus.tumulorum","Salvia.pratensis"
"2","Hylaeus.brevicornis","Salvia.pratensis"
"2","Hylaeus.gredleri","Salvia.pratensis"
"2","Lasioglossum.calceatum","Salvia.pratensis"
"2","Lasioglossum.fulvicorne","Salvia.pratensis"
"2","Lasioglossum.morio","Salvia.pratensis"
"2","Lasioglossum.pauxillum","Salvia.pratensis"
"2","Lasioglossum.villosulum","Salvia.pratensis"
"2","Myathropa.florea","Salvia.pratensis"
"2","Osmia.bicolor","Salvia.pratensis"
"2","Paragus.spec","Salvia.pratensis"
"2","Pipizella.spec","Salvia.pratensis"
"2","Psithyrus.bohemicus","Salvia.pratensis"
"2","Scaeva.pyrastri","Salvia.pratensis"
"2","Scaeva.selenitica","Salvia.pratensis"
"2","Sphaerophoria.spec","Salvia.pratensis"
"2","Sphecodes.crassus","Salvia.pratensis"
"2","Sphecodes.ephippius","Salvia.pratensis"
"2","Sphecodes.niger","Salvia.pratensis"
"2","Syritta.pipiens","Salvia.pratensis"
"2","Syrphus.ribesii","Salvia.pratensis"
"2","Syrphus.torvus","Salvia.pratensis"
"2","Syrphus.vitripennis","Salvia.pratensis"
"2","Volucella.bombylans","Salvia.pratensis"
"2","Andrena.minutuloides","Sanguisorba.minor"
"2","Bombus.lapidarius","Sanguisorba.minor"
"2","Bombus.pascuorum","Sanguisorba.minor"
"2","Bombus.terrestris.agg","Sanguisorba.minor"
"2","Cheilosia.scutellata","Sanguisorba.minor"
"2","Cheilosia.soror","Sanguisorba.minor"
"2","Cheilosia.vulpina","Sanguisorba.minor"
"2","Episyrphus.balteatus","Sanguisorba.minor"
"2","Eristalis.arbustorum","Sanguisorba.minor"
"2","Eristalis.interrupta","Sanguisorba.minor"
"2","Eristalis.intricaria","Sanguisorba.minor"
"2","Eristalis.pertinax","Sanguisorba.minor"
"2","Eristalis.tenax","Sanguisorba.minor"
"2","Eupeodes.corollae","Sanguisorba.minor"
"2","Eupeodes.lapponicus","Sanguisorba.minor"
"2","Halictus.rubicundus","Sanguisorba.minor"
"2","Halictus.tumulorum","Sanguisorba.minor"
"2","Hylaeus.brevicornis","Sanguisorba.minor"
"2","Hylaeus.gredleri","Sanguisorba.minor"
"2","Lasioglossum.calceatum","Sanguisorba.minor"
"2","Lasioglossum.fulvicorne","Sanguisorba.minor"
"2","Lasioglossum.morio","Sanguisorba.minor"
"2","Lasioglossum.pauxillum","Sanguisorba.minor"
"2","Lasioglossum.villosulum","Sanguisorba.minor"
"2","Myathropa.florea","Sanguisorba.minor"
"2","Osmia.bicolor","Sanguisorba.minor"
"2","Paragus.spec","Sanguisorba.minor"
"2","Pipizella.spec","Sanguisorba.minor"
"2","Psithyrus.bohemicus","Sanguisorba.minor"
"2","Scaeva.pyrastri","Sanguisorba.minor"
"2","Scaeva.selenitica","Sanguisorba.minor"
"2","Sphaerophoria.spec","Sanguisorba.minor"
"2","Sphecodes.crassus","Sanguisorba.minor"
"2","Sphecodes.ephippius","Sanguisorba.minor"
"2","Sphecodes.niger","Sanguisorba.minor"
"2","Syritta.pipiens","Sanguisorba.minor"
"2","Syrphus.ribesii","Sanguisorba.minor"
"2","Syrphus.torvus","Sanguisorba.minor"
"2","Syrphus.vitripennis","Sanguisorba.minor"
"2","Volucella.bombylans","Sanguisorba.minor"
"2","Andrena.minutuloides","Senecio.jacobaea"
"2","Bombus.lapidarius","Senecio.jacobaea"
"2","Bombus.pascuorum","Senecio.jacobaea"
"2","Bombus.terrestris.agg","Senecio.jacobaea"
"2","Cheilosia.scutellata","Senecio.jacobaea"
"2","Cheilosia.soror","Senecio.jacobaea"
"2","Cheilosia.vulpina","Senecio.jacobaea"
"2","Episyrphus.balteatus","Senecio.jacobaea"
"2","Eristalis.arbustorum","Senecio.jacobaea"
"2","Eristalis.interrupta","Senecio.jacobaea"
"2","Eristalis.intricaria","Senecio.jacobaea"
"2","Eristalis.pertinax","Senecio.jacobaea"
"2","Eristalis.tenax","Senecio.jacobaea"
"2","Eupeodes.corollae","Senecio.jacobaea"
"2","Eupeodes.lapponicus","Senecio.jacobaea"
"2","Halictus.rubicundus","Senecio.jacobaea"
"2","Halictus.tumulorum","Senecio.jacobaea"
"2","Hylaeus.brevicornis","Senecio.jacobaea"
"2","Hylaeus.gredleri","Senecio.jacobaea"
"2","Lasioglossum.calceatum","Senecio.jacobaea"
"2","Lasioglossum.fulvicorne","Senecio.jacobaea"
"2","Lasioglossum.morio","Senecio.jacobaea"
"2","Lasioglossum.pauxillum","Senecio.jacobaea"
"2","Lasioglossum.villosulum","Senecio.jacobaea"
"2","Myathropa.florea","Senecio.jacobaea"
"2","Osmia.bicolor","Senecio.jacobaea"
"2","Paragus.spec","Senecio.jacobaea"
"2","Pipizella.spec","Senecio.jacobaea"
"2","Psithyrus.bohemicus","Senecio.jacobaea"
"2","Scaeva.pyrastri","Senecio.jacobaea"
"2","Scaeva.selenitica","Senecio.jacobaea"
"2","Sphaerophoria.spec","Senecio.jacobaea"
"2","Sphecodes.crassus","Senecio.jacobaea"
"2","Sphecodes.ephippius","Senecio.jacobaea"
"2","Sphecodes.niger","Senecio.jacobaea"
"2","Syritta.pipiens","Senecio.jacobaea"
"2","Syrphus.ribesii","Senecio.jacobaea"
"2","Syrphus.torvus","Senecio.jacobaea"
"2","Syrphus.vitripennis","Senecio.jacobaea"
"2","Volucella.bombylans","Senecio.jacobaea"
"2","Andrena.minutuloides","Thymus.pulegioides"
"2","Bombus.lapidarius","Thymus.pulegioides"
"2","Bombus.pascuorum","Thymus.pulegioides"
"2","Bombus.terrestris.agg","Thymus.pulegioides"
"2","Cheilosia.scutellata","Thymus.pulegioides"
"2","Cheilosia.soror","Thymus.pulegioides"
"2","Cheilosia.vulpina","Thymus.pulegioides"
"2","Episyrphus.balteatus","Thymus.pulegioides"
"2","Eristalis.arbustorum","Thymus.pulegioides"
"2","Eristalis.interrupta","Thymus.pulegioides"
"2","Eristalis.intricaria","Thymus.pulegioides"
"2","Eristalis.pertinax","Thymus.pulegioides"
"2","Eristalis.tenax","Thymus.pulegioides"
"2","Eupeodes.corollae","Thymus.pulegioides"
"2","Eupeodes.lapponicus","Thymus.pulegioides"
"2","Halictus.rubicundus","Thymus.pulegioides"
"2","Halictus.tumulorum","Thymus.pulegioides"
"2","Hylaeus.brevicornis","Thymus.pulegioides"
"2","Hylaeus.gredleri","Thymus.pulegioides"
"2","Lasioglossum.calceatum","Thymus.pulegioides"
"2","Lasioglossum.fulvicorne","Thymus.pulegioides"
"2","Lasioglossum.morio","Thymus.pulegioides"
"2","Lasioglossum.pauxillum","Thymus.pulegioides"
"2","Lasioglossum.villosulum","Thymus.pulegioides"
"2","Myathropa.florea","Thymus.pulegioides"
"2","Osmia.bicolor","Thymus.pulegioides"
"2","Paragus.spec","Thymus.pulegioides"
"2","Pipizella.spec","Thymus.pulegioides"
"2","Psithyrus.bohemicus","Thymus.pulegioides"
"2","Scaeva.pyrastri","Thymus.pulegioides"
"2","Scaeva.selenitica","Thymus.pulegioides"
"2","Sphaerophoria.spec","Thymus.pulegioides"
"2","Sphecodes.crassus","Thymus.pulegioides"
"2","Sphecodes.ephippius","Thymus.pulegioides"
"2","Sphecodes.niger","Thymus.pulegioides"
"2","Syritta.pipiens","Thymus.pulegioides"
"2","Syrphus.ribesii","Thymus.pulegioides"
"2","Syrphus.torvus","Thymus.pulegioides"
"2","Syrphus.vitripennis","Thymus.pulegioides"
"2","Volucella.bombylans","Thymus.pulegioides"
"3","Andrena.minutula","Achillea.millefolium"
"3","Andrena.minutuloides","Achillea.millefolium"
"3","Andrena.nigroaenea","Achillea.millefolium"
"3","Andrena.subopaca","Achillea.millefolium"
"3","Anthophora.plumipes","Achillea.millefolium"
"3","Bombus.hypnorum","Achillea.millefolium"
"3","Bombus.lapidarius","Achillea.millefolium"
"3","Bombus.pascuorum","Achillea.millefolium"
"3","Bombus.terrestris.agg","Achillea.millefolium"
"3","Cheilosia.ranunculi/albitarsis","Achillea.millefolium"
"3","Chrysotoxum.bicinctum","Achillea.millefolium"
"3","Didea.intermedia","Achillea.millefolium"
"3","Episyrphus.balteatus","Achillea.millefolium"
"3","Eristalis.interrupta","Achillea.millefolium"
"3","Eristalis.pertinax","Achillea.millefolium"
"3","Eristalis.tenax","Achillea.millefolium"
"3","Eupeodes.corollae","Achillea.millefolium"
"3","Halictus.tumulorum","Achillea.millefolium"
"3","Helophilus.trivittatus","Achillea.millefolium"
"3","Hylaeus.brevicornis","Achillea.millefolium"
"3","Hylaeus.gredleri","Achillea.millefolium"
"3","Lasioglossum.calceatum","Achillea.millefolium"
"3","Lasioglossum.leucopus","Achillea.millefolium"
"3","Lasioglossum.pauxillum","Achillea.millefolium"
"3","Lasioglossum.villosulum","Achillea.millefolium"
"3","Megachile.versicolor","Achillea.millefolium"
"3","Melanostoma.spec","Achillea.millefolium"
"3","Melitta.leporina","Achillea.millefolium"
"3","Myathropa.florea","Achillea.millefolium"
"3","Nomada.flavoguttata","Achillea.millefolium"
"3","Osmia.bicolor","Achillea.millefolium"
"3","Osmia.rufa","Achillea.millefolium"
"3","Paragus.spec","Achillea.millefolium"
"3","Scaeva.pyrastri","Achillea.millefolium"
"3","Sphaerophoria.spec","Achillea.millefolium"
"3","Syrphus.ribesii","Achillea.millefolium"
"3","Syrphus.torvus","Achillea.millefolium"
"3","Syrphus.vitripennis","Achillea.millefolium"
"3","Volucella.bombylans","Achillea.millefolium"
"3","Andrena.minutula","Bellis.perennis"
"3","Andrena.minutuloides","Bellis.perennis"
"3","Andrena.nigroaenea","Bellis.perennis"
"3","Andrena.subopaca","Bellis.perennis"
"3","Anthophora.plumipes","Bellis.perennis"
"3","Bombus.hypnorum","Bellis.perennis"
"3","Bombus.lapidarius","Bellis.perennis"
"3","Bombus.pascuorum","Bellis.perennis"
"3","Bombus.terrestris.agg","Bellis.perennis"
"3","Cheilosia.ranunculi/albitarsis","Bellis.perennis"
"3","Chrysotoxum.bicinctum","Bellis.perennis"
"3","Didea.intermedia","Bellis.perennis"
"3","Episyrphus.balteatus","Bellis.perennis"
"3","Eristalis.interrupta","Bellis.perennis"
"3","Eristalis.pertinax","Bellis.perennis"
"3","Eristalis.tenax","Bellis.perennis"
"3","Eupeodes.corollae","Bellis.perennis"
"3","Halictus.tumulorum","Bellis.perennis"
"3","Helophilus.trivittatus","Bellis.perennis"
"3","Hylaeus.brevicornis","Bellis.perennis"
"3","Hylaeus.gredleri","Bellis.perennis"
"3","Lasioglossum.calceatum","Bellis.perennis"
"3","Lasioglossum.leucopus","Bellis.perennis"
"3","Lasioglossum.pauxillum","Bellis.perennis"
"3","Lasioglossum.villosulum","Bellis.perennis"
"3","Megachile.versicolor","Bellis.perennis"
"3","Melanostoma.spec","Bellis.perennis"
"3","Melitta.leporina","Bellis.perennis"
"3","Myathropa.florea","Bellis.perennis"
"3","Nomada.flavoguttata","Bellis.perennis"
"3","Osmia.bicolor","Bellis.perennis"
"3","Osmia.rufa","Bellis.perennis"
"3","Paragus.spec","Bellis.perennis"
"3","Scaeva.pyrastri","Bellis.perennis"
"3","Sphaerophoria.spec","Bellis.perennis"
"3","Syrphus.ribesii","Bellis.perennis"
"3","Syrphus.torvus","Bellis.perennis"
"3","Syrphus.vitripennis","Bellis.perennis"
"3","Volucella.bombylans","Bellis.perennis"
"3","Andrena.minutula","Campanula.rotundifolia"
"3","Andrena.minutuloides","Campanula.rotundifolia"
"3","Andrena.nigroaenea","Campanula.rotundifolia"
"3","Andrena.subopaca","Campanula.rotundifolia"
"3","Anthophora.plumipes","Campanula.rotundifolia"
"3","Bombus.hypnorum","Campanula.rotundifolia"
"3","Bombus.lapidarius","Campanula.rotundifolia"
"3","Bombus.pascuorum","Campanula.rotundifolia"
"3","Bombus.terrestris.agg","Campanula.rotundifolia"
"3","Cheilosia.ranunculi/albitarsis","Campanula.rotundifolia"
"3","Chrysotoxum.bicinctum","Campanula.rotundifolia"
"3","Didea.intermedia","Campanula.rotundifolia"
"3","Episyrphus.balteatus","Campanula.rotundifolia"
"3","Eristalis.interrupta","Campanula.rotundifolia"
"3","Eristalis.pertinax","Campanula.rotundifolia"
"3","Eristalis.tenax","Campanula.rotundifolia"
"3","Eupeodes.corollae","Campanula.rotundifolia"
"3","Halictus.tumulorum","Campanula.rotundifolia"
"3","Helophilus.trivittatus","Campanula.rotundifolia"
"3","Hylaeus.brevicornis","Campanula.rotundifolia"
"3","Hylaeus.gredleri","Campanula.rotundifolia"
"3","Lasioglossum.calceatum","Campanula.rotundifolia"
"3","Lasioglossum.leucopus","Campanula.rotundifolia"
"3","Lasioglossum.pauxillum","Campanula.rotundifolia"
"3","Lasioglossum.villosulum","Campanula.rotundifolia"
"3","Megachile.versicolor","Campanula.rotundifolia"
"3","Melanostoma.spec","Campanula.rotundifolia"
"3","Melitta.leporina","Campanula.rotundifolia"
"3","Myathropa.florea","Campanula.rotundifolia"
"3","Nomada.flavoguttata","Campanula.rotundifolia"
"3","Osmia.bicolor","Campanula.rotundifolia"
"3","Osmia.rufa","Campanula.rotundifolia"
"3","Paragus.spec","Campanula.rotundifolia"
"3","Scaeva.pyrastri","Campanula.rotundifolia"
"3","Sphaerophoria.spec","Campanula.rotundifolia"
"3","Syrphus.ribesii","Campanula.rotundifolia"
"3","Syrphus.torvus","Campanula.rotundifolia"
"3","Syrphus.vitripennis","Campanula.rotundifolia"
"3","Volucella.bombylans","Campanula.rotundifolia"
"3","Andrena.minutula","Centaurea.jacea"
"3","Andrena.minutuloides","Centaurea.jacea"
"3","Andrena.nigroaenea","Centaurea.jacea"
"3","Andrena.subopaca","Centaurea.jacea"
"3","Anthophora.plumipes","Centaurea.jacea"
"3","Bombus.hypnorum","Centaurea.jacea"
"3","Bombus.lapidarius","Centaurea.jacea"
"3","Bombus.pascuorum","Centaurea.jacea"
"3","Bombus.terrestris.agg","Centaurea.jacea"
"3","Cheilosia.ranunculi/albitarsis","Centaurea.jacea"
"3","Chrysotoxum.bicinctum","Centaurea.jacea"
"3","Didea.intermedia","Centaurea.jacea"
"3","Episyrphus.balteatus","Centaurea.jacea"
"3","Eristalis.interrupta","Centaurea.jacea"
"3","Eristalis.pertinax","Centaurea.jacea"
"3","Eristalis.tenax","Centaurea.jacea"
"3","Eupeodes.corollae","Centaurea.jacea"
"3","Halictus.tumulorum","Centaurea.jacea"
"3","Helophilus.trivittatus","Centaurea.jacea"
"3","Hylaeus.brevicornis","Centaurea.jacea"
"3","Hylaeus.gredleri","Centaurea.jacea"
"3","Lasioglossum.calceatum","Centaurea.jacea"
"3","Lasioglossum.leucopus","Centaurea.jacea"
"3","Lasioglossum.pauxillum","Centaurea.jacea"
"3","Lasioglossum.villosulum","Centaurea.jacea"
"3","Megachile.versicolor","Centaurea.jacea"
"3","Melanostoma.spec","Centaurea.jacea"
"3","Melitta.leporina","Centaurea.jacea"
"3","Myathropa.florea","Centaurea.jacea"
"3","Nomada.flavoguttata","Centaurea.jacea"
"3","Osmia.bicolor","Centaurea.jacea"
"3","Osmia.rufa","Centaurea.jacea"
"3","Paragus.spec","Centaurea.jacea"
"3","Scaeva.pyrastri","Centaurea.jacea"
"3","Sphaerophoria.spec","Centaurea.jacea"
"3","Syrphus.ribesii","Centaurea.jacea"
"3","Syrphus.torvus","Centaurea.jacea"
"3","Syrphus.vitripennis","Centaurea.jacea"
"3","Volucella.bombylans","Centaurea.jacea"
"3","Andrena.minutula","Crepis.biennis"
"3","Andrena.minutuloides","Crepis.biennis"
"3","Andrena.nigroaenea","Crepis.biennis"
"3","Andrena.subopaca","Crepis.biennis"
"3","Anthophora.plumipes","Crepis.biennis"
"3","Bombus.hypnorum","Crepis.biennis"
"3","Bombus.lapidarius","Crepis.biennis"
"3","Bombus.pascuorum","Crepis.biennis"
"3","Bombus.terrestris.agg","Crepis.biennis"
"3","Cheilosia.ranunculi/albitarsis","Crepis.biennis"
"3","Chrysotoxum.bicinctum","Crepis.biennis"
"3","Didea.intermedia","Crepis.biennis"
"3","Episyrphus.balteatus","Crepis.biennis"
"3","Eristalis.interrupta","Crepis.biennis"
"3","Eristalis.pertinax","Crepis.biennis"
"3","Eristalis.tenax","Crepis.biennis"
"3","Eupeodes.corollae","Crepis.biennis"
"3","Halictus.tumulorum","Crepis.biennis"
"3","Helophilus.trivittatus","Crepis.biennis"
"3","Hylaeus.brevicornis","Crepis.biennis"
"3","Hylaeus.gredleri","Crepis.biennis"
"3","Lasioglossum.calceatum","Crepis.biennis"
"3","Lasioglossum.leucopus","Crepis.biennis"
"3","Lasioglossum.pauxillum","Crepis.biennis"
"3","Lasioglossum.villosulum","Crepis.biennis"
"3","Megachile.versicolor","Crepis.biennis"
"3","Melanostoma.spec","Crepis.biennis"
"3","Melitta.leporina","Crepis.biennis"
"3","Myathropa.florea","Crepis.biennis"
"3","Nomada.flavoguttata","Crepis.biennis"
"3","Osmia.bicolor","Crepis.biennis"
"3","Osmia.rufa","Crepis.biennis"
"3","Paragus.spec","Crepis.biennis"
"3","Scaeva.pyrastri","Crepis.biennis"
"3","Sphaerophoria.spec","Crepis.biennis"
"3","Syrphus.ribesii","Crepis.biennis"
"3","Syrphus.torvus","Crepis.biennis"
"3","Syrphus.vitripennis","Crepis.biennis"
"3","Volucella.bombylans","Crepis.biennis"
"3","Andrena.minutula","Daucus.carota"
"3","Andrena.minutuloides","Daucus.carota"
"3","Andrena.nigroaenea","Daucus.carota"
"3","Andrena.subopaca","Daucus.carota"
"3","Anthophora.plumipes","Daucus.carota"
"3","Bombus.hypnorum","Daucus.carota"
"3","Bombus.lapidarius","Daucus.carota"
"3","Bombus.pascuorum","Daucus.carota"
"3","Bombus.terrestris.agg","Daucus.carota"
"3","Cheilosia.ranunculi/albitarsis","Daucus.carota"
"3","Chrysotoxum.bicinctum","Daucus.carota"
"3","Didea.intermedia","Daucus.carota"
"3","Episyrphus.balteatus","Daucus.carota"
"3","Eristalis.interrupta","Daucus.carota"
"3","Eristalis.pertinax","Daucus.carota"
"3","Eristalis.tenax","Daucus.carota"
"3","Eupeodes.corollae","Daucus.carota"
"3","Halictus.tumulorum","Daucus.carota"
"3","Helophilus.trivittatus","Daucus.carota"
"3","Hylaeus.brevicornis","Daucus.carota"
"3","Hylaeus.gredleri","Daucus.carota"
"3","Lasioglossum.calceatum","Daucus.carota"
"3","Lasioglossum.leucopus","Daucus.carota"
"3","Lasioglossum.pauxillum","Daucus.carota"
"3","Lasioglossum.villosulum","Daucus.carota"
"3","Megachile.versicolor","Daucus.carota"
"3","Melanostoma.spec","Daucus.carota"
"3","Melitta.leporina","Daucus.carota"
"3","Myathropa.florea","Daucus.carota"
"3","Nomada.flavoguttata","Daucus.carota"
"3","Osmia.bicolor","Daucus.carota"
"3","Osmia.rufa","Daucus.carota"
"3","Paragus.spec","Daucus.carota"
"3","Scaeva.pyrastri","Daucus.carota"
"3","Sphaerophoria.spec","Daucus.carota"
"3","Syrphus.ribesii","Daucus.carota"
"3","Syrphus.torvus","Daucus.carota"
"3","Syrphus.vitripennis","Daucus.carota"
"3","Volucella.bombylans","Daucus.carota"
"3","Andrena.minutula","Euphorbia.cyparissias"
"3","Andrena.minutuloides","Euphorbia.cyparissias"
"3","Andrena.nigroaenea","Euphorbia.cyparissias"
"3","Andrena.subopaca","Euphorbia.cyparissias"
"3","Anthophora.plumipes","Euphorbia.cyparissias"
"3","Bombus.hypnorum","Euphorbia.cyparissias"
"3","Bombus.lapidarius","Euphorbia.cyparissias"
"3","Bombus.pascuorum","Euphorbia.cyparissias"
"3","Bombus.terrestris.agg","Euphorbia.cyparissias"
"3","Cheilosia.ranunculi/albitarsis","Euphorbia.cyparissias"
"3","Chrysotoxum.bicinctum","Euphorbia.cyparissias"
"3","Didea.intermedia","Euphorbia.cyparissias"
"3","Episyrphus.balteatus","Euphorbia.cyparissias"
"3","Eristalis.interrupta","Euphorbia.cyparissias"
"3","Eristalis.pertinax","Euphorbia.cyparissias"
"3","Eristalis.tenax","Euphorbia.cyparissias"
"3","Eupeodes.corollae","Euphorbia.cyparissias"
"3","Halictus.tumulorum","Euphorbia.cyparissias"
"3","Helophilus.trivittatus","Euphorbia.cyparissias"
"3","Hylaeus.brevicornis","Euphorbia.cyparissias"
"3","Hylaeus.gredleri","Euphorbia.cyparissias"
"3","Lasioglossum.calceatum","Euphorbia.cyparissias"
"3","Lasioglossum.leucopus","Euphorbia.cyparissias"
"3","Lasioglossum.pauxillum","Euphorbia.cyparissias"
"3","Lasioglossum.villosulum","Euphorbia.cyparissias"
"3","Megachile.versicolor","Euphorbia.cyparissias"
"3","Melanostoma.spec","Euphorbia.cyparissias"
"3","Melitta.leporina","Euphorbia.cyparissias"
"3","Myathropa.florea","Euphorbia.cyparissias"
"3","Nomada.flavoguttata","Euphorbia.cyparissias"
"3","Osmia.bicolor","Euphorbia.cyparissias"
"3","Osmia.rufa","Euphorbia.cyparissias"
"3","Paragus.spec","Euphorbia.cyparissias"
"3","Scaeva.pyrastri","Euphorbia.cyparissias"
"3","Sphaerophoria.spec","Euphorbia.cyparissias"
"3","Syrphus.ribesii","Euphorbia.cyparissias"
"3","Syrphus.torvus","Euphorbia.cyparissias"
"3","Syrphus.vitripennis","Euphorbia.cyparissias"
"3","Volucella.bombylans","Euphorbia.cyparissias"
"3","Andrena.minutula","Euphrasia.stricta"
"3","Andrena.minutuloides","Euphrasia.stricta"
"3","Andrena.nigroaenea","Euphrasia.stricta"
"3","Andrena.subopaca","Euphrasia.stricta"
"3","Anthophora.plumipes","Euphrasia.stricta"
"3","Bombus.hypnorum","Euphrasia.stricta"
"3","Bombus.lapidarius","Euphrasia.stricta"
"3","Bombus.pascuorum","Euphrasia.stricta"
"3","Bombus.terrestris.agg","Euphrasia.stricta"
"3","Cheilosia.ranunculi/albitarsis","Euphrasia.stricta"
"3","Chrysotoxum.bicinctum","Euphrasia.stricta"
"3","Didea.intermedia","Euphrasia.stricta"
"3","Episyrphus.balteatus","Euphrasia.stricta"
"3","Eristalis.interrupta","Euphrasia.stricta"
"3","Eristalis.pertinax","Euphrasia.stricta"
"3","Eristalis.tenax","Euphrasia.stricta"
"3","Eupeodes.corollae","Euphrasia.stricta"
"3","Halictus.tumulorum","Euphrasia.stricta"
"3","Helophilus.trivittatus","Euphrasia.stricta"
"3","Hylaeus.brevicornis","Euphrasia.stricta"
"3","Hylaeus.gredleri","Euphrasia.stricta"
"3","Lasioglossum.calceatum","Euphrasia.stricta"
"3","Lasioglossum.leucopus","Euphrasia.stricta"
"3","Lasioglossum.pauxillum","Euphrasia.stricta"
"3","Lasioglossum.villosulum","Euphrasia.stricta"
"3","Megachile.versicolor","Euphrasia.stricta"
"3","Melanostoma.spec","Euphrasia.stricta"
"3","Melitta.leporina","Euphrasia.stricta"
"3","Myathropa.florea","Euphrasia.stricta"
"3","Nomada.flavoguttata","Euphrasia.stricta"
"3","Osmia.bicolor","Euphrasia.stricta"
"3","Osmia.rufa","Euphrasia.stricta"
"3","Paragus.spec","Euphrasia.stricta"
"3","Scaeva.pyrastri","Euphrasia.stricta"
"3","Sphaerophoria.spec","Euphrasia.stricta"
"3","Syrphus.ribesii","Euphrasia.stricta"
"3","Syrphus.torvus","Euphrasia.stricta"
"3","Syrphus.vitripennis","Euphrasia.stricta"
"3","Volucella.bombylans","Euphrasia.stricta"
"3","Andrena.minutula","Fragaria.vesca"
"3","Andrena.minutuloides","Fragaria.vesca"
"3","Andrena.nigroaenea","Fragaria.vesca"
"3","Andrena.subopaca","Fragaria.vesca"
"3","Anthophora.plumipes","Fragaria.vesca"
"3","Bombus.hypnorum","Fragaria.vesca"
"3","Bombus.lapidarius","Fragaria.vesca"
"3","Bombus.pascuorum","Fragaria.vesca"
"3","Bombus.terrestris.agg","Fragaria.vesca"
"3","Cheilosia.ranunculi/albitarsis","Fragaria.vesca"
"3","Chrysotoxum.bicinctum","Fragaria.vesca"
"3","Didea.intermedia","Fragaria.vesca"
"3","Episyrphus.balteatus","Fragaria.vesca"
"3","Eristalis.interrupta","Fragaria.vesca"
"3","Eristalis.pertinax","Fragaria.vesca"
"3","Eristalis.tenax","Fragaria.vesca"
"3","Eupeodes.corollae","Fragaria.vesca"
"3","Halictus.tumulorum","Fragaria.vesca"
"3","Helophilus.trivittatus","Fragaria.vesca"
"3","Hylaeus.brevicornis","Fragaria.vesca"
"3","Hylaeus.gredleri","Fragaria.vesca"
"3","Lasioglossum.calceatum","Fragaria.vesca"
"3","Lasioglossum.leucopus","Fragaria.vesca"
"3","Lasioglossum.pauxillum","Fragaria.vesca"
"3","Lasioglossum.villosulum","Fragaria.vesca"
"3","Megachile.versicolor","Fragaria.vesca"
"3","Melanostoma.spec","Fragaria.vesca"
"3","Melitta.leporina","Fragaria.vesca"
"3","Myathropa.florea","Fragaria.vesca"
"3","Nomada.flavoguttata","Fragaria.vesca"
"3","Osmia.bicolor","Fragaria.vesca"
"3","Osmia.rufa","Fragaria.vesca"
"3","Paragus.spec","Fragaria.vesca"
"3","Scaeva.pyrastri","Fragaria.vesca"
"3","Sphaerophoria.spec","Fragaria.vesca"
"3","Syrphus.ribesii","Fragaria.vesca"
"3","Syrphus.torvus","Fragaria.vesca"
"3","Syrphus.vitripennis","Fragaria.vesca"
"3","Volucella.bombylans","Fragaria.vesca"
"3","Andrena.minutula","Galium.mollugo"
"3","Andrena.minutuloides","Galium.mollugo"
"3","Andrena.nigroaenea","Galium.mollugo"
"3","Andrena.subopaca","Galium.mollugo"
"3","Anthophora.plumipes","Galium.mollugo"
"3","Bombus.hypnorum","Galium.mollugo"
"3","Bombus.lapidarius","Galium.mollugo"
"3","Bombus.pascuorum","Galium.mollugo"
"3","Bombus.terrestris.agg","Galium.mollugo"
"3","Cheilosia.ranunculi/albitarsis","Galium.mollugo"
"3","Chrysotoxum.bicinctum","Galium.mollugo"
"3","Didea.intermedia","Galium.mollugo"
"3","Episyrphus.balteatus","Galium.mollugo"
"3","Eristalis.interrupta","Galium.mollugo"
"3","Eristalis.pertinax","Galium.mollugo"
"3","Eristalis.tenax","Galium.mollugo"
"3","Eupeodes.corollae","Galium.mollugo"
"3","Halictus.tumulorum","Galium.mollugo"
"3","Helophilus.trivittatus","Galium.mollugo"
"3","Hylaeus.brevicornis","Galium.mollugo"
"3","Hylaeus.gredleri","Galium.mollugo"
"3","Lasioglossum.calceatum","Galium.mollugo"
"3","Lasioglossum.leucopus","Galium.mollugo"
"3","Lasioglossum.pauxillum","Galium.mollugo"
"3","Lasioglossum.villosulum","Galium.mollugo"
"3","Megachile.versicolor","Galium.mollugo"
"3","Melanostoma.spec","Galium.mollugo"
"3","Melitta.leporina","Galium.mollugo"
"3","Myathropa.florea","Galium.mollugo"
"3","Nomada.flavoguttata","Galium.mollugo"
"3","Osmia.bicolor","Galium.mollugo"
"3","Osmia.rufa","Galium.mollugo"
"3","Paragus.spec","Galium.mollugo"
"3","Scaeva.pyrastri","Galium.mollugo"
"3","Sphaerophoria.spec","Galium.mollugo"
"3","Syrphus.ribesii","Galium.mollugo"
"3","Syrphus.torvus","Galium.mollugo"
"3","Syrphus.vitripennis","Galium.mollugo"
"3","Volucella.bombylans","Galium.mollugo"
"3","Andrena.minutula","Helianthemum.nummularium"
"3","Andrena.minutuloides","Helianthemum.nummularium"
"3","Andrena.nigroaenea","Helianthemum.nummularium"
"3","Andrena.subopaca","Helianthemum.nummularium"
"3","Anthophora.plumipes","Helianthemum.nummularium"
"3","Bombus.hypnorum","Helianthemum.nummularium"
"3","Bombus.lapidarius","Helianthemum.nummularium"
"3","Bombus.pascuorum","Helianthemum.nummularium"
"3","Bombus.terrestris.agg","Helianthemum.nummularium"
"3","Cheilosia.ranunculi/albitarsis","Helianthemum.nummularium"
"3","Chrysotoxum.bicinctum","Helianthemum.nummularium"
"3","Didea.intermedia","Helianthemum.nummularium"
"3","Episyrphus.balteatus","Helianthemum.nummularium"
"3","Eristalis.interrupta","Helianthemum.nummularium"
"3","Eristalis.pertinax","Helianthemum.nummularium"
"3","Eristalis.tenax","Helianthemum.nummularium"
"3","Eupeodes.corollae","Helianthemum.nummularium"
"3","Halictus.tumulorum","Helianthemum.nummularium"
"3","Helophilus.trivittatus","Helianthemum.nummularium"
"3","Hylaeus.brevicornis","Helianthemum.nummularium"
"3","Hylaeus.gredleri","Helianthemum.nummularium"
"3","Lasioglossum.calceatum","Helianthemum.nummularium"
"3","Lasioglossum.leucopus","Helianthemum.nummularium"
"3","Lasioglossum.pauxillum","Helianthemum.nummularium"
"3","Lasioglossum.villosulum","Helianthemum.nummularium"
"3","Megachile.versicolor","Helianthemum.nummularium"
"3","Melanostoma.spec","Helianthemum.nummularium"
"3","Melitta.leporina","Helianthemum.nummularium"
"3","Myathropa.florea","Helianthemum.nummularium"
"3","Nomada.flavoguttata","Helianthemum.nummularium"
"3","Osmia.bicolor","Helianthemum.nummularium"
"3","Osmia.rufa","Helianthemum.nummularium"
"3","Paragus.spec","Helianthemum.nummularium"
"3","Scaeva.pyrastri","Helianthemum.nummularium"
"3","Sphaerophoria.spec","Helianthemum.nummularium"
"3","Syrphus.ribesii","Helianthemum.nummularium"
"3","Syrphus.torvus","Helianthemum.nummularium"
"3","Syrphus.vitripennis","Helianthemum.nummularium"
"3","Volucella.bombylans","Helianthemum.nummularium"
"3","Andrena.minutula","Hieracium.pilosella"
"3","Andrena.minutuloides","Hieracium.pilosella"
"3","Andrena.nigroaenea","Hieracium.pilosella"
"3","Andrena.subopaca","Hieracium.pilosella"
"3","Anthophora.plumipes","Hieracium.pilosella"
"3","Bombus.hypnorum","Hieracium.pilosella"
"3","Bombus.lapidarius","Hieracium.pilosella"
"3","Bombus.pascuorum","Hieracium.pilosella"
"3","Bombus.terrestris.agg","Hieracium.pilosella"
"3","Cheilosia.ranunculi/albitarsis","Hieracium.pilosella"
"3","Chrysotoxum.bicinctum","Hieracium.pilosella"
"3","Didea.intermedia","Hieracium.pilosella"
"3","Episyrphus.balteatus","Hieracium.pilosella"
"3","Eristalis.interrupta","Hieracium.pilosella"
"3","Eristalis.pertinax","Hieracium.pilosella"
"3","Eristalis.tenax","Hieracium.pilosella"
"3","Eupeodes.corollae","Hieracium.pilosella"
"3","Halictus.tumulorum","Hieracium.pilosella"
"3","Helophilus.trivittatus","Hieracium.pilosella"
"3","Hylaeus.brevicornis","Hieracium.pilosella"
"3","Hylaeus.gredleri","Hieracium.pilosella"
"3","Lasioglossum.calceatum","Hieracium.pilosella"
"3","Lasioglossum.leucopus","Hieracium.pilosella"
"3","Lasioglossum.pauxillum","Hieracium.pilosella"
"3","Lasioglossum.villosulum","Hieracium.pilosella"
"3","Megachile.versicolor","Hieracium.pilosella"
"3","Melanostoma.spec","Hieracium.pilosella"
"3","Melitta.leporina","Hieracium.pilosella"
"3","Myathropa.florea","Hieracium.pilosella"
"3","Nomada.flavoguttata","Hieracium.pilosella"
"3","Osmia.bicolor","Hieracium.pilosella"
"3","Osmia.rufa","Hieracium.pilosella"
"3","Paragus.spec","Hieracium.pilosella"
"3","Scaeva.pyrastri","Hieracium.pilosella"
"3","Sphaerophoria.spec","Hieracium.pilosella"
"3","Syrphus.ribesii","Hieracium.pilosella"
"3","Syrphus.torvus","Hieracium.pilosella"
"3","Syrphus.vitripennis","Hieracium.pilosella"
"3","Volucella.bombylans","Hieracium.pilosella"
"3","Andrena.minutula","Hippocrepis.comosa"
"3","Andrena.minutuloides","Hippocrepis.comosa"
"3","Andrena.nigroaenea","Hippocrepis.comosa"
"3","Andrena.subopaca","Hippocrepis.comosa"
"3","Anthophora.plumipes","Hippocrepis.comosa"
"3","Bombus.hypnorum","Hippocrepis.comosa"
"3","Bombus.lapidarius","Hippocrepis.comosa"
"3","Bombus.pascuorum","Hippocrepis.comosa"
"3","Bombus.terrestris.agg","Hippocrepis.comosa"
"3","Cheilosia.ranunculi/albitarsis","Hippocrepis.comosa"
"3","Chrysotoxum.bicinctum","Hippocrepis.comosa"
"3","Didea.intermedia","Hippocrepis.comosa"
"3","Episyrphus.balteatus","Hippocrepis.comosa"
"3","Eristalis.interrupta","Hippocrepis.comosa"
"3","Eristalis.pertinax","Hippocrepis.comosa"
"3","Eristalis.tenax","Hippocrepis.comosa"
"3","Eupeodes.corollae","Hippocrepis.comosa"
"3","Halictus.tumulorum","Hippocrepis.comosa"
"3","Helophilus.trivittatus","Hippocrepis.comosa"
"3","Hylaeus.brevicornis","Hippocrepis.comosa"
"3","Hylaeus.gredleri","Hippocrepis.comosa"
"3","Lasioglossum.calceatum","Hippocrepis.comosa"
"3","Lasioglossum.leucopus","Hippocrepis.comosa"
"3","Lasioglossum.pauxillum","Hippocrepis.comosa"
"3","Lasioglossum.villosulum","Hippocrepis.comosa"
"3","Megachile.versicolor","Hippocrepis.comosa"
"3","Melanostoma.spec","Hippocrepis.comosa"
"3","Melitta.leporina","Hippocrepis.comosa"
"3","Myathropa.florea","Hippocrepis.comosa"
"3","Nomada.flavoguttata","Hippocrepis.comosa"
"3","Osmia.bicolor","Hippocrepis.comosa"
"3","Osmia.rufa","Hippocrepis.comosa"
"3","Paragus.spec","Hippocrepis.comosa"
"3","Scaeva.pyrastri","Hippocrepis.comosa"
"3","Sphaerophoria.spec","Hippocrepis.comosa"
"3","Syrphus.ribesii","Hippocrepis.comosa"
"3","Syrphus.torvus","Hippocrepis.comosa"
"3","Syrphus.vitripennis","Hippocrepis.comosa"
"3","Volucella.bombylans","Hippocrepis.comosa"
"3","Andrena.minutula","Hypericum.perforatum"
"3","Andrena.minutuloides","Hypericum.perforatum"
"3","Andrena.nigroaenea","Hypericum.perforatum"
"3","Andrena.subopaca","Hypericum.perforatum"
"3","Anthophora.plumipes","Hypericum.perforatum"
"3","Bombus.hypnorum","Hypericum.perforatum"
"3","Bombus.lapidarius","Hypericum.perforatum"
"3","Bombus.pascuorum","Hypericum.perforatum"
"3","Bombus.terrestris.agg","Hypericum.perforatum"
"3","Cheilosia.ranunculi/albitarsis","Hypericum.perforatum"
"3","Chrysotoxum.bicinctum","Hypericum.perforatum"
"3","Didea.intermedia","Hypericum.perforatum"
"3","Episyrphus.balteatus","Hypericum.perforatum"
"3","Eristalis.interrupta","Hypericum.perforatum"
"3","Eristalis.pertinax","Hypericum.perforatum"
"3","Eristalis.tenax","Hypericum.perforatum"
"3","Eupeodes.corollae","Hypericum.perforatum"
"3","Halictus.tumulorum","Hypericum.perforatum"
"3","Helophilus.trivittatus","Hypericum.perforatum"
"3","Hylaeus.brevicornis","Hypericum.perforatum"
"3","Hylaeus.gredleri","Hypericum.perforatum"
"3","Lasioglossum.calceatum","Hypericum.perforatum"
"3","Lasioglossum.leucopus","Hypericum.perforatum"
"3","Lasioglossum.pauxillum","Hypericum.perforatum"
"3","Lasioglossum.villosulum","Hypericum.perforatum"
"3","Megachile.versicolor","Hypericum.perforatum"
"3","Melanostoma.spec","Hypericum.perforatum"
"3","Melitta.leporina","Hypericum.perforatum"
"3","Myathropa.florea","Hypericum.perforatum"
"3","Nomada.flavoguttata","Hypericum.perforatum"
"3","Osmia.bicolor","Hypericum.perforatum"
"3","Osmia.rufa","Hypericum.perforatum"
"3","Paragus.spec","Hypericum.perforatum"
"3","Scaeva.pyrastri","Hypericum.perforatum"
"3","Sphaerophoria.spec","Hypericum.perforatum"
"3","Syrphus.ribesii","Hypericum.perforatum"
"3","Syrphus.torvus","Hypericum.perforatum"
"3","Syrphus.vitripennis","Hypericum.perforatum"
"3","Volucella.bombylans","Hypericum.perforatum"
"3","Andrena.minutula","Knautia.arvensis"
"3","Andrena.minutuloides","Knautia.arvensis"
"3","Andrena.nigroaenea","Knautia.arvensis"
"3","Andrena.subopaca","Knautia.arvensis"
"3","Anthophora.plumipes","Knautia.arvensis"
"3","Bombus.hypnorum","Knautia.arvensis"
"3","Bombus.lapidarius","Knautia.arvensis"
"3","Bombus.pascuorum","Knautia.arvensis"
"3","Bombus.terrestris.agg","Knautia.arvensis"
"3","Cheilosia.ranunculi/albitarsis","Knautia.arvensis"
"3","Chrysotoxum.bicinctum","Knautia.arvensis"
"3","Didea.intermedia","Knautia.arvensis"
"3","Episyrphus.balteatus","Knautia.arvensis"
"3","Eristalis.interrupta","Knautia.arvensis"
"3","Eristalis.pertinax","Knautia.arvensis"
"3","Eristalis.tenax","Knautia.arvensis"
"3","Eupeodes.corollae","Knautia.arvensis"
"3","Halictus.tumulorum","Knautia.arvensis"
"3","Helophilus.trivittatus","Knautia.arvensis"
"3","Hylaeus.brevicornis","Knautia.arvensis"
"3","Hylaeus.gredleri","Knautia.arvensis"
"3","Lasioglossum.calceatum","Knautia.arvensis"
"3","Lasioglossum.leucopus","Knautia.arvensis"
"3","Lasioglossum.pauxillum","Knautia.arvensis"
"3","Lasioglossum.villosulum","Knautia.arvensis"
"3","Megachile.versicolor","Knautia.arvensis"
"3","Melanostoma.spec","Knautia.arvensis"
"3","Melitta.leporina","Knautia.arvensis"
"3","Myathropa.florea","Knautia.arvensis"
"3","Nomada.flavoguttata","Knautia.arvensis"
"3","Osmia.bicolor","Knautia.arvensis"
"3","Osmia.rufa","Knautia.arvensis"
"3","Paragus.spec","Knautia.arvensis"
"3","Scaeva.pyrastri","Knautia.arvensis"
"3","Sphaerophoria.spec","Knautia.arvensis"
"3","Syrphus.ribesii","Knautia.arvensis"
"3","Syrphus.torvus","Knautia.arvensis"
"3","Syrphus.vitripennis","Knautia.arvensis"
"3","Volucella.bombylans","Knautia.arvensis"
"3","Andrena.minutula","Lathyrus.pratensis"
"3","Andrena.minutuloides","Lathyrus.pratensis"
"3","Andrena.nigroaenea","Lathyrus.pratensis"
"3","Andrena.subopaca","Lathyrus.pratensis"
"3","Anthophora.plumipes","Lathyrus.pratensis"
"3","Bombus.hypnorum","Lathyrus.pratensis"
"3","Bombus.lapidarius","Lathyrus.pratensis"
"3","Bombus.pascuorum","Lathyrus.pratensis"
"3","Bombus.terrestris.agg","Lathyrus.pratensis"
"3","Cheilosia.ranunculi/albitarsis","Lathyrus.pratensis"
"3","Chrysotoxum.bicinctum","Lathyrus.pratensis"
"3","Didea.intermedia","Lathyrus.pratensis"
"3","Episyrphus.balteatus","Lathyrus.pratensis"
"3","Eristalis.interrupta","Lathyrus.pratensis"
"3","Eristalis.pertinax","Lathyrus.pratensis"
"3","Eristalis.tenax","Lathyrus.pratensis"
"3","Eupeodes.corollae","Lathyrus.pratensis"
"3","Halictus.tumulorum","Lathyrus.pratensis"
"3","Helophilus.trivittatus","Lathyrus.pratensis"
"3","Hylaeus.brevicornis","Lathyrus.pratensis"
"3","Hylaeus.gredleri","Lathyrus.pratensis"
"3","Lasioglossum.calceatum","Lathyrus.pratensis"
"3","Lasioglossum.leucopus","Lathyrus.pratensis"
"3","Lasioglossum.pauxillum","Lathyrus.pratensis"
"3","Lasioglossum.villosulum","Lathyrus.pratensis"
"3","Megachile.versicolor","Lathyrus.pratensis"
"3","Melanostoma.spec","Lathyrus.pratensis"
"3","Melitta.leporina","Lathyrus.pratensis"
"3","Myathropa.florea","Lathyrus.pratensis"
"3","Nomada.flavoguttata","Lathyrus.pratensis"
"3","Osmia.bicolor","Lathyrus.pratensis"
"3","Osmia.rufa","Lathyrus.pratensis"
"3","Paragus.spec","Lathyrus.pratensis"
"3","Scaeva.pyrastri","Lathyrus.pratensis"
"3","Sphaerophoria.spec","Lathyrus.pratensis"
"3","Syrphus.ribesii","Lathyrus.pratensis"
"3","Syrphus.torvus","Lathyrus.pratensis"
"3","Syrphus.vitripennis","Lathyrus.pratensis"
"3","Volucella.bombylans","Lathyrus.pratensis"
"3","Andrena.minutula","Leontodon.hispidus"
"3","Andrena.minutuloides","Leontodon.hispidus"
"3","Andrena.nigroaenea","Leontodon.hispidus"
"3","Andrena.subopaca","Leontodon.hispidus"
"3","Anthophora.plumipes","Leontodon.hispidus"
"3","Bombus.hypnorum","Leontodon.hispidus"
"3","Bombus.lapidarius","Leontodon.hispidus"
"3","Bombus.pascuorum","Leontodon.hispidus"
"3","Bombus.terrestris.agg","Leontodon.hispidus"
"3","Cheilosia.ranunculi/albitarsis","Leontodon.hispidus"
"3","Chrysotoxum.bicinctum","Leontodon.hispidus"
"3","Didea.intermedia","Leontodon.hispidus"
"3","Episyrphus.balteatus","Leontodon.hispidus"
"3","Eristalis.interrupta","Leontodon.hispidus"
"3","Eristalis.pertinax","Leontodon.hispidus"
"3","Eristalis.tenax","Leontodon.hispidus"
"3","Eupeodes.corollae","Leontodon.hispidus"
"3","Halictus.tumulorum","Leontodon.hispidus"
"3","Helophilus.trivittatus","Leontodon.hispidus"
"3","Hylaeus.brevicornis","Leontodon.hispidus"
"3","Hylaeus.gredleri","Leontodon.hispidus"
"3","Lasioglossum.calceatum","Leontodon.hispidus"
"3","Lasioglossum.leucopus","Leontodon.hispidus"
"3","Lasioglossum.pauxillum","Leontodon.hispidus"
"3","Lasioglossum.villosulum","Leontodon.hispidus"
"3","Megachile.versicolor","Leontodon.hispidus"
"3","Melanostoma.spec","Leontodon.hispidus"
"3","Melitta.leporina","Leontodon.hispidus"
"3","Myathropa.florea","Leontodon.hispidus"
"3","Nomada.flavoguttata","Leontodon.hispidus"
"3","Osmia.bicolor","Leontodon.hispidus"
"3","Osmia.rufa","Leontodon.hispidus"
"3","Paragus.spec","Leontodon.hispidus"
"3","Scaeva.pyrastri","Leontodon.hispidus"
"3","Sphaerophoria.spec","Leontodon.hispidus"
"3","Syrphus.ribesii","Leontodon.hispidus"
"3","Syrphus.torvus","Leontodon.hispidus"
"3","Syrphus.vitripennis","Leontodon.hispidus"
"3","Volucella.bombylans","Leontodon.hispidus"
"3","Andrena.minutula","Leucanthemum.vulgare"
"3","Andrena.minutuloides","Leucanthemum.vulgare"
"3","Andrena.nigroaenea","Leucanthemum.vulgare"
"3","Andrena.subopaca","Leucanthemum.vulgare"
"3","Anthophora.plumipes","Leucanthemum.vulgare"
"3","Bombus.hypnorum","Leucanthemum.vulgare"
"3","Bombus.lapidarius","Leucanthemum.vulgare"
"3","Bombus.pascuorum","Leucanthemum.vulgare"
"3","Bombus.terrestris.agg","Leucanthemum.vulgare"
"3","Cheilosia.ranunculi/albitarsis","Leucanthemum.vulgare"
"3","Chrysotoxum.bicinctum","Leucanthemum.vulgare"
"3","Didea.intermedia","Leucanthemum.vulgare"
"3","Episyrphus.balteatus","Leucanthemum.vulgare"
"3","Eristalis.interrupta","Leucanthemum.vulgare"
"3","Eristalis.pertinax","Leucanthemum.vulgare"
"3","Eristalis.tenax","Leucanthemum.vulgare"
"3","Eupeodes.corollae","Leucanthemum.vulgare"
"3","Halictus.tumulorum","Leucanthemum.vulgare"
"3","Helophilus.trivittatus","Leucanthemum.vulgare"
"3","Hylaeus.brevicornis","Leucanthemum.vulgare"
"3","Hylaeus.gredleri","Leucanthemum.vulgare"
"3","Lasioglossum.calceatum","Leucanthemum.vulgare"
"3","Lasioglossum.leucopus","Leucanthemum.vulgare"
"3","Lasioglossum.pauxillum","Leucanthemum.vulgare"
"3","Lasioglossum.villosulum","Leucanthemum.vulgare"
"3","Megachile.versicolor","Leucanthemum.vulgare"
"3","Melanostoma.spec","Leucanthemum.vulgare"
"3","Melitta.leporina","Leucanthemum.vulgare"
"3","Myathropa.florea","Leucanthemum.vulgare"
"3","Nomada.flavoguttata","Leucanthemum.vulgare"
"3","Osmia.bicolor","Leucanthemum.vulgare"
"3","Osmia.rufa","Leucanthemum.vulgare"
"3","Paragus.spec","Leucanthemum.vulgare"
"3","Scaeva.pyrastri","Leucanthemum.vulgare"
"3","Sphaerophoria.spec","Leucanthemum.vulgare"
"3","Syrphus.ribesii","Leucanthemum.vulgare"
"3","Syrphus.torvus","Leucanthemum.vulgare"
"3","Syrphus.vitripennis","Leucanthemum.vulgare"
"3","Volucella.bombylans","Leucanthemum.vulgare"
"3","Andrena.minutula","Lotus.corniculatus"
"3","Andrena.minutuloides","Lotus.corniculatus"
"3","Andrena.nigroaenea","Lotus.corniculatus"
"3","Andrena.subopaca","Lotus.corniculatus"
"3","Anthophora.plumipes","Lotus.corniculatus"
"3","Bombus.hypnorum","Lotus.corniculatus"
"3","Bombus.lapidarius","Lotus.corniculatus"
"3","Bombus.pascuorum","Lotus.corniculatus"
"3","Bombus.terrestris.agg","Lotus.corniculatus"
"3","Cheilosia.ranunculi/albitarsis","Lotus.corniculatus"
"3","Chrysotoxum.bicinctum","Lotus.corniculatus"
"3","Didea.intermedia","Lotus.corniculatus"
"3","Episyrphus.balteatus","Lotus.corniculatus"
"3","Eristalis.interrupta","Lotus.corniculatus"
"3","Eristalis.pertinax","Lotus.corniculatus"
"3","Eristalis.tenax","Lotus.corniculatus"
"3","Eupeodes.corollae","Lotus.corniculatus"
"3","Halictus.tumulorum","Lotus.corniculatus"
"3","Helophilus.trivittatus","Lotus.corniculatus"
"3","Hylaeus.brevicornis","Lotus.corniculatus"
"3","Hylaeus.gredleri","Lotus.corniculatus"
"3","Lasioglossum.calceatum","Lotus.corniculatus"
"3","Lasioglossum.leucopus","Lotus.corniculatus"
"3","Lasioglossum.pauxillum","Lotus.corniculatus"
"3","Lasioglossum.villosulum","Lotus.corniculatus"
"3","Megachile.versicolor","Lotus.corniculatus"
"3","Melanostoma.spec","Lotus.corniculatus"
"3","Melitta.leporina","Lotus.corniculatus"
"3","Myathropa.florea","Lotus.corniculatus"
"3","Nomada.flavoguttata","Lotus.corniculatus"
"3","Osmia.bicolor","Lotus.corniculatus"
"3","Osmia.rufa","Lotus.corniculatus"
"3","Paragus.spec","Lotus.corniculatus"
"3","Scaeva.pyrastri","Lotus.corniculatus"
"3","Sphaerophoria.spec","Lotus.corniculatus"
"3","Syrphus.ribesii","Lotus.corniculatus"
"3","Syrphus.torvus","Lotus.corniculatus"
"3","Syrphus.vitripennis","Lotus.corniculatus"
"3","Volucella.bombylans","Lotus.corniculatus"
"3","Andrena.minutula","Medicago.falcata"
"3","Andrena.minutuloides","Medicago.falcata"
"3","Andrena.nigroaenea","Medicago.falcata"
"3","Andrena.subopaca","Medicago.falcata"
"3","Anthophora.plumipes","Medicago.falcata"
"3","Bombus.hypnorum","Medicago.falcata"
"3","Bombus.lapidarius","Medicago.falcata"
"3","Bombus.pascuorum","Medicago.falcata"
"3","Bombus.terrestris.agg","Medicago.falcata"
"3","Cheilosia.ranunculi/albitarsis","Medicago.falcata"
"3","Chrysotoxum.bicinctum","Medicago.falcata"
"3","Didea.intermedia","Medicago.falcata"
"3","Episyrphus.balteatus","Medicago.falcata"
"3","Eristalis.interrupta","Medicago.falcata"
"3","Eristalis.pertinax","Medicago.falcata"
"3","Eristalis.tenax","Medicago.falcata"
"3","Eupeodes.corollae","Medicago.falcata"
"3","Halictus.tumulorum","Medicago.falcata"
"3","Helophilus.trivittatus","Medicago.falcata"
"3","Hylaeus.brevicornis","Medicago.falcata"
"3","Hylaeus.gredleri","Medicago.falcata"
"3","Lasioglossum.calceatum","Medicago.falcata"
"3","Lasioglossum.leucopus","Medicago.falcata"
"3","Lasioglossum.pauxillum","Medicago.falcata"
"3","Lasioglossum.villosulum","Medicago.falcata"
"3","Megachile.versicolor","Medicago.falcata"
"3","Melanostoma.spec","Medicago.falcata"
"3","Melitta.leporina","Medicago.falcata"
"3","Myathropa.florea","Medicago.falcata"
"3","Nomada.flavoguttata","Medicago.falcata"
"3","Osmia.bicolor","Medicago.falcata"
"3","Osmia.rufa","Medicago.falcata"
"3","Paragus.spec","Medicago.falcata"
"3","Scaeva.pyrastri","Medicago.falcata"
"3","Sphaerophoria.spec","Medicago.falcata"
"3","Syrphus.ribesii","Medicago.falcata"
"3","Syrphus.torvus","Medicago.falcata"
"3","Syrphus.vitripennis","Medicago.falcata"
"3","Volucella.bombylans","Medicago.falcata"
"3","Andrena.minutula","Orchis.mascula"
"3","Andrena.minutuloides","Orchis.mascula"
"3","Andrena.nigroaenea","Orchis.mascula"
"3","Andrena.subopaca","Orchis.mascula"
"3","Anthophora.plumipes","Orchis.mascula"
"3","Bombus.hypnorum","Orchis.mascula"
"3","Bombus.lapidarius","Orchis.mascula"
"3","Bombus.pascuorum","Orchis.mascula"
"3","Bombus.terrestris.agg","Orchis.mascula"
"3","Cheilosia.ranunculi/albitarsis","Orchis.mascula"
"3","Chrysotoxum.bicinctum","Orchis.mascula"
"3","Didea.intermedia","Orchis.mascula"
"3","Episyrphus.balteatus","Orchis.mascula"
"3","Eristalis.interrupta","Orchis.mascula"
"3","Eristalis.pertinax","Orchis.mascula"
"3","Eristalis.tenax","Orchis.mascula"
"3","Eupeodes.corollae","Orchis.mascula"
"3","Halictus.tumulorum","Orchis.mascula"
"3","Helophilus.trivittatus","Orchis.mascula"
"3","Hylaeus.brevicornis","Orchis.mascula"
"3","Hylaeus.gredleri","Orchis.mascula"
"3","Lasioglossum.calceatum","Orchis.mascula"
"3","Lasioglossum.leucopus","Orchis.mascula"
"3","Lasioglossum.pauxillum","Orchis.mascula"
"3","Lasioglossum.villosulum","Orchis.mascula"
"3","Megachile.versicolor","Orchis.mascula"
"3","Melanostoma.spec","Orchis.mascula"
"3","Melitta.leporina","Orchis.mascula"
"3","Myathropa.florea","Orchis.mascula"
"3","Nomada.flavoguttata","Orchis.mascula"
"3","Osmia.bicolor","Orchis.mascula"
"3","Osmia.rufa","Orchis.mascula"
"3","Paragus.spec","Orchis.mascula"
"3","Scaeva.pyrastri","Orchis.mascula"
"3","Sphaerophoria.spec","Orchis.mascula"
"3","Syrphus.ribesii","Orchis.mascula"
"3","Syrphus.torvus","Orchis.mascula"
"3","Syrphus.vitripennis","Orchis.mascula"
"3","Volucella.bombylans","Orchis.mascula"
"3","Andrena.minutula","Pastinaca.sativa"
"3","Andrena.minutuloides","Pastinaca.sativa"
"3","Andrena.nigroaenea","Pastinaca.sativa"
"3","Andrena.subopaca","Pastinaca.sativa"
"3","Anthophora.plumipes","Pastinaca.sativa"
"3","Bombus.hypnorum","Pastinaca.sativa"
"3","Bombus.lapidarius","Pastinaca.sativa"
"3","Bombus.pascuorum","Pastinaca.sativa"
"3","Bombus.terrestris.agg","Pastinaca.sativa"
"3","Cheilosia.ranunculi/albitarsis","Pastinaca.sativa"
"3","Chrysotoxum.bicinctum","Pastinaca.sativa"
"3","Didea.intermedia","Pastinaca.sativa"
"3","Episyrphus.balteatus","Pastinaca.sativa"
"3","Eristalis.interrupta","Pastinaca.sativa"
"3","Eristalis.pertinax","Pastinaca.sativa"
"3","Eristalis.tenax","Pastinaca.sativa"
"3","Eupeodes.corollae","Pastinaca.sativa"
"3","Halictus.tumulorum","Pastinaca.sativa"
"3","Helophilus.trivittatus","Pastinaca.sativa"
"3","Hylaeus.brevicornis","Pastinaca.sativa"
"3","Hylaeus.gredleri","Pastinaca.sativa"
"3","Lasioglossum.calceatum","Pastinaca.sativa"
"3","Lasioglossum.leucopus","Pastinaca.sativa"
"3","Lasioglossum.pauxillum","Pastinaca.sativa"
"3","Lasioglossum.villosulum","Pastinaca.sativa"
"3","Megachile.versicolor","Pastinaca.sativa"
"3","Melanostoma.spec","Pastinaca.sativa"
"3","Melitta.leporina","Pastinaca.sativa"
"3","Myathropa.florea","Pastinaca.sativa"
"3","Nomada.flavoguttata","Pastinaca.sativa"
"3","Osmia.bicolor","Pastinaca.sativa"
"3","Osmia.rufa","Pastinaca.sativa"
"3","Paragus.spec","Pastinaca.sativa"
"3","Scaeva.pyrastri","Pastinaca.sativa"
"3","Sphaerophoria.spec","Pastinaca.sativa"
"3","Syrphus.ribesii","Pastinaca.sativa"
"3","Syrphus.torvus","Pastinaca.sativa"
"3","Syrphus.vitripennis","Pastinaca.sativa"
"3","Volucella.bombylans","Pastinaca.sativa"
"3","Andrena.minutula","Pimpinella.saxifraga"
"3","Andrena.minutuloides","Pimpinella.saxifraga"
"3","Andrena.nigroaenea","Pimpinella.saxifraga"
"3","Andrena.subopaca","Pimpinella.saxifraga"
"3","Anthophora.plumipes","Pimpinella.saxifraga"
"3","Bombus.hypnorum","Pimpinella.saxifraga"
"3","Bombus.lapidarius","Pimpinella.saxifraga"
"3","Bombus.pascuorum","Pimpinella.saxifraga"
"3","Bombus.terrestris.agg","Pimpinella.saxifraga"
"3","Cheilosia.ranunculi/albitarsis","Pimpinella.saxifraga"
"3","Chrysotoxum.bicinctum","Pimpinella.saxifraga"
"3","Didea.intermedia","Pimpinella.saxifraga"
"3","Episyrphus.balteatus","Pimpinella.saxifraga"
"3","Eristalis.interrupta","Pimpinella.saxifraga"
"3","Eristalis.pertinax","Pimpinella.saxifraga"
"3","Eristalis.tenax","Pimpinella.saxifraga"
"3","Eupeodes.corollae","Pimpinella.saxifraga"
"3","Halictus.tumulorum","Pimpinella.saxifraga"
"3","Helophilus.trivittatus","Pimpinella.saxifraga"
"3","Hylaeus.brevicornis","Pimpinella.saxifraga"
"3","Hylaeus.gredleri","Pimpinella.saxifraga"
"3","Lasioglossum.calceatum","Pimpinella.saxifraga"
"3","Lasioglossum.leucopus","Pimpinella.saxifraga"
"3","Lasioglossum.pauxillum","Pimpinella.saxifraga"
"3","Lasioglossum.villosulum","Pimpinella.saxifraga"
"3","Megachile.versicolor","Pimpinella.saxifraga"
"3","Melanostoma.spec","Pimpinella.saxifraga"
"3","Melitta.leporina","Pimpinella.saxifraga"
"3","Myathropa.florea","Pimpinella.saxifraga"
"3","Nomada.flavoguttata","Pimpinella.saxifraga"
"3","Osmia.bicolor","Pimpinella.saxifraga"
"3","Osmia.rufa","Pimpinella.saxifraga"
"3","Paragus.spec","Pimpinella.saxifraga"
"3","Scaeva.pyrastri","Pimpinella.saxifraga"
"3","Sphaerophoria.spec","Pimpinella.saxifraga"
"3","Syrphus.ribesii","Pimpinella.saxifraga"
"3","Syrphus.torvus","Pimpinella.saxifraga"
"3","Syrphus.vitripennis","Pimpinella.saxifraga"
"3","Volucella.bombylans","Pimpinella.saxifraga"
"3","Andrena.minutula","Plantago.media"
"3","Andrena.minutuloides","Plantago.media"
"3","Andrena.nigroaenea","Plantago.media"
"3","Andrena.subopaca","Plantago.media"
"3","Anthophora.plumipes","Plantago.media"
"3","Bombus.hypnorum","Plantago.media"
"3","Bombus.lapidarius","Plantago.media"
"3","Bombus.pascuorum","Plantago.media"
"3","Bombus.terrestris.agg","Plantago.media"
"3","Cheilosia.ranunculi/albitarsis","Plantago.media"
"3","Chrysotoxum.bicinctum","Plantago.media"
"3","Didea.intermedia","Plantago.media"
"3","Episyrphus.balteatus","Plantago.media"
"3","Eristalis.interrupta","Plantago.media"
"3","Eristalis.pertinax","Plantago.media"
"3","Eristalis.tenax","Plantago.media"
"3","Eupeodes.corollae","Plantago.media"
"3","Halictus.tumulorum","Plantago.media"
"3","Helophilus.trivittatus","Plantago.media"
"3","Hylaeus.brevicornis","Plantago.media"
"3","Hylaeus.gredleri","Plantago.media"
"3","Lasioglossum.calceatum","Plantago.media"
"3","Lasioglossum.leucopus","Plantago.media"
"3","Lasioglossum.pauxillum","Plantago.media"
"3","Lasioglossum.villosulum","Plantago.media"
"3","Megachile.versicolor","Plantago.media"
"3","Melanostoma.spec","Plantago.media"
"3","Melitta.leporina","Plantago.media"
"3","Myathropa.florea","Plantago.media"
"3","Nomada.flavoguttata","Plantago.media"
"3","Osmia.bicolor","Plantago.media"
"3","Osmia.rufa","Plantago.media"
"3","Paragus.spec","Plantago.media"
"3","Scaeva.pyrastri","Plantago.media"
"3","Sphaerophoria.spec","Plantago.media"
"3","Syrphus.ribesii","Plantago.media"
"3","Syrphus.torvus","Plantago.media"
"3","Syrphus.vitripennis","Plantago.media"
"3","Volucella.bombylans","Plantago.media"
"3","Andrena.minutula","Potentilla.reptans"
"3","Andrena.minutuloides","Potentilla.reptans"
"3","Andrena.nigroaenea","Potentilla.reptans"
"3","Andrena.subopaca","Potentilla.reptans"
"3","Anthophora.plumipes","Potentilla.reptans"
"3","Bombus.hypnorum","Potentilla.reptans"
"3","Bombus.lapidarius","Potentilla.reptans"
"3","Bombus.pascuorum","Potentilla.reptans"
"3","Bombus.terrestris.agg","Potentilla.reptans"
"3","Cheilosia.ranunculi/albitarsis","Potentilla.reptans"
"3","Chrysotoxum.bicinctum","Potentilla.reptans"
"3","Didea.intermedia","Potentilla.reptans"
"3","Episyrphus.balteatus","Potentilla.reptans"
"3","Eristalis.interrupta","Potentilla.reptans"
"3","Eristalis.pertinax","Potentilla.reptans"
"3","Eristalis.tenax","Potentilla.reptans"
"3","Eupeodes.corollae","Potentilla.reptans"
"3","Halictus.tumulorum","Potentilla.reptans"
"3","Helophilus.trivittatus","Potentilla.reptans"
"3","Hylaeus.brevicornis","Potentilla.reptans"
"3","Hylaeus.gredleri","Potentilla.reptans"
"3","Lasioglossum.calceatum","Potentilla.reptans"
"3","Lasioglossum.leucopus","Potentilla.reptans"
"3","Lasioglossum.pauxillum","Potentilla.reptans"
"3","Lasioglossum.villosulum","Potentilla.reptans"
"3","Megachile.versicolor","Potentilla.reptans"
"3","Melanostoma.spec","Potentilla.reptans"
"3","Melitta.leporina","Potentilla.reptans"
"3","Myathropa.florea","Potentilla.reptans"
"3","Nomada.flavoguttata","Potentilla.reptans"
"3","Osmia.bicolor","Potentilla.reptans"
"3","Osmia.rufa","Potentilla.reptans"
"3","Paragus.spec","Potentilla.reptans"
"3","Scaeva.pyrastri","Potentilla.reptans"
"3","Sphaerophoria.spec","Potentilla.reptans"
"3","Syrphus.ribesii","Potentilla.reptans"
"3","Syrphus.torvus","Potentilla.reptans"
"3","Syrphus.vitripennis","Potentilla.reptans"
"3","Volucella.bombylans","Potentilla.reptans"
"3","Andrena.minutula","Primula.veris"
"3","Andrena.minutuloides","Primula.veris"
"3","Andrena.nigroaenea","Primula.veris"
"3","Andrena.subopaca","Primula.veris"
"3","Anthophora.plumipes","Primula.veris"
"3","Bombus.hypnorum","Primula.veris"
"3","Bombus.lapidarius","Primula.veris"
"3","Bombus.pascuorum","Primula.veris"
"3","Bombus.terrestris.agg","Primula.veris"
"3","Cheilosia.ranunculi/albitarsis","Primula.veris"
"3","Chrysotoxum.bicinctum","Primula.veris"
"3","Didea.intermedia","Primula.veris"
"3","Episyrphus.balteatus","Primula.veris"
"3","Eristalis.interrupta","Primula.veris"
"3","Eristalis.pertinax","Primula.veris"
"3","Eristalis.tenax","Primula.veris"
"3","Eupeodes.corollae","Primula.veris"
"3","Halictus.tumulorum","Primula.veris"
"3","Helophilus.trivittatus","Primula.veris"
"3","Hylaeus.brevicornis","Primula.veris"
"3","Hylaeus.gredleri","Primula.veris"
"3","Lasioglossum.calceatum","Primula.veris"
"3","Lasioglossum.leucopus","Primula.veris"
"3","Lasioglossum.pauxillum","Primula.veris"
"3","Lasioglossum.villosulum","Primula.veris"
"3","Megachile.versicolor","Primula.veris"
"3","Melanostoma.spec","Primula.veris"
"3","Melitta.leporina","Primula.veris"
"3","Myathropa.florea","Primula.veris"
"3","Nomada.flavoguttata","Primula.veris"
"3","Osmia.bicolor","Primula.veris"
"3","Osmia.rufa","Primula.veris"
"3","Paragus.spec","Primula.veris"
"3","Scaeva.pyrastri","Primula.veris"
"3","Sphaerophoria.spec","Primula.veris"
"3","Syrphus.ribesii","Primula.veris"
"3","Syrphus.torvus","Primula.veris"
"3","Syrphus.vitripennis","Primula.veris"
"3","Volucella.bombylans","Primula.veris"
"3","Andrena.minutula","Prunella.vulgaris"
"3","Andrena.minutuloides","Prunella.vulgaris"
"3","Andrena.nigroaenea","Prunella.vulgaris"
"3","Andrena.subopaca","Prunella.vulgaris"
"3","Anthophora.plumipes","Prunella.vulgaris"
"3","Bombus.hypnorum","Prunella.vulgaris"
"3","Bombus.lapidarius","Prunella.vulgaris"
"3","Bombus.pascuorum","Prunella.vulgaris"
"3","Bombus.terrestris.agg","Prunella.vulgaris"
"3","Cheilosia.ranunculi/albitarsis","Prunella.vulgaris"
"3","Chrysotoxum.bicinctum","Prunella.vulgaris"
"3","Didea.intermedia","Prunella.vulgaris"
"3","Episyrphus.balteatus","Prunella.vulgaris"
"3","Eristalis.interrupta","Prunella.vulgaris"
"3","Eristalis.pertinax","Prunella.vulgaris"
"3","Eristalis.tenax","Prunella.vulgaris"
"3","Eupeodes.corollae","Prunella.vulgaris"
"3","Halictus.tumulorum","Prunella.vulgaris"
"3","Helophilus.trivittatus","Prunella.vulgaris"
"3","Hylaeus.brevicornis","Prunella.vulgaris"
"3","Hylaeus.gredleri","Prunella.vulgaris"
"3","Lasioglossum.calceatum","Prunella.vulgaris"
"3","Lasioglossum.leucopus","Prunella.vulgaris"
"3","Lasioglossum.pauxillum","Prunella.vulgaris"
"3","Lasioglossum.villosulum","Prunella.vulgaris"
"3","Megachile.versicolor","Prunella.vulgaris"
"3","Melanostoma.spec","Prunella.vulgaris"
"3","Melitta.leporina","Prunella.vulgaris"
"3","Myathropa.florea","Prunella.vulgaris"
"3","Nomada.flavoguttata","Prunella.vulgaris"
"3","Osmia.bicolor","Prunella.vulgaris"
"3","Osmia.rufa","Prunella.vulgaris"
"3","Paragus.spec","Prunella.vulgaris"
"3","Scaeva.pyrastri","Prunella.vulgaris"
"3","Sphaerophoria.spec","Prunella.vulgaris"
"3","Syrphus.ribesii","Prunella.vulgaris"
"3","Syrphus.torvus","Prunella.vulgaris"
"3","Syrphus.vitripennis","Prunella.vulgaris"
"3","Volucella.bombylans","Prunella.vulgaris"
"3","Andrena.minutula","Ranunculus.bulbosus"
"3","Andrena.minutuloides","Ranunculus.bulbosus"
"3","Andrena.nigroaenea","Ranunculus.bulbosus"
"3","Andrena.subopaca","Ranunculus.bulbosus"
"3","Anthophora.plumipes","Ranunculus.bulbosus"
"3","Bombus.hypnorum","Ranunculus.bulbosus"
"3","Bombus.lapidarius","Ranunculus.bulbosus"
"3","Bombus.pascuorum","Ranunculus.bulbosus"
"3","Bombus.terrestris.agg","Ranunculus.bulbosus"
"3","Cheilosia.ranunculi/albitarsis","Ranunculus.bulbosus"
"3","Chrysotoxum.bicinctum","Ranunculus.bulbosus"
"3","Didea.intermedia","Ranunculus.bulbosus"
"3","Episyrphus.balteatus","Ranunculus.bulbosus"
"3","Eristalis.interrupta","Ranunculus.bulbosus"
"3","Eristalis.pertinax","Ranunculus.bulbosus"
"3","Eristalis.tenax","Ranunculus.bulbosus"
"3","Eupeodes.corollae","Ranunculus.bulbosus"
"3","Halictus.tumulorum","Ranunculus.bulbosus"
"3","Helophilus.trivittatus","Ranunculus.bulbosus"
"3","Hylaeus.brevicornis","Ranunculus.bulbosus"
"3","Hylaeus.gredleri","Ranunculus.bulbosus"
"3","Lasioglossum.calceatum","Ranunculus.bulbosus"
"3","Lasioglossum.leucopus","Ranunculus.bulbosus"
"3","Lasioglossum.pauxillum","Ranunculus.bulbosus"
"3","Lasioglossum.villosulum","Ranunculus.bulbosus"
"3","Megachile.versicolor","Ranunculus.bulbosus"
"3","Melanostoma.spec","Ranunculus.bulbosus"
"3","Melitta.leporina","Ranunculus.bulbosus"
"3","Myathropa.florea","Ranunculus.bulbosus"
"3","Nomada.flavoguttata","Ranunculus.bulbosus"
"3","Osmia.bicolor","Ranunculus.bulbosus"
"3","Osmia.rufa","Ranunculus.bulbosus"
"3","Paragus.spec","Ranunculus.bulbosus"
"3","Scaeva.pyrastri","Ranunculus.bulbosus"
"3","Sphaerophoria.spec","Ranunculus.bulbosus"
"3","Syrphus.ribesii","Ranunculus.bulbosus"
"3","Syrphus.torvus","Ranunculus.bulbosus"
"3","Syrphus.vitripennis","Ranunculus.bulbosus"
"3","Volucella.bombylans","Ranunculus.bulbosus"
"3","Andrena.minutula","Rosa.NA"
"3","Andrena.minutuloides","Rosa.NA"
"3","Andrena.nigroaenea","Rosa.NA"
"3","Andrena.subopaca","Rosa.NA"
"3","Anthophora.plumipes","Rosa.NA"
"3","Bombus.hypnorum","Rosa.NA"
"3","Bombus.lapidarius","Rosa.NA"
"3","Bombus.pascuorum","Rosa.NA"
"3","Bombus.terrestris.agg","Rosa.NA"
"3","Cheilosia.ranunculi/albitarsis","Rosa.NA"
"3","Chrysotoxum.bicinctum","Rosa.NA"
"3","Didea.intermedia","Rosa.NA"
"3","Episyrphus.balteatus","Rosa.NA"
"3","Eristalis.interrupta","Rosa.NA"
"3","Eristalis.pertinax","Rosa.NA"
"3","Eristalis.tenax","Rosa.NA"
"3","Eupeodes.corollae","Rosa.NA"
"3","Halictus.tumulorum","Rosa.NA"
"3","Helophilus.trivittatus","Rosa.NA"
"3","Hylaeus.brevicornis","Rosa.NA"
"3","Hylaeus.gredleri","Rosa.NA"
"3","Lasioglossum.calceatum","Rosa.NA"
"3","Lasioglossum.leucopus","Rosa.NA"
"3","Lasioglossum.pauxillum","Rosa.NA"
"3","Lasioglossum.villosulum","Rosa.NA"
"3","Megachile.versicolor","Rosa.NA"
"3","Melanostoma.spec","Rosa.NA"
"3","Melitta.leporina","Rosa.NA"
"3","Myathropa.florea","Rosa.NA"
"3","Nomada.flavoguttata","Rosa.NA"
"3","Osmia.bicolor","Rosa.NA"
"3","Osmia.rufa","Rosa.NA"
"3","Paragus.spec","Rosa.NA"
"3","Scaeva.pyrastri","Rosa.NA"
"3","Sphaerophoria.spec","Rosa.NA"
"3","Syrphus.ribesii","Rosa.NA"
"3","Syrphus.torvus","Rosa.NA"
"3","Syrphus.vitripennis","Rosa.NA"
"3","Volucella.bombylans","Rosa.NA"
"3","Andrena.minutula","Senecio.jacobaea"
"3","Andrena.minutuloides","Senecio.jacobaea"
"3","Andrena.nigroaenea","Senecio.jacobaea"
"3","Andrena.subopaca","Senecio.jacobaea"
"3","Anthophora.plumipes","Senecio.jacobaea"
"3","Bombus.hypnorum","Senecio.jacobaea"
"3","Bombus.lapidarius","Senecio.jacobaea"
"3","Bombus.pascuorum","Senecio.jacobaea"
"3","Bombus.terrestris.agg","Senecio.jacobaea"
"3","Cheilosia.ranunculi/albitarsis","Senecio.jacobaea"
"3","Chrysotoxum.bicinctum","Senecio.jacobaea"
"3","Didea.intermedia","Senecio.jacobaea"
"3","Episyrphus.balteatus","Senecio.jacobaea"
"3","Eristalis.interrupta","Senecio.jacobaea"
"3","Eristalis.pertinax","Senecio.jacobaea"
"3","Eristalis.tenax","Senecio.jacobaea"
"3","Eupeodes.corollae","Senecio.jacobaea"
"3","Halictus.tumulorum","Senecio.jacobaea"
"3","Helophilus.trivittatus","Senecio.jacobaea"
"3","Hylaeus.brevicornis","Senecio.jacobaea"
"3","Hylaeus.gredleri","Senecio.jacobaea"
"3","Lasioglossum.calceatum","Senecio.jacobaea"
"3","Lasioglossum.leucopus","Senecio.jacobaea"
"3","Lasioglossum.pauxillum","Senecio.jacobaea"
"3","Lasioglossum.villosulum","Senecio.jacobaea"
"3","Megachile.versicolor","Senecio.jacobaea"
"3","Melanostoma.spec","Senecio.jacobaea"
"3","Melitta.leporina","Senecio.jacobaea"
"3","Myathropa.florea","Senecio.jacobaea"
"3","Nomada.flavoguttata","Senecio.jacobaea"
"3","Osmia.bicolor","Senecio.jacobaea"
"3","Osmia.rufa","Senecio.jacobaea"
"3","Paragus.spec","Senecio.jacobaea"
"3","Scaeva.pyrastri","Senecio.jacobaea"
"3","Sphaerophoria.spec","Senecio.jacobaea"
"3","Syrphus.ribesii","Senecio.jacobaea"
"3","Syrphus.torvus","Senecio.jacobaea"
"3","Syrphus.vitripennis","Senecio.jacobaea"
"3","Volucella.bombylans","Senecio.jacobaea"
"3","Andrena.minutula","Taraxacum.officinale"
"3","Andrena.minutuloides","Taraxacum.officinale"
"3","Andrena.nigroaenea","Taraxacum.officinale"
"3","Andrena.subopaca","Taraxacum.officinale"
"3","Anthophora.plumipes","Taraxacum.officinale"
"3","Bombus.hypnorum","Taraxacum.officinale"
"3","Bombus.lapidarius","Taraxacum.officinale"
"3","Bombus.pascuorum","Taraxacum.officinale"
"3","Bombus.terrestris.agg","Taraxacum.officinale"
"3","Cheilosia.ranunculi/albitarsis","Taraxacum.officinale"
"3","Chrysotoxum.bicinctum","Taraxacum.officinale"
"3","Didea.intermedia","Taraxacum.officinale"
"3","Episyrphus.balteatus","Taraxacum.officinale"
"3","Eristalis.interrupta","Taraxacum.officinale"
"3","Eristalis.pertinax","Taraxacum.officinale"
"3","Eristalis.tenax","Taraxacum.officinale"
"3","Eupeodes.corollae","Taraxacum.officinale"
"3","Halictus.tumulorum","Taraxacum.officinale"
"3","Helophilus.trivittatus","Taraxacum.officinale"
"3","Hylaeus.brevicornis","Taraxacum.officinale"
"3","Hylaeus.gredleri","Taraxacum.officinale"
"3","Lasioglossum.calceatum","Taraxacum.officinale"
"3","Lasioglossum.leucopus","Taraxacum.officinale"
"3","Lasioglossum.pauxillum","Taraxacum.officinale"
"3","Lasioglossum.villosulum","Taraxacum.officinale"
"3","Megachile.versicolor","Taraxacum.officinale"
"3","Melanostoma.spec","Taraxacum.officinale"
"3","Melitta.leporina","Taraxacum.officinale"
"3","Myathropa.florea","Taraxacum.officinale"
"3","Nomada.flavoguttata","Taraxacum.officinale"
"3","Osmia.bicolor","Taraxacum.officinale"
"3","Osmia.rufa","Taraxacum.officinale"
"3","Paragus.spec","Taraxacum.officinale"
"3","Scaeva.pyrastri","Taraxacum.officinale"
"3","Sphaerophoria.spec","Taraxacum.officinale"
"3","Syrphus.ribesii","Taraxacum.officinale"
"3","Syrphus.torvus","Taraxacum.officinale"
"3","Syrphus.vitripennis","Taraxacum.officinale"
"3","Volucella.bombylans","Taraxacum.officinale"
"3","Andrena.minutula","Thymus.pulegioides"
"3","Andrena.minutuloides","Thymus.pulegioides"
"3","Andrena.nigroaenea","Thymus.pulegioides"
"3","Andrena.subopaca","Thymus.pulegioides"
"3","Anthophora.plumipes","Thymus.pulegioides"
"3","Bombus.hypnorum","Thymus.pulegioides"
"3","Bombus.lapidarius","Thymus.pulegioides"
"3","Bombus.pascuorum","Thymus.pulegioides"
"3","Bombus.terrestris.agg","Thymus.pulegioides"
"3","Cheilosia.ranunculi/albitarsis","Thymus.pulegioides"
"3","Chrysotoxum.bicinctum","Thymus.pulegioides"
"3","Didea.intermedia","Thymus.pulegioides"
"3","Episyrphus.balteatus","Thymus.pulegioides"
"3","Eristalis.interrupta","Thymus.pulegioides"
"3","Eristalis.pertinax","Thymus.pulegioides"
"3","Eristalis.tenax","Thymus.pulegioides"
"3","Eupeodes.corollae","Thymus.pulegioides"
"3","Halictus.tumulorum","Thymus.pulegioides"
"3","Helophilus.trivittatus","Thymus.pulegioides"
"3","Hylaeus.brevicornis","Thymus.pulegioides"
"3","Hylaeus.gredleri","Thymus.pulegioides"
"3","Lasioglossum.calceatum","Thymus.pulegioides"
"3","Lasioglossum.leucopus","Thymus.pulegioides"
"3","Lasioglossum.pauxillum","Thymus.pulegioides"
"3","Lasioglossum.villosulum","Thymus.pulegioides"
"3","Megachile.versicolor","Thymus.pulegioides"
"3","Melanostoma.spec","Thymus.pulegioides"
"3","Melitta.leporina","Thymus.pulegioides"
"3","Myathropa.florea","Thymus.pulegioides"
"3","Nomada.flavoguttata","Thymus.pulegioides"
"3","Osmia.bicolor","Thymus.pulegioides"
"3","Osmia.rufa","Thymus.pulegioides"
"3","Paragus.spec","Thymus.pulegioides"
"3","Scaeva.pyrastri","Thymus.pulegioides"
"3","Sphaerophoria.spec","Thymus.pulegioides"
"3","Syrphus.ribesii","Thymus.pulegioides"
"3","Syrphus.torvus","Thymus.pulegioides"
"3","Syrphus.vitripennis","Thymus.pulegioides"
"3","Volucella.bombylans","Thymus.pulegioides"
"3","Andrena.minutula","Trifolium.pratense"
"3","Andrena.minutuloides","Trifolium.pratense"
"3","Andrena.nigroaenea","Trifolium.pratense"
"3","Andrena.subopaca","Trifolium.pratense"
"3","Anthophora.plumipes","Trifolium.pratense"
"3","Bombus.hypnorum","Trifolium.pratense"
"3","Bombus.lapidarius","Trifolium.pratense"
"3","Bombus.pascuorum","Trifolium.pratense"
"3","Bombus.terrestris.agg","Trifolium.pratense"
"3","Cheilosia.ranunculi/albitarsis","Trifolium.pratense"
"3","Chrysotoxum.bicinctum","Trifolium.pratense"
"3","Didea.intermedia","Trifolium.pratense"
"3","Episyrphus.balteatus","Trifolium.pratense"
"3","Eristalis.interrupta","Trifolium.pratense"
"3","Eristalis.pertinax","Trifolium.pratense"
"3","Eristalis.tenax","Trifolium.pratense"
"3","Eupeodes.corollae","Trifolium.pratense"
"3","Halictus.tumulorum","Trifolium.pratense"
"3","Helophilus.trivittatus","Trifolium.pratense"
"3","Hylaeus.brevicornis","Trifolium.pratense"
"3","Hylaeus.gredleri","Trifolium.pratense"
"3","Lasioglossum.calceatum","Trifolium.pratense"
"3","Lasioglossum.leucopus","Trifolium.pratense"
"3","Lasioglossum.pauxillum","Trifolium.pratense"
"3","Lasioglossum.villosulum","Trifolium.pratense"
"3","Megachile.versicolor","Trifolium.pratense"
"3","Melanostoma.spec","Trifolium.pratense"
"3","Melitta.leporina","Trifolium.pratense"
"3","Myathropa.florea","Trifolium.pratense"
"3","Nomada.flavoguttata","Trifolium.pratense"
"3","Osmia.bicolor","Trifolium.pratense"
"3","Osmia.rufa","Trifolium.pratense"
"3","Paragus.spec","Trifolium.pratense"
"3","Scaeva.pyrastri","Trifolium.pratense"
"3","Sphaerophoria.spec","Trifolium.pratense"
"3","Syrphus.ribesii","Trifolium.pratense"
"3","Syrphus.torvus","Trifolium.pratense"
"3","Syrphus.vitripennis","Trifolium.pratense"
"3","Volucella.bombylans","Trifolium.pratense"
"3","Andrena.minutula","Trifolium.repens"
"3","Andrena.minutuloides","Trifolium.repens"
"3","Andrena.nigroaenea","Trifolium.repens"
"3","Andrena.subopaca","Trifolium.repens"
"3","Anthophora.plumipes","Trifolium.repens"
"3","Bombus.hypnorum","Trifolium.repens"
"3","Bombus.lapidarius","Trifolium.repens"
"3","Bombus.pascuorum","Trifolium.repens"
"3","Bombus.terrestris.agg","Trifolium.repens"
"3","Cheilosia.ranunculi/albitarsis","Trifolium.repens"
"3","Chrysotoxum.bicinctum","Trifolium.repens"
"3","Didea.intermedia","Trifolium.repens"
"3","Episyrphus.balteatus","Trifolium.repens"
"3","Eristalis.interrupta","Trifolium.repens"
"3","Eristalis.pertinax","Trifolium.repens"
"3","Eristalis.tenax","Trifolium.repens"
"3","Eupeodes.corollae","Trifolium.repens"
"3","Halictus.tumulorum","Trifolium.repens"
"3","Helophilus.trivittatus","Trifolium.repens"
"3","Hylaeus.brevicornis","Trifolium.repens"
"3","Hylaeus.gredleri","Trifolium.repens"
"3","Lasioglossum.calceatum","Trifolium.repens"
"3","Lasioglossum.leucopus","Trifolium.repens"
"3","Lasioglossum.pauxillum","Trifolium.repens"
"3","Lasioglossum.villosulum","Trifolium.repens"
"3","Megachile.versicolor","Trifolium.repens"
"3","Melanostoma.spec","Trifolium.repens"
"3","Melitta.leporina","Trifolium.repens"
"3","Myathropa.florea","Trifolium.repens"
"3","Nomada.flavoguttata","Trifolium.repens"
"3","Osmia.bicolor","Trifolium.repens"
"3","Osmia.rufa","Trifolium.repens"
"3","Paragus.spec","Trifolium.repens"
"3","Scaeva.pyrastri","Trifolium.repens"
"3","Sphaerophoria.spec","Trifolium.repens"
"3","Syrphus.ribesii","Trifolium.repens"
"3","Syrphus.torvus","Trifolium.repens"
"3","Syrphus.vitripennis","Trifolium.repens"
"3","Volucella.bombylans","Trifolium.repens"
"4","Andrena.bicolor","Achillea.millefolium"
"4","Andrena.labialis","Achillea.millefolium"
"4","Andrena.minutula","Achillea.millefolium"
"4","Andrena.minutuloides","Achillea.millefolium"
"4","Bombus.lapidarius","Achillea.millefolium"
"4","Bombus.pascuorum","Achillea.millefolium"
"4","Bombus.pratorum","Achillea.millefolium"
"4","Bombus.terrestris.agg","Achillea.millefolium"
"4","Ceratina.cyanea","Achillea.millefolium"
"4","Cheilosia.fraterna","Achillea.millefolium"
"4","Cheilosia.soror","Achillea.millefolium"
"4","Chrysotoxum.bicinctum","Achillea.millefolium"
"4","Episyrphus.balteatus","Achillea.millefolium"
"4","Eristalis.arbustorum","Achillea.millefolium"
"4","Eristalis.interrupta","Achillea.millefolium"
"4","Eristalis.lineata","Achillea.millefolium"
"4","Eristalis.pertinax","Achillea.millefolium"
"4","Eristalis.tenax","Achillea.millefolium"
"4","Eupeodes.corollae","Achillea.millefolium"
"4","Halictus.rubicundus","Achillea.millefolium"
"4","Halictus.tumulorum","Achillea.millefolium"
"4","Helophilus.hybridus","Achillea.millefolium"
"4","Helophilus.pendulus","Achillea.millefolium"
"4","Helophilus.trivittatus","Achillea.millefolium"
"4","Heriades.truncorum","Achillea.millefolium"
"4","Heringia.spec","Achillea.millefolium"
"4","Lasioglossum.calceatum","Achillea.millefolium"
"4","Lasioglossum.fulvicorne","Achillea.millefolium"
"4","Lasioglossum.leucopus","Achillea.millefolium"
"4","Lasioglossum.morio","Achillea.millefolium"
"4","Lasioglossum.pauxillum","Achillea.millefolium"
"4","Lasioglossum.pygmaeum","Achillea.millefolium"
"4","Lasioglossum.villosulum","Achillea.millefolium"
"4","Melitta.haemorrhoidalis","Achillea.millefolium"
"4","Myathropa.florea","Achillea.millefolium"
"4","Nomada.flavoguttata","Achillea.millefolium"
"4","Pipiza.noctiluca/bimaculata","Achillea.millefolium"
"4","Sphaerophoria.spec","Achillea.millefolium"
"4","Sphecodes.crassus","Achillea.millefolium"
"4","Sphecodes.ferruginatus","Achillea.millefolium"
"4","Sphecodes.niger","Achillea.millefolium"
"4","Syritta.pipiens","Achillea.millefolium"
"4","Syrphus.ribesii","Achillea.millefolium"
"4","Syrphus.vitripennis","Achillea.millefolium"
"4","Andrena.bicolor","Bellis.perennis"
"4","Andrena.labialis","Bellis.perennis"
"4","Andrena.minutula","Bellis.perennis"
"4","Andrena.minutuloides","Bellis.perennis"
"4","Bombus.lapidarius","Bellis.perennis"
"4","Bombus.pascuorum","Bellis.perennis"
"4","Bombus.pratorum","Bellis.perennis"
"4","Bombus.terrestris.agg","Bellis.perennis"
"4","Ceratina.cyanea","Bellis.perennis"
"4","Cheilosia.fraterna","Bellis.perennis"
"4","Cheilosia.soror","Bellis.perennis"
"4","Chrysotoxum.bicinctum","Bellis.perennis"
"4","Episyrphus.balteatus","Bellis.perennis"
"4","Eristalis.arbustorum","Bellis.perennis"
"4","Eristalis.interrupta","Bellis.perennis"
"4","Eristalis.lineata","Bellis.perennis"
"4","Eristalis.pertinax","Bellis.perennis"
"4","Eristalis.tenax","Bellis.perennis"
"4","Eupeodes.corollae","Bellis.perennis"
"4","Halictus.rubicundus","Bellis.perennis"
"4","Halictus.tumulorum","Bellis.perennis"
"4","Helophilus.hybridus","Bellis.perennis"
"4","Helophilus.pendulus","Bellis.perennis"
"4","Helophilus.trivittatus","Bellis.perennis"
"4","Heriades.truncorum","Bellis.perennis"
"4","Heringia.spec","Bellis.perennis"
"4","Lasioglossum.calceatum","Bellis.perennis"
"4","Lasioglossum.fulvicorne","Bellis.perennis"
"4","Lasioglossum.leucopus","Bellis.perennis"
"4","Lasioglossum.morio","Bellis.perennis"
"4","Lasioglossum.pauxillum","Bellis.perennis"
"4","Lasioglossum.pygmaeum","Bellis.perennis"
"4","Lasioglossum.villosulum","Bellis.perennis"
"4","Melitta.haemorrhoidalis","Bellis.perennis"
"4","Myathropa.florea","Bellis.perennis"
"4","Nomada.flavoguttata","Bellis.perennis"
"4","Pipiza.noctiluca/bimaculata","Bellis.perennis"
"4","Sphaerophoria.spec","Bellis.perennis"
"4","Sphecodes.crassus","Bellis.perennis"
"4","Sphecodes.ferruginatus","Bellis.perennis"
"4","Sphecodes.niger","Bellis.perennis"
"4","Syritta.pipiens","Bellis.perennis"
"4","Syrphus.ribesii","Bellis.perennis"
"4","Syrphus.vitripennis","Bellis.perennis"
"4","Andrena.bicolor","Campanula.rotundifolia"
"4","Andrena.labialis","Campanula.rotundifolia"
"4","Andrena.minutula","Campanula.rotundifolia"
"4","Andrena.minutuloides","Campanula.rotundifolia"
"4","Bombus.lapidarius","Campanula.rotundifolia"
"4","Bombus.pascuorum","Campanula.rotundifolia"
"4","Bombus.pratorum","Campanula.rotundifolia"
"4","Bombus.terrestris.agg","Campanula.rotundifolia"
"4","Ceratina.cyanea","Campanula.rotundifolia"
"4","Cheilosia.fraterna","Campanula.rotundifolia"
"4","Cheilosia.soror","Campanula.rotundifolia"
"4","Chrysotoxum.bicinctum","Campanula.rotundifolia"
"4","Episyrphus.balteatus","Campanula.rotundifolia"
"4","Eristalis.arbustorum","Campanula.rotundifolia"
"4","Eristalis.interrupta","Campanula.rotundifolia"
"4","Eristalis.lineata","Campanula.rotundifolia"
"4","Eristalis.pertinax","Campanula.rotundifolia"
"4","Eristalis.tenax","Campanula.rotundifolia"
"4","Eupeodes.corollae","Campanula.rotundifolia"
"4","Halictus.rubicundus","Campanula.rotundifolia"
"4","Halictus.tumulorum","Campanula.rotundifolia"
"4","Helophilus.hybridus","Campanula.rotundifolia"
"4","Helophilus.pendulus","Campanula.rotundifolia"
"4","Helophilus.trivittatus","Campanula.rotundifolia"
"4","Heriades.truncorum","Campanula.rotundifolia"
"4","Heringia.spec","Campanula.rotundifolia"
"4","Lasioglossum.calceatum","Campanula.rotundifolia"
"4","Lasioglossum.fulvicorne","Campanula.rotundifolia"
"4","Lasioglossum.leucopus","Campanula.rotundifolia"
"4","Lasioglossum.morio","Campanula.rotundifolia"
"4","Lasioglossum.pauxillum","Campanula.rotundifolia"
"4","Lasioglossum.pygmaeum","Campanula.rotundifolia"
"4","Lasioglossum.villosulum","Campanula.rotundifolia"
"4","Melitta.haemorrhoidalis","Campanula.rotundifolia"
"4","Myathropa.florea","Campanula.rotundifolia"
"4","Nomada.flavoguttata","Campanula.rotundifolia"
"4","Pipiza.noctiluca/bimaculata","Campanula.rotundifolia"
"4","Sphaerophoria.spec","Campanula.rotundifolia"
"4","Sphecodes.crassus","Campanula.rotundifolia"
"4","Sphecodes.ferruginatus","Campanula.rotundifolia"
"4","Sphecodes.niger","Campanula.rotundifolia"
"4","Syritta.pipiens","Campanula.rotundifolia"
"4","Syrphus.ribesii","Campanula.rotundifolia"
"4","Syrphus.vitripennis","Campanula.rotundifolia"
"4","Andrena.bicolor","Centaurea.jacea"
"4","Andrena.labialis","Centaurea.jacea"
"4","Andrena.minutula","Centaurea.jacea"
"4","Andrena.minutuloides","Centaurea.jacea"
"4","Bombus.lapidarius","Centaurea.jacea"
"4","Bombus.pascuorum","Centaurea.jacea"
"4","Bombus.pratorum","Centaurea.jacea"
"4","Bombus.terrestris.agg","Centaurea.jacea"
"4","Ceratina.cyanea","Centaurea.jacea"
"4","Cheilosia.fraterna","Centaurea.jacea"
"4","Cheilosia.soror","Centaurea.jacea"
"4","Chrysotoxum.bicinctum","Centaurea.jacea"
"4","Episyrphus.balteatus","Centaurea.jacea"
"4","Eristalis.arbustorum","Centaurea.jacea"
"4","Eristalis.interrupta","Centaurea.jacea"
"4","Eristalis.lineata","Centaurea.jacea"
"4","Eristalis.pertinax","Centaurea.jacea"
"4","Eristalis.tenax","Centaurea.jacea"
"4","Eupeodes.corollae","Centaurea.jacea"
"4","Halictus.rubicundus","Centaurea.jacea"
"4","Halictus.tumulorum","Centaurea.jacea"
"4","Helophilus.hybridus","Centaurea.jacea"
"4","Helophilus.pendulus","Centaurea.jacea"
"4","Helophilus.trivittatus","Centaurea.jacea"
"4","Heriades.truncorum","Centaurea.jacea"
"4","Heringia.spec","Centaurea.jacea"
"4","Lasioglossum.calceatum","Centaurea.jacea"
"4","Lasioglossum.fulvicorne","Centaurea.jacea"
"4","Lasioglossum.leucopus","Centaurea.jacea"
"4","Lasioglossum.morio","Centaurea.jacea"
"4","Lasioglossum.pauxillum","Centaurea.jacea"
"4","Lasioglossum.pygmaeum","Centaurea.jacea"
"4","Lasioglossum.villosulum","Centaurea.jacea"
"4","Melitta.haemorrhoidalis","Centaurea.jacea"
"4","Myathropa.florea","Centaurea.jacea"
"4","Nomada.flavoguttata","Centaurea.jacea"
"4","Pipiza.noctiluca/bimaculata","Centaurea.jacea"
"4","Sphaerophoria.spec","Centaurea.jacea"
"4","Sphecodes.crassus","Centaurea.jacea"
"4","Sphecodes.ferruginatus","Centaurea.jacea"
"4","Sphecodes.niger","Centaurea.jacea"
"4","Syritta.pipiens","Centaurea.jacea"
"4","Syrphus.ribesii","Centaurea.jacea"
"4","Syrphus.vitripennis","Centaurea.jacea"
"4","Andrena.bicolor","Centaurium.erythraea"
"4","Andrena.labialis","Centaurium.erythraea"
"4","Andrena.minutula","Centaurium.erythraea"
"4","Andrena.minutuloides","Centaurium.erythraea"
"4","Bombus.lapidarius","Centaurium.erythraea"
"4","Bombus.pascuorum","Centaurium.erythraea"
"4","Bombus.pratorum","Centaurium.erythraea"
"4","Bombus.terrestris.agg","Centaurium.erythraea"
"4","Ceratina.cyanea","Centaurium.erythraea"
"4","Cheilosia.fraterna","Centaurium.erythraea"
"4","Cheilosia.soror","Centaurium.erythraea"
"4","Chrysotoxum.bicinctum","Centaurium.erythraea"
"4","Episyrphus.balteatus","Centaurium.erythraea"
"4","Eristalis.arbustorum","Centaurium.erythraea"
"4","Eristalis.interrupta","Centaurium.erythraea"
"4","Eristalis.lineata","Centaurium.erythraea"
"4","Eristalis.pertinax","Centaurium.erythraea"
"4","Eristalis.tenax","Centaurium.erythraea"
"4","Eupeodes.corollae","Centaurium.erythraea"
"4","Halictus.rubicundus","Centaurium.erythraea"
"4","Halictus.tumulorum","Centaurium.erythraea"
"4","Helophilus.hybridus","Centaurium.erythraea"
"4","Helophilus.pendulus","Centaurium.erythraea"
"4","Helophilus.trivittatus","Centaurium.erythraea"
"4","Heriades.truncorum","Centaurium.erythraea"
"4","Heringia.spec","Centaurium.erythraea"
"4","Lasioglossum.calceatum","Centaurium.erythraea"
"4","Lasioglossum.fulvicorne","Centaurium.erythraea"
"4","Lasioglossum.leucopus","Centaurium.erythraea"
"4","Lasioglossum.morio","Centaurium.erythraea"
"4","Lasioglossum.pauxillum","Centaurium.erythraea"
"4","Lasioglossum.pygmaeum","Centaurium.erythraea"
"4","Lasioglossum.villosulum","Centaurium.erythraea"
"4","Melitta.haemorrhoidalis","Centaurium.erythraea"
"4","Myathropa.florea","Centaurium.erythraea"
"4","Nomada.flavoguttata","Centaurium.erythraea"
"4","Pipiza.noctiluca/bimaculata","Centaurium.erythraea"
"4","Sphaerophoria.spec","Centaurium.erythraea"
"4","Sphecodes.crassus","Centaurium.erythraea"
"4","Sphecodes.ferruginatus","Centaurium.erythraea"
"4","Sphecodes.niger","Centaurium.erythraea"
"4","Syritta.pipiens","Centaurium.erythraea"
"4","Syrphus.ribesii","Centaurium.erythraea"
"4","Syrphus.vitripennis","Centaurium.erythraea"
"4","Andrena.bicolor","Cirsium.acaule"
"4","Andrena.labialis","Cirsium.acaule"
"4","Andrena.minutula","Cirsium.acaule"
"4","Andrena.minutuloides","Cirsium.acaule"
"4","Bombus.lapidarius","Cirsium.acaule"
"4","Bombus.pascuorum","Cirsium.acaule"
"4","Bombus.pratorum","Cirsium.acaule"
"4","Bombus.terrestris.agg","Cirsium.acaule"
"4","Ceratina.cyanea","Cirsium.acaule"
"4","Cheilosia.fraterna","Cirsium.acaule"
"4","Cheilosia.soror","Cirsium.acaule"
"4","Chrysotoxum.bicinctum","Cirsium.acaule"
"4","Episyrphus.balteatus","Cirsium.acaule"
"4","Eristalis.arbustorum","Cirsium.acaule"
"4","Eristalis.interrupta","Cirsium.acaule"
"4","Eristalis.lineata","Cirsium.acaule"
"4","Eristalis.pertinax","Cirsium.acaule"
"4","Eristalis.tenax","Cirsium.acaule"
"4","Eupeodes.corollae","Cirsium.acaule"
"4","Halictus.rubicundus","Cirsium.acaule"
"4","Halictus.tumulorum","Cirsium.acaule"
"4","Helophilus.hybridus","Cirsium.acaule"
"4","Helophilus.pendulus","Cirsium.acaule"
"4","Helophilus.trivittatus","Cirsium.acaule"
"4","Heriades.truncorum","Cirsium.acaule"
"4","Heringia.spec","Cirsium.acaule"
"4","Lasioglossum.calceatum","Cirsium.acaule"
"4","Lasioglossum.fulvicorne","Cirsium.acaule"
"4","Lasioglossum.leucopus","Cirsium.acaule"
"4","Lasioglossum.morio","Cirsium.acaule"
"4","Lasioglossum.pauxillum","Cirsium.acaule"
"4","Lasioglossum.pygmaeum","Cirsium.acaule"
"4","Lasioglossum.villosulum","Cirsium.acaule"
"4","Melitta.haemorrhoidalis","Cirsium.acaule"
"4","Myathropa.florea","Cirsium.acaule"
"4","Nomada.flavoguttata","Cirsium.acaule"
"4","Pipiza.noctiluca/bimaculata","Cirsium.acaule"
"4","Sphaerophoria.spec","Cirsium.acaule"
"4","Sphecodes.crassus","Cirsium.acaule"
"4","Sphecodes.ferruginatus","Cirsium.acaule"
"4","Sphecodes.niger","Cirsium.acaule"
"4","Syritta.pipiens","Cirsium.acaule"
"4","Syrphus.ribesii","Cirsium.acaule"
"4","Syrphus.vitripennis","Cirsium.acaule"
"4","Andrena.bicolor","Daucus.carota"
"4","Andrena.labialis","Daucus.carota"
"4","Andrena.minutula","Daucus.carota"
"4","Andrena.minutuloides","Daucus.carota"
"4","Bombus.lapidarius","Daucus.carota"
"4","Bombus.pascuorum","Daucus.carota"
"4","Bombus.pratorum","Daucus.carota"
"4","Bombus.terrestris.agg","Daucus.carota"
"4","Ceratina.cyanea","Daucus.carota"
"4","Cheilosia.fraterna","Daucus.carota"
"4","Cheilosia.soror","Daucus.carota"
"4","Chrysotoxum.bicinctum","Daucus.carota"
"4","Episyrphus.balteatus","Daucus.carota"
"4","Eristalis.arbustorum","Daucus.carota"
"4","Eristalis.interrupta","Daucus.carota"
"4","Eristalis.lineata","Daucus.carota"
"4","Eristalis.pertinax","Daucus.carota"
"4","Eristalis.tenax","Daucus.carota"
"4","Eupeodes.corollae","Daucus.carota"
"4","Halictus.rubicundus","Daucus.carota"
"4","Halictus.tumulorum","Daucus.carota"
"4","Helophilus.hybridus","Daucus.carota"
"4","Helophilus.pendulus","Daucus.carota"
"4","Helophilus.trivittatus","Daucus.carota"
"4","Heriades.truncorum","Daucus.carota"
"4","Heringia.spec","Daucus.carota"
"4","Lasioglossum.calceatum","Daucus.carota"
"4","Lasioglossum.fulvicorne","Daucus.carota"
"4","Lasioglossum.leucopus","Daucus.carota"
"4","Lasioglossum.morio","Daucus.carota"
"4","Lasioglossum.pauxillum","Daucus.carota"
"4","Lasioglossum.pygmaeum","Daucus.carota"
"4","Lasioglossum.villosulum","Daucus.carota"
"4","Melitta.haemorrhoidalis","Daucus.carota"
"4","Myathropa.florea","Daucus.carota"
"4","Nomada.flavoguttata","Daucus.carota"
"4","Pipiza.noctiluca/bimaculata","Daucus.carota"
"4","Sphaerophoria.spec","Daucus.carota"
"4","Sphecodes.crassus","Daucus.carota"
"4","Sphecodes.ferruginatus","Daucus.carota"
"4","Sphecodes.niger","Daucus.carota"
"4","Syritta.pipiens","Daucus.carota"
"4","Syrphus.ribesii","Daucus.carota"
"4","Syrphus.vitripennis","Daucus.carota"
"4","Andrena.bicolor","Galium.mollugo"
"4","Andrena.labialis","Galium.mollugo"
"4","Andrena.minutula","Galium.mollugo"
"4","Andrena.minutuloides","Galium.mollugo"
"4","Bombus.lapidarius","Galium.mollugo"
"4","Bombus.pascuorum","Galium.mollugo"
"4","Bombus.pratorum","Galium.mollugo"
"4","Bombus.terrestris.agg","Galium.mollugo"
"4","Ceratina.cyanea","Galium.mollugo"
"4","Cheilosia.fraterna","Galium.mollugo"
"4","Cheilosia.soror","Galium.mollugo"
"4","Chrysotoxum.bicinctum","Galium.mollugo"
"4","Episyrphus.balteatus","Galium.mollugo"
"4","Eristalis.arbustorum","Galium.mollugo"
"4","Eristalis.interrupta","Galium.mollugo"
"4","Eristalis.lineata","Galium.mollugo"
"4","Eristalis.pertinax","Galium.mollugo"
"4","Eristalis.tenax","Galium.mollugo"
"4","Eupeodes.corollae","Galium.mollugo"
"4","Halictus.rubicundus","Galium.mollugo"
"4","Halictus.tumulorum","Galium.mollugo"
"4","Helophilus.hybridus","Galium.mollugo"
"4","Helophilus.pendulus","Galium.mollugo"
"4","Helophilus.trivittatus","Galium.mollugo"
"4","Heriades.truncorum","Galium.mollugo"
"4","Heringia.spec","Galium.mollugo"
"4","Lasioglossum.calceatum","Galium.mollugo"
"4","Lasioglossum.fulvicorne","Galium.mollugo"
"4","Lasioglossum.leucopus","Galium.mollugo"
"4","Lasioglossum.morio","Galium.mollugo"
"4","Lasioglossum.pauxillum","Galium.mollugo"
"4","Lasioglossum.pygmaeum","Galium.mollugo"
"4","Lasioglossum.villosulum","Galium.mollugo"
"4","Melitta.haemorrhoidalis","Galium.mollugo"
"4","Myathropa.florea","Galium.mollugo"
"4","Nomada.flavoguttata","Galium.mollugo"
"4","Pipiza.noctiluca/bimaculata","Galium.mollugo"
"4","Sphaerophoria.spec","Galium.mollugo"
"4","Sphecodes.crassus","Galium.mollugo"
"4","Sphecodes.ferruginatus","Galium.mollugo"
"4","Sphecodes.niger","Galium.mollugo"
"4","Syritta.pipiens","Galium.mollugo"
"4","Syrphus.ribesii","Galium.mollugo"
"4","Syrphus.vitripennis","Galium.mollugo"
"4","Andrena.bicolor","Helianthemum.nummularium"
"4","Andrena.labialis","Helianthemum.nummularium"
"4","Andrena.minutula","Helianthemum.nummularium"
"4","Andrena.minutuloides","Helianthemum.nummularium"
"4","Bombus.lapidarius","Helianthemum.nummularium"
"4","Bombus.pascuorum","Helianthemum.nummularium"
"4","Bombus.pratorum","Helianthemum.nummularium"
"4","Bombus.terrestris.agg","Helianthemum.nummularium"
"4","Ceratina.cyanea","Helianthemum.nummularium"
"4","Cheilosia.fraterna","Helianthemum.nummularium"
"4","Cheilosia.soror","Helianthemum.nummularium"
"4","Chrysotoxum.bicinctum","Helianthemum.nummularium"
"4","Episyrphus.balteatus","Helianthemum.nummularium"
"4","Eristalis.arbustorum","Helianthemum.nummularium"
"4","Eristalis.interrupta","Helianthemum.nummularium"
"4","Eristalis.lineata","Helianthemum.nummularium"
"4","Eristalis.pertinax","Helianthemum.nummularium"
"4","Eristalis.tenax","Helianthemum.nummularium"
"4","Eupeodes.corollae","Helianthemum.nummularium"
"4","Halictus.rubicundus","Helianthemum.nummularium"
"4","Halictus.tumulorum","Helianthemum.nummularium"
"4","Helophilus.hybridus","Helianthemum.nummularium"
"4","Helophilus.pendulus","Helianthemum.nummularium"
"4","Helophilus.trivittatus","Helianthemum.nummularium"
"4","Heriades.truncorum","Helianthemum.nummularium"
"4","Heringia.spec","Helianthemum.nummularium"
"4","Lasioglossum.calceatum","Helianthemum.nummularium"
"4","Lasioglossum.fulvicorne","Helianthemum.nummularium"
"4","Lasioglossum.leucopus","Helianthemum.nummularium"
"4","Lasioglossum.morio","Helianthemum.nummularium"
"4","Lasioglossum.pauxillum","Helianthemum.nummularium"
"4","Lasioglossum.pygmaeum","Helianthemum.nummularium"
"4","Lasioglossum.villosulum","Helianthemum.nummularium"
"4","Melitta.haemorrhoidalis","Helianthemum.nummularium"
"4","Myathropa.florea","Helianthemum.nummularium"
"4","Nomada.flavoguttata","Helianthemum.nummularium"
"4","Pipiza.noctiluca/bimaculata","Helianthemum.nummularium"
"4","Sphaerophoria.spec","Helianthemum.nummularium"
"4","Sphecodes.crassus","Helianthemum.nummularium"
"4","Sphecodes.ferruginatus","Helianthemum.nummularium"
"4","Sphecodes.niger","Helianthemum.nummularium"
"4","Syritta.pipiens","Helianthemum.nummularium"
"4","Syrphus.ribesii","Helianthemum.nummularium"
"4","Syrphus.vitripennis","Helianthemum.nummularium"
"4","Andrena.bicolor","Hieracium.pilosella"
"4","Andrena.labialis","Hieracium.pilosella"
"4","Andrena.minutula","Hieracium.pilosella"
"4","Andrena.minutuloides","Hieracium.pilosella"
"4","Bombus.lapidarius","Hieracium.pilosella"
"4","Bombus.pascuorum","Hieracium.pilosella"
"4","Bombus.pratorum","Hieracium.pilosella"
"4","Bombus.terrestris.agg","Hieracium.pilosella"
"4","Ceratina.cyanea","Hieracium.pilosella"
"4","Cheilosia.fraterna","Hieracium.pilosella"
"4","Cheilosia.soror","Hieracium.pilosella"
"4","Chrysotoxum.bicinctum","Hieracium.pilosella"
"4","Episyrphus.balteatus","Hieracium.pilosella"
"4","Eristalis.arbustorum","Hieracium.pilosella"
"4","Eristalis.interrupta","Hieracium.pilosella"
"4","Eristalis.lineata","Hieracium.pilosella"
"4","Eristalis.pertinax","Hieracium.pilosella"
"4","Eristalis.tenax","Hieracium.pilosella"
"4","Eupeodes.corollae","Hieracium.pilosella"
"4","Halictus.rubicundus","Hieracium.pilosella"
"4","Halictus.tumulorum","Hieracium.pilosella"
"4","Helophilus.hybridus","Hieracium.pilosella"
"4","Helophilus.pendulus","Hieracium.pilosella"
"4","Helophilus.trivittatus","Hieracium.pilosella"
"4","Heriades.truncorum","Hieracium.pilosella"
"4","Heringia.spec","Hieracium.pilosella"
"4","Lasioglossum.calceatum","Hieracium.pilosella"
"4","Lasioglossum.fulvicorne","Hieracium.pilosella"
"4","Lasioglossum.leucopus","Hieracium.pilosella"
"4","Lasioglossum.morio","Hieracium.pilosella"
"4","Lasioglossum.pauxillum","Hieracium.pilosella"
"4","Lasioglossum.pygmaeum","Hieracium.pilosella"
"4","Lasioglossum.villosulum","Hieracium.pilosella"
"4","Melitta.haemorrhoidalis","Hieracium.pilosella"
"4","Myathropa.florea","Hieracium.pilosella"
"4","Nomada.flavoguttata","Hieracium.pilosella"
"4","Pipiza.noctiluca/bimaculata","Hieracium.pilosella"
"4","Sphaerophoria.spec","Hieracium.pilosella"
"4","Sphecodes.crassus","Hieracium.pilosella"
"4","Sphecodes.ferruginatus","Hieracium.pilosella"
"4","Sphecodes.niger","Hieracium.pilosella"
"4","Syritta.pipiens","Hieracium.pilosella"
"4","Syrphus.ribesii","Hieracium.pilosella"
"4","Syrphus.vitripennis","Hieracium.pilosella"
"4","Andrena.bicolor","Hippocrepis.comosa"
"4","Andrena.labialis","Hippocrepis.comosa"
"4","Andrena.minutula","Hippocrepis.comosa"
"4","Andrena.minutuloides","Hippocrepis.comosa"
"4","Bombus.lapidarius","Hippocrepis.comosa"
"4","Bombus.pascuorum","Hippocrepis.comosa"
"4","Bombus.pratorum","Hippocrepis.comosa"
"4","Bombus.terrestris.agg","Hippocrepis.comosa"
"4","Ceratina.cyanea","Hippocrepis.comosa"
"4","Cheilosia.fraterna","Hippocrepis.comosa"
"4","Cheilosia.soror","Hippocrepis.comosa"
"4","Chrysotoxum.bicinctum","Hippocrepis.comosa"
"4","Episyrphus.balteatus","Hippocrepis.comosa"
"4","Eristalis.arbustorum","Hippocrepis.comosa"
"4","Eristalis.interrupta","Hippocrepis.comosa"
"4","Eristalis.lineata","Hippocrepis.comosa"
"4","Eristalis.pertinax","Hippocrepis.comosa"
"4","Eristalis.tenax","Hippocrepis.comosa"
"4","Eupeodes.corollae","Hippocrepis.comosa"
"4","Halictus.rubicundus","Hippocrepis.comosa"
"4","Halictus.tumulorum","Hippocrepis.comosa"
"4","Helophilus.hybridus","Hippocrepis.comosa"
"4","Helophilus.pendulus","Hippocrepis.comosa"
"4","Helophilus.trivittatus","Hippocrepis.comosa"
"4","Heriades.truncorum","Hippocrepis.comosa"
"4","Heringia.spec","Hippocrepis.comosa"
"4","Lasioglossum.calceatum","Hippocrepis.comosa"
"4","Lasioglossum.fulvicorne","Hippocrepis.comosa"
"4","Lasioglossum.leucopus","Hippocrepis.comosa"
"4","Lasioglossum.morio","Hippocrepis.comosa"
"4","Lasioglossum.pauxillum","Hippocrepis.comosa"
"4","Lasioglossum.pygmaeum","Hippocrepis.comosa"
"4","Lasioglossum.villosulum","Hippocrepis.comosa"
"4","Melitta.haemorrhoidalis","Hippocrepis.comosa"
"4","Myathropa.florea","Hippocrepis.comosa"
"4","Nomada.flavoguttata","Hippocrepis.comosa"
"4","Pipiza.noctiluca/bimaculata","Hippocrepis.comosa"
"4","Sphaerophoria.spec","Hippocrepis.comosa"
"4","Sphecodes.crassus","Hippocrepis.comosa"
"4","Sphecodes.ferruginatus","Hippocrepis.comosa"
"4","Sphecodes.niger","Hippocrepis.comosa"
"4","Syritta.pipiens","Hippocrepis.comosa"
"4","Syrphus.ribesii","Hippocrepis.comosa"
"4","Syrphus.vitripennis","Hippocrepis.comosa"
"4","Andrena.bicolor","Knautia.arvensis"
"4","Andrena.labialis","Knautia.arvensis"
"4","Andrena.minutula","Knautia.arvensis"
"4","Andrena.minutuloides","Knautia.arvensis"
"4","Bombus.lapidarius","Knautia.arvensis"
"4","Bombus.pascuorum","Knautia.arvensis"
"4","Bombus.pratorum","Knautia.arvensis"
"4","Bombus.terrestris.agg","Knautia.arvensis"
"4","Ceratina.cyanea","Knautia.arvensis"
"4","Cheilosia.fraterna","Knautia.arvensis"
"4","Cheilosia.soror","Knautia.arvensis"
"4","Chrysotoxum.bicinctum","Knautia.arvensis"
"4","Episyrphus.balteatus","Knautia.arvensis"
"4","Eristalis.arbustorum","Knautia.arvensis"
"4","Eristalis.interrupta","Knautia.arvensis"
"4","Eristalis.lineata","Knautia.arvensis"
"4","Eristalis.pertinax","Knautia.arvensis"
"4","Eristalis.tenax","Knautia.arvensis"
"4","Eupeodes.corollae","Knautia.arvensis"
"4","Halictus.rubicundus","Knautia.arvensis"
"4","Halictus.tumulorum","Knautia.arvensis"
"4","Helophilus.hybridus","Knautia.arvensis"
"4","Helophilus.pendulus","Knautia.arvensis"
"4","Helophilus.trivittatus","Knautia.arvensis"
"4","Heriades.truncorum","Knautia.arvensis"
"4","Heringia.spec","Knautia.arvensis"
"4","Lasioglossum.calceatum","Knautia.arvensis"
"4","Lasioglossum.fulvicorne","Knautia.arvensis"
"4","Lasioglossum.leucopus","Knautia.arvensis"
"4","Lasioglossum.morio","Knautia.arvensis"
"4","Lasioglossum.pauxillum","Knautia.arvensis"
"4","Lasioglossum.pygmaeum","Knautia.arvensis"
"4","Lasioglossum.villosulum","Knautia.arvensis"
"4","Melitta.haemorrhoidalis","Knautia.arvensis"
"4","Myathropa.florea","Knautia.arvensis"
"4","Nomada.flavoguttata","Knautia.arvensis"
"4","Pipiza.noctiluca/bimaculata","Knautia.arvensis"
"4","Sphaerophoria.spec","Knautia.arvensis"
"4","Sphecodes.crassus","Knautia.arvensis"
"4","Sphecodes.ferruginatus","Knautia.arvensis"
"4","Sphecodes.niger","Knautia.arvensis"
"4","Syritta.pipiens","Knautia.arvensis"
"4","Syrphus.ribesii","Knautia.arvensis"
"4","Syrphus.vitripennis","Knautia.arvensis"
"4","Andrena.bicolor","Lotus.corniculatus"
"4","Andrena.labialis","Lotus.corniculatus"
"4","Andrena.minutula","Lotus.corniculatus"
"4","Andrena.minutuloides","Lotus.corniculatus"
"4","Bombus.lapidarius","Lotus.corniculatus"
"4","Bombus.pascuorum","Lotus.corniculatus"
"4","Bombus.pratorum","Lotus.corniculatus"
"4","Bombus.terrestris.agg","Lotus.corniculatus"
"4","Ceratina.cyanea","Lotus.corniculatus"
"4","Cheilosia.fraterna","Lotus.corniculatus"
"4","Cheilosia.soror","Lotus.corniculatus"
"4","Chrysotoxum.bicinctum","Lotus.corniculatus"
"4","Episyrphus.balteatus","Lotus.corniculatus"
"4","Eristalis.arbustorum","Lotus.corniculatus"
"4","Eristalis.interrupta","Lotus.corniculatus"
"4","Eristalis.lineata","Lotus.corniculatus"
"4","Eristalis.pertinax","Lotus.corniculatus"
"4","Eristalis.tenax","Lotus.corniculatus"
"4","Eupeodes.corollae","Lotus.corniculatus"
"4","Halictus.rubicundus","Lotus.corniculatus"
"4","Halictus.tumulorum","Lotus.corniculatus"
"4","Helophilus.hybridus","Lotus.corniculatus"
"4","Helophilus.pendulus","Lotus.corniculatus"
"4","Helophilus.trivittatus","Lotus.corniculatus"
"4","Heriades.truncorum","Lotus.corniculatus"
"4","Heringia.spec","Lotus.corniculatus"
"4","Lasioglossum.calceatum","Lotus.corniculatus"
"4","Lasioglossum.fulvicorne","Lotus.corniculatus"
"4","Lasioglossum.leucopus","Lotus.corniculatus"
"4","Lasioglossum.morio","Lotus.corniculatus"
"4","Lasioglossum.pauxillum","Lotus.corniculatus"
"4","Lasioglossum.pygmaeum","Lotus.corniculatus"
"4","Lasioglossum.villosulum","Lotus.corniculatus"
"4","Melitta.haemorrhoidalis","Lotus.corniculatus"
"4","Myathropa.florea","Lotus.corniculatus"
"4","Nomada.flavoguttata","Lotus.corniculatus"
"4","Pipiza.noctiluca/bimaculata","Lotus.corniculatus"
"4","Sphaerophoria.spec","Lotus.corniculatus"
"4","Sphecodes.crassus","Lotus.corniculatus"
"4","Sphecodes.ferruginatus","Lotus.corniculatus"
"4","Sphecodes.niger","Lotus.corniculatus"
"4","Syritta.pipiens","Lotus.corniculatus"
"4","Syrphus.ribesii","Lotus.corniculatus"
"4","Syrphus.vitripennis","Lotus.corniculatus"
"4","Andrena.bicolor","Ononis.spinosa"
"4","Andrena.labialis","Ononis.spinosa"
"4","Andrena.minutula","Ononis.spinosa"
"4","Andrena.minutuloides","Ononis.spinosa"
"4","Bombus.lapidarius","Ononis.spinosa"
"4","Bombus.pascuorum","Ononis.spinosa"
"4","Bombus.pratorum","Ononis.spinosa"
"4","Bombus.terrestris.agg","Ononis.spinosa"
"4","Ceratina.cyanea","Ononis.spinosa"
"4","Cheilosia.fraterna","Ononis.spinosa"
"4","Cheilosia.soror","Ononis.spinosa"
"4","Chrysotoxum.bicinctum","Ononis.spinosa"
"4","Episyrphus.balteatus","Ononis.spinosa"
"4","Eristalis.arbustorum","Ononis.spinosa"
"4","Eristalis.interrupta","Ononis.spinosa"
"4","Eristalis.lineata","Ononis.spinosa"
"4","Eristalis.pertinax","Ononis.spinosa"
"4","Eristalis.tenax","Ononis.spinosa"
"4","Eupeodes.corollae","Ononis.spinosa"
"4","Halictus.rubicundus","Ononis.spinosa"
"4","Halictus.tumulorum","Ononis.spinosa"
"4","Helophilus.hybridus","Ononis.spinosa"
"4","Helophilus.pendulus","Ononis.spinosa"
"4","Helophilus.trivittatus","Ononis.spinosa"
"4","Heriades.truncorum","Ononis.spinosa"
"4","Heringia.spec","Ononis.spinosa"
"4","Lasioglossum.calceatum","Ononis.spinosa"
"4","Lasioglossum.fulvicorne","Ononis.spinosa"
"4","Lasioglossum.leucopus","Ononis.spinosa"
"4","Lasioglossum.morio","Ononis.spinosa"
"4","Lasioglossum.pauxillum","Ononis.spinosa"
"4","Lasioglossum.pygmaeum","Ononis.spinosa"
"4","Lasioglossum.villosulum","Ononis.spinosa"
"4","Melitta.haemorrhoidalis","Ononis.spinosa"
"4","Myathropa.florea","Ononis.spinosa"
"4","Nomada.flavoguttata","Ononis.spinosa"
"4","Pipiza.noctiluca/bimaculata","Ononis.spinosa"
"4","Sphaerophoria.spec","Ononis.spinosa"
"4","Sphecodes.crassus","Ononis.spinosa"
"4","Sphecodes.ferruginatus","Ononis.spinosa"
"4","Sphecodes.niger","Ononis.spinosa"
"4","Syritta.pipiens","Ononis.spinosa"
"4","Syrphus.ribesii","Ononis.spinosa"
"4","Syrphus.vitripennis","Ononis.spinosa"
"4","Andrena.bicolor","Pimpinella.saxifraga"
"4","Andrena.labialis","Pimpinella.saxifraga"
"4","Andrena.minutula","Pimpinella.saxifraga"
"4","Andrena.minutuloides","Pimpinella.saxifraga"
"4","Bombus.lapidarius","Pimpinella.saxifraga"
"4","Bombus.pascuorum","Pimpinella.saxifraga"
"4","Bombus.pratorum","Pimpinella.saxifraga"
"4","Bombus.terrestris.agg","Pimpinella.saxifraga"
"4","Ceratina.cyanea","Pimpinella.saxifraga"
"4","Cheilosia.fraterna","Pimpinella.saxifraga"
"4","Cheilosia.soror","Pimpinella.saxifraga"
"4","Chrysotoxum.bicinctum","Pimpinella.saxifraga"
"4","Episyrphus.balteatus","Pimpinella.saxifraga"
"4","Eristalis.arbustorum","Pimpinella.saxifraga"
"4","Eristalis.interrupta","Pimpinella.saxifraga"
"4","Eristalis.lineata","Pimpinella.saxifraga"
"4","Eristalis.pertinax","Pimpinella.saxifraga"
"4","Eristalis.tenax","Pimpinella.saxifraga"
"4","Eupeodes.corollae","Pimpinella.saxifraga"
"4","Halictus.rubicundus","Pimpinella.saxifraga"
"4","Halictus.tumulorum","Pimpinella.saxifraga"
"4","Helophilus.hybridus","Pimpinella.saxifraga"
"4","Helophilus.pendulus","Pimpinella.saxifraga"
"4","Helophilus.trivittatus","Pimpinella.saxifraga"
"4","Heriades.truncorum","Pimpinella.saxifraga"
"4","Heringia.spec","Pimpinella.saxifraga"
"4","Lasioglossum.calceatum","Pimpinella.saxifraga"
"4","Lasioglossum.fulvicorne","Pimpinella.saxifraga"
"4","Lasioglossum.leucopus","Pimpinella.saxifraga"
"4","Lasioglossum.morio","Pimpinella.saxifraga"
"4","Lasioglossum.pauxillum","Pimpinella.saxifraga"
"4","Lasioglossum.pygmaeum","Pimpinella.saxifraga"
"4","Lasioglossum.villosulum","Pimpinella.saxifraga"
"4","Melitta.haemorrhoidalis","Pimpinella.saxifraga"
"4","Myathropa.florea","Pimpinella.saxifraga"
"4","Nomada.flavoguttata","Pimpinella.saxifraga"
"4","Pipiza.noctiluca/bimaculata","Pimpinella.saxifraga"
"4","Sphaerophoria.spec","Pimpinella.saxifraga"
"4","Sphecodes.crassus","Pimpinella.saxifraga"
"4","Sphecodes.ferruginatus","Pimpinella.saxifraga"
"4","Sphecodes.niger","Pimpinella.saxifraga"
"4","Syritta.pipiens","Pimpinella.saxifraga"
"4","Syrphus.ribesii","Pimpinella.saxifraga"
"4","Syrphus.vitripennis","Pimpinella.saxifraga"
"4","Andrena.bicolor","Plantago.media"
"4","Andrena.labialis","Plantago.media"
"4","Andrena.minutula","Plantago.media"
"4","Andrena.minutuloides","Plantago.media"
"4","Bombus.lapidarius","Plantago.media"
"4","Bombus.pascuorum","Plantago.media"
"4","Bombus.pratorum","Plantago.media"
"4","Bombus.terrestris.agg","Plantago.media"
"4","Ceratina.cyanea","Plantago.media"
"4","Cheilosia.fraterna","Plantago.media"
"4","Cheilosia.soror","Plantago.media"
"4","Chrysotoxum.bicinctum","Plantago.media"
"4","Episyrphus.balteatus","Plantago.media"
"4","Eristalis.arbustorum","Plantago.media"
"4","Eristalis.interrupta","Plantago.media"
"4","Eristalis.lineata","Plantago.media"
"4","Eristalis.pertinax","Plantago.media"
"4","Eristalis.tenax","Plantago.media"
"4","Eupeodes.corollae","Plantago.media"
"4","Halictus.rubicundus","Plantago.media"
"4","Halictus.tumulorum","Plantago.media"
"4","Helophilus.hybridus","Plantago.media"
"4","Helophilus.pendulus","Plantago.media"
"4","Helophilus.trivittatus","Plantago.media"
"4","Heriades.truncorum","Plantago.media"
"4","Heringia.spec","Plantago.media"
"4","Lasioglossum.calceatum","Plantago.media"
"4","Lasioglossum.fulvicorne","Plantago.media"
"4","Lasioglossum.leucopus","Plantago.media"
"4","Lasioglossum.morio","Plantago.media"
"4","Lasioglossum.pauxillum","Plantago.media"
"4","Lasioglossum.pygmaeum","Plantago.media"
"4","Lasioglossum.villosulum","Plantago.media"
"4","Melitta.haemorrhoidalis","Plantago.media"
"4","Myathropa.florea","Plantago.media"
"4","Nomada.flavoguttata","Plantago.media"
"4","Pipiza.noctiluca/bimaculata","Plantago.media"
"4","Sphaerophoria.spec","Plantago.media"
"4","Sphecodes.crassus","Plantago.media"
"4","Sphecodes.ferruginatus","Plantago.media"
"4","Sphecodes.niger","Plantago.media"
"4","Syritta.pipiens","Plantago.media"
"4","Syrphus.ribesii","Plantago.media"
"4","Syrphus.vitripennis","Plantago.media"
"4","Andrena.bicolor","Polygala.comosa"
"4","Andrena.labialis","Polygala.comosa"
"4","Andrena.minutula","Polygala.comosa"
"4","Andrena.minutuloides","Polygala.comosa"
"4","Bombus.lapidarius","Polygala.comosa"
"4","Bombus.pascuorum","Polygala.comosa"
"4","Bombus.pratorum","Polygala.comosa"
"4","Bombus.terrestris.agg","Polygala.comosa"
"4","Ceratina.cyanea","Polygala.comosa"
"4","Cheilosia.fraterna","Polygala.comosa"
"4","Cheilosia.soror","Polygala.comosa"
"4","Chrysotoxum.bicinctum","Polygala.comosa"
"4","Episyrphus.balteatus","Polygala.comosa"
"4","Eristalis.arbustorum","Polygala.comosa"
"4","Eristalis.interrupta","Polygala.comosa"
"4","Eristalis.lineata","Polygala.comosa"
"4","Eristalis.pertinax","Polygala.comosa"
"4","Eristalis.tenax","Polygala.comosa"
"4","Eupeodes.corollae","Polygala.comosa"
"4","Halictus.rubicundus","Polygala.comosa"
"4","Halictus.tumulorum","Polygala.comosa"
"4","Helophilus.hybridus","Polygala.comosa"
"4","Helophilus.pendulus","Polygala.comosa"
"4","Helophilus.trivittatus","Polygala.comosa"
"4","Heriades.truncorum","Polygala.comosa"
"4","Heringia.spec","Polygala.comosa"
"4","Lasioglossum.calceatum","Polygala.comosa"
"4","Lasioglossum.fulvicorne","Polygala.comosa"
"4","Lasioglossum.leucopus","Polygala.comosa"
"4","Lasioglossum.morio","Polygala.comosa"
"4","Lasioglossum.pauxillum","Polygala.comosa"
"4","Lasioglossum.pygmaeum","Polygala.comosa"
"4","Lasioglossum.villosulum","Polygala.comosa"
"4","Melitta.haemorrhoidalis","Polygala.comosa"
"4","Myathropa.florea","Polygala.comosa"
"4","Nomada.flavoguttata","Polygala.comosa"
"4","Pipiza.noctiluca/bimaculata","Polygala.comosa"
"4","Sphaerophoria.spec","Polygala.comosa"
"4","Sphecodes.crassus","Polygala.comosa"
"4","Sphecodes.ferruginatus","Polygala.comosa"
"4","Sphecodes.niger","Polygala.comosa"
"4","Syritta.pipiens","Polygala.comosa"
"4","Syrphus.ribesii","Polygala.comosa"
"4","Syrphus.vitripennis","Polygala.comosa"
"4","Andrena.bicolor","Prunella.grandiflora"
"4","Andrena.labialis","Prunella.grandiflora"
"4","Andrena.minutula","Prunella.grandiflora"
"4","Andrena.minutuloides","Prunella.grandiflora"
"4","Bombus.lapidarius","Prunella.grandiflora"
"4","Bombus.pascuorum","Prunella.grandiflora"
"4","Bombus.pratorum","Prunella.grandiflora"
"4","Bombus.terrestris.agg","Prunella.grandiflora"
"4","Ceratina.cyanea","Prunella.grandiflora"
"4","Cheilosia.fraterna","Prunella.grandiflora"
"4","Cheilosia.soror","Prunella.grandiflora"
"4","Chrysotoxum.bicinctum","Prunella.grandiflora"
"4","Episyrphus.balteatus","Prunella.grandiflora"
"4","Eristalis.arbustorum","Prunella.grandiflora"
"4","Eristalis.interrupta","Prunella.grandiflora"
"4","Eristalis.lineata","Prunella.grandiflora"
"4","Eristalis.pertinax","Prunella.grandiflora"
"4","Eristalis.tenax","Prunella.grandiflora"
"4","Eupeodes.corollae","Prunella.grandiflora"
"4","Halictus.rubicundus","Prunella.grandiflora"
"4","Halictus.tumulorum","Prunella.grandiflora"
"4","Helophilus.hybridus","Prunella.grandiflora"
"4","Helophilus.pendulus","Prunella.grandiflora"
"4","Helophilus.trivittatus","Prunella.grandiflora"
"4","Heriades.truncorum","Prunella.grandiflora"
"4","Heringia.spec","Prunella.grandiflora"
"4","Lasioglossum.calceatum","Prunella.grandiflora"
"4","Lasioglossum.fulvicorne","Prunella.grandiflora"
"4","Lasioglossum.leucopus","Prunella.grandiflora"
"4","Lasioglossum.morio","Prunella.grandiflora"
"4","Lasioglossum.pauxillum","Prunella.grandiflora"
"4","Lasioglossum.pygmaeum","Prunella.grandiflora"
"4","Lasioglossum.villosulum","Prunella.grandiflora"
"4","Melitta.haemorrhoidalis","Prunella.grandiflora"
"4","Myathropa.florea","Prunella.grandiflora"
"4","Nomada.flavoguttata","Prunella.grandiflora"
"4","Pipiza.noctiluca/bimaculata","Prunella.grandiflora"
"4","Sphaerophoria.spec","Prunella.grandiflora"
"4","Sphecodes.crassus","Prunella.grandiflora"
"4","Sphecodes.ferruginatus","Prunella.grandiflora"
"4","Sphecodes.niger","Prunella.grandiflora"
"4","Syritta.pipiens","Prunella.grandiflora"
"4","Syrphus.ribesii","Prunella.grandiflora"
"4","Syrphus.vitripennis","Prunella.grandiflora"
"4","Andrena.bicolor","Ranunculus.bulbosus"
"4","Andrena.labialis","Ranunculus.bulbosus"
"4","Andrena.minutula","Ranunculus.bulbosus"
"4","Andrena.minutuloides","Ranunculus.bulbosus"
"4","Bombus.lapidarius","Ranunculus.bulbosus"
"4","Bombus.pascuorum","Ranunculus.bulbosus"
"4","Bombus.pratorum","Ranunculus.bulbosus"
"4","Bombus.terrestris.agg","Ranunculus.bulbosus"
"4","Ceratina.cyanea","Ranunculus.bulbosus"
"4","Cheilosia.fraterna","Ranunculus.bulbosus"
"4","Cheilosia.soror","Ranunculus.bulbosus"
"4","Chrysotoxum.bicinctum","Ranunculus.bulbosus"
"4","Episyrphus.balteatus","Ranunculus.bulbosus"
"4","Eristalis.arbustorum","Ranunculus.bulbosus"
"4","Eristalis.interrupta","Ranunculus.bulbosus"
"4","Eristalis.lineata","Ranunculus.bulbosus"
"4","Eristalis.pertinax","Ranunculus.bulbosus"
"4","Eristalis.tenax","Ranunculus.bulbosus"
"4","Eupeodes.corollae","Ranunculus.bulbosus"
"4","Halictus.rubicundus","Ranunculus.bulbosus"
"4","Halictus.tumulorum","Ranunculus.bulbosus"
"4","Helophilus.hybridus","Ranunculus.bulbosus"
"4","Helophilus.pendulus","Ranunculus.bulbosus"
"4","Helophilus.trivittatus","Ranunculus.bulbosus"
"4","Heriades.truncorum","Ranunculus.bulbosus"
"4","Heringia.spec","Ranunculus.bulbosus"
"4","Lasioglossum.calceatum","Ranunculus.bulbosus"
"4","Lasioglossum.fulvicorne","Ranunculus.bulbosus"
"4","Lasioglossum.leucopus","Ranunculus.bulbosus"
"4","Lasioglossum.morio","Ranunculus.bulbosus"
"4","Lasioglossum.pauxillum","Ranunculus.bulbosus"
"4","Lasioglossum.pygmaeum","Ranunculus.bulbosus"
"4","Lasioglossum.villosulum","Ranunculus.bulbosus"
"4","Melitta.haemorrhoidalis","Ranunculus.bulbosus"
"4","Myathropa.florea","Ranunculus.bulbosus"
"4","Nomada.flavoguttata","Ranunculus.bulbosus"
"4","Pipiza.noctiluca/bimaculata","Ranunculus.bulbosus"
"4","Sphaerophoria.spec","Ranunculus.bulbosus"
"4","Sphecodes.crassus","Ranunculus.bulbosus"
"4","Sphecodes.ferruginatus","Ranunculus.bulbosus"
"4","Sphecodes.niger","Ranunculus.bulbosus"
"4","Syritta.pipiens","Ranunculus.bulbosus"
"4","Syrphus.ribesii","Ranunculus.bulbosus"
"4","Syrphus.vitripennis","Ranunculus.bulbosus"
"4","Andrena.bicolor","Senecio.jacobaea"
"4","Andrena.labialis","Senecio.jacobaea"
"4","Andrena.minutula","Senecio.jacobaea"
"4","Andrena.minutuloides","Senecio.jacobaea"
"4","Bombus.lapidarius","Senecio.jacobaea"
"4","Bombus.pascuorum","Senecio.jacobaea"
"4","Bombus.pratorum","Senecio.jacobaea"
"4","Bombus.terrestris.agg","Senecio.jacobaea"
"4","Ceratina.cyanea","Senecio.jacobaea"
"4","Cheilosia.fraterna","Senecio.jacobaea"
"4","Cheilosia.soror","Senecio.jacobaea"
"4","Chrysotoxum.bicinctum","Senecio.jacobaea"
"4","Episyrphus.balteatus","Senecio.jacobaea"
"4","Eristalis.arbustorum","Senecio.jacobaea"
"4","Eristalis.interrupta","Senecio.jacobaea"
"4","Eristalis.lineata","Senecio.jacobaea"
"4","Eristalis.pertinax","Senecio.jacobaea"
"4","Eristalis.tenax","Senecio.jacobaea"
"4","Eupeodes.corollae","Senecio.jacobaea"
"4","Halictus.rubicundus","Senecio.jacobaea"
"4","Halictus.tumulorum","Senecio.jacobaea"
"4","Helophilus.hybridus","Senecio.jacobaea"
"4","Helophilus.pendulus","Senecio.jacobaea"
"4","Helophilus.trivittatus","Senecio.jacobaea"
"4","Heriades.truncorum","Senecio.jacobaea"
"4","Heringia.spec","Senecio.jacobaea"
"4","Lasioglossum.calceatum","Senecio.jacobaea"
"4","Lasioglossum.fulvicorne","Senecio.jacobaea"
"4","Lasioglossum.leucopus","Senecio.jacobaea"
"4","Lasioglossum.morio","Senecio.jacobaea"
"4","Lasioglossum.pauxillum","Senecio.jacobaea"
"4","Lasioglossum.pygmaeum","Senecio.jacobaea"
"4","Lasioglossum.villosulum","Senecio.jacobaea"
"4","Melitta.haemorrhoidalis","Senecio.jacobaea"
"4","Myathropa.florea","Senecio.jacobaea"
"4","Nomada.flavoguttata","Senecio.jacobaea"
"4","Pipiza.noctiluca/bimaculata","Senecio.jacobaea"
"4","Sphaerophoria.spec","Senecio.jacobaea"
"4","Sphecodes.crassus","Senecio.jacobaea"
"4","Sphecodes.ferruginatus","Senecio.jacobaea"
"4","Sphecodes.niger","Senecio.jacobaea"
"4","Syritta.pipiens","Senecio.jacobaea"
"4","Syrphus.ribesii","Senecio.jacobaea"
"4","Syrphus.vitripennis","Senecio.jacobaea"
"4","Andrena.bicolor","Thymus.pulegioides"
"4","Andrena.labialis","Thymus.pulegioides"
"4","Andrena.minutula","Thymus.pulegioides"
"4","Andrena.minutuloides","Thymus.pulegioides"
"4","Bombus.lapidarius","Thymus.pulegioides"
"4","Bombus.pascuorum","Thymus.pulegioides"
"4","Bombus.pratorum","Thymus.pulegioides"
"4","Bombus.terrestris.agg","Thymus.pulegioides"
"4","Ceratina.cyanea","Thymus.pulegioides"
"4","Cheilosia.fraterna","Thymus.pulegioides"
"4","Cheilosia.soror","Thymus.pulegioides"
"4","Chrysotoxum.bicinctum","Thymus.pulegioides"
"4","Episyrphus.balteatus","Thymus.pulegioides"
"4","Eristalis.arbustorum","Thymus.pulegioides"
"4","Eristalis.interrupta","Thymus.pulegioides"
"4","Eristalis.lineata","Thymus.pulegioides"
"4","Eristalis.pertinax","Thymus.pulegioides"
"4","Eristalis.tenax","Thymus.pulegioides"
"4","Eupeodes.corollae","Thymus.pulegioides"
"4","Halictus.rubicundus","Thymus.pulegioides"
"4","Halictus.tumulorum","Thymus.pulegioides"
"4","Helophilus.hybridus","Thymus.pulegioides"
"4","Helophilus.pendulus","Thymus.pulegioides"
"4","Helophilus.trivittatus","Thymus.pulegioides"
"4","Heriades.truncorum","Thymus.pulegioides"
"4","Heringia.spec","Thymus.pulegioides"
"4","Lasioglossum.calceatum","Thymus.pulegioides"
"4","Lasioglossum.fulvicorne","Thymus.pulegioides"
"4","Lasioglossum.leucopus","Thymus.pulegioides"
"4","Lasioglossum.morio","Thymus.pulegioides"
"4","Lasioglossum.pauxillum","Thymus.pulegioides"
"4","Lasioglossum.pygmaeum","Thymus.pulegioides"
"4","Lasioglossum.villosulum","Thymus.pulegioides"
"4","Melitta.haemorrhoidalis","Thymus.pulegioides"
"4","Myathropa.florea","Thymus.pulegioides"
"4","Nomada.flavoguttata","Thymus.pulegioides"
"4","Pipiza.noctiluca/bimaculata","Thymus.pulegioides"
"4","Sphaerophoria.spec","Thymus.pulegioides"
"4","Sphecodes.crassus","Thymus.pulegioides"
"4","Sphecodes.ferruginatus","Thymus.pulegioides"
"4","Sphecodes.niger","Thymus.pulegioides"
"4","Syritta.pipiens","Thymus.pulegioides"
"4","Syrphus.ribesii","Thymus.pulegioides"
"4","Syrphus.vitripennis","Thymus.pulegioides"
"4","Andrena.bicolor","Trifolium.pratense"
"4","Andrena.labialis","Trifolium.pratense"
"4","Andrena.minutula","Trifolium.pratense"
"4","Andrena.minutuloides","Trifolium.pratense"
"4","Bombus.lapidarius","Trifolium.pratense"
"4","Bombus.pascuorum","Trifolium.pratense"
"4","Bombus.pratorum","Trifolium.pratense"
"4","Bombus.terrestris.agg","Trifolium.pratense"
"4","Ceratina.cyanea","Trifolium.pratense"
"4","Cheilosia.fraterna","Trifolium.pratense"
"4","Cheilosia.soror","Trifolium.pratense"
"4","Chrysotoxum.bicinctum","Trifolium.pratense"
"4","Episyrphus.balteatus","Trifolium.pratense"
"4","Eristalis.arbustorum","Trifolium.pratense"
"4","Eristalis.interrupta","Trifolium.pratense"
"4","Eristalis.lineata","Trifolium.pratense"
"4","Eristalis.pertinax","Trifolium.pratense"
"4","Eristalis.tenax","Trifolium.pratense"
"4","Eupeodes.corollae","Trifolium.pratense"
"4","Halictus.rubicundus","Trifolium.pratense"
"4","Halictus.tumulorum","Trifolium.pratense"
"4","Helophilus.hybridus","Trifolium.pratense"
"4","Helophilus.pendulus","Trifolium.pratense"
"4","Helophilus.trivittatus","Trifolium.pratense"
"4","Heriades.truncorum","Trifolium.pratense"
"4","Heringia.spec","Trifolium.pratense"
"4","Lasioglossum.calceatum","Trifolium.pratense"
"4","Lasioglossum.fulvicorne","Trifolium.pratense"
"4","Lasioglossum.leucopus","Trifolium.pratense"
"4","Lasioglossum.morio","Trifolium.pratense"
"4","Lasioglossum.pauxillum","Trifolium.pratense"
"4","Lasioglossum.pygmaeum","Trifolium.pratense"
"4","Lasioglossum.villosulum","Trifolium.pratense"
"4","Melitta.haemorrhoidalis","Trifolium.pratense"
"4","Myathropa.florea","Trifolium.pratense"
"4","Nomada.flavoguttata","Trifolium.pratense"
"4","Pipiza.noctiluca/bimaculata","Trifolium.pratense"
"4","Sphaerophoria.spec","Trifolium.pratense"
"4","Sphecodes.crassus","Trifolium.pratense"
"4","Sphecodes.ferruginatus","Trifolium.pratense"
"4","Sphecodes.niger","Trifolium.pratense"
"4","Syritta.pipiens","Trifolium.pratense"
"4","Syrphus.ribesii","Trifolium.pratense"
"4","Syrphus.vitripennis","Trifolium.pratense"
"4","Andrena.bicolor","Veronica.teucrium"
"4","Andrena.labialis","Veronica.teucrium"
"4","Andrena.minutula","Veronica.teucrium"
"4","Andrena.minutuloides","Veronica.teucrium"
"4","Bombus.lapidarius","Veronica.teucrium"
"4","Bombus.pascuorum","Veronica.teucrium"
"4","Bombus.pratorum","Veronica.teucrium"
"4","Bombus.terrestris.agg","Veronica.teucrium"
"4","Ceratina.cyanea","Veronica.teucrium"
"4","Cheilosia.fraterna","Veronica.teucrium"
"4","Cheilosia.soror","Veronica.teucrium"
"4","Chrysotoxum.bicinctum","Veronica.teucrium"
"4","Episyrphus.balteatus","Veronica.teucrium"
"4","Eristalis.arbustorum","Veronica.teucrium"
"4","Eristalis.interrupta","Veronica.teucrium"
"4","Eristalis.lineata","Veronica.teucrium"
"4","Eristalis.pertinax","Veronica.teucrium"
"4","Eristalis.tenax","Veronica.teucrium"
"4","Eupeodes.corollae","Veronica.teucrium"
"4","Halictus.rubicundus","Veronica.teucrium"
"4","Halictus.tumulorum","Veronica.teucrium"
"4","Helophilus.hybridus","Veronica.teucrium"
"4","Helophilus.pendulus","Veronica.teucrium"
"4","Helophilus.trivittatus","Veronica.teucrium"
"4","Heriades.truncorum","Veronica.teucrium"
"4","Heringia.spec","Veronica.teucrium"
"4","Lasioglossum.calceatum","Veronica.teucrium"
"4","Lasioglossum.fulvicorne","Veronica.teucrium"
"4","Lasioglossum.leucopus","Veronica.teucrium"
"4","Lasioglossum.morio","Veronica.teucrium"
"4","Lasioglossum.pauxillum","Veronica.teucrium"
"4","Lasioglossum.pygmaeum","Veronica.teucrium"
"4","Lasioglossum.villosulum","Veronica.teucrium"
"4","Melitta.haemorrhoidalis","Veronica.teucrium"
"4","Myathropa.florea","Veronica.teucrium"
"4","Nomada.flavoguttata","Veronica.teucrium"
"4","Pipiza.noctiluca/bimaculata","Veronica.teucrium"
"4","Sphaerophoria.spec","Veronica.teucrium"
"4","Sphecodes.crassus","Veronica.teucrium"
"4","Sphecodes.ferruginatus","Veronica.teucrium"
"4","Sphecodes.niger","Veronica.teucrium"
"4","Syritta.pipiens","Veronica.teucrium"
"4","Syrphus.ribesii","Veronica.teucrium"
"4","Syrphus.vitripennis","Veronica.teucrium"
"4","Andrena.bicolor","Vincetoxicum.hirundinaria"
"4","Andrena.labialis","Vincetoxicum.hirundinaria"
"4","Andrena.minutula","Vincetoxicum.hirundinaria"
"4","Andrena.minutuloides","Vincetoxicum.hirundinaria"
"4","Bombus.lapidarius","Vincetoxicum.hirundinaria"
"4","Bombus.pascuorum","Vincetoxicum.hirundinaria"
"4","Bombus.pratorum","Vincetoxicum.hirundinaria"
"4","Bombus.terrestris.agg","Vincetoxicum.hirundinaria"
"4","Ceratina.cyanea","Vincetoxicum.hirundinaria"
"4","Cheilosia.fraterna","Vincetoxicum.hirundinaria"
"4","Cheilosia.soror","Vincetoxicum.hirundinaria"
"4","Chrysotoxum.bicinctum","Vincetoxicum.hirundinaria"
"4","Episyrphus.balteatus","Vincetoxicum.hirundinaria"
"4","Eristalis.arbustorum","Vincetoxicum.hirundinaria"
"4","Eristalis.interrupta","Vincetoxicum.hirundinaria"
"4","Eristalis.lineata","Vincetoxicum.hirundinaria"
"4","Eristalis.pertinax","Vincetoxicum.hirundinaria"
"4","Eristalis.tenax","Vincetoxicum.hirundinaria"
"4","Eupeodes.corollae","Vincetoxicum.hirundinaria"
"4","Halictus.rubicundus","Vincetoxicum.hirundinaria"
"4","Halictus.tumulorum","Vincetoxicum.hirundinaria"
"4","Helophilus.hybridus","Vincetoxicum.hirundinaria"
"4","Helophilus.pendulus","Vincetoxicum.hirundinaria"
"4","Helophilus.trivittatus","Vincetoxicum.hirundinaria"
"4","Heriades.truncorum","Vincetoxicum.hirundinaria"
"4","Heringia.spec","Vincetoxicum.hirundinaria"
"4","Lasioglossum.calceatum","Vincetoxicum.hirundinaria"
"4","Lasioglossum.fulvicorne","Vincetoxicum.hirundinaria"
"4","Lasioglossum.leucopus","Vincetoxicum.hirundinaria"
"4","Lasioglossum.morio","Vincetoxicum.hirundinaria"
"4","Lasioglossum.pauxillum","Vincetoxicum.hirundinaria"
"4","Lasioglossum.pygmaeum","Vincetoxicum.hirundinaria"
"4","Lasioglossum.villosulum","Vincetoxicum.hirundinaria"
"4","Melitta.haemorrhoidalis","Vincetoxicum.hirundinaria"
"4","Myathropa.florea","Vincetoxicum.hirundinaria"
"4","Nomada.flavoguttata","Vincetoxicum.hirundinaria"
"4","Pipiza.noctiluca/bimaculata","Vincetoxicum.hirundinaria"
"4","Sphaerophoria.spec","Vincetoxicum.hirundinaria"
"4","Sphecodes.crassus","Vincetoxicum.hirundinaria"
"4","Sphecodes.ferruginatus","Vincetoxicum.hirundinaria"
"4","Sphecodes.niger","Vincetoxicum.hirundinaria"
"4","Syritta.pipiens","Vincetoxicum.hirundinaria"
"4","Syrphus.ribesii","Vincetoxicum.hirundinaria"
"4","Syrphus.vitripennis","Vincetoxicum.hirundinaria"
"5","Andrena.falsifica","Achillea.millefolium"
"5","Andrena.subopaca","Achillea.millefolium"
"5","Bombus.lapidarius","Achillea.millefolium"
"5","Bombus.pascuorum","Achillea.millefolium"
"5","Bombus.terrestris.agg","Achillea.millefolium"
"5","Cheilosia.ranunculi/albitarsis","Achillea.millefolium"
"5","Chelostoma.rapunculi","Achillea.millefolium"
"5","Chrysotoxum.verralli","Achillea.millefolium"
"5","Episyrphus.balteatus","Achillea.millefolium"
"5","Eristalis.interrupta","Achillea.millefolium"
"5","Eristalis.tenax","Achillea.millefolium"
"5","Halictus.tumulorum","Achillea.millefolium"
"5","Hylaeus.confusus","Achillea.millefolium"
"5","Lasioglossum.calceatum","Achillea.millefolium"
"5","Lasioglossum.fulvicorne","Achillea.millefolium"
"5","Lasioglossum.morio","Achillea.millefolium"
"5","Lasioglossum.pauxillum","Achillea.millefolium"
"5","Megachile.willughbiella","Achillea.millefolium"
"5","Melanostoma.spec","Achillea.millefolium"
"5","Melitta.haemorrhoidalis","Achillea.millefolium"
"5","Osmia.bicolor","Achillea.millefolium"
"5","Pipizella.spec","Achillea.millefolium"
"5","Psithyrus.sylvestris","Achillea.millefolium"
"5","Scaeva.selenitica","Achillea.millefolium"
"5","Sphaerophoria.spec","Achillea.millefolium"
"5","Syritta.pipiens","Achillea.millefolium"
"5","Syrphus.ribesii","Achillea.millefolium"
"5","Syrphus.torvus","Achillea.millefolium"
"5","Syrphus.vitripennis","Achillea.millefolium"
"5","Xanthogramma.pedissequum","Achillea.millefolium"
"5","Andrena.falsifica","Campanula.rotundifolia"
"5","Andrena.subopaca","Campanula.rotundifolia"
"5","Bombus.lapidarius","Campanula.rotundifolia"
"5","Bombus.pascuorum","Campanula.rotundifolia"
"5","Bombus.terrestris.agg","Campanula.rotundifolia"
"5","Cheilosia.ranunculi/albitarsis","Campanula.rotundifolia"
"5","Chelostoma.rapunculi","Campanula.rotundifolia"
"5","Chrysotoxum.verralli","Campanula.rotundifolia"
"5","Episyrphus.balteatus","Campanula.rotundifolia"
"5","Eristalis.interrupta","Campanula.rotundifolia"
"5","Eristalis.tenax","Campanula.rotundifolia"
"5","Halictus.tumulorum","Campanula.rotundifolia"
"5","Hylaeus.confusus","Campanula.rotundifolia"
"5","Lasioglossum.calceatum","Campanula.rotundifolia"
"5","Lasioglossum.fulvicorne","Campanula.rotundifolia"
"5","Lasioglossum.morio","Campanula.rotundifolia"
"5","Lasioglossum.pauxillum","Campanula.rotundifolia"
"5","Megachile.willughbiella","Campanula.rotundifolia"
"5","Melanostoma.spec","Campanula.rotundifolia"
"5","Melitta.haemorrhoidalis","Campanula.rotundifolia"
"5","Osmia.bicolor","Campanula.rotundifolia"
"5","Pipizella.spec","Campanula.rotundifolia"
"5","Psithyrus.sylvestris","Campanula.rotundifolia"
"5","Scaeva.selenitica","Campanula.rotundifolia"
"5","Sphaerophoria.spec","Campanula.rotundifolia"
"5","Syritta.pipiens","Campanula.rotundifolia"
"5","Syrphus.ribesii","Campanula.rotundifolia"
"5","Syrphus.torvus","Campanula.rotundifolia"
"5","Syrphus.vitripennis","Campanula.rotundifolia"
"5","Xanthogramma.pedissequum","Campanula.rotundifolia"
"5","Andrena.falsifica","Centaurea.jacea"
"5","Andrena.subopaca","Centaurea.jacea"
"5","Bombus.lapidarius","Centaurea.jacea"
"5","Bombus.pascuorum","Centaurea.jacea"
"5","Bombus.terrestris.agg","Centaurea.jacea"
"5","Cheilosia.ranunculi/albitarsis","Centaurea.jacea"
"5","Chelostoma.rapunculi","Centaurea.jacea"
"5","Chrysotoxum.verralli","Centaurea.jacea"
"5","Episyrphus.balteatus","Centaurea.jacea"
"5","Eristalis.interrupta","Centaurea.jacea"
"5","Eristalis.tenax","Centaurea.jacea"
"5","Halictus.tumulorum","Centaurea.jacea"
"5","Hylaeus.confusus","Centaurea.jacea"
"5","Lasioglossum.calceatum","Centaurea.jacea"
"5","Lasioglossum.fulvicorne","Centaurea.jacea"
"5","Lasioglossum.morio","Centaurea.jacea"
"5","Lasioglossum.pauxillum","Centaurea.jacea"
"5","Megachile.willughbiella","Centaurea.jacea"
"5","Melanostoma.spec","Centaurea.jacea"
"5","Melitta.haemorrhoidalis","Centaurea.jacea"
"5","Osmia.bicolor","Centaurea.jacea"
"5","Pipizella.spec","Centaurea.jacea"
"5","Psithyrus.sylvestris","Centaurea.jacea"
"5","Scaeva.selenitica","Centaurea.jacea"
"5","Sphaerophoria.spec","Centaurea.jacea"
"5","Syritta.pipiens","Centaurea.jacea"
"5","Syrphus.ribesii","Centaurea.jacea"
"5","Syrphus.torvus","Centaurea.jacea"
"5","Syrphus.vitripennis","Centaurea.jacea"
"5","Xanthogramma.pedissequum","Centaurea.jacea"
"5","Andrena.falsifica","Centaurea.scabiosa"
"5","Andrena.subopaca","Centaurea.scabiosa"
"5","Bombus.lapidarius","Centaurea.scabiosa"
"5","Bombus.pascuorum","Centaurea.scabiosa"
"5","Bombus.terrestris.agg","Centaurea.scabiosa"
"5","Cheilosia.ranunculi/albitarsis","Centaurea.scabiosa"
"5","Chelostoma.rapunculi","Centaurea.scabiosa"
"5","Chrysotoxum.verralli","Centaurea.scabiosa"
"5","Episyrphus.balteatus","Centaurea.scabiosa"
"5","Eristalis.interrupta","Centaurea.scabiosa"
"5","Eristalis.tenax","Centaurea.scabiosa"
"5","Halictus.tumulorum","Centaurea.scabiosa"
"5","Hylaeus.confusus","Centaurea.scabiosa"
"5","Lasioglossum.calceatum","Centaurea.scabiosa"
"5","Lasioglossum.fulvicorne","Centaurea.scabiosa"
"5","Lasioglossum.morio","Centaurea.scabiosa"
"5","Lasioglossum.pauxillum","Centaurea.scabiosa"
"5","Megachile.willughbiella","Centaurea.scabiosa"
"5","Melanostoma.spec","Centaurea.scabiosa"
"5","Melitta.haemorrhoidalis","Centaurea.scabiosa"
"5","Osmia.bicolor","Centaurea.scabiosa"
"5","Pipizella.spec","Centaurea.scabiosa"
"5","Psithyrus.sylvestris","Centaurea.scabiosa"
"5","Scaeva.selenitica","Centaurea.scabiosa"
"5","Sphaerophoria.spec","Centaurea.scabiosa"
"5","Syritta.pipiens","Centaurea.scabiosa"
"5","Syrphus.ribesii","Centaurea.scabiosa"
"5","Syrphus.torvus","Centaurea.scabiosa"
"5","Syrphus.vitripennis","Centaurea.scabiosa"
"5","Xanthogramma.pedissequum","Centaurea.scabiosa"
"5","Andrena.falsifica","Centaurium.erythraea"
"5","Andrena.subopaca","Centaurium.erythraea"
"5","Bombus.lapidarius","Centaurium.erythraea"
"5","Bombus.pascuorum","Centaurium.erythraea"
"5","Bombus.terrestris.agg","Centaurium.erythraea"
"5","Cheilosia.ranunculi/albitarsis","Centaurium.erythraea"
"5","Chelostoma.rapunculi","Centaurium.erythraea"
"5","Chrysotoxum.verralli","Centaurium.erythraea"
"5","Episyrphus.balteatus","Centaurium.erythraea"
"5","Eristalis.interrupta","Centaurium.erythraea"
"5","Eristalis.tenax","Centaurium.erythraea"
"5","Halictus.tumulorum","Centaurium.erythraea"
"5","Hylaeus.confusus","Centaurium.erythraea"
"5","Lasioglossum.calceatum","Centaurium.erythraea"
"5","Lasioglossum.fulvicorne","Centaurium.erythraea"
"5","Lasioglossum.morio","Centaurium.erythraea"
"5","Lasioglossum.pauxillum","Centaurium.erythraea"
"5","Megachile.willughbiella","Centaurium.erythraea"
"5","Melanostoma.spec","Centaurium.erythraea"
"5","Melitta.haemorrhoidalis","Centaurium.erythraea"
"5","Osmia.bicolor","Centaurium.erythraea"
"5","Pipizella.spec","Centaurium.erythraea"
"5","Psithyrus.sylvestris","Centaurium.erythraea"
"5","Scaeva.selenitica","Centaurium.erythraea"
"5","Sphaerophoria.spec","Centaurium.erythraea"
"5","Syritta.pipiens","Centaurium.erythraea"
"5","Syrphus.ribesii","Centaurium.erythraea"
"5","Syrphus.torvus","Centaurium.erythraea"
"5","Syrphus.vitripennis","Centaurium.erythraea"
"5","Xanthogramma.pedissequum","Centaurium.erythraea"
"5","Andrena.falsifica","Clinopodium.vulgare"
"5","Andrena.subopaca","Clinopodium.vulgare"
"5","Bombus.lapidarius","Clinopodium.vulgare"
"5","Bombus.pascuorum","Clinopodium.vulgare"
"5","Bombus.terrestris.agg","Clinopodium.vulgare"
"5","Cheilosia.ranunculi/albitarsis","Clinopodium.vulgare"
"5","Chelostoma.rapunculi","Clinopodium.vulgare"
"5","Chrysotoxum.verralli","Clinopodium.vulgare"
"5","Episyrphus.balteatus","Clinopodium.vulgare"
"5","Eristalis.interrupta","Clinopodium.vulgare"
"5","Eristalis.tenax","Clinopodium.vulgare"
"5","Halictus.tumulorum","Clinopodium.vulgare"
"5","Hylaeus.confusus","Clinopodium.vulgare"
"5","Lasioglossum.calceatum","Clinopodium.vulgare"
"5","Lasioglossum.fulvicorne","Clinopodium.vulgare"
"5","Lasioglossum.morio","Clinopodium.vulgare"
"5","Lasioglossum.pauxillum","Clinopodium.vulgare"
"5","Megachile.willughbiella","Clinopodium.vulgare"
"5","Melanostoma.spec","Clinopodium.vulgare"
"5","Melitta.haemorrhoidalis","Clinopodium.vulgare"
"5","Osmia.bicolor","Clinopodium.vulgare"
"5","Pipizella.spec","Clinopodium.vulgare"
"5","Psithyrus.sylvestris","Clinopodium.vulgare"
"5","Scaeva.selenitica","Clinopodium.vulgare"
"5","Sphaerophoria.spec","Clinopodium.vulgare"
"5","Syritta.pipiens","Clinopodium.vulgare"
"5","Syrphus.ribesii","Clinopodium.vulgare"
"5","Syrphus.torvus","Clinopodium.vulgare"
"5","Syrphus.vitripennis","Clinopodium.vulgare"
"5","Xanthogramma.pedissequum","Clinopodium.vulgare"
"5","Andrena.falsifica","Crepis.biennis"
"5","Andrena.subopaca","Crepis.biennis"
"5","Bombus.lapidarius","Crepis.biennis"
"5","Bombus.pascuorum","Crepis.biennis"
"5","Bombus.terrestris.agg","Crepis.biennis"
"5","Cheilosia.ranunculi/albitarsis","Crepis.biennis"
"5","Chelostoma.rapunculi","Crepis.biennis"
"5","Chrysotoxum.verralli","Crepis.biennis"
"5","Episyrphus.balteatus","Crepis.biennis"
"5","Eristalis.interrupta","Crepis.biennis"
"5","Eristalis.tenax","Crepis.biennis"
"5","Halictus.tumulorum","Crepis.biennis"
"5","Hylaeus.confusus","Crepis.biennis"
"5","Lasioglossum.calceatum","Crepis.biennis"
"5","Lasioglossum.fulvicorne","Crepis.biennis"
"5","Lasioglossum.morio","Crepis.biennis"
"5","Lasioglossum.pauxillum","Crepis.biennis"
"5","Megachile.willughbiella","Crepis.biennis"
"5","Melanostoma.spec","Crepis.biennis"
"5","Melitta.haemorrhoidalis","Crepis.biennis"
"5","Osmia.bicolor","Crepis.biennis"
"5","Pipizella.spec","Crepis.biennis"
"5","Psithyrus.sylvestris","Crepis.biennis"
"5","Scaeva.selenitica","Crepis.biennis"
"5","Sphaerophoria.spec","Crepis.biennis"
"5","Syritta.pipiens","Crepis.biennis"
"5","Syrphus.ribesii","Crepis.biennis"
"5","Syrphus.torvus","Crepis.biennis"
"5","Syrphus.vitripennis","Crepis.biennis"
"5","Xanthogramma.pedissequum","Crepis.biennis"
"5","Andrena.falsifica","Fragaria.vesca"
"5","Andrena.subopaca","Fragaria.vesca"
"5","Bombus.lapidarius","Fragaria.vesca"
"5","Bombus.pascuorum","Fragaria.vesca"
"5","Bombus.terrestris.agg","Fragaria.vesca"
"5","Cheilosia.ranunculi/albitarsis","Fragaria.vesca"
"5","Chelostoma.rapunculi","Fragaria.vesca"
"5","Chrysotoxum.verralli","Fragaria.vesca"
"5","Episyrphus.balteatus","Fragaria.vesca"
"5","Eristalis.interrupta","Fragaria.vesca"
"5","Eristalis.tenax","Fragaria.vesca"
"5","Halictus.tumulorum","Fragaria.vesca"
"5","Hylaeus.confusus","Fragaria.vesca"
"5","Lasioglossum.calceatum","Fragaria.vesca"
"5","Lasioglossum.fulvicorne","Fragaria.vesca"
"5","Lasioglossum.morio","Fragaria.vesca"
"5","Lasioglossum.pauxillum","Fragaria.vesca"
"5","Megachile.willughbiella","Fragaria.vesca"
"5","Melanostoma.spec","Fragaria.vesca"
"5","Melitta.haemorrhoidalis","Fragaria.vesca"
"5","Osmia.bicolor","Fragaria.vesca"
"5","Pipizella.spec","Fragaria.vesca"
"5","Psithyrus.sylvestris","Fragaria.vesca"
"5","Scaeva.selenitica","Fragaria.vesca"
"5","Sphaerophoria.spec","Fragaria.vesca"
"5","Syritta.pipiens","Fragaria.vesca"
"5","Syrphus.ribesii","Fragaria.vesca"
"5","Syrphus.torvus","Fragaria.vesca"
"5","Syrphus.vitripennis","Fragaria.vesca"
"5","Xanthogramma.pedissequum","Fragaria.vesca"
"5","Andrena.falsifica","Galium.mollugo"
"5","Andrena.subopaca","Galium.mollugo"
"5","Bombus.lapidarius","Galium.mollugo"
"5","Bombus.pascuorum","Galium.mollugo"
"5","Bombus.terrestris.agg","Galium.mollugo"
"5","Cheilosia.ranunculi/albitarsis","Galium.mollugo"
"5","Chelostoma.rapunculi","Galium.mollugo"
"5","Chrysotoxum.verralli","Galium.mollugo"
"5","Episyrphus.balteatus","Galium.mollugo"
"5","Eristalis.interrupta","Galium.mollugo"
"5","Eristalis.tenax","Galium.mollugo"
"5","Halictus.tumulorum","Galium.mollugo"
"5","Hylaeus.confusus","Galium.mollugo"
"5","Lasioglossum.calceatum","Galium.mollugo"
"5","Lasioglossum.fulvicorne","Galium.mollugo"
"5","Lasioglossum.morio","Galium.mollugo"
"5","Lasioglossum.pauxillum","Galium.mollugo"
"5","Megachile.willughbiella","Galium.mollugo"
"5","Melanostoma.spec","Galium.mollugo"
"5","Melitta.haemorrhoidalis","Galium.mollugo"
"5","Osmia.bicolor","Galium.mollugo"
"5","Pipizella.spec","Galium.mollugo"
"5","Psithyrus.sylvestris","Galium.mollugo"
"5","Scaeva.selenitica","Galium.mollugo"
"5","Sphaerophoria.spec","Galium.mollugo"
"5","Syritta.pipiens","Galium.mollugo"
"5","Syrphus.ribesii","Galium.mollugo"
"5","Syrphus.torvus","Galium.mollugo"
"5","Syrphus.vitripennis","Galium.mollugo"
"5","Xanthogramma.pedissequum","Galium.mollugo"
"5","Andrena.falsifica","Genista.tinctoria"
"5","Andrena.subopaca","Genista.tinctoria"
"5","Bombus.lapidarius","Genista.tinctoria"
"5","Bombus.pascuorum","Genista.tinctoria"
"5","Bombus.terrestris.agg","Genista.tinctoria"
"5","Cheilosia.ranunculi/albitarsis","Genista.tinctoria"
"5","Chelostoma.rapunculi","Genista.tinctoria"
"5","Chrysotoxum.verralli","Genista.tinctoria"
"5","Episyrphus.balteatus","Genista.tinctoria"
"5","Eristalis.interrupta","Genista.tinctoria"
"5","Eristalis.tenax","Genista.tinctoria"
"5","Halictus.tumulorum","Genista.tinctoria"
"5","Hylaeus.confusus","Genista.tinctoria"
"5","Lasioglossum.calceatum","Genista.tinctoria"
"5","Lasioglossum.fulvicorne","Genista.tinctoria"
"5","Lasioglossum.morio","Genista.tinctoria"
"5","Lasioglossum.pauxillum","Genista.tinctoria"
"5","Megachile.willughbiella","Genista.tinctoria"
"5","Melanostoma.spec","Genista.tinctoria"
"5","Melitta.haemorrhoidalis","Genista.tinctoria"
"5","Osmia.bicolor","Genista.tinctoria"
"5","Pipizella.spec","Genista.tinctoria"
"5","Psithyrus.sylvestris","Genista.tinctoria"
"5","Scaeva.selenitica","Genista.tinctoria"
"5","Sphaerophoria.spec","Genista.tinctoria"
"5","Syritta.pipiens","Genista.tinctoria"
"5","Syrphus.ribesii","Genista.tinctoria"
"5","Syrphus.torvus","Genista.tinctoria"
"5","Syrphus.vitripennis","Genista.tinctoria"
"5","Xanthogramma.pedissequum","Genista.tinctoria"
"5","Andrena.falsifica","Helianthemum.nummularium"
"5","Andrena.subopaca","Helianthemum.nummularium"
"5","Bombus.lapidarius","Helianthemum.nummularium"
"5","Bombus.pascuorum","Helianthemum.nummularium"
"5","Bombus.terrestris.agg","Helianthemum.nummularium"
"5","Cheilosia.ranunculi/albitarsis","Helianthemum.nummularium"
"5","Chelostoma.rapunculi","Helianthemum.nummularium"
"5","Chrysotoxum.verralli","Helianthemum.nummularium"
"5","Episyrphus.balteatus","Helianthemum.nummularium"
"5","Eristalis.interrupta","Helianthemum.nummularium"
"5","Eristalis.tenax","Helianthemum.nummularium"
"5","Halictus.tumulorum","Helianthemum.nummularium"
"5","Hylaeus.confusus","Helianthemum.nummularium"
"5","Lasioglossum.calceatum","Helianthemum.nummularium"
"5","Lasioglossum.fulvicorne","Helianthemum.nummularium"
"5","Lasioglossum.morio","Helianthemum.nummularium"
"5","Lasioglossum.pauxillum","Helianthemum.nummularium"
"5","Megachile.willughbiella","Helianthemum.nummularium"
"5","Melanostoma.spec","Helianthemum.nummularium"
"5","Melitta.haemorrhoidalis","Helianthemum.nummularium"
"5","Osmia.bicolor","Helianthemum.nummularium"
"5","Pipizella.spec","Helianthemum.nummularium"
"5","Psithyrus.sylvestris","Helianthemum.nummularium"
"5","Scaeva.selenitica","Helianthemum.nummularium"
"5","Sphaerophoria.spec","Helianthemum.nummularium"
"5","Syritta.pipiens","Helianthemum.nummularium"
"5","Syrphus.ribesii","Helianthemum.nummularium"
"5","Syrphus.torvus","Helianthemum.nummularium"
"5","Syrphus.vitripennis","Helianthemum.nummularium"
"5","Xanthogramma.pedissequum","Helianthemum.nummularium"
"5","Andrena.falsifica","Hypericum.perforatum"
"5","Andrena.subopaca","Hypericum.perforatum"
"5","Bombus.lapidarius","Hypericum.perforatum"
"5","Bombus.pascuorum","Hypericum.perforatum"
"5","Bombus.terrestris.agg","Hypericum.perforatum"
"5","Cheilosia.ranunculi/albitarsis","Hypericum.perforatum"
"5","Chelostoma.rapunculi","Hypericum.perforatum"
"5","Chrysotoxum.verralli","Hypericum.perforatum"
"5","Episyrphus.balteatus","Hypericum.perforatum"
"5","Eristalis.interrupta","Hypericum.perforatum"
"5","Eristalis.tenax","Hypericum.perforatum"
"5","Halictus.tumulorum","Hypericum.perforatum"
"5","Hylaeus.confusus","Hypericum.perforatum"
"5","Lasioglossum.calceatum","Hypericum.perforatum"
"5","Lasioglossum.fulvicorne","Hypericum.perforatum"
"5","Lasioglossum.morio","Hypericum.perforatum"
"5","Lasioglossum.pauxillum","Hypericum.perforatum"
"5","Megachile.willughbiella","Hypericum.perforatum"
"5","Melanostoma.spec","Hypericum.perforatum"
"5","Melitta.haemorrhoidalis","Hypericum.perforatum"
"5","Osmia.bicolor","Hypericum.perforatum"
"5","Pipizella.spec","Hypericum.perforatum"
"5","Psithyrus.sylvestris","Hypericum.perforatum"
"5","Scaeva.selenitica","Hypericum.perforatum"
"5","Sphaerophoria.spec","Hypericum.perforatum"
"5","Syritta.pipiens","Hypericum.perforatum"
"5","Syrphus.ribesii","Hypericum.perforatum"
"5","Syrphus.torvus","Hypericum.perforatum"
"5","Syrphus.vitripennis","Hypericum.perforatum"
"5","Xanthogramma.pedissequum","Hypericum.perforatum"
"5","Andrena.falsifica","Knautia.arvensis"
"5","Andrena.subopaca","Knautia.arvensis"
"5","Bombus.lapidarius","Knautia.arvensis"
"5","Bombus.pascuorum","Knautia.arvensis"
"5","Bombus.terrestris.agg","Knautia.arvensis"
"5","Cheilosia.ranunculi/albitarsis","Knautia.arvensis"
"5","Chelostoma.rapunculi","Knautia.arvensis"
"5","Chrysotoxum.verralli","Knautia.arvensis"
"5","Episyrphus.balteatus","Knautia.arvensis"
"5","Eristalis.interrupta","Knautia.arvensis"
"5","Eristalis.tenax","Knautia.arvensis"
"5","Halictus.tumulorum","Knautia.arvensis"
"5","Hylaeus.confusus","Knautia.arvensis"
"5","Lasioglossum.calceatum","Knautia.arvensis"
"5","Lasioglossum.fulvicorne","Knautia.arvensis"
"5","Lasioglossum.morio","Knautia.arvensis"
"5","Lasioglossum.pauxillum","Knautia.arvensis"
"5","Megachile.willughbiella","Knautia.arvensis"
"5","Melanostoma.spec","Knautia.arvensis"
"5","Melitta.haemorrhoidalis","Knautia.arvensis"
"5","Osmia.bicolor","Knautia.arvensis"
"5","Pipizella.spec","Knautia.arvensis"
"5","Psithyrus.sylvestris","Knautia.arvensis"
"5","Scaeva.selenitica","Knautia.arvensis"
"5","Sphaerophoria.spec","Knautia.arvensis"
"5","Syritta.pipiens","Knautia.arvensis"
"5","Syrphus.ribesii","Knautia.arvensis"
"5","Syrphus.torvus","Knautia.arvensis"
"5","Syrphus.vitripennis","Knautia.arvensis"
"5","Xanthogramma.pedissequum","Knautia.arvensis"
"5","Andrena.falsifica","Leontodon.hispidus"
"5","Andrena.subopaca","Leontodon.hispidus"
"5","Bombus.lapidarius","Leontodon.hispidus"
"5","Bombus.pascuorum","Leontodon.hispidus"
"5","Bombus.terrestris.agg","Leontodon.hispidus"
"5","Cheilosia.ranunculi/albitarsis","Leontodon.hispidus"
"5","Chelostoma.rapunculi","Leontodon.hispidus"
"5","Chrysotoxum.verralli","Leontodon.hispidus"
"5","Episyrphus.balteatus","Leontodon.hispidus"
"5","Eristalis.interrupta","Leontodon.hispidus"
"5","Eristalis.tenax","Leontodon.hispidus"
"5","Halictus.tumulorum","Leontodon.hispidus"
"5","Hylaeus.confusus","Leontodon.hispidus"
"5","Lasioglossum.calceatum","Leontodon.hispidus"
"5","Lasioglossum.fulvicorne","Leontodon.hispidus"
"5","Lasioglossum.morio","Leontodon.hispidus"
"5","Lasioglossum.pauxillum","Leontodon.hispidus"
"5","Megachile.willughbiella","Leontodon.hispidus"
"5","Melanostoma.spec","Leontodon.hispidus"
"5","Melitta.haemorrhoidalis","Leontodon.hispidus"
"5","Osmia.bicolor","Leontodon.hispidus"
"5","Pipizella.spec","Leontodon.hispidus"
"5","Psithyrus.sylvestris","Leontodon.hispidus"
"5","Scaeva.selenitica","Leontodon.hispidus"
"5","Sphaerophoria.spec","Leontodon.hispidus"
"5","Syritta.pipiens","Leontodon.hispidus"
"5","Syrphus.ribesii","Leontodon.hispidus"
"5","Syrphus.torvus","Leontodon.hispidus"
"5","Syrphus.vitripennis","Leontodon.hispidus"
"5","Xanthogramma.pedissequum","Leontodon.hispidus"
"5","Andrena.falsifica","Leucanthemum.vulgare"
"5","Andrena.subopaca","Leucanthemum.vulgare"
"5","Bombus.lapidarius","Leucanthemum.vulgare"
"5","Bombus.pascuorum","Leucanthemum.vulgare"
"5","Bombus.terrestris.agg","Leucanthemum.vulgare"
"5","Cheilosia.ranunculi/albitarsis","Leucanthemum.vulgare"
"5","Chelostoma.rapunculi","Leucanthemum.vulgare"
"5","Chrysotoxum.verralli","Leucanthemum.vulgare"
"5","Episyrphus.balteatus","Leucanthemum.vulgare"
"5","Eristalis.interrupta","Leucanthemum.vulgare"
"5","Eristalis.tenax","Leucanthemum.vulgare"
"5","Halictus.tumulorum","Leucanthemum.vulgare"
"5","Hylaeus.confusus","Leucanthemum.vulgare"
"5","Lasioglossum.calceatum","Leucanthemum.vulgare"
"5","Lasioglossum.fulvicorne","Leucanthemum.vulgare"
"5","Lasioglossum.morio","Leucanthemum.vulgare"
"5","Lasioglossum.pauxillum","Leucanthemum.vulgare"
"5","Megachile.willughbiella","Leucanthemum.vulgare"
"5","Melanostoma.spec","Leucanthemum.vulgare"
"5","Melitta.haemorrhoidalis","Leucanthemum.vulgare"
"5","Osmia.bicolor","Leucanthemum.vulgare"
"5","Pipizella.spec","Leucanthemum.vulgare"
"5","Psithyrus.sylvestris","Leucanthemum.vulgare"
"5","Scaeva.selenitica","Leucanthemum.vulgare"
"5","Sphaerophoria.spec","Leucanthemum.vulgare"
"5","Syritta.pipiens","Leucanthemum.vulgare"
"5","Syrphus.ribesii","Leucanthemum.vulgare"
"5","Syrphus.torvus","Leucanthemum.vulgare"
"5","Syrphus.vitripennis","Leucanthemum.vulgare"
"5","Xanthogramma.pedissequum","Leucanthemum.vulgare"
"5","Andrena.falsifica","Lotus.corniculatus"
"5","Andrena.subopaca","Lotus.corniculatus"
"5","Bombus.lapidarius","Lotus.corniculatus"
"5","Bombus.pascuorum","Lotus.corniculatus"
"5","Bombus.terrestris.agg","Lotus.corniculatus"
"5","Cheilosia.ranunculi/albitarsis","Lotus.corniculatus"
"5","Chelostoma.rapunculi","Lotus.corniculatus"
"5","Chrysotoxum.verralli","Lotus.corniculatus"
"5","Episyrphus.balteatus","Lotus.corniculatus"
"5","Eristalis.interrupta","Lotus.corniculatus"
"5","Eristalis.tenax","Lotus.corniculatus"
"5","Halictus.tumulorum","Lotus.corniculatus"
"5","Hylaeus.confusus","Lotus.corniculatus"
"5","Lasioglossum.calceatum","Lotus.corniculatus"
"5","Lasioglossum.fulvicorne","Lotus.corniculatus"
"5","Lasioglossum.morio","Lotus.corniculatus"
"5","Lasioglossum.pauxillum","Lotus.corniculatus"
"5","Megachile.willughbiella","Lotus.corniculatus"
"5","Melanostoma.spec","Lotus.corniculatus"
"5","Melitta.haemorrhoidalis","Lotus.corniculatus"
"5","Osmia.bicolor","Lotus.corniculatus"
"5","Pipizella.spec","Lotus.corniculatus"
"5","Psithyrus.sylvestris","Lotus.corniculatus"
"5","Scaeva.selenitica","Lotus.corniculatus"
"5","Sphaerophoria.spec","Lotus.corniculatus"
"5","Syritta.pipiens","Lotus.corniculatus"
"5","Syrphus.ribesii","Lotus.corniculatus"
"5","Syrphus.torvus","Lotus.corniculatus"
"5","Syrphus.vitripennis","Lotus.corniculatus"
"5","Xanthogramma.pedissequum","Lotus.corniculatus"
"5","Andrena.falsifica","Medicago.falcata"
"5","Andrena.subopaca","Medicago.falcata"
"5","Bombus.lapidarius","Medicago.falcata"
"5","Bombus.pascuorum","Medicago.falcata"
"5","Bombus.terrestris.agg","Medicago.falcata"
"5","Cheilosia.ranunculi/albitarsis","Medicago.falcata"
"5","Chelostoma.rapunculi","Medicago.falcata"
"5","Chrysotoxum.verralli","Medicago.falcata"
"5","Episyrphus.balteatus","Medicago.falcata"
"5","Eristalis.interrupta","Medicago.falcata"
"5","Eristalis.tenax","Medicago.falcata"
"5","Halictus.tumulorum","Medicago.falcata"
"5","Hylaeus.confusus","Medicago.falcata"
"5","Lasioglossum.calceatum","Medicago.falcata"
"5","Lasioglossum.fulvicorne","Medicago.falcata"
"5","Lasioglossum.morio","Medicago.falcata"
"5","Lasioglossum.pauxillum","Medicago.falcata"
"5","Megachile.willughbiella","Medicago.falcata"
"5","Melanostoma.spec","Medicago.falcata"
"5","Melitta.haemorrhoidalis","Medicago.falcata"
"5","Osmia.bicolor","Medicago.falcata"
"5","Pipizella.spec","Medicago.falcata"
"5","Psithyrus.sylvestris","Medicago.falcata"
"5","Scaeva.selenitica","Medicago.falcata"
"5","Sphaerophoria.spec","Medicago.falcata"
"5","Syritta.pipiens","Medicago.falcata"
"5","Syrphus.ribesii","Medicago.falcata"
"5","Syrphus.torvus","Medicago.falcata"
"5","Syrphus.vitripennis","Medicago.falcata"
"5","Xanthogramma.pedissequum","Medicago.falcata"
"5","Andrena.falsifica","Medicago.lupulina"
"5","Andrena.subopaca","Medicago.lupulina"
"5","Bombus.lapidarius","Medicago.lupulina"
"5","Bombus.pascuorum","Medicago.lupulina"
"5","Bombus.terrestris.agg","Medicago.lupulina"
"5","Cheilosia.ranunculi/albitarsis","Medicago.lupulina"
"5","Chelostoma.rapunculi","Medicago.lupulina"
"5","Chrysotoxum.verralli","Medicago.lupulina"
"5","Episyrphus.balteatus","Medicago.lupulina"
"5","Eristalis.interrupta","Medicago.lupulina"
"5","Eristalis.tenax","Medicago.lupulina"
"5","Halictus.tumulorum","Medicago.lupulina"
"5","Hylaeus.confusus","Medicago.lupulina"
"5","Lasioglossum.calceatum","Medicago.lupulina"
"5","Lasioglossum.fulvicorne","Medicago.lupulina"
"5","Lasioglossum.morio","Medicago.lupulina"
"5","Lasioglossum.pauxillum","Medicago.lupulina"
"5","Megachile.willughbiella","Medicago.lupulina"
"5","Melanostoma.spec","Medicago.lupulina"
"5","Melitta.haemorrhoidalis","Medicago.lupulina"
"5","Osmia.bicolor","Medicago.lupulina"
"5","Pipizella.spec","Medicago.lupulina"
"5","Psithyrus.sylvestris","Medicago.lupulina"
"5","Scaeva.selenitica","Medicago.lupulina"
"5","Sphaerophoria.spec","Medicago.lupulina"
"5","Syritta.pipiens","Medicago.lupulina"
"5","Syrphus.ribesii","Medicago.lupulina"
"5","Syrphus.torvus","Medicago.lupulina"
"5","Syrphus.vitripennis","Medicago.lupulina"
"5","Xanthogramma.pedissequum","Medicago.lupulina"
"5","Andrena.falsifica","Pimpinella.saxifraga"
"5","Andrena.subopaca","Pimpinella.saxifraga"
"5","Bombus.lapidarius","Pimpinella.saxifraga"
"5","Bombus.pascuorum","Pimpinella.saxifraga"
"5","Bombus.terrestris.agg","Pimpinella.saxifraga"
"5","Cheilosia.ranunculi/albitarsis","Pimpinella.saxifraga"
"5","Chelostoma.rapunculi","Pimpinella.saxifraga"
"5","Chrysotoxum.verralli","Pimpinella.saxifraga"
"5","Episyrphus.balteatus","Pimpinella.saxifraga"
"5","Eristalis.interrupta","Pimpinella.saxifraga"
"5","Eristalis.tenax","Pimpinella.saxifraga"
"5","Halictus.tumulorum","Pimpinella.saxifraga"
"5","Hylaeus.confusus","Pimpinella.saxifraga"
"5","Lasioglossum.calceatum","Pimpinella.saxifraga"
"5","Lasioglossum.fulvicorne","Pimpinella.saxifraga"
"5","Lasioglossum.morio","Pimpinella.saxifraga"
"5","Lasioglossum.pauxillum","Pimpinella.saxifraga"
"5","Megachile.willughbiella","Pimpinella.saxifraga"
"5","Melanostoma.spec","Pimpinella.saxifraga"
"5","Melitta.haemorrhoidalis","Pimpinella.saxifraga"
"5","Osmia.bicolor","Pimpinella.saxifraga"
"5","Pipizella.spec","Pimpinella.saxifraga"
"5","Psithyrus.sylvestris","Pimpinella.saxifraga"
"5","Scaeva.selenitica","Pimpinella.saxifraga"
"5","Sphaerophoria.spec","Pimpinella.saxifraga"
"5","Syritta.pipiens","Pimpinella.saxifraga"
"5","Syrphus.ribesii","Pimpinella.saxifraga"
"5","Syrphus.torvus","Pimpinella.saxifraga"
"5","Syrphus.vitripennis","Pimpinella.saxifraga"
"5","Xanthogramma.pedissequum","Pimpinella.saxifraga"
"5","Andrena.falsifica","Plantago.lanceolata"
"5","Andrena.subopaca","Plantago.lanceolata"
"5","Bombus.lapidarius","Plantago.lanceolata"
"5","Bombus.pascuorum","Plantago.lanceolata"
"5","Bombus.terrestris.agg","Plantago.lanceolata"
"5","Cheilosia.ranunculi/albitarsis","Plantago.lanceolata"
"5","Chelostoma.rapunculi","Plantago.lanceolata"
"5","Chrysotoxum.verralli","Plantago.lanceolata"
"5","Episyrphus.balteatus","Plantago.lanceolata"
"5","Eristalis.interrupta","Plantago.lanceolata"
"5","Eristalis.tenax","Plantago.lanceolata"
"5","Halictus.tumulorum","Plantago.lanceolata"
"5","Hylaeus.confusus","Plantago.lanceolata"
"5","Lasioglossum.calceatum","Plantago.lanceolata"
"5","Lasioglossum.fulvicorne","Plantago.lanceolata"
"5","Lasioglossum.morio","Plantago.lanceolata"
"5","Lasioglossum.pauxillum","Plantago.lanceolata"
"5","Megachile.willughbiella","Plantago.lanceolata"
"5","Melanostoma.spec","Plantago.lanceolata"
"5","Melitta.haemorrhoidalis","Plantago.lanceolata"
"5","Osmia.bicolor","Plantago.lanceolata"
"5","Pipizella.spec","Plantago.lanceolata"
"5","Psithyrus.sylvestris","Plantago.lanceolata"
"5","Scaeva.selenitica","Plantago.lanceolata"
"5","Sphaerophoria.spec","Plantago.lanceolata"
"5","Syritta.pipiens","Plantago.lanceolata"
"5","Syrphus.ribesii","Plantago.lanceolata"
"5","Syrphus.torvus","Plantago.lanceolata"
"5","Syrphus.vitripennis","Plantago.lanceolata"
"5","Xanthogramma.pedissequum","Plantago.lanceolata"
"5","Andrena.falsifica","Plantago.media"
"5","Andrena.subopaca","Plantago.media"
"5","Bombus.lapidarius","Plantago.media"
"5","Bombus.pascuorum","Plantago.media"
"5","Bombus.terrestris.agg","Plantago.media"
"5","Cheilosia.ranunculi/albitarsis","Plantago.media"
"5","Chelostoma.rapunculi","Plantago.media"
"5","Chrysotoxum.verralli","Plantago.media"
"5","Episyrphus.balteatus","Plantago.media"
"5","Eristalis.interrupta","Plantago.media"
"5","Eristalis.tenax","Plantago.media"
"5","Halictus.tumulorum","Plantago.media"
"5","Hylaeus.confusus","Plantago.media"
"5","Lasioglossum.calceatum","Plantago.media"
"5","Lasioglossum.fulvicorne","Plantago.media"
"5","Lasioglossum.morio","Plantago.media"
"5","Lasioglossum.pauxillum","Plantago.media"
"5","Megachile.willughbiella","Plantago.media"
"5","Melanostoma.spec","Plantago.media"
"5","Melitta.haemorrhoidalis","Plantago.media"
"5","Osmia.bicolor","Plantago.media"
"5","Pipizella.spec","Plantago.media"
"5","Psithyrus.sylvestris","Plantago.media"
"5","Scaeva.selenitica","Plantago.media"
"5","Sphaerophoria.spec","Plantago.media"
"5","Syritta.pipiens","Plantago.media"
"5","Syrphus.ribesii","Plantago.media"
"5","Syrphus.torvus","Plantago.media"
"5","Syrphus.vitripennis","Plantago.media"
"5","Xanthogramma.pedissequum","Plantago.media"
"5","Andrena.falsifica","Potentilla.neumanniana"
"5","Andrena.subopaca","Potentilla.neumanniana"
"5","Bombus.lapidarius","Potentilla.neumanniana"
"5","Bombus.pascuorum","Potentilla.neumanniana"
"5","Bombus.terrestris.agg","Potentilla.neumanniana"
"5","Cheilosia.ranunculi/albitarsis","Potentilla.neumanniana"
"5","Chelostoma.rapunculi","Potentilla.neumanniana"
"5","Chrysotoxum.verralli","Potentilla.neumanniana"
"5","Episyrphus.balteatus","Potentilla.neumanniana"
"5","Eristalis.interrupta","Potentilla.neumanniana"
"5","Eristalis.tenax","Potentilla.neumanniana"
"5","Halictus.tumulorum","Potentilla.neumanniana"
"5","Hylaeus.confusus","Potentilla.neumanniana"
"5","Lasioglossum.calceatum","Potentilla.neumanniana"
"5","Lasioglossum.fulvicorne","Potentilla.neumanniana"
"5","Lasioglossum.morio","Potentilla.neumanniana"
"5","Lasioglossum.pauxillum","Potentilla.neumanniana"
"5","Megachile.willughbiella","Potentilla.neumanniana"
"5","Melanostoma.spec","Potentilla.neumanniana"
"5","Melitta.haemorrhoidalis","Potentilla.neumanniana"
"5","Osmia.bicolor","Potentilla.neumanniana"
"5","Pipizella.spec","Potentilla.neumanniana"
"5","Psithyrus.sylvestris","Potentilla.neumanniana"
"5","Scaeva.selenitica","Potentilla.neumanniana"
"5","Sphaerophoria.spec","Potentilla.neumanniana"
"5","Syritta.pipiens","Potentilla.neumanniana"
"5","Syrphus.ribesii","Potentilla.neumanniana"
"5","Syrphus.torvus","Potentilla.neumanniana"
"5","Syrphus.vitripennis","Potentilla.neumanniana"
"5","Xanthogramma.pedissequum","Potentilla.neumanniana"
"5","Andrena.falsifica","Prunella.grandiflora"
"5","Andrena.subopaca","Prunella.grandiflora"
"5","Bombus.lapidarius","Prunella.grandiflora"
"5","Bombus.pascuorum","Prunella.grandiflora"
"5","Bombus.terrestris.agg","Prunella.grandiflora"
"5","Cheilosia.ranunculi/albitarsis","Prunella.grandiflora"
"5","Chelostoma.rapunculi","Prunella.grandiflora"
"5","Chrysotoxum.verralli","Prunella.grandiflora"
"5","Episyrphus.balteatus","Prunella.grandiflora"
"5","Eristalis.interrupta","Prunella.grandiflora"
"5","Eristalis.tenax","Prunella.grandiflora"
"5","Halictus.tumulorum","Prunella.grandiflora"
"5","Hylaeus.confusus","Prunella.grandiflora"
"5","Lasioglossum.calceatum","Prunella.grandiflora"
"5","Lasioglossum.fulvicorne","Prunella.grandiflora"
"5","Lasioglossum.morio","Prunella.grandiflora"
"5","Lasioglossum.pauxillum","Prunella.grandiflora"
"5","Megachile.willughbiella","Prunella.grandiflora"
"5","Melanostoma.spec","Prunella.grandiflora"
"5","Melitta.haemorrhoidalis","Prunella.grandiflora"
"5","Osmia.bicolor","Prunella.grandiflora"
"5","Pipizella.spec","Prunella.grandiflora"
"5","Psithyrus.sylvestris","Prunella.grandiflora"
"5","Scaeva.selenitica","Prunella.grandiflora"
"5","Sphaerophoria.spec","Prunella.grandiflora"
"5","Syritta.pipiens","Prunella.grandiflora"
"5","Syrphus.ribesii","Prunella.grandiflora"
"5","Syrphus.torvus","Prunella.grandiflora"
"5","Syrphus.vitripennis","Prunella.grandiflora"
"5","Xanthogramma.pedissequum","Prunella.grandiflora"
"5","Andrena.falsifica","Ranunculus.bulbosus"
"5","Andrena.subopaca","Ranunculus.bulbosus"
"5","Bombus.lapidarius","Ranunculus.bulbosus"
"5","Bombus.pascuorum","Ranunculus.bulbosus"
"5","Bombus.terrestris.agg","Ranunculus.bulbosus"
"5","Cheilosia.ranunculi/albitarsis","Ranunculus.bulbosus"
"5","Chelostoma.rapunculi","Ranunculus.bulbosus"
"5","Chrysotoxum.verralli","Ranunculus.bulbosus"
"5","Episyrphus.balteatus","Ranunculus.bulbosus"
"5","Eristalis.interrupta","Ranunculus.bulbosus"
"5","Eristalis.tenax","Ranunculus.bulbosus"
"5","Halictus.tumulorum","Ranunculus.bulbosus"
"5","Hylaeus.confusus","Ranunculus.bulbosus"
"5","Lasioglossum.calceatum","Ranunculus.bulbosus"
"5","Lasioglossum.fulvicorne","Ranunculus.bulbosus"
"5","Lasioglossum.morio","Ranunculus.bulbosus"
"5","Lasioglossum.pauxillum","Ranunculus.bulbosus"
"5","Megachile.willughbiella","Ranunculus.bulbosus"
"5","Melanostoma.spec","Ranunculus.bulbosus"
"5","Melitta.haemorrhoidalis","Ranunculus.bulbosus"
"5","Osmia.bicolor","Ranunculus.bulbosus"
"5","Pipizella.spec","Ranunculus.bulbosus"
"5","Psithyrus.sylvestris","Ranunculus.bulbosus"
"5","Scaeva.selenitica","Ranunculus.bulbosus"
"5","Sphaerophoria.spec","Ranunculus.bulbosus"
"5","Syritta.pipiens","Ranunculus.bulbosus"
"5","Syrphus.ribesii","Ranunculus.bulbosus"
"5","Syrphus.torvus","Ranunculus.bulbosus"
"5","Syrphus.vitripennis","Ranunculus.bulbosus"
"5","Xanthogramma.pedissequum","Ranunculus.bulbosus"
"5","Andrena.falsifica","Solidago.canadensis"
"5","Andrena.subopaca","Solidago.canadensis"
"5","Bombus.lapidarius","Solidago.canadensis"
"5","Bombus.pascuorum","Solidago.canadensis"
"5","Bombus.terrestris.agg","Solidago.canadensis"
"5","Cheilosia.ranunculi/albitarsis","Solidago.canadensis"
"5","Chelostoma.rapunculi","Solidago.canadensis"
"5","Chrysotoxum.verralli","Solidago.canadensis"
"5","Episyrphus.balteatus","Solidago.canadensis"
"5","Eristalis.interrupta","Solidago.canadensis"
"5","Eristalis.tenax","Solidago.canadensis"
"5","Halictus.tumulorum","Solidago.canadensis"
"5","Hylaeus.confusus","Solidago.canadensis"
"5","Lasioglossum.calceatum","Solidago.canadensis"
"5","Lasioglossum.fulvicorne","Solidago.canadensis"
"5","Lasioglossum.morio","Solidago.canadensis"
"5","Lasioglossum.pauxillum","Solidago.canadensis"
"5","Megachile.willughbiella","Solidago.canadensis"
"5","Melanostoma.spec","Solidago.canadensis"
"5","Melitta.haemorrhoidalis","Solidago.canadensis"
"5","Osmia.bicolor","Solidago.canadensis"
"5","Pipizella.spec","Solidago.canadensis"
"5","Psithyrus.sylvestris","Solidago.canadensis"
"5","Scaeva.selenitica","Solidago.canadensis"
"5","Sphaerophoria.spec","Solidago.canadensis"
"5","Syritta.pipiens","Solidago.canadensis"
"5","Syrphus.ribesii","Solidago.canadensis"
"5","Syrphus.torvus","Solidago.canadensis"
"5","Syrphus.vitripennis","Solidago.canadensis"
"5","Xanthogramma.pedissequum","Solidago.canadensis"
"5","Andrena.falsifica","Taraxacum.officinale"
"5","Andrena.subopaca","Taraxacum.officinale"
"5","Bombus.lapidarius","Taraxacum.officinale"
"5","Bombus.pascuorum","Taraxacum.officinale"
"5","Bombus.terrestris.agg","Taraxacum.officinale"
"5","Cheilosia.ranunculi/albitarsis","Taraxacum.officinale"
"5","Chelostoma.rapunculi","Taraxacum.officinale"
"5","Chrysotoxum.verralli","Taraxacum.officinale"
"5","Episyrphus.balteatus","Taraxacum.officinale"
"5","Eristalis.interrupta","Taraxacum.officinale"
"5","Eristalis.tenax","Taraxacum.officinale"
"5","Halictus.tumulorum","Taraxacum.officinale"
"5","Hylaeus.confusus","Taraxacum.officinale"
"5","Lasioglossum.calceatum","Taraxacum.officinale"
"5","Lasioglossum.fulvicorne","Taraxacum.officinale"
"5","Lasioglossum.morio","Taraxacum.officinale"
"5","Lasioglossum.pauxillum","Taraxacum.officinale"
"5","Megachile.willughbiella","Taraxacum.officinale"
"5","Melanostoma.spec","Taraxacum.officinale"
"5","Melitta.haemorrhoidalis","Taraxacum.officinale"
"5","Osmia.bicolor","Taraxacum.officinale"
"5","Pipizella.spec","Taraxacum.officinale"
"5","Psithyrus.sylvestris","Taraxacum.officinale"
"5","Scaeva.selenitica","Taraxacum.officinale"
"5","Sphaerophoria.spec","Taraxacum.officinale"
"5","Syritta.pipiens","Taraxacum.officinale"
"5","Syrphus.ribesii","Taraxacum.officinale"
"5","Syrphus.torvus","Taraxacum.officinale"
"5","Syrphus.vitripennis","Taraxacum.officinale"
"5","Xanthogramma.pedissequum","Taraxacum.officinale"
"5","Andrena.falsifica","Trifolium.pratense"
"5","Andrena.subopaca","Trifolium.pratense"
"5","Bombus.lapidarius","Trifolium.pratense"
"5","Bombus.pascuorum","Trifolium.pratense"
"5","Bombus.terrestris.agg","Trifolium.pratense"
"5","Cheilosia.ranunculi/albitarsis","Trifolium.pratense"
"5","Chelostoma.rapunculi","Trifolium.pratense"
"5","Chrysotoxum.verralli","Trifolium.pratense"
"5","Episyrphus.balteatus","Trifolium.pratense"
"5","Eristalis.interrupta","Trifolium.pratense"
"5","Eristalis.tenax","Trifolium.pratense"
"5","Halictus.tumulorum","Trifolium.pratense"
"5","Hylaeus.confusus","Trifolium.pratense"
"5","Lasioglossum.calceatum","Trifolium.pratense"
"5","Lasioglossum.fulvicorne","Trifolium.pratense"
"5","Lasioglossum.morio","Trifolium.pratense"
"5","Lasioglossum.pauxillum","Trifolium.pratense"
"5","Megachile.willughbiella","Trifolium.pratense"
"5","Melanostoma.spec","Trifolium.pratense"
"5","Melitta.haemorrhoidalis","Trifolium.pratense"
"5","Osmia.bicolor","Trifolium.pratense"
"5","Pipizella.spec","Trifolium.pratense"
"5","Psithyrus.sylvestris","Trifolium.pratense"
"5","Scaeva.selenitica","Trifolium.pratense"
"5","Sphaerophoria.spec","Trifolium.pratense"
"5","Syritta.pipiens","Trifolium.pratense"
"5","Syrphus.ribesii","Trifolium.pratense"
"5","Syrphus.torvus","Trifolium.pratense"
"5","Syrphus.vitripennis","Trifolium.pratense"
"5","Xanthogramma.pedissequum","Trifolium.pratense"
"5","Andrena.falsifica","Trifolium.repens"
"5","Andrena.subopaca","Trifolium.repens"
"5","Bombus.lapidarius","Trifolium.repens"
"5","Bombus.pascuorum","Trifolium.repens"
"5","Bombus.terrestris.agg","Trifolium.repens"
"5","Cheilosia.ranunculi/albitarsis","Trifolium.repens"
"5","Chelostoma.rapunculi","Trifolium.repens"
"5","Chrysotoxum.verralli","Trifolium.repens"
"5","Episyrphus.balteatus","Trifolium.repens"
"5","Eristalis.interrupta","Trifolium.repens"
"5","Eristalis.tenax","Trifolium.repens"
"5","Halictus.tumulorum","Trifolium.repens"
"5","Hylaeus.confusus","Trifolium.repens"
"5","Lasioglossum.calceatum","Trifolium.repens"
"5","Lasioglossum.fulvicorne","Trifolium.repens"
"5","Lasioglossum.morio","Trifolium.repens"
"5","Lasioglossum.pauxillum","Trifolium.repens"
"5","Megachile.willughbiella","Trifolium.repens"
"5","Melanostoma.spec","Trifolium.repens"
"5","Melitta.haemorrhoidalis","Trifolium.repens"
"5","Osmia.bicolor","Trifolium.repens"
"5","Pipizella.spec","Trifolium.repens"
"5","Psithyrus.sylvestris","Trifolium.repens"
"5","Scaeva.selenitica","Trifolium.repens"
"5","Sphaerophoria.spec","Trifolium.repens"
"5","Syritta.pipiens","Trifolium.repens"
"5","Syrphus.ribesii","Trifolium.repens"
"5","Syrphus.torvus","Trifolium.repens"
"5","Syrphus.vitripennis","Trifolium.repens"
"5","Xanthogramma.pedissequum","Trifolium.repens"
"5","Andrena.falsifica","Veronica.chamaedrys"
"5","Andrena.subopaca","Veronica.chamaedrys"
"5","Bombus.lapidarius","Veronica.chamaedrys"
"5","Bombus.pascuorum","Veronica.chamaedrys"
"5","Bombus.terrestris.agg","Veronica.chamaedrys"
"5","Cheilosia.ranunculi/albitarsis","Veronica.chamaedrys"
"5","Chelostoma.rapunculi","Veronica.chamaedrys"
"5","Chrysotoxum.verralli","Veronica.chamaedrys"
"5","Episyrphus.balteatus","Veronica.chamaedrys"
"5","Eristalis.interrupta","Veronica.chamaedrys"
"5","Eristalis.tenax","Veronica.chamaedrys"
"5","Halictus.tumulorum","Veronica.chamaedrys"
"5","Hylaeus.confusus","Veronica.chamaedrys"
"5","Lasioglossum.calceatum","Veronica.chamaedrys"
"5","Lasioglossum.fulvicorne","Veronica.chamaedrys"
"5","Lasioglossum.morio","Veronica.chamaedrys"
"5","Lasioglossum.pauxillum","Veronica.chamaedrys"
"5","Megachile.willughbiella","Veronica.chamaedrys"
"5","Melanostoma.spec","Veronica.chamaedrys"
"5","Melitta.haemorrhoidalis","Veronica.chamaedrys"
"5","Osmia.bicolor","Veronica.chamaedrys"
"5","Pipizella.spec","Veronica.chamaedrys"
"5","Psithyrus.sylvestris","Veronica.chamaedrys"
"5","Scaeva.selenitica","Veronica.chamaedrys"
"5","Sphaerophoria.spec","Veronica.chamaedrys"
"5","Syritta.pipiens","Veronica.chamaedrys"
"5","Syrphus.ribesii","Veronica.chamaedrys"
"5","Syrphus.torvus","Veronica.chamaedrys"
"5","Syrphus.vitripennis","Veronica.chamaedrys"
"5","Xanthogramma.pedissequum","Veronica.chamaedrys"
"5","Andrena.falsifica","Veronica.teucrium"
"5","Andrena.subopaca","Veronica.teucrium"
"5","Bombus.lapidarius","Veronica.teucrium"
"5","Bombus.pascuorum","Veronica.teucrium"
"5","Bombus.terrestris.agg","Veronica.teucrium"
"5","Cheilosia.ranunculi/albitarsis","Veronica.teucrium"
"5","Chelostoma.rapunculi","Veronica.teucrium"
"5","Chrysotoxum.verralli","Veronica.teucrium"
"5","Episyrphus.balteatus","Veronica.teucrium"
"5","Eristalis.interrupta","Veronica.teucrium"
"5","Eristalis.tenax","Veronica.teucrium"
"5","Halictus.tumulorum","Veronica.teucrium"
"5","Hylaeus.confusus","Veronica.teucrium"
"5","Lasioglossum.calceatum","Veronica.teucrium"
"5","Lasioglossum.fulvicorne","Veronica.teucrium"
"5","Lasioglossum.morio","Veronica.teucrium"
"5","Lasioglossum.pauxillum","Veronica.teucrium"
"5","Megachile.willughbiella","Veronica.teucrium"
"5","Melanostoma.spec","Veronica.teucrium"
"5","Melitta.haemorrhoidalis","Veronica.teucrium"
"5","Osmia.bicolor","Veronica.teucrium"
"5","Pipizella.spec","Veronica.teucrium"
"5","Psithyrus.sylvestris","Veronica.teucrium"
"5","Scaeva.selenitica","Veronica.teucrium"
"5","Sphaerophoria.spec","Veronica.teucrium"
"5","Syritta.pipiens","Veronica.teucrium"
"5","Syrphus.ribesii","Veronica.teucrium"
"5","Syrphus.torvus","Veronica.teucrium"
"5","Syrphus.vitripennis","Veronica.teucrium"
"5","Xanthogramma.pedissequum","Veronica.teucrium"
"5","Andrena.falsifica","Vicia.cracca"
"5","Andrena.subopaca","Vicia.cracca"
"5","Bombus.lapidarius","Vicia.cracca"
"5","Bombus.pascuorum","Vicia.cracca"
"5","Bombus.terrestris.agg","Vicia.cracca"
"5","Cheilosia.ranunculi/albitarsis","Vicia.cracca"
"5","Chelostoma.rapunculi","Vicia.cracca"
"5","Chrysotoxum.verralli","Vicia.cracca"
"5","Episyrphus.balteatus","Vicia.cracca"
"5","Eristalis.interrupta","Vicia.cracca"
"5","Eristalis.tenax","Vicia.cracca"
"5","Halictus.tumulorum","Vicia.cracca"
"5","Hylaeus.confusus","Vicia.cracca"
"5","Lasioglossum.calceatum","Vicia.cracca"
"5","Lasioglossum.fulvicorne","Vicia.cracca"
"5","Lasioglossum.morio","Vicia.cracca"
"5","Lasioglossum.pauxillum","Vicia.cracca"
"5","Megachile.willughbiella","Vicia.cracca"
"5","Melanostoma.spec","Vicia.cracca"
"5","Melitta.haemorrhoidalis","Vicia.cracca"
"5","Osmia.bicolor","Vicia.cracca"
"5","Pipizella.spec","Vicia.cracca"
"5","Psithyrus.sylvestris","Vicia.cracca"
"5","Scaeva.selenitica","Vicia.cracca"
"5","Sphaerophoria.spec","Vicia.cracca"
"5","Syritta.pipiens","Vicia.cracca"
"5","Syrphus.ribesii","Vicia.cracca"
"5","Syrphus.torvus","Vicia.cracca"
"5","Syrphus.vitripennis","Vicia.cracca"
"5","Xanthogramma.pedissequum","Vicia.cracca"
"6","Andrena.falsifica","Achillea.millefolium"
"6","Andrena.flavipes","Achillea.millefolium"
"6","Andrena.subopaca","Achillea.millefolium"
"6","Anthidium.strigatum","Achillea.millefolium"
"6","Bombus.lapidarius","Achillea.millefolium"
"6","Bombus.pascuorum","Achillea.millefolium"
"6","Bombus.soroeensis","Achillea.millefolium"
"6","Bombus.terrestris.agg","Achillea.millefolium"
"6","Ceratina.cyanea","Achillea.millefolium"
"6","Cheilosia.antiqua","Achillea.millefolium"
"6","Cheilosia.soror","Achillea.millefolium"
"6","Cheilosia.vulpina","Achillea.millefolium"
"6","Chelostoma.rapunculi","Achillea.millefolium"
"6","Dasysyrphus.albostriatus","Achillea.millefolium"
"6","Episyrphus.balteatus","Achillea.millefolium"
"6","Eristalis.arbustorum","Achillea.millefolium"
"6","Eristalis.interrupta","Achillea.millefolium"
"6","Eristalis.pertinax","Achillea.millefolium"
"6","Eristalis.tenax","Achillea.millefolium"
"6","Eupeodes.corollae","Achillea.millefolium"
"6","Halictus.rubicundus","Achillea.millefolium"
"6","Halictus.tumulorum","Achillea.millefolium"
"6","Helophilus.pendulus","Achillea.millefolium"
"6","Helophilus.trivittatus","Achillea.millefolium"
"6","Lasioglossum.calceatum","Achillea.millefolium"
"6","Lasioglossum.fulvicorne","Achillea.millefolium"
"6","Lasioglossum.minutulum","Achillea.millefolium"
"6","Lasioglossum.morio","Achillea.millefolium"
"6","Lasioglossum.pauxillum","Achillea.millefolium"
"6","Lasioglossum.villosulum","Achillea.millefolium"
"6","Myathropa.florea","Achillea.millefolium"
"6","Nomada.flavoguttata","Achillea.millefolium"
"6","Osmia.bicolor","Achillea.millefolium"
"6","Osmia.spinulosa","Achillea.millefolium"
"6","Pipizella.spec","Achillea.millefolium"
"6","Scaeva.pyrastri","Achillea.millefolium"
"6","Sphaerophoria.spec","Achillea.millefolium"
"6","Sphecodes.ephippius","Achillea.millefolium"
"6","Sphecodes.ferruginatus","Achillea.millefolium"
"6","Sphecodes.gibbus","Achillea.millefolium"
"6","Sphecodes.hyalinatus","Achillea.millefolium"
"6","Sphecodes.monilicornis","Achillea.millefolium"
"6","Syritta.pipiens","Achillea.millefolium"
"6","Syrphus.ribesii","Achillea.millefolium"
"6","Syrphus.torvus","Achillea.millefolium"
"6","Syrphus.vitripennis","Achillea.millefolium"
"6","Andrena.falsifica","Campanula.rotundifolia"
"6","Andrena.flavipes","Campanula.rotundifolia"
"6","Andrena.subopaca","Campanula.rotundifolia"
"6","Anthidium.strigatum","Campanula.rotundifolia"
"6","Bombus.lapidarius","Campanula.rotundifolia"
"6","Bombus.pascuorum","Campanula.rotundifolia"
"6","Bombus.soroeensis","Campanula.rotundifolia"
"6","Bombus.terrestris.agg","Campanula.rotundifolia"
"6","Ceratina.cyanea","Campanula.rotundifolia"
"6","Cheilosia.antiqua","Campanula.rotundifolia"
"6","Cheilosia.soror","Campanula.rotundifolia"
"6","Cheilosia.vulpina","Campanula.rotundifolia"
"6","Chelostoma.rapunculi","Campanula.rotundifolia"
"6","Dasysyrphus.albostriatus","Campanula.rotundifolia"
"6","Episyrphus.balteatus","Campanula.rotundifolia"
"6","Eristalis.arbustorum","Campanula.rotundifolia"
"6","Eristalis.interrupta","Campanula.rotundifolia"
"6","Eristalis.pertinax","Campanula.rotundifolia"
"6","Eristalis.tenax","Campanula.rotundifolia"
"6","Eupeodes.corollae","Campanula.rotundifolia"
"6","Halictus.rubicundus","Campanula.rotundifolia"
"6","Halictus.tumulorum","Campanula.rotundifolia"
"6","Helophilus.pendulus","Campanula.rotundifolia"
"6","Helophilus.trivittatus","Campanula.rotundifolia"
"6","Lasioglossum.calceatum","Campanula.rotundifolia"
"6","Lasioglossum.fulvicorne","Campanula.rotundifolia"
"6","Lasioglossum.minutulum","Campanula.rotundifolia"
"6","Lasioglossum.morio","Campanula.rotundifolia"
"6","Lasioglossum.pauxillum","Campanula.rotundifolia"
"6","Lasioglossum.villosulum","Campanula.rotundifolia"
"6","Myathropa.florea","Campanula.rotundifolia"
"6","Nomada.flavoguttata","Campanula.rotundifolia"
"6","Osmia.bicolor","Campanula.rotundifolia"
"6","Osmia.spinulosa","Campanula.rotundifolia"
"6","Pipizella.spec","Campanula.rotundifolia"
"6","Scaeva.pyrastri","Campanula.rotundifolia"
"6","Sphaerophoria.spec","Campanula.rotundifolia"
"6","Sphecodes.ephippius","Campanula.rotundifolia"
"6","Sphecodes.ferruginatus","Campanula.rotundifolia"
"6","Sphecodes.gibbus","Campanula.rotundifolia"
"6","Sphecodes.hyalinatus","Campanula.rotundifolia"
"6","Sphecodes.monilicornis","Campanula.rotundifolia"
"6","Syritta.pipiens","Campanula.rotundifolia"
"6","Syrphus.ribesii","Campanula.rotundifolia"
"6","Syrphus.torvus","Campanula.rotundifolia"
"6","Syrphus.vitripennis","Campanula.rotundifolia"
"6","Andrena.falsifica","Carlina.vulgaris"
"6","Andrena.flavipes","Carlina.vulgaris"
"6","Andrena.subopaca","Carlina.vulgaris"
"6","Anthidium.strigatum","Carlina.vulgaris"
"6","Bombus.lapidarius","Carlina.vulgaris"
"6","Bombus.pascuorum","Carlina.vulgaris"
"6","Bombus.soroeensis","Carlina.vulgaris"
"6","Bombus.terrestris.agg","Carlina.vulgaris"
"6","Ceratina.cyanea","Carlina.vulgaris"
"6","Cheilosia.antiqua","Carlina.vulgaris"
"6","Cheilosia.soror","Carlina.vulgaris"
"6","Cheilosia.vulpina","Carlina.vulgaris"
"6","Chelostoma.rapunculi","Carlina.vulgaris"
"6","Dasysyrphus.albostriatus","Carlina.vulgaris"
"6","Episyrphus.balteatus","Carlina.vulgaris"
"6","Eristalis.arbustorum","Carlina.vulgaris"
"6","Eristalis.interrupta","Carlina.vulgaris"
"6","Eristalis.pertinax","Carlina.vulgaris"
"6","Eristalis.tenax","Carlina.vulgaris"
"6","Eupeodes.corollae","Carlina.vulgaris"
"6","Halictus.rubicundus","Carlina.vulgaris"
"6","Halictus.tumulorum","Carlina.vulgaris"
"6","Helophilus.pendulus","Carlina.vulgaris"
"6","Helophilus.trivittatus","Carlina.vulgaris"
"6","Lasioglossum.calceatum","Carlina.vulgaris"
"6","Lasioglossum.fulvicorne","Carlina.vulgaris"
"6","Lasioglossum.minutulum","Carlina.vulgaris"
"6","Lasioglossum.morio","Carlina.vulgaris"
"6","Lasioglossum.pauxillum","Carlina.vulgaris"
"6","Lasioglossum.villosulum","Carlina.vulgaris"
"6","Myathropa.florea","Carlina.vulgaris"
"6","Nomada.flavoguttata","Carlina.vulgaris"
"6","Osmia.bicolor","Carlina.vulgaris"
"6","Osmia.spinulosa","Carlina.vulgaris"
"6","Pipizella.spec","Carlina.vulgaris"
"6","Scaeva.pyrastri","Carlina.vulgaris"
"6","Sphaerophoria.spec","Carlina.vulgaris"
"6","Sphecodes.ephippius","Carlina.vulgaris"
"6","Sphecodes.ferruginatus","Carlina.vulgaris"
"6","Sphecodes.gibbus","Carlina.vulgaris"
"6","Sphecodes.hyalinatus","Carlina.vulgaris"
"6","Sphecodes.monilicornis","Carlina.vulgaris"
"6","Syritta.pipiens","Carlina.vulgaris"
"6","Syrphus.ribesii","Carlina.vulgaris"
"6","Syrphus.torvus","Carlina.vulgaris"
"6","Syrphus.vitripennis","Carlina.vulgaris"
"6","Andrena.falsifica","Centaurea.jacea"
"6","Andrena.flavipes","Centaurea.jacea"
"6","Andrena.subopaca","Centaurea.jacea"
"6","Anthidium.strigatum","Centaurea.jacea"
"6","Bombus.lapidarius","Centaurea.jacea"
"6","Bombus.pascuorum","Centaurea.jacea"
"6","Bombus.soroeensis","Centaurea.jacea"
"6","Bombus.terrestris.agg","Centaurea.jacea"
"6","Ceratina.cyanea","Centaurea.jacea"
"6","Cheilosia.antiqua","Centaurea.jacea"
"6","Cheilosia.soror","Centaurea.jacea"
"6","Cheilosia.vulpina","Centaurea.jacea"
"6","Chelostoma.rapunculi","Centaurea.jacea"
"6","Dasysyrphus.albostriatus","Centaurea.jacea"
"6","Episyrphus.balteatus","Centaurea.jacea"
"6","Eristalis.arbustorum","Centaurea.jacea"
"6","Eristalis.interrupta","Centaurea.jacea"
"6","Eristalis.pertinax","Centaurea.jacea"
"6","Eristalis.tenax","Centaurea.jacea"
"6","Eupeodes.corollae","Centaurea.jacea"
"6","Halictus.rubicundus","Centaurea.jacea"
"6","Halictus.tumulorum","Centaurea.jacea"
"6","Helophilus.pendulus","Centaurea.jacea"
"6","Helophilus.trivittatus","Centaurea.jacea"
"6","Lasioglossum.calceatum","Centaurea.jacea"
"6","Lasioglossum.fulvicorne","Centaurea.jacea"
"6","Lasioglossum.minutulum","Centaurea.jacea"
"6","Lasioglossum.morio","Centaurea.jacea"
"6","Lasioglossum.pauxillum","Centaurea.jacea"
"6","Lasioglossum.villosulum","Centaurea.jacea"
"6","Myathropa.florea","Centaurea.jacea"
"6","Nomada.flavoguttata","Centaurea.jacea"
"6","Osmia.bicolor","Centaurea.jacea"
"6","Osmia.spinulosa","Centaurea.jacea"
"6","Pipizella.spec","Centaurea.jacea"
"6","Scaeva.pyrastri","Centaurea.jacea"
"6","Sphaerophoria.spec","Centaurea.jacea"
"6","Sphecodes.ephippius","Centaurea.jacea"
"6","Sphecodes.ferruginatus","Centaurea.jacea"
"6","Sphecodes.gibbus","Centaurea.jacea"
"6","Sphecodes.hyalinatus","Centaurea.jacea"
"6","Sphecodes.monilicornis","Centaurea.jacea"
"6","Syritta.pipiens","Centaurea.jacea"
"6","Syrphus.ribesii","Centaurea.jacea"
"6","Syrphus.torvus","Centaurea.jacea"
"6","Syrphus.vitripennis","Centaurea.jacea"
"6","Andrena.falsifica","Centaurea.scabiosa"
"6","Andrena.flavipes","Centaurea.scabiosa"
"6","Andrena.subopaca","Centaurea.scabiosa"
"6","Anthidium.strigatum","Centaurea.scabiosa"
"6","Bombus.lapidarius","Centaurea.scabiosa"
"6","Bombus.pascuorum","Centaurea.scabiosa"
"6","Bombus.soroeensis","Centaurea.scabiosa"
"6","Bombus.terrestris.agg","Centaurea.scabiosa"
"6","Ceratina.cyanea","Centaurea.scabiosa"
"6","Cheilosia.antiqua","Centaurea.scabiosa"
"6","Cheilosia.soror","Centaurea.scabiosa"
"6","Cheilosia.vulpina","Centaurea.scabiosa"
"6","Chelostoma.rapunculi","Centaurea.scabiosa"
"6","Dasysyrphus.albostriatus","Centaurea.scabiosa"
"6","Episyrphus.balteatus","Centaurea.scabiosa"
"6","Eristalis.arbustorum","Centaurea.scabiosa"
"6","Eristalis.interrupta","Centaurea.scabiosa"
"6","Eristalis.pertinax","Centaurea.scabiosa"
"6","Eristalis.tenax","Centaurea.scabiosa"
"6","Eupeodes.corollae","Centaurea.scabiosa"
"6","Halictus.rubicundus","Centaurea.scabiosa"
"6","Halictus.tumulorum","Centaurea.scabiosa"
"6","Helophilus.pendulus","Centaurea.scabiosa"
"6","Helophilus.trivittatus","Centaurea.scabiosa"
"6","Lasioglossum.calceatum","Centaurea.scabiosa"
"6","Lasioglossum.fulvicorne","Centaurea.scabiosa"
"6","Lasioglossum.minutulum","Centaurea.scabiosa"
"6","Lasioglossum.morio","Centaurea.scabiosa"
"6","Lasioglossum.pauxillum","Centaurea.scabiosa"
"6","Lasioglossum.villosulum","Centaurea.scabiosa"
"6","Myathropa.florea","Centaurea.scabiosa"
"6","Nomada.flavoguttata","Centaurea.scabiosa"
"6","Osmia.bicolor","Centaurea.scabiosa"
"6","Osmia.spinulosa","Centaurea.scabiosa"
"6","Pipizella.spec","Centaurea.scabiosa"
"6","Scaeva.pyrastri","Centaurea.scabiosa"
"6","Sphaerophoria.spec","Centaurea.scabiosa"
"6","Sphecodes.ephippius","Centaurea.scabiosa"
"6","Sphecodes.ferruginatus","Centaurea.scabiosa"
"6","Sphecodes.gibbus","Centaurea.scabiosa"
"6","Sphecodes.hyalinatus","Centaurea.scabiosa"
"6","Sphecodes.monilicornis","Centaurea.scabiosa"
"6","Syritta.pipiens","Centaurea.scabiosa"
"6","Syrphus.ribesii","Centaurea.scabiosa"
"6","Syrphus.torvus","Centaurea.scabiosa"
"6","Syrphus.vitripennis","Centaurea.scabiosa"
"6","Andrena.falsifica","Cirsium.acaule"
"6","Andrena.flavipes","Cirsium.acaule"
"6","Andrena.subopaca","Cirsium.acaule"
"6","Anthidium.strigatum","Cirsium.acaule"
"6","Bombus.lapidarius","Cirsium.acaule"
"6","Bombus.pascuorum","Cirsium.acaule"
"6","Bombus.soroeensis","Cirsium.acaule"
"6","Bombus.terrestris.agg","Cirsium.acaule"
"6","Ceratina.cyanea","Cirsium.acaule"
"6","Cheilosia.antiqua","Cirsium.acaule"
"6","Cheilosia.soror","Cirsium.acaule"
"6","Cheilosia.vulpina","Cirsium.acaule"
"6","Chelostoma.rapunculi","Cirsium.acaule"
"6","Dasysyrphus.albostriatus","Cirsium.acaule"
"6","Episyrphus.balteatus","Cirsium.acaule"
"6","Eristalis.arbustorum","Cirsium.acaule"
"6","Eristalis.interrupta","Cirsium.acaule"
"6","Eristalis.pertinax","Cirsium.acaule"
"6","Eristalis.tenax","Cirsium.acaule"
"6","Eupeodes.corollae","Cirsium.acaule"
"6","Halictus.rubicundus","Cirsium.acaule"
"6","Halictus.tumulorum","Cirsium.acaule"
"6","Helophilus.pendulus","Cirsium.acaule"
"6","Helophilus.trivittatus","Cirsium.acaule"
"6","Lasioglossum.calceatum","Cirsium.acaule"
"6","Lasioglossum.fulvicorne","Cirsium.acaule"
"6","Lasioglossum.minutulum","Cirsium.acaule"
"6","Lasioglossum.morio","Cirsium.acaule"
"6","Lasioglossum.pauxillum","Cirsium.acaule"
"6","Lasioglossum.villosulum","Cirsium.acaule"
"6","Myathropa.florea","Cirsium.acaule"
"6","Nomada.flavoguttata","Cirsium.acaule"
"6","Osmia.bicolor","Cirsium.acaule"
"6","Osmia.spinulosa","Cirsium.acaule"
"6","Pipizella.spec","Cirsium.acaule"
"6","Scaeva.pyrastri","Cirsium.acaule"
"6","Sphaerophoria.spec","Cirsium.acaule"
"6","Sphecodes.ephippius","Cirsium.acaule"
"6","Sphecodes.ferruginatus","Cirsium.acaule"
"6","Sphecodes.gibbus","Cirsium.acaule"
"6","Sphecodes.hyalinatus","Cirsium.acaule"
"6","Sphecodes.monilicornis","Cirsium.acaule"
"6","Syritta.pipiens","Cirsium.acaule"
"6","Syrphus.ribesii","Cirsium.acaule"
"6","Syrphus.torvus","Cirsium.acaule"
"6","Syrphus.vitripennis","Cirsium.acaule"
"6","Andrena.falsifica","Daucus.carota"
"6","Andrena.flavipes","Daucus.carota"
"6","Andrena.subopaca","Daucus.carota"
"6","Anthidium.strigatum","Daucus.carota"
"6","Bombus.lapidarius","Daucus.carota"
"6","Bombus.pascuorum","Daucus.carota"
"6","Bombus.soroeensis","Daucus.carota"
"6","Bombus.terrestris.agg","Daucus.carota"
"6","Ceratina.cyanea","Daucus.carota"
"6","Cheilosia.antiqua","Daucus.carota"
"6","Cheilosia.soror","Daucus.carota"
"6","Cheilosia.vulpina","Daucus.carota"
"6","Chelostoma.rapunculi","Daucus.carota"
"6","Dasysyrphus.albostriatus","Daucus.carota"
"6","Episyrphus.balteatus","Daucus.carota"
"6","Eristalis.arbustorum","Daucus.carota"
"6","Eristalis.interrupta","Daucus.carota"
"6","Eristalis.pertinax","Daucus.carota"
"6","Eristalis.tenax","Daucus.carota"
"6","Eupeodes.corollae","Daucus.carota"
"6","Halictus.rubicundus","Daucus.carota"
"6","Halictus.tumulorum","Daucus.carota"
"6","Helophilus.pendulus","Daucus.carota"
"6","Helophilus.trivittatus","Daucus.carota"
"6","Lasioglossum.calceatum","Daucus.carota"
"6","Lasioglossum.fulvicorne","Daucus.carota"
"6","Lasioglossum.minutulum","Daucus.carota"
"6","Lasioglossum.morio","Daucus.carota"
"6","Lasioglossum.pauxillum","Daucus.carota"
"6","Lasioglossum.villosulum","Daucus.carota"
"6","Myathropa.florea","Daucus.carota"
"6","Nomada.flavoguttata","Daucus.carota"
"6","Osmia.bicolor","Daucus.carota"
"6","Osmia.spinulosa","Daucus.carota"
"6","Pipizella.spec","Daucus.carota"
"6","Scaeva.pyrastri","Daucus.carota"
"6","Sphaerophoria.spec","Daucus.carota"
"6","Sphecodes.ephippius","Daucus.carota"
"6","Sphecodes.ferruginatus","Daucus.carota"
"6","Sphecodes.gibbus","Daucus.carota"
"6","Sphecodes.hyalinatus","Daucus.carota"
"6","Sphecodes.monilicornis","Daucus.carota"
"6","Syritta.pipiens","Daucus.carota"
"6","Syrphus.ribesii","Daucus.carota"
"6","Syrphus.torvus","Daucus.carota"
"6","Syrphus.vitripennis","Daucus.carota"
"6","Andrena.falsifica","Fragaria.vesca"
"6","Andrena.flavipes","Fragaria.vesca"
"6","Andrena.subopaca","Fragaria.vesca"
"6","Anthidium.strigatum","Fragaria.vesca"
"6","Bombus.lapidarius","Fragaria.vesca"
"6","Bombus.pascuorum","Fragaria.vesca"
"6","Bombus.soroeensis","Fragaria.vesca"
"6","Bombus.terrestris.agg","Fragaria.vesca"
"6","Ceratina.cyanea","Fragaria.vesca"
"6","Cheilosia.antiqua","Fragaria.vesca"
"6","Cheilosia.soror","Fragaria.vesca"
"6","Cheilosia.vulpina","Fragaria.vesca"
"6","Chelostoma.rapunculi","Fragaria.vesca"
"6","Dasysyrphus.albostriatus","Fragaria.vesca"
"6","Episyrphus.balteatus","Fragaria.vesca"
"6","Eristalis.arbustorum","Fragaria.vesca"
"6","Eristalis.interrupta","Fragaria.vesca"
"6","Eristalis.pertinax","Fragaria.vesca"
"6","Eristalis.tenax","Fragaria.vesca"
"6","Eupeodes.corollae","Fragaria.vesca"
"6","Halictus.rubicundus","Fragaria.vesca"
"6","Halictus.tumulorum","Fragaria.vesca"
"6","Helophilus.pendulus","Fragaria.vesca"
"6","Helophilus.trivittatus","Fragaria.vesca"
"6","Lasioglossum.calceatum","Fragaria.vesca"
"6","Lasioglossum.fulvicorne","Fragaria.vesca"
"6","Lasioglossum.minutulum","Fragaria.vesca"
"6","Lasioglossum.morio","Fragaria.vesca"
"6","Lasioglossum.pauxillum","Fragaria.vesca"
"6","Lasioglossum.villosulum","Fragaria.vesca"
"6","Myathropa.florea","Fragaria.vesca"
"6","Nomada.flavoguttata","Fragaria.vesca"
"6","Osmia.bicolor","Fragaria.vesca"
"6","Osmia.spinulosa","Fragaria.vesca"
"6","Pipizella.spec","Fragaria.vesca"
"6","Scaeva.pyrastri","Fragaria.vesca"
"6","Sphaerophoria.spec","Fragaria.vesca"
"6","Sphecodes.ephippius","Fragaria.vesca"
"6","Sphecodes.ferruginatus","Fragaria.vesca"
"6","Sphecodes.gibbus","Fragaria.vesca"
"6","Sphecodes.hyalinatus","Fragaria.vesca"
"6","Sphecodes.monilicornis","Fragaria.vesca"
"6","Syritta.pipiens","Fragaria.vesca"
"6","Syrphus.ribesii","Fragaria.vesca"
"6","Syrphus.torvus","Fragaria.vesca"
"6","Syrphus.vitripennis","Fragaria.vesca"
"6","Andrena.falsifica","Hippocrepis.comosa"
"6","Andrena.flavipes","Hippocrepis.comosa"
"6","Andrena.subopaca","Hippocrepis.comosa"
"6","Anthidium.strigatum","Hippocrepis.comosa"
"6","Bombus.lapidarius","Hippocrepis.comosa"
"6","Bombus.pascuorum","Hippocrepis.comosa"
"6","Bombus.soroeensis","Hippocrepis.comosa"
"6","Bombus.terrestris.agg","Hippocrepis.comosa"
"6","Ceratina.cyanea","Hippocrepis.comosa"
"6","Cheilosia.antiqua","Hippocrepis.comosa"
"6","Cheilosia.soror","Hippocrepis.comosa"
"6","Cheilosia.vulpina","Hippocrepis.comosa"
"6","Chelostoma.rapunculi","Hippocrepis.comosa"
"6","Dasysyrphus.albostriatus","Hippocrepis.comosa"
"6","Episyrphus.balteatus","Hippocrepis.comosa"
"6","Eristalis.arbustorum","Hippocrepis.comosa"
"6","Eristalis.interrupta","Hippocrepis.comosa"
"6","Eristalis.pertinax","Hippocrepis.comosa"
"6","Eristalis.tenax","Hippocrepis.comosa"
"6","Eupeodes.corollae","Hippocrepis.comosa"
"6","Halictus.rubicundus","Hippocrepis.comosa"
"6","Halictus.tumulorum","Hippocrepis.comosa"
"6","Helophilus.pendulus","Hippocrepis.comosa"
"6","Helophilus.trivittatus","Hippocrepis.comosa"
"6","Lasioglossum.calceatum","Hippocrepis.comosa"
"6","Lasioglossum.fulvicorne","Hippocrepis.comosa"
"6","Lasioglossum.minutulum","Hippocrepis.comosa"
"6","Lasioglossum.morio","Hippocrepis.comosa"
"6","Lasioglossum.pauxillum","Hippocrepis.comosa"
"6","Lasioglossum.villosulum","Hippocrepis.comosa"
"6","Myathropa.florea","Hippocrepis.comosa"
"6","Nomada.flavoguttata","Hippocrepis.comosa"
"6","Osmia.bicolor","Hippocrepis.comosa"
"6","Osmia.spinulosa","Hippocrepis.comosa"
"6","Pipizella.spec","Hippocrepis.comosa"
"6","Scaeva.pyrastri","Hippocrepis.comosa"
"6","Sphaerophoria.spec","Hippocrepis.comosa"
"6","Sphecodes.ephippius","Hippocrepis.comosa"
"6","Sphecodes.ferruginatus","Hippocrepis.comosa"
"6","Sphecodes.gibbus","Hippocrepis.comosa"
"6","Sphecodes.hyalinatus","Hippocrepis.comosa"
"6","Sphecodes.monilicornis","Hippocrepis.comosa"
"6","Syritta.pipiens","Hippocrepis.comosa"
"6","Syrphus.ribesii","Hippocrepis.comosa"
"6","Syrphus.torvus","Hippocrepis.comosa"
"6","Syrphus.vitripennis","Hippocrepis.comosa"
"6","Andrena.falsifica","Hypericum.perforatum"
"6","Andrena.flavipes","Hypericum.perforatum"
"6","Andrena.subopaca","Hypericum.perforatum"
"6","Anthidium.strigatum","Hypericum.perforatum"
"6","Bombus.lapidarius","Hypericum.perforatum"
"6","Bombus.pascuorum","Hypericum.perforatum"
"6","Bombus.soroeensis","Hypericum.perforatum"
"6","Bombus.terrestris.agg","Hypericum.perforatum"
"6","Ceratina.cyanea","Hypericum.perforatum"
"6","Cheilosia.antiqua","Hypericum.perforatum"
"6","Cheilosia.soror","Hypericum.perforatum"
"6","Cheilosia.vulpina","Hypericum.perforatum"
"6","Chelostoma.rapunculi","Hypericum.perforatum"
"6","Dasysyrphus.albostriatus","Hypericum.perforatum"
"6","Episyrphus.balteatus","Hypericum.perforatum"
"6","Eristalis.arbustorum","Hypericum.perforatum"
"6","Eristalis.interrupta","Hypericum.perforatum"
"6","Eristalis.pertinax","Hypericum.perforatum"
"6","Eristalis.tenax","Hypericum.perforatum"
"6","Eupeodes.corollae","Hypericum.perforatum"
"6","Halictus.rubicundus","Hypericum.perforatum"
"6","Halictus.tumulorum","Hypericum.perforatum"
"6","Helophilus.pendulus","Hypericum.perforatum"
"6","Helophilus.trivittatus","Hypericum.perforatum"
"6","Lasioglossum.calceatum","Hypericum.perforatum"
"6","Lasioglossum.fulvicorne","Hypericum.perforatum"
"6","Lasioglossum.minutulum","Hypericum.perforatum"
"6","Lasioglossum.morio","Hypericum.perforatum"
"6","Lasioglossum.pauxillum","Hypericum.perforatum"
"6","Lasioglossum.villosulum","Hypericum.perforatum"
"6","Myathropa.florea","Hypericum.perforatum"
"6","Nomada.flavoguttata","Hypericum.perforatum"
"6","Osmia.bicolor","Hypericum.perforatum"
"6","Osmia.spinulosa","Hypericum.perforatum"
"6","Pipizella.spec","Hypericum.perforatum"
"6","Scaeva.pyrastri","Hypericum.perforatum"
"6","Sphaerophoria.spec","Hypericum.perforatum"
"6","Sphecodes.ephippius","Hypericum.perforatum"
"6","Sphecodes.ferruginatus","Hypericum.perforatum"
"6","Sphecodes.gibbus","Hypericum.perforatum"
"6","Sphecodes.hyalinatus","Hypericum.perforatum"
"6","Sphecodes.monilicornis","Hypericum.perforatum"
"6","Syritta.pipiens","Hypericum.perforatum"
"6","Syrphus.ribesii","Hypericum.perforatum"
"6","Syrphus.torvus","Hypericum.perforatum"
"6","Syrphus.vitripennis","Hypericum.perforatum"
"6","Andrena.falsifica","Knautia.arvensis"
"6","Andrena.flavipes","Knautia.arvensis"
"6","Andrena.subopaca","Knautia.arvensis"
"6","Anthidium.strigatum","Knautia.arvensis"
"6","Bombus.lapidarius","Knautia.arvensis"
"6","Bombus.pascuorum","Knautia.arvensis"
"6","Bombus.soroeensis","Knautia.arvensis"
"6","Bombus.terrestris.agg","Knautia.arvensis"
"6","Ceratina.cyanea","Knautia.arvensis"
"6","Cheilosia.antiqua","Knautia.arvensis"
"6","Cheilosia.soror","Knautia.arvensis"
"6","Cheilosia.vulpina","Knautia.arvensis"
"6","Chelostoma.rapunculi","Knautia.arvensis"
"6","Dasysyrphus.albostriatus","Knautia.arvensis"
"6","Episyrphus.balteatus","Knautia.arvensis"
"6","Eristalis.arbustorum","Knautia.arvensis"
"6","Eristalis.interrupta","Knautia.arvensis"
"6","Eristalis.pertinax","Knautia.arvensis"
"6","Eristalis.tenax","Knautia.arvensis"
"6","Eupeodes.corollae","Knautia.arvensis"
"6","Halictus.rubicundus","Knautia.arvensis"
"6","Halictus.tumulorum","Knautia.arvensis"
"6","Helophilus.pendulus","Knautia.arvensis"
"6","Helophilus.trivittatus","Knautia.arvensis"
"6","Lasioglossum.calceatum","Knautia.arvensis"
"6","Lasioglossum.fulvicorne","Knautia.arvensis"
"6","Lasioglossum.minutulum","Knautia.arvensis"
"6","Lasioglossum.morio","Knautia.arvensis"
"6","Lasioglossum.pauxillum","Knautia.arvensis"
"6","Lasioglossum.villosulum","Knautia.arvensis"
"6","Myathropa.florea","Knautia.arvensis"
"6","Nomada.flavoguttata","Knautia.arvensis"
"6","Osmia.bicolor","Knautia.arvensis"
"6","Osmia.spinulosa","Knautia.arvensis"
"6","Pipizella.spec","Knautia.arvensis"
"6","Scaeva.pyrastri","Knautia.arvensis"
"6","Sphaerophoria.spec","Knautia.arvensis"
"6","Sphecodes.ephippius","Knautia.arvensis"
"6","Sphecodes.ferruginatus","Knautia.arvensis"
"6","Sphecodes.gibbus","Knautia.arvensis"
"6","Sphecodes.hyalinatus","Knautia.arvensis"
"6","Sphecodes.monilicornis","Knautia.arvensis"
"6","Syritta.pipiens","Knautia.arvensis"
"6","Syrphus.ribesii","Knautia.arvensis"
"6","Syrphus.torvus","Knautia.arvensis"
"6","Syrphus.vitripennis","Knautia.arvensis"
"6","Andrena.falsifica","Leontodon.hispidus"
"6","Andrena.flavipes","Leontodon.hispidus"
"6","Andrena.subopaca","Leontodon.hispidus"
"6","Anthidium.strigatum","Leontodon.hispidus"
"6","Bombus.lapidarius","Leontodon.hispidus"
"6","Bombus.pascuorum","Leontodon.hispidus"
"6","Bombus.soroeensis","Leontodon.hispidus"
"6","Bombus.terrestris.agg","Leontodon.hispidus"
"6","Ceratina.cyanea","Leontodon.hispidus"
"6","Cheilosia.antiqua","Leontodon.hispidus"
"6","Cheilosia.soror","Leontodon.hispidus"
"6","Cheilosia.vulpina","Leontodon.hispidus"
"6","Chelostoma.rapunculi","Leontodon.hispidus"
"6","Dasysyrphus.albostriatus","Leontodon.hispidus"
"6","Episyrphus.balteatus","Leontodon.hispidus"
"6","Eristalis.arbustorum","Leontodon.hispidus"
"6","Eristalis.interrupta","Leontodon.hispidus"
"6","Eristalis.pertinax","Leontodon.hispidus"
"6","Eristalis.tenax","Leontodon.hispidus"
"6","Eupeodes.corollae","Leontodon.hispidus"
"6","Halictus.rubicundus","Leontodon.hispidus"
"6","Halictus.tumulorum","Leontodon.hispidus"
"6","Helophilus.pendulus","Leontodon.hispidus"
"6","Helophilus.trivittatus","Leontodon.hispidus"
"6","Lasioglossum.calceatum","Leontodon.hispidus"
"6","Lasioglossum.fulvicorne","Leontodon.hispidus"
"6","Lasioglossum.minutulum","Leontodon.hispidus"
"6","Lasioglossum.morio","Leontodon.hispidus"
"6","Lasioglossum.pauxillum","Leontodon.hispidus"
"6","Lasioglossum.villosulum","Leontodon.hispidus"
"6","Myathropa.florea","Leontodon.hispidus"
"6","Nomada.flavoguttata","Leontodon.hispidus"
"6","Osmia.bicolor","Leontodon.hispidus"
"6","Osmia.spinulosa","Leontodon.hispidus"
"6","Pipizella.spec","Leontodon.hispidus"
"6","Scaeva.pyrastri","Leontodon.hispidus"
"6","Sphaerophoria.spec","Leontodon.hispidus"
"6","Sphecodes.ephippius","Leontodon.hispidus"
"6","Sphecodes.ferruginatus","Leontodon.hispidus"
"6","Sphecodes.gibbus","Leontodon.hispidus"
"6","Sphecodes.hyalinatus","Leontodon.hispidus"
"6","Sphecodes.monilicornis","Leontodon.hispidus"
"6","Syritta.pipiens","Leontodon.hispidus"
"6","Syrphus.ribesii","Leontodon.hispidus"
"6","Syrphus.torvus","Leontodon.hispidus"
"6","Syrphus.vitripennis","Leontodon.hispidus"
"6","Andrena.falsifica","Lotus.corniculatus"
"6","Andrena.flavipes","Lotus.corniculatus"
"6","Andrena.subopaca","Lotus.corniculatus"
"6","Anthidium.strigatum","Lotus.corniculatus"
"6","Bombus.lapidarius","Lotus.corniculatus"
"6","Bombus.pascuorum","Lotus.corniculatus"
"6","Bombus.soroeensis","Lotus.corniculatus"
"6","Bombus.terrestris.agg","Lotus.corniculatus"
"6","Ceratina.cyanea","Lotus.corniculatus"
"6","Cheilosia.antiqua","Lotus.corniculatus"
"6","Cheilosia.soror","Lotus.corniculatus"
"6","Cheilosia.vulpina","Lotus.corniculatus"
"6","Chelostoma.rapunculi","Lotus.corniculatus"
"6","Dasysyrphus.albostriatus","Lotus.corniculatus"
"6","Episyrphus.balteatus","Lotus.corniculatus"
"6","Eristalis.arbustorum","Lotus.corniculatus"
"6","Eristalis.interrupta","Lotus.corniculatus"
"6","Eristalis.pertinax","Lotus.corniculatus"
"6","Eristalis.tenax","Lotus.corniculatus"
"6","Eupeodes.corollae","Lotus.corniculatus"
"6","Halictus.rubicundus","Lotus.corniculatus"
"6","Halictus.tumulorum","Lotus.corniculatus"
"6","Helophilus.pendulus","Lotus.corniculatus"
"6","Helophilus.trivittatus","Lotus.corniculatus"
"6","Lasioglossum.calceatum","Lotus.corniculatus"
"6","Lasioglossum.fulvicorne","Lotus.corniculatus"
"6","Lasioglossum.minutulum","Lotus.corniculatus"
"6","Lasioglossum.morio","Lotus.corniculatus"
"6","Lasioglossum.pauxillum","Lotus.corniculatus"
"6","Lasioglossum.villosulum","Lotus.corniculatus"
"6","Myathropa.florea","Lotus.corniculatus"
"6","Nomada.flavoguttata","Lotus.corniculatus"
"6","Osmia.bicolor","Lotus.corniculatus"
"6","Osmia.spinulosa","Lotus.corniculatus"
"6","Pipizella.spec","Lotus.corniculatus"
"6","Scaeva.pyrastri","Lotus.corniculatus"
"6","Sphaerophoria.spec","Lotus.corniculatus"
"6","Sphecodes.ephippius","Lotus.corniculatus"
"6","Sphecodes.ferruginatus","Lotus.corniculatus"
"6","Sphecodes.gibbus","Lotus.corniculatus"
"6","Sphecodes.hyalinatus","Lotus.corniculatus"
"6","Sphecodes.monilicornis","Lotus.corniculatus"
"6","Syritta.pipiens","Lotus.corniculatus"
"6","Syrphus.ribesii","Lotus.corniculatus"
"6","Syrphus.torvus","Lotus.corniculatus"
"6","Syrphus.vitripennis","Lotus.corniculatus"
"6","Andrena.falsifica","Ononis.spinosa"
"6","Andrena.flavipes","Ononis.spinosa"
"6","Andrena.subopaca","Ononis.spinosa"
"6","Anthidium.strigatum","Ononis.spinosa"
"6","Bombus.lapidarius","Ononis.spinosa"
"6","Bombus.pascuorum","Ononis.spinosa"
"6","Bombus.soroeensis","Ononis.spinosa"
"6","Bombus.terrestris.agg","Ononis.spinosa"
"6","Ceratina.cyanea","Ononis.spinosa"
"6","Cheilosia.antiqua","Ononis.spinosa"
"6","Cheilosia.soror","Ononis.spinosa"
"6","Cheilosia.vulpina","Ononis.spinosa"
"6","Chelostoma.rapunculi","Ononis.spinosa"
"6","Dasysyrphus.albostriatus","Ononis.spinosa"
"6","Episyrphus.balteatus","Ononis.spinosa"
"6","Eristalis.arbustorum","Ononis.spinosa"
"6","Eristalis.interrupta","Ononis.spinosa"
"6","Eristalis.pertinax","Ononis.spinosa"
"6","Eristalis.tenax","Ononis.spinosa"
"6","Eupeodes.corollae","Ononis.spinosa"
"6","Halictus.rubicundus","Ononis.spinosa"
"6","Halictus.tumulorum","Ononis.spinosa"
"6","Helophilus.pendulus","Ononis.spinosa"
"6","Helophilus.trivittatus","Ononis.spinosa"
"6","Lasioglossum.calceatum","Ononis.spinosa"
"6","Lasioglossum.fulvicorne","Ononis.spinosa"
"6","Lasioglossum.minutulum","Ononis.spinosa"
"6","Lasioglossum.morio","Ononis.spinosa"
"6","Lasioglossum.pauxillum","Ononis.spinosa"
"6","Lasioglossum.villosulum","Ononis.spinosa"
"6","Myathropa.florea","Ononis.spinosa"
"6","Nomada.flavoguttata","Ononis.spinosa"
"6","Osmia.bicolor","Ononis.spinosa"
"6","Osmia.spinulosa","Ononis.spinosa"
"6","Pipizella.spec","Ononis.spinosa"
"6","Scaeva.pyrastri","Ononis.spinosa"
"6","Sphaerophoria.spec","Ononis.spinosa"
"6","Sphecodes.ephippius","Ononis.spinosa"
"6","Sphecodes.ferruginatus","Ononis.spinosa"
"6","Sphecodes.gibbus","Ononis.spinosa"
"6","Sphecodes.hyalinatus","Ononis.spinosa"
"6","Sphecodes.monilicornis","Ononis.spinosa"
"6","Syritta.pipiens","Ononis.spinosa"
"6","Syrphus.ribesii","Ononis.spinosa"
"6","Syrphus.torvus","Ononis.spinosa"
"6","Syrphus.vitripennis","Ononis.spinosa"
"6","Andrena.falsifica","Pimpinella.saxifraga"
"6","Andrena.flavipes","Pimpinella.saxifraga"
"6","Andrena.subopaca","Pimpinella.saxifraga"
"6","Anthidium.strigatum","Pimpinella.saxifraga"
"6","Bombus.lapidarius","Pimpinella.saxifraga"
"6","Bombus.pascuorum","Pimpinella.saxifraga"
"6","Bombus.soroeensis","Pimpinella.saxifraga"
"6","Bombus.terrestris.agg","Pimpinella.saxifraga"
"6","Ceratina.cyanea","Pimpinella.saxifraga"
"6","Cheilosia.antiqua","Pimpinella.saxifraga"
"6","Cheilosia.soror","Pimpinella.saxifraga"
"6","Cheilosia.vulpina","Pimpinella.saxifraga"
"6","Chelostoma.rapunculi","Pimpinella.saxifraga"
"6","Dasysyrphus.albostriatus","Pimpinella.saxifraga"
"6","Episyrphus.balteatus","Pimpinella.saxifraga"
"6","Eristalis.arbustorum","Pimpinella.saxifraga"
"6","Eristalis.interrupta","Pimpinella.saxifraga"
"6","Eristalis.pertinax","Pimpinella.saxifraga"
"6","Eristalis.tenax","Pimpinella.saxifraga"
"6","Eupeodes.corollae","Pimpinella.saxifraga"
"6","Halictus.rubicundus","Pimpinella.saxifraga"
"6","Halictus.tumulorum","Pimpinella.saxifraga"
"6","Helophilus.pendulus","Pimpinella.saxifraga"
"6","Helophilus.trivittatus","Pimpinella.saxifraga"
"6","Lasioglossum.calceatum","Pimpinella.saxifraga"
"6","Lasioglossum.fulvicorne","Pimpinella.saxifraga"
"6","Lasioglossum.minutulum","Pimpinella.saxifraga"
"6","Lasioglossum.morio","Pimpinella.saxifraga"
"6","Lasioglossum.pauxillum","Pimpinella.saxifraga"
"6","Lasioglossum.villosulum","Pimpinella.saxifraga"
"6","Myathropa.florea","Pimpinella.saxifraga"
"6","Nomada.flavoguttata","Pimpinella.saxifraga"
"6","Osmia.bicolor","Pimpinella.saxifraga"
"6","Osmia.spinulosa","Pimpinella.saxifraga"
"6","Pipizella.spec","Pimpinella.saxifraga"
"6","Scaeva.pyrastri","Pimpinella.saxifraga"
"6","Sphaerophoria.spec","Pimpinella.saxifraga"
"6","Sphecodes.ephippius","Pimpinella.saxifraga"
"6","Sphecodes.ferruginatus","Pimpinella.saxifraga"
"6","Sphecodes.gibbus","Pimpinella.saxifraga"
"6","Sphecodes.hyalinatus","Pimpinella.saxifraga"
"6","Sphecodes.monilicornis","Pimpinella.saxifraga"
"6","Syritta.pipiens","Pimpinella.saxifraga"
"6","Syrphus.ribesii","Pimpinella.saxifraga"
"6","Syrphus.torvus","Pimpinella.saxifraga"
"6","Syrphus.vitripennis","Pimpinella.saxifraga"
"6","Andrena.falsifica","Potentilla.neumanniana"
"6","Andrena.flavipes","Potentilla.neumanniana"
"6","Andrena.subopaca","Potentilla.neumanniana"
"6","Anthidium.strigatum","Potentilla.neumanniana"
"6","Bombus.lapidarius","Potentilla.neumanniana"
"6","Bombus.pascuorum","Potentilla.neumanniana"
"6","Bombus.soroeensis","Potentilla.neumanniana"
"6","Bombus.terrestris.agg","Potentilla.neumanniana"
"6","Ceratina.cyanea","Potentilla.neumanniana"
"6","Cheilosia.antiqua","Potentilla.neumanniana"
"6","Cheilosia.soror","Potentilla.neumanniana"
"6","Cheilosia.vulpina","Potentilla.neumanniana"
"6","Chelostoma.rapunculi","Potentilla.neumanniana"
"6","Dasysyrphus.albostriatus","Potentilla.neumanniana"
"6","Episyrphus.balteatus","Potentilla.neumanniana"
"6","Eristalis.arbustorum","Potentilla.neumanniana"
"6","Eristalis.interrupta","Potentilla.neumanniana"
"6","Eristalis.pertinax","Potentilla.neumanniana"
"6","Eristalis.tenax","Potentilla.neumanniana"
"6","Eupeodes.corollae","Potentilla.neumanniana"
"6","Halictus.rubicundus","Potentilla.neumanniana"
"6","Halictus.tumulorum","Potentilla.neumanniana"
"6","Helophilus.pendulus","Potentilla.neumanniana"
"6","Helophilus.trivittatus","Potentilla.neumanniana"
"6","Lasioglossum.calceatum","Potentilla.neumanniana"
"6","Lasioglossum.fulvicorne","Potentilla.neumanniana"
"6","Lasioglossum.minutulum","Potentilla.neumanniana"
"6","Lasioglossum.morio","Potentilla.neumanniana"
"6","Lasioglossum.pauxillum","Potentilla.neumanniana"
"6","Lasioglossum.villosulum","Potentilla.neumanniana"
"6","Myathropa.florea","Potentilla.neumanniana"
"6","Nomada.flavoguttata","Potentilla.neumanniana"
"6","Osmia.bicolor","Potentilla.neumanniana"
"6","Osmia.spinulosa","Potentilla.neumanniana"
"6","Pipizella.spec","Potentilla.neumanniana"
"6","Scaeva.pyrastri","Potentilla.neumanniana"
"6","Sphaerophoria.spec","Potentilla.neumanniana"
"6","Sphecodes.ephippius","Potentilla.neumanniana"
"6","Sphecodes.ferruginatus","Potentilla.neumanniana"
"6","Sphecodes.gibbus","Potentilla.neumanniana"
"6","Sphecodes.hyalinatus","Potentilla.neumanniana"
"6","Sphecodes.monilicornis","Potentilla.neumanniana"
"6","Syritta.pipiens","Potentilla.neumanniana"
"6","Syrphus.ribesii","Potentilla.neumanniana"
"6","Syrphus.torvus","Potentilla.neumanniana"
"6","Syrphus.vitripennis","Potentilla.neumanniana"
"6","Andrena.falsifica","Primula.veris"
"6","Andrena.flavipes","Primula.veris"
"6","Andrena.subopaca","Primula.veris"
"6","Anthidium.strigatum","Primula.veris"
"6","Bombus.lapidarius","Primula.veris"
"6","Bombus.pascuorum","Primula.veris"
"6","Bombus.soroeensis","Primula.veris"
"6","Bombus.terrestris.agg","Primula.veris"
"6","Ceratina.cyanea","Primula.veris"
"6","Cheilosia.antiqua","Primula.veris"
"6","Cheilosia.soror","Primula.veris"
"6","Cheilosia.vulpina","Primula.veris"
"6","Chelostoma.rapunculi","Primula.veris"
"6","Dasysyrphus.albostriatus","Primula.veris"
"6","Episyrphus.balteatus","Primula.veris"
"6","Eristalis.arbustorum","Primula.veris"
"6","Eristalis.interrupta","Primula.veris"
"6","Eristalis.pertinax","Primula.veris"
"6","Eristalis.tenax","Primula.veris"
"6","Eupeodes.corollae","Primula.veris"
"6","Halictus.rubicundus","Primula.veris"
"6","Halictus.tumulorum","Primula.veris"
"6","Helophilus.pendulus","Primula.veris"
"6","Helophilus.trivittatus","Primula.veris"
"6","Lasioglossum.calceatum","Primula.veris"
"6","Lasioglossum.fulvicorne","Primula.veris"
"6","Lasioglossum.minutulum","Primula.veris"
"6","Lasioglossum.morio","Primula.veris"
"6","Lasioglossum.pauxillum","Primula.veris"
"6","Lasioglossum.villosulum","Primula.veris"
"6","Myathropa.florea","Primula.veris"
"6","Nomada.flavoguttata","Primula.veris"
"6","Osmia.bicolor","Primula.veris"
"6","Osmia.spinulosa","Primula.veris"
"6","Pipizella.spec","Primula.veris"
"6","Scaeva.pyrastri","Primula.veris"
"6","Sphaerophoria.spec","Primula.veris"
"6","Sphecodes.ephippius","Primula.veris"
"6","Sphecodes.ferruginatus","Primula.veris"
"6","Sphecodes.gibbus","Primula.veris"
"6","Sphecodes.hyalinatus","Primula.veris"
"6","Sphecodes.monilicornis","Primula.veris"
"6","Syritta.pipiens","Primula.veris"
"6","Syrphus.ribesii","Primula.veris"
"6","Syrphus.torvus","Primula.veris"
"6","Syrphus.vitripennis","Primula.veris"
"6","Andrena.falsifica","Prunella.grandiflora"
"6","Andrena.flavipes","Prunella.grandiflora"
"6","Andrena.subopaca","Prunella.grandiflora"
"6","Anthidium.strigatum","Prunella.grandiflora"
"6","Bombus.lapidarius","Prunella.grandiflora"
"6","Bombus.pascuorum","Prunella.grandiflora"
"6","Bombus.soroeensis","Prunella.grandiflora"
"6","Bombus.terrestris.agg","Prunella.grandiflora"
"6","Ceratina.cyanea","Prunella.grandiflora"
"6","Cheilosia.antiqua","Prunella.grandiflora"
"6","Cheilosia.soror","Prunella.grandiflora"
"6","Cheilosia.vulpina","Prunella.grandiflora"
"6","Chelostoma.rapunculi","Prunella.grandiflora"
"6","Dasysyrphus.albostriatus","Prunella.grandiflora"
"6","Episyrphus.balteatus","Prunella.grandiflora"
"6","Eristalis.arbustorum","Prunella.grandiflora"
"6","Eristalis.interrupta","Prunella.grandiflora"
"6","Eristalis.pertinax","Prunella.grandiflora"
"6","Eristalis.tenax","Prunella.grandiflora"
"6","Eupeodes.corollae","Prunella.grandiflora"
"6","Halictus.rubicundus","Prunella.grandiflora"
"6","Halictus.tumulorum","Prunella.grandiflora"
"6","Helophilus.pendulus","Prunella.grandiflora"
"6","Helophilus.trivittatus","Prunella.grandiflora"
"6","Lasioglossum.calceatum","Prunella.grandiflora"
"6","Lasioglossum.fulvicorne","Prunella.grandiflora"
"6","Lasioglossum.minutulum","Prunella.grandiflora"
"6","Lasioglossum.morio","Prunella.grandiflora"
"6","Lasioglossum.pauxillum","Prunella.grandiflora"
"6","Lasioglossum.villosulum","Prunella.grandiflora"
"6","Myathropa.florea","Prunella.grandiflora"
"6","Nomada.flavoguttata","Prunella.grandiflora"
"6","Osmia.bicolor","Prunella.grandiflora"
"6","Osmia.spinulosa","Prunella.grandiflora"
"6","Pipizella.spec","Prunella.grandiflora"
"6","Scaeva.pyrastri","Prunella.grandiflora"
"6","Sphaerophoria.spec","Prunella.grandiflora"
"6","Sphecodes.ephippius","Prunella.grandiflora"
"6","Sphecodes.ferruginatus","Prunella.grandiflora"
"6","Sphecodes.gibbus","Prunella.grandiflora"
"6","Sphecodes.hyalinatus","Prunella.grandiflora"
"6","Sphecodes.monilicornis","Prunella.grandiflora"
"6","Syritta.pipiens","Prunella.grandiflora"
"6","Syrphus.ribesii","Prunella.grandiflora"
"6","Syrphus.torvus","Prunella.grandiflora"
"6","Syrphus.vitripennis","Prunella.grandiflora"
"6","Andrena.falsifica","Prunella.vulgaris"
"6","Andrena.flavipes","Prunella.vulgaris"
"6","Andrena.subopaca","Prunella.vulgaris"
"6","Anthidium.strigatum","Prunella.vulgaris"
"6","Bombus.lapidarius","Prunella.vulgaris"
"6","Bombus.pascuorum","Prunella.vulgaris"
"6","Bombus.soroeensis","Prunella.vulgaris"
"6","Bombus.terrestris.agg","Prunella.vulgaris"
"6","Ceratina.cyanea","Prunella.vulgaris"
"6","Cheilosia.antiqua","Prunella.vulgaris"
"6","Cheilosia.soror","Prunella.vulgaris"
"6","Cheilosia.vulpina","Prunella.vulgaris"
"6","Chelostoma.rapunculi","Prunella.vulgaris"
"6","Dasysyrphus.albostriatus","Prunella.vulgaris"
"6","Episyrphus.balteatus","Prunella.vulgaris"
"6","Eristalis.arbustorum","Prunella.vulgaris"
"6","Eristalis.interrupta","Prunella.vulgaris"
"6","Eristalis.pertinax","Prunella.vulgaris"
"6","Eristalis.tenax","Prunella.vulgaris"
"6","Eupeodes.corollae","Prunella.vulgaris"
"6","Halictus.rubicundus","Prunella.vulgaris"
"6","Halictus.tumulorum","Prunella.vulgaris"
"6","Helophilus.pendulus","Prunella.vulgaris"
"6","Helophilus.trivittatus","Prunella.vulgaris"
"6","Lasioglossum.calceatum","Prunella.vulgaris"
"6","Lasioglossum.fulvicorne","Prunella.vulgaris"
"6","Lasioglossum.minutulum","Prunella.vulgaris"
"6","Lasioglossum.morio","Prunella.vulgaris"
"6","Lasioglossum.pauxillum","Prunella.vulgaris"
"6","Lasioglossum.villosulum","Prunella.vulgaris"
"6","Myathropa.florea","Prunella.vulgaris"
"6","Nomada.flavoguttata","Prunella.vulgaris"
"6","Osmia.bicolor","Prunella.vulgaris"
"6","Osmia.spinulosa","Prunella.vulgaris"
"6","Pipizella.spec","Prunella.vulgaris"
"6","Scaeva.pyrastri","Prunella.vulgaris"
"6","Sphaerophoria.spec","Prunella.vulgaris"
"6","Sphecodes.ephippius","Prunella.vulgaris"
"6","Sphecodes.ferruginatus","Prunella.vulgaris"
"6","Sphecodes.gibbus","Prunella.vulgaris"
"6","Sphecodes.hyalinatus","Prunella.vulgaris"
"6","Sphecodes.monilicornis","Prunella.vulgaris"
"6","Syritta.pipiens","Prunella.vulgaris"
"6","Syrphus.ribesii","Prunella.vulgaris"
"6","Syrphus.torvus","Prunella.vulgaris"
"6","Syrphus.vitripennis","Prunella.vulgaris"
"6","Andrena.falsifica","Ranunculus.bulbosus"
"6","Andrena.flavipes","Ranunculus.bulbosus"
"6","Andrena.subopaca","Ranunculus.bulbosus"
"6","Anthidium.strigatum","Ranunculus.bulbosus"
"6","Bombus.lapidarius","Ranunculus.bulbosus"
"6","Bombus.pascuorum","Ranunculus.bulbosus"
"6","Bombus.soroeensis","Ranunculus.bulbosus"
"6","Bombus.terrestris.agg","Ranunculus.bulbosus"
"6","Ceratina.cyanea","Ranunculus.bulbosus"
"6","Cheilosia.antiqua","Ranunculus.bulbosus"
"6","Cheilosia.soror","Ranunculus.bulbosus"
"6","Cheilosia.vulpina","Ranunculus.bulbosus"
"6","Chelostoma.rapunculi","Ranunculus.bulbosus"
"6","Dasysyrphus.albostriatus","Ranunculus.bulbosus"
"6","Episyrphus.balteatus","Ranunculus.bulbosus"
"6","Eristalis.arbustorum","Ranunculus.bulbosus"
"6","Eristalis.interrupta","Ranunculus.bulbosus"
"6","Eristalis.pertinax","Ranunculus.bulbosus"
"6","Eristalis.tenax","Ranunculus.bulbosus"
"6","Eupeodes.corollae","Ranunculus.bulbosus"
"6","Halictus.rubicundus","Ranunculus.bulbosus"
"6","Halictus.tumulorum","Ranunculus.bulbosus"
"6","Helophilus.pendulus","Ranunculus.bulbosus"
"6","Helophilus.trivittatus","Ranunculus.bulbosus"
"6","Lasioglossum.calceatum","Ranunculus.bulbosus"
"6","Lasioglossum.fulvicorne","Ranunculus.bulbosus"
"6","Lasioglossum.minutulum","Ranunculus.bulbosus"
"6","Lasioglossum.morio","Ranunculus.bulbosus"
"6","Lasioglossum.pauxillum","Ranunculus.bulbosus"
"6","Lasioglossum.villosulum","Ranunculus.bulbosus"
"6","Myathropa.florea","Ranunculus.bulbosus"
"6","Nomada.flavoguttata","Ranunculus.bulbosus"
"6","Osmia.bicolor","Ranunculus.bulbosus"
"6","Osmia.spinulosa","Ranunculus.bulbosus"
"6","Pipizella.spec","Ranunculus.bulbosus"
"6","Scaeva.pyrastri","Ranunculus.bulbosus"
"6","Sphaerophoria.spec","Ranunculus.bulbosus"
"6","Sphecodes.ephippius","Ranunculus.bulbosus"
"6","Sphecodes.ferruginatus","Ranunculus.bulbosus"
"6","Sphecodes.gibbus","Ranunculus.bulbosus"
"6","Sphecodes.hyalinatus","Ranunculus.bulbosus"
"6","Sphecodes.monilicornis","Ranunculus.bulbosus"
"6","Syritta.pipiens","Ranunculus.bulbosus"
"6","Syrphus.ribesii","Ranunculus.bulbosus"
"6","Syrphus.torvus","Ranunculus.bulbosus"
"6","Syrphus.vitripennis","Ranunculus.bulbosus"
"6","Andrena.falsifica","Rosa.NA"
"6","Andrena.flavipes","Rosa.NA"
"6","Andrena.subopaca","Rosa.NA"
"6","Anthidium.strigatum","Rosa.NA"
"6","Bombus.lapidarius","Rosa.NA"
"6","Bombus.pascuorum","Rosa.NA"
"6","Bombus.soroeensis","Rosa.NA"
"6","Bombus.terrestris.agg","Rosa.NA"
"6","Ceratina.cyanea","Rosa.NA"
"6","Cheilosia.antiqua","Rosa.NA"
"6","Cheilosia.soror","Rosa.NA"
"6","Cheilosia.vulpina","Rosa.NA"
"6","Chelostoma.rapunculi","Rosa.NA"
"6","Dasysyrphus.albostriatus","Rosa.NA"
"6","Episyrphus.balteatus","Rosa.NA"
"6","Eristalis.arbustorum","Rosa.NA"
"6","Eristalis.interrupta","Rosa.NA"
"6","Eristalis.pertinax","Rosa.NA"
"6","Eristalis.tenax","Rosa.NA"
"6","Eupeodes.corollae","Rosa.NA"
"6","Halictus.rubicundus","Rosa.NA"
"6","Halictus.tumulorum","Rosa.NA"
"6","Helophilus.pendulus","Rosa.NA"
"6","Helophilus.trivittatus","Rosa.NA"
"6","Lasioglossum.calceatum","Rosa.NA"
"6","Lasioglossum.fulvicorne","Rosa.NA"
"6","Lasioglossum.minutulum","Rosa.NA"
"6","Lasioglossum.morio","Rosa.NA"
"6","Lasioglossum.pauxillum","Rosa.NA"
"6","Lasioglossum.villosulum","Rosa.NA"
"6","Myathropa.florea","Rosa.NA"
"6","Nomada.flavoguttata","Rosa.NA"
"6","Osmia.bicolor","Rosa.NA"
"6","Osmia.spinulosa","Rosa.NA"
"6","Pipizella.spec","Rosa.NA"
"6","Scaeva.pyrastri","Rosa.NA"
"6","Sphaerophoria.spec","Rosa.NA"
"6","Sphecodes.ephippius","Rosa.NA"
"6","Sphecodes.ferruginatus","Rosa.NA"
"6","Sphecodes.gibbus","Rosa.NA"
"6","Sphecodes.hyalinatus","Rosa.NA"
"6","Sphecodes.monilicornis","Rosa.NA"
"6","Syritta.pipiens","Rosa.NA"
"6","Syrphus.ribesii","Rosa.NA"
"6","Syrphus.torvus","Rosa.NA"
"6","Syrphus.vitripennis","Rosa.NA"
"6","Andrena.falsifica","Senecio.jacobaea"
"6","Andrena.flavipes","Senecio.jacobaea"
"6","Andrena.subopaca","Senecio.jacobaea"
"6","Anthidium.strigatum","Senecio.jacobaea"
"6","Bombus.lapidarius","Senecio.jacobaea"
"6","Bombus.pascuorum","Senecio.jacobaea"
"6","Bombus.soroeensis","Senecio.jacobaea"
"6","Bombus.terrestris.agg","Senecio.jacobaea"
"6","Ceratina.cyanea","Senecio.jacobaea"
"6","Cheilosia.antiqua","Senecio.jacobaea"
"6","Cheilosia.soror","Senecio.jacobaea"
"6","Cheilosia.vulpina","Senecio.jacobaea"
"6","Chelostoma.rapunculi","Senecio.jacobaea"
"6","Dasysyrphus.albostriatus","Senecio.jacobaea"
"6","Episyrphus.balteatus","Senecio.jacobaea"
"6","Eristalis.arbustorum","Senecio.jacobaea"
"6","Eristalis.interrupta","Senecio.jacobaea"
"6","Eristalis.pertinax","Senecio.jacobaea"
"6","Eristalis.tenax","Senecio.jacobaea"
"6","Eupeodes.corollae","Senecio.jacobaea"
"6","Halictus.rubicundus","Senecio.jacobaea"
"6","Halictus.tumulorum","Senecio.jacobaea"
"6","Helophilus.pendulus","Senecio.jacobaea"
"6","Helophilus.trivittatus","Senecio.jacobaea"
"6","Lasioglossum.calceatum","Senecio.jacobaea"
"6","Lasioglossum.fulvicorne","Senecio.jacobaea"
"6","Lasioglossum.minutulum","Senecio.jacobaea"
"6","Lasioglossum.morio","Senecio.jacobaea"
"6","Lasioglossum.pauxillum","Senecio.jacobaea"
"6","Lasioglossum.villosulum","Senecio.jacobaea"
"6","Myathropa.florea","Senecio.jacobaea"
"6","Nomada.flavoguttata","Senecio.jacobaea"
"6","Osmia.bicolor","Senecio.jacobaea"
"6","Osmia.spinulosa","Senecio.jacobaea"
"6","Pipizella.spec","Senecio.jacobaea"
"6","Scaeva.pyrastri","Senecio.jacobaea"
"6","Sphaerophoria.spec","Senecio.jacobaea"
"6","Sphecodes.ephippius","Senecio.jacobaea"
"6","Sphecodes.ferruginatus","Senecio.jacobaea"
"6","Sphecodes.gibbus","Senecio.jacobaea"
"6","Sphecodes.hyalinatus","Senecio.jacobaea"
"6","Sphecodes.monilicornis","Senecio.jacobaea"
"6","Syritta.pipiens","Senecio.jacobaea"
"6","Syrphus.ribesii","Senecio.jacobaea"
"6","Syrphus.torvus","Senecio.jacobaea"
"6","Syrphus.vitripennis","Senecio.jacobaea"
"6","Andrena.falsifica","Thymus.pulegioides"
"6","Andrena.flavipes","Thymus.pulegioides"
"6","Andrena.subopaca","Thymus.pulegioides"
"6","Anthidium.strigatum","Thymus.pulegioides"
"6","Bombus.lapidarius","Thymus.pulegioides"
"6","Bombus.pascuorum","Thymus.pulegioides"
"6","Bombus.soroeensis","Thymus.pulegioides"
"6","Bombus.terrestris.agg","Thymus.pulegioides"
"6","Ceratina.cyanea","Thymus.pulegioides"
"6","Cheilosia.antiqua","Thymus.pulegioides"
"6","Cheilosia.soror","Thymus.pulegioides"
"6","Cheilosia.vulpina","Thymus.pulegioides"
"6","Chelostoma.rapunculi","Thymus.pulegioides"
"6","Dasysyrphus.albostriatus","Thymus.pulegioides"
"6","Episyrphus.balteatus","Thymus.pulegioides"
"6","Eristalis.arbustorum","Thymus.pulegioides"
"6","Eristalis.interrupta","Thymus.pulegioides"
"6","Eristalis.pertinax","Thymus.pulegioides"
"6","Eristalis.tenax","Thymus.pulegioides"
"6","Eupeodes.corollae","Thymus.pulegioides"
"6","Halictus.rubicundus","Thymus.pulegioides"
"6","Halictus.tumulorum","Thymus.pulegioides"
"6","Helophilus.pendulus","Thymus.pulegioides"
"6","Helophilus.trivittatus","Thymus.pulegioides"
"6","Lasioglossum.calceatum","Thymus.pulegioides"
"6","Lasioglossum.fulvicorne","Thymus.pulegioides"
"6","Lasioglossum.minutulum","Thymus.pulegioides"
"6","Lasioglossum.morio","Thymus.pulegioides"
"6","Lasioglossum.pauxillum","Thymus.pulegioides"
"6","Lasioglossum.villosulum","Thymus.pulegioides"
"6","Myathropa.florea","Thymus.pulegioides"
"6","Nomada.flavoguttata","Thymus.pulegioides"
"6","Osmia.bicolor","Thymus.pulegioides"
"6","Osmia.spinulosa","Thymus.pulegioides"
"6","Pipizella.spec","Thymus.pulegioides"
"6","Scaeva.pyrastri","Thymus.pulegioides"
"6","Sphaerophoria.spec","Thymus.pulegioides"
"6","Sphecodes.ephippius","Thymus.pulegioides"
"6","Sphecodes.ferruginatus","Thymus.pulegioides"
"6","Sphecodes.gibbus","Thymus.pulegioides"
"6","Sphecodes.hyalinatus","Thymus.pulegioides"
"6","Sphecodes.monilicornis","Thymus.pulegioides"
"6","Syritta.pipiens","Thymus.pulegioides"
"6","Syrphus.ribesii","Thymus.pulegioides"
"6","Syrphus.torvus","Thymus.pulegioides"
"6","Syrphus.vitripennis","Thymus.pulegioides"
"6","Andrena.falsifica","Veronica.teucrium"
"6","Andrena.flavipes","Veronica.teucrium"
"6","Andrena.subopaca","Veronica.teucrium"
"6","Anthidium.strigatum","Veronica.teucrium"
"6","Bombus.lapidarius","Veronica.teucrium"
"6","Bombus.pascuorum","Veronica.teucrium"
"6","Bombus.soroeensis","Veronica.teucrium"
"6","Bombus.terrestris.agg","Veronica.teucrium"
"6","Ceratina.cyanea","Veronica.teucrium"
"6","Cheilosia.antiqua","Veronica.teucrium"
"6","Cheilosia.soror","Veronica.teucrium"
"6","Cheilosia.vulpina","Veronica.teucrium"
"6","Chelostoma.rapunculi","Veronica.teucrium"
"6","Dasysyrphus.albostriatus","Veronica.teucrium"
"6","Episyrphus.balteatus","Veronica.teucrium"
"6","Eristalis.arbustorum","Veronica.teucrium"
"6","Eristalis.interrupta","Veronica.teucrium"
"6","Eristalis.pertinax","Veronica.teucrium"
"6","Eristalis.tenax","Veronica.teucrium"
"6","Eupeodes.corollae","Veronica.teucrium"
"6","Halictus.rubicundus","Veronica.teucrium"
"6","Halictus.tumulorum","Veronica.teucrium"
"6","Helophilus.pendulus","Veronica.teucrium"
"6","Helophilus.trivittatus","Veronica.teucrium"
"6","Lasioglossum.calceatum","Veronica.teucrium"
"6","Lasioglossum.fulvicorne","Veronica.teucrium"
"6","Lasioglossum.minutulum","Veronica.teucrium"
"6","Lasioglossum.morio","Veronica.teucrium"
"6","Lasioglossum.pauxillum","Veronica.teucrium"
"6","Lasioglossum.villosulum","Veronica.teucrium"
"6","Myathropa.florea","Veronica.teucrium"
"6","Nomada.flavoguttata","Veronica.teucrium"
"6","Osmia.bicolor","Veronica.teucrium"
"6","Osmia.spinulosa","Veronica.teucrium"
"6","Pipizella.spec","Veronica.teucrium"
"6","Scaeva.pyrastri","Veronica.teucrium"
"6","Sphaerophoria.spec","Veronica.teucrium"
"6","Sphecodes.ephippius","Veronica.teucrium"
"6","Sphecodes.ferruginatus","Veronica.teucrium"
"6","Sphecodes.gibbus","Veronica.teucrium"
"6","Sphecodes.hyalinatus","Veronica.teucrium"
"6","Sphecodes.monilicornis","Veronica.teucrium"
"6","Syritta.pipiens","Veronica.teucrium"
"6","Syrphus.ribesii","Veronica.teucrium"
"6","Syrphus.torvus","Veronica.teucrium"
"6","Syrphus.vitripennis","Veronica.teucrium"
"7","Andrena.flavipes","Achillea.millefolium"
"7","Andrena.fulvago","Achillea.millefolium"
"7","Andrena.minutuloides","Achillea.millefolium"
"7","Andrena.subopaca","Achillea.millefolium"
"7","Bombus.hypnorum","Achillea.millefolium"
"7","Bombus.lapidarius","Achillea.millefolium"
"7","Bombus.pascuorum","Achillea.millefolium"
"7","Bombus.terrestris.agg","Achillea.millefolium"
"7","Cheilosia.barbata","Achillea.millefolium"
"7","Chrysotoxum.bicinctum","Achillea.millefolium"
"7","Didea.fasciata","Achillea.millefolium"
"7","Episyrphus.balteatus","Achillea.millefolium"
"7","Eristalis.interrupta","Achillea.millefolium"
"7","Eristalis.tenax","Achillea.millefolium"
"7","Eupeodes.corollae","Achillea.millefolium"
"7","Halictus.rubicundus","Achillea.millefolium"
"7","Halictus.tumulorum","Achillea.millefolium"
"7","Lasioglossum.fulvicorne","Achillea.millefolium"
"7","Lasioglossum.morio","Achillea.millefolium"
"7","Lasioglossum.pauxillum","Achillea.millefolium"
"7","Lasioglossum.villosulum","Achillea.millefolium"
"7","Melanostoma.spec","Achillea.millefolium"
"7","Paragus.spec","Achillea.millefolium"
"7","Psithyrus.bohemicus","Achillea.millefolium"
"7","Psithyrus.rupestris","Achillea.millefolium"
"7","Scaeva.selenitica","Achillea.millefolium"
"7","Sphaerophoria.spec","Achillea.millefolium"
"7","Syrphus.ribesii","Achillea.millefolium"
"7","Syrphus.torvus","Achillea.millefolium"
"7","Syrphus.vitripennis","Achillea.millefolium"
"7","Andrena.flavipes","Agrimonia.eupatoria"
"7","Andrena.fulvago","Agrimonia.eupatoria"
"7","Andrena.minutuloides","Agrimonia.eupatoria"
"7","Andrena.subopaca","Agrimonia.eupatoria"
"7","Bombus.hypnorum","Agrimonia.eupatoria"
"7","Bombus.lapidarius","Agrimonia.eupatoria"
"7","Bombus.pascuorum","Agrimonia.eupatoria"
"7","Bombus.terrestris.agg","Agrimonia.eupatoria"
"7","Cheilosia.barbata","Agrimonia.eupatoria"
"7","Chrysotoxum.bicinctum","Agrimonia.eupatoria"
"7","Didea.fasciata","Agrimonia.eupatoria"
"7","Episyrphus.balteatus","Agrimonia.eupatoria"
"7","Eristalis.interrupta","Agrimonia.eupatoria"
"7","Eristalis.tenax","Agrimonia.eupatoria"
"7","Eupeodes.corollae","Agrimonia.eupatoria"
"7","Halictus.rubicundus","Agrimonia.eupatoria"
"7","Halictus.tumulorum","Agrimonia.eupatoria"
"7","Lasioglossum.fulvicorne","Agrimonia.eupatoria"
"7","Lasioglossum.morio","Agrimonia.eupatoria"
"7","Lasioglossum.pauxillum","Agrimonia.eupatoria"
"7","Lasioglossum.villosulum","Agrimonia.eupatoria"
"7","Melanostoma.spec","Agrimonia.eupatoria"
"7","Paragus.spec","Agrimonia.eupatoria"
"7","Psithyrus.bohemicus","Agrimonia.eupatoria"
"7","Psithyrus.rupestris","Agrimonia.eupatoria"
"7","Scaeva.selenitica","Agrimonia.eupatoria"
"7","Sphaerophoria.spec","Agrimonia.eupatoria"
"7","Syrphus.ribesii","Agrimonia.eupatoria"
"7","Syrphus.torvus","Agrimonia.eupatoria"
"7","Syrphus.vitripennis","Agrimonia.eupatoria"
"7","Andrena.flavipes","Anthyllis.vulneraria"
"7","Andrena.fulvago","Anthyllis.vulneraria"
"7","Andrena.minutuloides","Anthyllis.vulneraria"
"7","Andrena.subopaca","Anthyllis.vulneraria"
"7","Bombus.hypnorum","Anthyllis.vulneraria"
"7","Bombus.lapidarius","Anthyllis.vulneraria"
"7","Bombus.pascuorum","Anthyllis.vulneraria"
"7","Bombus.terrestris.agg","Anthyllis.vulneraria"
"7","Cheilosia.barbata","Anthyllis.vulneraria"
"7","Chrysotoxum.bicinctum","Anthyllis.vulneraria"
"7","Didea.fasciata","Anthyllis.vulneraria"
"7","Episyrphus.balteatus","Anthyllis.vulneraria"
"7","Eristalis.interrupta","Anthyllis.vulneraria"
"7","Eristalis.tenax","Anthyllis.vulneraria"
"7","Eupeodes.corollae","Anthyllis.vulneraria"
"7","Halictus.rubicundus","Anthyllis.vulneraria"
"7","Halictus.tumulorum","Anthyllis.vulneraria"
"7","Lasioglossum.fulvicorne","Anthyllis.vulneraria"
"7","Lasioglossum.morio","Anthyllis.vulneraria"
"7","Lasioglossum.pauxillum","Anthyllis.vulneraria"
"7","Lasioglossum.villosulum","Anthyllis.vulneraria"
"7","Melanostoma.spec","Anthyllis.vulneraria"
"7","Paragus.spec","Anthyllis.vulneraria"
"7","Psithyrus.bohemicus","Anthyllis.vulneraria"
"7","Psithyrus.rupestris","Anthyllis.vulneraria"
"7","Scaeva.selenitica","Anthyllis.vulneraria"
"7","Sphaerophoria.spec","Anthyllis.vulneraria"
"7","Syrphus.ribesii","Anthyllis.vulneraria"
"7","Syrphus.torvus","Anthyllis.vulneraria"
"7","Syrphus.vitripennis","Anthyllis.vulneraria"
"7","Andrena.flavipes","Centaurea.jacea"
"7","Andrena.fulvago","Centaurea.jacea"
"7","Andrena.minutuloides","Centaurea.jacea"
"7","Andrena.subopaca","Centaurea.jacea"
"7","Bombus.hypnorum","Centaurea.jacea"
"7","Bombus.lapidarius","Centaurea.jacea"
"7","Bombus.pascuorum","Centaurea.jacea"
"7","Bombus.terrestris.agg","Centaurea.jacea"
"7","Cheilosia.barbata","Centaurea.jacea"
"7","Chrysotoxum.bicinctum","Centaurea.jacea"
"7","Didea.fasciata","Centaurea.jacea"
"7","Episyrphus.balteatus","Centaurea.jacea"
"7","Eristalis.interrupta","Centaurea.jacea"
"7","Eristalis.tenax","Centaurea.jacea"
"7","Eupeodes.corollae","Centaurea.jacea"
"7","Halictus.rubicundus","Centaurea.jacea"
"7","Halictus.tumulorum","Centaurea.jacea"
"7","Lasioglossum.fulvicorne","Centaurea.jacea"
"7","Lasioglossum.morio","Centaurea.jacea"
"7","Lasioglossum.pauxillum","Centaurea.jacea"
"7","Lasioglossum.villosulum","Centaurea.jacea"
"7","Melanostoma.spec","Centaurea.jacea"
"7","Paragus.spec","Centaurea.jacea"
"7","Psithyrus.bohemicus","Centaurea.jacea"
"7","Psithyrus.rupestris","Centaurea.jacea"
"7","Scaeva.selenitica","Centaurea.jacea"
"7","Sphaerophoria.spec","Centaurea.jacea"
"7","Syrphus.ribesii","Centaurea.jacea"
"7","Syrphus.torvus","Centaurea.jacea"
"7","Syrphus.vitripennis","Centaurea.jacea"
"7","Andrena.flavipes","Centaurea.scabiosa"
"7","Andrena.fulvago","Centaurea.scabiosa"
"7","Andrena.minutuloides","Centaurea.scabiosa"
"7","Andrena.subopaca","Centaurea.scabiosa"
"7","Bombus.hypnorum","Centaurea.scabiosa"
"7","Bombus.lapidarius","Centaurea.scabiosa"
"7","Bombus.pascuorum","Centaurea.scabiosa"
"7","Bombus.terrestris.agg","Centaurea.scabiosa"
"7","Cheilosia.barbata","Centaurea.scabiosa"
"7","Chrysotoxum.bicinctum","Centaurea.scabiosa"
"7","Didea.fasciata","Centaurea.scabiosa"
"7","Episyrphus.balteatus","Centaurea.scabiosa"
"7","Eristalis.interrupta","Centaurea.scabiosa"
"7","Eristalis.tenax","Centaurea.scabiosa"
"7","Eupeodes.corollae","Centaurea.scabiosa"
"7","Halictus.rubicundus","Centaurea.scabiosa"
"7","Halictus.tumulorum","Centaurea.scabiosa"
"7","Lasioglossum.fulvicorne","Centaurea.scabiosa"
"7","Lasioglossum.morio","Centaurea.scabiosa"
"7","Lasioglossum.pauxillum","Centaurea.scabiosa"
"7","Lasioglossum.villosulum","Centaurea.scabiosa"
"7","Melanostoma.spec","Centaurea.scabiosa"
"7","Paragus.spec","Centaurea.scabiosa"
"7","Psithyrus.bohemicus","Centaurea.scabiosa"
"7","Psithyrus.rupestris","Centaurea.scabiosa"
"7","Scaeva.selenitica","Centaurea.scabiosa"
"7","Sphaerophoria.spec","Centaurea.scabiosa"
"7","Syrphus.ribesii","Centaurea.scabiosa"
"7","Syrphus.torvus","Centaurea.scabiosa"
"7","Syrphus.vitripennis","Centaurea.scabiosa"
"7","Andrena.flavipes","Centaurium.erythraea"
"7","Andrena.fulvago","Centaurium.erythraea"
"7","Andrena.minutuloides","Centaurium.erythraea"
"7","Andrena.subopaca","Centaurium.erythraea"
"7","Bombus.hypnorum","Centaurium.erythraea"
"7","Bombus.lapidarius","Centaurium.erythraea"
"7","Bombus.pascuorum","Centaurium.erythraea"
"7","Bombus.terrestris.agg","Centaurium.erythraea"
"7","Cheilosia.barbata","Centaurium.erythraea"
"7","Chrysotoxum.bicinctum","Centaurium.erythraea"
"7","Didea.fasciata","Centaurium.erythraea"
"7","Episyrphus.balteatus","Centaurium.erythraea"
"7","Eristalis.interrupta","Centaurium.erythraea"
"7","Eristalis.tenax","Centaurium.erythraea"
"7","Eupeodes.corollae","Centaurium.erythraea"
"7","Halictus.rubicundus","Centaurium.erythraea"
"7","Halictus.tumulorum","Centaurium.erythraea"
"7","Lasioglossum.fulvicorne","Centaurium.erythraea"
"7","Lasioglossum.morio","Centaurium.erythraea"
"7","Lasioglossum.pauxillum","Centaurium.erythraea"
"7","Lasioglossum.villosulum","Centaurium.erythraea"
"7","Melanostoma.spec","Centaurium.erythraea"
"7","Paragus.spec","Centaurium.erythraea"
"7","Psithyrus.bohemicus","Centaurium.erythraea"
"7","Psithyrus.rupestris","Centaurium.erythraea"
"7","Scaeva.selenitica","Centaurium.erythraea"
"7","Sphaerophoria.spec","Centaurium.erythraea"
"7","Syrphus.ribesii","Centaurium.erythraea"
"7","Syrphus.torvus","Centaurium.erythraea"
"7","Syrphus.vitripennis","Centaurium.erythraea"
"7","Andrena.flavipes","Cirsium.acaule"
"7","Andrena.fulvago","Cirsium.acaule"
"7","Andrena.minutuloides","Cirsium.acaule"
"7","Andrena.subopaca","Cirsium.acaule"
"7","Bombus.hypnorum","Cirsium.acaule"
"7","Bombus.lapidarius","Cirsium.acaule"
"7","Bombus.pascuorum","Cirsium.acaule"
"7","Bombus.terrestris.agg","Cirsium.acaule"
"7","Cheilosia.barbata","Cirsium.acaule"
"7","Chrysotoxum.bicinctum","Cirsium.acaule"
"7","Didea.fasciata","Cirsium.acaule"
"7","Episyrphus.balteatus","Cirsium.acaule"
"7","Eristalis.interrupta","Cirsium.acaule"
"7","Eristalis.tenax","Cirsium.acaule"
"7","Eupeodes.corollae","Cirsium.acaule"
"7","Halictus.rubicundus","Cirsium.acaule"
"7","Halictus.tumulorum","Cirsium.acaule"
"7","Lasioglossum.fulvicorne","Cirsium.acaule"
"7","Lasioglossum.morio","Cirsium.acaule"
"7","Lasioglossum.pauxillum","Cirsium.acaule"
"7","Lasioglossum.villosulum","Cirsium.acaule"
"7","Melanostoma.spec","Cirsium.acaule"
"7","Paragus.spec","Cirsium.acaule"
"7","Psithyrus.bohemicus","Cirsium.acaule"
"7","Psithyrus.rupestris","Cirsium.acaule"
"7","Scaeva.selenitica","Cirsium.acaule"
"7","Sphaerophoria.spec","Cirsium.acaule"
"7","Syrphus.ribesii","Cirsium.acaule"
"7","Syrphus.torvus","Cirsium.acaule"
"7","Syrphus.vitripennis","Cirsium.acaule"
"7","Andrena.flavipes","Daucus.carota"
"7","Andrena.fulvago","Daucus.carota"
"7","Andrena.minutuloides","Daucus.carota"
"7","Andrena.subopaca","Daucus.carota"
"7","Bombus.hypnorum","Daucus.carota"
"7","Bombus.lapidarius","Daucus.carota"
"7","Bombus.pascuorum","Daucus.carota"
"7","Bombus.terrestris.agg","Daucus.carota"
"7","Cheilosia.barbata","Daucus.carota"
"7","Chrysotoxum.bicinctum","Daucus.carota"
"7","Didea.fasciata","Daucus.carota"
"7","Episyrphus.balteatus","Daucus.carota"
"7","Eristalis.interrupta","Daucus.carota"
"7","Eristalis.tenax","Daucus.carota"
"7","Eupeodes.corollae","Daucus.carota"
"7","Halictus.rubicundus","Daucus.carota"
"7","Halictus.tumulorum","Daucus.carota"
"7","Lasioglossum.fulvicorne","Daucus.carota"
"7","Lasioglossum.morio","Daucus.carota"
"7","Lasioglossum.pauxillum","Daucus.carota"
"7","Lasioglossum.villosulum","Daucus.carota"
"7","Melanostoma.spec","Daucus.carota"
"7","Paragus.spec","Daucus.carota"
"7","Psithyrus.bohemicus","Daucus.carota"
"7","Psithyrus.rupestris","Daucus.carota"
"7","Scaeva.selenitica","Daucus.carota"
"7","Sphaerophoria.spec","Daucus.carota"
"7","Syrphus.ribesii","Daucus.carota"
"7","Syrphus.torvus","Daucus.carota"
"7","Syrphus.vitripennis","Daucus.carota"
"7","Andrena.flavipes","Galium.mollugo"
"7","Andrena.fulvago","Galium.mollugo"
"7","Andrena.minutuloides","Galium.mollugo"
"7","Andrena.subopaca","Galium.mollugo"
"7","Bombus.hypnorum","Galium.mollugo"
"7","Bombus.lapidarius","Galium.mollugo"
"7","Bombus.pascuorum","Galium.mollugo"
"7","Bombus.terrestris.agg","Galium.mollugo"
"7","Cheilosia.barbata","Galium.mollugo"
"7","Chrysotoxum.bicinctum","Galium.mollugo"
"7","Didea.fasciata","Galium.mollugo"
"7","Episyrphus.balteatus","Galium.mollugo"
"7","Eristalis.interrupta","Galium.mollugo"
"7","Eristalis.tenax","Galium.mollugo"
"7","Eupeodes.corollae","Galium.mollugo"
"7","Halictus.rubicundus","Galium.mollugo"
"7","Halictus.tumulorum","Galium.mollugo"
"7","Lasioglossum.fulvicorne","Galium.mollugo"
"7","Lasioglossum.morio","Galium.mollugo"
"7","Lasioglossum.pauxillum","Galium.mollugo"
"7","Lasioglossum.villosulum","Galium.mollugo"
"7","Melanostoma.spec","Galium.mollugo"
"7","Paragus.spec","Galium.mollugo"
"7","Psithyrus.bohemicus","Galium.mollugo"
"7","Psithyrus.rupestris","Galium.mollugo"
"7","Scaeva.selenitica","Galium.mollugo"
"7","Sphaerophoria.spec","Galium.mollugo"
"7","Syrphus.ribesii","Galium.mollugo"
"7","Syrphus.torvus","Galium.mollugo"
"7","Syrphus.vitripennis","Galium.mollugo"
"7","Andrena.flavipes","Gymnadenia.conopsea"
"7","Andrena.fulvago","Gymnadenia.conopsea"
"7","Andrena.minutuloides","Gymnadenia.conopsea"
"7","Andrena.subopaca","Gymnadenia.conopsea"
"7","Bombus.hypnorum","Gymnadenia.conopsea"
"7","Bombus.lapidarius","Gymnadenia.conopsea"
"7","Bombus.pascuorum","Gymnadenia.conopsea"
"7","Bombus.terrestris.agg","Gymnadenia.conopsea"
"7","Cheilosia.barbata","Gymnadenia.conopsea"
"7","Chrysotoxum.bicinctum","Gymnadenia.conopsea"
"7","Didea.fasciata","Gymnadenia.conopsea"
"7","Episyrphus.balteatus","Gymnadenia.conopsea"
"7","Eristalis.interrupta","Gymnadenia.conopsea"
"7","Eristalis.tenax","Gymnadenia.conopsea"
"7","Eupeodes.corollae","Gymnadenia.conopsea"
"7","Halictus.rubicundus","Gymnadenia.conopsea"
"7","Halictus.tumulorum","Gymnadenia.conopsea"
"7","Lasioglossum.fulvicorne","Gymnadenia.conopsea"
"7","Lasioglossum.morio","Gymnadenia.conopsea"
"7","Lasioglossum.pauxillum","Gymnadenia.conopsea"
"7","Lasioglossum.villosulum","Gymnadenia.conopsea"
"7","Melanostoma.spec","Gymnadenia.conopsea"
"7","Paragus.spec","Gymnadenia.conopsea"
"7","Psithyrus.bohemicus","Gymnadenia.conopsea"
"7","Psithyrus.rupestris","Gymnadenia.conopsea"
"7","Scaeva.selenitica","Gymnadenia.conopsea"
"7","Sphaerophoria.spec","Gymnadenia.conopsea"
"7","Syrphus.ribesii","Gymnadenia.conopsea"
"7","Syrphus.torvus","Gymnadenia.conopsea"
"7","Syrphus.vitripennis","Gymnadenia.conopsea"
"7","Andrena.flavipes","Hieracium.pilosella"
"7","Andrena.fulvago","Hieracium.pilosella"
"7","Andrena.minutuloides","Hieracium.pilosella"
"7","Andrena.subopaca","Hieracium.pilosella"
"7","Bombus.hypnorum","Hieracium.pilosella"
"7","Bombus.lapidarius","Hieracium.pilosella"
"7","Bombus.pascuorum","Hieracium.pilosella"
"7","Bombus.terrestris.agg","Hieracium.pilosella"
"7","Cheilosia.barbata","Hieracium.pilosella"
"7","Chrysotoxum.bicinctum","Hieracium.pilosella"
"7","Didea.fasciata","Hieracium.pilosella"
"7","Episyrphus.balteatus","Hieracium.pilosella"
"7","Eristalis.interrupta","Hieracium.pilosella"
"7","Eristalis.tenax","Hieracium.pilosella"
"7","Eupeodes.corollae","Hieracium.pilosella"
"7","Halictus.rubicundus","Hieracium.pilosella"
"7","Halictus.tumulorum","Hieracium.pilosella"
"7","Lasioglossum.fulvicorne","Hieracium.pilosella"
"7","Lasioglossum.morio","Hieracium.pilosella"
"7","Lasioglossum.pauxillum","Hieracium.pilosella"
"7","Lasioglossum.villosulum","Hieracium.pilosella"
"7","Melanostoma.spec","Hieracium.pilosella"
"7","Paragus.spec","Hieracium.pilosella"
"7","Psithyrus.bohemicus","Hieracium.pilosella"
"7","Psithyrus.rupestris","Hieracium.pilosella"
"7","Scaeva.selenitica","Hieracium.pilosella"
"7","Sphaerophoria.spec","Hieracium.pilosella"
"7","Syrphus.ribesii","Hieracium.pilosella"
"7","Syrphus.torvus","Hieracium.pilosella"
"7","Syrphus.vitripennis","Hieracium.pilosella"
"7","Andrena.flavipes","Hippocrepis.comosa"
"7","Andrena.fulvago","Hippocrepis.comosa"
"7","Andrena.minutuloides","Hippocrepis.comosa"
"7","Andrena.subopaca","Hippocrepis.comosa"
"7","Bombus.hypnorum","Hippocrepis.comosa"
"7","Bombus.lapidarius","Hippocrepis.comosa"
"7","Bombus.pascuorum","Hippocrepis.comosa"
"7","Bombus.terrestris.agg","Hippocrepis.comosa"
"7","Cheilosia.barbata","Hippocrepis.comosa"
"7","Chrysotoxum.bicinctum","Hippocrepis.comosa"
"7","Didea.fasciata","Hippocrepis.comosa"
"7","Episyrphus.balteatus","Hippocrepis.comosa"
"7","Eristalis.interrupta","Hippocrepis.comosa"
"7","Eristalis.tenax","Hippocrepis.comosa"
"7","Eupeodes.corollae","Hippocrepis.comosa"
"7","Halictus.rubicundus","Hippocrepis.comosa"
"7","Halictus.tumulorum","Hippocrepis.comosa"
"7","Lasioglossum.fulvicorne","Hippocrepis.comosa"
"7","Lasioglossum.morio","Hippocrepis.comosa"
"7","Lasioglossum.pauxillum","Hippocrepis.comosa"
"7","Lasioglossum.villosulum","Hippocrepis.comosa"
"7","Melanostoma.spec","Hippocrepis.comosa"
"7","Paragus.spec","Hippocrepis.comosa"
"7","Psithyrus.bohemicus","Hippocrepis.comosa"
"7","Psithyrus.rupestris","Hippocrepis.comosa"
"7","Scaeva.selenitica","Hippocrepis.comosa"
"7","Sphaerophoria.spec","Hippocrepis.comosa"
"7","Syrphus.ribesii","Hippocrepis.comosa"
"7","Syrphus.torvus","Hippocrepis.comosa"
"7","Syrphus.vitripennis","Hippocrepis.comosa"
"7","Andrena.flavipes","Hypericum.perforatum"
"7","Andrena.fulvago","Hypericum.perforatum"
"7","Andrena.minutuloides","Hypericum.perforatum"
"7","Andrena.subopaca","Hypericum.perforatum"
"7","Bombus.hypnorum","Hypericum.perforatum"
"7","Bombus.lapidarius","Hypericum.perforatum"
"7","Bombus.pascuorum","Hypericum.perforatum"
"7","Bombus.terrestris.agg","Hypericum.perforatum"
"7","Cheilosia.barbata","Hypericum.perforatum"
"7","Chrysotoxum.bicinctum","Hypericum.perforatum"
"7","Didea.fasciata","Hypericum.perforatum"
"7","Episyrphus.balteatus","Hypericum.perforatum"
"7","Eristalis.interrupta","Hypericum.perforatum"
"7","Eristalis.tenax","Hypericum.perforatum"
"7","Eupeodes.corollae","Hypericum.perforatum"
"7","Halictus.rubicundus","Hypericum.perforatum"
"7","Halictus.tumulorum","Hypericum.perforatum"
"7","Lasioglossum.fulvicorne","Hypericum.perforatum"
"7","Lasioglossum.morio","Hypericum.perforatum"
"7","Lasioglossum.pauxillum","Hypericum.perforatum"
"7","Lasioglossum.villosulum","Hypericum.perforatum"
"7","Melanostoma.spec","Hypericum.perforatum"
"7","Paragus.spec","Hypericum.perforatum"
"7","Psithyrus.bohemicus","Hypericum.perforatum"
"7","Psithyrus.rupestris","Hypericum.perforatum"
"7","Scaeva.selenitica","Hypericum.perforatum"
"7","Sphaerophoria.spec","Hypericum.perforatum"
"7","Syrphus.ribesii","Hypericum.perforatum"
"7","Syrphus.torvus","Hypericum.perforatum"
"7","Syrphus.vitripennis","Hypericum.perforatum"
"7","Andrena.flavipes","Knautia.arvensis"
"7","Andrena.fulvago","Knautia.arvensis"
"7","Andrena.minutuloides","Knautia.arvensis"
"7","Andrena.subopaca","Knautia.arvensis"
"7","Bombus.hypnorum","Knautia.arvensis"
"7","Bombus.lapidarius","Knautia.arvensis"
"7","Bombus.pascuorum","Knautia.arvensis"
"7","Bombus.terrestris.agg","Knautia.arvensis"
"7","Cheilosia.barbata","Knautia.arvensis"
"7","Chrysotoxum.bicinctum","Knautia.arvensis"
"7","Didea.fasciata","Knautia.arvensis"
"7","Episyrphus.balteatus","Knautia.arvensis"
"7","Eristalis.interrupta","Knautia.arvensis"
"7","Eristalis.tenax","Knautia.arvensis"
"7","Eupeodes.corollae","Knautia.arvensis"
"7","Halictus.rubicundus","Knautia.arvensis"
"7","Halictus.tumulorum","Knautia.arvensis"
"7","Lasioglossum.fulvicorne","Knautia.arvensis"
"7","Lasioglossum.morio","Knautia.arvensis"
"7","Lasioglossum.pauxillum","Knautia.arvensis"
"7","Lasioglossum.villosulum","Knautia.arvensis"
"7","Melanostoma.spec","Knautia.arvensis"
"7","Paragus.spec","Knautia.arvensis"
"7","Psithyrus.bohemicus","Knautia.arvensis"
"7","Psithyrus.rupestris","Knautia.arvensis"
"7","Scaeva.selenitica","Knautia.arvensis"
"7","Sphaerophoria.spec","Knautia.arvensis"
"7","Syrphus.ribesii","Knautia.arvensis"
"7","Syrphus.torvus","Knautia.arvensis"
"7","Syrphus.vitripennis","Knautia.arvensis"
"7","Andrena.flavipes","Leontodon.hispidus"
"7","Andrena.fulvago","Leontodon.hispidus"
"7","Andrena.minutuloides","Leontodon.hispidus"
"7","Andrena.subopaca","Leontodon.hispidus"
"7","Bombus.hypnorum","Leontodon.hispidus"
"7","Bombus.lapidarius","Leontodon.hispidus"
"7","Bombus.pascuorum","Leontodon.hispidus"
"7","Bombus.terrestris.agg","Leontodon.hispidus"
"7","Cheilosia.barbata","Leontodon.hispidus"
"7","Chrysotoxum.bicinctum","Leontodon.hispidus"
"7","Didea.fasciata","Leontodon.hispidus"
"7","Episyrphus.balteatus","Leontodon.hispidus"
"7","Eristalis.interrupta","Leontodon.hispidus"
"7","Eristalis.tenax","Leontodon.hispidus"
"7","Eupeodes.corollae","Leontodon.hispidus"
"7","Halictus.rubicundus","Leontodon.hispidus"
"7","Halictus.tumulorum","Leontodon.hispidus"
"7","Lasioglossum.fulvicorne","Leontodon.hispidus"
"7","Lasioglossum.morio","Leontodon.hispidus"
"7","Lasioglossum.pauxillum","Leontodon.hispidus"
"7","Lasioglossum.villosulum","Leontodon.hispidus"
"7","Melanostoma.spec","Leontodon.hispidus"
"7","Paragus.spec","Leontodon.hispidus"
"7","Psithyrus.bohemicus","Leontodon.hispidus"
"7","Psithyrus.rupestris","Leontodon.hispidus"
"7","Scaeva.selenitica","Leontodon.hispidus"
"7","Sphaerophoria.spec","Leontodon.hispidus"
"7","Syrphus.ribesii","Leontodon.hispidus"
"7","Syrphus.torvus","Leontodon.hispidus"
"7","Syrphus.vitripennis","Leontodon.hispidus"
"7","Andrena.flavipes","Leucanthemum.vulgare"
"7","Andrena.fulvago","Leucanthemum.vulgare"
"7","Andrena.minutuloides","Leucanthemum.vulgare"
"7","Andrena.subopaca","Leucanthemum.vulgare"
"7","Bombus.hypnorum","Leucanthemum.vulgare"
"7","Bombus.lapidarius","Leucanthemum.vulgare"
"7","Bombus.pascuorum","Leucanthemum.vulgare"
"7","Bombus.terrestris.agg","Leucanthemum.vulgare"
"7","Cheilosia.barbata","Leucanthemum.vulgare"
"7","Chrysotoxum.bicinctum","Leucanthemum.vulgare"
"7","Didea.fasciata","Leucanthemum.vulgare"
"7","Episyrphus.balteatus","Leucanthemum.vulgare"
"7","Eristalis.interrupta","Leucanthemum.vulgare"
"7","Eristalis.tenax","Leucanthemum.vulgare"
"7","Eupeodes.corollae","Leucanthemum.vulgare"
"7","Halictus.rubicundus","Leucanthemum.vulgare"
"7","Halictus.tumulorum","Leucanthemum.vulgare"
"7","Lasioglossum.fulvicorne","Leucanthemum.vulgare"
"7","Lasioglossum.morio","Leucanthemum.vulgare"
"7","Lasioglossum.pauxillum","Leucanthemum.vulgare"
"7","Lasioglossum.villosulum","Leucanthemum.vulgare"
"7","Melanostoma.spec","Leucanthemum.vulgare"
"7","Paragus.spec","Leucanthemum.vulgare"
"7","Psithyrus.bohemicus","Leucanthemum.vulgare"
"7","Psithyrus.rupestris","Leucanthemum.vulgare"
"7","Scaeva.selenitica","Leucanthemum.vulgare"
"7","Sphaerophoria.spec","Leucanthemum.vulgare"
"7","Syrphus.ribesii","Leucanthemum.vulgare"
"7","Syrphus.torvus","Leucanthemum.vulgare"
"7","Syrphus.vitripennis","Leucanthemum.vulgare"
"7","Andrena.flavipes","Lotus.corniculatus"
"7","Andrena.fulvago","Lotus.corniculatus"
"7","Andrena.minutuloides","Lotus.corniculatus"
"7","Andrena.subopaca","Lotus.corniculatus"
"7","Bombus.hypnorum","Lotus.corniculatus"
"7","Bombus.lapidarius","Lotus.corniculatus"
"7","Bombus.pascuorum","Lotus.corniculatus"
"7","Bombus.terrestris.agg","Lotus.corniculatus"
"7","Cheilosia.barbata","Lotus.corniculatus"
"7","Chrysotoxum.bicinctum","Lotus.corniculatus"
"7","Didea.fasciata","Lotus.corniculatus"
"7","Episyrphus.balteatus","Lotus.corniculatus"
"7","Eristalis.interrupta","Lotus.corniculatus"
"7","Eristalis.tenax","Lotus.corniculatus"
"7","Eupeodes.corollae","Lotus.corniculatus"
"7","Halictus.rubicundus","Lotus.corniculatus"
"7","Halictus.tumulorum","Lotus.corniculatus"
"7","Lasioglossum.fulvicorne","Lotus.corniculatus"
"7","Lasioglossum.morio","Lotus.corniculatus"
"7","Lasioglossum.pauxillum","Lotus.corniculatus"
"7","Lasioglossum.villosulum","Lotus.corniculatus"
"7","Melanostoma.spec","Lotus.corniculatus"
"7","Paragus.spec","Lotus.corniculatus"
"7","Psithyrus.bohemicus","Lotus.corniculatus"
"7","Psithyrus.rupestris","Lotus.corniculatus"
"7","Scaeva.selenitica","Lotus.corniculatus"
"7","Sphaerophoria.spec","Lotus.corniculatus"
"7","Syrphus.ribesii","Lotus.corniculatus"
"7","Syrphus.torvus","Lotus.corniculatus"
"7","Syrphus.vitripennis","Lotus.corniculatus"
"7","Andrena.flavipes","Medicago.lupulina"
"7","Andrena.fulvago","Medicago.lupulina"
"7","Andrena.minutuloides","Medicago.lupulina"
"7","Andrena.subopaca","Medicago.lupulina"
"7","Bombus.hypnorum","Medicago.lupulina"
"7","Bombus.lapidarius","Medicago.lupulina"
"7","Bombus.pascuorum","Medicago.lupulina"
"7","Bombus.terrestris.agg","Medicago.lupulina"
"7","Cheilosia.barbata","Medicago.lupulina"
"7","Chrysotoxum.bicinctum","Medicago.lupulina"
"7","Didea.fasciata","Medicago.lupulina"
"7","Episyrphus.balteatus","Medicago.lupulina"
"7","Eristalis.interrupta","Medicago.lupulina"
"7","Eristalis.tenax","Medicago.lupulina"
"7","Eupeodes.corollae","Medicago.lupulina"
"7","Halictus.rubicundus","Medicago.lupulina"
"7","Halictus.tumulorum","Medicago.lupulina"
"7","Lasioglossum.fulvicorne","Medicago.lupulina"
"7","Lasioglossum.morio","Medicago.lupulina"
"7","Lasioglossum.pauxillum","Medicago.lupulina"
"7","Lasioglossum.villosulum","Medicago.lupulina"
"7","Melanostoma.spec","Medicago.lupulina"
"7","Paragus.spec","Medicago.lupulina"
"7","Psithyrus.bohemicus","Medicago.lupulina"
"7","Psithyrus.rupestris","Medicago.lupulina"
"7","Scaeva.selenitica","Medicago.lupulina"
"7","Sphaerophoria.spec","Medicago.lupulina"
"7","Syrphus.ribesii","Medicago.lupulina"
"7","Syrphus.torvus","Medicago.lupulina"
"7","Syrphus.vitripennis","Medicago.lupulina"
"7","Andrena.flavipes","Ononis.spinosa"
"7","Andrena.fulvago","Ononis.spinosa"
"7","Andrena.minutuloides","Ononis.spinosa"
"7","Andrena.subopaca","Ononis.spinosa"
"7","Bombus.hypnorum","Ononis.spinosa"
"7","Bombus.lapidarius","Ononis.spinosa"
"7","Bombus.pascuorum","Ononis.spinosa"
"7","Bombus.terrestris.agg","Ononis.spinosa"
"7","Cheilosia.barbata","Ononis.spinosa"
"7","Chrysotoxum.bicinctum","Ononis.spinosa"
"7","Didea.fasciata","Ononis.spinosa"
"7","Episyrphus.balteatus","Ononis.spinosa"
"7","Eristalis.interrupta","Ononis.spinosa"
"7","Eristalis.tenax","Ononis.spinosa"
"7","Eupeodes.corollae","Ononis.spinosa"
"7","Halictus.rubicundus","Ononis.spinosa"
"7","Halictus.tumulorum","Ononis.spinosa"
"7","Lasioglossum.fulvicorne","Ononis.spinosa"
"7","Lasioglossum.morio","Ononis.spinosa"
"7","Lasioglossum.pauxillum","Ononis.spinosa"
"7","Lasioglossum.villosulum","Ononis.spinosa"
"7","Melanostoma.spec","Ononis.spinosa"
"7","Paragus.spec","Ononis.spinosa"
"7","Psithyrus.bohemicus","Ononis.spinosa"
"7","Psithyrus.rupestris","Ononis.spinosa"
"7","Scaeva.selenitica","Ononis.spinosa"
"7","Sphaerophoria.spec","Ononis.spinosa"
"7","Syrphus.ribesii","Ononis.spinosa"
"7","Syrphus.torvus","Ononis.spinosa"
"7","Syrphus.vitripennis","Ononis.spinosa"
"7","Andrena.flavipes","Pimpinella.saxifraga"
"7","Andrena.fulvago","Pimpinella.saxifraga"
"7","Andrena.minutuloides","Pimpinella.saxifraga"
"7","Andrena.subopaca","Pimpinella.saxifraga"
"7","Bombus.hypnorum","Pimpinella.saxifraga"
"7","Bombus.lapidarius","Pimpinella.saxifraga"
"7","Bombus.pascuorum","Pimpinella.saxifraga"
"7","Bombus.terrestris.agg","Pimpinella.saxifraga"
"7","Cheilosia.barbata","Pimpinella.saxifraga"
"7","Chrysotoxum.bicinctum","Pimpinella.saxifraga"
"7","Didea.fasciata","Pimpinella.saxifraga"
"7","Episyrphus.balteatus","Pimpinella.saxifraga"
"7","Eristalis.interrupta","Pimpinella.saxifraga"
"7","Eristalis.tenax","Pimpinella.saxifraga"
"7","Eupeodes.corollae","Pimpinella.saxifraga"
"7","Halictus.rubicundus","Pimpinella.saxifraga"
"7","Halictus.tumulorum","Pimpinella.saxifraga"
"7","Lasioglossum.fulvicorne","Pimpinella.saxifraga"
"7","Lasioglossum.morio","Pimpinella.saxifraga"
"7","Lasioglossum.pauxillum","Pimpinella.saxifraga"
"7","Lasioglossum.villosulum","Pimpinella.saxifraga"
"7","Melanostoma.spec","Pimpinella.saxifraga"
"7","Paragus.spec","Pimpinella.saxifraga"
"7","Psithyrus.bohemicus","Pimpinella.saxifraga"
"7","Psithyrus.rupestris","Pimpinella.saxifraga"
"7","Scaeva.selenitica","Pimpinella.saxifraga"
"7","Sphaerophoria.spec","Pimpinella.saxifraga"
"7","Syrphus.ribesii","Pimpinella.saxifraga"
"7","Syrphus.torvus","Pimpinella.saxifraga"
"7","Syrphus.vitripennis","Pimpinella.saxifraga"
"7","Andrena.flavipes","Plantago.media"
"7","Andrena.fulvago","Plantago.media"
"7","Andrena.minutuloides","Plantago.media"
"7","Andrena.subopaca","Plantago.media"
"7","Bombus.hypnorum","Plantago.media"
"7","Bombus.lapidarius","Plantago.media"
"7","Bombus.pascuorum","Plantago.media"
"7","Bombus.terrestris.agg","Plantago.media"
"7","Cheilosia.barbata","Plantago.media"
"7","Chrysotoxum.bicinctum","Plantago.media"
"7","Didea.fasciata","Plantago.media"
"7","Episyrphus.balteatus","Plantago.media"
"7","Eristalis.interrupta","Plantago.media"
"7","Eristalis.tenax","Plantago.media"
"7","Eupeodes.corollae","Plantago.media"
"7","Halictus.rubicundus","Plantago.media"
"7","Halictus.tumulorum","Plantago.media"
"7","Lasioglossum.fulvicorne","Plantago.media"
"7","Lasioglossum.morio","Plantago.media"
"7","Lasioglossum.pauxillum","Plantago.media"
"7","Lasioglossum.villosulum","Plantago.media"
"7","Melanostoma.spec","Plantago.media"
"7","Paragus.spec","Plantago.media"
"7","Psithyrus.bohemicus","Plantago.media"
"7","Psithyrus.rupestris","Plantago.media"
"7","Scaeva.selenitica","Plantago.media"
"7","Sphaerophoria.spec","Plantago.media"
"7","Syrphus.ribesii","Plantago.media"
"7","Syrphus.torvus","Plantago.media"
"7","Syrphus.vitripennis","Plantago.media"
"7","Andrena.flavipes","Polygala.comosa"
"7","Andrena.fulvago","Polygala.comosa"
"7","Andrena.minutuloides","Polygala.comosa"
"7","Andrena.subopaca","Polygala.comosa"
"7","Bombus.hypnorum","Polygala.comosa"
"7","Bombus.lapidarius","Polygala.comosa"
"7","Bombus.pascuorum","Polygala.comosa"
"7","Bombus.terrestris.agg","Polygala.comosa"
"7","Cheilosia.barbata","Polygala.comosa"
"7","Chrysotoxum.bicinctum","Polygala.comosa"
"7","Didea.fasciata","Polygala.comosa"
"7","Episyrphus.balteatus","Polygala.comosa"
"7","Eristalis.interrupta","Polygala.comosa"
"7","Eristalis.tenax","Polygala.comosa"
"7","Eupeodes.corollae","Polygala.comosa"
"7","Halictus.rubicundus","Polygala.comosa"
"7","Halictus.tumulorum","Polygala.comosa"
"7","Lasioglossum.fulvicorne","Polygala.comosa"
"7","Lasioglossum.morio","Polygala.comosa"
"7","Lasioglossum.pauxillum","Polygala.comosa"
"7","Lasioglossum.villosulum","Polygala.comosa"
"7","Melanostoma.spec","Polygala.comosa"
"7","Paragus.spec","Polygala.comosa"
"7","Psithyrus.bohemicus","Polygala.comosa"
"7","Psithyrus.rupestris","Polygala.comosa"
"7","Scaeva.selenitica","Polygala.comosa"
"7","Sphaerophoria.spec","Polygala.comosa"
"7","Syrphus.ribesii","Polygala.comosa"
"7","Syrphus.torvus","Polygala.comosa"
"7","Syrphus.vitripennis","Polygala.comosa"
"7","Andrena.flavipes","Potentilla.erecta"
"7","Andrena.fulvago","Potentilla.erecta"
"7","Andrena.minutuloides","Potentilla.erecta"
"7","Andrena.subopaca","Potentilla.erecta"
"7","Bombus.hypnorum","Potentilla.erecta"
"7","Bombus.lapidarius","Potentilla.erecta"
"7","Bombus.pascuorum","Potentilla.erecta"
"7","Bombus.terrestris.agg","Potentilla.erecta"
"7","Cheilosia.barbata","Potentilla.erecta"
"7","Chrysotoxum.bicinctum","Potentilla.erecta"
"7","Didea.fasciata","Potentilla.erecta"
"7","Episyrphus.balteatus","Potentilla.erecta"
"7","Eristalis.interrupta","Potentilla.erecta"
"7","Eristalis.tenax","Potentilla.erecta"
"7","Eupeodes.corollae","Potentilla.erecta"
"7","Halictus.rubicundus","Potentilla.erecta"
"7","Halictus.tumulorum","Potentilla.erecta"
"7","Lasioglossum.fulvicorne","Potentilla.erecta"
"7","Lasioglossum.morio","Potentilla.erecta"
"7","Lasioglossum.pauxillum","Potentilla.erecta"
"7","Lasioglossum.villosulum","Potentilla.erecta"
"7","Melanostoma.spec","Potentilla.erecta"
"7","Paragus.spec","Potentilla.erecta"
"7","Psithyrus.bohemicus","Potentilla.erecta"
"7","Psithyrus.rupestris","Potentilla.erecta"
"7","Scaeva.selenitica","Potentilla.erecta"
"7","Sphaerophoria.spec","Potentilla.erecta"
"7","Syrphus.ribesii","Potentilla.erecta"
"7","Syrphus.torvus","Potentilla.erecta"
"7","Syrphus.vitripennis","Potentilla.erecta"
"7","Andrena.flavipes","Potentilla.neumanniana"
"7","Andrena.fulvago","Potentilla.neumanniana"
"7","Andrena.minutuloides","Potentilla.neumanniana"
"7","Andrena.subopaca","Potentilla.neumanniana"
"7","Bombus.hypnorum","Potentilla.neumanniana"
"7","Bombus.lapidarius","Potentilla.neumanniana"
"7","Bombus.pascuorum","Potentilla.neumanniana"
"7","Bombus.terrestris.agg","Potentilla.neumanniana"
"7","Cheilosia.barbata","Potentilla.neumanniana"
"7","Chrysotoxum.bicinctum","Potentilla.neumanniana"
"7","Didea.fasciata","Potentilla.neumanniana"
"7","Episyrphus.balteatus","Potentilla.neumanniana"
"7","Eristalis.interrupta","Potentilla.neumanniana"
"7","Eristalis.tenax","Potentilla.neumanniana"
"7","Eupeodes.corollae","Potentilla.neumanniana"
"7","Halictus.rubicundus","Potentilla.neumanniana"
"7","Halictus.tumulorum","Potentilla.neumanniana"
"7","Lasioglossum.fulvicorne","Potentilla.neumanniana"
"7","Lasioglossum.morio","Potentilla.neumanniana"
"7","Lasioglossum.pauxillum","Potentilla.neumanniana"
"7","Lasioglossum.villosulum","Potentilla.neumanniana"
"7","Melanostoma.spec","Potentilla.neumanniana"
"7","Paragus.spec","Potentilla.neumanniana"
"7","Psithyrus.bohemicus","Potentilla.neumanniana"
"7","Psithyrus.rupestris","Potentilla.neumanniana"
"7","Scaeva.selenitica","Potentilla.neumanniana"
"7","Sphaerophoria.spec","Potentilla.neumanniana"
"7","Syrphus.ribesii","Potentilla.neumanniana"
"7","Syrphus.torvus","Potentilla.neumanniana"
"7","Syrphus.vitripennis","Potentilla.neumanniana"
"7","Andrena.flavipes","Ranunculus.bulbosus"
"7","Andrena.fulvago","Ranunculus.bulbosus"
"7","Andrena.minutuloides","Ranunculus.bulbosus"
"7","Andrena.subopaca","Ranunculus.bulbosus"
"7","Bombus.hypnorum","Ranunculus.bulbosus"
"7","Bombus.lapidarius","Ranunculus.bulbosus"
"7","Bombus.pascuorum","Ranunculus.bulbosus"
"7","Bombus.terrestris.agg","Ranunculus.bulbosus"
"7","Cheilosia.barbata","Ranunculus.bulbosus"
"7","Chrysotoxum.bicinctum","Ranunculus.bulbosus"
"7","Didea.fasciata","Ranunculus.bulbosus"
"7","Episyrphus.balteatus","Ranunculus.bulbosus"
"7","Eristalis.interrupta","Ranunculus.bulbosus"
"7","Eristalis.tenax","Ranunculus.bulbosus"
"7","Eupeodes.corollae","Ranunculus.bulbosus"
"7","Halictus.rubicundus","Ranunculus.bulbosus"
"7","Halictus.tumulorum","Ranunculus.bulbosus"
"7","Lasioglossum.fulvicorne","Ranunculus.bulbosus"
"7","Lasioglossum.morio","Ranunculus.bulbosus"
"7","Lasioglossum.pauxillum","Ranunculus.bulbosus"
"7","Lasioglossum.villosulum","Ranunculus.bulbosus"
"7","Melanostoma.spec","Ranunculus.bulbosus"
"7","Paragus.spec","Ranunculus.bulbosus"
"7","Psithyrus.bohemicus","Ranunculus.bulbosus"
"7","Psithyrus.rupestris","Ranunculus.bulbosus"
"7","Scaeva.selenitica","Ranunculus.bulbosus"
"7","Sphaerophoria.spec","Ranunculus.bulbosus"
"7","Syrphus.ribesii","Ranunculus.bulbosus"
"7","Syrphus.torvus","Ranunculus.bulbosus"
"7","Syrphus.vitripennis","Ranunculus.bulbosus"
"7","Andrena.flavipes","Rosa.NA"
"7","Andrena.fulvago","Rosa.NA"
"7","Andrena.minutuloides","Rosa.NA"
"7","Andrena.subopaca","Rosa.NA"
"7","Bombus.hypnorum","Rosa.NA"
"7","Bombus.lapidarius","Rosa.NA"
"7","Bombus.pascuorum","Rosa.NA"
"7","Bombus.terrestris.agg","Rosa.NA"
"7","Cheilosia.barbata","Rosa.NA"
"7","Chrysotoxum.bicinctum","Rosa.NA"
"7","Didea.fasciata","Rosa.NA"
"7","Episyrphus.balteatus","Rosa.NA"
"7","Eristalis.interrupta","Rosa.NA"
"7","Eristalis.tenax","Rosa.NA"
"7","Eupeodes.corollae","Rosa.NA"
"7","Halictus.rubicundus","Rosa.NA"
"7","Halictus.tumulorum","Rosa.NA"
"7","Lasioglossum.fulvicorne","Rosa.NA"
"7","Lasioglossum.morio","Rosa.NA"
"7","Lasioglossum.pauxillum","Rosa.NA"
"7","Lasioglossum.villosulum","Rosa.NA"
"7","Melanostoma.spec","Rosa.NA"
"7","Paragus.spec","Rosa.NA"
"7","Psithyrus.bohemicus","Rosa.NA"
"7","Psithyrus.rupestris","Rosa.NA"
"7","Scaeva.selenitica","Rosa.NA"
"7","Sphaerophoria.spec","Rosa.NA"
"7","Syrphus.ribesii","Rosa.NA"
"7","Syrphus.torvus","Rosa.NA"
"7","Syrphus.vitripennis","Rosa.NA"
"7","Andrena.flavipes","Senecio.jacobaea"
"7","Andrena.fulvago","Senecio.jacobaea"
"7","Andrena.minutuloides","Senecio.jacobaea"
"7","Andrena.subopaca","Senecio.jacobaea"
"7","Bombus.hypnorum","Senecio.jacobaea"
"7","Bombus.lapidarius","Senecio.jacobaea"
"7","Bombus.pascuorum","Senecio.jacobaea"
"7","Bombus.terrestris.agg","Senecio.jacobaea"
"7","Cheilosia.barbata","Senecio.jacobaea"
"7","Chrysotoxum.bicinctum","Senecio.jacobaea"
"7","Didea.fasciata","Senecio.jacobaea"
"7","Episyrphus.balteatus","Senecio.jacobaea"
"7","Eristalis.interrupta","Senecio.jacobaea"
"7","Eristalis.tenax","Senecio.jacobaea"
"7","Eupeodes.corollae","Senecio.jacobaea"
"7","Halictus.rubicundus","Senecio.jacobaea"
"7","Halictus.tumulorum","Senecio.jacobaea"
"7","Lasioglossum.fulvicorne","Senecio.jacobaea"
"7","Lasioglossum.morio","Senecio.jacobaea"
"7","Lasioglossum.pauxillum","Senecio.jacobaea"
"7","Lasioglossum.villosulum","Senecio.jacobaea"
"7","Melanostoma.spec","Senecio.jacobaea"
"7","Paragus.spec","Senecio.jacobaea"
"7","Psithyrus.bohemicus","Senecio.jacobaea"
"7","Psithyrus.rupestris","Senecio.jacobaea"
"7","Scaeva.selenitica","Senecio.jacobaea"
"7","Sphaerophoria.spec","Senecio.jacobaea"
"7","Syrphus.ribesii","Senecio.jacobaea"
"7","Syrphus.torvus","Senecio.jacobaea"
"7","Syrphus.vitripennis","Senecio.jacobaea"
"7","Andrena.flavipes","Thymus.pulegioides"
"7","Andrena.fulvago","Thymus.pulegioides"
"7","Andrena.minutuloides","Thymus.pulegioides"
"7","Andrena.subopaca","Thymus.pulegioides"
"7","Bombus.hypnorum","Thymus.pulegioides"
"7","Bombus.lapidarius","Thymus.pulegioides"
"7","Bombus.pascuorum","Thymus.pulegioides"
"7","Bombus.terrestris.agg","Thymus.pulegioides"
"7","Cheilosia.barbata","Thymus.pulegioides"
"7","Chrysotoxum.bicinctum","Thymus.pulegioides"
"7","Didea.fasciata","Thymus.pulegioides"
"7","Episyrphus.balteatus","Thymus.pulegioides"
"7","Eristalis.interrupta","Thymus.pulegioides"
"7","Eristalis.tenax","Thymus.pulegioides"
"7","Eupeodes.corollae","Thymus.pulegioides"
"7","Halictus.rubicundus","Thymus.pulegioides"
"7","Halictus.tumulorum","Thymus.pulegioides"
"7","Lasioglossum.fulvicorne","Thymus.pulegioides"
"7","Lasioglossum.morio","Thymus.pulegioides"
"7","Lasioglossum.pauxillum","Thymus.pulegioides"
"7","Lasioglossum.villosulum","Thymus.pulegioides"
"7","Melanostoma.spec","Thymus.pulegioides"
"7","Paragus.spec","Thymus.pulegioides"
"7","Psithyrus.bohemicus","Thymus.pulegioides"
"7","Psithyrus.rupestris","Thymus.pulegioides"
"7","Scaeva.selenitica","Thymus.pulegioides"
"7","Sphaerophoria.spec","Thymus.pulegioides"
"7","Syrphus.ribesii","Thymus.pulegioides"
"7","Syrphus.torvus","Thymus.pulegioides"
"7","Syrphus.vitripennis","Thymus.pulegioides"
"7","Andrena.flavipes","Trifolium.pratense"
"7","Andrena.fulvago","Trifolium.pratense"
"7","Andrena.minutuloides","Trifolium.pratense"
"7","Andrena.subopaca","Trifolium.pratense"
"7","Bombus.hypnorum","Trifolium.pratense"
"7","Bombus.lapidarius","Trifolium.pratense"
"7","Bombus.pascuorum","Trifolium.pratense"
"7","Bombus.terrestris.agg","Trifolium.pratense"
"7","Cheilosia.barbata","Trifolium.pratense"
"7","Chrysotoxum.bicinctum","Trifolium.pratense"
"7","Didea.fasciata","Trifolium.pratense"
"7","Episyrphus.balteatus","Trifolium.pratense"
"7","Eristalis.interrupta","Trifolium.pratense"
"7","Eristalis.tenax","Trifolium.pratense"
"7","Eupeodes.corollae","Trifolium.pratense"
"7","Halictus.rubicundus","Trifolium.pratense"
"7","Halictus.tumulorum","Trifolium.pratense"
"7","Lasioglossum.fulvicorne","Trifolium.pratense"
"7","Lasioglossum.morio","Trifolium.pratense"
"7","Lasioglossum.pauxillum","Trifolium.pratense"
"7","Lasioglossum.villosulum","Trifolium.pratense"
"7","Melanostoma.spec","Trifolium.pratense"
"7","Paragus.spec","Trifolium.pratense"
"7","Psithyrus.bohemicus","Trifolium.pratense"
"7","Psithyrus.rupestris","Trifolium.pratense"
"7","Scaeva.selenitica","Trifolium.pratense"
"7","Sphaerophoria.spec","Trifolium.pratense"
"7","Syrphus.ribesii","Trifolium.pratense"
"7","Syrphus.torvus","Trifolium.pratense"
"7","Syrphus.vitripennis","Trifolium.pratense"
"7","Andrena.flavipes","Vicia.cracca"
"7","Andrena.fulvago","Vicia.cracca"
"7","Andrena.minutuloides","Vicia.cracca"
"7","Andrena.subopaca","Vicia.cracca"
"7","Bombus.hypnorum","Vicia.cracca"
"7","Bombus.lapidarius","Vicia.cracca"
"7","Bombus.pascuorum","Vicia.cracca"
"7","Bombus.terrestris.agg","Vicia.cracca"
"7","Cheilosia.barbata","Vicia.cracca"
"7","Chrysotoxum.bicinctum","Vicia.cracca"
"7","Didea.fasciata","Vicia.cracca"
"7","Episyrphus.balteatus","Vicia.cracca"
"7","Eristalis.interrupta","Vicia.cracca"
"7","Eristalis.tenax","Vicia.cracca"
"7","Eupeodes.corollae","Vicia.cracca"
"7","Halictus.rubicundus","Vicia.cracca"
"7","Halictus.tumulorum","Vicia.cracca"
"7","Lasioglossum.fulvicorne","Vicia.cracca"
"7","Lasioglossum.morio","Vicia.cracca"
"7","Lasioglossum.pauxillum","Vicia.cracca"
"7","Lasioglossum.villosulum","Vicia.cracca"
"7","Melanostoma.spec","Vicia.cracca"
"7","Paragus.spec","Vicia.cracca"
"7","Psithyrus.bohemicus","Vicia.cracca"
"7","Psithyrus.rupestris","Vicia.cracca"
"7","Scaeva.selenitica","Vicia.cracca"
"7","Sphaerophoria.spec","Vicia.cracca"
"7","Syrphus.ribesii","Vicia.cracca"
"7","Syrphus.torvus","Vicia.cracca"
"7","Syrphus.vitripennis","Vicia.cracca"
"8","Andrena.falsifica","Achillea.millefolium"
"8","Andrena.minutula","Achillea.millefolium"
"8","Andrena.minutuloides","Achillea.millefolium"
"8","Andrena.strohmella","Achillea.millefolium"
"8","Bombus.hortorum","Achillea.millefolium"
"8","Bombus.lapidarius","Achillea.millefolium"
"8","Bombus.pascuorum","Achillea.millefolium"
"8","Bombus.terrestris.agg","Achillea.millefolium"
"8","Cheilosia.ranunculi/albitarsis","Achillea.millefolium"
"8","Cheilosia.soror","Achillea.millefolium"
"8","Chelostoma.rapunculi","Achillea.millefolium"
"8","Chrysotoxum.bicinctum","Achillea.millefolium"
"8","Episyrphus.balteatus","Achillea.millefolium"
"8","Eristalis.interrupta","Achillea.millefolium"
"8","Eristalis.lineata","Achillea.millefolium"
"8","Eristalis.tenax","Achillea.millefolium"
"8","Halictus.tumulorum","Achillea.millefolium"
"8","Heringia.spec","Achillea.millefolium"
"8","Hylaeus.communis","Achillea.millefolium"
"8","Hylaeus.confusus","Achillea.millefolium"
"8","Lasioglossum.calceatum","Achillea.millefolium"
"8","Lasioglossum.morio","Achillea.millefolium"
"8","Lasioglossum.pauxillum","Achillea.millefolium"
"8","Lasioglossum.villosulum","Achillea.millefolium"
"8","Melitta.haemorrhoidalis","Achillea.millefolium"
"8","Myathropa.florea","Achillea.millefolium"
"8","Nomada.flavoguttata","Achillea.millefolium"
"8","Osmia.bicolor","Achillea.millefolium"
"8","Osmia.uncinata","Achillea.millefolium"
"8","Pipizella.spec","Achillea.millefolium"
"8","Psithyrus.rupestris","Achillea.millefolium"
"8","Sericomyia.silentis","Achillea.millefolium"
"8","Sphaerophoria.spec","Achillea.millefolium"
"8","Sphecodes.ephippius","Achillea.millefolium"
"8","Syritta.pipiens","Achillea.millefolium"
"8","Syrphus.ribesii","Achillea.millefolium"
"8","Syrphus.vitripennis","Achillea.millefolium"
"8","Volucella.pellucens","Achillea.millefolium"
"8","Andrena.falsifica","Anthriscus.sylvestris"
"8","Andrena.minutula","Anthriscus.sylvestris"
"8","Andrena.minutuloides","Anthriscus.sylvestris"
"8","Andrena.strohmella","Anthriscus.sylvestris"
"8","Bombus.hortorum","Anthriscus.sylvestris"
"8","Bombus.lapidarius","Anthriscus.sylvestris"
"8","Bombus.pascuorum","Anthriscus.sylvestris"
"8","Bombus.terrestris.agg","Anthriscus.sylvestris"
"8","Cheilosia.ranunculi/albitarsis","Anthriscus.sylvestris"
"8","Cheilosia.soror","Anthriscus.sylvestris"
"8","Chelostoma.rapunculi","Anthriscus.sylvestris"
"8","Chrysotoxum.bicinctum","Anthriscus.sylvestris"
"8","Episyrphus.balteatus","Anthriscus.sylvestris"
"8","Eristalis.interrupta","Anthriscus.sylvestris"
"8","Eristalis.lineata","Anthriscus.sylvestris"
"8","Eristalis.tenax","Anthriscus.sylvestris"
"8","Halictus.tumulorum","Anthriscus.sylvestris"
"8","Heringia.spec","Anthriscus.sylvestris"
"8","Hylaeus.communis","Anthriscus.sylvestris"
"8","Hylaeus.confusus","Anthriscus.sylvestris"
"8","Lasioglossum.calceatum","Anthriscus.sylvestris"
"8","Lasioglossum.morio","Anthriscus.sylvestris"
"8","Lasioglossum.pauxillum","Anthriscus.sylvestris"
"8","Lasioglossum.villosulum","Anthriscus.sylvestris"
"8","Melitta.haemorrhoidalis","Anthriscus.sylvestris"
"8","Myathropa.florea","Anthriscus.sylvestris"
"8","Nomada.flavoguttata","Anthriscus.sylvestris"
"8","Osmia.bicolor","Anthriscus.sylvestris"
"8","Osmia.uncinata","Anthriscus.sylvestris"
"8","Pipizella.spec","Anthriscus.sylvestris"
"8","Psithyrus.rupestris","Anthriscus.sylvestris"
"8","Sericomyia.silentis","Anthriscus.sylvestris"
"8","Sphaerophoria.spec","Anthriscus.sylvestris"
"8","Sphecodes.ephippius","Anthriscus.sylvestris"
"8","Syritta.pipiens","Anthriscus.sylvestris"
"8","Syrphus.ribesii","Anthriscus.sylvestris"
"8","Syrphus.vitripennis","Anthriscus.sylvestris"
"8","Volucella.pellucens","Anthriscus.sylvestris"
"8","Andrena.falsifica","Campanula.glomerata"
"8","Andrena.minutula","Campanula.glomerata"
"8","Andrena.minutuloides","Campanula.glomerata"
"8","Andrena.strohmella","Campanula.glomerata"
"8","Bombus.hortorum","Campanula.glomerata"
"8","Bombus.lapidarius","Campanula.glomerata"
"8","Bombus.pascuorum","Campanula.glomerata"
"8","Bombus.terrestris.agg","Campanula.glomerata"
"8","Cheilosia.ranunculi/albitarsis","Campanula.glomerata"
"8","Cheilosia.soror","Campanula.glomerata"
"8","Chelostoma.rapunculi","Campanula.glomerata"
"8","Chrysotoxum.bicinctum","Campanula.glomerata"
"8","Episyrphus.balteatus","Campanula.glomerata"
"8","Eristalis.interrupta","Campanula.glomerata"
"8","Eristalis.lineata","Campanula.glomerata"
"8","Eristalis.tenax","Campanula.glomerata"
"8","Halictus.tumulorum","Campanula.glomerata"
"8","Heringia.spec","Campanula.glomerata"
"8","Hylaeus.communis","Campanula.glomerata"
"8","Hylaeus.confusus","Campanula.glomerata"
"8","Lasioglossum.calceatum","Campanula.glomerata"
"8","Lasioglossum.morio","Campanula.glomerata"
"8","Lasioglossum.pauxillum","Campanula.glomerata"
"8","Lasioglossum.villosulum","Campanula.glomerata"
"8","Melitta.haemorrhoidalis","Campanula.glomerata"
"8","Myathropa.florea","Campanula.glomerata"
"8","Nomada.flavoguttata","Campanula.glomerata"
"8","Osmia.bicolor","Campanula.glomerata"
"8","Osmia.uncinata","Campanula.glomerata"
"8","Pipizella.spec","Campanula.glomerata"
"8","Psithyrus.rupestris","Campanula.glomerata"
"8","Sericomyia.silentis","Campanula.glomerata"
"8","Sphaerophoria.spec","Campanula.glomerata"
"8","Sphecodes.ephippius","Campanula.glomerata"
"8","Syritta.pipiens","Campanula.glomerata"
"8","Syrphus.ribesii","Campanula.glomerata"
"8","Syrphus.vitripennis","Campanula.glomerata"
"8","Volucella.pellucens","Campanula.glomerata"
"8","Andrena.falsifica","Campanula.rotundifolia"
"8","Andrena.minutula","Campanula.rotundifolia"
"8","Andrena.minutuloides","Campanula.rotundifolia"
"8","Andrena.strohmella","Campanula.rotundifolia"
"8","Bombus.hortorum","Campanula.rotundifolia"
"8","Bombus.lapidarius","Campanula.rotundifolia"
"8","Bombus.pascuorum","Campanula.rotundifolia"
"8","Bombus.terrestris.agg","Campanula.rotundifolia"
"8","Cheilosia.ranunculi/albitarsis","Campanula.rotundifolia"
"8","Cheilosia.soror","Campanula.rotundifolia"
"8","Chelostoma.rapunculi","Campanula.rotundifolia"
"8","Chrysotoxum.bicinctum","Campanula.rotundifolia"
"8","Episyrphus.balteatus","Campanula.rotundifolia"
"8","Eristalis.interrupta","Campanula.rotundifolia"
"8","Eristalis.lineata","Campanula.rotundifolia"
"8","Eristalis.tenax","Campanula.rotundifolia"
"8","Halictus.tumulorum","Campanula.rotundifolia"
"8","Heringia.spec","Campanula.rotundifolia"
"8","Hylaeus.communis","Campanula.rotundifolia"
"8","Hylaeus.confusus","Campanula.rotundifolia"
"8","Lasioglossum.calceatum","Campanula.rotundifolia"
"8","Lasioglossum.morio","Campanula.rotundifolia"
"8","Lasioglossum.pauxillum","Campanula.rotundifolia"
"8","Lasioglossum.villosulum","Campanula.rotundifolia"
"8","Melitta.haemorrhoidalis","Campanula.rotundifolia"
"8","Myathropa.florea","Campanula.rotundifolia"
"8","Nomada.flavoguttata","Campanula.rotundifolia"
"8","Osmia.bicolor","Campanula.rotundifolia"
"8","Osmia.uncinata","Campanula.rotundifolia"
"8","Pipizella.spec","Campanula.rotundifolia"
"8","Psithyrus.rupestris","Campanula.rotundifolia"
"8","Sericomyia.silentis","Campanula.rotundifolia"
"8","Sphaerophoria.spec","Campanula.rotundifolia"
"8","Sphecodes.ephippius","Campanula.rotundifolia"
"8","Syritta.pipiens","Campanula.rotundifolia"
"8","Syrphus.ribesii","Campanula.rotundifolia"
"8","Syrphus.vitripennis","Campanula.rotundifolia"
"8","Volucella.pellucens","Campanula.rotundifolia"
"8","Andrena.falsifica","Centaurea.jacea"
"8","Andrena.minutula","Centaurea.jacea"
"8","Andrena.minutuloides","Centaurea.jacea"
"8","Andrena.strohmella","Centaurea.jacea"
"8","Bombus.hortorum","Centaurea.jacea"
"8","Bombus.lapidarius","Centaurea.jacea"
"8","Bombus.pascuorum","Centaurea.jacea"
"8","Bombus.terrestris.agg","Centaurea.jacea"
"8","Cheilosia.ranunculi/albitarsis","Centaurea.jacea"
"8","Cheilosia.soror","Centaurea.jacea"
"8","Chelostoma.rapunculi","Centaurea.jacea"
"8","Chrysotoxum.bicinctum","Centaurea.jacea"
"8","Episyrphus.balteatus","Centaurea.jacea"
"8","Eristalis.interrupta","Centaurea.jacea"
"8","Eristalis.lineata","Centaurea.jacea"
"8","Eristalis.tenax","Centaurea.jacea"
"8","Halictus.tumulorum","Centaurea.jacea"
"8","Heringia.spec","Centaurea.jacea"
"8","Hylaeus.communis","Centaurea.jacea"
"8","Hylaeus.confusus","Centaurea.jacea"
"8","Lasioglossum.calceatum","Centaurea.jacea"
"8","Lasioglossum.morio","Centaurea.jacea"
"8","Lasioglossum.pauxillum","Centaurea.jacea"
"8","Lasioglossum.villosulum","Centaurea.jacea"
"8","Melitta.haemorrhoidalis","Centaurea.jacea"
"8","Myathropa.florea","Centaurea.jacea"
"8","Nomada.flavoguttata","Centaurea.jacea"
"8","Osmia.bicolor","Centaurea.jacea"
"8","Osmia.uncinata","Centaurea.jacea"
"8","Pipizella.spec","Centaurea.jacea"
"8","Psithyrus.rupestris","Centaurea.jacea"
"8","Sericomyia.silentis","Centaurea.jacea"
"8","Sphaerophoria.spec","Centaurea.jacea"
"8","Sphecodes.ephippius","Centaurea.jacea"
"8","Syritta.pipiens","Centaurea.jacea"
"8","Syrphus.ribesii","Centaurea.jacea"
"8","Syrphus.vitripennis","Centaurea.jacea"
"8","Volucella.pellucens","Centaurea.jacea"
"8","Andrena.falsifica","Centaurea.scabiosa"
"8","Andrena.minutula","Centaurea.scabiosa"
"8","Andrena.minutuloides","Centaurea.scabiosa"
"8","Andrena.strohmella","Centaurea.scabiosa"
"8","Bombus.hortorum","Centaurea.scabiosa"
"8","Bombus.lapidarius","Centaurea.scabiosa"
"8","Bombus.pascuorum","Centaurea.scabiosa"
"8","Bombus.terrestris.agg","Centaurea.scabiosa"
"8","Cheilosia.ranunculi/albitarsis","Centaurea.scabiosa"
"8","Cheilosia.soror","Centaurea.scabiosa"
"8","Chelostoma.rapunculi","Centaurea.scabiosa"
"8","Chrysotoxum.bicinctum","Centaurea.scabiosa"
"8","Episyrphus.balteatus","Centaurea.scabiosa"
"8","Eristalis.interrupta","Centaurea.scabiosa"
"8","Eristalis.lineata","Centaurea.scabiosa"
"8","Eristalis.tenax","Centaurea.scabiosa"
"8","Halictus.tumulorum","Centaurea.scabiosa"
"8","Heringia.spec","Centaurea.scabiosa"
"8","Hylaeus.communis","Centaurea.scabiosa"
"8","Hylaeus.confusus","Centaurea.scabiosa"
"8","Lasioglossum.calceatum","Centaurea.scabiosa"
"8","Lasioglossum.morio","Centaurea.scabiosa"
"8","Lasioglossum.pauxillum","Centaurea.scabiosa"
"8","Lasioglossum.villosulum","Centaurea.scabiosa"
"8","Melitta.haemorrhoidalis","Centaurea.scabiosa"
"8","Myathropa.florea","Centaurea.scabiosa"
"8","Nomada.flavoguttata","Centaurea.scabiosa"
"8","Osmia.bicolor","Centaurea.scabiosa"
"8","Osmia.uncinata","Centaurea.scabiosa"
"8","Pipizella.spec","Centaurea.scabiosa"
"8","Psithyrus.rupestris","Centaurea.scabiosa"
"8","Sericomyia.silentis","Centaurea.scabiosa"
"8","Sphaerophoria.spec","Centaurea.scabiosa"
"8","Sphecodes.ephippius","Centaurea.scabiosa"
"8","Syritta.pipiens","Centaurea.scabiosa"
"8","Syrphus.ribesii","Centaurea.scabiosa"
"8","Syrphus.vitripennis","Centaurea.scabiosa"
"8","Volucella.pellucens","Centaurea.scabiosa"
"8","Andrena.falsifica","Cirsium.acaule"
"8","Andrena.minutula","Cirsium.acaule"
"8","Andrena.minutuloides","Cirsium.acaule"
"8","Andrena.strohmella","Cirsium.acaule"
"8","Bombus.hortorum","Cirsium.acaule"
"8","Bombus.lapidarius","Cirsium.acaule"
"8","Bombus.pascuorum","Cirsium.acaule"
"8","Bombus.terrestris.agg","Cirsium.acaule"
"8","Cheilosia.ranunculi/albitarsis","Cirsium.acaule"
"8","Cheilosia.soror","Cirsium.acaule"
"8","Chelostoma.rapunculi","Cirsium.acaule"
"8","Chrysotoxum.bicinctum","Cirsium.acaule"
"8","Episyrphus.balteatus","Cirsium.acaule"
"8","Eristalis.interrupta","Cirsium.acaule"
"8","Eristalis.lineata","Cirsium.acaule"
"8","Eristalis.tenax","Cirsium.acaule"
"8","Halictus.tumulorum","Cirsium.acaule"
"8","Heringia.spec","Cirsium.acaule"
"8","Hylaeus.communis","Cirsium.acaule"
"8","Hylaeus.confusus","Cirsium.acaule"
"8","Lasioglossum.calceatum","Cirsium.acaule"
"8","Lasioglossum.morio","Cirsium.acaule"
"8","Lasioglossum.pauxillum","Cirsium.acaule"
"8","Lasioglossum.villosulum","Cirsium.acaule"
"8","Melitta.haemorrhoidalis","Cirsium.acaule"
"8","Myathropa.florea","Cirsium.acaule"
"8","Nomada.flavoguttata","Cirsium.acaule"
"8","Osmia.bicolor","Cirsium.acaule"
"8","Osmia.uncinata","Cirsium.acaule"
"8","Pipizella.spec","Cirsium.acaule"
"8","Psithyrus.rupestris","Cirsium.acaule"
"8","Sericomyia.silentis","Cirsium.acaule"
"8","Sphaerophoria.spec","Cirsium.acaule"
"8","Sphecodes.ephippius","Cirsium.acaule"
"8","Syritta.pipiens","Cirsium.acaule"
"8","Syrphus.ribesii","Cirsium.acaule"
"8","Syrphus.vitripennis","Cirsium.acaule"
"8","Volucella.pellucens","Cirsium.acaule"
"8","Andrena.falsifica","Daucus.carota"
"8","Andrena.minutula","Daucus.carota"
"8","Andrena.minutuloides","Daucus.carota"
"8","Andrena.strohmella","Daucus.carota"
"8","Bombus.hortorum","Daucus.carota"
"8","Bombus.lapidarius","Daucus.carota"
"8","Bombus.pascuorum","Daucus.carota"
"8","Bombus.terrestris.agg","Daucus.carota"
"8","Cheilosia.ranunculi/albitarsis","Daucus.carota"
"8","Cheilosia.soror","Daucus.carota"
"8","Chelostoma.rapunculi","Daucus.carota"
"8","Chrysotoxum.bicinctum","Daucus.carota"
"8","Episyrphus.balteatus","Daucus.carota"
"8","Eristalis.interrupta","Daucus.carota"
"8","Eristalis.lineata","Daucus.carota"
"8","Eristalis.tenax","Daucus.carota"
"8","Halictus.tumulorum","Daucus.carota"
"8","Heringia.spec","Daucus.carota"
"8","Hylaeus.communis","Daucus.carota"
"8","Hylaeus.confusus","Daucus.carota"
"8","Lasioglossum.calceatum","Daucus.carota"
"8","Lasioglossum.morio","Daucus.carota"
"8","Lasioglossum.pauxillum","Daucus.carota"
"8","Lasioglossum.villosulum","Daucus.carota"
"8","Melitta.haemorrhoidalis","Daucus.carota"
"8","Myathropa.florea","Daucus.carota"
"8","Nomada.flavoguttata","Daucus.carota"
"8","Osmia.bicolor","Daucus.carota"
"8","Osmia.uncinata","Daucus.carota"
"8","Pipizella.spec","Daucus.carota"
"8","Psithyrus.rupestris","Daucus.carota"
"8","Sericomyia.silentis","Daucus.carota"
"8","Sphaerophoria.spec","Daucus.carota"
"8","Sphecodes.ephippius","Daucus.carota"
"8","Syritta.pipiens","Daucus.carota"
"8","Syrphus.ribesii","Daucus.carota"
"8","Syrphus.vitripennis","Daucus.carota"
"8","Volucella.pellucens","Daucus.carota"
"8","Andrena.falsifica","Fragaria.vesca"
"8","Andrena.minutula","Fragaria.vesca"
"8","Andrena.minutuloides","Fragaria.vesca"
"8","Andrena.strohmella","Fragaria.vesca"
"8","Bombus.hortorum","Fragaria.vesca"
"8","Bombus.lapidarius","Fragaria.vesca"
"8","Bombus.pascuorum","Fragaria.vesca"
"8","Bombus.terrestris.agg","Fragaria.vesca"
"8","Cheilosia.ranunculi/albitarsis","Fragaria.vesca"
"8","Cheilosia.soror","Fragaria.vesca"
"8","Chelostoma.rapunculi","Fragaria.vesca"
"8","Chrysotoxum.bicinctum","Fragaria.vesca"
"8","Episyrphus.balteatus","Fragaria.vesca"
"8","Eristalis.interrupta","Fragaria.vesca"
"8","Eristalis.lineata","Fragaria.vesca"
"8","Eristalis.tenax","Fragaria.vesca"
"8","Halictus.tumulorum","Fragaria.vesca"
"8","Heringia.spec","Fragaria.vesca"
"8","Hylaeus.communis","Fragaria.vesca"
"8","Hylaeus.confusus","Fragaria.vesca"
"8","Lasioglossum.calceatum","Fragaria.vesca"
"8","Lasioglossum.morio","Fragaria.vesca"
"8","Lasioglossum.pauxillum","Fragaria.vesca"
"8","Lasioglossum.villosulum","Fragaria.vesca"
"8","Melitta.haemorrhoidalis","Fragaria.vesca"
"8","Myathropa.florea","Fragaria.vesca"
"8","Nomada.flavoguttata","Fragaria.vesca"
"8","Osmia.bicolor","Fragaria.vesca"
"8","Osmia.uncinata","Fragaria.vesca"
"8","Pipizella.spec","Fragaria.vesca"
"8","Psithyrus.rupestris","Fragaria.vesca"
"8","Sericomyia.silentis","Fragaria.vesca"
"8","Sphaerophoria.spec","Fragaria.vesca"
"8","Sphecodes.ephippius","Fragaria.vesca"
"8","Syritta.pipiens","Fragaria.vesca"
"8","Syrphus.ribesii","Fragaria.vesca"
"8","Syrphus.vitripennis","Fragaria.vesca"
"8","Volucella.pellucens","Fragaria.vesca"
"8","Andrena.falsifica","Genista.tinctoria"
"8","Andrena.minutula","Genista.tinctoria"
"8","Andrena.minutuloides","Genista.tinctoria"
"8","Andrena.strohmella","Genista.tinctoria"
"8","Bombus.hortorum","Genista.tinctoria"
"8","Bombus.lapidarius","Genista.tinctoria"
"8","Bombus.pascuorum","Genista.tinctoria"
"8","Bombus.terrestris.agg","Genista.tinctoria"
"8","Cheilosia.ranunculi/albitarsis","Genista.tinctoria"
"8","Cheilosia.soror","Genista.tinctoria"
"8","Chelostoma.rapunculi","Genista.tinctoria"
"8","Chrysotoxum.bicinctum","Genista.tinctoria"
"8","Episyrphus.balteatus","Genista.tinctoria"
"8","Eristalis.interrupta","Genista.tinctoria"
"8","Eristalis.lineata","Genista.tinctoria"
"8","Eristalis.tenax","Genista.tinctoria"
"8","Halictus.tumulorum","Genista.tinctoria"
"8","Heringia.spec","Genista.tinctoria"
"8","Hylaeus.communis","Genista.tinctoria"
"8","Hylaeus.confusus","Genista.tinctoria"
"8","Lasioglossum.calceatum","Genista.tinctoria"
"8","Lasioglossum.morio","Genista.tinctoria"
"8","Lasioglossum.pauxillum","Genista.tinctoria"
"8","Lasioglossum.villosulum","Genista.tinctoria"
"8","Melitta.haemorrhoidalis","Genista.tinctoria"
"8","Myathropa.florea","Genista.tinctoria"
"8","Nomada.flavoguttata","Genista.tinctoria"
"8","Osmia.bicolor","Genista.tinctoria"
"8","Osmia.uncinata","Genista.tinctoria"
"8","Pipizella.spec","Genista.tinctoria"
"8","Psithyrus.rupestris","Genista.tinctoria"
"8","Sericomyia.silentis","Genista.tinctoria"
"8","Sphaerophoria.spec","Genista.tinctoria"
"8","Sphecodes.ephippius","Genista.tinctoria"
"8","Syritta.pipiens","Genista.tinctoria"
"8","Syrphus.ribesii","Genista.tinctoria"
"8","Syrphus.vitripennis","Genista.tinctoria"
"8","Volucella.pellucens","Genista.tinctoria"
"8","Andrena.falsifica","Helianthemum.nummularium"
"8","Andrena.minutula","Helianthemum.nummularium"
"8","Andrena.minutuloides","Helianthemum.nummularium"
"8","Andrena.strohmella","Helianthemum.nummularium"
"8","Bombus.hortorum","Helianthemum.nummularium"
"8","Bombus.lapidarius","Helianthemum.nummularium"
"8","Bombus.pascuorum","Helianthemum.nummularium"
"8","Bombus.terrestris.agg","Helianthemum.nummularium"
"8","Cheilosia.ranunculi/albitarsis","Helianthemum.nummularium"
"8","Cheilosia.soror","Helianthemum.nummularium"
"8","Chelostoma.rapunculi","Helianthemum.nummularium"
"8","Chrysotoxum.bicinctum","Helianthemum.nummularium"
"8","Episyrphus.balteatus","Helianthemum.nummularium"
"8","Eristalis.interrupta","Helianthemum.nummularium"
"8","Eristalis.lineata","Helianthemum.nummularium"
"8","Eristalis.tenax","Helianthemum.nummularium"
"8","Halictus.tumulorum","Helianthemum.nummularium"
"8","Heringia.spec","Helianthemum.nummularium"
"8","Hylaeus.communis","Helianthemum.nummularium"
"8","Hylaeus.confusus","Helianthemum.nummularium"
"8","Lasioglossum.calceatum","Helianthemum.nummularium"
"8","Lasioglossum.morio","Helianthemum.nummularium"
"8","Lasioglossum.pauxillum","Helianthemum.nummularium"
"8","Lasioglossum.villosulum","Helianthemum.nummularium"
"8","Melitta.haemorrhoidalis","Helianthemum.nummularium"
"8","Myathropa.florea","Helianthemum.nummularium"
"8","Nomada.flavoguttata","Helianthemum.nummularium"
"8","Osmia.bicolor","Helianthemum.nummularium"
"8","Osmia.uncinata","Helianthemum.nummularium"
"8","Pipizella.spec","Helianthemum.nummularium"
"8","Psithyrus.rupestris","Helianthemum.nummularium"
"8","Sericomyia.silentis","Helianthemum.nummularium"
"8","Sphaerophoria.spec","Helianthemum.nummularium"
"8","Sphecodes.ephippius","Helianthemum.nummularium"
"8","Syritta.pipiens","Helianthemum.nummularium"
"8","Syrphus.ribesii","Helianthemum.nummularium"
"8","Syrphus.vitripennis","Helianthemum.nummularium"
"8","Volucella.pellucens","Helianthemum.nummularium"
"8","Andrena.falsifica","Hieracium.pilosella"
"8","Andrena.minutula","Hieracium.pilosella"
"8","Andrena.minutuloides","Hieracium.pilosella"
"8","Andrena.strohmella","Hieracium.pilosella"
"8","Bombus.hortorum","Hieracium.pilosella"
"8","Bombus.lapidarius","Hieracium.pilosella"
"8","Bombus.pascuorum","Hieracium.pilosella"
"8","Bombus.terrestris.agg","Hieracium.pilosella"
"8","Cheilosia.ranunculi/albitarsis","Hieracium.pilosella"
"8","Cheilosia.soror","Hieracium.pilosella"
"8","Chelostoma.rapunculi","Hieracium.pilosella"
"8","Chrysotoxum.bicinctum","Hieracium.pilosella"
"8","Episyrphus.balteatus","Hieracium.pilosella"
"8","Eristalis.interrupta","Hieracium.pilosella"
"8","Eristalis.lineata","Hieracium.pilosella"
"8","Eristalis.tenax","Hieracium.pilosella"
"8","Halictus.tumulorum","Hieracium.pilosella"
"8","Heringia.spec","Hieracium.pilosella"
"8","Hylaeus.communis","Hieracium.pilosella"
"8","Hylaeus.confusus","Hieracium.pilosella"
"8","Lasioglossum.calceatum","Hieracium.pilosella"
"8","Lasioglossum.morio","Hieracium.pilosella"
"8","Lasioglossum.pauxillum","Hieracium.pilosella"
"8","Lasioglossum.villosulum","Hieracium.pilosella"
"8","Melitta.haemorrhoidalis","Hieracium.pilosella"
"8","Myathropa.florea","Hieracium.pilosella"
"8","Nomada.flavoguttata","Hieracium.pilosella"
"8","Osmia.bicolor","Hieracium.pilosella"
"8","Osmia.uncinata","Hieracium.pilosella"
"8","Pipizella.spec","Hieracium.pilosella"
"8","Psithyrus.rupestris","Hieracium.pilosella"
"8","Sericomyia.silentis","Hieracium.pilosella"
"8","Sphaerophoria.spec","Hieracium.pilosella"
"8","Sphecodes.ephippius","Hieracium.pilosella"
"8","Syritta.pipiens","Hieracium.pilosella"
"8","Syrphus.ribesii","Hieracium.pilosella"
"8","Syrphus.vitripennis","Hieracium.pilosella"
"8","Volucella.pellucens","Hieracium.pilosella"
"8","Andrena.falsifica","Hippocrepis.comosa"
"8","Andrena.minutula","Hippocrepis.comosa"
"8","Andrena.minutuloides","Hippocrepis.comosa"
"8","Andrena.strohmella","Hippocrepis.comosa"
"8","Bombus.hortorum","Hippocrepis.comosa"
"8","Bombus.lapidarius","Hippocrepis.comosa"
"8","Bombus.pascuorum","Hippocrepis.comosa"
"8","Bombus.terrestris.agg","Hippocrepis.comosa"
"8","Cheilosia.ranunculi/albitarsis","Hippocrepis.comosa"
"8","Cheilosia.soror","Hippocrepis.comosa"
"8","Chelostoma.rapunculi","Hippocrepis.comosa"
"8","Chrysotoxum.bicinctum","Hippocrepis.comosa"
"8","Episyrphus.balteatus","Hippocrepis.comosa"
"8","Eristalis.interrupta","Hippocrepis.comosa"
"8","Eristalis.lineata","Hippocrepis.comosa"
"8","Eristalis.tenax","Hippocrepis.comosa"
"8","Halictus.tumulorum","Hippocrepis.comosa"
"8","Heringia.spec","Hippocrepis.comosa"
"8","Hylaeus.communis","Hippocrepis.comosa"
"8","Hylaeus.confusus","Hippocrepis.comosa"
"8","Lasioglossum.calceatum","Hippocrepis.comosa"
"8","Lasioglossum.morio","Hippocrepis.comosa"
"8","Lasioglossum.pauxillum","Hippocrepis.comosa"
"8","Lasioglossum.villosulum","Hippocrepis.comosa"
"8","Melitta.haemorrhoidalis","Hippocrepis.comosa"
"8","Myathropa.florea","Hippocrepis.comosa"
"8","Nomada.flavoguttata","Hippocrepis.comosa"
"8","Osmia.bicolor","Hippocrepis.comosa"
"8","Osmia.uncinata","Hippocrepis.comosa"
"8","Pipizella.spec","Hippocrepis.comosa"
"8","Psithyrus.rupestris","Hippocrepis.comosa"
"8","Sericomyia.silentis","Hippocrepis.comosa"
"8","Sphaerophoria.spec","Hippocrepis.comosa"
"8","Sphecodes.ephippius","Hippocrepis.comosa"
"8","Syritta.pipiens","Hippocrepis.comosa"
"8","Syrphus.ribesii","Hippocrepis.comosa"
"8","Syrphus.vitripennis","Hippocrepis.comosa"
"8","Volucella.pellucens","Hippocrepis.comosa"
"8","Andrena.falsifica","Knautia.arvensis"
"8","Andrena.minutula","Knautia.arvensis"
"8","Andrena.minutuloides","Knautia.arvensis"
"8","Andrena.strohmella","Knautia.arvensis"
"8","Bombus.hortorum","Knautia.arvensis"
"8","Bombus.lapidarius","Knautia.arvensis"
"8","Bombus.pascuorum","Knautia.arvensis"
"8","Bombus.terrestris.agg","Knautia.arvensis"
"8","Cheilosia.ranunculi/albitarsis","Knautia.arvensis"
"8","Cheilosia.soror","Knautia.arvensis"
"8","Chelostoma.rapunculi","Knautia.arvensis"
"8","Chrysotoxum.bicinctum","Knautia.arvensis"
"8","Episyrphus.balteatus","Knautia.arvensis"
"8","Eristalis.interrupta","Knautia.arvensis"
"8","Eristalis.lineata","Knautia.arvensis"
"8","Eristalis.tenax","Knautia.arvensis"
"8","Halictus.tumulorum","Knautia.arvensis"
"8","Heringia.spec","Knautia.arvensis"
"8","Hylaeus.communis","Knautia.arvensis"
"8","Hylaeus.confusus","Knautia.arvensis"
"8","Lasioglossum.calceatum","Knautia.arvensis"
"8","Lasioglossum.morio","Knautia.arvensis"
"8","Lasioglossum.pauxillum","Knautia.arvensis"
"8","Lasioglossum.villosulum","Knautia.arvensis"
"8","Melitta.haemorrhoidalis","Knautia.arvensis"
"8","Myathropa.florea","Knautia.arvensis"
"8","Nomada.flavoguttata","Knautia.arvensis"
"8","Osmia.bicolor","Knautia.arvensis"
"8","Osmia.uncinata","Knautia.arvensis"
"8","Pipizella.spec","Knautia.arvensis"
"8","Psithyrus.rupestris","Knautia.arvensis"
"8","Sericomyia.silentis","Knautia.arvensis"
"8","Sphaerophoria.spec","Knautia.arvensis"
"8","Sphecodes.ephippius","Knautia.arvensis"
"8","Syritta.pipiens","Knautia.arvensis"
"8","Syrphus.ribesii","Knautia.arvensis"
"8","Syrphus.vitripennis","Knautia.arvensis"
"8","Volucella.pellucens","Knautia.arvensis"
"8","Andrena.falsifica","Leucanthemum.vulgare"
"8","Andrena.minutula","Leucanthemum.vulgare"
"8","Andrena.minutuloides","Leucanthemum.vulgare"
"8","Andrena.strohmella","Leucanthemum.vulgare"
"8","Bombus.hortorum","Leucanthemum.vulgare"
"8","Bombus.lapidarius","Leucanthemum.vulgare"
"8","Bombus.pascuorum","Leucanthemum.vulgare"
"8","Bombus.terrestris.agg","Leucanthemum.vulgare"
"8","Cheilosia.ranunculi/albitarsis","Leucanthemum.vulgare"
"8","Cheilosia.soror","Leucanthemum.vulgare"
"8","Chelostoma.rapunculi","Leucanthemum.vulgare"
"8","Chrysotoxum.bicinctum","Leucanthemum.vulgare"
"8","Episyrphus.balteatus","Leucanthemum.vulgare"
"8","Eristalis.interrupta","Leucanthemum.vulgare"
"8","Eristalis.lineata","Leucanthemum.vulgare"
"8","Eristalis.tenax","Leucanthemum.vulgare"
"8","Halictus.tumulorum","Leucanthemum.vulgare"
"8","Heringia.spec","Leucanthemum.vulgare"
"8","Hylaeus.communis","Leucanthemum.vulgare"
"8","Hylaeus.confusus","Leucanthemum.vulgare"
"8","Lasioglossum.calceatum","Leucanthemum.vulgare"
"8","Lasioglossum.morio","Leucanthemum.vulgare"
"8","Lasioglossum.pauxillum","Leucanthemum.vulgare"
"8","Lasioglossum.villosulum","Leucanthemum.vulgare"
"8","Melitta.haemorrhoidalis","Leucanthemum.vulgare"
"8","Myathropa.florea","Leucanthemum.vulgare"
"8","Nomada.flavoguttata","Leucanthemum.vulgare"
"8","Osmia.bicolor","Leucanthemum.vulgare"
"8","Osmia.uncinata","Leucanthemum.vulgare"
"8","Pipizella.spec","Leucanthemum.vulgare"
"8","Psithyrus.rupestris","Leucanthemum.vulgare"
"8","Sericomyia.silentis","Leucanthemum.vulgare"
"8","Sphaerophoria.spec","Leucanthemum.vulgare"
"8","Sphecodes.ephippius","Leucanthemum.vulgare"
"8","Syritta.pipiens","Leucanthemum.vulgare"
"8","Syrphus.ribesii","Leucanthemum.vulgare"
"8","Syrphus.vitripennis","Leucanthemum.vulgare"
"8","Volucella.pellucens","Leucanthemum.vulgare"
"8","Andrena.falsifica","Orchis.mascula"
"8","Andrena.minutula","Orchis.mascula"
"8","Andrena.minutuloides","Orchis.mascula"
"8","Andrena.strohmella","Orchis.mascula"
"8","Bombus.hortorum","Orchis.mascula"
"8","Bombus.lapidarius","Orchis.mascula"
"8","Bombus.pascuorum","Orchis.mascula"
"8","Bombus.terrestris.agg","Orchis.mascula"
"8","Cheilosia.ranunculi/albitarsis","Orchis.mascula"
"8","Cheilosia.soror","Orchis.mascula"
"8","Chelostoma.rapunculi","Orchis.mascula"
"8","Chrysotoxum.bicinctum","Orchis.mascula"
"8","Episyrphus.balteatus","Orchis.mascula"
"8","Eristalis.interrupta","Orchis.mascula"
"8","Eristalis.lineata","Orchis.mascula"
"8","Eristalis.tenax","Orchis.mascula"
"8","Halictus.tumulorum","Orchis.mascula"
"8","Heringia.spec","Orchis.mascula"
"8","Hylaeus.communis","Orchis.mascula"
"8","Hylaeus.confusus","Orchis.mascula"
"8","Lasioglossum.calceatum","Orchis.mascula"
"8","Lasioglossum.morio","Orchis.mascula"
"8","Lasioglossum.pauxillum","Orchis.mascula"
"8","Lasioglossum.villosulum","Orchis.mascula"
"8","Melitta.haemorrhoidalis","Orchis.mascula"
"8","Myathropa.florea","Orchis.mascula"
"8","Nomada.flavoguttata","Orchis.mascula"
"8","Osmia.bicolor","Orchis.mascula"
"8","Osmia.uncinata","Orchis.mascula"
"8","Pipizella.spec","Orchis.mascula"
"8","Psithyrus.rupestris","Orchis.mascula"
"8","Sericomyia.silentis","Orchis.mascula"
"8","Sphaerophoria.spec","Orchis.mascula"
"8","Sphecodes.ephippius","Orchis.mascula"
"8","Syritta.pipiens","Orchis.mascula"
"8","Syrphus.ribesii","Orchis.mascula"
"8","Syrphus.vitripennis","Orchis.mascula"
"8","Volucella.pellucens","Orchis.mascula"
"8","Andrena.falsifica","Pimpinella.saxifraga"
"8","Andrena.minutula","Pimpinella.saxifraga"
"8","Andrena.minutuloides","Pimpinella.saxifraga"
"8","Andrena.strohmella","Pimpinella.saxifraga"
"8","Bombus.hortorum","Pimpinella.saxifraga"
"8","Bombus.lapidarius","Pimpinella.saxifraga"
"8","Bombus.pascuorum","Pimpinella.saxifraga"
"8","Bombus.terrestris.agg","Pimpinella.saxifraga"
"8","Cheilosia.ranunculi/albitarsis","Pimpinella.saxifraga"
"8","Cheilosia.soror","Pimpinella.saxifraga"
"8","Chelostoma.rapunculi","Pimpinella.saxifraga"
"8","Chrysotoxum.bicinctum","Pimpinella.saxifraga"
"8","Episyrphus.balteatus","Pimpinella.saxifraga"
"8","Eristalis.interrupta","Pimpinella.saxifraga"
"8","Eristalis.lineata","Pimpinella.saxifraga"
"8","Eristalis.tenax","Pimpinella.saxifraga"
"8","Halictus.tumulorum","Pimpinella.saxifraga"
"8","Heringia.spec","Pimpinella.saxifraga"
"8","Hylaeus.communis","Pimpinella.saxifraga"
"8","Hylaeus.confusus","Pimpinella.saxifraga"
"8","Lasioglossum.calceatum","Pimpinella.saxifraga"
"8","Lasioglossum.morio","Pimpinella.saxifraga"
"8","Lasioglossum.pauxillum","Pimpinella.saxifraga"
"8","Lasioglossum.villosulum","Pimpinella.saxifraga"
"8","Melitta.haemorrhoidalis","Pimpinella.saxifraga"
"8","Myathropa.florea","Pimpinella.saxifraga"
"8","Nomada.flavoguttata","Pimpinella.saxifraga"
"8","Osmia.bicolor","Pimpinella.saxifraga"
"8","Osmia.uncinata","Pimpinella.saxifraga"
"8","Pipizella.spec","Pimpinella.saxifraga"
"8","Psithyrus.rupestris","Pimpinella.saxifraga"
"8","Sericomyia.silentis","Pimpinella.saxifraga"
"8","Sphaerophoria.spec","Pimpinella.saxifraga"
"8","Sphecodes.ephippius","Pimpinella.saxifraga"
"8","Syritta.pipiens","Pimpinella.saxifraga"
"8","Syrphus.ribesii","Pimpinella.saxifraga"
"8","Syrphus.vitripennis","Pimpinella.saxifraga"
"8","Volucella.pellucens","Pimpinella.saxifraga"
"8","Andrena.falsifica","Potentilla.neumanniana"
"8","Andrena.minutula","Potentilla.neumanniana"
"8","Andrena.minutuloides","Potentilla.neumanniana"
"8","Andrena.strohmella","Potentilla.neumanniana"
"8","Bombus.hortorum","Potentilla.neumanniana"
"8","Bombus.lapidarius","Potentilla.neumanniana"
"8","Bombus.pascuorum","Potentilla.neumanniana"
"8","Bombus.terrestris.agg","Potentilla.neumanniana"
"8","Cheilosia.ranunculi/albitarsis","Potentilla.neumanniana"
"8","Cheilosia.soror","Potentilla.neumanniana"
"8","Chelostoma.rapunculi","Potentilla.neumanniana"
"8","Chrysotoxum.bicinctum","Potentilla.neumanniana"
"8","Episyrphus.balteatus","Potentilla.neumanniana"
"8","Eristalis.interrupta","Potentilla.neumanniana"
"8","Eristalis.lineata","Potentilla.neumanniana"
"8","Eristalis.tenax","Potentilla.neumanniana"
"8","Halictus.tumulorum","Potentilla.neumanniana"
"8","Heringia.spec","Potentilla.neumanniana"
"8","Hylaeus.communis","Potentilla.neumanniana"
"8","Hylaeus.confusus","Potentilla.neumanniana"
"8","Lasioglossum.calceatum","Potentilla.neumanniana"
"8","Lasioglossum.morio","Potentilla.neumanniana"
"8","Lasioglossum.pauxillum","Potentilla.neumanniana"
"8","Lasioglossum.villosulum","Potentilla.neumanniana"
"8","Melitta.haemorrhoidalis","Potentilla.neumanniana"
"8","Myathropa.florea","Potentilla.neumanniana"
"8","Nomada.flavoguttata","Potentilla.neumanniana"
"8","Osmia.bicolor","Potentilla.neumanniana"
"8","Osmia.uncinata","Potentilla.neumanniana"
"8","Pipizella.spec","Potentilla.neumanniana"
"8","Psithyrus.rupestris","Potentilla.neumanniana"
"8","Sericomyia.silentis","Potentilla.neumanniana"
"8","Sphaerophoria.spec","Potentilla.neumanniana"
"8","Sphecodes.ephippius","Potentilla.neumanniana"
"8","Syritta.pipiens","Potentilla.neumanniana"
"8","Syrphus.ribesii","Potentilla.neumanniana"
"8","Syrphus.vitripennis","Potentilla.neumanniana"
"8","Volucella.pellucens","Potentilla.neumanniana"
"8","Andrena.falsifica","Potentilla.reptans"
"8","Andrena.minutula","Potentilla.reptans"
"8","Andrena.minutuloides","Potentilla.reptans"
"8","Andrena.strohmella","Potentilla.reptans"
"8","Bombus.hortorum","Potentilla.reptans"
"8","Bombus.lapidarius","Potentilla.reptans"
"8","Bombus.pascuorum","Potentilla.reptans"
"8","Bombus.terrestris.agg","Potentilla.reptans"
"8","Cheilosia.ranunculi/albitarsis","Potentilla.reptans"
"8","Cheilosia.soror","Potentilla.reptans"
"8","Chelostoma.rapunculi","Potentilla.reptans"
"8","Chrysotoxum.bicinctum","Potentilla.reptans"
"8","Episyrphus.balteatus","Potentilla.reptans"
"8","Eristalis.interrupta","Potentilla.reptans"
"8","Eristalis.lineata","Potentilla.reptans"
"8","Eristalis.tenax","Potentilla.reptans"
"8","Halictus.tumulorum","Potentilla.reptans"
"8","Heringia.spec","Potentilla.reptans"
"8","Hylaeus.communis","Potentilla.reptans"
"8","Hylaeus.confusus","Potentilla.reptans"
"8","Lasioglossum.calceatum","Potentilla.reptans"
"8","Lasioglossum.morio","Potentilla.reptans"
"8","Lasioglossum.pauxillum","Potentilla.reptans"
"8","Lasioglossum.villosulum","Potentilla.reptans"
"8","Melitta.haemorrhoidalis","Potentilla.reptans"
"8","Myathropa.florea","Potentilla.reptans"
"8","Nomada.flavoguttata","Potentilla.reptans"
"8","Osmia.bicolor","Potentilla.reptans"
"8","Osmia.uncinata","Potentilla.reptans"
"8","Pipizella.spec","Potentilla.reptans"
"8","Psithyrus.rupestris","Potentilla.reptans"
"8","Sericomyia.silentis","Potentilla.reptans"
"8","Sphaerophoria.spec","Potentilla.reptans"
"8","Sphecodes.ephippius","Potentilla.reptans"
"8","Syritta.pipiens","Potentilla.reptans"
"8","Syrphus.ribesii","Potentilla.reptans"
"8","Syrphus.vitripennis","Potentilla.reptans"
"8","Volucella.pellucens","Potentilla.reptans"
"8","Andrena.falsifica","Primula.veris"
"8","Andrena.minutula","Primula.veris"
"8","Andrena.minutuloides","Primula.veris"
"8","Andrena.strohmella","Primula.veris"
"8","Bombus.hortorum","Primula.veris"
"8","Bombus.lapidarius","Primula.veris"
"8","Bombus.pascuorum","Primula.veris"
"8","Bombus.terrestris.agg","Primula.veris"
"8","Cheilosia.ranunculi/albitarsis","Primula.veris"
"8","Cheilosia.soror","Primula.veris"
"8","Chelostoma.rapunculi","Primula.veris"
"8","Chrysotoxum.bicinctum","Primula.veris"
"8","Episyrphus.balteatus","Primula.veris"
"8","Eristalis.interrupta","Primula.veris"
"8","Eristalis.lineata","Primula.veris"
"8","Eristalis.tenax","Primula.veris"
"8","Halictus.tumulorum","Primula.veris"
"8","Heringia.spec","Primula.veris"
"8","Hylaeus.communis","Primula.veris"
"8","Hylaeus.confusus","Primula.veris"
"8","Lasioglossum.calceatum","Primula.veris"
"8","Lasioglossum.morio","Primula.veris"
"8","Lasioglossum.pauxillum","Primula.veris"
"8","Lasioglossum.villosulum","Primula.veris"
"8","Melitta.haemorrhoidalis","Primula.veris"
"8","Myathropa.florea","Primula.veris"
"8","Nomada.flavoguttata","Primula.veris"
"8","Osmia.bicolor","Primula.veris"
"8","Osmia.uncinata","Primula.veris"
"8","Pipizella.spec","Primula.veris"
"8","Psithyrus.rupestris","Primula.veris"
"8","Sericomyia.silentis","Primula.veris"
"8","Sphaerophoria.spec","Primula.veris"
"8","Sphecodes.ephippius","Primula.veris"
"8","Syritta.pipiens","Primula.veris"
"8","Syrphus.ribesii","Primula.veris"
"8","Syrphus.vitripennis","Primula.veris"
"8","Volucella.pellucens","Primula.veris"
"8","Andrena.falsifica","Ranunculus.bulbosus"
"8","Andrena.minutula","Ranunculus.bulbosus"
"8","Andrena.minutuloides","Ranunculus.bulbosus"
"8","Andrena.strohmella","Ranunculus.bulbosus"
"8","Bombus.hortorum","Ranunculus.bulbosus"
"8","Bombus.lapidarius","Ranunculus.bulbosus"
"8","Bombus.pascuorum","Ranunculus.bulbosus"
"8","Bombus.terrestris.agg","Ranunculus.bulbosus"
"8","Cheilosia.ranunculi/albitarsis","Ranunculus.bulbosus"
"8","Cheilosia.soror","Ranunculus.bulbosus"
"8","Chelostoma.rapunculi","Ranunculus.bulbosus"
"8","Chrysotoxum.bicinctum","Ranunculus.bulbosus"
"8","Episyrphus.balteatus","Ranunculus.bulbosus"
"8","Eristalis.interrupta","Ranunculus.bulbosus"
"8","Eristalis.lineata","Ranunculus.bulbosus"
"8","Eristalis.tenax","Ranunculus.bulbosus"
"8","Halictus.tumulorum","Ranunculus.bulbosus"
"8","Heringia.spec","Ranunculus.bulbosus"
"8","Hylaeus.communis","Ranunculus.bulbosus"
"8","Hylaeus.confusus","Ranunculus.bulbosus"
"8","Lasioglossum.calceatum","Ranunculus.bulbosus"
"8","Lasioglossum.morio","Ranunculus.bulbosus"
"8","Lasioglossum.pauxillum","Ranunculus.bulbosus"
"8","Lasioglossum.villosulum","Ranunculus.bulbosus"
"8","Melitta.haemorrhoidalis","Ranunculus.bulbosus"
"8","Myathropa.florea","Ranunculus.bulbosus"
"8","Nomada.flavoguttata","Ranunculus.bulbosus"
"8","Osmia.bicolor","Ranunculus.bulbosus"
"8","Osmia.uncinata","Ranunculus.bulbosus"
"8","Pipizella.spec","Ranunculus.bulbosus"
"8","Psithyrus.rupestris","Ranunculus.bulbosus"
"8","Sericomyia.silentis","Ranunculus.bulbosus"
"8","Sphaerophoria.spec","Ranunculus.bulbosus"
"8","Sphecodes.ephippius","Ranunculus.bulbosus"
"8","Syritta.pipiens","Ranunculus.bulbosus"
"8","Syrphus.ribesii","Ranunculus.bulbosus"
"8","Syrphus.vitripennis","Ranunculus.bulbosus"
"8","Volucella.pellucens","Ranunculus.bulbosus"
"8","Andrena.falsifica","Solidago.virgaurea"
"8","Andrena.minutula","Solidago.virgaurea"
"8","Andrena.minutuloides","Solidago.virgaurea"
"8","Andrena.strohmella","Solidago.virgaurea"
"8","Bombus.hortorum","Solidago.virgaurea"
"8","Bombus.lapidarius","Solidago.virgaurea"
"8","Bombus.pascuorum","Solidago.virgaurea"
"8","Bombus.terrestris.agg","Solidago.virgaurea"
"8","Cheilosia.ranunculi/albitarsis","Solidago.virgaurea"
"8","Cheilosia.soror","Solidago.virgaurea"
"8","Chelostoma.rapunculi","Solidago.virgaurea"
"8","Chrysotoxum.bicinctum","Solidago.virgaurea"
"8","Episyrphus.balteatus","Solidago.virgaurea"
"8","Eristalis.interrupta","Solidago.virgaurea"
"8","Eristalis.lineata","Solidago.virgaurea"
"8","Eristalis.tenax","Solidago.virgaurea"
"8","Halictus.tumulorum","Solidago.virgaurea"
"8","Heringia.spec","Solidago.virgaurea"
"8","Hylaeus.communis","Solidago.virgaurea"
"8","Hylaeus.confusus","Solidago.virgaurea"
"8","Lasioglossum.calceatum","Solidago.virgaurea"
"8","Lasioglossum.morio","Solidago.virgaurea"
"8","Lasioglossum.pauxillum","Solidago.virgaurea"
"8","Lasioglossum.villosulum","Solidago.virgaurea"
"8","Melitta.haemorrhoidalis","Solidago.virgaurea"
"8","Myathropa.florea","Solidago.virgaurea"
"8","Nomada.flavoguttata","Solidago.virgaurea"
"8","Osmia.bicolor","Solidago.virgaurea"
"8","Osmia.uncinata","Solidago.virgaurea"
"8","Pipizella.spec","Solidago.virgaurea"
"8","Psithyrus.rupestris","Solidago.virgaurea"
"8","Sericomyia.silentis","Solidago.virgaurea"
"8","Sphaerophoria.spec","Solidago.virgaurea"
"8","Sphecodes.ephippius","Solidago.virgaurea"
"8","Syritta.pipiens","Solidago.virgaurea"
"8","Syrphus.ribesii","Solidago.virgaurea"
"8","Syrphus.vitripennis","Solidago.virgaurea"
"8","Volucella.pellucens","Solidago.virgaurea"
"8","Andrena.falsifica","Taraxacum.officinale"
"8","Andrena.minutula","Taraxacum.officinale"
"8","Andrena.minutuloides","Taraxacum.officinale"
"8","Andrena.strohmella","Taraxacum.officinale"
"8","Bombus.hortorum","Taraxacum.officinale"
"8","Bombus.lapidarius","Taraxacum.officinale"
"8","Bombus.pascuorum","Taraxacum.officinale"
"8","Bombus.terrestris.agg","Taraxacum.officinale"
"8","Cheilosia.ranunculi/albitarsis","Taraxacum.officinale"
"8","Cheilosia.soror","Taraxacum.officinale"
"8","Chelostoma.rapunculi","Taraxacum.officinale"
"8","Chrysotoxum.bicinctum","Taraxacum.officinale"
"8","Episyrphus.balteatus","Taraxacum.officinale"
"8","Eristalis.interrupta","Taraxacum.officinale"
"8","Eristalis.lineata","Taraxacum.officinale"
"8","Eristalis.tenax","Taraxacum.officinale"
"8","Halictus.tumulorum","Taraxacum.officinale"
"8","Heringia.spec","Taraxacum.officinale"
"8","Hylaeus.communis","Taraxacum.officinale"
"8","Hylaeus.confusus","Taraxacum.officinale"
"8","Lasioglossum.calceatum","Taraxacum.officinale"
"8","Lasioglossum.morio","Taraxacum.officinale"
"8","Lasioglossum.pauxillum","Taraxacum.officinale"
"8","Lasioglossum.villosulum","Taraxacum.officinale"
"8","Melitta.haemorrhoidalis","Taraxacum.officinale"
"8","Myathropa.florea","Taraxacum.officinale"
"8","Nomada.flavoguttata","Taraxacum.officinale"
"8","Osmia.bicolor","Taraxacum.officinale"
"8","Osmia.uncinata","Taraxacum.officinale"
"8","Pipizella.spec","Taraxacum.officinale"
"8","Psithyrus.rupestris","Taraxacum.officinale"
"8","Sericomyia.silentis","Taraxacum.officinale"
"8","Sphaerophoria.spec","Taraxacum.officinale"
"8","Sphecodes.ephippius","Taraxacum.officinale"
"8","Syritta.pipiens","Taraxacum.officinale"
"8","Syrphus.ribesii","Taraxacum.officinale"
"8","Syrphus.vitripennis","Taraxacum.officinale"
"8","Volucella.pellucens","Taraxacum.officinale"
"8","Andrena.falsifica","Thymus.pulegioides"
"8","Andrena.minutula","Thymus.pulegioides"
"8","Andrena.minutuloides","Thymus.pulegioides"
"8","Andrena.strohmella","Thymus.pulegioides"
"8","Bombus.hortorum","Thymus.pulegioides"
"8","Bombus.lapidarius","Thymus.pulegioides"
"8","Bombus.pascuorum","Thymus.pulegioides"
"8","Bombus.terrestris.agg","Thymus.pulegioides"
"8","Cheilosia.ranunculi/albitarsis","Thymus.pulegioides"
"8","Cheilosia.soror","Thymus.pulegioides"
"8","Chelostoma.rapunculi","Thymus.pulegioides"
"8","Chrysotoxum.bicinctum","Thymus.pulegioides"
"8","Episyrphus.balteatus","Thymus.pulegioides"
"8","Eristalis.interrupta","Thymus.pulegioides"
"8","Eristalis.lineata","Thymus.pulegioides"
"8","Eristalis.tenax","Thymus.pulegioides"
"8","Halictus.tumulorum","Thymus.pulegioides"
"8","Heringia.spec","Thymus.pulegioides"
"8","Hylaeus.communis","Thymus.pulegioides"
"8","Hylaeus.confusus","Thymus.pulegioides"
"8","Lasioglossum.calceatum","Thymus.pulegioides"
"8","Lasioglossum.morio","Thymus.pulegioides"
"8","Lasioglossum.pauxillum","Thymus.pulegioides"
"8","Lasioglossum.villosulum","Thymus.pulegioides"
"8","Melitta.haemorrhoidalis","Thymus.pulegioides"
"8","Myathropa.florea","Thymus.pulegioides"
"8","Nomada.flavoguttata","Thymus.pulegioides"
"8","Osmia.bicolor","Thymus.pulegioides"
"8","Osmia.uncinata","Thymus.pulegioides"
"8","Pipizella.spec","Thymus.pulegioides"
"8","Psithyrus.rupestris","Thymus.pulegioides"
"8","Sericomyia.silentis","Thymus.pulegioides"
"8","Sphaerophoria.spec","Thymus.pulegioides"
"8","Sphecodes.ephippius","Thymus.pulegioides"
"8","Syritta.pipiens","Thymus.pulegioides"
"8","Syrphus.ribesii","Thymus.pulegioides"
"8","Syrphus.vitripennis","Thymus.pulegioides"
"8","Volucella.pellucens","Thymus.pulegioides"
"9","Andrena.minutula","Achillea.millefolium"
"9","Andrena.minutuloides","Achillea.millefolium"
"9","Andrena.subopaca","Achillea.millefolium"
"9","Bombus.lapidarius","Achillea.millefolium"
"9","Bombus.pascuorum","Achillea.millefolium"
"9","Bombus.terrestris.agg","Achillea.millefolium"
"9","Cheilosia.barbata","Achillea.millefolium"
"9","Cheilosia.ranunculi/albitarsis","Achillea.millefolium"
"9","Cheilosia.soror","Achillea.millefolium"
"9","Chelostoma.campanularum","Achillea.millefolium"
"9","Chrysogaster.solstitialis","Achillea.millefolium"
"9","Episyrphus.balteatus","Achillea.millefolium"
"9","Eristalis.arbustorum","Achillea.millefolium"
"9","Eristalis.pertinax","Achillea.millefolium"
"9","Eristalis.tenax","Achillea.millefolium"
"9","Helophilus.pendulus","Achillea.millefolium"
"9","Lasioglossum.albipes","Achillea.millefolium"
"9","Lasioglossum.pauxillum","Achillea.millefolium"
"9","Lasioglossum.villosulum","Achillea.millefolium"
"9","Myathropa.florea","Achillea.millefolium"
"9","Pipizella.spec","Achillea.millefolium"
"9","Platycheirus.albimanus","Achillea.millefolium"
"9","Psithyrus.rupestris","Achillea.millefolium"
"9","Psithyrus.sylvestris","Achillea.millefolium"
"9","Sphaerophoria.spec","Achillea.millefolium"
"9","Syrphus.ribesii","Achillea.millefolium"
"9","Syrphus.vitripennis","Achillea.millefolium"
"9","Andrena.minutula","Campanula.rotundifolia"
"9","Andrena.minutuloides","Campanula.rotundifolia"
"9","Andrena.subopaca","Campanula.rotundifolia"
"9","Bombus.lapidarius","Campanula.rotundifolia"
"9","Bombus.pascuorum","Campanula.rotundifolia"
"9","Bombus.terrestris.agg","Campanula.rotundifolia"
"9","Cheilosia.barbata","Campanula.rotundifolia"
"9","Cheilosia.ranunculi/albitarsis","Campanula.rotundifolia"
"9","Cheilosia.soror","Campanula.rotundifolia"
"9","Chelostoma.campanularum","Campanula.rotundifolia"
"9","Chrysogaster.solstitialis","Campanula.rotundifolia"
"9","Episyrphus.balteatus","Campanula.rotundifolia"
"9","Eristalis.arbustorum","Campanula.rotundifolia"
"9","Eristalis.pertinax","Campanula.rotundifolia"
"9","Eristalis.tenax","Campanula.rotundifolia"
"9","Helophilus.pendulus","Campanula.rotundifolia"
"9","Lasioglossum.albipes","Campanula.rotundifolia"
"9","Lasioglossum.pauxillum","Campanula.rotundifolia"
"9","Lasioglossum.villosulum","Campanula.rotundifolia"
"9","Myathropa.florea","Campanula.rotundifolia"
"9","Pipizella.spec","Campanula.rotundifolia"
"9","Platycheirus.albimanus","Campanula.rotundifolia"
"9","Psithyrus.rupestris","Campanula.rotundifolia"
"9","Psithyrus.sylvestris","Campanula.rotundifolia"
"9","Sphaerophoria.spec","Campanula.rotundifolia"
"9","Syrphus.ribesii","Campanula.rotundifolia"
"9","Syrphus.vitripennis","Campanula.rotundifolia"
"9","Andrena.minutula","Centaurea.scabiosa"
"9","Andrena.minutuloides","Centaurea.scabiosa"
"9","Andrena.subopaca","Centaurea.scabiosa"
"9","Bombus.lapidarius","Centaurea.scabiosa"
"9","Bombus.pascuorum","Centaurea.scabiosa"
"9","Bombus.terrestris.agg","Centaurea.scabiosa"
"9","Cheilosia.barbata","Centaurea.scabiosa"
"9","Cheilosia.ranunculi/albitarsis","Centaurea.scabiosa"
"9","Cheilosia.soror","Centaurea.scabiosa"
"9","Chelostoma.campanularum","Centaurea.scabiosa"
"9","Chrysogaster.solstitialis","Centaurea.scabiosa"
"9","Episyrphus.balteatus","Centaurea.scabiosa"
"9","Eristalis.arbustorum","Centaurea.scabiosa"
"9","Eristalis.pertinax","Centaurea.scabiosa"
"9","Eristalis.tenax","Centaurea.scabiosa"
"9","Helophilus.pendulus","Centaurea.scabiosa"
"9","Lasioglossum.albipes","Centaurea.scabiosa"
"9","Lasioglossum.pauxillum","Centaurea.scabiosa"
"9","Lasioglossum.villosulum","Centaurea.scabiosa"
"9","Myathropa.florea","Centaurea.scabiosa"
"9","Pipizella.spec","Centaurea.scabiosa"
"9","Platycheirus.albimanus","Centaurea.scabiosa"
"9","Psithyrus.rupestris","Centaurea.scabiosa"
"9","Psithyrus.sylvestris","Centaurea.scabiosa"
"9","Sphaerophoria.spec","Centaurea.scabiosa"
"9","Syrphus.ribesii","Centaurea.scabiosa"
"9","Syrphus.vitripennis","Centaurea.scabiosa"
"9","Andrena.minutula","Cirsium.acaule"
"9","Andrena.minutuloides","Cirsium.acaule"
"9","Andrena.subopaca","Cirsium.acaule"
"9","Bombus.lapidarius","Cirsium.acaule"
"9","Bombus.pascuorum","Cirsium.acaule"
"9","Bombus.terrestris.agg","Cirsium.acaule"
"9","Cheilosia.barbata","Cirsium.acaule"
"9","Cheilosia.ranunculi/albitarsis","Cirsium.acaule"
"9","Cheilosia.soror","Cirsium.acaule"
"9","Chelostoma.campanularum","Cirsium.acaule"
"9","Chrysogaster.solstitialis","Cirsium.acaule"
"9","Episyrphus.balteatus","Cirsium.acaule"
"9","Eristalis.arbustorum","Cirsium.acaule"
"9","Eristalis.pertinax","Cirsium.acaule"
"9","Eristalis.tenax","Cirsium.acaule"
"9","Helophilus.pendulus","Cirsium.acaule"
"9","Lasioglossum.albipes","Cirsium.acaule"
"9","Lasioglossum.pauxillum","Cirsium.acaule"
"9","Lasioglossum.villosulum","Cirsium.acaule"
"9","Myathropa.florea","Cirsium.acaule"
"9","Pipizella.spec","Cirsium.acaule"
"9","Platycheirus.albimanus","Cirsium.acaule"
"9","Psithyrus.rupestris","Cirsium.acaule"
"9","Psithyrus.sylvestris","Cirsium.acaule"
"9","Sphaerophoria.spec","Cirsium.acaule"
"9","Syrphus.ribesii","Cirsium.acaule"
"9","Syrphus.vitripennis","Cirsium.acaule"
"9","Andrena.minutula","Daucus.carota"
"9","Andrena.minutuloides","Daucus.carota"
"9","Andrena.subopaca","Daucus.carota"
"9","Bombus.lapidarius","Daucus.carota"
"9","Bombus.pascuorum","Daucus.carota"
"9","Bombus.terrestris.agg","Daucus.carota"
"9","Cheilosia.barbata","Daucus.carota"
"9","Cheilosia.ranunculi/albitarsis","Daucus.carota"
"9","Cheilosia.soror","Daucus.carota"
"9","Chelostoma.campanularum","Daucus.carota"
"9","Chrysogaster.solstitialis","Daucus.carota"
"9","Episyrphus.balteatus","Daucus.carota"
"9","Eristalis.arbustorum","Daucus.carota"
"9","Eristalis.pertinax","Daucus.carota"
"9","Eristalis.tenax","Daucus.carota"
"9","Helophilus.pendulus","Daucus.carota"
"9","Lasioglossum.albipes","Daucus.carota"
"9","Lasioglossum.pauxillum","Daucus.carota"
"9","Lasioglossum.villosulum","Daucus.carota"
"9","Myathropa.florea","Daucus.carota"
"9","Pipizella.spec","Daucus.carota"
"9","Platycheirus.albimanus","Daucus.carota"
"9","Psithyrus.rupestris","Daucus.carota"
"9","Psithyrus.sylvestris","Daucus.carota"
"9","Sphaerophoria.spec","Daucus.carota"
"9","Syrphus.ribesii","Daucus.carota"
"9","Syrphus.vitripennis","Daucus.carota"
"9","Andrena.minutula","Galium.mollugo"
"9","Andrena.minutuloides","Galium.mollugo"
"9","Andrena.subopaca","Galium.mollugo"
"9","Bombus.lapidarius","Galium.mollugo"
"9","Bombus.pascuorum","Galium.mollugo"
"9","Bombus.terrestris.agg","Galium.mollugo"
"9","Cheilosia.barbata","Galium.mollugo"
"9","Cheilosia.ranunculi/albitarsis","Galium.mollugo"
"9","Cheilosia.soror","Galium.mollugo"
"9","Chelostoma.campanularum","Galium.mollugo"
"9","Chrysogaster.solstitialis","Galium.mollugo"
"9","Episyrphus.balteatus","Galium.mollugo"
"9","Eristalis.arbustorum","Galium.mollugo"
"9","Eristalis.pertinax","Galium.mollugo"
"9","Eristalis.tenax","Galium.mollugo"
"9","Helophilus.pendulus","Galium.mollugo"
"9","Lasioglossum.albipes","Galium.mollugo"
"9","Lasioglossum.pauxillum","Galium.mollugo"
"9","Lasioglossum.villosulum","Galium.mollugo"
"9","Myathropa.florea","Galium.mollugo"
"9","Pipizella.spec","Galium.mollugo"
"9","Platycheirus.albimanus","Galium.mollugo"
"9","Psithyrus.rupestris","Galium.mollugo"
"9","Psithyrus.sylvestris","Galium.mollugo"
"9","Sphaerophoria.spec","Galium.mollugo"
"9","Syrphus.ribesii","Galium.mollugo"
"9","Syrphus.vitripennis","Galium.mollugo"
"9","Andrena.minutula","Galium.verum"
"9","Andrena.minutuloides","Galium.verum"
"9","Andrena.subopaca","Galium.verum"
"9","Bombus.lapidarius","Galium.verum"
"9","Bombus.pascuorum","Galium.verum"
"9","Bombus.terrestris.agg","Galium.verum"
"9","Cheilosia.barbata","Galium.verum"
"9","Cheilosia.ranunculi/albitarsis","Galium.verum"
"9","Cheilosia.soror","Galium.verum"
"9","Chelostoma.campanularum","Galium.verum"
"9","Chrysogaster.solstitialis","Galium.verum"
"9","Episyrphus.balteatus","Galium.verum"
"9","Eristalis.arbustorum","Galium.verum"
"9","Eristalis.pertinax","Galium.verum"
"9","Eristalis.tenax","Galium.verum"
"9","Helophilus.pendulus","Galium.verum"
"9","Lasioglossum.albipes","Galium.verum"
"9","Lasioglossum.pauxillum","Galium.verum"
"9","Lasioglossum.villosulum","Galium.verum"
"9","Myathropa.florea","Galium.verum"
"9","Pipizella.spec","Galium.verum"
"9","Platycheirus.albimanus","Galium.verum"
"9","Psithyrus.rupestris","Galium.verum"
"9","Psithyrus.sylvestris","Galium.verum"
"9","Sphaerophoria.spec","Galium.verum"
"9","Syrphus.ribesii","Galium.verum"
"9","Syrphus.vitripennis","Galium.verum"
"9","Andrena.minutula","Helianthemum.nummularium"
"9","Andrena.minutuloides","Helianthemum.nummularium"
"9","Andrena.subopaca","Helianthemum.nummularium"
"9","Bombus.lapidarius","Helianthemum.nummularium"
"9","Bombus.pascuorum","Helianthemum.nummularium"
"9","Bombus.terrestris.agg","Helianthemum.nummularium"
"9","Cheilosia.barbata","Helianthemum.nummularium"
"9","Cheilosia.ranunculi/albitarsis","Helianthemum.nummularium"
"9","Cheilosia.soror","Helianthemum.nummularium"
"9","Chelostoma.campanularum","Helianthemum.nummularium"
"9","Chrysogaster.solstitialis","Helianthemum.nummularium"
"9","Episyrphus.balteatus","Helianthemum.nummularium"
"9","Eristalis.arbustorum","Helianthemum.nummularium"
"9","Eristalis.pertinax","Helianthemum.nummularium"
"9","Eristalis.tenax","Helianthemum.nummularium"
"9","Helophilus.pendulus","Helianthemum.nummularium"
"9","Lasioglossum.albipes","Helianthemum.nummularium"
"9","Lasioglossum.pauxillum","Helianthemum.nummularium"
"9","Lasioglossum.villosulum","Helianthemum.nummularium"
"9","Myathropa.florea","Helianthemum.nummularium"
"9","Pipizella.spec","Helianthemum.nummularium"
"9","Platycheirus.albimanus","Helianthemum.nummularium"
"9","Psithyrus.rupestris","Helianthemum.nummularium"
"9","Psithyrus.sylvestris","Helianthemum.nummularium"
"9","Sphaerophoria.spec","Helianthemum.nummularium"
"9","Syrphus.ribesii","Helianthemum.nummularium"
"9","Syrphus.vitripennis","Helianthemum.nummularium"
"9","Andrena.minutula","Hypericum.perforatum"
"9","Andrena.minutuloides","Hypericum.perforatum"
"9","Andrena.subopaca","Hypericum.perforatum"
"9","Bombus.lapidarius","Hypericum.perforatum"
"9","Bombus.pascuorum","Hypericum.perforatum"
"9","Bombus.terrestris.agg","Hypericum.perforatum"
"9","Cheilosia.barbata","Hypericum.perforatum"
"9","Cheilosia.ranunculi/albitarsis","Hypericum.perforatum"
"9","Cheilosia.soror","Hypericum.perforatum"
"9","Chelostoma.campanularum","Hypericum.perforatum"
"9","Chrysogaster.solstitialis","Hypericum.perforatum"
"9","Episyrphus.balteatus","Hypericum.perforatum"
"9","Eristalis.arbustorum","Hypericum.perforatum"
"9","Eristalis.pertinax","Hypericum.perforatum"
"9","Eristalis.tenax","Hypericum.perforatum"
"9","Helophilus.pendulus","Hypericum.perforatum"
"9","Lasioglossum.albipes","Hypericum.perforatum"
"9","Lasioglossum.pauxillum","Hypericum.perforatum"
"9","Lasioglossum.villosulum","Hypericum.perforatum"
"9","Myathropa.florea","Hypericum.perforatum"
"9","Pipizella.spec","Hypericum.perforatum"
"9","Platycheirus.albimanus","Hypericum.perforatum"
"9","Psithyrus.rupestris","Hypericum.perforatum"
"9","Psithyrus.sylvestris","Hypericum.perforatum"
"9","Sphaerophoria.spec","Hypericum.perforatum"
"9","Syrphus.ribesii","Hypericum.perforatum"
"9","Syrphus.vitripennis","Hypericum.perforatum"
"9","Andrena.minutula","Knautia.arvensis"
"9","Andrena.minutuloides","Knautia.arvensis"
"9","Andrena.subopaca","Knautia.arvensis"
"9","Bombus.lapidarius","Knautia.arvensis"
"9","Bombus.pascuorum","Knautia.arvensis"
"9","Bombus.terrestris.agg","Knautia.arvensis"
"9","Cheilosia.barbata","Knautia.arvensis"
"9","Cheilosia.ranunculi/albitarsis","Knautia.arvensis"
"9","Cheilosia.soror","Knautia.arvensis"
"9","Chelostoma.campanularum","Knautia.arvensis"
"9","Chrysogaster.solstitialis","Knautia.arvensis"
"9","Episyrphus.balteatus","Knautia.arvensis"
"9","Eristalis.arbustorum","Knautia.arvensis"
"9","Eristalis.pertinax","Knautia.arvensis"
"9","Eristalis.tenax","Knautia.arvensis"
"9","Helophilus.pendulus","Knautia.arvensis"
"9","Lasioglossum.albipes","Knautia.arvensis"
"9","Lasioglossum.pauxillum","Knautia.arvensis"
"9","Lasioglossum.villosulum","Knautia.arvensis"
"9","Myathropa.florea","Knautia.arvensis"
"9","Pipizella.spec","Knautia.arvensis"
"9","Platycheirus.albimanus","Knautia.arvensis"
"9","Psithyrus.rupestris","Knautia.arvensis"
"9","Psithyrus.sylvestris","Knautia.arvensis"
"9","Sphaerophoria.spec","Knautia.arvensis"
"9","Syrphus.ribesii","Knautia.arvensis"
"9","Syrphus.vitripennis","Knautia.arvensis"
"9","Andrena.minutula","Leontodon.hispidus"
"9","Andrena.minutuloides","Leontodon.hispidus"
"9","Andrena.subopaca","Leontodon.hispidus"
"9","Bombus.lapidarius","Leontodon.hispidus"
"9","Bombus.pascuorum","Leontodon.hispidus"
"9","Bombus.terrestris.agg","Leontodon.hispidus"
"9","Cheilosia.barbata","Leontodon.hispidus"
"9","Cheilosia.ranunculi/albitarsis","Leontodon.hispidus"
"9","Cheilosia.soror","Leontodon.hispidus"
"9","Chelostoma.campanularum","Leontodon.hispidus"
"9","Chrysogaster.solstitialis","Leontodon.hispidus"
"9","Episyrphus.balteatus","Leontodon.hispidus"
"9","Eristalis.arbustorum","Leontodon.hispidus"
"9","Eristalis.pertinax","Leontodon.hispidus"
"9","Eristalis.tenax","Leontodon.hispidus"
"9","Helophilus.pendulus","Leontodon.hispidus"
"9","Lasioglossum.albipes","Leontodon.hispidus"
"9","Lasioglossum.pauxillum","Leontodon.hispidus"
"9","Lasioglossum.villosulum","Leontodon.hispidus"
"9","Myathropa.florea","Leontodon.hispidus"
"9","Pipizella.spec","Leontodon.hispidus"
"9","Platycheirus.albimanus","Leontodon.hispidus"
"9","Psithyrus.rupestris","Leontodon.hispidus"
"9","Psithyrus.sylvestris","Leontodon.hispidus"
"9","Sphaerophoria.spec","Leontodon.hispidus"
"9","Syrphus.ribesii","Leontodon.hispidus"
"9","Syrphus.vitripennis","Leontodon.hispidus"
"9","Andrena.minutula","Lotus.corniculatus"
"9","Andrena.minutuloides","Lotus.corniculatus"
"9","Andrena.subopaca","Lotus.corniculatus"
"9","Bombus.lapidarius","Lotus.corniculatus"
"9","Bombus.pascuorum","Lotus.corniculatus"
"9","Bombus.terrestris.agg","Lotus.corniculatus"
"9","Cheilosia.barbata","Lotus.corniculatus"
"9","Cheilosia.ranunculi/albitarsis","Lotus.corniculatus"
"9","Cheilosia.soror","Lotus.corniculatus"
"9","Chelostoma.campanularum","Lotus.corniculatus"
"9","Chrysogaster.solstitialis","Lotus.corniculatus"
"9","Episyrphus.balteatus","Lotus.corniculatus"
"9","Eristalis.arbustorum","Lotus.corniculatus"
"9","Eristalis.pertinax","Lotus.corniculatus"
"9","Eristalis.tenax","Lotus.corniculatus"
"9","Helophilus.pendulus","Lotus.corniculatus"
"9","Lasioglossum.albipes","Lotus.corniculatus"
"9","Lasioglossum.pauxillum","Lotus.corniculatus"
"9","Lasioglossum.villosulum","Lotus.corniculatus"
"9","Myathropa.florea","Lotus.corniculatus"
"9","Pipizella.spec","Lotus.corniculatus"
"9","Platycheirus.albimanus","Lotus.corniculatus"
"9","Psithyrus.rupestris","Lotus.corniculatus"
"9","Psithyrus.sylvestris","Lotus.corniculatus"
"9","Sphaerophoria.spec","Lotus.corniculatus"
"9","Syrphus.ribesii","Lotus.corniculatus"
"9","Syrphus.vitripennis","Lotus.corniculatus"
"9","Andrena.minutula","Medicago.lupulina"
"9","Andrena.minutuloides","Medicago.lupulina"
"9","Andrena.subopaca","Medicago.lupulina"
"9","Bombus.lapidarius","Medicago.lupulina"
"9","Bombus.pascuorum","Medicago.lupulina"
"9","Bombus.terrestris.agg","Medicago.lupulina"
"9","Cheilosia.barbata","Medicago.lupulina"
"9","Cheilosia.ranunculi/albitarsis","Medicago.lupulina"
"9","Cheilosia.soror","Medicago.lupulina"
"9","Chelostoma.campanularum","Medicago.lupulina"
"9","Chrysogaster.solstitialis","Medicago.lupulina"
"9","Episyrphus.balteatus","Medicago.lupulina"
"9","Eristalis.arbustorum","Medicago.lupulina"
"9","Eristalis.pertinax","Medicago.lupulina"
"9","Eristalis.tenax","Medicago.lupulina"
"9","Helophilus.pendulus","Medicago.lupulina"
"9","Lasioglossum.albipes","Medicago.lupulina"
"9","Lasioglossum.pauxillum","Medicago.lupulina"
"9","Lasioglossum.villosulum","Medicago.lupulina"
"9","Myathropa.florea","Medicago.lupulina"
"9","Pipizella.spec","Medicago.lupulina"
"9","Platycheirus.albimanus","Medicago.lupulina"
"9","Psithyrus.rupestris","Medicago.lupulina"
"9","Psithyrus.sylvestris","Medicago.lupulina"
"9","Sphaerophoria.spec","Medicago.lupulina"
"9","Syrphus.ribesii","Medicago.lupulina"
"9","Syrphus.vitripennis","Medicago.lupulina"
"9","Andrena.minutula","Papaver.rhoeas"
"9","Andrena.minutuloides","Papaver.rhoeas"
"9","Andrena.subopaca","Papaver.rhoeas"
"9","Bombus.lapidarius","Papaver.rhoeas"
"9","Bombus.pascuorum","Papaver.rhoeas"
"9","Bombus.terrestris.agg","Papaver.rhoeas"
"9","Cheilosia.barbata","Papaver.rhoeas"
"9","Cheilosia.ranunculi/albitarsis","Papaver.rhoeas"
"9","Cheilosia.soror","Papaver.rhoeas"
"9","Chelostoma.campanularum","Papaver.rhoeas"
"9","Chrysogaster.solstitialis","Papaver.rhoeas"
"9","Episyrphus.balteatus","Papaver.rhoeas"
"9","Eristalis.arbustorum","Papaver.rhoeas"
"9","Eristalis.pertinax","Papaver.rhoeas"
"9","Eristalis.tenax","Papaver.rhoeas"
"9","Helophilus.pendulus","Papaver.rhoeas"
"9","Lasioglossum.albipes","Papaver.rhoeas"
"9","Lasioglossum.pauxillum","Papaver.rhoeas"
"9","Lasioglossum.villosulum","Papaver.rhoeas"
"9","Myathropa.florea","Papaver.rhoeas"
"9","Pipizella.spec","Papaver.rhoeas"
"9","Platycheirus.albimanus","Papaver.rhoeas"
"9","Psithyrus.rupestris","Papaver.rhoeas"
"9","Psithyrus.sylvestris","Papaver.rhoeas"
"9","Sphaerophoria.spec","Papaver.rhoeas"
"9","Syrphus.ribesii","Papaver.rhoeas"
"9","Syrphus.vitripennis","Papaver.rhoeas"
"9","Andrena.minutula","Pimpinella.saxifraga"
"9","Andrena.minutuloides","Pimpinella.saxifraga"
"9","Andrena.subopaca","Pimpinella.saxifraga"
"9","Bombus.lapidarius","Pimpinella.saxifraga"
"9","Bombus.pascuorum","Pimpinella.saxifraga"
"9","Bombus.terrestris.agg","Pimpinella.saxifraga"
"9","Cheilosia.barbata","Pimpinella.saxifraga"
"9","Cheilosia.ranunculi/albitarsis","Pimpinella.saxifraga"
"9","Cheilosia.soror","Pimpinella.saxifraga"
"9","Chelostoma.campanularum","Pimpinella.saxifraga"
"9","Chrysogaster.solstitialis","Pimpinella.saxifraga"
"9","Episyrphus.balteatus","Pimpinella.saxifraga"
"9","Eristalis.arbustorum","Pimpinella.saxifraga"
"9","Eristalis.pertinax","Pimpinella.saxifraga"
"9","Eristalis.tenax","Pimpinella.saxifraga"
"9","Helophilus.pendulus","Pimpinella.saxifraga"
"9","Lasioglossum.albipes","Pimpinella.saxifraga"
"9","Lasioglossum.pauxillum","Pimpinella.saxifraga"
"9","Lasioglossum.villosulum","Pimpinella.saxifraga"
"9","Myathropa.florea","Pimpinella.saxifraga"
"9","Pipizella.spec","Pimpinella.saxifraga"
"9","Platycheirus.albimanus","Pimpinella.saxifraga"
"9","Psithyrus.rupestris","Pimpinella.saxifraga"
"9","Psithyrus.sylvestris","Pimpinella.saxifraga"
"9","Sphaerophoria.spec","Pimpinella.saxifraga"
"9","Syrphus.ribesii","Pimpinella.saxifraga"
"9","Syrphus.vitripennis","Pimpinella.saxifraga"
"9","Andrena.minutula","Potentilla.reptans"
"9","Andrena.minutuloides","Potentilla.reptans"
"9","Andrena.subopaca","Potentilla.reptans"
"9","Bombus.lapidarius","Potentilla.reptans"
"9","Bombus.pascuorum","Potentilla.reptans"
"9","Bombus.terrestris.agg","Potentilla.reptans"
"9","Cheilosia.barbata","Potentilla.reptans"
"9","Cheilosia.ranunculi/albitarsis","Potentilla.reptans"
"9","Cheilosia.soror","Potentilla.reptans"
"9","Chelostoma.campanularum","Potentilla.reptans"
"9","Chrysogaster.solstitialis","Potentilla.reptans"
"9","Episyrphus.balteatus","Potentilla.reptans"
"9","Eristalis.arbustorum","Potentilla.reptans"
"9","Eristalis.pertinax","Potentilla.reptans"
"9","Eristalis.tenax","Potentilla.reptans"
"9","Helophilus.pendulus","Potentilla.reptans"
"9","Lasioglossum.albipes","Potentilla.reptans"
"9","Lasioglossum.pauxillum","Potentilla.reptans"
"9","Lasioglossum.villosulum","Potentilla.reptans"
"9","Myathropa.florea","Potentilla.reptans"
"9","Pipizella.spec","Potentilla.reptans"
"9","Platycheirus.albimanus","Potentilla.reptans"
"9","Psithyrus.rupestris","Potentilla.reptans"
"9","Psithyrus.sylvestris","Potentilla.reptans"
"9","Sphaerophoria.spec","Potentilla.reptans"
"9","Syrphus.ribesii","Potentilla.reptans"
"9","Syrphus.vitripennis","Potentilla.reptans"
"9","Andrena.minutula","Ranunculus.acris"
"9","Andrena.minutuloides","Ranunculus.acris"
"9","Andrena.subopaca","Ranunculus.acris"
"9","Bombus.lapidarius","Ranunculus.acris"
"9","Bombus.pascuorum","Ranunculus.acris"
"9","Bombus.terrestris.agg","Ranunculus.acris"
"9","Cheilosia.barbata","Ranunculus.acris"
"9","Cheilosia.ranunculi/albitarsis","Ranunculus.acris"
"9","Cheilosia.soror","Ranunculus.acris"
"9","Chelostoma.campanularum","Ranunculus.acris"
"9","Chrysogaster.solstitialis","Ranunculus.acris"
"9","Episyrphus.balteatus","Ranunculus.acris"
"9","Eristalis.arbustorum","Ranunculus.acris"
"9","Eristalis.pertinax","Ranunculus.acris"
"9","Eristalis.tenax","Ranunculus.acris"
"9","Helophilus.pendulus","Ranunculus.acris"
"9","Lasioglossum.albipes","Ranunculus.acris"
"9","Lasioglossum.pauxillum","Ranunculus.acris"
"9","Lasioglossum.villosulum","Ranunculus.acris"
"9","Myathropa.florea","Ranunculus.acris"
"9","Pipizella.spec","Ranunculus.acris"
"9","Platycheirus.albimanus","Ranunculus.acris"
"9","Psithyrus.rupestris","Ranunculus.acris"
"9","Psithyrus.sylvestris","Ranunculus.acris"
"9","Sphaerophoria.spec","Ranunculus.acris"
"9","Syrphus.ribesii","Ranunculus.acris"
"9","Syrphus.vitripennis","Ranunculus.acris"
"9","Andrena.minutula","Rhinanthus.minor"
"9","Andrena.minutuloides","Rhinanthus.minor"
"9","Andrena.subopaca","Rhinanthus.minor"
"9","Bombus.lapidarius","Rhinanthus.minor"
"9","Bombus.pascuorum","Rhinanthus.minor"
"9","Bombus.terrestris.agg","Rhinanthus.minor"
"9","Cheilosia.barbata","Rhinanthus.minor"
"9","Cheilosia.ranunculi/albitarsis","Rhinanthus.minor"
"9","Cheilosia.soror","Rhinanthus.minor"
"9","Chelostoma.campanularum","Rhinanthus.minor"
"9","Chrysogaster.solstitialis","Rhinanthus.minor"
"9","Episyrphus.balteatus","Rhinanthus.minor"
"9","Eristalis.arbustorum","Rhinanthus.minor"
"9","Eristalis.pertinax","Rhinanthus.minor"
"9","Eristalis.tenax","Rhinanthus.minor"
"9","Helophilus.pendulus","Rhinanthus.minor"
"9","Lasioglossum.albipes","Rhinanthus.minor"
"9","Lasioglossum.pauxillum","Rhinanthus.minor"
"9","Lasioglossum.villosulum","Rhinanthus.minor"
"9","Myathropa.florea","Rhinanthus.minor"
"9","Pipizella.spec","Rhinanthus.minor"
"9","Platycheirus.albimanus","Rhinanthus.minor"
"9","Psithyrus.rupestris","Rhinanthus.minor"
"9","Psithyrus.sylvestris","Rhinanthus.minor"
"9","Sphaerophoria.spec","Rhinanthus.minor"
"9","Syrphus.ribesii","Rhinanthus.minor"
"9","Syrphus.vitripennis","Rhinanthus.minor"
"9","Andrena.minutula","Rosa.NA"
"9","Andrena.minutuloides","Rosa.NA"
"9","Andrena.subopaca","Rosa.NA"
"9","Bombus.lapidarius","Rosa.NA"
"9","Bombus.pascuorum","Rosa.NA"
"9","Bombus.terrestris.agg","Rosa.NA"
"9","Cheilosia.barbata","Rosa.NA"
"9","Cheilosia.ranunculi/albitarsis","Rosa.NA"
"9","Cheilosia.soror","Rosa.NA"
"9","Chelostoma.campanularum","Rosa.NA"
"9","Chrysogaster.solstitialis","Rosa.NA"
"9","Episyrphus.balteatus","Rosa.NA"
"9","Eristalis.arbustorum","Rosa.NA"
"9","Eristalis.pertinax","Rosa.NA"
"9","Eristalis.tenax","Rosa.NA"
"9","Helophilus.pendulus","Rosa.NA"
"9","Lasioglossum.albipes","Rosa.NA"
"9","Lasioglossum.pauxillum","Rosa.NA"
"9","Lasioglossum.villosulum","Rosa.NA"
"9","Myathropa.florea","Rosa.NA"
"9","Pipizella.spec","Rosa.NA"
"9","Platycheirus.albimanus","Rosa.NA"
"9","Psithyrus.rupestris","Rosa.NA"
"9","Psithyrus.sylvestris","Rosa.NA"
"9","Sphaerophoria.spec","Rosa.NA"
"9","Syrphus.ribesii","Rosa.NA"
"9","Syrphus.vitripennis","Rosa.NA"
"9","Andrena.minutula","Senecio.erucifolius"
"9","Andrena.minutuloides","Senecio.erucifolius"
"9","Andrena.subopaca","Senecio.erucifolius"
"9","Bombus.lapidarius","Senecio.erucifolius"
"9","Bombus.pascuorum","Senecio.erucifolius"
"9","Bombus.terrestris.agg","Senecio.erucifolius"
"9","Cheilosia.barbata","Senecio.erucifolius"
"9","Cheilosia.ranunculi/albitarsis","Senecio.erucifolius"
"9","Cheilosia.soror","Senecio.erucifolius"
"9","Chelostoma.campanularum","Senecio.erucifolius"
"9","Chrysogaster.solstitialis","Senecio.erucifolius"
"9","Episyrphus.balteatus","Senecio.erucifolius"
"9","Eristalis.arbustorum","Senecio.erucifolius"
"9","Eristalis.pertinax","Senecio.erucifolius"
"9","Eristalis.tenax","Senecio.erucifolius"
"9","Helophilus.pendulus","Senecio.erucifolius"
"9","Lasioglossum.albipes","Senecio.erucifolius"
"9","Lasioglossum.pauxillum","Senecio.erucifolius"
"9","Lasioglossum.villosulum","Senecio.erucifolius"
"9","Myathropa.florea","Senecio.erucifolius"
"9","Pipizella.spec","Senecio.erucifolius"
"9","Platycheirus.albimanus","Senecio.erucifolius"
"9","Psithyrus.rupestris","Senecio.erucifolius"
"9","Psithyrus.sylvestris","Senecio.erucifolius"
"9","Sphaerophoria.spec","Senecio.erucifolius"
"9","Syrphus.ribesii","Senecio.erucifolius"
"9","Syrphus.vitripennis","Senecio.erucifolius"
"9","Andrena.minutula","Solidago.virgaurea"
"9","Andrena.minutuloides","Solidago.virgaurea"
"9","Andrena.subopaca","Solidago.virgaurea"
"9","Bombus.lapidarius","Solidago.virgaurea"
"9","Bombus.pascuorum","Solidago.virgaurea"
"9","Bombus.terrestris.agg","Solidago.virgaurea"
"9","Cheilosia.barbata","Solidago.virgaurea"
"9","Cheilosia.ranunculi/albitarsis","Solidago.virgaurea"
"9","Cheilosia.soror","Solidago.virgaurea"
"9","Chelostoma.campanularum","Solidago.virgaurea"
"9","Chrysogaster.solstitialis","Solidago.virgaurea"
"9","Episyrphus.balteatus","Solidago.virgaurea"
"9","Eristalis.arbustorum","Solidago.virgaurea"
"9","Eristalis.pertinax","Solidago.virgaurea"
"9","Eristalis.tenax","Solidago.virgaurea"
"9","Helophilus.pendulus","Solidago.virgaurea"
"9","Lasioglossum.albipes","Solidago.virgaurea"
"9","Lasioglossum.pauxillum","Solidago.virgaurea"
"9","Lasioglossum.villosulum","Solidago.virgaurea"
"9","Myathropa.florea","Solidago.virgaurea"
"9","Pipizella.spec","Solidago.virgaurea"
"9","Platycheirus.albimanus","Solidago.virgaurea"
"9","Psithyrus.rupestris","Solidago.virgaurea"
"9","Psithyrus.sylvestris","Solidago.virgaurea"
"9","Sphaerophoria.spec","Solidago.virgaurea"
"9","Syrphus.ribesii","Solidago.virgaurea"
"9","Syrphus.vitripennis","Solidago.virgaurea"
"9","Andrena.minutula","Stachys.germanica"
"9","Andrena.minutuloides","Stachys.germanica"
"9","Andrena.subopaca","Stachys.germanica"
"9","Bombus.lapidarius","Stachys.germanica"
"9","Bombus.pascuorum","Stachys.germanica"
"9","Bombus.terrestris.agg","Stachys.germanica"
"9","Cheilosia.barbata","Stachys.germanica"
"9","Cheilosia.ranunculi/albitarsis","Stachys.germanica"
"9","Cheilosia.soror","Stachys.germanica"
"9","Chelostoma.campanularum","Stachys.germanica"
"9","Chrysogaster.solstitialis","Stachys.germanica"
"9","Episyrphus.balteatus","Stachys.germanica"
"9","Eristalis.arbustorum","Stachys.germanica"
"9","Eristalis.pertinax","Stachys.germanica"
"9","Eristalis.tenax","Stachys.germanica"
"9","Helophilus.pendulus","Stachys.germanica"
"9","Lasioglossum.albipes","Stachys.germanica"
"9","Lasioglossum.pauxillum","Stachys.germanica"
"9","Lasioglossum.villosulum","Stachys.germanica"
"9","Myathropa.florea","Stachys.germanica"
"9","Pipizella.spec","Stachys.germanica"
"9","Platycheirus.albimanus","Stachys.germanica"
"9","Psithyrus.rupestris","Stachys.germanica"
"9","Psithyrus.sylvestris","Stachys.germanica"
"9","Sphaerophoria.spec","Stachys.germanica"
"9","Syrphus.ribesii","Stachys.germanica"
"9","Syrphus.vitripennis","Stachys.germanica"
"9","Andrena.minutula","Thymus.pulegioides"
"9","Andrena.minutuloides","Thymus.pulegioides"
"9","Andrena.subopaca","Thymus.pulegioides"
"9","Bombus.lapidarius","Thymus.pulegioides"
"9","Bombus.pascuorum","Thymus.pulegioides"
"9","Bombus.terrestris.agg","Thymus.pulegioides"
"9","Cheilosia.barbata","Thymus.pulegioides"
"9","Cheilosia.ranunculi/albitarsis","Thymus.pulegioides"
"9","Cheilosia.soror","Thymus.pulegioides"
"9","Chelostoma.campanularum","Thymus.pulegioides"
"9","Chrysogaster.solstitialis","Thymus.pulegioides"
"9","Episyrphus.balteatus","Thymus.pulegioides"
"9","Eristalis.arbustorum","Thymus.pulegioides"
"9","Eristalis.pertinax","Thymus.pulegioides"
"9","Eristalis.tenax","Thymus.pulegioides"
"9","Helophilus.pendulus","Thymus.pulegioides"
"9","Lasioglossum.albipes","Thymus.pulegioides"
"9","Lasioglossum.pauxillum","Thymus.pulegioides"
"9","Lasioglossum.villosulum","Thymus.pulegioides"
"9","Myathropa.florea","Thymus.pulegioides"
"9","Pipizella.spec","Thymus.pulegioides"
"9","Platycheirus.albimanus","Thymus.pulegioides"
"9","Psithyrus.rupestris","Thymus.pulegioides"
"9","Psithyrus.sylvestris","Thymus.pulegioides"
"9","Sphaerophoria.spec","Thymus.pulegioides"
"9","Syrphus.ribesii","Thymus.pulegioides"
"9","Syrphus.vitripennis","Thymus.pulegioides"
"9","Andrena.minutula","Trifolium.pratense"
"9","Andrena.minutuloides","Trifolium.pratense"
"9","Andrena.subopaca","Trifolium.pratense"
"9","Bombus.lapidarius","Trifolium.pratense"
"9","Bombus.pascuorum","Trifolium.pratense"
"9","Bombus.terrestris.agg","Trifolium.pratense"
"9","Cheilosia.barbata","Trifolium.pratense"
"9","Cheilosia.ranunculi/albitarsis","Trifolium.pratense"
"9","Cheilosia.soror","Trifolium.pratense"
"9","Chelostoma.campanularum","Trifolium.pratense"
"9","Chrysogaster.solstitialis","Trifolium.pratense"
"9","Episyrphus.balteatus","Trifolium.pratense"
"9","Eristalis.arbustorum","Trifolium.pratense"
"9","Eristalis.pertinax","Trifolium.pratense"
"9","Eristalis.tenax","Trifolium.pratense"
"9","Helophilus.pendulus","Trifolium.pratense"
"9","Lasioglossum.albipes","Trifolium.pratense"
"9","Lasioglossum.pauxillum","Trifolium.pratense"
"9","Lasioglossum.villosulum","Trifolium.pratense"
"9","Myathropa.florea","Trifolium.pratense"
"9","Pipizella.spec","Trifolium.pratense"
"9","Platycheirus.albimanus","Trifolium.pratense"
"9","Psithyrus.rupestris","Trifolium.pratense"
"9","Psithyrus.sylvestris","Trifolium.pratense"
"9","Sphaerophoria.spec","Trifolium.pratense"
"9","Syrphus.ribesii","Trifolium.pratense"
"9","Syrphus.vitripennis","Trifolium.pratense"
"9","Andrena.minutula","Valeriana.officinalis"
"9","Andrena.minutuloides","Valeriana.officinalis"
"9","Andrena.subopaca","Valeriana.officinalis"
"9","Bombus.lapidarius","Valeriana.officinalis"
"9","Bombus.pascuorum","Valeriana.officinalis"
"9","Bombus.terrestris.agg","Valeriana.officinalis"
"9","Cheilosia.barbata","Valeriana.officinalis"
"9","Cheilosia.ranunculi/albitarsis","Valeriana.officinalis"
"9","Cheilosia.soror","Valeriana.officinalis"
"9","Chelostoma.campanularum","Valeriana.officinalis"
"9","Chrysogaster.solstitialis","Valeriana.officinalis"
"9","Episyrphus.balteatus","Valeriana.officinalis"
"9","Eristalis.arbustorum","Valeriana.officinalis"
"9","Eristalis.pertinax","Valeriana.officinalis"
"9","Eristalis.tenax","Valeriana.officinalis"
"9","Helophilus.pendulus","Valeriana.officinalis"
"9","Lasioglossum.albipes","Valeriana.officinalis"
"9","Lasioglossum.pauxillum","Valeriana.officinalis"
"9","Lasioglossum.villosulum","Valeriana.officinalis"
"9","Myathropa.florea","Valeriana.officinalis"
"9","Pipizella.spec","Valeriana.officinalis"
"9","Platycheirus.albimanus","Valeriana.officinalis"
"9","Psithyrus.rupestris","Valeriana.officinalis"
"9","Psithyrus.sylvestris","Valeriana.officinalis"
"9","Sphaerophoria.spec","Valeriana.officinalis"
"9","Syrphus.ribesii","Valeriana.officinalis"
"9","Syrphus.vitripennis","Valeriana.officinalis"
"9","Andrena.minutula","Vicia.sepium"
"9","Andrena.minutuloides","Vicia.sepium"
"9","Andrena.subopaca","Vicia.sepium"
"9","Bombus.lapidarius","Vicia.sepium"
"9","Bombus.pascuorum","Vicia.sepium"
"9","Bombus.terrestris.agg","Vicia.sepium"
"9","Cheilosia.barbata","Vicia.sepium"
"9","Cheilosia.ranunculi/albitarsis","Vicia.sepium"
"9","Cheilosia.soror","Vicia.sepium"
"9","Chelostoma.campanularum","Vicia.sepium"
"9","Chrysogaster.solstitialis","Vicia.sepium"
"9","Episyrphus.balteatus","Vicia.sepium"
"9","Eristalis.arbustorum","Vicia.sepium"
"9","Eristalis.pertinax","Vicia.sepium"
"9","Eristalis.tenax","Vicia.sepium"
"9","Helophilus.pendulus","Vicia.sepium"
"9","Lasioglossum.albipes","Vicia.sepium"
"9","Lasioglossum.pauxillum","Vicia.sepium"
"9","Lasioglossum.villosulum","Vicia.sepium"
"9","Myathropa.florea","Vicia.sepium"
"9","Pipizella.spec","Vicia.sepium"
"9","Platycheirus.albimanus","Vicia.sepium"
"9","Psithyrus.rupestris","Vicia.sepium"
"9","Psithyrus.sylvestris","Vicia.sepium"
"9","Sphaerophoria.spec","Vicia.sepium"
"9","Syrphus.ribesii","Vicia.sepium"
"9","Syrphus.vitripennis","Vicia.sepium"
"10","Andrena.minutula","Achillea.millefolium"
"10","Bombus.lapidarius","Achillea.millefolium"
"10","Bombus.pascuorum","Achillea.millefolium"
"10","Bombus.terrestris.agg","Achillea.millefolium"
"10","Ceratina.cyanea","Achillea.millefolium"
"10","Cheilosia.soror","Achillea.millefolium"
"10","Chelostoma.rapunculi","Achillea.millefolium"
"10","Episyrphus.balteatus","Achillea.millefolium"
"10","Eristalis.arbustorum","Achillea.millefolium"
"10","Eristalis.interrupta","Achillea.millefolium"
"10","Eristalis.intricaria","Achillea.millefolium"
"10","Eristalis.pertinax","Achillea.millefolium"
"10","Eristalis.tenax","Achillea.millefolium"
"10","Halictus.tumulorum","Achillea.millefolium"
"10","Heringia.spec","Achillea.millefolium"
"10","Hylaeus.communis","Achillea.millefolium"
"10","Lasioglossum.albipes","Achillea.millefolium"
"10","Lasioglossum.morio","Achillea.millefolium"
"10","Lasioglossum.pauxillum","Achillea.millefolium"
"10","Lasioglossum.villosulum","Achillea.millefolium"
"10","Melanostoma.spec","Achillea.millefolium"
"10","Myathropa.florea","Achillea.millefolium"
"10","Osmia.bicolor","Achillea.millefolium"
"10","Psithyrus.bohemicus","Achillea.millefolium"
"10","Psithyrus.rupestris","Achillea.millefolium"
"10","Psithyrus.sylvestris","Achillea.millefolium"
"10","Sphaerophoria.spec","Achillea.millefolium"
"10","Syrphus.ribesii","Achillea.millefolium"
"10","Syrphus.torvus","Achillea.millefolium"
"10","Syrphus.vitripennis","Achillea.millefolium"
"10","Andrena.minutula","Anthemis.tinctoria"
"10","Bombus.lapidarius","Anthemis.tinctoria"
"10","Bombus.pascuorum","Anthemis.tinctoria"
"10","Bombus.terrestris.agg","Anthemis.tinctoria"
"10","Ceratina.cyanea","Anthemis.tinctoria"
"10","Cheilosia.soror","Anthemis.tinctoria"
"10","Chelostoma.rapunculi","Anthemis.tinctoria"
"10","Episyrphus.balteatus","Anthemis.tinctoria"
"10","Eristalis.arbustorum","Anthemis.tinctoria"
"10","Eristalis.interrupta","Anthemis.tinctoria"
"10","Eristalis.intricaria","Anthemis.tinctoria"
"10","Eristalis.pertinax","Anthemis.tinctoria"
"10","Eristalis.tenax","Anthemis.tinctoria"
"10","Halictus.tumulorum","Anthemis.tinctoria"
"10","Heringia.spec","Anthemis.tinctoria"
"10","Hylaeus.communis","Anthemis.tinctoria"
"10","Lasioglossum.albipes","Anthemis.tinctoria"
"10","Lasioglossum.morio","Anthemis.tinctoria"
"10","Lasioglossum.pauxillum","Anthemis.tinctoria"
"10","Lasioglossum.villosulum","Anthemis.tinctoria"
"10","Melanostoma.spec","Anthemis.tinctoria"
"10","Myathropa.florea","Anthemis.tinctoria"
"10","Osmia.bicolor","Anthemis.tinctoria"
"10","Psithyrus.bohemicus","Anthemis.tinctoria"
"10","Psithyrus.rupestris","Anthemis.tinctoria"
"10","Psithyrus.sylvestris","Anthemis.tinctoria"
"10","Sphaerophoria.spec","Anthemis.tinctoria"
"10","Syrphus.ribesii","Anthemis.tinctoria"
"10","Syrphus.torvus","Anthemis.tinctoria"
"10","Syrphus.vitripennis","Anthemis.tinctoria"
"10","Andrena.minutula","Campanula.glomerata"
"10","Bombus.lapidarius","Campanula.glomerata"
"10","Bombus.pascuorum","Campanula.glomerata"
"10","Bombus.terrestris.agg","Campanula.glomerata"
"10","Ceratina.cyanea","Campanula.glomerata"
"10","Cheilosia.soror","Campanula.glomerata"
"10","Chelostoma.rapunculi","Campanula.glomerata"
"10","Episyrphus.balteatus","Campanula.glomerata"
"10","Eristalis.arbustorum","Campanula.glomerata"
"10","Eristalis.interrupta","Campanula.glomerata"
"10","Eristalis.intricaria","Campanula.glomerata"
"10","Eristalis.pertinax","Campanula.glomerata"
"10","Eristalis.tenax","Campanula.glomerata"
"10","Halictus.tumulorum","Campanula.glomerata"
"10","Heringia.spec","Campanula.glomerata"
"10","Hylaeus.communis","Campanula.glomerata"
"10","Lasioglossum.albipes","Campanula.glomerata"
"10","Lasioglossum.morio","Campanula.glomerata"
"10","Lasioglossum.pauxillum","Campanula.glomerata"
"10","Lasioglossum.villosulum","Campanula.glomerata"
"10","Melanostoma.spec","Campanula.glomerata"
"10","Myathropa.florea","Campanula.glomerata"
"10","Osmia.bicolor","Campanula.glomerata"
"10","Psithyrus.bohemicus","Campanula.glomerata"
"10","Psithyrus.rupestris","Campanula.glomerata"
"10","Psithyrus.sylvestris","Campanula.glomerata"
"10","Sphaerophoria.spec","Campanula.glomerata"
"10","Syrphus.ribesii","Campanula.glomerata"
"10","Syrphus.torvus","Campanula.glomerata"
"10","Syrphus.vitripennis","Campanula.glomerata"
"10","Andrena.minutula","Centaurea.jacea"
"10","Bombus.lapidarius","Centaurea.jacea"
"10","Bombus.pascuorum","Centaurea.jacea"
"10","Bombus.terrestris.agg","Centaurea.jacea"
"10","Ceratina.cyanea","Centaurea.jacea"
"10","Cheilosia.soror","Centaurea.jacea"
"10","Chelostoma.rapunculi","Centaurea.jacea"
"10","Episyrphus.balteatus","Centaurea.jacea"
"10","Eristalis.arbustorum","Centaurea.jacea"
"10","Eristalis.interrupta","Centaurea.jacea"
"10","Eristalis.intricaria","Centaurea.jacea"
"10","Eristalis.pertinax","Centaurea.jacea"
"10","Eristalis.tenax","Centaurea.jacea"
"10","Halictus.tumulorum","Centaurea.jacea"
"10","Heringia.spec","Centaurea.jacea"
"10","Hylaeus.communis","Centaurea.jacea"
"10","Lasioglossum.albipes","Centaurea.jacea"
"10","Lasioglossum.morio","Centaurea.jacea"
"10","Lasioglossum.pauxillum","Centaurea.jacea"
"10","Lasioglossum.villosulum","Centaurea.jacea"
"10","Melanostoma.spec","Centaurea.jacea"
"10","Myathropa.florea","Centaurea.jacea"
"10","Osmia.bicolor","Centaurea.jacea"
"10","Psithyrus.bohemicus","Centaurea.jacea"
"10","Psithyrus.rupestris","Centaurea.jacea"
"10","Psithyrus.sylvestris","Centaurea.jacea"
"10","Sphaerophoria.spec","Centaurea.jacea"
"10","Syrphus.ribesii","Centaurea.jacea"
"10","Syrphus.torvus","Centaurea.jacea"
"10","Syrphus.vitripennis","Centaurea.jacea"
"10","Andrena.minutula","Centaurea.scabiosa"
"10","Bombus.lapidarius","Centaurea.scabiosa"
"10","Bombus.pascuorum","Centaurea.scabiosa"
"10","Bombus.terrestris.agg","Centaurea.scabiosa"
"10","Ceratina.cyanea","Centaurea.scabiosa"
"10","Cheilosia.soror","Centaurea.scabiosa"
"10","Chelostoma.rapunculi","Centaurea.scabiosa"
"10","Episyrphus.balteatus","Centaurea.scabiosa"
"10","Eristalis.arbustorum","Centaurea.scabiosa"
"10","Eristalis.interrupta","Centaurea.scabiosa"
"10","Eristalis.intricaria","Centaurea.scabiosa"
"10","Eristalis.pertinax","Centaurea.scabiosa"
"10","Eristalis.tenax","Centaurea.scabiosa"
"10","Halictus.tumulorum","Centaurea.scabiosa"
"10","Heringia.spec","Centaurea.scabiosa"
"10","Hylaeus.communis","Centaurea.scabiosa"
"10","Lasioglossum.albipes","Centaurea.scabiosa"
"10","Lasioglossum.morio","Centaurea.scabiosa"
"10","Lasioglossum.pauxillum","Centaurea.scabiosa"
"10","Lasioglossum.villosulum","Centaurea.scabiosa"
"10","Melanostoma.spec","Centaurea.scabiosa"
"10","Myathropa.florea","Centaurea.scabiosa"
"10","Osmia.bicolor","Centaurea.scabiosa"
"10","Psithyrus.bohemicus","Centaurea.scabiosa"
"10","Psithyrus.rupestris","Centaurea.scabiosa"
"10","Psithyrus.sylvestris","Centaurea.scabiosa"
"10","Sphaerophoria.spec","Centaurea.scabiosa"
"10","Syrphus.ribesii","Centaurea.scabiosa"
"10","Syrphus.torvus","Centaurea.scabiosa"
"10","Syrphus.vitripennis","Centaurea.scabiosa"
"10","Andrena.minutula","Centaurium.erythraea"
"10","Bombus.lapidarius","Centaurium.erythraea"
"10","Bombus.pascuorum","Centaurium.erythraea"
"10","Bombus.terrestris.agg","Centaurium.erythraea"
"10","Ceratina.cyanea","Centaurium.erythraea"
"10","Cheilosia.soror","Centaurium.erythraea"
"10","Chelostoma.rapunculi","Centaurium.erythraea"
"10","Episyrphus.balteatus","Centaurium.erythraea"
"10","Eristalis.arbustorum","Centaurium.erythraea"
"10","Eristalis.interrupta","Centaurium.erythraea"
"10","Eristalis.intricaria","Centaurium.erythraea"
"10","Eristalis.pertinax","Centaurium.erythraea"
"10","Eristalis.tenax","Centaurium.erythraea"
"10","Halictus.tumulorum","Centaurium.erythraea"
"10","Heringia.spec","Centaurium.erythraea"
"10","Hylaeus.communis","Centaurium.erythraea"
"10","Lasioglossum.albipes","Centaurium.erythraea"
"10","Lasioglossum.morio","Centaurium.erythraea"
"10","Lasioglossum.pauxillum","Centaurium.erythraea"
"10","Lasioglossum.villosulum","Centaurium.erythraea"
"10","Melanostoma.spec","Centaurium.erythraea"
"10","Myathropa.florea","Centaurium.erythraea"
"10","Osmia.bicolor","Centaurium.erythraea"
"10","Psithyrus.bohemicus","Centaurium.erythraea"
"10","Psithyrus.rupestris","Centaurium.erythraea"
"10","Psithyrus.sylvestris","Centaurium.erythraea"
"10","Sphaerophoria.spec","Centaurium.erythraea"
"10","Syrphus.ribesii","Centaurium.erythraea"
"10","Syrphus.torvus","Centaurium.erythraea"
"10","Syrphus.vitripennis","Centaurium.erythraea"
"10","Andrena.minutula","Cirsium.acaule"
"10","Bombus.lapidarius","Cirsium.acaule"
"10","Bombus.pascuorum","Cirsium.acaule"
"10","Bombus.terrestris.agg","Cirsium.acaule"
"10","Ceratina.cyanea","Cirsium.acaule"
"10","Cheilosia.soror","Cirsium.acaule"
"10","Chelostoma.rapunculi","Cirsium.acaule"
"10","Episyrphus.balteatus","Cirsium.acaule"
"10","Eristalis.arbustorum","Cirsium.acaule"
"10","Eristalis.interrupta","Cirsium.acaule"
"10","Eristalis.intricaria","Cirsium.acaule"
"10","Eristalis.pertinax","Cirsium.acaule"
"10","Eristalis.tenax","Cirsium.acaule"
"10","Halictus.tumulorum","Cirsium.acaule"
"10","Heringia.spec","Cirsium.acaule"
"10","Hylaeus.communis","Cirsium.acaule"
"10","Lasioglossum.albipes","Cirsium.acaule"
"10","Lasioglossum.morio","Cirsium.acaule"
"10","Lasioglossum.pauxillum","Cirsium.acaule"
"10","Lasioglossum.villosulum","Cirsium.acaule"
"10","Melanostoma.spec","Cirsium.acaule"
"10","Myathropa.florea","Cirsium.acaule"
"10","Osmia.bicolor","Cirsium.acaule"
"10","Psithyrus.bohemicus","Cirsium.acaule"
"10","Psithyrus.rupestris","Cirsium.acaule"
"10","Psithyrus.sylvestris","Cirsium.acaule"
"10","Sphaerophoria.spec","Cirsium.acaule"
"10","Syrphus.ribesii","Cirsium.acaule"
"10","Syrphus.torvus","Cirsium.acaule"
"10","Syrphus.vitripennis","Cirsium.acaule"
"10","Andrena.minutula","Crataegus.laevigata"
"10","Bombus.lapidarius","Crataegus.laevigata"
"10","Bombus.pascuorum","Crataegus.laevigata"
"10","Bombus.terrestris.agg","Crataegus.laevigata"
"10","Ceratina.cyanea","Crataegus.laevigata"
"10","Cheilosia.soror","Crataegus.laevigata"
"10","Chelostoma.rapunculi","Crataegus.laevigata"
"10","Episyrphus.balteatus","Crataegus.laevigata"
"10","Eristalis.arbustorum","Crataegus.laevigata"
"10","Eristalis.interrupta","Crataegus.laevigata"
"10","Eristalis.intricaria","Crataegus.laevigata"
"10","Eristalis.pertinax","Crataegus.laevigata"
"10","Eristalis.tenax","Crataegus.laevigata"
"10","Halictus.tumulorum","Crataegus.laevigata"
"10","Heringia.spec","Crataegus.laevigata"
"10","Hylaeus.communis","Crataegus.laevigata"
"10","Lasioglossum.albipes","Crataegus.laevigata"
"10","Lasioglossum.morio","Crataegus.laevigata"
"10","Lasioglossum.pauxillum","Crataegus.laevigata"
"10","Lasioglossum.villosulum","Crataegus.laevigata"
"10","Melanostoma.spec","Crataegus.laevigata"
"10","Myathropa.florea","Crataegus.laevigata"
"10","Osmia.bicolor","Crataegus.laevigata"
"10","Psithyrus.bohemicus","Crataegus.laevigata"
"10","Psithyrus.rupestris","Crataegus.laevigata"
"10","Psithyrus.sylvestris","Crataegus.laevigata"
"10","Sphaerophoria.spec","Crataegus.laevigata"
"10","Syrphus.ribesii","Crataegus.laevigata"
"10","Syrphus.torvus","Crataegus.laevigata"
"10","Syrphus.vitripennis","Crataegus.laevigata"
"10","Andrena.minutula","Crepis.biennis"
"10","Bombus.lapidarius","Crepis.biennis"
"10","Bombus.pascuorum","Crepis.biennis"
"10","Bombus.terrestris.agg","Crepis.biennis"
"10","Ceratina.cyanea","Crepis.biennis"
"10","Cheilosia.soror","Crepis.biennis"
"10","Chelostoma.rapunculi","Crepis.biennis"
"10","Episyrphus.balteatus","Crepis.biennis"
"10","Eristalis.arbustorum","Crepis.biennis"
"10","Eristalis.interrupta","Crepis.biennis"
"10","Eristalis.intricaria","Crepis.biennis"
"10","Eristalis.pertinax","Crepis.biennis"
"10","Eristalis.tenax","Crepis.biennis"
"10","Halictus.tumulorum","Crepis.biennis"
"10","Heringia.spec","Crepis.biennis"
"10","Hylaeus.communis","Crepis.biennis"
"10","Lasioglossum.albipes","Crepis.biennis"
"10","Lasioglossum.morio","Crepis.biennis"
"10","Lasioglossum.pauxillum","Crepis.biennis"
"10","Lasioglossum.villosulum","Crepis.biennis"
"10","Melanostoma.spec","Crepis.biennis"
"10","Myathropa.florea","Crepis.biennis"
"10","Osmia.bicolor","Crepis.biennis"
"10","Psithyrus.bohemicus","Crepis.biennis"
"10","Psithyrus.rupestris","Crepis.biennis"
"10","Psithyrus.sylvestris","Crepis.biennis"
"10","Sphaerophoria.spec","Crepis.biennis"
"10","Syrphus.ribesii","Crepis.biennis"
"10","Syrphus.torvus","Crepis.biennis"
"10","Syrphus.vitripennis","Crepis.biennis"
"10","Andrena.minutula","Echium.vulgare"
"10","Bombus.lapidarius","Echium.vulgare"
"10","Bombus.pascuorum","Echium.vulgare"
"10","Bombus.terrestris.agg","Echium.vulgare"
"10","Ceratina.cyanea","Echium.vulgare"
"10","Cheilosia.soror","Echium.vulgare"
"10","Chelostoma.rapunculi","Echium.vulgare"
"10","Episyrphus.balteatus","Echium.vulgare"
"10","Eristalis.arbustorum","Echium.vulgare"
"10","Eristalis.interrupta","Echium.vulgare"
"10","Eristalis.intricaria","Echium.vulgare"
"10","Eristalis.pertinax","Echium.vulgare"
"10","Eristalis.tenax","Echium.vulgare"
"10","Halictus.tumulorum","Echium.vulgare"
"10","Heringia.spec","Echium.vulgare"
"10","Hylaeus.communis","Echium.vulgare"
"10","Lasioglossum.albipes","Echium.vulgare"
"10","Lasioglossum.morio","Echium.vulgare"
"10","Lasioglossum.pauxillum","Echium.vulgare"
"10","Lasioglossum.villosulum","Echium.vulgare"
"10","Melanostoma.spec","Echium.vulgare"
"10","Myathropa.florea","Echium.vulgare"
"10","Osmia.bicolor","Echium.vulgare"
"10","Psithyrus.bohemicus","Echium.vulgare"
"10","Psithyrus.rupestris","Echium.vulgare"
"10","Psithyrus.sylvestris","Echium.vulgare"
"10","Sphaerophoria.spec","Echium.vulgare"
"10","Syrphus.ribesii","Echium.vulgare"
"10","Syrphus.torvus","Echium.vulgare"
"10","Syrphus.vitripennis","Echium.vulgare"
"10","Andrena.minutula","Galium.mollugo"
"10","Bombus.lapidarius","Galium.mollugo"
"10","Bombus.pascuorum","Galium.mollugo"
"10","Bombus.terrestris.agg","Galium.mollugo"
"10","Ceratina.cyanea","Galium.mollugo"
"10","Cheilosia.soror","Galium.mollugo"
"10","Chelostoma.rapunculi","Galium.mollugo"
"10","Episyrphus.balteatus","Galium.mollugo"
"10","Eristalis.arbustorum","Galium.mollugo"
"10","Eristalis.interrupta","Galium.mollugo"
"10","Eristalis.intricaria","Galium.mollugo"
"10","Eristalis.pertinax","Galium.mollugo"
"10","Eristalis.tenax","Galium.mollugo"
"10","Halictus.tumulorum","Galium.mollugo"
"10","Heringia.spec","Galium.mollugo"
"10","Hylaeus.communis","Galium.mollugo"
"10","Lasioglossum.albipes","Galium.mollugo"
"10","Lasioglossum.morio","Galium.mollugo"
"10","Lasioglossum.pauxillum","Galium.mollugo"
"10","Lasioglossum.villosulum","Galium.mollugo"
"10","Melanostoma.spec","Galium.mollugo"
"10","Myathropa.florea","Galium.mollugo"
"10","Osmia.bicolor","Galium.mollugo"
"10","Psithyrus.bohemicus","Galium.mollugo"
"10","Psithyrus.rupestris","Galium.mollugo"
"10","Psithyrus.sylvestris","Galium.mollugo"
"10","Sphaerophoria.spec","Galium.mollugo"
"10","Syrphus.ribesii","Galium.mollugo"
"10","Syrphus.torvus","Galium.mollugo"
"10","Syrphus.vitripennis","Galium.mollugo"
"10","Andrena.minutula","Gentiana.ciliata"
"10","Bombus.lapidarius","Gentiana.ciliata"
"10","Bombus.pascuorum","Gentiana.ciliata"
"10","Bombus.terrestris.agg","Gentiana.ciliata"
"10","Ceratina.cyanea","Gentiana.ciliata"
"10","Cheilosia.soror","Gentiana.ciliata"
"10","Chelostoma.rapunculi","Gentiana.ciliata"
"10","Episyrphus.balteatus","Gentiana.ciliata"
"10","Eristalis.arbustorum","Gentiana.ciliata"
"10","Eristalis.interrupta","Gentiana.ciliata"
"10","Eristalis.intricaria","Gentiana.ciliata"
"10","Eristalis.pertinax","Gentiana.ciliata"
"10","Eristalis.tenax","Gentiana.ciliata"
"10","Halictus.tumulorum","Gentiana.ciliata"
"10","Heringia.spec","Gentiana.ciliata"
"10","Hylaeus.communis","Gentiana.ciliata"
"10","Lasioglossum.albipes","Gentiana.ciliata"
"10","Lasioglossum.morio","Gentiana.ciliata"
"10","Lasioglossum.pauxillum","Gentiana.ciliata"
"10","Lasioglossum.villosulum","Gentiana.ciliata"
"10","Melanostoma.spec","Gentiana.ciliata"
"10","Myathropa.florea","Gentiana.ciliata"
"10","Osmia.bicolor","Gentiana.ciliata"
"10","Psithyrus.bohemicus","Gentiana.ciliata"
"10","Psithyrus.rupestris","Gentiana.ciliata"
"10","Psithyrus.sylvestris","Gentiana.ciliata"
"10","Sphaerophoria.spec","Gentiana.ciliata"
"10","Syrphus.ribesii","Gentiana.ciliata"
"10","Syrphus.torvus","Gentiana.ciliata"
"10","Syrphus.vitripennis","Gentiana.ciliata"
"10","Andrena.minutula","Helianthemum.nummularium"
"10","Bombus.lapidarius","Helianthemum.nummularium"
"10","Bombus.pascuorum","Helianthemum.nummularium"
"10","Bombus.terrestris.agg","Helianthemum.nummularium"
"10","Ceratina.cyanea","Helianthemum.nummularium"
"10","Cheilosia.soror","Helianthemum.nummularium"
"10","Chelostoma.rapunculi","Helianthemum.nummularium"
"10","Episyrphus.balteatus","Helianthemum.nummularium"
"10","Eristalis.arbustorum","Helianthemum.nummularium"
"10","Eristalis.interrupta","Helianthemum.nummularium"
"10","Eristalis.intricaria","Helianthemum.nummularium"
"10","Eristalis.pertinax","Helianthemum.nummularium"
"10","Eristalis.tenax","Helianthemum.nummularium"
"10","Halictus.tumulorum","Helianthemum.nummularium"
"10","Heringia.spec","Helianthemum.nummularium"
"10","Hylaeus.communis","Helianthemum.nummularium"
"10","Lasioglossum.albipes","Helianthemum.nummularium"
"10","Lasioglossum.morio","Helianthemum.nummularium"
"10","Lasioglossum.pauxillum","Helianthemum.nummularium"
"10","Lasioglossum.villosulum","Helianthemum.nummularium"
"10","Melanostoma.spec","Helianthemum.nummularium"
"10","Myathropa.florea","Helianthemum.nummularium"
"10","Osmia.bicolor","Helianthemum.nummularium"
"10","Psithyrus.bohemicus","Helianthemum.nummularium"
"10","Psithyrus.rupestris","Helianthemum.nummularium"
"10","Psithyrus.sylvestris","Helianthemum.nummularium"
"10","Sphaerophoria.spec","Helianthemum.nummularium"
"10","Syrphus.ribesii","Helianthemum.nummularium"
"10","Syrphus.torvus","Helianthemum.nummularium"
"10","Syrphus.vitripennis","Helianthemum.nummularium"
"10","Andrena.minutula","Heracleum.sphondylium"
"10","Bombus.lapidarius","Heracleum.sphondylium"
"10","Bombus.pascuorum","Heracleum.sphondylium"
"10","Bombus.terrestris.agg","Heracleum.sphondylium"
"10","Ceratina.cyanea","Heracleum.sphondylium"
"10","Cheilosia.soror","Heracleum.sphondylium"
"10","Chelostoma.rapunculi","Heracleum.sphondylium"
"10","Episyrphus.balteatus","Heracleum.sphondylium"
"10","Eristalis.arbustorum","Heracleum.sphondylium"
"10","Eristalis.interrupta","Heracleum.sphondylium"
"10","Eristalis.intricaria","Heracleum.sphondylium"
"10","Eristalis.pertinax","Heracleum.sphondylium"
"10","Eristalis.tenax","Heracleum.sphondylium"
"10","Halictus.tumulorum","Heracleum.sphondylium"
"10","Heringia.spec","Heracleum.sphondylium"
"10","Hylaeus.communis","Heracleum.sphondylium"
"10","Lasioglossum.albipes","Heracleum.sphondylium"
"10","Lasioglossum.morio","Heracleum.sphondylium"
"10","Lasioglossum.pauxillum","Heracleum.sphondylium"
"10","Lasioglossum.villosulum","Heracleum.sphondylium"
"10","Melanostoma.spec","Heracleum.sphondylium"
"10","Myathropa.florea","Heracleum.sphondylium"
"10","Osmia.bicolor","Heracleum.sphondylium"
"10","Psithyrus.bohemicus","Heracleum.sphondylium"
"10","Psithyrus.rupestris","Heracleum.sphondylium"
"10","Psithyrus.sylvestris","Heracleum.sphondylium"
"10","Sphaerophoria.spec","Heracleum.sphondylium"
"10","Syrphus.ribesii","Heracleum.sphondylium"
"10","Syrphus.torvus","Heracleum.sphondylium"
"10","Syrphus.vitripennis","Heracleum.sphondylium"
"10","Andrena.minutula","Hieracium.NA"
"10","Bombus.lapidarius","Hieracium.NA"
"10","Bombus.pascuorum","Hieracium.NA"
"10","Bombus.terrestris.agg","Hieracium.NA"
"10","Ceratina.cyanea","Hieracium.NA"
"10","Cheilosia.soror","Hieracium.NA"
"10","Chelostoma.rapunculi","Hieracium.NA"
"10","Episyrphus.balteatus","Hieracium.NA"
"10","Eristalis.arbustorum","Hieracium.NA"
"10","Eristalis.interrupta","Hieracium.NA"
"10","Eristalis.intricaria","Hieracium.NA"
"10","Eristalis.pertinax","Hieracium.NA"
"10","Eristalis.tenax","Hieracium.NA"
"10","Halictus.tumulorum","Hieracium.NA"
"10","Heringia.spec","Hieracium.NA"
"10","Hylaeus.communis","Hieracium.NA"
"10","Lasioglossum.albipes","Hieracium.NA"
"10","Lasioglossum.morio","Hieracium.NA"
"10","Lasioglossum.pauxillum","Hieracium.NA"
"10","Lasioglossum.villosulum","Hieracium.NA"
"10","Melanostoma.spec","Hieracium.NA"
"10","Myathropa.florea","Hieracium.NA"
"10","Osmia.bicolor","Hieracium.NA"
"10","Psithyrus.bohemicus","Hieracium.NA"
"10","Psithyrus.rupestris","Hieracium.NA"
"10","Psithyrus.sylvestris","Hieracium.NA"
"10","Sphaerophoria.spec","Hieracium.NA"
"10","Syrphus.ribesii","Hieracium.NA"
"10","Syrphus.torvus","Hieracium.NA"
"10","Syrphus.vitripennis","Hieracium.NA"
"10","Andrena.minutula","Hieracium.pilosella"
"10","Bombus.lapidarius","Hieracium.pilosella"
"10","Bombus.pascuorum","Hieracium.pilosella"
"10","Bombus.terrestris.agg","Hieracium.pilosella"
"10","Ceratina.cyanea","Hieracium.pilosella"
"10","Cheilosia.soror","Hieracium.pilosella"
"10","Chelostoma.rapunculi","Hieracium.pilosella"
"10","Episyrphus.balteatus","Hieracium.pilosella"
"10","Eristalis.arbustorum","Hieracium.pilosella"
"10","Eristalis.interrupta","Hieracium.pilosella"
"10","Eristalis.intricaria","Hieracium.pilosella"
"10","Eristalis.pertinax","Hieracium.pilosella"
"10","Eristalis.tenax","Hieracium.pilosella"
"10","Halictus.tumulorum","Hieracium.pilosella"
"10","Heringia.spec","Hieracium.pilosella"
"10","Hylaeus.communis","Hieracium.pilosella"
"10","Lasioglossum.albipes","Hieracium.pilosella"
"10","Lasioglossum.morio","Hieracium.pilosella"
"10","Lasioglossum.pauxillum","Hieracium.pilosella"
"10","Lasioglossum.villosulum","Hieracium.pilosella"
"10","Melanostoma.spec","Hieracium.pilosella"
"10","Myathropa.florea","Hieracium.pilosella"
"10","Osmia.bicolor","Hieracium.pilosella"
"10","Psithyrus.bohemicus","Hieracium.pilosella"
"10","Psithyrus.rupestris","Hieracium.pilosella"
"10","Psithyrus.sylvestris","Hieracium.pilosella"
"10","Sphaerophoria.spec","Hieracium.pilosella"
"10","Syrphus.ribesii","Hieracium.pilosella"
"10","Syrphus.torvus","Hieracium.pilosella"
"10","Syrphus.vitripennis","Hieracium.pilosella"
"10","Andrena.minutula","Hypericum.perforatum"
"10","Bombus.lapidarius","Hypericum.perforatum"
"10","Bombus.pascuorum","Hypericum.perforatum"
"10","Bombus.terrestris.agg","Hypericum.perforatum"
"10","Ceratina.cyanea","Hypericum.perforatum"
"10","Cheilosia.soror","Hypericum.perforatum"
"10","Chelostoma.rapunculi","Hypericum.perforatum"
"10","Episyrphus.balteatus","Hypericum.perforatum"
"10","Eristalis.arbustorum","Hypericum.perforatum"
"10","Eristalis.interrupta","Hypericum.perforatum"
"10","Eristalis.intricaria","Hypericum.perforatum"
"10","Eristalis.pertinax","Hypericum.perforatum"
"10","Eristalis.tenax","Hypericum.perforatum"
"10","Halictus.tumulorum","Hypericum.perforatum"
"10","Heringia.spec","Hypericum.perforatum"
"10","Hylaeus.communis","Hypericum.perforatum"
"10","Lasioglossum.albipes","Hypericum.perforatum"
"10","Lasioglossum.morio","Hypericum.perforatum"
"10","Lasioglossum.pauxillum","Hypericum.perforatum"
"10","Lasioglossum.villosulum","Hypericum.perforatum"
"10","Melanostoma.spec","Hypericum.perforatum"
"10","Myathropa.florea","Hypericum.perforatum"
"10","Osmia.bicolor","Hypericum.perforatum"
"10","Psithyrus.bohemicus","Hypericum.perforatum"
"10","Psithyrus.rupestris","Hypericum.perforatum"
"10","Psithyrus.sylvestris","Hypericum.perforatum"
"10","Sphaerophoria.spec","Hypericum.perforatum"
"10","Syrphus.ribesii","Hypericum.perforatum"
"10","Syrphus.torvus","Hypericum.perforatum"
"10","Syrphus.vitripennis","Hypericum.perforatum"
"10","Andrena.minutula","Knautia.arvensis"
"10","Bombus.lapidarius","Knautia.arvensis"
"10","Bombus.pascuorum","Knautia.arvensis"
"10","Bombus.terrestris.agg","Knautia.arvensis"
"10","Ceratina.cyanea","Knautia.arvensis"
"10","Cheilosia.soror","Knautia.arvensis"
"10","Chelostoma.rapunculi","Knautia.arvensis"
"10","Episyrphus.balteatus","Knautia.arvensis"
"10","Eristalis.arbustorum","Knautia.arvensis"
"10","Eristalis.interrupta","Knautia.arvensis"
"10","Eristalis.intricaria","Knautia.arvensis"
"10","Eristalis.pertinax","Knautia.arvensis"
"10","Eristalis.tenax","Knautia.arvensis"
"10","Halictus.tumulorum","Knautia.arvensis"
"10","Heringia.spec","Knautia.arvensis"
"10","Hylaeus.communis","Knautia.arvensis"
"10","Lasioglossum.albipes","Knautia.arvensis"
"10","Lasioglossum.morio","Knautia.arvensis"
"10","Lasioglossum.pauxillum","Knautia.arvensis"
"10","Lasioglossum.villosulum","Knautia.arvensis"
"10","Melanostoma.spec","Knautia.arvensis"
"10","Myathropa.florea","Knautia.arvensis"
"10","Osmia.bicolor","Knautia.arvensis"
"10","Psithyrus.bohemicus","Knautia.arvensis"
"10","Psithyrus.rupestris","Knautia.arvensis"
"10","Psithyrus.sylvestris","Knautia.arvensis"
"10","Sphaerophoria.spec","Knautia.arvensis"
"10","Syrphus.ribesii","Knautia.arvensis"
"10","Syrphus.torvus","Knautia.arvensis"
"10","Syrphus.vitripennis","Knautia.arvensis"
"10","Andrena.minutula","Leontodon.hispidus"
"10","Bombus.lapidarius","Leontodon.hispidus"
"10","Bombus.pascuorum","Leontodon.hispidus"
"10","Bombus.terrestris.agg","Leontodon.hispidus"
"10","Ceratina.cyanea","Leontodon.hispidus"
"10","Cheilosia.soror","Leontodon.hispidus"
"10","Chelostoma.rapunculi","Leontodon.hispidus"
"10","Episyrphus.balteatus","Leontodon.hispidus"
"10","Eristalis.arbustorum","Leontodon.hispidus"
"10","Eristalis.interrupta","Leontodon.hispidus"
"10","Eristalis.intricaria","Leontodon.hispidus"
"10","Eristalis.pertinax","Leontodon.hispidus"
"10","Eristalis.tenax","Leontodon.hispidus"
"10","Halictus.tumulorum","Leontodon.hispidus"
"10","Heringia.spec","Leontodon.hispidus"
"10","Hylaeus.communis","Leontodon.hispidus"
"10","Lasioglossum.albipes","Leontodon.hispidus"
"10","Lasioglossum.morio","Leontodon.hispidus"
"10","Lasioglossum.pauxillum","Leontodon.hispidus"
"10","Lasioglossum.villosulum","Leontodon.hispidus"
"10","Melanostoma.spec","Leontodon.hispidus"
"10","Myathropa.florea","Leontodon.hispidus"
"10","Osmia.bicolor","Leontodon.hispidus"
"10","Psithyrus.bohemicus","Leontodon.hispidus"
"10","Psithyrus.rupestris","Leontodon.hispidus"
"10","Psithyrus.sylvestris","Leontodon.hispidus"
"10","Sphaerophoria.spec","Leontodon.hispidus"
"10","Syrphus.ribesii","Leontodon.hispidus"
"10","Syrphus.torvus","Leontodon.hispidus"
"10","Syrphus.vitripennis","Leontodon.hispidus"
"10","Andrena.minutula","Leucanthemum.vulgare"
"10","Bombus.lapidarius","Leucanthemum.vulgare"
"10","Bombus.pascuorum","Leucanthemum.vulgare"
"10","Bombus.terrestris.agg","Leucanthemum.vulgare"
"10","Ceratina.cyanea","Leucanthemum.vulgare"
"10","Cheilosia.soror","Leucanthemum.vulgare"
"10","Chelostoma.rapunculi","Leucanthemum.vulgare"
"10","Episyrphus.balteatus","Leucanthemum.vulgare"
"10","Eristalis.arbustorum","Leucanthemum.vulgare"
"10","Eristalis.interrupta","Leucanthemum.vulgare"
"10","Eristalis.intricaria","Leucanthemum.vulgare"
"10","Eristalis.pertinax","Leucanthemum.vulgare"
"10","Eristalis.tenax","Leucanthemum.vulgare"
"10","Halictus.tumulorum","Leucanthemum.vulgare"
"10","Heringia.spec","Leucanthemum.vulgare"
"10","Hylaeus.communis","Leucanthemum.vulgare"
"10","Lasioglossum.albipes","Leucanthemum.vulgare"
"10","Lasioglossum.morio","Leucanthemum.vulgare"
"10","Lasioglossum.pauxillum","Leucanthemum.vulgare"
"10","Lasioglossum.villosulum","Leucanthemum.vulgare"
"10","Melanostoma.spec","Leucanthemum.vulgare"
"10","Myathropa.florea","Leucanthemum.vulgare"
"10","Osmia.bicolor","Leucanthemum.vulgare"
"10","Psithyrus.bohemicus","Leucanthemum.vulgare"
"10","Psithyrus.rupestris","Leucanthemum.vulgare"
"10","Psithyrus.sylvestris","Leucanthemum.vulgare"
"10","Sphaerophoria.spec","Leucanthemum.vulgare"
"10","Syrphus.ribesii","Leucanthemum.vulgare"
"10","Syrphus.torvus","Leucanthemum.vulgare"
"10","Syrphus.vitripennis","Leucanthemum.vulgare"
"10","Andrena.minutula","Lotus.corniculatus"
"10","Bombus.lapidarius","Lotus.corniculatus"
"10","Bombus.pascuorum","Lotus.corniculatus"
"10","Bombus.terrestris.agg","Lotus.corniculatus"
"10","Ceratina.cyanea","Lotus.corniculatus"
"10","Cheilosia.soror","Lotus.corniculatus"
"10","Chelostoma.rapunculi","Lotus.corniculatus"
"10","Episyrphus.balteatus","Lotus.corniculatus"
"10","Eristalis.arbustorum","Lotus.corniculatus"
"10","Eristalis.interrupta","Lotus.corniculatus"
"10","Eristalis.intricaria","Lotus.corniculatus"
"10","Eristalis.pertinax","Lotus.corniculatus"
"10","Eristalis.tenax","Lotus.corniculatus"
"10","Halictus.tumulorum","Lotus.corniculatus"
"10","Heringia.spec","Lotus.corniculatus"
"10","Hylaeus.communis","Lotus.corniculatus"
"10","Lasioglossum.albipes","Lotus.corniculatus"
"10","Lasioglossum.morio","Lotus.corniculatus"
"10","Lasioglossum.pauxillum","Lotus.corniculatus"
"10","Lasioglossum.villosulum","Lotus.corniculatus"
"10","Melanostoma.spec","Lotus.corniculatus"
"10","Myathropa.florea","Lotus.corniculatus"
"10","Osmia.bicolor","Lotus.corniculatus"
"10","Psithyrus.bohemicus","Lotus.corniculatus"
"10","Psithyrus.rupestris","Lotus.corniculatus"
"10","Psithyrus.sylvestris","Lotus.corniculatus"
"10","Sphaerophoria.spec","Lotus.corniculatus"
"10","Syrphus.ribesii","Lotus.corniculatus"
"10","Syrphus.torvus","Lotus.corniculatus"
"10","Syrphus.vitripennis","Lotus.corniculatus"
"10","Andrena.minutula","Pimpinella.saxifraga"
"10","Bombus.lapidarius","Pimpinella.saxifraga"
"10","Bombus.pascuorum","Pimpinella.saxifraga"
"10","Bombus.terrestris.agg","Pimpinella.saxifraga"
"10","Ceratina.cyanea","Pimpinella.saxifraga"
"10","Cheilosia.soror","Pimpinella.saxifraga"
"10","Chelostoma.rapunculi","Pimpinella.saxifraga"
"10","Episyrphus.balteatus","Pimpinella.saxifraga"
"10","Eristalis.arbustorum","Pimpinella.saxifraga"
"10","Eristalis.interrupta","Pimpinella.saxifraga"
"10","Eristalis.intricaria","Pimpinella.saxifraga"
"10","Eristalis.pertinax","Pimpinella.saxifraga"
"10","Eristalis.tenax","Pimpinella.saxifraga"
"10","Halictus.tumulorum","Pimpinella.saxifraga"
"10","Heringia.spec","Pimpinella.saxifraga"
"10","Hylaeus.communis","Pimpinella.saxifraga"
"10","Lasioglossum.albipes","Pimpinella.saxifraga"
"10","Lasioglossum.morio","Pimpinella.saxifraga"
"10","Lasioglossum.pauxillum","Pimpinella.saxifraga"
"10","Lasioglossum.villosulum","Pimpinella.saxifraga"
"10","Melanostoma.spec","Pimpinella.saxifraga"
"10","Myathropa.florea","Pimpinella.saxifraga"
"10","Osmia.bicolor","Pimpinella.saxifraga"
"10","Psithyrus.bohemicus","Pimpinella.saxifraga"
"10","Psithyrus.rupestris","Pimpinella.saxifraga"
"10","Psithyrus.sylvestris","Pimpinella.saxifraga"
"10","Sphaerophoria.spec","Pimpinella.saxifraga"
"10","Syrphus.ribesii","Pimpinella.saxifraga"
"10","Syrphus.torvus","Pimpinella.saxifraga"
"10","Syrphus.vitripennis","Pimpinella.saxifraga"
"10","Andrena.minutula","Plantago.lanceolata"
"10","Bombus.lapidarius","Plantago.lanceolata"
"10","Bombus.pascuorum","Plantago.lanceolata"
"10","Bombus.terrestris.agg","Plantago.lanceolata"
"10","Ceratina.cyanea","Plantago.lanceolata"
"10","Cheilosia.soror","Plantago.lanceolata"
"10","Chelostoma.rapunculi","Plantago.lanceolata"
"10","Episyrphus.balteatus","Plantago.lanceolata"
"10","Eristalis.arbustorum","Plantago.lanceolata"
"10","Eristalis.interrupta","Plantago.lanceolata"
"10","Eristalis.intricaria","Plantago.lanceolata"
"10","Eristalis.pertinax","Plantago.lanceolata"
"10","Eristalis.tenax","Plantago.lanceolata"
"10","Halictus.tumulorum","Plantago.lanceolata"
"10","Heringia.spec","Plantago.lanceolata"
"10","Hylaeus.communis","Plantago.lanceolata"
"10","Lasioglossum.albipes","Plantago.lanceolata"
"10","Lasioglossum.morio","Plantago.lanceolata"
"10","Lasioglossum.pauxillum","Plantago.lanceolata"
"10","Lasioglossum.villosulum","Plantago.lanceolata"
"10","Melanostoma.spec","Plantago.lanceolata"
"10","Myathropa.florea","Plantago.lanceolata"
"10","Osmia.bicolor","Plantago.lanceolata"
"10","Psithyrus.bohemicus","Plantago.lanceolata"
"10","Psithyrus.rupestris","Plantago.lanceolata"
"10","Psithyrus.sylvestris","Plantago.lanceolata"
"10","Sphaerophoria.spec","Plantago.lanceolata"
"10","Syrphus.ribesii","Plantago.lanceolata"
"10","Syrphus.torvus","Plantago.lanceolata"
"10","Syrphus.vitripennis","Plantago.lanceolata"
"10","Andrena.minutula","Ranunculus.bulbosus"
"10","Bombus.lapidarius","Ranunculus.bulbosus"
"10","Bombus.pascuorum","Ranunculus.bulbosus"
"10","Bombus.terrestris.agg","Ranunculus.bulbosus"
"10","Ceratina.cyanea","Ranunculus.bulbosus"
"10","Cheilosia.soror","Ranunculus.bulbosus"
"10","Chelostoma.rapunculi","Ranunculus.bulbosus"
"10","Episyrphus.balteatus","Ranunculus.bulbosus"
"10","Eristalis.arbustorum","Ranunculus.bulbosus"
"10","Eristalis.interrupta","Ranunculus.bulbosus"
"10","Eristalis.intricaria","Ranunculus.bulbosus"
"10","Eristalis.pertinax","Ranunculus.bulbosus"
"10","Eristalis.tenax","Ranunculus.bulbosus"
"10","Halictus.tumulorum","Ranunculus.bulbosus"
"10","Heringia.spec","Ranunculus.bulbosus"
"10","Hylaeus.communis","Ranunculus.bulbosus"
"10","Lasioglossum.albipes","Ranunculus.bulbosus"
"10","Lasioglossum.morio","Ranunculus.bulbosus"
"10","Lasioglossum.pauxillum","Ranunculus.bulbosus"
"10","Lasioglossum.villosulum","Ranunculus.bulbosus"
"10","Melanostoma.spec","Ranunculus.bulbosus"
"10","Myathropa.florea","Ranunculus.bulbosus"
"10","Osmia.bicolor","Ranunculus.bulbosus"
"10","Psithyrus.bohemicus","Ranunculus.bulbosus"
"10","Psithyrus.rupestris","Ranunculus.bulbosus"
"10","Psithyrus.sylvestris","Ranunculus.bulbosus"
"10","Sphaerophoria.spec","Ranunculus.bulbosus"
"10","Syrphus.ribesii","Ranunculus.bulbosus"
"10","Syrphus.torvus","Ranunculus.bulbosus"
"10","Syrphus.vitripennis","Ranunculus.bulbosus"
"10","Andrena.minutula","Senecio.jacobaea"
"10","Bombus.lapidarius","Senecio.jacobaea"
"10","Bombus.pascuorum","Senecio.jacobaea"
"10","Bombus.terrestris.agg","Senecio.jacobaea"
"10","Ceratina.cyanea","Senecio.jacobaea"
"10","Cheilosia.soror","Senecio.jacobaea"
"10","Chelostoma.rapunculi","Senecio.jacobaea"
"10","Episyrphus.balteatus","Senecio.jacobaea"
"10","Eristalis.arbustorum","Senecio.jacobaea"
"10","Eristalis.interrupta","Senecio.jacobaea"
"10","Eristalis.intricaria","Senecio.jacobaea"
"10","Eristalis.pertinax","Senecio.jacobaea"
"10","Eristalis.tenax","Senecio.jacobaea"
"10","Halictus.tumulorum","Senecio.jacobaea"
"10","Heringia.spec","Senecio.jacobaea"
"10","Hylaeus.communis","Senecio.jacobaea"
"10","Lasioglossum.albipes","Senecio.jacobaea"
"10","Lasioglossum.morio","Senecio.jacobaea"
"10","Lasioglossum.pauxillum","Senecio.jacobaea"
"10","Lasioglossum.villosulum","Senecio.jacobaea"
"10","Melanostoma.spec","Senecio.jacobaea"
"10","Myathropa.florea","Senecio.jacobaea"
"10","Osmia.bicolor","Senecio.jacobaea"
"10","Psithyrus.bohemicus","Senecio.jacobaea"
"10","Psithyrus.rupestris","Senecio.jacobaea"
"10","Psithyrus.sylvestris","Senecio.jacobaea"
"10","Sphaerophoria.spec","Senecio.jacobaea"
"10","Syrphus.ribesii","Senecio.jacobaea"
"10","Syrphus.torvus","Senecio.jacobaea"
"10","Syrphus.vitripennis","Senecio.jacobaea"
"10","Andrena.minutula","Solidago.virgaurea"
"10","Bombus.lapidarius","Solidago.virgaurea"
"10","Bombus.pascuorum","Solidago.virgaurea"
"10","Bombus.terrestris.agg","Solidago.virgaurea"
"10","Ceratina.cyanea","Solidago.virgaurea"
"10","Cheilosia.soror","Solidago.virgaurea"
"10","Chelostoma.rapunculi","Solidago.virgaurea"
"10","Episyrphus.balteatus","Solidago.virgaurea"
"10","Eristalis.arbustorum","Solidago.virgaurea"
"10","Eristalis.interrupta","Solidago.virgaurea"
"10","Eristalis.intricaria","Solidago.virgaurea"
"10","Eristalis.pertinax","Solidago.virgaurea"
"10","Eristalis.tenax","Solidago.virgaurea"
"10","Halictus.tumulorum","Solidago.virgaurea"
"10","Heringia.spec","Solidago.virgaurea"
"10","Hylaeus.communis","Solidago.virgaurea"
"10","Lasioglossum.albipes","Solidago.virgaurea"
"10","Lasioglossum.morio","Solidago.virgaurea"
"10","Lasioglossum.pauxillum","Solidago.virgaurea"
"10","Lasioglossum.villosulum","Solidago.virgaurea"
"10","Melanostoma.spec","Solidago.virgaurea"
"10","Myathropa.florea","Solidago.virgaurea"
"10","Osmia.bicolor","Solidago.virgaurea"
"10","Psithyrus.bohemicus","Solidago.virgaurea"
"10","Psithyrus.rupestris","Solidago.virgaurea"
"10","Psithyrus.sylvestris","Solidago.virgaurea"
"10","Sphaerophoria.spec","Solidago.virgaurea"
"10","Syrphus.ribesii","Solidago.virgaurea"
"10","Syrphus.torvus","Solidago.virgaurea"
"10","Syrphus.vitripennis","Solidago.virgaurea"
"10","Andrena.minutula","Trifolium.pratense"
"10","Bombus.lapidarius","Trifolium.pratense"
"10","Bombus.pascuorum","Trifolium.pratense"
"10","Bombus.terrestris.agg","Trifolium.pratense"
"10","Ceratina.cyanea","Trifolium.pratense"
"10","Cheilosia.soror","Trifolium.pratense"
"10","Chelostoma.rapunculi","Trifolium.pratense"
"10","Episyrphus.balteatus","Trifolium.pratense"
"10","Eristalis.arbustorum","Trifolium.pratense"
"10","Eristalis.interrupta","Trifolium.pratense"
"10","Eristalis.intricaria","Trifolium.pratense"
"10","Eristalis.pertinax","Trifolium.pratense"
"10","Eristalis.tenax","Trifolium.pratense"
"10","Halictus.tumulorum","Trifolium.pratense"
"10","Heringia.spec","Trifolium.pratense"
"10","Hylaeus.communis","Trifolium.pratense"
"10","Lasioglossum.albipes","Trifolium.pratense"
"10","Lasioglossum.morio","Trifolium.pratense"
"10","Lasioglossum.pauxillum","Trifolium.pratense"
"10","Lasioglossum.villosulum","Trifolium.pratense"
"10","Melanostoma.spec","Trifolium.pratense"
"10","Myathropa.florea","Trifolium.pratense"
"10","Osmia.bicolor","Trifolium.pratense"
"10","Psithyrus.bohemicus","Trifolium.pratense"
"10","Psithyrus.rupestris","Trifolium.pratense"
"10","Psithyrus.sylvestris","Trifolium.pratense"
"10","Sphaerophoria.spec","Trifolium.pratense"
"10","Syrphus.ribesii","Trifolium.pratense"
"10","Syrphus.torvus","Trifolium.pratense"
"10","Syrphus.vitripennis","Trifolium.pratense"
"10","Andrena.minutula","Vicia.cracca"
"10","Bombus.lapidarius","Vicia.cracca"
"10","Bombus.pascuorum","Vicia.cracca"
"10","Bombus.terrestris.agg","Vicia.cracca"
"10","Ceratina.cyanea","Vicia.cracca"
"10","Cheilosia.soror","Vicia.cracca"
"10","Chelostoma.rapunculi","Vicia.cracca"
"10","Episyrphus.balteatus","Vicia.cracca"
"10","Eristalis.arbustorum","Vicia.cracca"
"10","Eristalis.interrupta","Vicia.cracca"
"10","Eristalis.intricaria","Vicia.cracca"
"10","Eristalis.pertinax","Vicia.cracca"
"10","Eristalis.tenax","Vicia.cracca"
"10","Halictus.tumulorum","Vicia.cracca"
"10","Heringia.spec","Vicia.cracca"
"10","Hylaeus.communis","Vicia.cracca"
"10","Lasioglossum.albipes","Vicia.cracca"
"10","Lasioglossum.morio","Vicia.cracca"
"10","Lasioglossum.pauxillum","Vicia.cracca"
"10","Lasioglossum.villosulum","Vicia.cracca"
"10","Melanostoma.spec","Vicia.cracca"
"10","Myathropa.florea","Vicia.cracca"
"10","Osmia.bicolor","Vicia.cracca"
"10","Psithyrus.bohemicus","Vicia.cracca"
"10","Psithyrus.rupestris","Vicia.cracca"
"10","Psithyrus.sylvestris","Vicia.cracca"
"10","Sphaerophoria.spec","Vicia.cracca"
"10","Syrphus.ribesii","Vicia.cracca"
"10","Syrphus.torvus","Vicia.cracca"
"10","Syrphus.vitripennis","Vicia.cracca"
"11","Andrena.falsifica","Achillea.millefolium"
"11","Andrena.minutula","Achillea.millefolium"
"11","Bombus.lapidarius","Achillea.millefolium"
"11","Bombus.pascuorum","Achillea.millefolium"
"11","Bombus.terrestris.agg","Achillea.millefolium"
"11","Cheilosia.ranunculi/albitarsis","Achillea.millefolium"
"11","Cheilosia.vulpina","Achillea.millefolium"
"11","Chelostoma.campanularum","Achillea.millefolium"
"11","Chelostoma.rapunculi","Achillea.millefolium"
"11","Colletes.daviesanus","Achillea.millefolium"
"11","Episyrphus.balteatus","Achillea.millefolium"
"11","Eristalis.arbustorum","Achillea.millefolium"
"11","Eristalis.pertinax","Achillea.millefolium"
"11","Eristalis.tenax","Achillea.millefolium"
"11","Eupeodes.corollae","Achillea.millefolium"
"11","Halictus.tumulorum","Achillea.millefolium"
"11","Helophilus.trivittatus","Achillea.millefolium"
"11","Heriades.truncorum","Achillea.millefolium"
"11","Hylaeus.communis","Achillea.millefolium"
"11","Hylaeus.nigritus","Achillea.millefolium"
"11","Lasioglossum.morio","Achillea.millefolium"
"11","Lasioglossum.pauxillum","Achillea.millefolium"
"11","Lasioglossum.villosulum","Achillea.millefolium"
"11","Megachile.versicolor","Achillea.millefolium"
"11","Melanostoma.spec","Achillea.millefolium"
"11","Paragus.spec","Achillea.millefolium"
"11","Pipizella.spec","Achillea.millefolium"
"11","Scaeva.pyrastri","Achillea.millefolium"
"11","Sphaerophoria.spec","Achillea.millefolium"
"11","Syrphus.ribesii","Achillea.millefolium"
"11","Syrphus.torvus","Achillea.millefolium"
"11","Syrphus.vitripennis","Achillea.millefolium"
"11","Andrena.falsifica","Agrimonia.eupatoria"
"11","Andrena.minutula","Agrimonia.eupatoria"
"11","Bombus.lapidarius","Agrimonia.eupatoria"
"11","Bombus.pascuorum","Agrimonia.eupatoria"
"11","Bombus.terrestris.agg","Agrimonia.eupatoria"
"11","Cheilosia.ranunculi/albitarsis","Agrimonia.eupatoria"
"11","Cheilosia.vulpina","Agrimonia.eupatoria"
"11","Chelostoma.campanularum","Agrimonia.eupatoria"
"11","Chelostoma.rapunculi","Agrimonia.eupatoria"
"11","Colletes.daviesanus","Agrimonia.eupatoria"
"11","Episyrphus.balteatus","Agrimonia.eupatoria"
"11","Eristalis.arbustorum","Agrimonia.eupatoria"
"11","Eristalis.pertinax","Agrimonia.eupatoria"
"11","Eristalis.tenax","Agrimonia.eupatoria"
"11","Eupeodes.corollae","Agrimonia.eupatoria"
"11","Halictus.tumulorum","Agrimonia.eupatoria"
"11","Helophilus.trivittatus","Agrimonia.eupatoria"
"11","Heriades.truncorum","Agrimonia.eupatoria"
"11","Hylaeus.communis","Agrimonia.eupatoria"
"11","Hylaeus.nigritus","Agrimonia.eupatoria"
"11","Lasioglossum.morio","Agrimonia.eupatoria"
"11","Lasioglossum.pauxillum","Agrimonia.eupatoria"
"11","Lasioglossum.villosulum","Agrimonia.eupatoria"
"11","Megachile.versicolor","Agrimonia.eupatoria"
"11","Melanostoma.spec","Agrimonia.eupatoria"
"11","Paragus.spec","Agrimonia.eupatoria"
"11","Pipizella.spec","Agrimonia.eupatoria"
"11","Scaeva.pyrastri","Agrimonia.eupatoria"
"11","Sphaerophoria.spec","Agrimonia.eupatoria"
"11","Syrphus.ribesii","Agrimonia.eupatoria"
"11","Syrphus.torvus","Agrimonia.eupatoria"
"11","Syrphus.vitripennis","Agrimonia.eupatoria"
"11","Andrena.falsifica","Campanula.rotundifolia"
"11","Andrena.minutula","Campanula.rotundifolia"
"11","Bombus.lapidarius","Campanula.rotundifolia"
"11","Bombus.pascuorum","Campanula.rotundifolia"
"11","Bombus.terrestris.agg","Campanula.rotundifolia"
"11","Cheilosia.ranunculi/albitarsis","Campanula.rotundifolia"
"11","Cheilosia.vulpina","Campanula.rotundifolia"
"11","Chelostoma.campanularum","Campanula.rotundifolia"
"11","Chelostoma.rapunculi","Campanula.rotundifolia"
"11","Colletes.daviesanus","Campanula.rotundifolia"
"11","Episyrphus.balteatus","Campanula.rotundifolia"
"11","Eristalis.arbustorum","Campanula.rotundifolia"
"11","Eristalis.pertinax","Campanula.rotundifolia"
"11","Eristalis.tenax","Campanula.rotundifolia"
"11","Eupeodes.corollae","Campanula.rotundifolia"
"11","Halictus.tumulorum","Campanula.rotundifolia"
"11","Helophilus.trivittatus","Campanula.rotundifolia"
"11","Heriades.truncorum","Campanula.rotundifolia"
"11","Hylaeus.communis","Campanula.rotundifolia"
"11","Hylaeus.nigritus","Campanula.rotundifolia"
"11","Lasioglossum.morio","Campanula.rotundifolia"
"11","Lasioglossum.pauxillum","Campanula.rotundifolia"
"11","Lasioglossum.villosulum","Campanula.rotundifolia"
"11","Megachile.versicolor","Campanula.rotundifolia"
"11","Melanostoma.spec","Campanula.rotundifolia"
"11","Paragus.spec","Campanula.rotundifolia"
"11","Pipizella.spec","Campanula.rotundifolia"
"11","Scaeva.pyrastri","Campanula.rotundifolia"
"11","Sphaerophoria.spec","Campanula.rotundifolia"
"11","Syrphus.ribesii","Campanula.rotundifolia"
"11","Syrphus.torvus","Campanula.rotundifolia"
"11","Syrphus.vitripennis","Campanula.rotundifolia"
"11","Andrena.falsifica","Centaurea.jacea"
"11","Andrena.minutula","Centaurea.jacea"
"11","Bombus.lapidarius","Centaurea.jacea"
"11","Bombus.pascuorum","Centaurea.jacea"
"11","Bombus.terrestris.agg","Centaurea.jacea"
"11","Cheilosia.ranunculi/albitarsis","Centaurea.jacea"
"11","Cheilosia.vulpina","Centaurea.jacea"
"11","Chelostoma.campanularum","Centaurea.jacea"
"11","Chelostoma.rapunculi","Centaurea.jacea"
"11","Colletes.daviesanus","Centaurea.jacea"
"11","Episyrphus.balteatus","Centaurea.jacea"
"11","Eristalis.arbustorum","Centaurea.jacea"
"11","Eristalis.pertinax","Centaurea.jacea"
"11","Eristalis.tenax","Centaurea.jacea"
"11","Eupeodes.corollae","Centaurea.jacea"
"11","Halictus.tumulorum","Centaurea.jacea"
"11","Helophilus.trivittatus","Centaurea.jacea"
"11","Heriades.truncorum","Centaurea.jacea"
"11","Hylaeus.communis","Centaurea.jacea"
"11","Hylaeus.nigritus","Centaurea.jacea"
"11","Lasioglossum.morio","Centaurea.jacea"
"11","Lasioglossum.pauxillum","Centaurea.jacea"
"11","Lasioglossum.villosulum","Centaurea.jacea"
"11","Megachile.versicolor","Centaurea.jacea"
"11","Melanostoma.spec","Centaurea.jacea"
"11","Paragus.spec","Centaurea.jacea"
"11","Pipizella.spec","Centaurea.jacea"
"11","Scaeva.pyrastri","Centaurea.jacea"
"11","Sphaerophoria.spec","Centaurea.jacea"
"11","Syrphus.ribesii","Centaurea.jacea"
"11","Syrphus.torvus","Centaurea.jacea"
"11","Syrphus.vitripennis","Centaurea.jacea"
"11","Andrena.falsifica","Centaurea.scabiosa"
"11","Andrena.minutula","Centaurea.scabiosa"
"11","Bombus.lapidarius","Centaurea.scabiosa"
"11","Bombus.pascuorum","Centaurea.scabiosa"
"11","Bombus.terrestris.agg","Centaurea.scabiosa"
"11","Cheilosia.ranunculi/albitarsis","Centaurea.scabiosa"
"11","Cheilosia.vulpina","Centaurea.scabiosa"
"11","Chelostoma.campanularum","Centaurea.scabiosa"
"11","Chelostoma.rapunculi","Centaurea.scabiosa"
"11","Colletes.daviesanus","Centaurea.scabiosa"
"11","Episyrphus.balteatus","Centaurea.scabiosa"
"11","Eristalis.arbustorum","Centaurea.scabiosa"
"11","Eristalis.pertinax","Centaurea.scabiosa"
"11","Eristalis.tenax","Centaurea.scabiosa"
"11","Eupeodes.corollae","Centaurea.scabiosa"
"11","Halictus.tumulorum","Centaurea.scabiosa"
"11","Helophilus.trivittatus","Centaurea.scabiosa"
"11","Heriades.truncorum","Centaurea.scabiosa"
"11","Hylaeus.communis","Centaurea.scabiosa"
"11","Hylaeus.nigritus","Centaurea.scabiosa"
"11","Lasioglossum.morio","Centaurea.scabiosa"
"11","Lasioglossum.pauxillum","Centaurea.scabiosa"
"11","Lasioglossum.villosulum","Centaurea.scabiosa"
"11","Megachile.versicolor","Centaurea.scabiosa"
"11","Melanostoma.spec","Centaurea.scabiosa"
"11","Paragus.spec","Centaurea.scabiosa"
"11","Pipizella.spec","Centaurea.scabiosa"
"11","Scaeva.pyrastri","Centaurea.scabiosa"
"11","Sphaerophoria.spec","Centaurea.scabiosa"
"11","Syrphus.ribesii","Centaurea.scabiosa"
"11","Syrphus.torvus","Centaurea.scabiosa"
"11","Syrphus.vitripennis","Centaurea.scabiosa"
"11","Andrena.falsifica","Cirsium.acaule"
"11","Andrena.minutula","Cirsium.acaule"
"11","Bombus.lapidarius","Cirsium.acaule"
"11","Bombus.pascuorum","Cirsium.acaule"
"11","Bombus.terrestris.agg","Cirsium.acaule"
"11","Cheilosia.ranunculi/albitarsis","Cirsium.acaule"
"11","Cheilosia.vulpina","Cirsium.acaule"
"11","Chelostoma.campanularum","Cirsium.acaule"
"11","Chelostoma.rapunculi","Cirsium.acaule"
"11","Colletes.daviesanus","Cirsium.acaule"
"11","Episyrphus.balteatus","Cirsium.acaule"
"11","Eristalis.arbustorum","Cirsium.acaule"
"11","Eristalis.pertinax","Cirsium.acaule"
"11","Eristalis.tenax","Cirsium.acaule"
"11","Eupeodes.corollae","Cirsium.acaule"
"11","Halictus.tumulorum","Cirsium.acaule"
"11","Helophilus.trivittatus","Cirsium.acaule"
"11","Heriades.truncorum","Cirsium.acaule"
"11","Hylaeus.communis","Cirsium.acaule"
"11","Hylaeus.nigritus","Cirsium.acaule"
"11","Lasioglossum.morio","Cirsium.acaule"
"11","Lasioglossum.pauxillum","Cirsium.acaule"
"11","Lasioglossum.villosulum","Cirsium.acaule"
"11","Megachile.versicolor","Cirsium.acaule"
"11","Melanostoma.spec","Cirsium.acaule"
"11","Paragus.spec","Cirsium.acaule"
"11","Pipizella.spec","Cirsium.acaule"
"11","Scaeva.pyrastri","Cirsium.acaule"
"11","Sphaerophoria.spec","Cirsium.acaule"
"11","Syrphus.ribesii","Cirsium.acaule"
"11","Syrphus.torvus","Cirsium.acaule"
"11","Syrphus.vitripennis","Cirsium.acaule"
"11","Andrena.falsifica","Clinopodium.vulgare"
"11","Andrena.minutula","Clinopodium.vulgare"
"11","Bombus.lapidarius","Clinopodium.vulgare"
"11","Bombus.pascuorum","Clinopodium.vulgare"
"11","Bombus.terrestris.agg","Clinopodium.vulgare"
"11","Cheilosia.ranunculi/albitarsis","Clinopodium.vulgare"
"11","Cheilosia.vulpina","Clinopodium.vulgare"
"11","Chelostoma.campanularum","Clinopodium.vulgare"
"11","Chelostoma.rapunculi","Clinopodium.vulgare"
"11","Colletes.daviesanus","Clinopodium.vulgare"
"11","Episyrphus.balteatus","Clinopodium.vulgare"
"11","Eristalis.arbustorum","Clinopodium.vulgare"
"11","Eristalis.pertinax","Clinopodium.vulgare"
"11","Eristalis.tenax","Clinopodium.vulgare"
"11","Eupeodes.corollae","Clinopodium.vulgare"
"11","Halictus.tumulorum","Clinopodium.vulgare"
"11","Helophilus.trivittatus","Clinopodium.vulgare"
"11","Heriades.truncorum","Clinopodium.vulgare"
"11","Hylaeus.communis","Clinopodium.vulgare"
"11","Hylaeus.nigritus","Clinopodium.vulgare"
"11","Lasioglossum.morio","Clinopodium.vulgare"
"11","Lasioglossum.pauxillum","Clinopodium.vulgare"
"11","Lasioglossum.villosulum","Clinopodium.vulgare"
"11","Megachile.versicolor","Clinopodium.vulgare"
"11","Melanostoma.spec","Clinopodium.vulgare"
"11","Paragus.spec","Clinopodium.vulgare"
"11","Pipizella.spec","Clinopodium.vulgare"
"11","Scaeva.pyrastri","Clinopodium.vulgare"
"11","Sphaerophoria.spec","Clinopodium.vulgare"
"11","Syrphus.ribesii","Clinopodium.vulgare"
"11","Syrphus.torvus","Clinopodium.vulgare"
"11","Syrphus.vitripennis","Clinopodium.vulgare"
"11","Andrena.falsifica","Daucus.carota"
"11","Andrena.minutula","Daucus.carota"
"11","Bombus.lapidarius","Daucus.carota"
"11","Bombus.pascuorum","Daucus.carota"
"11","Bombus.terrestris.agg","Daucus.carota"
"11","Cheilosia.ranunculi/albitarsis","Daucus.carota"
"11","Cheilosia.vulpina","Daucus.carota"
"11","Chelostoma.campanularum","Daucus.carota"
"11","Chelostoma.rapunculi","Daucus.carota"
"11","Colletes.daviesanus","Daucus.carota"
"11","Episyrphus.balteatus","Daucus.carota"
"11","Eristalis.arbustorum","Daucus.carota"
"11","Eristalis.pertinax","Daucus.carota"
"11","Eristalis.tenax","Daucus.carota"
"11","Eupeodes.corollae","Daucus.carota"
"11","Halictus.tumulorum","Daucus.carota"
"11","Helophilus.trivittatus","Daucus.carota"
"11","Heriades.truncorum","Daucus.carota"
"11","Hylaeus.communis","Daucus.carota"
"11","Hylaeus.nigritus","Daucus.carota"
"11","Lasioglossum.morio","Daucus.carota"
"11","Lasioglossum.pauxillum","Daucus.carota"
"11","Lasioglossum.villosulum","Daucus.carota"
"11","Megachile.versicolor","Daucus.carota"
"11","Melanostoma.spec","Daucus.carota"
"11","Paragus.spec","Daucus.carota"
"11","Pipizella.spec","Daucus.carota"
"11","Scaeva.pyrastri","Daucus.carota"
"11","Sphaerophoria.spec","Daucus.carota"
"11","Syrphus.ribesii","Daucus.carota"
"11","Syrphus.torvus","Daucus.carota"
"11","Syrphus.vitripennis","Daucus.carota"
"11","Andrena.falsifica","Galium.verum"
"11","Andrena.minutula","Galium.verum"
"11","Bombus.lapidarius","Galium.verum"
"11","Bombus.pascuorum","Galium.verum"
"11","Bombus.terrestris.agg","Galium.verum"
"11","Cheilosia.ranunculi/albitarsis","Galium.verum"
"11","Cheilosia.vulpina","Galium.verum"
"11","Chelostoma.campanularum","Galium.verum"
"11","Chelostoma.rapunculi","Galium.verum"
"11","Colletes.daviesanus","Galium.verum"
"11","Episyrphus.balteatus","Galium.verum"
"11","Eristalis.arbustorum","Galium.verum"
"11","Eristalis.pertinax","Galium.verum"
"11","Eristalis.tenax","Galium.verum"
"11","Eupeodes.corollae","Galium.verum"
"11","Halictus.tumulorum","Galium.verum"
"11","Helophilus.trivittatus","Galium.verum"
"11","Heriades.truncorum","Galium.verum"
"11","Hylaeus.communis","Galium.verum"
"11","Hylaeus.nigritus","Galium.verum"
"11","Lasioglossum.morio","Galium.verum"
"11","Lasioglossum.pauxillum","Galium.verum"
"11","Lasioglossum.villosulum","Galium.verum"
"11","Megachile.versicolor","Galium.verum"
"11","Melanostoma.spec","Galium.verum"
"11","Paragus.spec","Galium.verum"
"11","Pipizella.spec","Galium.verum"
"11","Scaeva.pyrastri","Galium.verum"
"11","Sphaerophoria.spec","Galium.verum"
"11","Syrphus.ribesii","Galium.verum"
"11","Syrphus.torvus","Galium.verum"
"11","Syrphus.vitripennis","Galium.verum"
"11","Andrena.falsifica","Hippocrepis.comosa"
"11","Andrena.minutula","Hippocrepis.comosa"
"11","Bombus.lapidarius","Hippocrepis.comosa"
"11","Bombus.pascuorum","Hippocrepis.comosa"
"11","Bombus.terrestris.agg","Hippocrepis.comosa"
"11","Cheilosia.ranunculi/albitarsis","Hippocrepis.comosa"
"11","Cheilosia.vulpina","Hippocrepis.comosa"
"11","Chelostoma.campanularum","Hippocrepis.comosa"
"11","Chelostoma.rapunculi","Hippocrepis.comosa"
"11","Colletes.daviesanus","Hippocrepis.comosa"
"11","Episyrphus.balteatus","Hippocrepis.comosa"
"11","Eristalis.arbustorum","Hippocrepis.comosa"
"11","Eristalis.pertinax","Hippocrepis.comosa"
"11","Eristalis.tenax","Hippocrepis.comosa"
"11","Eupeodes.corollae","Hippocrepis.comosa"
"11","Halictus.tumulorum","Hippocrepis.comosa"
"11","Helophilus.trivittatus","Hippocrepis.comosa"
"11","Heriades.truncorum","Hippocrepis.comosa"
"11","Hylaeus.communis","Hippocrepis.comosa"
"11","Hylaeus.nigritus","Hippocrepis.comosa"
"11","Lasioglossum.morio","Hippocrepis.comosa"
"11","Lasioglossum.pauxillum","Hippocrepis.comosa"
"11","Lasioglossum.villosulum","Hippocrepis.comosa"
"11","Megachile.versicolor","Hippocrepis.comosa"
"11","Melanostoma.spec","Hippocrepis.comosa"
"11","Paragus.spec","Hippocrepis.comosa"
"11","Pipizella.spec","Hippocrepis.comosa"
"11","Scaeva.pyrastri","Hippocrepis.comosa"
"11","Sphaerophoria.spec","Hippocrepis.comosa"
"11","Syrphus.ribesii","Hippocrepis.comosa"
"11","Syrphus.torvus","Hippocrepis.comosa"
"11","Syrphus.vitripennis","Hippocrepis.comosa"
"11","Andrena.falsifica","Hypericum.perforatum"
"11","Andrena.minutula","Hypericum.perforatum"
"11","Bombus.lapidarius","Hypericum.perforatum"
"11","Bombus.pascuorum","Hypericum.perforatum"
"11","Bombus.terrestris.agg","Hypericum.perforatum"
"11","Cheilosia.ranunculi/albitarsis","Hypericum.perforatum"
"11","Cheilosia.vulpina","Hypericum.perforatum"
"11","Chelostoma.campanularum","Hypericum.perforatum"
"11","Chelostoma.rapunculi","Hypericum.perforatum"
"11","Colletes.daviesanus","Hypericum.perforatum"
"11","Episyrphus.balteatus","Hypericum.perforatum"
"11","Eristalis.arbustorum","Hypericum.perforatum"
"11","Eristalis.pertinax","Hypericum.perforatum"
"11","Eristalis.tenax","Hypericum.perforatum"
"11","Eupeodes.corollae","Hypericum.perforatum"
"11","Halictus.tumulorum","Hypericum.perforatum"
"11","Helophilus.trivittatus","Hypericum.perforatum"
"11","Heriades.truncorum","Hypericum.perforatum"
"11","Hylaeus.communis","Hypericum.perforatum"
"11","Hylaeus.nigritus","Hypericum.perforatum"
"11","Lasioglossum.morio","Hypericum.perforatum"
"11","Lasioglossum.pauxillum","Hypericum.perforatum"
"11","Lasioglossum.villosulum","Hypericum.perforatum"
"11","Megachile.versicolor","Hypericum.perforatum"
"11","Melanostoma.spec","Hypericum.perforatum"
"11","Paragus.spec","Hypericum.perforatum"
"11","Pipizella.spec","Hypericum.perforatum"
"11","Scaeva.pyrastri","Hypericum.perforatum"
"11","Sphaerophoria.spec","Hypericum.perforatum"
"11","Syrphus.ribesii","Hypericum.perforatum"
"11","Syrphus.torvus","Hypericum.perforatum"
"11","Syrphus.vitripennis","Hypericum.perforatum"
"11","Andrena.falsifica","Knautia.arvensis"
"11","Andrena.minutula","Knautia.arvensis"
"11","Bombus.lapidarius","Knautia.arvensis"
"11","Bombus.pascuorum","Knautia.arvensis"
"11","Bombus.terrestris.agg","Knautia.arvensis"
"11","Cheilosia.ranunculi/albitarsis","Knautia.arvensis"
"11","Cheilosia.vulpina","Knautia.arvensis"
"11","Chelostoma.campanularum","Knautia.arvensis"
"11","Chelostoma.rapunculi","Knautia.arvensis"
"11","Colletes.daviesanus","Knautia.arvensis"
"11","Episyrphus.balteatus","Knautia.arvensis"
"11","Eristalis.arbustorum","Knautia.arvensis"
"11","Eristalis.pertinax","Knautia.arvensis"
"11","Eristalis.tenax","Knautia.arvensis"
"11","Eupeodes.corollae","Knautia.arvensis"
"11","Halictus.tumulorum","Knautia.arvensis"
"11","Helophilus.trivittatus","Knautia.arvensis"
"11","Heriades.truncorum","Knautia.arvensis"
"11","Hylaeus.communis","Knautia.arvensis"
"11","Hylaeus.nigritus","Knautia.arvensis"
"11","Lasioglossum.morio","Knautia.arvensis"
"11","Lasioglossum.pauxillum","Knautia.arvensis"
"11","Lasioglossum.villosulum","Knautia.arvensis"
"11","Megachile.versicolor","Knautia.arvensis"
"11","Melanostoma.spec","Knautia.arvensis"
"11","Paragus.spec","Knautia.arvensis"
"11","Pipizella.spec","Knautia.arvensis"
"11","Scaeva.pyrastri","Knautia.arvensis"
"11","Sphaerophoria.spec","Knautia.arvensis"
"11","Syrphus.ribesii","Knautia.arvensis"
"11","Syrphus.torvus","Knautia.arvensis"
"11","Syrphus.vitripennis","Knautia.arvensis"
"11","Andrena.falsifica","Leontodon.hispidus"
"11","Andrena.minutula","Leontodon.hispidus"
"11","Bombus.lapidarius","Leontodon.hispidus"
"11","Bombus.pascuorum","Leontodon.hispidus"
"11","Bombus.terrestris.agg","Leontodon.hispidus"
"11","Cheilosia.ranunculi/albitarsis","Leontodon.hispidus"
"11","Cheilosia.vulpina","Leontodon.hispidus"
"11","Chelostoma.campanularum","Leontodon.hispidus"
"11","Chelostoma.rapunculi","Leontodon.hispidus"
"11","Colletes.daviesanus","Leontodon.hispidus"
"11","Episyrphus.balteatus","Leontodon.hispidus"
"11","Eristalis.arbustorum","Leontodon.hispidus"
"11","Eristalis.pertinax","Leontodon.hispidus"
"11","Eristalis.tenax","Leontodon.hispidus"
"11","Eupeodes.corollae","Leontodon.hispidus"
"11","Halictus.tumulorum","Leontodon.hispidus"
"11","Helophilus.trivittatus","Leontodon.hispidus"
"11","Heriades.truncorum","Leontodon.hispidus"
"11","Hylaeus.communis","Leontodon.hispidus"
"11","Hylaeus.nigritus","Leontodon.hispidus"
"11","Lasioglossum.morio","Leontodon.hispidus"
"11","Lasioglossum.pauxillum","Leontodon.hispidus"
"11","Lasioglossum.villosulum","Leontodon.hispidus"
"11","Megachile.versicolor","Leontodon.hispidus"
"11","Melanostoma.spec","Leontodon.hispidus"
"11","Paragus.spec","Leontodon.hispidus"
"11","Pipizella.spec","Leontodon.hispidus"
"11","Scaeva.pyrastri","Leontodon.hispidus"
"11","Sphaerophoria.spec","Leontodon.hispidus"
"11","Syrphus.ribesii","Leontodon.hispidus"
"11","Syrphus.torvus","Leontodon.hispidus"
"11","Syrphus.vitripennis","Leontodon.hispidus"
"11","Andrena.falsifica","Leucanthemum.vulgare"
"11","Andrena.minutula","Leucanthemum.vulgare"
"11","Bombus.lapidarius","Leucanthemum.vulgare"
"11","Bombus.pascuorum","Leucanthemum.vulgare"
"11","Bombus.terrestris.agg","Leucanthemum.vulgare"
"11","Cheilosia.ranunculi/albitarsis","Leucanthemum.vulgare"
"11","Cheilosia.vulpina","Leucanthemum.vulgare"
"11","Chelostoma.campanularum","Leucanthemum.vulgare"
"11","Chelostoma.rapunculi","Leucanthemum.vulgare"
"11","Colletes.daviesanus","Leucanthemum.vulgare"
"11","Episyrphus.balteatus","Leucanthemum.vulgare"
"11","Eristalis.arbustorum","Leucanthemum.vulgare"
"11","Eristalis.pertinax","Leucanthemum.vulgare"
"11","Eristalis.tenax","Leucanthemum.vulgare"
"11","Eupeodes.corollae","Leucanthemum.vulgare"
"11","Halictus.tumulorum","Leucanthemum.vulgare"
"11","Helophilus.trivittatus","Leucanthemum.vulgare"
"11","Heriades.truncorum","Leucanthemum.vulgare"
"11","Hylaeus.communis","Leucanthemum.vulgare"
"11","Hylaeus.nigritus","Leucanthemum.vulgare"
"11","Lasioglossum.morio","Leucanthemum.vulgare"
"11","Lasioglossum.pauxillum","Leucanthemum.vulgare"
"11","Lasioglossum.villosulum","Leucanthemum.vulgare"
"11","Megachile.versicolor","Leucanthemum.vulgare"
"11","Melanostoma.spec","Leucanthemum.vulgare"
"11","Paragus.spec","Leucanthemum.vulgare"
"11","Pipizella.spec","Leucanthemum.vulgare"
"11","Scaeva.pyrastri","Leucanthemum.vulgare"
"11","Sphaerophoria.spec","Leucanthemum.vulgare"
"11","Syrphus.ribesii","Leucanthemum.vulgare"
"11","Syrphus.torvus","Leucanthemum.vulgare"
"11","Syrphus.vitripennis","Leucanthemum.vulgare"
"11","Andrena.falsifica","Lotus.corniculatus"
"11","Andrena.minutula","Lotus.corniculatus"
"11","Bombus.lapidarius","Lotus.corniculatus"
"11","Bombus.pascuorum","Lotus.corniculatus"
"11","Bombus.terrestris.agg","Lotus.corniculatus"
"11","Cheilosia.ranunculi/albitarsis","Lotus.corniculatus"
"11","Cheilosia.vulpina","Lotus.corniculatus"
"11","Chelostoma.campanularum","Lotus.corniculatus"
"11","Chelostoma.rapunculi","Lotus.corniculatus"
"11","Colletes.daviesanus","Lotus.corniculatus"
"11","Episyrphus.balteatus","Lotus.corniculatus"
"11","Eristalis.arbustorum","Lotus.corniculatus"
"11","Eristalis.pertinax","Lotus.corniculatus"
"11","Eristalis.tenax","Lotus.corniculatus"
"11","Eupeodes.corollae","Lotus.corniculatus"
"11","Halictus.tumulorum","Lotus.corniculatus"
"11","Helophilus.trivittatus","Lotus.corniculatus"
"11","Heriades.truncorum","Lotus.corniculatus"
"11","Hylaeus.communis","Lotus.corniculatus"
"11","Hylaeus.nigritus","Lotus.corniculatus"
"11","Lasioglossum.morio","Lotus.corniculatus"
"11","Lasioglossum.pauxillum","Lotus.corniculatus"
"11","Lasioglossum.villosulum","Lotus.corniculatus"
"11","Megachile.versicolor","Lotus.corniculatus"
"11","Melanostoma.spec","Lotus.corniculatus"
"11","Paragus.spec","Lotus.corniculatus"
"11","Pipizella.spec","Lotus.corniculatus"
"11","Scaeva.pyrastri","Lotus.corniculatus"
"11","Sphaerophoria.spec","Lotus.corniculatus"
"11","Syrphus.ribesii","Lotus.corniculatus"
"11","Syrphus.torvus","Lotus.corniculatus"
"11","Syrphus.vitripennis","Lotus.corniculatus"
"11","Andrena.falsifica","Pimpinella.saxifraga"
"11","Andrena.minutula","Pimpinella.saxifraga"
"11","Bombus.lapidarius","Pimpinella.saxifraga"
"11","Bombus.pascuorum","Pimpinella.saxifraga"
"11","Bombus.terrestris.agg","Pimpinella.saxifraga"
"11","Cheilosia.ranunculi/albitarsis","Pimpinella.saxifraga"
"11","Cheilosia.vulpina","Pimpinella.saxifraga"
"11","Chelostoma.campanularum","Pimpinella.saxifraga"
"11","Chelostoma.rapunculi","Pimpinella.saxifraga"
"11","Colletes.daviesanus","Pimpinella.saxifraga"
"11","Episyrphus.balteatus","Pimpinella.saxifraga"
"11","Eristalis.arbustorum","Pimpinella.saxifraga"
"11","Eristalis.pertinax","Pimpinella.saxifraga"
"11","Eristalis.tenax","Pimpinella.saxifraga"
"11","Eupeodes.corollae","Pimpinella.saxifraga"
"11","Halictus.tumulorum","Pimpinella.saxifraga"
"11","Helophilus.trivittatus","Pimpinella.saxifraga"
"11","Heriades.truncorum","Pimpinella.saxifraga"
"11","Hylaeus.communis","Pimpinella.saxifraga"
"11","Hylaeus.nigritus","Pimpinella.saxifraga"
"11","Lasioglossum.morio","Pimpinella.saxifraga"
"11","Lasioglossum.pauxillum","Pimpinella.saxifraga"
"11","Lasioglossum.villosulum","Pimpinella.saxifraga"
"11","Megachile.versicolor","Pimpinella.saxifraga"
"11","Melanostoma.spec","Pimpinella.saxifraga"
"11","Paragus.spec","Pimpinella.saxifraga"
"11","Pipizella.spec","Pimpinella.saxifraga"
"11","Scaeva.pyrastri","Pimpinella.saxifraga"
"11","Sphaerophoria.spec","Pimpinella.saxifraga"
"11","Syrphus.ribesii","Pimpinella.saxifraga"
"11","Syrphus.torvus","Pimpinella.saxifraga"
"11","Syrphus.vitripennis","Pimpinella.saxifraga"
"11","Andrena.falsifica","Plantago.media"
"11","Andrena.minutula","Plantago.media"
"11","Bombus.lapidarius","Plantago.media"
"11","Bombus.pascuorum","Plantago.media"
"11","Bombus.terrestris.agg","Plantago.media"
"11","Cheilosia.ranunculi/albitarsis","Plantago.media"
"11","Cheilosia.vulpina","Plantago.media"
"11","Chelostoma.campanularum","Plantago.media"
"11","Chelostoma.rapunculi","Plantago.media"
"11","Colletes.daviesanus","Plantago.media"
"11","Episyrphus.balteatus","Plantago.media"
"11","Eristalis.arbustorum","Plantago.media"
"11","Eristalis.pertinax","Plantago.media"
"11","Eristalis.tenax","Plantago.media"
"11","Eupeodes.corollae","Plantago.media"
"11","Halictus.tumulorum","Plantago.media"
"11","Helophilus.trivittatus","Plantago.media"
"11","Heriades.truncorum","Plantago.media"
"11","Hylaeus.communis","Plantago.media"
"11","Hylaeus.nigritus","Plantago.media"
"11","Lasioglossum.morio","Plantago.media"
"11","Lasioglossum.pauxillum","Plantago.media"
"11","Lasioglossum.villosulum","Plantago.media"
"11","Megachile.versicolor","Plantago.media"
"11","Melanostoma.spec","Plantago.media"
"11","Paragus.spec","Plantago.media"
"11","Pipizella.spec","Plantago.media"
"11","Scaeva.pyrastri","Plantago.media"
"11","Sphaerophoria.spec","Plantago.media"
"11","Syrphus.ribesii","Plantago.media"
"11","Syrphus.torvus","Plantago.media"
"11","Syrphus.vitripennis","Plantago.media"
"11","Andrena.falsifica","Potentilla.neumanniana"
"11","Andrena.minutula","Potentilla.neumanniana"
"11","Bombus.lapidarius","Potentilla.neumanniana"
"11","Bombus.pascuorum","Potentilla.neumanniana"
"11","Bombus.terrestris.agg","Potentilla.neumanniana"
"11","Cheilosia.ranunculi/albitarsis","Potentilla.neumanniana"
"11","Cheilosia.vulpina","Potentilla.neumanniana"
"11","Chelostoma.campanularum","Potentilla.neumanniana"
"11","Chelostoma.rapunculi","Potentilla.neumanniana"
"11","Colletes.daviesanus","Potentilla.neumanniana"
"11","Episyrphus.balteatus","Potentilla.neumanniana"
"11","Eristalis.arbustorum","Potentilla.neumanniana"
"11","Eristalis.pertinax","Potentilla.neumanniana"
"11","Eristalis.tenax","Potentilla.neumanniana"
"11","Eupeodes.corollae","Potentilla.neumanniana"
"11","Halictus.tumulorum","Potentilla.neumanniana"
"11","Helophilus.trivittatus","Potentilla.neumanniana"
"11","Heriades.truncorum","Potentilla.neumanniana"
"11","Hylaeus.communis","Potentilla.neumanniana"
"11","Hylaeus.nigritus","Potentilla.neumanniana"
"11","Lasioglossum.morio","Potentilla.neumanniana"
"11","Lasioglossum.pauxillum","Potentilla.neumanniana"
"11","Lasioglossum.villosulum","Potentilla.neumanniana"
"11","Megachile.versicolor","Potentilla.neumanniana"
"11","Melanostoma.spec","Potentilla.neumanniana"
"11","Paragus.spec","Potentilla.neumanniana"
"11","Pipizella.spec","Potentilla.neumanniana"
"11","Scaeva.pyrastri","Potentilla.neumanniana"
"11","Sphaerophoria.spec","Potentilla.neumanniana"
"11","Syrphus.ribesii","Potentilla.neumanniana"
"11","Syrphus.torvus","Potentilla.neumanniana"
"11","Syrphus.vitripennis","Potentilla.neumanniana"
"11","Andrena.falsifica","Ranunculus.bulbosus"
"11","Andrena.minutula","Ranunculus.bulbosus"
"11","Bombus.lapidarius","Ranunculus.bulbosus"
"11","Bombus.pascuorum","Ranunculus.bulbosus"
"11","Bombus.terrestris.agg","Ranunculus.bulbosus"
"11","Cheilosia.ranunculi/albitarsis","Ranunculus.bulbosus"
"11","Cheilosia.vulpina","Ranunculus.bulbosus"
"11","Chelostoma.campanularum","Ranunculus.bulbosus"
"11","Chelostoma.rapunculi","Ranunculus.bulbosus"
"11","Colletes.daviesanus","Ranunculus.bulbosus"
"11","Episyrphus.balteatus","Ranunculus.bulbosus"
"11","Eristalis.arbustorum","Ranunculus.bulbosus"
"11","Eristalis.pertinax","Ranunculus.bulbosus"
"11","Eristalis.tenax","Ranunculus.bulbosus"
"11","Eupeodes.corollae","Ranunculus.bulbosus"
"11","Halictus.tumulorum","Ranunculus.bulbosus"
"11","Helophilus.trivittatus","Ranunculus.bulbosus"
"11","Heriades.truncorum","Ranunculus.bulbosus"
"11","Hylaeus.communis","Ranunculus.bulbosus"
"11","Hylaeus.nigritus","Ranunculus.bulbosus"
"11","Lasioglossum.morio","Ranunculus.bulbosus"
"11","Lasioglossum.pauxillum","Ranunculus.bulbosus"
"11","Lasioglossum.villosulum","Ranunculus.bulbosus"
"11","Megachile.versicolor","Ranunculus.bulbosus"
"11","Melanostoma.spec","Ranunculus.bulbosus"
"11","Paragus.spec","Ranunculus.bulbosus"
"11","Pipizella.spec","Ranunculus.bulbosus"
"11","Scaeva.pyrastri","Ranunculus.bulbosus"
"11","Sphaerophoria.spec","Ranunculus.bulbosus"
"11","Syrphus.ribesii","Ranunculus.bulbosus"
"11","Syrphus.torvus","Ranunculus.bulbosus"
"11","Syrphus.vitripennis","Ranunculus.bulbosus"
"11","Andrena.falsifica","Senecio.jacobaea"
"11","Andrena.minutula","Senecio.jacobaea"
"11","Bombus.lapidarius","Senecio.jacobaea"
"11","Bombus.pascuorum","Senecio.jacobaea"
"11","Bombus.terrestris.agg","Senecio.jacobaea"
"11","Cheilosia.ranunculi/albitarsis","Senecio.jacobaea"
"11","Cheilosia.vulpina","Senecio.jacobaea"
"11","Chelostoma.campanularum","Senecio.jacobaea"
"11","Chelostoma.rapunculi","Senecio.jacobaea"
"11","Colletes.daviesanus","Senecio.jacobaea"
"11","Episyrphus.balteatus","Senecio.jacobaea"
"11","Eristalis.arbustorum","Senecio.jacobaea"
"11","Eristalis.pertinax","Senecio.jacobaea"
"11","Eristalis.tenax","Senecio.jacobaea"
"11","Eupeodes.corollae","Senecio.jacobaea"
"11","Halictus.tumulorum","Senecio.jacobaea"
"11","Helophilus.trivittatus","Senecio.jacobaea"
"11","Heriades.truncorum","Senecio.jacobaea"
"11","Hylaeus.communis","Senecio.jacobaea"
"11","Hylaeus.nigritus","Senecio.jacobaea"
"11","Lasioglossum.morio","Senecio.jacobaea"
"11","Lasioglossum.pauxillum","Senecio.jacobaea"
"11","Lasioglossum.villosulum","Senecio.jacobaea"
"11","Megachile.versicolor","Senecio.jacobaea"
"11","Melanostoma.spec","Senecio.jacobaea"
"11","Paragus.spec","Senecio.jacobaea"
"11","Pipizella.spec","Senecio.jacobaea"
"11","Scaeva.pyrastri","Senecio.jacobaea"
"11","Sphaerophoria.spec","Senecio.jacobaea"
"11","Syrphus.ribesii","Senecio.jacobaea"
"11","Syrphus.torvus","Senecio.jacobaea"
"11","Syrphus.vitripennis","Senecio.jacobaea"
"11","Andrena.falsifica","Tanacetum.vulgare"
"11","Andrena.minutula","Tanacetum.vulgare"
"11","Bombus.lapidarius","Tanacetum.vulgare"
"11","Bombus.pascuorum","Tanacetum.vulgare"
"11","Bombus.terrestris.agg","Tanacetum.vulgare"
"11","Cheilosia.ranunculi/albitarsis","Tanacetum.vulgare"
"11","Cheilosia.vulpina","Tanacetum.vulgare"
"11","Chelostoma.campanularum","Tanacetum.vulgare"
"11","Chelostoma.rapunculi","Tanacetum.vulgare"
"11","Colletes.daviesanus","Tanacetum.vulgare"
"11","Episyrphus.balteatus","Tanacetum.vulgare"
"11","Eristalis.arbustorum","Tanacetum.vulgare"
"11","Eristalis.pertinax","Tanacetum.vulgare"
"11","Eristalis.tenax","Tanacetum.vulgare"
"11","Eupeodes.corollae","Tanacetum.vulgare"
"11","Halictus.tumulorum","Tanacetum.vulgare"
"11","Helophilus.trivittatus","Tanacetum.vulgare"
"11","Heriades.truncorum","Tanacetum.vulgare"
"11","Hylaeus.communis","Tanacetum.vulgare"
"11","Hylaeus.nigritus","Tanacetum.vulgare"
"11","Lasioglossum.morio","Tanacetum.vulgare"
"11","Lasioglossum.pauxillum","Tanacetum.vulgare"
"11","Lasioglossum.villosulum","Tanacetum.vulgare"
"11","Megachile.versicolor","Tanacetum.vulgare"
"11","Melanostoma.spec","Tanacetum.vulgare"
"11","Paragus.spec","Tanacetum.vulgare"
"11","Pipizella.spec","Tanacetum.vulgare"
"11","Scaeva.pyrastri","Tanacetum.vulgare"
"11","Sphaerophoria.spec","Tanacetum.vulgare"
"11","Syrphus.ribesii","Tanacetum.vulgare"
"11","Syrphus.torvus","Tanacetum.vulgare"
"11","Syrphus.vitripennis","Tanacetum.vulgare"
"11","Andrena.falsifica","Thymus.pulegioides"
"11","Andrena.minutula","Thymus.pulegioides"
"11","Bombus.lapidarius","Thymus.pulegioides"
"11","Bombus.pascuorum","Thymus.pulegioides"
"11","Bombus.terrestris.agg","Thymus.pulegioides"
"11","Cheilosia.ranunculi/albitarsis","Thymus.pulegioides"
"11","Cheilosia.vulpina","Thymus.pulegioides"
"11","Chelostoma.campanularum","Thymus.pulegioides"
"11","Chelostoma.rapunculi","Thymus.pulegioides"
"11","Colletes.daviesanus","Thymus.pulegioides"
"11","Episyrphus.balteatus","Thymus.pulegioides"
"11","Eristalis.arbustorum","Thymus.pulegioides"
"11","Eristalis.pertinax","Thymus.pulegioides"
"11","Eristalis.tenax","Thymus.pulegioides"
"11","Eupeodes.corollae","Thymus.pulegioides"
"11","Halictus.tumulorum","Thymus.pulegioides"
"11","Helophilus.trivittatus","Thymus.pulegioides"
"11","Heriades.truncorum","Thymus.pulegioides"
"11","Hylaeus.communis","Thymus.pulegioides"
"11","Hylaeus.nigritus","Thymus.pulegioides"
"11","Lasioglossum.morio","Thymus.pulegioides"
"11","Lasioglossum.pauxillum","Thymus.pulegioides"
"11","Lasioglossum.villosulum","Thymus.pulegioides"
"11","Megachile.versicolor","Thymus.pulegioides"
"11","Melanostoma.spec","Thymus.pulegioides"
"11","Paragus.spec","Thymus.pulegioides"
"11","Pipizella.spec","Thymus.pulegioides"
"11","Scaeva.pyrastri","Thymus.pulegioides"
"11","Sphaerophoria.spec","Thymus.pulegioides"
"11","Syrphus.ribesii","Thymus.pulegioides"
"11","Syrphus.torvus","Thymus.pulegioides"
"11","Syrphus.vitripennis","Thymus.pulegioides"
"11","Andrena.falsifica","Valeriana.officinalis"
"11","Andrena.minutula","Valeriana.officinalis"
"11","Bombus.lapidarius","Valeriana.officinalis"
"11","Bombus.pascuorum","Valeriana.officinalis"
"11","Bombus.terrestris.agg","Valeriana.officinalis"
"11","Cheilosia.ranunculi/albitarsis","Valeriana.officinalis"
"11","Cheilosia.vulpina","Valeriana.officinalis"
"11","Chelostoma.campanularum","Valeriana.officinalis"
"11","Chelostoma.rapunculi","Valeriana.officinalis"
"11","Colletes.daviesanus","Valeriana.officinalis"
"11","Episyrphus.balteatus","Valeriana.officinalis"
"11","Eristalis.arbustorum","Valeriana.officinalis"
"11","Eristalis.pertinax","Valeriana.officinalis"
"11","Eristalis.tenax","Valeriana.officinalis"
"11","Eupeodes.corollae","Valeriana.officinalis"
"11","Halictus.tumulorum","Valeriana.officinalis"
"11","Helophilus.trivittatus","Valeriana.officinalis"
"11","Heriades.truncorum","Valeriana.officinalis"
"11","Hylaeus.communis","Valeriana.officinalis"
"11","Hylaeus.nigritus","Valeriana.officinalis"
"11","Lasioglossum.morio","Valeriana.officinalis"
"11","Lasioglossum.pauxillum","Valeriana.officinalis"
"11","Lasioglossum.villosulum","Valeriana.officinalis"
"11","Megachile.versicolor","Valeriana.officinalis"
"11","Melanostoma.spec","Valeriana.officinalis"
"11","Paragus.spec","Valeriana.officinalis"
"11","Pipizella.spec","Valeriana.officinalis"
"11","Scaeva.pyrastri","Valeriana.officinalis"
"11","Sphaerophoria.spec","Valeriana.officinalis"
"11","Syrphus.ribesii","Valeriana.officinalis"
"11","Syrphus.torvus","Valeriana.officinalis"
"11","Syrphus.vitripennis","Valeriana.officinalis"
"12","Andrena.minutuloides","Achillea.millefolium"
"12","Bombus.lapidarius","Achillea.millefolium"
"12","Bombus.pascuorum","Achillea.millefolium"
"12","Bombus.pratorum","Achillea.millefolium"
"12","Bombus.terrestris.agg","Achillea.millefolium"
"12","Cheilosia.soror","Achillea.millefolium"
"12","Didea.fasciata","Achillea.millefolium"
"12","Episyrphus.balteatus","Achillea.millefolium"
"12","Eristalis.interrupta","Achillea.millefolium"
"12","Eristalis.lineata","Achillea.millefolium"
"12","Eristalis.pertinax","Achillea.millefolium"
"12","Eristalis.tenax","Achillea.millefolium"
"12","Eupeodes.corollae","Achillea.millefolium"
"12","Halictus.tumulorum","Achillea.millefolium"
"12","Helophilus.trivittatus","Achillea.millefolium"
"12","Lasioglossum.fulvicorne","Achillea.millefolium"
"12","Lasioglossum.morio","Achillea.millefolium"
"12","Lasioglossum.pauxillum","Achillea.millefolium"
"12","Lasioglossum.villosulum","Achillea.millefolium"
"12","Melanostoma.spec","Achillea.millefolium"
"12","Osmia.aurulenta","Achillea.millefolium"
"12","Osmia.bicolor","Achillea.millefolium"
"12","Scaeva.selenitica","Achillea.millefolium"
"12","Sphaerophoria.spec","Achillea.millefolium"
"12","Syritta.pipiens","Achillea.millefolium"
"12","Syrphus.ribesii","Achillea.millefolium"
"12","Syrphus.torvus","Achillea.millefolium"
"12","Syrphus.vitripennis","Achillea.millefolium"
"12","Andrena.minutuloides","Anthyllis.vulneraria"
"12","Bombus.lapidarius","Anthyllis.vulneraria"
"12","Bombus.pascuorum","Anthyllis.vulneraria"
"12","Bombus.pratorum","Anthyllis.vulneraria"
"12","Bombus.terrestris.agg","Anthyllis.vulneraria"
"12","Cheilosia.soror","Anthyllis.vulneraria"
"12","Didea.fasciata","Anthyllis.vulneraria"
"12","Episyrphus.balteatus","Anthyllis.vulneraria"
"12","Eristalis.interrupta","Anthyllis.vulneraria"
"12","Eristalis.lineata","Anthyllis.vulneraria"
"12","Eristalis.pertinax","Anthyllis.vulneraria"
"12","Eristalis.tenax","Anthyllis.vulneraria"
"12","Eupeodes.corollae","Anthyllis.vulneraria"
"12","Halictus.tumulorum","Anthyllis.vulneraria"
"12","Helophilus.trivittatus","Anthyllis.vulneraria"
"12","Lasioglossum.fulvicorne","Anthyllis.vulneraria"
"12","Lasioglossum.morio","Anthyllis.vulneraria"
"12","Lasioglossum.pauxillum","Anthyllis.vulneraria"
"12","Lasioglossum.villosulum","Anthyllis.vulneraria"
"12","Melanostoma.spec","Anthyllis.vulneraria"
"12","Osmia.aurulenta","Anthyllis.vulneraria"
"12","Osmia.bicolor","Anthyllis.vulneraria"
"12","Scaeva.selenitica","Anthyllis.vulneraria"
"12","Sphaerophoria.spec","Anthyllis.vulneraria"
"12","Syritta.pipiens","Anthyllis.vulneraria"
"12","Syrphus.ribesii","Anthyllis.vulneraria"
"12","Syrphus.torvus","Anthyllis.vulneraria"
"12","Syrphus.vitripennis","Anthyllis.vulneraria"
"12","Andrena.minutuloides","Carlina.vulgaris"
"12","Bombus.lapidarius","Carlina.vulgaris"
"12","Bombus.pascuorum","Carlina.vulgaris"
"12","Bombus.pratorum","Carlina.vulgaris"
"12","Bombus.terrestris.agg","Carlina.vulgaris"
"12","Cheilosia.soror","Carlina.vulgaris"
"12","Didea.fasciata","Carlina.vulgaris"
"12","Episyrphus.balteatus","Carlina.vulgaris"
"12","Eristalis.interrupta","Carlina.vulgaris"
"12","Eristalis.lineata","Carlina.vulgaris"
"12","Eristalis.pertinax","Carlina.vulgaris"
"12","Eristalis.tenax","Carlina.vulgaris"
"12","Eupeodes.corollae","Carlina.vulgaris"
"12","Halictus.tumulorum","Carlina.vulgaris"
"12","Helophilus.trivittatus","Carlina.vulgaris"
"12","Lasioglossum.fulvicorne","Carlina.vulgaris"
"12","Lasioglossum.morio","Carlina.vulgaris"
"12","Lasioglossum.pauxillum","Carlina.vulgaris"
"12","Lasioglossum.villosulum","Carlina.vulgaris"
"12","Melanostoma.spec","Carlina.vulgaris"
"12","Osmia.aurulenta","Carlina.vulgaris"
"12","Osmia.bicolor","Carlina.vulgaris"
"12","Scaeva.selenitica","Carlina.vulgaris"
"12","Sphaerophoria.spec","Carlina.vulgaris"
"12","Syritta.pipiens","Carlina.vulgaris"
"12","Syrphus.ribesii","Carlina.vulgaris"
"12","Syrphus.torvus","Carlina.vulgaris"
"12","Syrphus.vitripennis","Carlina.vulgaris"
"12","Andrena.minutuloides","Centaurea.jacea"
"12","Bombus.lapidarius","Centaurea.jacea"
"12","Bombus.pascuorum","Centaurea.jacea"
"12","Bombus.pratorum","Centaurea.jacea"
"12","Bombus.terrestris.agg","Centaurea.jacea"
"12","Cheilosia.soror","Centaurea.jacea"
"12","Didea.fasciata","Centaurea.jacea"
"12","Episyrphus.balteatus","Centaurea.jacea"
"12","Eristalis.interrupta","Centaurea.jacea"
"12","Eristalis.lineata","Centaurea.jacea"
"12","Eristalis.pertinax","Centaurea.jacea"
"12","Eristalis.tenax","Centaurea.jacea"
"12","Eupeodes.corollae","Centaurea.jacea"
"12","Halictus.tumulorum","Centaurea.jacea"
"12","Helophilus.trivittatus","Centaurea.jacea"
"12","Lasioglossum.fulvicorne","Centaurea.jacea"
"12","Lasioglossum.morio","Centaurea.jacea"
"12","Lasioglossum.pauxillum","Centaurea.jacea"
"12","Lasioglossum.villosulum","Centaurea.jacea"
"12","Melanostoma.spec","Centaurea.jacea"
"12","Osmia.aurulenta","Centaurea.jacea"
"12","Osmia.bicolor","Centaurea.jacea"
"12","Scaeva.selenitica","Centaurea.jacea"
"12","Sphaerophoria.spec","Centaurea.jacea"
"12","Syritta.pipiens","Centaurea.jacea"
"12","Syrphus.ribesii","Centaurea.jacea"
"12","Syrphus.torvus","Centaurea.jacea"
"12","Syrphus.vitripennis","Centaurea.jacea"
"12","Andrena.minutuloides","Centaurea.scabiosa"
"12","Bombus.lapidarius","Centaurea.scabiosa"
"12","Bombus.pascuorum","Centaurea.scabiosa"
"12","Bombus.pratorum","Centaurea.scabiosa"
"12","Bombus.terrestris.agg","Centaurea.scabiosa"
"12","Cheilosia.soror","Centaurea.scabiosa"
"12","Didea.fasciata","Centaurea.scabiosa"
"12","Episyrphus.balteatus","Centaurea.scabiosa"
"12","Eristalis.interrupta","Centaurea.scabiosa"
"12","Eristalis.lineata","Centaurea.scabiosa"
"12","Eristalis.pertinax","Centaurea.scabiosa"
"12","Eristalis.tenax","Centaurea.scabiosa"
"12","Eupeodes.corollae","Centaurea.scabiosa"
"12","Halictus.tumulorum","Centaurea.scabiosa"
"12","Helophilus.trivittatus","Centaurea.scabiosa"
"12","Lasioglossum.fulvicorne","Centaurea.scabiosa"
"12","Lasioglossum.morio","Centaurea.scabiosa"
"12","Lasioglossum.pauxillum","Centaurea.scabiosa"
"12","Lasioglossum.villosulum","Centaurea.scabiosa"
"12","Melanostoma.spec","Centaurea.scabiosa"
"12","Osmia.aurulenta","Centaurea.scabiosa"
"12","Osmia.bicolor","Centaurea.scabiosa"
"12","Scaeva.selenitica","Centaurea.scabiosa"
"12","Sphaerophoria.spec","Centaurea.scabiosa"
"12","Syritta.pipiens","Centaurea.scabiosa"
"12","Syrphus.ribesii","Centaurea.scabiosa"
"12","Syrphus.torvus","Centaurea.scabiosa"
"12","Syrphus.vitripennis","Centaurea.scabiosa"
"12","Andrena.minutuloides","Cirsium.acaule"
"12","Bombus.lapidarius","Cirsium.acaule"
"12","Bombus.pascuorum","Cirsium.acaule"
"12","Bombus.pratorum","Cirsium.acaule"
"12","Bombus.terrestris.agg","Cirsium.acaule"
"12","Cheilosia.soror","Cirsium.acaule"
"12","Didea.fasciata","Cirsium.acaule"
"12","Episyrphus.balteatus","Cirsium.acaule"
"12","Eristalis.interrupta","Cirsium.acaule"
"12","Eristalis.lineata","Cirsium.acaule"
"12","Eristalis.pertinax","Cirsium.acaule"
"12","Eristalis.tenax","Cirsium.acaule"
"12","Eupeodes.corollae","Cirsium.acaule"
"12","Halictus.tumulorum","Cirsium.acaule"
"12","Helophilus.trivittatus","Cirsium.acaule"
"12","Lasioglossum.fulvicorne","Cirsium.acaule"
"12","Lasioglossum.morio","Cirsium.acaule"
"12","Lasioglossum.pauxillum","Cirsium.acaule"
"12","Lasioglossum.villosulum","Cirsium.acaule"
"12","Melanostoma.spec","Cirsium.acaule"
"12","Osmia.aurulenta","Cirsium.acaule"
"12","Osmia.bicolor","Cirsium.acaule"
"12","Scaeva.selenitica","Cirsium.acaule"
"12","Sphaerophoria.spec","Cirsium.acaule"
"12","Syritta.pipiens","Cirsium.acaule"
"12","Syrphus.ribesii","Cirsium.acaule"
"12","Syrphus.torvus","Cirsium.acaule"
"12","Syrphus.vitripennis","Cirsium.acaule"
"12","Andrena.minutuloides","Daucus.carota"
"12","Bombus.lapidarius","Daucus.carota"
"12","Bombus.pascuorum","Daucus.carota"
"12","Bombus.pratorum","Daucus.carota"
"12","Bombus.terrestris.agg","Daucus.carota"
"12","Cheilosia.soror","Daucus.carota"
"12","Didea.fasciata","Daucus.carota"
"12","Episyrphus.balteatus","Daucus.carota"
"12","Eristalis.interrupta","Daucus.carota"
"12","Eristalis.lineata","Daucus.carota"
"12","Eristalis.pertinax","Daucus.carota"
"12","Eristalis.tenax","Daucus.carota"
"12","Eupeodes.corollae","Daucus.carota"
"12","Halictus.tumulorum","Daucus.carota"
"12","Helophilus.trivittatus","Daucus.carota"
"12","Lasioglossum.fulvicorne","Daucus.carota"
"12","Lasioglossum.morio","Daucus.carota"
"12","Lasioglossum.pauxillum","Daucus.carota"
"12","Lasioglossum.villosulum","Daucus.carota"
"12","Melanostoma.spec","Daucus.carota"
"12","Osmia.aurulenta","Daucus.carota"
"12","Osmia.bicolor","Daucus.carota"
"12","Scaeva.selenitica","Daucus.carota"
"12","Sphaerophoria.spec","Daucus.carota"
"12","Syritta.pipiens","Daucus.carota"
"12","Syrphus.ribesii","Daucus.carota"
"12","Syrphus.torvus","Daucus.carota"
"12","Syrphus.vitripennis","Daucus.carota"
"12","Andrena.minutuloides","Echium.vulgare"
"12","Bombus.lapidarius","Echium.vulgare"
"12","Bombus.pascuorum","Echium.vulgare"
"12","Bombus.pratorum","Echium.vulgare"
"12","Bombus.terrestris.agg","Echium.vulgare"
"12","Cheilosia.soror","Echium.vulgare"
"12","Didea.fasciata","Echium.vulgare"
"12","Episyrphus.balteatus","Echium.vulgare"
"12","Eristalis.interrupta","Echium.vulgare"
"12","Eristalis.lineata","Echium.vulgare"
"12","Eristalis.pertinax","Echium.vulgare"
"12","Eristalis.tenax","Echium.vulgare"
"12","Eupeodes.corollae","Echium.vulgare"
"12","Halictus.tumulorum","Echium.vulgare"
"12","Helophilus.trivittatus","Echium.vulgare"
"12","Lasioglossum.fulvicorne","Echium.vulgare"
"12","Lasioglossum.morio","Echium.vulgare"
"12","Lasioglossum.pauxillum","Echium.vulgare"
"12","Lasioglossum.villosulum","Echium.vulgare"
"12","Melanostoma.spec","Echium.vulgare"
"12","Osmia.aurulenta","Echium.vulgare"
"12","Osmia.bicolor","Echium.vulgare"
"12","Scaeva.selenitica","Echium.vulgare"
"12","Sphaerophoria.spec","Echium.vulgare"
"12","Syritta.pipiens","Echium.vulgare"
"12","Syrphus.ribesii","Echium.vulgare"
"12","Syrphus.torvus","Echium.vulgare"
"12","Syrphus.vitripennis","Echium.vulgare"
"12","Andrena.minutuloides","Galium.mollugo"
"12","Bombus.lapidarius","Galium.mollugo"
"12","Bombus.pascuorum","Galium.mollugo"
"12","Bombus.pratorum","Galium.mollugo"
"12","Bombus.terrestris.agg","Galium.mollugo"
"12","Cheilosia.soror","Galium.mollugo"
"12","Didea.fasciata","Galium.mollugo"
"12","Episyrphus.balteatus","Galium.mollugo"
"12","Eristalis.interrupta","Galium.mollugo"
"12","Eristalis.lineata","Galium.mollugo"
"12","Eristalis.pertinax","Galium.mollugo"
"12","Eristalis.tenax","Galium.mollugo"
"12","Eupeodes.corollae","Galium.mollugo"
"12","Halictus.tumulorum","Galium.mollugo"
"12","Helophilus.trivittatus","Galium.mollugo"
"12","Lasioglossum.fulvicorne","Galium.mollugo"
"12","Lasioglossum.morio","Galium.mollugo"
"12","Lasioglossum.pauxillum","Galium.mollugo"
"12","Lasioglossum.villosulum","Galium.mollugo"
"12","Melanostoma.spec","Galium.mollugo"
"12","Osmia.aurulenta","Galium.mollugo"
"12","Osmia.bicolor","Galium.mollugo"
"12","Scaeva.selenitica","Galium.mollugo"
"12","Sphaerophoria.spec","Galium.mollugo"
"12","Syritta.pipiens","Galium.mollugo"
"12","Syrphus.ribesii","Galium.mollugo"
"12","Syrphus.torvus","Galium.mollugo"
"12","Syrphus.vitripennis","Galium.mollugo"
"12","Andrena.minutuloides","Helianthemum.nummularium"
"12","Bombus.lapidarius","Helianthemum.nummularium"
"12","Bombus.pascuorum","Helianthemum.nummularium"
"12","Bombus.pratorum","Helianthemum.nummularium"
"12","Bombus.terrestris.agg","Helianthemum.nummularium"
"12","Cheilosia.soror","Helianthemum.nummularium"
"12","Didea.fasciata","Helianthemum.nummularium"
"12","Episyrphus.balteatus","Helianthemum.nummularium"
"12","Eristalis.interrupta","Helianthemum.nummularium"
"12","Eristalis.lineata","Helianthemum.nummularium"
"12","Eristalis.pertinax","Helianthemum.nummularium"
"12","Eristalis.tenax","Helianthemum.nummularium"
"12","Eupeodes.corollae","Helianthemum.nummularium"
"12","Halictus.tumulorum","Helianthemum.nummularium"
"12","Helophilus.trivittatus","Helianthemum.nummularium"
"12","Lasioglossum.fulvicorne","Helianthemum.nummularium"
"12","Lasioglossum.morio","Helianthemum.nummularium"
"12","Lasioglossum.pauxillum","Helianthemum.nummularium"
"12","Lasioglossum.villosulum","Helianthemum.nummularium"
"12","Melanostoma.spec","Helianthemum.nummularium"
"12","Osmia.aurulenta","Helianthemum.nummularium"
"12","Osmia.bicolor","Helianthemum.nummularium"
"12","Scaeva.selenitica","Helianthemum.nummularium"
"12","Sphaerophoria.spec","Helianthemum.nummularium"
"12","Syritta.pipiens","Helianthemum.nummularium"
"12","Syrphus.ribesii","Helianthemum.nummularium"
"12","Syrphus.torvus","Helianthemum.nummularium"
"12","Syrphus.vitripennis","Helianthemum.nummularium"
"12","Andrena.minutuloides","Hieracium.pilosella"
"12","Bombus.lapidarius","Hieracium.pilosella"
"12","Bombus.pascuorum","Hieracium.pilosella"
"12","Bombus.pratorum","Hieracium.pilosella"
"12","Bombus.terrestris.agg","Hieracium.pilosella"
"12","Cheilosia.soror","Hieracium.pilosella"
"12","Didea.fasciata","Hieracium.pilosella"
"12","Episyrphus.balteatus","Hieracium.pilosella"
"12","Eristalis.interrupta","Hieracium.pilosella"
"12","Eristalis.lineata","Hieracium.pilosella"
"12","Eristalis.pertinax","Hieracium.pilosella"
"12","Eristalis.tenax","Hieracium.pilosella"
"12","Eupeodes.corollae","Hieracium.pilosella"
"12","Halictus.tumulorum","Hieracium.pilosella"
"12","Helophilus.trivittatus","Hieracium.pilosella"
"12","Lasioglossum.fulvicorne","Hieracium.pilosella"
"12","Lasioglossum.morio","Hieracium.pilosella"
"12","Lasioglossum.pauxillum","Hieracium.pilosella"
"12","Lasioglossum.villosulum","Hieracium.pilosella"
"12","Melanostoma.spec","Hieracium.pilosella"
"12","Osmia.aurulenta","Hieracium.pilosella"
"12","Osmia.bicolor","Hieracium.pilosella"
"12","Scaeva.selenitica","Hieracium.pilosella"
"12","Sphaerophoria.spec","Hieracium.pilosella"
"12","Syritta.pipiens","Hieracium.pilosella"
"12","Syrphus.ribesii","Hieracium.pilosella"
"12","Syrphus.torvus","Hieracium.pilosella"
"12","Syrphus.vitripennis","Hieracium.pilosella"
"12","Andrena.minutuloides","Hippocrepis.comosa"
"12","Bombus.lapidarius","Hippocrepis.comosa"
"12","Bombus.pascuorum","Hippocrepis.comosa"
"12","Bombus.pratorum","Hippocrepis.comosa"
"12","Bombus.terrestris.agg","Hippocrepis.comosa"
"12","Cheilosia.soror","Hippocrepis.comosa"
"12","Didea.fasciata","Hippocrepis.comosa"
"12","Episyrphus.balteatus","Hippocrepis.comosa"
"12","Eristalis.interrupta","Hippocrepis.comosa"
"12","Eristalis.lineata","Hippocrepis.comosa"
"12","Eristalis.pertinax","Hippocrepis.comosa"
"12","Eristalis.tenax","Hippocrepis.comosa"
"12","Eupeodes.corollae","Hippocrepis.comosa"
"12","Halictus.tumulorum","Hippocrepis.comosa"
"12","Helophilus.trivittatus","Hippocrepis.comosa"
"12","Lasioglossum.fulvicorne","Hippocrepis.comosa"
"12","Lasioglossum.morio","Hippocrepis.comosa"
"12","Lasioglossum.pauxillum","Hippocrepis.comosa"
"12","Lasioglossum.villosulum","Hippocrepis.comosa"
"12","Melanostoma.spec","Hippocrepis.comosa"
"12","Osmia.aurulenta","Hippocrepis.comosa"
"12","Osmia.bicolor","Hippocrepis.comosa"
"12","Scaeva.selenitica","Hippocrepis.comosa"
"12","Sphaerophoria.spec","Hippocrepis.comosa"
"12","Syritta.pipiens","Hippocrepis.comosa"
"12","Syrphus.ribesii","Hippocrepis.comosa"
"12","Syrphus.torvus","Hippocrepis.comosa"
"12","Syrphus.vitripennis","Hippocrepis.comosa"
"12","Andrena.minutuloides","Knautia.arvensis"
"12","Bombus.lapidarius","Knautia.arvensis"
"12","Bombus.pascuorum","Knautia.arvensis"
"12","Bombus.pratorum","Knautia.arvensis"
"12","Bombus.terrestris.agg","Knautia.arvensis"
"12","Cheilosia.soror","Knautia.arvensis"
"12","Didea.fasciata","Knautia.arvensis"
"12","Episyrphus.balteatus","Knautia.arvensis"
"12","Eristalis.interrupta","Knautia.arvensis"
"12","Eristalis.lineata","Knautia.arvensis"
"12","Eristalis.pertinax","Knautia.arvensis"
"12","Eristalis.tenax","Knautia.arvensis"
"12","Eupeodes.corollae","Knautia.arvensis"
"12","Halictus.tumulorum","Knautia.arvensis"
"12","Helophilus.trivittatus","Knautia.arvensis"
"12","Lasioglossum.fulvicorne","Knautia.arvensis"
"12","Lasioglossum.morio","Knautia.arvensis"
"12","Lasioglossum.pauxillum","Knautia.arvensis"
"12","Lasioglossum.villosulum","Knautia.arvensis"
"12","Melanostoma.spec","Knautia.arvensis"
"12","Osmia.aurulenta","Knautia.arvensis"
"12","Osmia.bicolor","Knautia.arvensis"
"12","Scaeva.selenitica","Knautia.arvensis"
"12","Sphaerophoria.spec","Knautia.arvensis"
"12","Syritta.pipiens","Knautia.arvensis"
"12","Syrphus.ribesii","Knautia.arvensis"
"12","Syrphus.torvus","Knautia.arvensis"
"12","Syrphus.vitripennis","Knautia.arvensis"
"12","Andrena.minutuloides","Leontodon.hispidus"
"12","Bombus.lapidarius","Leontodon.hispidus"
"12","Bombus.pascuorum","Leontodon.hispidus"
"12","Bombus.pratorum","Leontodon.hispidus"
"12","Bombus.terrestris.agg","Leontodon.hispidus"
"12","Cheilosia.soror","Leontodon.hispidus"
"12","Didea.fasciata","Leontodon.hispidus"
"12","Episyrphus.balteatus","Leontodon.hispidus"
"12","Eristalis.interrupta","Leontodon.hispidus"
"12","Eristalis.lineata","Leontodon.hispidus"
"12","Eristalis.pertinax","Leontodon.hispidus"
"12","Eristalis.tenax","Leontodon.hispidus"
"12","Eupeodes.corollae","Leontodon.hispidus"
"12","Halictus.tumulorum","Leontodon.hispidus"
"12","Helophilus.trivittatus","Leontodon.hispidus"
"12","Lasioglossum.fulvicorne","Leontodon.hispidus"
"12","Lasioglossum.morio","Leontodon.hispidus"
"12","Lasioglossum.pauxillum","Leontodon.hispidus"
"12","Lasioglossum.villosulum","Leontodon.hispidus"
"12","Melanostoma.spec","Leontodon.hispidus"
"12","Osmia.aurulenta","Leontodon.hispidus"
"12","Osmia.bicolor","Leontodon.hispidus"
"12","Scaeva.selenitica","Leontodon.hispidus"
"12","Sphaerophoria.spec","Leontodon.hispidus"
"12","Syritta.pipiens","Leontodon.hispidus"
"12","Syrphus.ribesii","Leontodon.hispidus"
"12","Syrphus.torvus","Leontodon.hispidus"
"12","Syrphus.vitripennis","Leontodon.hispidus"
"12","Andrena.minutuloides","Ligustrum.vulgare"
"12","Bombus.lapidarius","Ligustrum.vulgare"
"12","Bombus.pascuorum","Ligustrum.vulgare"
"12","Bombus.pratorum","Ligustrum.vulgare"
"12","Bombus.terrestris.agg","Ligustrum.vulgare"
"12","Cheilosia.soror","Ligustrum.vulgare"
"12","Didea.fasciata","Ligustrum.vulgare"
"12","Episyrphus.balteatus","Ligustrum.vulgare"
"12","Eristalis.interrupta","Ligustrum.vulgare"
"12","Eristalis.lineata","Ligustrum.vulgare"
"12","Eristalis.pertinax","Ligustrum.vulgare"
"12","Eristalis.tenax","Ligustrum.vulgare"
"12","Eupeodes.corollae","Ligustrum.vulgare"
"12","Halictus.tumulorum","Ligustrum.vulgare"
"12","Helophilus.trivittatus","Ligustrum.vulgare"
"12","Lasioglossum.fulvicorne","Ligustrum.vulgare"
"12","Lasioglossum.morio","Ligustrum.vulgare"
"12","Lasioglossum.pauxillum","Ligustrum.vulgare"
"12","Lasioglossum.villosulum","Ligustrum.vulgare"
"12","Melanostoma.spec","Ligustrum.vulgare"
"12","Osmia.aurulenta","Ligustrum.vulgare"
"12","Osmia.bicolor","Ligustrum.vulgare"
"12","Scaeva.selenitica","Ligustrum.vulgare"
"12","Sphaerophoria.spec","Ligustrum.vulgare"
"12","Syritta.pipiens","Ligustrum.vulgare"
"12","Syrphus.ribesii","Ligustrum.vulgare"
"12","Syrphus.torvus","Ligustrum.vulgare"
"12","Syrphus.vitripennis","Ligustrum.vulgare"
"12","Andrena.minutuloides","Lotus.corniculatus"
"12","Bombus.lapidarius","Lotus.corniculatus"
"12","Bombus.pascuorum","Lotus.corniculatus"
"12","Bombus.pratorum","Lotus.corniculatus"
"12","Bombus.terrestris.agg","Lotus.corniculatus"
"12","Cheilosia.soror","Lotus.corniculatus"
"12","Didea.fasciata","Lotus.corniculatus"
"12","Episyrphus.balteatus","Lotus.corniculatus"
"12","Eristalis.interrupta","Lotus.corniculatus"
"12","Eristalis.lineata","Lotus.corniculatus"
"12","Eristalis.pertinax","Lotus.corniculatus"
"12","Eristalis.tenax","Lotus.corniculatus"
"12","Eupeodes.corollae","Lotus.corniculatus"
"12","Halictus.tumulorum","Lotus.corniculatus"
"12","Helophilus.trivittatus","Lotus.corniculatus"
"12","Lasioglossum.fulvicorne","Lotus.corniculatus"
"12","Lasioglossum.morio","Lotus.corniculatus"
"12","Lasioglossum.pauxillum","Lotus.corniculatus"
"12","Lasioglossum.villosulum","Lotus.corniculatus"
"12","Melanostoma.spec","Lotus.corniculatus"
"12","Osmia.aurulenta","Lotus.corniculatus"
"12","Osmia.bicolor","Lotus.corniculatus"
"12","Scaeva.selenitica","Lotus.corniculatus"
"12","Sphaerophoria.spec","Lotus.corniculatus"
"12","Syritta.pipiens","Lotus.corniculatus"
"12","Syrphus.ribesii","Lotus.corniculatus"
"12","Syrphus.torvus","Lotus.corniculatus"
"12","Syrphus.vitripennis","Lotus.corniculatus"
"12","Andrena.minutuloides","Melampyrum.arvense"
"12","Bombus.lapidarius","Melampyrum.arvense"
"12","Bombus.pascuorum","Melampyrum.arvense"
"12","Bombus.pratorum","Melampyrum.arvense"
"12","Bombus.terrestris.agg","Melampyrum.arvense"
"12","Cheilosia.soror","Melampyrum.arvense"
"12","Didea.fasciata","Melampyrum.arvense"
"12","Episyrphus.balteatus","Melampyrum.arvense"
"12","Eristalis.interrupta","Melampyrum.arvense"
"12","Eristalis.lineata","Melampyrum.arvense"
"12","Eristalis.pertinax","Melampyrum.arvense"
"12","Eristalis.tenax","Melampyrum.arvense"
"12","Eupeodes.corollae","Melampyrum.arvense"
"12","Halictus.tumulorum","Melampyrum.arvense"
"12","Helophilus.trivittatus","Melampyrum.arvense"
"12","Lasioglossum.fulvicorne","Melampyrum.arvense"
"12","Lasioglossum.morio","Melampyrum.arvense"
"12","Lasioglossum.pauxillum","Melampyrum.arvense"
"12","Lasioglossum.villosulum","Melampyrum.arvense"
"12","Melanostoma.spec","Melampyrum.arvense"
"12","Osmia.aurulenta","Melampyrum.arvense"
"12","Osmia.bicolor","Melampyrum.arvense"
"12","Scaeva.selenitica","Melampyrum.arvense"
"12","Sphaerophoria.spec","Melampyrum.arvense"
"12","Syritta.pipiens","Melampyrum.arvense"
"12","Syrphus.ribesii","Melampyrum.arvense"
"12","Syrphus.torvus","Melampyrum.arvense"
"12","Syrphus.vitripennis","Melampyrum.arvense"
"12","Andrena.minutuloides","Ononis.spinosa"
"12","Bombus.lapidarius","Ononis.spinosa"
"12","Bombus.pascuorum","Ononis.spinosa"
"12","Bombus.pratorum","Ononis.spinosa"
"12","Bombus.terrestris.agg","Ononis.spinosa"
"12","Cheilosia.soror","Ononis.spinosa"
"12","Didea.fasciata","Ononis.spinosa"
"12","Episyrphus.balteatus","Ononis.spinosa"
"12","Eristalis.interrupta","Ononis.spinosa"
"12","Eristalis.lineata","Ononis.spinosa"
"12","Eristalis.pertinax","Ononis.spinosa"
"12","Eristalis.tenax","Ononis.spinosa"
"12","Eupeodes.corollae","Ononis.spinosa"
"12","Halictus.tumulorum","Ononis.spinosa"
"12","Helophilus.trivittatus","Ononis.spinosa"
"12","Lasioglossum.fulvicorne","Ononis.spinosa"
"12","Lasioglossum.morio","Ononis.spinosa"
"12","Lasioglossum.pauxillum","Ononis.spinosa"
"12","Lasioglossum.villosulum","Ononis.spinosa"
"12","Melanostoma.spec","Ononis.spinosa"
"12","Osmia.aurulenta","Ononis.spinosa"
"12","Osmia.bicolor","Ononis.spinosa"
"12","Scaeva.selenitica","Ononis.spinosa"
"12","Sphaerophoria.spec","Ononis.spinosa"
"12","Syritta.pipiens","Ononis.spinosa"
"12","Syrphus.ribesii","Ononis.spinosa"
"12","Syrphus.torvus","Ononis.spinosa"
"12","Syrphus.vitripennis","Ononis.spinosa"
"12","Andrena.minutuloides","Pimpinella.saxifraga"
"12","Bombus.lapidarius","Pimpinella.saxifraga"
"12","Bombus.pascuorum","Pimpinella.saxifraga"
"12","Bombus.pratorum","Pimpinella.saxifraga"
"12","Bombus.terrestris.agg","Pimpinella.saxifraga"
"12","Cheilosia.soror","Pimpinella.saxifraga"
"12","Didea.fasciata","Pimpinella.saxifraga"
"12","Episyrphus.balteatus","Pimpinella.saxifraga"
"12","Eristalis.interrupta","Pimpinella.saxifraga"
"12","Eristalis.lineata","Pimpinella.saxifraga"
"12","Eristalis.pertinax","Pimpinella.saxifraga"
"12","Eristalis.tenax","Pimpinella.saxifraga"
"12","Eupeodes.corollae","Pimpinella.saxifraga"
"12","Halictus.tumulorum","Pimpinella.saxifraga"
"12","Helophilus.trivittatus","Pimpinella.saxifraga"
"12","Lasioglossum.fulvicorne","Pimpinella.saxifraga"
"12","Lasioglossum.morio","Pimpinella.saxifraga"
"12","Lasioglossum.pauxillum","Pimpinella.saxifraga"
"12","Lasioglossum.villosulum","Pimpinella.saxifraga"
"12","Melanostoma.spec","Pimpinella.saxifraga"
"12","Osmia.aurulenta","Pimpinella.saxifraga"
"12","Osmia.bicolor","Pimpinella.saxifraga"
"12","Scaeva.selenitica","Pimpinella.saxifraga"
"12","Sphaerophoria.spec","Pimpinella.saxifraga"
"12","Syritta.pipiens","Pimpinella.saxifraga"
"12","Syrphus.ribesii","Pimpinella.saxifraga"
"12","Syrphus.torvus","Pimpinella.saxifraga"
"12","Syrphus.vitripennis","Pimpinella.saxifraga"
"12","Andrena.minutuloides","Plantago.media"
"12","Bombus.lapidarius","Plantago.media"
"12","Bombus.pascuorum","Plantago.media"
"12","Bombus.pratorum","Plantago.media"
"12","Bombus.terrestris.agg","Plantago.media"
"12","Cheilosia.soror","Plantago.media"
"12","Didea.fasciata","Plantago.media"
"12","Episyrphus.balteatus","Plantago.media"
"12","Eristalis.interrupta","Plantago.media"
"12","Eristalis.lineata","Plantago.media"
"12","Eristalis.pertinax","Plantago.media"
"12","Eristalis.tenax","Plantago.media"
"12","Eupeodes.corollae","Plantago.media"
"12","Halictus.tumulorum","Plantago.media"
"12","Helophilus.trivittatus","Plantago.media"
"12","Lasioglossum.fulvicorne","Plantago.media"
"12","Lasioglossum.morio","Plantago.media"
"12","Lasioglossum.pauxillum","Plantago.media"
"12","Lasioglossum.villosulum","Plantago.media"
"12","Melanostoma.spec","Plantago.media"
"12","Osmia.aurulenta","Plantago.media"
"12","Osmia.bicolor","Plantago.media"
"12","Scaeva.selenitica","Plantago.media"
"12","Sphaerophoria.spec","Plantago.media"
"12","Syritta.pipiens","Plantago.media"
"12","Syrphus.ribesii","Plantago.media"
"12","Syrphus.torvus","Plantago.media"
"12","Syrphus.vitripennis","Plantago.media"
"12","Andrena.minutuloides","Potentilla.neumanniana"
"12","Bombus.lapidarius","Potentilla.neumanniana"
"12","Bombus.pascuorum","Potentilla.neumanniana"
"12","Bombus.pratorum","Potentilla.neumanniana"
"12","Bombus.terrestris.agg","Potentilla.neumanniana"
"12","Cheilosia.soror","Potentilla.neumanniana"
"12","Didea.fasciata","Potentilla.neumanniana"
"12","Episyrphus.balteatus","Potentilla.neumanniana"
"12","Eristalis.interrupta","Potentilla.neumanniana"
"12","Eristalis.lineata","Potentilla.neumanniana"
"12","Eristalis.pertinax","Potentilla.neumanniana"
"12","Eristalis.tenax","Potentilla.neumanniana"
"12","Eupeodes.corollae","Potentilla.neumanniana"
"12","Halictus.tumulorum","Potentilla.neumanniana"
"12","Helophilus.trivittatus","Potentilla.neumanniana"
"12","Lasioglossum.fulvicorne","Potentilla.neumanniana"
"12","Lasioglossum.morio","Potentilla.neumanniana"
"12","Lasioglossum.pauxillum","Potentilla.neumanniana"
"12","Lasioglossum.villosulum","Potentilla.neumanniana"
"12","Melanostoma.spec","Potentilla.neumanniana"
"12","Osmia.aurulenta","Potentilla.neumanniana"
"12","Osmia.bicolor","Potentilla.neumanniana"
"12","Scaeva.selenitica","Potentilla.neumanniana"
"12","Sphaerophoria.spec","Potentilla.neumanniana"
"12","Syritta.pipiens","Potentilla.neumanniana"
"12","Syrphus.ribesii","Potentilla.neumanniana"
"12","Syrphus.torvus","Potentilla.neumanniana"
"12","Syrphus.vitripennis","Potentilla.neumanniana"
"12","Andrena.minutuloides","Prunella.grandiflora"
"12","Bombus.lapidarius","Prunella.grandiflora"
"12","Bombus.pascuorum","Prunella.grandiflora"
"12","Bombus.pratorum","Prunella.grandiflora"
"12","Bombus.terrestris.agg","Prunella.grandiflora"
"12","Cheilosia.soror","Prunella.grandiflora"
"12","Didea.fasciata","Prunella.grandiflora"
"12","Episyrphus.balteatus","Prunella.grandiflora"
"12","Eristalis.interrupta","Prunella.grandiflora"
"12","Eristalis.lineata","Prunella.grandiflora"
"12","Eristalis.pertinax","Prunella.grandiflora"
"12","Eristalis.tenax","Prunella.grandiflora"
"12","Eupeodes.corollae","Prunella.grandiflora"
"12","Halictus.tumulorum","Prunella.grandiflora"
"12","Helophilus.trivittatus","Prunella.grandiflora"
"12","Lasioglossum.fulvicorne","Prunella.grandiflora"
"12","Lasioglossum.morio","Prunella.grandiflora"
"12","Lasioglossum.pauxillum","Prunella.grandiflora"
"12","Lasioglossum.villosulum","Prunella.grandiflora"
"12","Melanostoma.spec","Prunella.grandiflora"
"12","Osmia.aurulenta","Prunella.grandiflora"
"12","Osmia.bicolor","Prunella.grandiflora"
"12","Scaeva.selenitica","Prunella.grandiflora"
"12","Sphaerophoria.spec","Prunella.grandiflora"
"12","Syritta.pipiens","Prunella.grandiflora"
"12","Syrphus.ribesii","Prunella.grandiflora"
"12","Syrphus.torvus","Prunella.grandiflora"
"12","Syrphus.vitripennis","Prunella.grandiflora"
"12","Andrena.minutuloides","Prunella.vulgaris"
"12","Bombus.lapidarius","Prunella.vulgaris"
"12","Bombus.pascuorum","Prunella.vulgaris"
"12","Bombus.pratorum","Prunella.vulgaris"
"12","Bombus.terrestris.agg","Prunella.vulgaris"
"12","Cheilosia.soror","Prunella.vulgaris"
"12","Didea.fasciata","Prunella.vulgaris"
"12","Episyrphus.balteatus","Prunella.vulgaris"
"12","Eristalis.interrupta","Prunella.vulgaris"
"12","Eristalis.lineata","Prunella.vulgaris"
"12","Eristalis.pertinax","Prunella.vulgaris"
"12","Eristalis.tenax","Prunella.vulgaris"
"12","Eupeodes.corollae","Prunella.vulgaris"
"12","Halictus.tumulorum","Prunella.vulgaris"
"12","Helophilus.trivittatus","Prunella.vulgaris"
"12","Lasioglossum.fulvicorne","Prunella.vulgaris"
"12","Lasioglossum.morio","Prunella.vulgaris"
"12","Lasioglossum.pauxillum","Prunella.vulgaris"
"12","Lasioglossum.villosulum","Prunella.vulgaris"
"12","Melanostoma.spec","Prunella.vulgaris"
"12","Osmia.aurulenta","Prunella.vulgaris"
"12","Osmia.bicolor","Prunella.vulgaris"
"12","Scaeva.selenitica","Prunella.vulgaris"
"12","Sphaerophoria.spec","Prunella.vulgaris"
"12","Syritta.pipiens","Prunella.vulgaris"
"12","Syrphus.ribesii","Prunella.vulgaris"
"12","Syrphus.torvus","Prunella.vulgaris"
"12","Syrphus.vitripennis","Prunella.vulgaris"
"12","Andrena.minutuloides","Senecio.jacobaea"
"12","Bombus.lapidarius","Senecio.jacobaea"
"12","Bombus.pascuorum","Senecio.jacobaea"
"12","Bombus.pratorum","Senecio.jacobaea"
"12","Bombus.terrestris.agg","Senecio.jacobaea"
"12","Cheilosia.soror","Senecio.jacobaea"
"12","Didea.fasciata","Senecio.jacobaea"
"12","Episyrphus.balteatus","Senecio.jacobaea"
"12","Eristalis.interrupta","Senecio.jacobaea"
"12","Eristalis.lineata","Senecio.jacobaea"
"12","Eristalis.pertinax","Senecio.jacobaea"
"12","Eristalis.tenax","Senecio.jacobaea"
"12","Eupeodes.corollae","Senecio.jacobaea"
"12","Halictus.tumulorum","Senecio.jacobaea"
"12","Helophilus.trivittatus","Senecio.jacobaea"
"12","Lasioglossum.fulvicorne","Senecio.jacobaea"
"12","Lasioglossum.morio","Senecio.jacobaea"
"12","Lasioglossum.pauxillum","Senecio.jacobaea"
"12","Lasioglossum.villosulum","Senecio.jacobaea"
"12","Melanostoma.spec","Senecio.jacobaea"
"12","Osmia.aurulenta","Senecio.jacobaea"
"12","Osmia.bicolor","Senecio.jacobaea"
"12","Scaeva.selenitica","Senecio.jacobaea"
"12","Sphaerophoria.spec","Senecio.jacobaea"
"12","Syritta.pipiens","Senecio.jacobaea"
"12","Syrphus.ribesii","Senecio.jacobaea"
"12","Syrphus.torvus","Senecio.jacobaea"
"12","Syrphus.vitripennis","Senecio.jacobaea"
"12","Andrena.minutuloides","Thymus.pulegioides"
"12","Bombus.lapidarius","Thymus.pulegioides"
"12","Bombus.pascuorum","Thymus.pulegioides"
"12","Bombus.pratorum","Thymus.pulegioides"
"12","Bombus.terrestris.agg","Thymus.pulegioides"
"12","Cheilosia.soror","Thymus.pulegioides"
"12","Didea.fasciata","Thymus.pulegioides"
"12","Episyrphus.balteatus","Thymus.pulegioides"
"12","Eristalis.interrupta","Thymus.pulegioides"
"12","Eristalis.lineata","Thymus.pulegioides"
"12","Eristalis.pertinax","Thymus.pulegioides"
"12","Eristalis.tenax","Thymus.pulegioides"
"12","Eupeodes.corollae","Thymus.pulegioides"
"12","Halictus.tumulorum","Thymus.pulegioides"
"12","Helophilus.trivittatus","Thymus.pulegioides"
"12","Lasioglossum.fulvicorne","Thymus.pulegioides"
"12","Lasioglossum.morio","Thymus.pulegioides"
"12","Lasioglossum.pauxillum","Thymus.pulegioides"
"12","Lasioglossum.villosulum","Thymus.pulegioides"
"12","Melanostoma.spec","Thymus.pulegioides"
"12","Osmia.aurulenta","Thymus.pulegioides"
"12","Osmia.bicolor","Thymus.pulegioides"
"12","Scaeva.selenitica","Thymus.pulegioides"
"12","Sphaerophoria.spec","Thymus.pulegioides"
"12","Syritta.pipiens","Thymus.pulegioides"
"12","Syrphus.ribesii","Thymus.pulegioides"
"12","Syrphus.torvus","Thymus.pulegioides"
"12","Syrphus.vitripennis","Thymus.pulegioides"
"13","Andrena.subopaca","Achillea.millefolium"
"13","Andrena.wilkella","Achillea.millefolium"
"13","Anthidium.strigatum","Achillea.millefolium"
"13","Bombus.lapidarius","Achillea.millefolium"
"13","Bombus.pascuorum","Achillea.millefolium"
"13","Bombus.terrestris.agg","Achillea.millefolium"
"13","Cheilosia.vulpina","Achillea.millefolium"
"13","Episyrphus.balteatus","Achillea.millefolium"
"13","Eristalis.interrupta","Achillea.millefolium"
"13","Eristalis.lineata","Achillea.millefolium"
"13","Eristalis.pertinax","Achillea.millefolium"
"13","Eristalis.tenax","Achillea.millefolium"
"13","Halictus.rubicundus","Achillea.millefolium"
"13","Halictus.tumulorum","Achillea.millefolium"
"13","Helophilus.pendulus","Achillea.millefolium"
"13","Helophilus.trivittatus","Achillea.millefolium"
"13","Lasioglossum.fulvicorne","Achillea.millefolium"
"13","Lasioglossum.morio","Achillea.millefolium"
"13","Lasioglossum.pauxillum","Achillea.millefolium"
"13","Osmia.bicolor","Achillea.millefolium"
"13","Pipizella.spec","Achillea.millefolium"
"13","Psithyrus.bohemicus","Achillea.millefolium"
"13","Psithyrus.rupestris","Achillea.millefolium"
"13","Sphaerophoria.spec","Achillea.millefolium"
"13","Sphecodes.hyalinatus","Achillea.millefolium"
"13","Syrphus.torvus","Achillea.millefolium"
"13","Volucella.pellucens","Achillea.millefolium"
"13","Andrena.subopaca","Centaurea.scabiosa"
"13","Andrena.wilkella","Centaurea.scabiosa"
"13","Anthidium.strigatum","Centaurea.scabiosa"
"13","Bombus.lapidarius","Centaurea.scabiosa"
"13","Bombus.pascuorum","Centaurea.scabiosa"
"13","Bombus.terrestris.agg","Centaurea.scabiosa"
"13","Cheilosia.vulpina","Centaurea.scabiosa"
"13","Episyrphus.balteatus","Centaurea.scabiosa"
"13","Eristalis.interrupta","Centaurea.scabiosa"
"13","Eristalis.lineata","Centaurea.scabiosa"
"13","Eristalis.pertinax","Centaurea.scabiosa"
"13","Eristalis.tenax","Centaurea.scabiosa"
"13","Halictus.rubicundus","Centaurea.scabiosa"
"13","Halictus.tumulorum","Centaurea.scabiosa"
"13","Helophilus.pendulus","Centaurea.scabiosa"
"13","Helophilus.trivittatus","Centaurea.scabiosa"
"13","Lasioglossum.fulvicorne","Centaurea.scabiosa"
"13","Lasioglossum.morio","Centaurea.scabiosa"
"13","Lasioglossum.pauxillum","Centaurea.scabiosa"
"13","Osmia.bicolor","Centaurea.scabiosa"
"13","Pipizella.spec","Centaurea.scabiosa"
"13","Psithyrus.bohemicus","Centaurea.scabiosa"
"13","Psithyrus.rupestris","Centaurea.scabiosa"
"13","Sphaerophoria.spec","Centaurea.scabiosa"
"13","Sphecodes.hyalinatus","Centaurea.scabiosa"
"13","Syrphus.torvus","Centaurea.scabiosa"
"13","Volucella.pellucens","Centaurea.scabiosa"
"13","Andrena.subopaca","Cirsium.acaule"
"13","Andrena.wilkella","Cirsium.acaule"
"13","Anthidium.strigatum","Cirsium.acaule"
"13","Bombus.lapidarius","Cirsium.acaule"
"13","Bombus.pascuorum","Cirsium.acaule"
"13","Bombus.terrestris.agg","Cirsium.acaule"
"13","Cheilosia.vulpina","Cirsium.acaule"
"13","Episyrphus.balteatus","Cirsium.acaule"
"13","Eristalis.interrupta","Cirsium.acaule"
"13","Eristalis.lineata","Cirsium.acaule"
"13","Eristalis.pertinax","Cirsium.acaule"
"13","Eristalis.tenax","Cirsium.acaule"
"13","Halictus.rubicundus","Cirsium.acaule"
"13","Halictus.tumulorum","Cirsium.acaule"
"13","Helophilus.pendulus","Cirsium.acaule"
"13","Helophilus.trivittatus","Cirsium.acaule"
"13","Lasioglossum.fulvicorne","Cirsium.acaule"
"13","Lasioglossum.morio","Cirsium.acaule"
"13","Lasioglossum.pauxillum","Cirsium.acaule"
"13","Osmia.bicolor","Cirsium.acaule"
"13","Pipizella.spec","Cirsium.acaule"
"13","Psithyrus.bohemicus","Cirsium.acaule"
"13","Psithyrus.rupestris","Cirsium.acaule"
"13","Sphaerophoria.spec","Cirsium.acaule"
"13","Sphecodes.hyalinatus","Cirsium.acaule"
"13","Syrphus.torvus","Cirsium.acaule"
"13","Volucella.pellucens","Cirsium.acaule"
"13","Andrena.subopaca","Clinopodium.vulgare"
"13","Andrena.wilkella","Clinopodium.vulgare"
"13","Anthidium.strigatum","Clinopodium.vulgare"
"13","Bombus.lapidarius","Clinopodium.vulgare"
"13","Bombus.pascuorum","Clinopodium.vulgare"
"13","Bombus.terrestris.agg","Clinopodium.vulgare"
"13","Cheilosia.vulpina","Clinopodium.vulgare"
"13","Episyrphus.balteatus","Clinopodium.vulgare"
"13","Eristalis.interrupta","Clinopodium.vulgare"
"13","Eristalis.lineata","Clinopodium.vulgare"
"13","Eristalis.pertinax","Clinopodium.vulgare"
"13","Eristalis.tenax","Clinopodium.vulgare"
"13","Halictus.rubicundus","Clinopodium.vulgare"
"13","Halictus.tumulorum","Clinopodium.vulgare"
"13","Helophilus.pendulus","Clinopodium.vulgare"
"13","Helophilus.trivittatus","Clinopodium.vulgare"
"13","Lasioglossum.fulvicorne","Clinopodium.vulgare"
"13","Lasioglossum.morio","Clinopodium.vulgare"
"13","Lasioglossum.pauxillum","Clinopodium.vulgare"
"13","Osmia.bicolor","Clinopodium.vulgare"
"13","Pipizella.spec","Clinopodium.vulgare"
"13","Psithyrus.bohemicus","Clinopodium.vulgare"
"13","Psithyrus.rupestris","Clinopodium.vulgare"
"13","Sphaerophoria.spec","Clinopodium.vulgare"
"13","Sphecodes.hyalinatus","Clinopodium.vulgare"
"13","Syrphus.torvus","Clinopodium.vulgare"
"13","Volucella.pellucens","Clinopodium.vulgare"
"13","Andrena.subopaca","Cornus.sanguinea"
"13","Andrena.wilkella","Cornus.sanguinea"
"13","Anthidium.strigatum","Cornus.sanguinea"
"13","Bombus.lapidarius","Cornus.sanguinea"
"13","Bombus.pascuorum","Cornus.sanguinea"
"13","Bombus.terrestris.agg","Cornus.sanguinea"
"13","Cheilosia.vulpina","Cornus.sanguinea"
"13","Episyrphus.balteatus","Cornus.sanguinea"
"13","Eristalis.interrupta","Cornus.sanguinea"
"13","Eristalis.lineata","Cornus.sanguinea"
"13","Eristalis.pertinax","Cornus.sanguinea"
"13","Eristalis.tenax","Cornus.sanguinea"
"13","Halictus.rubicundus","Cornus.sanguinea"
"13","Halictus.tumulorum","Cornus.sanguinea"
"13","Helophilus.pendulus","Cornus.sanguinea"
"13","Helophilus.trivittatus","Cornus.sanguinea"
"13","Lasioglossum.fulvicorne","Cornus.sanguinea"
"13","Lasioglossum.morio","Cornus.sanguinea"
"13","Lasioglossum.pauxillum","Cornus.sanguinea"
"13","Osmia.bicolor","Cornus.sanguinea"
"13","Pipizella.spec","Cornus.sanguinea"
"13","Psithyrus.bohemicus","Cornus.sanguinea"
"13","Psithyrus.rupestris","Cornus.sanguinea"
"13","Sphaerophoria.spec","Cornus.sanguinea"
"13","Sphecodes.hyalinatus","Cornus.sanguinea"
"13","Syrphus.torvus","Cornus.sanguinea"
"13","Volucella.pellucens","Cornus.sanguinea"
"13","Andrena.subopaca","Crepis.biennis"
"13","Andrena.wilkella","Crepis.biennis"
"13","Anthidium.strigatum","Crepis.biennis"
"13","Bombus.lapidarius","Crepis.biennis"
"13","Bombus.pascuorum","Crepis.biennis"
"13","Bombus.terrestris.agg","Crepis.biennis"
"13","Cheilosia.vulpina","Crepis.biennis"
"13","Episyrphus.balteatus","Crepis.biennis"
"13","Eristalis.interrupta","Crepis.biennis"
"13","Eristalis.lineata","Crepis.biennis"
"13","Eristalis.pertinax","Crepis.biennis"
"13","Eristalis.tenax","Crepis.biennis"
"13","Halictus.rubicundus","Crepis.biennis"
"13","Halictus.tumulorum","Crepis.biennis"
"13","Helophilus.pendulus","Crepis.biennis"
"13","Helophilus.trivittatus","Crepis.biennis"
"13","Lasioglossum.fulvicorne","Crepis.biennis"
"13","Lasioglossum.morio","Crepis.biennis"
"13","Lasioglossum.pauxillum","Crepis.biennis"
"13","Osmia.bicolor","Crepis.biennis"
"13","Pipizella.spec","Crepis.biennis"
"13","Psithyrus.bohemicus","Crepis.biennis"
"13","Psithyrus.rupestris","Crepis.biennis"
"13","Sphaerophoria.spec","Crepis.biennis"
"13","Sphecodes.hyalinatus","Crepis.biennis"
"13","Syrphus.torvus","Crepis.biennis"
"13","Volucella.pellucens","Crepis.biennis"
"13","Andrena.subopaca","Daucus.carota"
"13","Andrena.wilkella","Daucus.carota"
"13","Anthidium.strigatum","Daucus.carota"
"13","Bombus.lapidarius","Daucus.carota"
"13","Bombus.pascuorum","Daucus.carota"
"13","Bombus.terrestris.agg","Daucus.carota"
"13","Cheilosia.vulpina","Daucus.carota"
"13","Episyrphus.balteatus","Daucus.carota"
"13","Eristalis.interrupta","Daucus.carota"
"13","Eristalis.lineata","Daucus.carota"
"13","Eristalis.pertinax","Daucus.carota"
"13","Eristalis.tenax","Daucus.carota"
"13","Halictus.rubicundus","Daucus.carota"
"13","Halictus.tumulorum","Daucus.carota"
"13","Helophilus.pendulus","Daucus.carota"
"13","Helophilus.trivittatus","Daucus.carota"
"13","Lasioglossum.fulvicorne","Daucus.carota"
"13","Lasioglossum.morio","Daucus.carota"
"13","Lasioglossum.pauxillum","Daucus.carota"
"13","Osmia.bicolor","Daucus.carota"
"13","Pipizella.spec","Daucus.carota"
"13","Psithyrus.bohemicus","Daucus.carota"
"13","Psithyrus.rupestris","Daucus.carota"
"13","Sphaerophoria.spec","Daucus.carota"
"13","Sphecodes.hyalinatus","Daucus.carota"
"13","Syrphus.torvus","Daucus.carota"
"13","Volucella.pellucens","Daucus.carota"
"13","Andrena.subopaca","Fragaria.vesca"
"13","Andrena.wilkella","Fragaria.vesca"
"13","Anthidium.strigatum","Fragaria.vesca"
"13","Bombus.lapidarius","Fragaria.vesca"
"13","Bombus.pascuorum","Fragaria.vesca"
"13","Bombus.terrestris.agg","Fragaria.vesca"
"13","Cheilosia.vulpina","Fragaria.vesca"
"13","Episyrphus.balteatus","Fragaria.vesca"
"13","Eristalis.interrupta","Fragaria.vesca"
"13","Eristalis.lineata","Fragaria.vesca"
"13","Eristalis.pertinax","Fragaria.vesca"
"13","Eristalis.tenax","Fragaria.vesca"
"13","Halictus.rubicundus","Fragaria.vesca"
"13","Halictus.tumulorum","Fragaria.vesca"
"13","Helophilus.pendulus","Fragaria.vesca"
"13","Helophilus.trivittatus","Fragaria.vesca"
"13","Lasioglossum.fulvicorne","Fragaria.vesca"
"13","Lasioglossum.morio","Fragaria.vesca"
"13","Lasioglossum.pauxillum","Fragaria.vesca"
"13","Osmia.bicolor","Fragaria.vesca"
"13","Pipizella.spec","Fragaria.vesca"
"13","Psithyrus.bohemicus","Fragaria.vesca"
"13","Psithyrus.rupestris","Fragaria.vesca"
"13","Sphaerophoria.spec","Fragaria.vesca"
"13","Sphecodes.hyalinatus","Fragaria.vesca"
"13","Syrphus.torvus","Fragaria.vesca"
"13","Volucella.pellucens","Fragaria.vesca"
"13","Andrena.subopaca","Hippocrepis.comosa"
"13","Andrena.wilkella","Hippocrepis.comosa"
"13","Anthidium.strigatum","Hippocrepis.comosa"
"13","Bombus.lapidarius","Hippocrepis.comosa"
"13","Bombus.pascuorum","Hippocrepis.comosa"
"13","Bombus.terrestris.agg","Hippocrepis.comosa"
"13","Cheilosia.vulpina","Hippocrepis.comosa"
"13","Episyrphus.balteatus","Hippocrepis.comosa"
"13","Eristalis.interrupta","Hippocrepis.comosa"
"13","Eristalis.lineata","Hippocrepis.comosa"
"13","Eristalis.pertinax","Hippocrepis.comosa"
"13","Eristalis.tenax","Hippocrepis.comosa"
"13","Halictus.rubicundus","Hippocrepis.comosa"
"13","Halictus.tumulorum","Hippocrepis.comosa"
"13","Helophilus.pendulus","Hippocrepis.comosa"
"13","Helophilus.trivittatus","Hippocrepis.comosa"
"13","Lasioglossum.fulvicorne","Hippocrepis.comosa"
"13","Lasioglossum.morio","Hippocrepis.comosa"
"13","Lasioglossum.pauxillum","Hippocrepis.comosa"
"13","Osmia.bicolor","Hippocrepis.comosa"
"13","Pipizella.spec","Hippocrepis.comosa"
"13","Psithyrus.bohemicus","Hippocrepis.comosa"
"13","Psithyrus.rupestris","Hippocrepis.comosa"
"13","Sphaerophoria.spec","Hippocrepis.comosa"
"13","Sphecodes.hyalinatus","Hippocrepis.comosa"
"13","Syrphus.torvus","Hippocrepis.comosa"
"13","Volucella.pellucens","Hippocrepis.comosa"
"13","Andrena.subopaca","Knautia.arvensis"
"13","Andrena.wilkella","Knautia.arvensis"
"13","Anthidium.strigatum","Knautia.arvensis"
"13","Bombus.lapidarius","Knautia.arvensis"
"13","Bombus.pascuorum","Knautia.arvensis"
"13","Bombus.terrestris.agg","Knautia.arvensis"
"13","Cheilosia.vulpina","Knautia.arvensis"
"13","Episyrphus.balteatus","Knautia.arvensis"
"13","Eristalis.interrupta","Knautia.arvensis"
"13","Eristalis.lineata","Knautia.arvensis"
"13","Eristalis.pertinax","Knautia.arvensis"
"13","Eristalis.tenax","Knautia.arvensis"
"13","Halictus.rubicundus","Knautia.arvensis"
"13","Halictus.tumulorum","Knautia.arvensis"
"13","Helophilus.pendulus","Knautia.arvensis"
"13","Helophilus.trivittatus","Knautia.arvensis"
"13","Lasioglossum.fulvicorne","Knautia.arvensis"
"13","Lasioglossum.morio","Knautia.arvensis"
"13","Lasioglossum.pauxillum","Knautia.arvensis"
"13","Osmia.bicolor","Knautia.arvensis"
"13","Pipizella.spec","Knautia.arvensis"
"13","Psithyrus.bohemicus","Knautia.arvensis"
"13","Psithyrus.rupestris","Knautia.arvensis"
"13","Sphaerophoria.spec","Knautia.arvensis"
"13","Sphecodes.hyalinatus","Knautia.arvensis"
"13","Syrphus.torvus","Knautia.arvensis"
"13","Volucella.pellucens","Knautia.arvensis"
"13","Andrena.subopaca","Leontodon.hispidus"
"13","Andrena.wilkella","Leontodon.hispidus"
"13","Anthidium.strigatum","Leontodon.hispidus"
"13","Bombus.lapidarius","Leontodon.hispidus"
"13","Bombus.pascuorum","Leontodon.hispidus"
"13","Bombus.terrestris.agg","Leontodon.hispidus"
"13","Cheilosia.vulpina","Leontodon.hispidus"
"13","Episyrphus.balteatus","Leontodon.hispidus"
"13","Eristalis.interrupta","Leontodon.hispidus"
"13","Eristalis.lineata","Leontodon.hispidus"
"13","Eristalis.pertinax","Leontodon.hispidus"
"13","Eristalis.tenax","Leontodon.hispidus"
"13","Halictus.rubicundus","Leontodon.hispidus"
"13","Halictus.tumulorum","Leontodon.hispidus"
"13","Helophilus.pendulus","Leontodon.hispidus"
"13","Helophilus.trivittatus","Leontodon.hispidus"
"13","Lasioglossum.fulvicorne","Leontodon.hispidus"
"13","Lasioglossum.morio","Leontodon.hispidus"
"13","Lasioglossum.pauxillum","Leontodon.hispidus"
"13","Osmia.bicolor","Leontodon.hispidus"
"13","Pipizella.spec","Leontodon.hispidus"
"13","Psithyrus.bohemicus","Leontodon.hispidus"
"13","Psithyrus.rupestris","Leontodon.hispidus"
"13","Sphaerophoria.spec","Leontodon.hispidus"
"13","Sphecodes.hyalinatus","Leontodon.hispidus"
"13","Syrphus.torvus","Leontodon.hispidus"
"13","Volucella.pellucens","Leontodon.hispidus"
"13","Andrena.subopaca","Lotus.corniculatus"
"13","Andrena.wilkella","Lotus.corniculatus"
"13","Anthidium.strigatum","Lotus.corniculatus"
"13","Bombus.lapidarius","Lotus.corniculatus"
"13","Bombus.pascuorum","Lotus.corniculatus"
"13","Bombus.terrestris.agg","Lotus.corniculatus"
"13","Cheilosia.vulpina","Lotus.corniculatus"
"13","Episyrphus.balteatus","Lotus.corniculatus"
"13","Eristalis.interrupta","Lotus.corniculatus"
"13","Eristalis.lineata","Lotus.corniculatus"
"13","Eristalis.pertinax","Lotus.corniculatus"
"13","Eristalis.tenax","Lotus.corniculatus"
"13","Halictus.rubicundus","Lotus.corniculatus"
"13","Halictus.tumulorum","Lotus.corniculatus"
"13","Helophilus.pendulus","Lotus.corniculatus"
"13","Helophilus.trivittatus","Lotus.corniculatus"
"13","Lasioglossum.fulvicorne","Lotus.corniculatus"
"13","Lasioglossum.morio","Lotus.corniculatus"
"13","Lasioglossum.pauxillum","Lotus.corniculatus"
"13","Osmia.bicolor","Lotus.corniculatus"
"13","Pipizella.spec","Lotus.corniculatus"
"13","Psithyrus.bohemicus","Lotus.corniculatus"
"13","Psithyrus.rupestris","Lotus.corniculatus"
"13","Sphaerophoria.spec","Lotus.corniculatus"
"13","Sphecodes.hyalinatus","Lotus.corniculatus"
"13","Syrphus.torvus","Lotus.corniculatus"
"13","Volucella.pellucens","Lotus.corniculatus"
"13","Andrena.subopaca","Pimpinella.saxifraga"
"13","Andrena.wilkella","Pimpinella.saxifraga"
"13","Anthidium.strigatum","Pimpinella.saxifraga"
"13","Bombus.lapidarius","Pimpinella.saxifraga"
"13","Bombus.pascuorum","Pimpinella.saxifraga"
"13","Bombus.terrestris.agg","Pimpinella.saxifraga"
"13","Cheilosia.vulpina","Pimpinella.saxifraga"
"13","Episyrphus.balteatus","Pimpinella.saxifraga"
"13","Eristalis.interrupta","Pimpinella.saxifraga"
"13","Eristalis.lineata","Pimpinella.saxifraga"
"13","Eristalis.pertinax","Pimpinella.saxifraga"
"13","Eristalis.tenax","Pimpinella.saxifraga"
"13","Halictus.rubicundus","Pimpinella.saxifraga"
"13","Halictus.tumulorum","Pimpinella.saxifraga"
"13","Helophilus.pendulus","Pimpinella.saxifraga"
"13","Helophilus.trivittatus","Pimpinella.saxifraga"
"13","Lasioglossum.fulvicorne","Pimpinella.saxifraga"
"13","Lasioglossum.morio","Pimpinella.saxifraga"
"13","Lasioglossum.pauxillum","Pimpinella.saxifraga"
"13","Osmia.bicolor","Pimpinella.saxifraga"
"13","Pipizella.spec","Pimpinella.saxifraga"
"13","Psithyrus.bohemicus","Pimpinella.saxifraga"
"13","Psithyrus.rupestris","Pimpinella.saxifraga"
"13","Sphaerophoria.spec","Pimpinella.saxifraga"
"13","Sphecodes.hyalinatus","Pimpinella.saxifraga"
"13","Syrphus.torvus","Pimpinella.saxifraga"
"13","Volucella.pellucens","Pimpinella.saxifraga"
"13","Andrena.subopaca","Plantago.media"
"13","Andrena.wilkella","Plantago.media"
"13","Anthidium.strigatum","Plantago.media"
"13","Bombus.lapidarius","Plantago.media"
"13","Bombus.pascuorum","Plantago.media"
"13","Bombus.terrestris.agg","Plantago.media"
"13","Cheilosia.vulpina","Plantago.media"
"13","Episyrphus.balteatus","Plantago.media"
"13","Eristalis.interrupta","Plantago.media"
"13","Eristalis.lineata","Plantago.media"
"13","Eristalis.pertinax","Plantago.media"
"13","Eristalis.tenax","Plantago.media"
"13","Halictus.rubicundus","Plantago.media"
"13","Halictus.tumulorum","Plantago.media"
"13","Helophilus.pendulus","Plantago.media"
"13","Helophilus.trivittatus","Plantago.media"
"13","Lasioglossum.fulvicorne","Plantago.media"
"13","Lasioglossum.morio","Plantago.media"
"13","Lasioglossum.pauxillum","Plantago.media"
"13","Osmia.bicolor","Plantago.media"
"13","Pipizella.spec","Plantago.media"
"13","Psithyrus.bohemicus","Plantago.media"
"13","Psithyrus.rupestris","Plantago.media"
"13","Sphaerophoria.spec","Plantago.media"
"13","Sphecodes.hyalinatus","Plantago.media"
"13","Syrphus.torvus","Plantago.media"
"13","Volucella.pellucens","Plantago.media"
"13","Andrena.subopaca","Rosa.NA"
"13","Andrena.wilkella","Rosa.NA"
"13","Anthidium.strigatum","Rosa.NA"
"13","Bombus.lapidarius","Rosa.NA"
"13","Bombus.pascuorum","Rosa.NA"
"13","Bombus.terrestris.agg","Rosa.NA"
"13","Cheilosia.vulpina","Rosa.NA"
"13","Episyrphus.balteatus","Rosa.NA"
"13","Eristalis.interrupta","Rosa.NA"
"13","Eristalis.lineata","Rosa.NA"
"13","Eristalis.pertinax","Rosa.NA"
"13","Eristalis.tenax","Rosa.NA"
"13","Halictus.rubicundus","Rosa.NA"
"13","Halictus.tumulorum","Rosa.NA"
"13","Helophilus.pendulus","Rosa.NA"
"13","Helophilus.trivittatus","Rosa.NA"
"13","Lasioglossum.fulvicorne","Rosa.NA"
"13","Lasioglossum.morio","Rosa.NA"
"13","Lasioglossum.pauxillum","Rosa.NA"
"13","Osmia.bicolor","Rosa.NA"
"13","Pipizella.spec","Rosa.NA"
"13","Psithyrus.bohemicus","Rosa.NA"
"13","Psithyrus.rupestris","Rosa.NA"
"13","Sphaerophoria.spec","Rosa.NA"
"13","Sphecodes.hyalinatus","Rosa.NA"
"13","Syrphus.torvus","Rosa.NA"
"13","Volucella.pellucens","Rosa.NA"
"13","Andrena.subopaca","Senecio.jacobaea"
"13","Andrena.wilkella","Senecio.jacobaea"
"13","Anthidium.strigatum","Senecio.jacobaea"
"13","Bombus.lapidarius","Senecio.jacobaea"
"13","Bombus.pascuorum","Senecio.jacobaea"
"13","Bombus.terrestris.agg","Senecio.jacobaea"
"13","Cheilosia.vulpina","Senecio.jacobaea"
"13","Episyrphus.balteatus","Senecio.jacobaea"
"13","Eristalis.interrupta","Senecio.jacobaea"
"13","Eristalis.lineata","Senecio.jacobaea"
"13","Eristalis.pertinax","Senecio.jacobaea"
"13","Eristalis.tenax","Senecio.jacobaea"
"13","Halictus.rubicundus","Senecio.jacobaea"
"13","Halictus.tumulorum","Senecio.jacobaea"
"13","Helophilus.pendulus","Senecio.jacobaea"
"13","Helophilus.trivittatus","Senecio.jacobaea"
"13","Lasioglossum.fulvicorne","Senecio.jacobaea"
"13","Lasioglossum.morio","Senecio.jacobaea"
"13","Lasioglossum.pauxillum","Senecio.jacobaea"
"13","Osmia.bicolor","Senecio.jacobaea"
"13","Pipizella.spec","Senecio.jacobaea"
"13","Psithyrus.bohemicus","Senecio.jacobaea"
"13","Psithyrus.rupestris","Senecio.jacobaea"
"13","Sphaerophoria.spec","Senecio.jacobaea"
"13","Sphecodes.hyalinatus","Senecio.jacobaea"
"13","Syrphus.torvus","Senecio.jacobaea"
"13","Volucella.pellucens","Senecio.jacobaea"
"13","Andrena.subopaca","Thymus.pulegioides"
"13","Andrena.wilkella","Thymus.pulegioides"
"13","Anthidium.strigatum","Thymus.pulegioides"
"13","Bombus.lapidarius","Thymus.pulegioides"
"13","Bombus.pascuorum","Thymus.pulegioides"
"13","Bombus.terrestris.agg","Thymus.pulegioides"
"13","Cheilosia.vulpina","Thymus.pulegioides"
"13","Episyrphus.balteatus","Thymus.pulegioides"
"13","Eristalis.interrupta","Thymus.pulegioides"
"13","Eristalis.lineata","Thymus.pulegioides"
"13","Eristalis.pertinax","Thymus.pulegioides"
"13","Eristalis.tenax","Thymus.pulegioides"
"13","Halictus.rubicundus","Thymus.pulegioides"
"13","Halictus.tumulorum","Thymus.pulegioides"
"13","Helophilus.pendulus","Thymus.pulegioides"
"13","Helophilus.trivittatus","Thymus.pulegioides"
"13","Lasioglossum.fulvicorne","Thymus.pulegioides"
"13","Lasioglossum.morio","Thymus.pulegioides"
"13","Lasioglossum.pauxillum","Thymus.pulegioides"
"13","Osmia.bicolor","Thymus.pulegioides"
"13","Pipizella.spec","Thymus.pulegioides"
"13","Psithyrus.bohemicus","Thymus.pulegioides"
"13","Psithyrus.rupestris","Thymus.pulegioides"
"13","Sphaerophoria.spec","Thymus.pulegioides"
"13","Sphecodes.hyalinatus","Thymus.pulegioides"
"13","Syrphus.torvus","Thymus.pulegioides"
"13","Volucella.pellucens","Thymus.pulegioides"
"13","Andrena.subopaca","Veronica.teucrium"
"13","Andrena.wilkella","Veronica.teucrium"
"13","Anthidium.strigatum","Veronica.teucrium"
"13","Bombus.lapidarius","Veronica.teucrium"
"13","Bombus.pascuorum","Veronica.teucrium"
"13","Bombus.terrestris.agg","Veronica.teucrium"
"13","Cheilosia.vulpina","Veronica.teucrium"
"13","Episyrphus.balteatus","Veronica.teucrium"
"13","Eristalis.interrupta","Veronica.teucrium"
"13","Eristalis.lineata","Veronica.teucrium"
"13","Eristalis.pertinax","Veronica.teucrium"
"13","Eristalis.tenax","Veronica.teucrium"
"13","Halictus.rubicundus","Veronica.teucrium"
"13","Halictus.tumulorum","Veronica.teucrium"
"13","Helophilus.pendulus","Veronica.teucrium"
"13","Helophilus.trivittatus","Veronica.teucrium"
"13","Lasioglossum.fulvicorne","Veronica.teucrium"
"13","Lasioglossum.morio","Veronica.teucrium"
"13","Lasioglossum.pauxillum","Veronica.teucrium"
"13","Osmia.bicolor","Veronica.teucrium"
"13","Pipizella.spec","Veronica.teucrium"
"13","Psithyrus.bohemicus","Veronica.teucrium"
"13","Psithyrus.rupestris","Veronica.teucrium"
"13","Sphaerophoria.spec","Veronica.teucrium"
"13","Sphecodes.hyalinatus","Veronica.teucrium"
"13","Syrphus.torvus","Veronica.teucrium"
"13","Volucella.pellucens","Veronica.teucrium"
"14","Andrena.flavipes","Achillea.millefolium"
"14","Bombus.lapidarius","Achillea.millefolium"
"14","Bombus.pascuorum","Achillea.millefolium"
"14","Bombus.terrestris.agg","Achillea.millefolium"
"14","Chrysotoxum.bicinctum","Achillea.millefolium"
"14","Epistrophe.grossulariae","Achillea.millefolium"
"14","Episyrphus.balteatus","Achillea.millefolium"
"14","Eristalis.arbustorum","Achillea.millefolium"
"14","Eristalis.interrupta","Achillea.millefolium"
"14","Eristalis.pertinax","Achillea.millefolium"
"14","Eristalis.tenax","Achillea.millefolium"
"14","Eupeodes.corollae","Achillea.millefolium"
"14","Eupeodes.luniger","Achillea.millefolium"
"14","Halictus.tumulorum","Achillea.millefolium"
"14","Helophilus.hybridus","Achillea.millefolium"
"14","Helophilus.pendulus","Achillea.millefolium"
"14","Helophilus.trivittatus","Achillea.millefolium"
"14","Hylaeus.communis","Achillea.millefolium"
"14","Hylaeus.confusus","Achillea.millefolium"
"14","Lasioglossum.albipes","Achillea.millefolium"
"14","Lasioglossum.calceatum","Achillea.millefolium"
"14","Lasioglossum.morio","Achillea.millefolium"
"14","Lasioglossum.pauxillum","Achillea.millefolium"
"14","Melanostoma.spec","Achillea.millefolium"
"14","Myathropa.florea","Achillea.millefolium"
"14","Osmia.bicolor","Achillea.millefolium"
"14","Paragus.spec","Achillea.millefolium"
"14","Pipizella.spec","Achillea.millefolium"
"14","Scaeva.pyrastri","Achillea.millefolium"
"14","Sphaerophoria.spec","Achillea.millefolium"
"14","Sphecodes.ephippius","Achillea.millefolium"
"14","Sphecodes.rufiventris","Achillea.millefolium"
"14","Syritta.pipiens","Achillea.millefolium"
"14","Syrphus.ribesii","Achillea.millefolium"
"14","Syrphus.torvus","Achillea.millefolium"
"14","Syrphus.vitripennis","Achillea.millefolium"
"14","Andrena.flavipes","Agrimonia.eupatoria"
"14","Bombus.lapidarius","Agrimonia.eupatoria"
"14","Bombus.pascuorum","Agrimonia.eupatoria"
"14","Bombus.terrestris.agg","Agrimonia.eupatoria"
"14","Chrysotoxum.bicinctum","Agrimonia.eupatoria"
"14","Epistrophe.grossulariae","Agrimonia.eupatoria"
"14","Episyrphus.balteatus","Agrimonia.eupatoria"
"14","Eristalis.arbustorum","Agrimonia.eupatoria"
"14","Eristalis.interrupta","Agrimonia.eupatoria"
"14","Eristalis.pertinax","Agrimonia.eupatoria"
"14","Eristalis.tenax","Agrimonia.eupatoria"
"14","Eupeodes.corollae","Agrimonia.eupatoria"
"14","Eupeodes.luniger","Agrimonia.eupatoria"
"14","Halictus.tumulorum","Agrimonia.eupatoria"
"14","Helophilus.hybridus","Agrimonia.eupatoria"
"14","Helophilus.pendulus","Agrimonia.eupatoria"
"14","Helophilus.trivittatus","Agrimonia.eupatoria"
"14","Hylaeus.communis","Agrimonia.eupatoria"
"14","Hylaeus.confusus","Agrimonia.eupatoria"
"14","Lasioglossum.albipes","Agrimonia.eupatoria"
"14","Lasioglossum.calceatum","Agrimonia.eupatoria"
"14","Lasioglossum.morio","Agrimonia.eupatoria"
"14","Lasioglossum.pauxillum","Agrimonia.eupatoria"
"14","Melanostoma.spec","Agrimonia.eupatoria"
"14","Myathropa.florea","Agrimonia.eupatoria"
"14","Osmia.bicolor","Agrimonia.eupatoria"
"14","Paragus.spec","Agrimonia.eupatoria"
"14","Pipizella.spec","Agrimonia.eupatoria"
"14","Scaeva.pyrastri","Agrimonia.eupatoria"
"14","Sphaerophoria.spec","Agrimonia.eupatoria"
"14","Sphecodes.ephippius","Agrimonia.eupatoria"
"14","Sphecodes.rufiventris","Agrimonia.eupatoria"
"14","Syritta.pipiens","Agrimonia.eupatoria"
"14","Syrphus.ribesii","Agrimonia.eupatoria"
"14","Syrphus.torvus","Agrimonia.eupatoria"
"14","Syrphus.vitripennis","Agrimonia.eupatoria"
"14","Andrena.flavipes","Astragalus.glycyphyllos"
"14","Bombus.lapidarius","Astragalus.glycyphyllos"
"14","Bombus.pascuorum","Astragalus.glycyphyllos"
"14","Bombus.terrestris.agg","Astragalus.glycyphyllos"
"14","Chrysotoxum.bicinctum","Astragalus.glycyphyllos"
"14","Epistrophe.grossulariae","Astragalus.glycyphyllos"
"14","Episyrphus.balteatus","Astragalus.glycyphyllos"
"14","Eristalis.arbustorum","Astragalus.glycyphyllos"
"14","Eristalis.interrupta","Astragalus.glycyphyllos"
"14","Eristalis.pertinax","Astragalus.glycyphyllos"
"14","Eristalis.tenax","Astragalus.glycyphyllos"
"14","Eupeodes.corollae","Astragalus.glycyphyllos"
"14","Eupeodes.luniger","Astragalus.glycyphyllos"
"14","Halictus.tumulorum","Astragalus.glycyphyllos"
"14","Helophilus.hybridus","Astragalus.glycyphyllos"
"14","Helophilus.pendulus","Astragalus.glycyphyllos"
"14","Helophilus.trivittatus","Astragalus.glycyphyllos"
"14","Hylaeus.communis","Astragalus.glycyphyllos"
"14","Hylaeus.confusus","Astragalus.glycyphyllos"
"14","Lasioglossum.albipes","Astragalus.glycyphyllos"
"14","Lasioglossum.calceatum","Astragalus.glycyphyllos"
"14","Lasioglossum.morio","Astragalus.glycyphyllos"
"14","Lasioglossum.pauxillum","Astragalus.glycyphyllos"
"14","Melanostoma.spec","Astragalus.glycyphyllos"
"14","Myathropa.florea","Astragalus.glycyphyllos"
"14","Osmia.bicolor","Astragalus.glycyphyllos"
"14","Paragus.spec","Astragalus.glycyphyllos"
"14","Pipizella.spec","Astragalus.glycyphyllos"
"14","Scaeva.pyrastri","Astragalus.glycyphyllos"
"14","Sphaerophoria.spec","Astragalus.glycyphyllos"
"14","Sphecodes.ephippius","Astragalus.glycyphyllos"
"14","Sphecodes.rufiventris","Astragalus.glycyphyllos"
"14","Syritta.pipiens","Astragalus.glycyphyllos"
"14","Syrphus.ribesii","Astragalus.glycyphyllos"
"14","Syrphus.torvus","Astragalus.glycyphyllos"
"14","Syrphus.vitripennis","Astragalus.glycyphyllos"
"14","Andrena.flavipes","Campanula.rotundifolia"
"14","Bombus.lapidarius","Campanula.rotundifolia"
"14","Bombus.pascuorum","Campanula.rotundifolia"
"14","Bombus.terrestris.agg","Campanula.rotundifolia"
"14","Chrysotoxum.bicinctum","Campanula.rotundifolia"
"14","Epistrophe.grossulariae","Campanula.rotundifolia"
"14","Episyrphus.balteatus","Campanula.rotundifolia"
"14","Eristalis.arbustorum","Campanula.rotundifolia"
"14","Eristalis.interrupta","Campanula.rotundifolia"
"14","Eristalis.pertinax","Campanula.rotundifolia"
"14","Eristalis.tenax","Campanula.rotundifolia"
"14","Eupeodes.corollae","Campanula.rotundifolia"
"14","Eupeodes.luniger","Campanula.rotundifolia"
"14","Halictus.tumulorum","Campanula.rotundifolia"
"14","Helophilus.hybridus","Campanula.rotundifolia"
"14","Helophilus.pendulus","Campanula.rotundifolia"
"14","Helophilus.trivittatus","Campanula.rotundifolia"
"14","Hylaeus.communis","Campanula.rotundifolia"
"14","Hylaeus.confusus","Campanula.rotundifolia"
"14","Lasioglossum.albipes","Campanula.rotundifolia"
"14","Lasioglossum.calceatum","Campanula.rotundifolia"
"14","Lasioglossum.morio","Campanula.rotundifolia"
"14","Lasioglossum.pauxillum","Campanula.rotundifolia"
"14","Melanostoma.spec","Campanula.rotundifolia"
"14","Myathropa.florea","Campanula.rotundifolia"
"14","Osmia.bicolor","Campanula.rotundifolia"
"14","Paragus.spec","Campanula.rotundifolia"
"14","Pipizella.spec","Campanula.rotundifolia"
"14","Scaeva.pyrastri","Campanula.rotundifolia"
"14","Sphaerophoria.spec","Campanula.rotundifolia"
"14","Sphecodes.ephippius","Campanula.rotundifolia"
"14","Sphecodes.rufiventris","Campanula.rotundifolia"
"14","Syritta.pipiens","Campanula.rotundifolia"
"14","Syrphus.ribesii","Campanula.rotundifolia"
"14","Syrphus.torvus","Campanula.rotundifolia"
"14","Syrphus.vitripennis","Campanula.rotundifolia"
"14","Andrena.flavipes","Centaurea.scabiosa"
"14","Bombus.lapidarius","Centaurea.scabiosa"
"14","Bombus.pascuorum","Centaurea.scabiosa"
"14","Bombus.terrestris.agg","Centaurea.scabiosa"
"14","Chrysotoxum.bicinctum","Centaurea.scabiosa"
"14","Epistrophe.grossulariae","Centaurea.scabiosa"
"14","Episyrphus.balteatus","Centaurea.scabiosa"
"14","Eristalis.arbustorum","Centaurea.scabiosa"
"14","Eristalis.interrupta","Centaurea.scabiosa"
"14","Eristalis.pertinax","Centaurea.scabiosa"
"14","Eristalis.tenax","Centaurea.scabiosa"
"14","Eupeodes.corollae","Centaurea.scabiosa"
"14","Eupeodes.luniger","Centaurea.scabiosa"
"14","Halictus.tumulorum","Centaurea.scabiosa"
"14","Helophilus.hybridus","Centaurea.scabiosa"
"14","Helophilus.pendulus","Centaurea.scabiosa"
"14","Helophilus.trivittatus","Centaurea.scabiosa"
"14","Hylaeus.communis","Centaurea.scabiosa"
"14","Hylaeus.confusus","Centaurea.scabiosa"
"14","Lasioglossum.albipes","Centaurea.scabiosa"
"14","Lasioglossum.calceatum","Centaurea.scabiosa"
"14","Lasioglossum.morio","Centaurea.scabiosa"
"14","Lasioglossum.pauxillum","Centaurea.scabiosa"
"14","Melanostoma.spec","Centaurea.scabiosa"
"14","Myathropa.florea","Centaurea.scabiosa"
"14","Osmia.bicolor","Centaurea.scabiosa"
"14","Paragus.spec","Centaurea.scabiosa"
"14","Pipizella.spec","Centaurea.scabiosa"
"14","Scaeva.pyrastri","Centaurea.scabiosa"
"14","Sphaerophoria.spec","Centaurea.scabiosa"
"14","Sphecodes.ephippius","Centaurea.scabiosa"
"14","Sphecodes.rufiventris","Centaurea.scabiosa"
"14","Syritta.pipiens","Centaurea.scabiosa"
"14","Syrphus.ribesii","Centaurea.scabiosa"
"14","Syrphus.torvus","Centaurea.scabiosa"
"14","Syrphus.vitripennis","Centaurea.scabiosa"
"14","Andrena.flavipes","Cirsium.arvense"
"14","Bombus.lapidarius","Cirsium.arvense"
"14","Bombus.pascuorum","Cirsium.arvense"
"14","Bombus.terrestris.agg","Cirsium.arvense"
"14","Chrysotoxum.bicinctum","Cirsium.arvense"
"14","Epistrophe.grossulariae","Cirsium.arvense"
"14","Episyrphus.balteatus","Cirsium.arvense"
"14","Eristalis.arbustorum","Cirsium.arvense"
"14","Eristalis.interrupta","Cirsium.arvense"
"14","Eristalis.pertinax","Cirsium.arvense"
"14","Eristalis.tenax","Cirsium.arvense"
"14","Eupeodes.corollae","Cirsium.arvense"
"14","Eupeodes.luniger","Cirsium.arvense"
"14","Halictus.tumulorum","Cirsium.arvense"
"14","Helophilus.hybridus","Cirsium.arvense"
"14","Helophilus.pendulus","Cirsium.arvense"
"14","Helophilus.trivittatus","Cirsium.arvense"
"14","Hylaeus.communis","Cirsium.arvense"
"14","Hylaeus.confusus","Cirsium.arvense"
"14","Lasioglossum.albipes","Cirsium.arvense"
"14","Lasioglossum.calceatum","Cirsium.arvense"
"14","Lasioglossum.morio","Cirsium.arvense"
"14","Lasioglossum.pauxillum","Cirsium.arvense"
"14","Melanostoma.spec","Cirsium.arvense"
"14","Myathropa.florea","Cirsium.arvense"
"14","Osmia.bicolor","Cirsium.arvense"
"14","Paragus.spec","Cirsium.arvense"
"14","Pipizella.spec","Cirsium.arvense"
"14","Scaeva.pyrastri","Cirsium.arvense"
"14","Sphaerophoria.spec","Cirsium.arvense"
"14","Sphecodes.ephippius","Cirsium.arvense"
"14","Sphecodes.rufiventris","Cirsium.arvense"
"14","Syritta.pipiens","Cirsium.arvense"
"14","Syrphus.ribesii","Cirsium.arvense"
"14","Syrphus.torvus","Cirsium.arvense"
"14","Syrphus.vitripennis","Cirsium.arvense"
"14","Andrena.flavipes","Clinopodium.vulgare"
"14","Bombus.lapidarius","Clinopodium.vulgare"
"14","Bombus.pascuorum","Clinopodium.vulgare"
"14","Bombus.terrestris.agg","Clinopodium.vulgare"
"14","Chrysotoxum.bicinctum","Clinopodium.vulgare"
"14","Epistrophe.grossulariae","Clinopodium.vulgare"
"14","Episyrphus.balteatus","Clinopodium.vulgare"
"14","Eristalis.arbustorum","Clinopodium.vulgare"
"14","Eristalis.interrupta","Clinopodium.vulgare"
"14","Eristalis.pertinax","Clinopodium.vulgare"
"14","Eristalis.tenax","Clinopodium.vulgare"
"14","Eupeodes.corollae","Clinopodium.vulgare"
"14","Eupeodes.luniger","Clinopodium.vulgare"
"14","Halictus.tumulorum","Clinopodium.vulgare"
"14","Helophilus.hybridus","Clinopodium.vulgare"
"14","Helophilus.pendulus","Clinopodium.vulgare"
"14","Helophilus.trivittatus","Clinopodium.vulgare"
"14","Hylaeus.communis","Clinopodium.vulgare"
"14","Hylaeus.confusus","Clinopodium.vulgare"
"14","Lasioglossum.albipes","Clinopodium.vulgare"
"14","Lasioglossum.calceatum","Clinopodium.vulgare"
"14","Lasioglossum.morio","Clinopodium.vulgare"
"14","Lasioglossum.pauxillum","Clinopodium.vulgare"
"14","Melanostoma.spec","Clinopodium.vulgare"
"14","Myathropa.florea","Clinopodium.vulgare"
"14","Osmia.bicolor","Clinopodium.vulgare"
"14","Paragus.spec","Clinopodium.vulgare"
"14","Pipizella.spec","Clinopodium.vulgare"
"14","Scaeva.pyrastri","Clinopodium.vulgare"
"14","Sphaerophoria.spec","Clinopodium.vulgare"
"14","Sphecodes.ephippius","Clinopodium.vulgare"
"14","Sphecodes.rufiventris","Clinopodium.vulgare"
"14","Syritta.pipiens","Clinopodium.vulgare"
"14","Syrphus.ribesii","Clinopodium.vulgare"
"14","Syrphus.torvus","Clinopodium.vulgare"
"14","Syrphus.vitripennis","Clinopodium.vulgare"
"14","Andrena.flavipes","Convolvulus.arvensis"
"14","Bombus.lapidarius","Convolvulus.arvensis"
"14","Bombus.pascuorum","Convolvulus.arvensis"
"14","Bombus.terrestris.agg","Convolvulus.arvensis"
"14","Chrysotoxum.bicinctum","Convolvulus.arvensis"
"14","Epistrophe.grossulariae","Convolvulus.arvensis"
"14","Episyrphus.balteatus","Convolvulus.arvensis"
"14","Eristalis.arbustorum","Convolvulus.arvensis"
"14","Eristalis.interrupta","Convolvulus.arvensis"
"14","Eristalis.pertinax","Convolvulus.arvensis"
"14","Eristalis.tenax","Convolvulus.arvensis"
"14","Eupeodes.corollae","Convolvulus.arvensis"
"14","Eupeodes.luniger","Convolvulus.arvensis"
"14","Halictus.tumulorum","Convolvulus.arvensis"
"14","Helophilus.hybridus","Convolvulus.arvensis"
"14","Helophilus.pendulus","Convolvulus.arvensis"
"14","Helophilus.trivittatus","Convolvulus.arvensis"
"14","Hylaeus.communis","Convolvulus.arvensis"
"14","Hylaeus.confusus","Convolvulus.arvensis"
"14","Lasioglossum.albipes","Convolvulus.arvensis"
"14","Lasioglossum.calceatum","Convolvulus.arvensis"
"14","Lasioglossum.morio","Convolvulus.arvensis"
"14","Lasioglossum.pauxillum","Convolvulus.arvensis"
"14","Melanostoma.spec","Convolvulus.arvensis"
"14","Myathropa.florea","Convolvulus.arvensis"
"14","Osmia.bicolor","Convolvulus.arvensis"
"14","Paragus.spec","Convolvulus.arvensis"
"14","Pipizella.spec","Convolvulus.arvensis"
"14","Scaeva.pyrastri","Convolvulus.arvensis"
"14","Sphaerophoria.spec","Convolvulus.arvensis"
"14","Sphecodes.ephippius","Convolvulus.arvensis"
"14","Sphecodes.rufiventris","Convolvulus.arvensis"
"14","Syritta.pipiens","Convolvulus.arvensis"
"14","Syrphus.ribesii","Convolvulus.arvensis"
"14","Syrphus.torvus","Convolvulus.arvensis"
"14","Syrphus.vitripennis","Convolvulus.arvensis"
"14","Andrena.flavipes","Daucus.carota"
"14","Bombus.lapidarius","Daucus.carota"
"14","Bombus.pascuorum","Daucus.carota"
"14","Bombus.terrestris.agg","Daucus.carota"
"14","Chrysotoxum.bicinctum","Daucus.carota"
"14","Epistrophe.grossulariae","Daucus.carota"
"14","Episyrphus.balteatus","Daucus.carota"
"14","Eristalis.arbustorum","Daucus.carota"
"14","Eristalis.interrupta","Daucus.carota"
"14","Eristalis.pertinax","Daucus.carota"
"14","Eristalis.tenax","Daucus.carota"
"14","Eupeodes.corollae","Daucus.carota"
"14","Eupeodes.luniger","Daucus.carota"
"14","Halictus.tumulorum","Daucus.carota"
"14","Helophilus.hybridus","Daucus.carota"
"14","Helophilus.pendulus","Daucus.carota"
"14","Helophilus.trivittatus","Daucus.carota"
"14","Hylaeus.communis","Daucus.carota"
"14","Hylaeus.confusus","Daucus.carota"
"14","Lasioglossum.albipes","Daucus.carota"
"14","Lasioglossum.calceatum","Daucus.carota"
"14","Lasioglossum.morio","Daucus.carota"
"14","Lasioglossum.pauxillum","Daucus.carota"
"14","Melanostoma.spec","Daucus.carota"
"14","Myathropa.florea","Daucus.carota"
"14","Osmia.bicolor","Daucus.carota"
"14","Paragus.spec","Daucus.carota"
"14","Pipizella.spec","Daucus.carota"
"14","Scaeva.pyrastri","Daucus.carota"
"14","Sphaerophoria.spec","Daucus.carota"
"14","Sphecodes.ephippius","Daucus.carota"
"14","Sphecodes.rufiventris","Daucus.carota"
"14","Syritta.pipiens","Daucus.carota"
"14","Syrphus.ribesii","Daucus.carota"
"14","Syrphus.torvus","Daucus.carota"
"14","Syrphus.vitripennis","Daucus.carota"
"14","Andrena.flavipes","Echium.vulgare"
"14","Bombus.lapidarius","Echium.vulgare"
"14","Bombus.pascuorum","Echium.vulgare"
"14","Bombus.terrestris.agg","Echium.vulgare"
"14","Chrysotoxum.bicinctum","Echium.vulgare"
"14","Epistrophe.grossulariae","Echium.vulgare"
"14","Episyrphus.balteatus","Echium.vulgare"
"14","Eristalis.arbustorum","Echium.vulgare"
"14","Eristalis.interrupta","Echium.vulgare"
"14","Eristalis.pertinax","Echium.vulgare"
"14","Eristalis.tenax","Echium.vulgare"
"14","Eupeodes.corollae","Echium.vulgare"
"14","Eupeodes.luniger","Echium.vulgare"
"14","Halictus.tumulorum","Echium.vulgare"
"14","Helophilus.hybridus","Echium.vulgare"
"14","Helophilus.pendulus","Echium.vulgare"
"14","Helophilus.trivittatus","Echium.vulgare"
"14","Hylaeus.communis","Echium.vulgare"
"14","Hylaeus.confusus","Echium.vulgare"
"14","Lasioglossum.albipes","Echium.vulgare"
"14","Lasioglossum.calceatum","Echium.vulgare"
"14","Lasioglossum.morio","Echium.vulgare"
"14","Lasioglossum.pauxillum","Echium.vulgare"
"14","Melanostoma.spec","Echium.vulgare"
"14","Myathropa.florea","Echium.vulgare"
"14","Osmia.bicolor","Echium.vulgare"
"14","Paragus.spec","Echium.vulgare"
"14","Pipizella.spec","Echium.vulgare"
"14","Scaeva.pyrastri","Echium.vulgare"
"14","Sphaerophoria.spec","Echium.vulgare"
"14","Sphecodes.ephippius","Echium.vulgare"
"14","Sphecodes.rufiventris","Echium.vulgare"
"14","Syritta.pipiens","Echium.vulgare"
"14","Syrphus.ribesii","Echium.vulgare"
"14","Syrphus.torvus","Echium.vulgare"
"14","Syrphus.vitripennis","Echium.vulgare"
"14","Andrena.flavipes","Galium.mollugo"
"14","Bombus.lapidarius","Galium.mollugo"
"14","Bombus.pascuorum","Galium.mollugo"
"14","Bombus.terrestris.agg","Galium.mollugo"
"14","Chrysotoxum.bicinctum","Galium.mollugo"
"14","Epistrophe.grossulariae","Galium.mollugo"
"14","Episyrphus.balteatus","Galium.mollugo"
"14","Eristalis.arbustorum","Galium.mollugo"
"14","Eristalis.interrupta","Galium.mollugo"
"14","Eristalis.pertinax","Galium.mollugo"
"14","Eristalis.tenax","Galium.mollugo"
"14","Eupeodes.corollae","Galium.mollugo"
"14","Eupeodes.luniger","Galium.mollugo"
"14","Halictus.tumulorum","Galium.mollugo"
"14","Helophilus.hybridus","Galium.mollugo"
"14","Helophilus.pendulus","Galium.mollugo"
"14","Helophilus.trivittatus","Galium.mollugo"
"14","Hylaeus.communis","Galium.mollugo"
"14","Hylaeus.confusus","Galium.mollugo"
"14","Lasioglossum.albipes","Galium.mollugo"
"14","Lasioglossum.calceatum","Galium.mollugo"
"14","Lasioglossum.morio","Galium.mollugo"
"14","Lasioglossum.pauxillum","Galium.mollugo"
"14","Melanostoma.spec","Galium.mollugo"
"14","Myathropa.florea","Galium.mollugo"
"14","Osmia.bicolor","Galium.mollugo"
"14","Paragus.spec","Galium.mollugo"
"14","Pipizella.spec","Galium.mollugo"
"14","Scaeva.pyrastri","Galium.mollugo"
"14","Sphaerophoria.spec","Galium.mollugo"
"14","Sphecodes.ephippius","Galium.mollugo"
"14","Sphecodes.rufiventris","Galium.mollugo"
"14","Syritta.pipiens","Galium.mollugo"
"14","Syrphus.ribesii","Galium.mollugo"
"14","Syrphus.torvus","Galium.mollugo"
"14","Syrphus.vitripennis","Galium.mollugo"
"14","Andrena.flavipes","Galium.verum"
"14","Bombus.lapidarius","Galium.verum"
"14","Bombus.pascuorum","Galium.verum"
"14","Bombus.terrestris.agg","Galium.verum"
"14","Chrysotoxum.bicinctum","Galium.verum"
"14","Epistrophe.grossulariae","Galium.verum"
"14","Episyrphus.balteatus","Galium.verum"
"14","Eristalis.arbustorum","Galium.verum"
"14","Eristalis.interrupta","Galium.verum"
"14","Eristalis.pertinax","Galium.verum"
"14","Eristalis.tenax","Galium.verum"
"14","Eupeodes.corollae","Galium.verum"
"14","Eupeodes.luniger","Galium.verum"
"14","Halictus.tumulorum","Galium.verum"
"14","Helophilus.hybridus","Galium.verum"
"14","Helophilus.pendulus","Galium.verum"
"14","Helophilus.trivittatus","Galium.verum"
"14","Hylaeus.communis","Galium.verum"
"14","Hylaeus.confusus","Galium.verum"
"14","Lasioglossum.albipes","Galium.verum"
"14","Lasioglossum.calceatum","Galium.verum"
"14","Lasioglossum.morio","Galium.verum"
"14","Lasioglossum.pauxillum","Galium.verum"
"14","Melanostoma.spec","Galium.verum"
"14","Myathropa.florea","Galium.verum"
"14","Osmia.bicolor","Galium.verum"
"14","Paragus.spec","Galium.verum"
"14","Pipizella.spec","Galium.verum"
"14","Scaeva.pyrastri","Galium.verum"
"14","Sphaerophoria.spec","Galium.verum"
"14","Sphecodes.ephippius","Galium.verum"
"14","Sphecodes.rufiventris","Galium.verum"
"14","Syritta.pipiens","Galium.verum"
"14","Syrphus.ribesii","Galium.verum"
"14","Syrphus.torvus","Galium.verum"
"14","Syrphus.vitripennis","Galium.verum"
"14","Andrena.flavipes","Hypericum.perforatum"
"14","Bombus.lapidarius","Hypericum.perforatum"
"14","Bombus.pascuorum","Hypericum.perforatum"
"14","Bombus.terrestris.agg","Hypericum.perforatum"
"14","Chrysotoxum.bicinctum","Hypericum.perforatum"
"14","Epistrophe.grossulariae","Hypericum.perforatum"
"14","Episyrphus.balteatus","Hypericum.perforatum"
"14","Eristalis.arbustorum","Hypericum.perforatum"
"14","Eristalis.interrupta","Hypericum.perforatum"
"14","Eristalis.pertinax","Hypericum.perforatum"
"14","Eristalis.tenax","Hypericum.perforatum"
"14","Eupeodes.corollae","Hypericum.perforatum"
"14","Eupeodes.luniger","Hypericum.perforatum"
"14","Halictus.tumulorum","Hypericum.perforatum"
"14","Helophilus.hybridus","Hypericum.perforatum"
"14","Helophilus.pendulus","Hypericum.perforatum"
"14","Helophilus.trivittatus","Hypericum.perforatum"
"14","Hylaeus.communis","Hypericum.perforatum"
"14","Hylaeus.confusus","Hypericum.perforatum"
"14","Lasioglossum.albipes","Hypericum.perforatum"
"14","Lasioglossum.calceatum","Hypericum.perforatum"
"14","Lasioglossum.morio","Hypericum.perforatum"
"14","Lasioglossum.pauxillum","Hypericum.perforatum"
"14","Melanostoma.spec","Hypericum.perforatum"
"14","Myathropa.florea","Hypericum.perforatum"
"14","Osmia.bicolor","Hypericum.perforatum"
"14","Paragus.spec","Hypericum.perforatum"
"14","Pipizella.spec","Hypericum.perforatum"
"14","Scaeva.pyrastri","Hypericum.perforatum"
"14","Sphaerophoria.spec","Hypericum.perforatum"
"14","Sphecodes.ephippius","Hypericum.perforatum"
"14","Sphecodes.rufiventris","Hypericum.perforatum"
"14","Syritta.pipiens","Hypericum.perforatum"
"14","Syrphus.ribesii","Hypericum.perforatum"
"14","Syrphus.torvus","Hypericum.perforatum"
"14","Syrphus.vitripennis","Hypericum.perforatum"
"14","Andrena.flavipes","Knautia.arvensis"
"14","Bombus.lapidarius","Knautia.arvensis"
"14","Bombus.pascuorum","Knautia.arvensis"
"14","Bombus.terrestris.agg","Knautia.arvensis"
"14","Chrysotoxum.bicinctum","Knautia.arvensis"
"14","Epistrophe.grossulariae","Knautia.arvensis"
"14","Episyrphus.balteatus","Knautia.arvensis"
"14","Eristalis.arbustorum","Knautia.arvensis"
"14","Eristalis.interrupta","Knautia.arvensis"
"14","Eristalis.pertinax","Knautia.arvensis"
"14","Eristalis.tenax","Knautia.arvensis"
"14","Eupeodes.corollae","Knautia.arvensis"
"14","Eupeodes.luniger","Knautia.arvensis"
"14","Halictus.tumulorum","Knautia.arvensis"
"14","Helophilus.hybridus","Knautia.arvensis"
"14","Helophilus.pendulus","Knautia.arvensis"
"14","Helophilus.trivittatus","Knautia.arvensis"
"14","Hylaeus.communis","Knautia.arvensis"
"14","Hylaeus.confusus","Knautia.arvensis"
"14","Lasioglossum.albipes","Knautia.arvensis"
"14","Lasioglossum.calceatum","Knautia.arvensis"
"14","Lasioglossum.morio","Knautia.arvensis"
"14","Lasioglossum.pauxillum","Knautia.arvensis"
"14","Melanostoma.spec","Knautia.arvensis"
"14","Myathropa.florea","Knautia.arvensis"
"14","Osmia.bicolor","Knautia.arvensis"
"14","Paragus.spec","Knautia.arvensis"
"14","Pipizella.spec","Knautia.arvensis"
"14","Scaeva.pyrastri","Knautia.arvensis"
"14","Sphaerophoria.spec","Knautia.arvensis"
"14","Sphecodes.ephippius","Knautia.arvensis"
"14","Sphecodes.rufiventris","Knautia.arvensis"
"14","Syritta.pipiens","Knautia.arvensis"
"14","Syrphus.ribesii","Knautia.arvensis"
"14","Syrphus.torvus","Knautia.arvensis"
"14","Syrphus.vitripennis","Knautia.arvensis"
"14","Andrena.flavipes","Leucanthemum.vulgare"
"14","Bombus.lapidarius","Leucanthemum.vulgare"
"14","Bombus.pascuorum","Leucanthemum.vulgare"
"14","Bombus.terrestris.agg","Leucanthemum.vulgare"
"14","Chrysotoxum.bicinctum","Leucanthemum.vulgare"
"14","Epistrophe.grossulariae","Leucanthemum.vulgare"
"14","Episyrphus.balteatus","Leucanthemum.vulgare"
"14","Eristalis.arbustorum","Leucanthemum.vulgare"
"14","Eristalis.interrupta","Leucanthemum.vulgare"
"14","Eristalis.pertinax","Leucanthemum.vulgare"
"14","Eristalis.tenax","Leucanthemum.vulgare"
"14","Eupeodes.corollae","Leucanthemum.vulgare"
"14","Eupeodes.luniger","Leucanthemum.vulgare"
"14","Halictus.tumulorum","Leucanthemum.vulgare"
"14","Helophilus.hybridus","Leucanthemum.vulgare"
"14","Helophilus.pendulus","Leucanthemum.vulgare"
"14","Helophilus.trivittatus","Leucanthemum.vulgare"
"14","Hylaeus.communis","Leucanthemum.vulgare"
"14","Hylaeus.confusus","Leucanthemum.vulgare"
"14","Lasioglossum.albipes","Leucanthemum.vulgare"
"14","Lasioglossum.calceatum","Leucanthemum.vulgare"
"14","Lasioglossum.morio","Leucanthemum.vulgare"
"14","Lasioglossum.pauxillum","Leucanthemum.vulgare"
"14","Melanostoma.spec","Leucanthemum.vulgare"
"14","Myathropa.florea","Leucanthemum.vulgare"
"14","Osmia.bicolor","Leucanthemum.vulgare"
"14","Paragus.spec","Leucanthemum.vulgare"
"14","Pipizella.spec","Leucanthemum.vulgare"
"14","Scaeva.pyrastri","Leucanthemum.vulgare"
"14","Sphaerophoria.spec","Leucanthemum.vulgare"
"14","Sphecodes.ephippius","Leucanthemum.vulgare"
"14","Sphecodes.rufiventris","Leucanthemum.vulgare"
"14","Syritta.pipiens","Leucanthemum.vulgare"
"14","Syrphus.ribesii","Leucanthemum.vulgare"
"14","Syrphus.torvus","Leucanthemum.vulgare"
"14","Syrphus.vitripennis","Leucanthemum.vulgare"
"14","Andrena.flavipes","Lotus.corniculatus"
"14","Bombus.lapidarius","Lotus.corniculatus"
"14","Bombus.pascuorum","Lotus.corniculatus"
"14","Bombus.terrestris.agg","Lotus.corniculatus"
"14","Chrysotoxum.bicinctum","Lotus.corniculatus"
"14","Epistrophe.grossulariae","Lotus.corniculatus"
"14","Episyrphus.balteatus","Lotus.corniculatus"
"14","Eristalis.arbustorum","Lotus.corniculatus"
"14","Eristalis.interrupta","Lotus.corniculatus"
"14","Eristalis.pertinax","Lotus.corniculatus"
"14","Eristalis.tenax","Lotus.corniculatus"
"14","Eupeodes.corollae","Lotus.corniculatus"
"14","Eupeodes.luniger","Lotus.corniculatus"
"14","Halictus.tumulorum","Lotus.corniculatus"
"14","Helophilus.hybridus","Lotus.corniculatus"
"14","Helophilus.pendulus","Lotus.corniculatus"
"14","Helophilus.trivittatus","Lotus.corniculatus"
"14","Hylaeus.communis","Lotus.corniculatus"
"14","Hylaeus.confusus","Lotus.corniculatus"
"14","Lasioglossum.albipes","Lotus.corniculatus"
"14","Lasioglossum.calceatum","Lotus.corniculatus"
"14","Lasioglossum.morio","Lotus.corniculatus"
"14","Lasioglossum.pauxillum","Lotus.corniculatus"
"14","Melanostoma.spec","Lotus.corniculatus"
"14","Myathropa.florea","Lotus.corniculatus"
"14","Osmia.bicolor","Lotus.corniculatus"
"14","Paragus.spec","Lotus.corniculatus"
"14","Pipizella.spec","Lotus.corniculatus"
"14","Scaeva.pyrastri","Lotus.corniculatus"
"14","Sphaerophoria.spec","Lotus.corniculatus"
"14","Sphecodes.ephippius","Lotus.corniculatus"
"14","Sphecodes.rufiventris","Lotus.corniculatus"
"14","Syritta.pipiens","Lotus.corniculatus"
"14","Syrphus.ribesii","Lotus.corniculatus"
"14","Syrphus.torvus","Lotus.corniculatus"
"14","Syrphus.vitripennis","Lotus.corniculatus"
"14","Andrena.flavipes","Pastinaca.sativa"
"14","Bombus.lapidarius","Pastinaca.sativa"
"14","Bombus.pascuorum","Pastinaca.sativa"
"14","Bombus.terrestris.agg","Pastinaca.sativa"
"14","Chrysotoxum.bicinctum","Pastinaca.sativa"
"14","Epistrophe.grossulariae","Pastinaca.sativa"
"14","Episyrphus.balteatus","Pastinaca.sativa"
"14","Eristalis.arbustorum","Pastinaca.sativa"
"14","Eristalis.interrupta","Pastinaca.sativa"
"14","Eristalis.pertinax","Pastinaca.sativa"
"14","Eristalis.tenax","Pastinaca.sativa"
"14","Eupeodes.corollae","Pastinaca.sativa"
"14","Eupeodes.luniger","Pastinaca.sativa"
"14","Halictus.tumulorum","Pastinaca.sativa"
"14","Helophilus.hybridus","Pastinaca.sativa"
"14","Helophilus.pendulus","Pastinaca.sativa"
"14","Helophilus.trivittatus","Pastinaca.sativa"
"14","Hylaeus.communis","Pastinaca.sativa"
"14","Hylaeus.confusus","Pastinaca.sativa"
"14","Lasioglossum.albipes","Pastinaca.sativa"
"14","Lasioglossum.calceatum","Pastinaca.sativa"
"14","Lasioglossum.morio","Pastinaca.sativa"
"14","Lasioglossum.pauxillum","Pastinaca.sativa"
"14","Melanostoma.spec","Pastinaca.sativa"
"14","Myathropa.florea","Pastinaca.sativa"
"14","Osmia.bicolor","Pastinaca.sativa"
"14","Paragus.spec","Pastinaca.sativa"
"14","Pipizella.spec","Pastinaca.sativa"
"14","Scaeva.pyrastri","Pastinaca.sativa"
"14","Sphaerophoria.spec","Pastinaca.sativa"
"14","Sphecodes.ephippius","Pastinaca.sativa"
"14","Sphecodes.rufiventris","Pastinaca.sativa"
"14","Syritta.pipiens","Pastinaca.sativa"
"14","Syrphus.ribesii","Pastinaca.sativa"
"14","Syrphus.torvus","Pastinaca.sativa"
"14","Syrphus.vitripennis","Pastinaca.sativa"
"14","Andrena.flavipes","Pimpinella.saxifraga"
"14","Bombus.lapidarius","Pimpinella.saxifraga"
"14","Bombus.pascuorum","Pimpinella.saxifraga"
"14","Bombus.terrestris.agg","Pimpinella.saxifraga"
"14","Chrysotoxum.bicinctum","Pimpinella.saxifraga"
"14","Epistrophe.grossulariae","Pimpinella.saxifraga"
"14","Episyrphus.balteatus","Pimpinella.saxifraga"
"14","Eristalis.arbustorum","Pimpinella.saxifraga"
"14","Eristalis.interrupta","Pimpinella.saxifraga"
"14","Eristalis.pertinax","Pimpinella.saxifraga"
"14","Eristalis.tenax","Pimpinella.saxifraga"
"14","Eupeodes.corollae","Pimpinella.saxifraga"
"14","Eupeodes.luniger","Pimpinella.saxifraga"
"14","Halictus.tumulorum","Pimpinella.saxifraga"
"14","Helophilus.hybridus","Pimpinella.saxifraga"
"14","Helophilus.pendulus","Pimpinella.saxifraga"
"14","Helophilus.trivittatus","Pimpinella.saxifraga"
"14","Hylaeus.communis","Pimpinella.saxifraga"
"14","Hylaeus.confusus","Pimpinella.saxifraga"
"14","Lasioglossum.albipes","Pimpinella.saxifraga"
"14","Lasioglossum.calceatum","Pimpinella.saxifraga"
"14","Lasioglossum.morio","Pimpinella.saxifraga"
"14","Lasioglossum.pauxillum","Pimpinella.saxifraga"
"14","Melanostoma.spec","Pimpinella.saxifraga"
"14","Myathropa.florea","Pimpinella.saxifraga"
"14","Osmia.bicolor","Pimpinella.saxifraga"
"14","Paragus.spec","Pimpinella.saxifraga"
"14","Pipizella.spec","Pimpinella.saxifraga"
"14","Scaeva.pyrastri","Pimpinella.saxifraga"
"14","Sphaerophoria.spec","Pimpinella.saxifraga"
"14","Sphecodes.ephippius","Pimpinella.saxifraga"
"14","Sphecodes.rufiventris","Pimpinella.saxifraga"
"14","Syritta.pipiens","Pimpinella.saxifraga"
"14","Syrphus.ribesii","Pimpinella.saxifraga"
"14","Syrphus.torvus","Pimpinella.saxifraga"
"14","Syrphus.vitripennis","Pimpinella.saxifraga"
"14","Andrena.flavipes","Ranunculus.bulbosus"
"14","Bombus.lapidarius","Ranunculus.bulbosus"
"14","Bombus.pascuorum","Ranunculus.bulbosus"
"14","Bombus.terrestris.agg","Ranunculus.bulbosus"
"14","Chrysotoxum.bicinctum","Ranunculus.bulbosus"
"14","Epistrophe.grossulariae","Ranunculus.bulbosus"
"14","Episyrphus.balteatus","Ranunculus.bulbosus"
"14","Eristalis.arbustorum","Ranunculus.bulbosus"
"14","Eristalis.interrupta","Ranunculus.bulbosus"
"14","Eristalis.pertinax","Ranunculus.bulbosus"
"14","Eristalis.tenax","Ranunculus.bulbosus"
"14","Eupeodes.corollae","Ranunculus.bulbosus"
"14","Eupeodes.luniger","Ranunculus.bulbosus"
"14","Halictus.tumulorum","Ranunculus.bulbosus"
"14","Helophilus.hybridus","Ranunculus.bulbosus"
"14","Helophilus.pendulus","Ranunculus.bulbosus"
"14","Helophilus.trivittatus","Ranunculus.bulbosus"
"14","Hylaeus.communis","Ranunculus.bulbosus"
"14","Hylaeus.confusus","Ranunculus.bulbosus"
"14","Lasioglossum.albipes","Ranunculus.bulbosus"
"14","Lasioglossum.calceatum","Ranunculus.bulbosus"
"14","Lasioglossum.morio","Ranunculus.bulbosus"
"14","Lasioglossum.pauxillum","Ranunculus.bulbosus"
"14","Melanostoma.spec","Ranunculus.bulbosus"
"14","Myathropa.florea","Ranunculus.bulbosus"
"14","Osmia.bicolor","Ranunculus.bulbosus"
"14","Paragus.spec","Ranunculus.bulbosus"
"14","Pipizella.spec","Ranunculus.bulbosus"
"14","Scaeva.pyrastri","Ranunculus.bulbosus"
"14","Sphaerophoria.spec","Ranunculus.bulbosus"
"14","Sphecodes.ephippius","Ranunculus.bulbosus"
"14","Sphecodes.rufiventris","Ranunculus.bulbosus"
"14","Syritta.pipiens","Ranunculus.bulbosus"
"14","Syrphus.ribesii","Ranunculus.bulbosus"
"14","Syrphus.torvus","Ranunculus.bulbosus"
"14","Syrphus.vitripennis","Ranunculus.bulbosus"
"14","Andrena.flavipes","Senecio.erucifolius"
"14","Bombus.lapidarius","Senecio.erucifolius"
"14","Bombus.pascuorum","Senecio.erucifolius"
"14","Bombus.terrestris.agg","Senecio.erucifolius"
"14","Chrysotoxum.bicinctum","Senecio.erucifolius"
"14","Epistrophe.grossulariae","Senecio.erucifolius"
"14","Episyrphus.balteatus","Senecio.erucifolius"
"14","Eristalis.arbustorum","Senecio.erucifolius"
"14","Eristalis.interrupta","Senecio.erucifolius"
"14","Eristalis.pertinax","Senecio.erucifolius"
"14","Eristalis.tenax","Senecio.erucifolius"
"14","Eupeodes.corollae","Senecio.erucifolius"
"14","Eupeodes.luniger","Senecio.erucifolius"
"14","Halictus.tumulorum","Senecio.erucifolius"
"14","Helophilus.hybridus","Senecio.erucifolius"
"14","Helophilus.pendulus","Senecio.erucifolius"
"14","Helophilus.trivittatus","Senecio.erucifolius"
"14","Hylaeus.communis","Senecio.erucifolius"
"14","Hylaeus.confusus","Senecio.erucifolius"
"14","Lasioglossum.albipes","Senecio.erucifolius"
"14","Lasioglossum.calceatum","Senecio.erucifolius"
"14","Lasioglossum.morio","Senecio.erucifolius"
"14","Lasioglossum.pauxillum","Senecio.erucifolius"
"14","Melanostoma.spec","Senecio.erucifolius"
"14","Myathropa.florea","Senecio.erucifolius"
"14","Osmia.bicolor","Senecio.erucifolius"
"14","Paragus.spec","Senecio.erucifolius"
"14","Pipizella.spec","Senecio.erucifolius"
"14","Scaeva.pyrastri","Senecio.erucifolius"
"14","Sphaerophoria.spec","Senecio.erucifolius"
"14","Sphecodes.ephippius","Senecio.erucifolius"
"14","Sphecodes.rufiventris","Senecio.erucifolius"
"14","Syritta.pipiens","Senecio.erucifolius"
"14","Syrphus.ribesii","Senecio.erucifolius"
"14","Syrphus.torvus","Senecio.erucifolius"
"14","Syrphus.vitripennis","Senecio.erucifolius"
"14","Andrena.flavipes","Senecio.jacobaea"
"14","Bombus.lapidarius","Senecio.jacobaea"
"14","Bombus.pascuorum","Senecio.jacobaea"
"14","Bombus.terrestris.agg","Senecio.jacobaea"
"14","Chrysotoxum.bicinctum","Senecio.jacobaea"
"14","Epistrophe.grossulariae","Senecio.jacobaea"
"14","Episyrphus.balteatus","Senecio.jacobaea"
"14","Eristalis.arbustorum","Senecio.jacobaea"
"14","Eristalis.interrupta","Senecio.jacobaea"
"14","Eristalis.pertinax","Senecio.jacobaea"
"14","Eristalis.tenax","Senecio.jacobaea"
"14","Eupeodes.corollae","Senecio.jacobaea"
"14","Eupeodes.luniger","Senecio.jacobaea"
"14","Halictus.tumulorum","Senecio.jacobaea"
"14","Helophilus.hybridus","Senecio.jacobaea"
"14","Helophilus.pendulus","Senecio.jacobaea"
"14","Helophilus.trivittatus","Senecio.jacobaea"
"14","Hylaeus.communis","Senecio.jacobaea"
"14","Hylaeus.confusus","Senecio.jacobaea"
"14","Lasioglossum.albipes","Senecio.jacobaea"
"14","Lasioglossum.calceatum","Senecio.jacobaea"
"14","Lasioglossum.morio","Senecio.jacobaea"
"14","Lasioglossum.pauxillum","Senecio.jacobaea"
"14","Melanostoma.spec","Senecio.jacobaea"
"14","Myathropa.florea","Senecio.jacobaea"
"14","Osmia.bicolor","Senecio.jacobaea"
"14","Paragus.spec","Senecio.jacobaea"
"14","Pipizella.spec","Senecio.jacobaea"
"14","Scaeva.pyrastri","Senecio.jacobaea"
"14","Sphaerophoria.spec","Senecio.jacobaea"
"14","Sphecodes.ephippius","Senecio.jacobaea"
"14","Sphecodes.rufiventris","Senecio.jacobaea"
"14","Syritta.pipiens","Senecio.jacobaea"
"14","Syrphus.ribesii","Senecio.jacobaea"
"14","Syrphus.torvus","Senecio.jacobaea"
"14","Syrphus.vitripennis","Senecio.jacobaea"
"14","Andrena.flavipes","Stellaria.media"
"14","Bombus.lapidarius","Stellaria.media"
"14","Bombus.pascuorum","Stellaria.media"
"14","Bombus.terrestris.agg","Stellaria.media"
"14","Chrysotoxum.bicinctum","Stellaria.media"
"14","Epistrophe.grossulariae","Stellaria.media"
"14","Episyrphus.balteatus","Stellaria.media"
"14","Eristalis.arbustorum","Stellaria.media"
"14","Eristalis.interrupta","Stellaria.media"
"14","Eristalis.pertinax","Stellaria.media"
"14","Eristalis.tenax","Stellaria.media"
"14","Eupeodes.corollae","Stellaria.media"
"14","Eupeodes.luniger","Stellaria.media"
"14","Halictus.tumulorum","Stellaria.media"
"14","Helophilus.hybridus","Stellaria.media"
"14","Helophilus.pendulus","Stellaria.media"
"14","Helophilus.trivittatus","Stellaria.media"
"14","Hylaeus.communis","Stellaria.media"
"14","Hylaeus.confusus","Stellaria.media"
"14","Lasioglossum.albipes","Stellaria.media"
"14","Lasioglossum.calceatum","Stellaria.media"
"14","Lasioglossum.morio","Stellaria.media"
"14","Lasioglossum.pauxillum","Stellaria.media"
"14","Melanostoma.spec","Stellaria.media"
"14","Myathropa.florea","Stellaria.media"
"14","Osmia.bicolor","Stellaria.media"
"14","Paragus.spec","Stellaria.media"
"14","Pipizella.spec","Stellaria.media"
"14","Scaeva.pyrastri","Stellaria.media"
"14","Sphaerophoria.spec","Stellaria.media"
"14","Sphecodes.ephippius","Stellaria.media"
"14","Sphecodes.rufiventris","Stellaria.media"
"14","Syritta.pipiens","Stellaria.media"
"14","Syrphus.ribesii","Stellaria.media"
"14","Syrphus.torvus","Stellaria.media"
"14","Syrphus.vitripennis","Stellaria.media"
"14","Andrena.flavipes","Thymus.pulegioides"
"14","Bombus.lapidarius","Thymus.pulegioides"
"14","Bombus.pascuorum","Thymus.pulegioides"
"14","Bombus.terrestris.agg","Thymus.pulegioides"
"14","Chrysotoxum.bicinctum","Thymus.pulegioides"
"14","Epistrophe.grossulariae","Thymus.pulegioides"
"14","Episyrphus.balteatus","Thymus.pulegioides"
"14","Eristalis.arbustorum","Thymus.pulegioides"
"14","Eristalis.interrupta","Thymus.pulegioides"
"14","Eristalis.pertinax","Thymus.pulegioides"
"14","Eristalis.tenax","Thymus.pulegioides"
"14","Eupeodes.corollae","Thymus.pulegioides"
"14","Eupeodes.luniger","Thymus.pulegioides"
"14","Halictus.tumulorum","Thymus.pulegioides"
"14","Helophilus.hybridus","Thymus.pulegioides"
"14","Helophilus.pendulus","Thymus.pulegioides"
"14","Helophilus.trivittatus","Thymus.pulegioides"
"14","Hylaeus.communis","Thymus.pulegioides"
"14","Hylaeus.confusus","Thymus.pulegioides"
"14","Lasioglossum.albipes","Thymus.pulegioides"
"14","Lasioglossum.calceatum","Thymus.pulegioides"
"14","Lasioglossum.morio","Thymus.pulegioides"
"14","Lasioglossum.pauxillum","Thymus.pulegioides"
"14","Melanostoma.spec","Thymus.pulegioides"
"14","Myathropa.florea","Thymus.pulegioides"
"14","Osmia.bicolor","Thymus.pulegioides"
"14","Paragus.spec","Thymus.pulegioides"
"14","Pipizella.spec","Thymus.pulegioides"
"14","Scaeva.pyrastri","Thymus.pulegioides"
"14","Sphaerophoria.spec","Thymus.pulegioides"
"14","Sphecodes.ephippius","Thymus.pulegioides"
"14","Sphecodes.rufiventris","Thymus.pulegioides"
"14","Syritta.pipiens","Thymus.pulegioides"
"14","Syrphus.ribesii","Thymus.pulegioides"
"14","Syrphus.torvus","Thymus.pulegioides"
"14","Syrphus.vitripennis","Thymus.pulegioides"
"15","Andrena.minutuloides","Campanula.rotundifolia"
"15","Andrena.wilkella","Campanula.rotundifolia"
"15","Anthidium.manicatum","Campanula.rotundifolia"
"15","Bombus.lapidarius","Campanula.rotundifolia"
"15","Bombus.pascuorum","Campanula.rotundifolia"
"15","Bombus.terrestris.agg","Campanula.rotundifolia"
"15","Cheilosia.soror","Campanula.rotundifolia"
"15","Chelostoma.rapunculi","Campanula.rotundifolia"
"15","Episyrphus.balteatus","Campanula.rotundifolia"
"15","Eristalis.interrupta","Campanula.rotundifolia"
"15","Eristalis.pertinax","Campanula.rotundifolia"
"15","Eristalis.tenax","Campanula.rotundifolia"
"15","Eupeodes.lapponicus","Campanula.rotundifolia"
"15","Ferdinandea.cuprea","Campanula.rotundifolia"
"15","Helophilus.pendulus","Campanula.rotundifolia"
"15","Lasioglossum.calceatum","Campanula.rotundifolia"
"15","Lasioglossum.pauxillum","Campanula.rotundifolia"
"15","Lasioglossum.villosulum","Campanula.rotundifolia"
"15","Melanostoma.spec","Campanula.rotundifolia"
"15","Myathropa.florea","Campanula.rotundifolia"
"15","Osmia.aurulenta","Campanula.rotundifolia"
"15","Osmia.bicolor","Campanula.rotundifolia"
"15","Psithyrus.rupestris","Campanula.rotundifolia"
"15","Scaeva.pyrastri","Campanula.rotundifolia"
"15","Sphaerophoria.spec","Campanula.rotundifolia"
"15","Sphecodes.monilicornis","Campanula.rotundifolia"
"15","Syrphus.ribesii","Campanula.rotundifolia"
"15","Syrphus.vitripennis","Campanula.rotundifolia"
"15","Andrena.minutuloides","Centaurea.jacea"
"15","Andrena.wilkella","Centaurea.jacea"
"15","Anthidium.manicatum","Centaurea.jacea"
"15","Bombus.lapidarius","Centaurea.jacea"
"15","Bombus.pascuorum","Centaurea.jacea"
"15","Bombus.terrestris.agg","Centaurea.jacea"
"15","Cheilosia.soror","Centaurea.jacea"
"15","Chelostoma.rapunculi","Centaurea.jacea"
"15","Episyrphus.balteatus","Centaurea.jacea"
"15","Eristalis.interrupta","Centaurea.jacea"
"15","Eristalis.pertinax","Centaurea.jacea"
"15","Eristalis.tenax","Centaurea.jacea"
"15","Eupeodes.lapponicus","Centaurea.jacea"
"15","Ferdinandea.cuprea","Centaurea.jacea"
"15","Helophilus.pendulus","Centaurea.jacea"
"15","Lasioglossum.calceatum","Centaurea.jacea"
"15","Lasioglossum.pauxillum","Centaurea.jacea"
"15","Lasioglossum.villosulum","Centaurea.jacea"
"15","Melanostoma.spec","Centaurea.jacea"
"15","Myathropa.florea","Centaurea.jacea"
"15","Osmia.aurulenta","Centaurea.jacea"
"15","Osmia.bicolor","Centaurea.jacea"
"15","Psithyrus.rupestris","Centaurea.jacea"
"15","Scaeva.pyrastri","Centaurea.jacea"
"15","Sphaerophoria.spec","Centaurea.jacea"
"15","Sphecodes.monilicornis","Centaurea.jacea"
"15","Syrphus.ribesii","Centaurea.jacea"
"15","Syrphus.vitripennis","Centaurea.jacea"
"15","Andrena.minutuloides","Cichorium.intybus"
"15","Andrena.wilkella","Cichorium.intybus"
"15","Anthidium.manicatum","Cichorium.intybus"
"15","Bombus.lapidarius","Cichorium.intybus"
"15","Bombus.pascuorum","Cichorium.intybus"
"15","Bombus.terrestris.agg","Cichorium.intybus"
"15","Cheilosia.soror","Cichorium.intybus"
"15","Chelostoma.rapunculi","Cichorium.intybus"
"15","Episyrphus.balteatus","Cichorium.intybus"
"15","Eristalis.interrupta","Cichorium.intybus"
"15","Eristalis.pertinax","Cichorium.intybus"
"15","Eristalis.tenax","Cichorium.intybus"
"15","Eupeodes.lapponicus","Cichorium.intybus"
"15","Ferdinandea.cuprea","Cichorium.intybus"
"15","Helophilus.pendulus","Cichorium.intybus"
"15","Lasioglossum.calceatum","Cichorium.intybus"
"15","Lasioglossum.pauxillum","Cichorium.intybus"
"15","Lasioglossum.villosulum","Cichorium.intybus"
"15","Melanostoma.spec","Cichorium.intybus"
"15","Myathropa.florea","Cichorium.intybus"
"15","Osmia.aurulenta","Cichorium.intybus"
"15","Osmia.bicolor","Cichorium.intybus"
"15","Psithyrus.rupestris","Cichorium.intybus"
"15","Scaeva.pyrastri","Cichorium.intybus"
"15","Sphaerophoria.spec","Cichorium.intybus"
"15","Sphecodes.monilicornis","Cichorium.intybus"
"15","Syrphus.ribesii","Cichorium.intybus"
"15","Syrphus.vitripennis","Cichorium.intybus"
"15","Andrena.minutuloides","Cirsium.acaule"
"15","Andrena.wilkella","Cirsium.acaule"
"15","Anthidium.manicatum","Cirsium.acaule"
"15","Bombus.lapidarius","Cirsium.acaule"
"15","Bombus.pascuorum","Cirsium.acaule"
"15","Bombus.terrestris.agg","Cirsium.acaule"
"15","Cheilosia.soror","Cirsium.acaule"
"15","Chelostoma.rapunculi","Cirsium.acaule"
"15","Episyrphus.balteatus","Cirsium.acaule"
"15","Eristalis.interrupta","Cirsium.acaule"
"15","Eristalis.pertinax","Cirsium.acaule"
"15","Eristalis.tenax","Cirsium.acaule"
"15","Eupeodes.lapponicus","Cirsium.acaule"
"15","Ferdinandea.cuprea","Cirsium.acaule"
"15","Helophilus.pendulus","Cirsium.acaule"
"15","Lasioglossum.calceatum","Cirsium.acaule"
"15","Lasioglossum.pauxillum","Cirsium.acaule"
"15","Lasioglossum.villosulum","Cirsium.acaule"
"15","Melanostoma.spec","Cirsium.acaule"
"15","Myathropa.florea","Cirsium.acaule"
"15","Osmia.aurulenta","Cirsium.acaule"
"15","Osmia.bicolor","Cirsium.acaule"
"15","Psithyrus.rupestris","Cirsium.acaule"
"15","Scaeva.pyrastri","Cirsium.acaule"
"15","Sphaerophoria.spec","Cirsium.acaule"
"15","Sphecodes.monilicornis","Cirsium.acaule"
"15","Syrphus.ribesii","Cirsium.acaule"
"15","Syrphus.vitripennis","Cirsium.acaule"
"15","Andrena.minutuloides","Daucus.carota"
"15","Andrena.wilkella","Daucus.carota"
"15","Anthidium.manicatum","Daucus.carota"
"15","Bombus.lapidarius","Daucus.carota"
"15","Bombus.pascuorum","Daucus.carota"
"15","Bombus.terrestris.agg","Daucus.carota"
"15","Cheilosia.soror","Daucus.carota"
"15","Chelostoma.rapunculi","Daucus.carota"
"15","Episyrphus.balteatus","Daucus.carota"
"15","Eristalis.interrupta","Daucus.carota"
"15","Eristalis.pertinax","Daucus.carota"
"15","Eristalis.tenax","Daucus.carota"
"15","Eupeodes.lapponicus","Daucus.carota"
"15","Ferdinandea.cuprea","Daucus.carota"
"15","Helophilus.pendulus","Daucus.carota"
"15","Lasioglossum.calceatum","Daucus.carota"
"15","Lasioglossum.pauxillum","Daucus.carota"
"15","Lasioglossum.villosulum","Daucus.carota"
"15","Melanostoma.spec","Daucus.carota"
"15","Myathropa.florea","Daucus.carota"
"15","Osmia.aurulenta","Daucus.carota"
"15","Osmia.bicolor","Daucus.carota"
"15","Psithyrus.rupestris","Daucus.carota"
"15","Scaeva.pyrastri","Daucus.carota"
"15","Sphaerophoria.spec","Daucus.carota"
"15","Sphecodes.monilicornis","Daucus.carota"
"15","Syrphus.ribesii","Daucus.carota"
"15","Syrphus.vitripennis","Daucus.carota"
"15","Andrena.minutuloides","Hippocrepis.comosa"
"15","Andrena.wilkella","Hippocrepis.comosa"
"15","Anthidium.manicatum","Hippocrepis.comosa"
"15","Bombus.lapidarius","Hippocrepis.comosa"
"15","Bombus.pascuorum","Hippocrepis.comosa"
"15","Bombus.terrestris.agg","Hippocrepis.comosa"
"15","Cheilosia.soror","Hippocrepis.comosa"
"15","Chelostoma.rapunculi","Hippocrepis.comosa"
"15","Episyrphus.balteatus","Hippocrepis.comosa"
"15","Eristalis.interrupta","Hippocrepis.comosa"
"15","Eristalis.pertinax","Hippocrepis.comosa"
"15","Eristalis.tenax","Hippocrepis.comosa"
"15","Eupeodes.lapponicus","Hippocrepis.comosa"
"15","Ferdinandea.cuprea","Hippocrepis.comosa"
"15","Helophilus.pendulus","Hippocrepis.comosa"
"15","Lasioglossum.calceatum","Hippocrepis.comosa"
"15","Lasioglossum.pauxillum","Hippocrepis.comosa"
"15","Lasioglossum.villosulum","Hippocrepis.comosa"
"15","Melanostoma.spec","Hippocrepis.comosa"
"15","Myathropa.florea","Hippocrepis.comosa"
"15","Osmia.aurulenta","Hippocrepis.comosa"
"15","Osmia.bicolor","Hippocrepis.comosa"
"15","Psithyrus.rupestris","Hippocrepis.comosa"
"15","Scaeva.pyrastri","Hippocrepis.comosa"
"15","Sphaerophoria.spec","Hippocrepis.comosa"
"15","Sphecodes.monilicornis","Hippocrepis.comosa"
"15","Syrphus.ribesii","Hippocrepis.comosa"
"15","Syrphus.vitripennis","Hippocrepis.comosa"
"15","Andrena.minutuloides","Knautia.arvensis"
"15","Andrena.wilkella","Knautia.arvensis"
"15","Anthidium.manicatum","Knautia.arvensis"
"15","Bombus.lapidarius","Knautia.arvensis"
"15","Bombus.pascuorum","Knautia.arvensis"
"15","Bombus.terrestris.agg","Knautia.arvensis"
"15","Cheilosia.soror","Knautia.arvensis"
"15","Chelostoma.rapunculi","Knautia.arvensis"
"15","Episyrphus.balteatus","Knautia.arvensis"
"15","Eristalis.interrupta","Knautia.arvensis"
"15","Eristalis.pertinax","Knautia.arvensis"
"15","Eristalis.tenax","Knautia.arvensis"
"15","Eupeodes.lapponicus","Knautia.arvensis"
"15","Ferdinandea.cuprea","Knautia.arvensis"
"15","Helophilus.pendulus","Knautia.arvensis"
"15","Lasioglossum.calceatum","Knautia.arvensis"
"15","Lasioglossum.pauxillum","Knautia.arvensis"
"15","Lasioglossum.villosulum","Knautia.arvensis"
"15","Melanostoma.spec","Knautia.arvensis"
"15","Myathropa.florea","Knautia.arvensis"
"15","Osmia.aurulenta","Knautia.arvensis"
"15","Osmia.bicolor","Knautia.arvensis"
"15","Psithyrus.rupestris","Knautia.arvensis"
"15","Scaeva.pyrastri","Knautia.arvensis"
"15","Sphaerophoria.spec","Knautia.arvensis"
"15","Sphecodes.monilicornis","Knautia.arvensis"
"15","Syrphus.ribesii","Knautia.arvensis"
"15","Syrphus.vitripennis","Knautia.arvensis"
"15","Andrena.minutuloides","Leontodon.hispidus"
"15","Andrena.wilkella","Leontodon.hispidus"
"15","Anthidium.manicatum","Leontodon.hispidus"
"15","Bombus.lapidarius","Leontodon.hispidus"
"15","Bombus.pascuorum","Leontodon.hispidus"
"15","Bombus.terrestris.agg","Leontodon.hispidus"
"15","Cheilosia.soror","Leontodon.hispidus"
"15","Chelostoma.rapunculi","Leontodon.hispidus"
"15","Episyrphus.balteatus","Leontodon.hispidus"
"15","Eristalis.interrupta","Leontodon.hispidus"
"15","Eristalis.pertinax","Leontodon.hispidus"
"15","Eristalis.tenax","Leontodon.hispidus"
"15","Eupeodes.lapponicus","Leontodon.hispidus"
"15","Ferdinandea.cuprea","Leontodon.hispidus"
"15","Helophilus.pendulus","Leontodon.hispidus"
"15","Lasioglossum.calceatum","Leontodon.hispidus"
"15","Lasioglossum.pauxillum","Leontodon.hispidus"
"15","Lasioglossum.villosulum","Leontodon.hispidus"
"15","Melanostoma.spec","Leontodon.hispidus"
"15","Myathropa.florea","Leontodon.hispidus"
"15","Osmia.aurulenta","Leontodon.hispidus"
"15","Osmia.bicolor","Leontodon.hispidus"
"15","Psithyrus.rupestris","Leontodon.hispidus"
"15","Scaeva.pyrastri","Leontodon.hispidus"
"15","Sphaerophoria.spec","Leontodon.hispidus"
"15","Sphecodes.monilicornis","Leontodon.hispidus"
"15","Syrphus.ribesii","Leontodon.hispidus"
"15","Syrphus.vitripennis","Leontodon.hispidus"
"15","Andrena.minutuloides","Lotus.corniculatus"
"15","Andrena.wilkella","Lotus.corniculatus"
"15","Anthidium.manicatum","Lotus.corniculatus"
"15","Bombus.lapidarius","Lotus.corniculatus"
"15","Bombus.pascuorum","Lotus.corniculatus"
"15","Bombus.terrestris.agg","Lotus.corniculatus"
"15","Cheilosia.soror","Lotus.corniculatus"
"15","Chelostoma.rapunculi","Lotus.corniculatus"
"15","Episyrphus.balteatus","Lotus.corniculatus"
"15","Eristalis.interrupta","Lotus.corniculatus"
"15","Eristalis.pertinax","Lotus.corniculatus"
"15","Eristalis.tenax","Lotus.corniculatus"
"15","Eupeodes.lapponicus","Lotus.corniculatus"
"15","Ferdinandea.cuprea","Lotus.corniculatus"
"15","Helophilus.pendulus","Lotus.corniculatus"
"15","Lasioglossum.calceatum","Lotus.corniculatus"
"15","Lasioglossum.pauxillum","Lotus.corniculatus"
"15","Lasioglossum.villosulum","Lotus.corniculatus"
"15","Melanostoma.spec","Lotus.corniculatus"
"15","Myathropa.florea","Lotus.corniculatus"
"15","Osmia.aurulenta","Lotus.corniculatus"
"15","Osmia.bicolor","Lotus.corniculatus"
"15","Psithyrus.rupestris","Lotus.corniculatus"
"15","Scaeva.pyrastri","Lotus.corniculatus"
"15","Sphaerophoria.spec","Lotus.corniculatus"
"15","Sphecodes.monilicornis","Lotus.corniculatus"
"15","Syrphus.ribesii","Lotus.corniculatus"
"15","Syrphus.vitripennis","Lotus.corniculatus"
"15","Andrena.minutuloides","Medicago.falcata"
"15","Andrena.wilkella","Medicago.falcata"
"15","Anthidium.manicatum","Medicago.falcata"
"15","Bombus.lapidarius","Medicago.falcata"
"15","Bombus.pascuorum","Medicago.falcata"
"15","Bombus.terrestris.agg","Medicago.falcata"
"15","Cheilosia.soror","Medicago.falcata"
"15","Chelostoma.rapunculi","Medicago.falcata"
"15","Episyrphus.balteatus","Medicago.falcata"
"15","Eristalis.interrupta","Medicago.falcata"
"15","Eristalis.pertinax","Medicago.falcata"
"15","Eristalis.tenax","Medicago.falcata"
"15","Eupeodes.lapponicus","Medicago.falcata"
"15","Ferdinandea.cuprea","Medicago.falcata"
"15","Helophilus.pendulus","Medicago.falcata"
"15","Lasioglossum.calceatum","Medicago.falcata"
"15","Lasioglossum.pauxillum","Medicago.falcata"
"15","Lasioglossum.villosulum","Medicago.falcata"
"15","Melanostoma.spec","Medicago.falcata"
"15","Myathropa.florea","Medicago.falcata"
"15","Osmia.aurulenta","Medicago.falcata"
"15","Osmia.bicolor","Medicago.falcata"
"15","Psithyrus.rupestris","Medicago.falcata"
"15","Scaeva.pyrastri","Medicago.falcata"
"15","Sphaerophoria.spec","Medicago.falcata"
"15","Sphecodes.monilicornis","Medicago.falcata"
"15","Syrphus.ribesii","Medicago.falcata"
"15","Syrphus.vitripennis","Medicago.falcata"
"15","Andrena.minutuloides","Ononis.spinosa"
"15","Andrena.wilkella","Ononis.spinosa"
"15","Anthidium.manicatum","Ononis.spinosa"
"15","Bombus.lapidarius","Ononis.spinosa"
"15","Bombus.pascuorum","Ononis.spinosa"
"15","Bombus.terrestris.agg","Ononis.spinosa"
"15","Cheilosia.soror","Ononis.spinosa"
"15","Chelostoma.rapunculi","Ononis.spinosa"
"15","Episyrphus.balteatus","Ononis.spinosa"
"15","Eristalis.interrupta","Ononis.spinosa"
"15","Eristalis.pertinax","Ononis.spinosa"
"15","Eristalis.tenax","Ononis.spinosa"
"15","Eupeodes.lapponicus","Ononis.spinosa"
"15","Ferdinandea.cuprea","Ononis.spinosa"
"15","Helophilus.pendulus","Ononis.spinosa"
"15","Lasioglossum.calceatum","Ononis.spinosa"
"15","Lasioglossum.pauxillum","Ononis.spinosa"
"15","Lasioglossum.villosulum","Ononis.spinosa"
"15","Melanostoma.spec","Ononis.spinosa"
"15","Myathropa.florea","Ononis.spinosa"
"15","Osmia.aurulenta","Ononis.spinosa"
"15","Osmia.bicolor","Ononis.spinosa"
"15","Psithyrus.rupestris","Ononis.spinosa"
"15","Scaeva.pyrastri","Ononis.spinosa"
"15","Sphaerophoria.spec","Ononis.spinosa"
"15","Sphecodes.monilicornis","Ononis.spinosa"
"15","Syrphus.ribesii","Ononis.spinosa"
"15","Syrphus.vitripennis","Ononis.spinosa"
"15","Andrena.minutuloides","Pimpinella.saxifraga"
"15","Andrena.wilkella","Pimpinella.saxifraga"
"15","Anthidium.manicatum","Pimpinella.saxifraga"
"15","Bombus.lapidarius","Pimpinella.saxifraga"
"15","Bombus.pascuorum","Pimpinella.saxifraga"
"15","Bombus.terrestris.agg","Pimpinella.saxifraga"
"15","Cheilosia.soror","Pimpinella.saxifraga"
"15","Chelostoma.rapunculi","Pimpinella.saxifraga"
"15","Episyrphus.balteatus","Pimpinella.saxifraga"
"15","Eristalis.interrupta","Pimpinella.saxifraga"
"15","Eristalis.pertinax","Pimpinella.saxifraga"
"15","Eristalis.tenax","Pimpinella.saxifraga"
"15","Eupeodes.lapponicus","Pimpinella.saxifraga"
"15","Ferdinandea.cuprea","Pimpinella.saxifraga"
"15","Helophilus.pendulus","Pimpinella.saxifraga"
"15","Lasioglossum.calceatum","Pimpinella.saxifraga"
"15","Lasioglossum.pauxillum","Pimpinella.saxifraga"
"15","Lasioglossum.villosulum","Pimpinella.saxifraga"
"15","Melanostoma.spec","Pimpinella.saxifraga"
"15","Myathropa.florea","Pimpinella.saxifraga"
"15","Osmia.aurulenta","Pimpinella.saxifraga"
"15","Osmia.bicolor","Pimpinella.saxifraga"
"15","Psithyrus.rupestris","Pimpinella.saxifraga"
"15","Scaeva.pyrastri","Pimpinella.saxifraga"
"15","Sphaerophoria.spec","Pimpinella.saxifraga"
"15","Sphecodes.monilicornis","Pimpinella.saxifraga"
"15","Syrphus.ribesii","Pimpinella.saxifraga"
"15","Syrphus.vitripennis","Pimpinella.saxifraga"
"15","Andrena.minutuloides","Trifolium.pratense"
"15","Andrena.wilkella","Trifolium.pratense"
"15","Anthidium.manicatum","Trifolium.pratense"
"15","Bombus.lapidarius","Trifolium.pratense"
"15","Bombus.pascuorum","Trifolium.pratense"
"15","Bombus.terrestris.agg","Trifolium.pratense"
"15","Cheilosia.soror","Trifolium.pratense"
"15","Chelostoma.rapunculi","Trifolium.pratense"
"15","Episyrphus.balteatus","Trifolium.pratense"
"15","Eristalis.interrupta","Trifolium.pratense"
"15","Eristalis.pertinax","Trifolium.pratense"
"15","Eristalis.tenax","Trifolium.pratense"
"15","Eupeodes.lapponicus","Trifolium.pratense"
"15","Ferdinandea.cuprea","Trifolium.pratense"
"15","Helophilus.pendulus","Trifolium.pratense"
"15","Lasioglossum.calceatum","Trifolium.pratense"
"15","Lasioglossum.pauxillum","Trifolium.pratense"
"15","Lasioglossum.villosulum","Trifolium.pratense"
"15","Melanostoma.spec","Trifolium.pratense"
"15","Myathropa.florea","Trifolium.pratense"
"15","Osmia.aurulenta","Trifolium.pratense"
"15","Osmia.bicolor","Trifolium.pratense"
"15","Psithyrus.rupestris","Trifolium.pratense"
"15","Scaeva.pyrastri","Trifolium.pratense"
"15","Sphaerophoria.spec","Trifolium.pratense"
"15","Sphecodes.monilicornis","Trifolium.pratense"
"15","Syrphus.ribesii","Trifolium.pratense"
"15","Syrphus.vitripennis","Trifolium.pratense"
"16","Andrena.subopaca","Achillea.millefolium"
"16","Bombus.lapidarius","Achillea.millefolium"
"16","Bombus.pascuorum","Achillea.millefolium"
"16","Bombus.terrestris.agg","Achillea.millefolium"
"16","Cheilosia.soror","Achillea.millefolium"
"16","Didea.fasciata","Achillea.millefolium"
"16","Episyrphus.balteatus","Achillea.millefolium"
"16","Eristalis.interrupta","Achillea.millefolium"
"16","Eristalis.tenax","Achillea.millefolium"
"16","Eumerus.ornatus","Achillea.millefolium"
"16","Heringia.spec","Achillea.millefolium"
"16","Hylaeus.brevicornis","Achillea.millefolium"
"16","Lasioglossum.calceatum","Achillea.millefolium"
"16","Lasioglossum.morio","Achillea.millefolium"
"16","Nomada.flavoguttata","Achillea.millefolium"
"16","Psithyrus.bohemicus","Achillea.millefolium"
"16","Sphaerophoria.spec","Achillea.millefolium"
"16","Syrphus.ribesii","Achillea.millefolium"
"16","Syrphus.torvus","Achillea.millefolium"
"16","Syrphus.vitripennis","Achillea.millefolium"
"16","Andrena.subopaca","Agrimonia.eupatoria"
"16","Bombus.lapidarius","Agrimonia.eupatoria"
"16","Bombus.pascuorum","Agrimonia.eupatoria"
"16","Bombus.terrestris.agg","Agrimonia.eupatoria"
"16","Cheilosia.soror","Agrimonia.eupatoria"
"16","Didea.fasciata","Agrimonia.eupatoria"
"16","Episyrphus.balteatus","Agrimonia.eupatoria"
"16","Eristalis.interrupta","Agrimonia.eupatoria"
"16","Eristalis.tenax","Agrimonia.eupatoria"
"16","Eumerus.ornatus","Agrimonia.eupatoria"
"16","Heringia.spec","Agrimonia.eupatoria"
"16","Hylaeus.brevicornis","Agrimonia.eupatoria"
"16","Lasioglossum.calceatum","Agrimonia.eupatoria"
"16","Lasioglossum.morio","Agrimonia.eupatoria"
"16","Nomada.flavoguttata","Agrimonia.eupatoria"
"16","Psithyrus.bohemicus","Agrimonia.eupatoria"
"16","Sphaerophoria.spec","Agrimonia.eupatoria"
"16","Syrphus.ribesii","Agrimonia.eupatoria"
"16","Syrphus.torvus","Agrimonia.eupatoria"
"16","Syrphus.vitripennis","Agrimonia.eupatoria"
"16","Andrena.subopaca","Campanula.rotundifolia"
"16","Bombus.lapidarius","Campanula.rotundifolia"
"16","Bombus.pascuorum","Campanula.rotundifolia"
"16","Bombus.terrestris.agg","Campanula.rotundifolia"
"16","Cheilosia.soror","Campanula.rotundifolia"
"16","Didea.fasciata","Campanula.rotundifolia"
"16","Episyrphus.balteatus","Campanula.rotundifolia"
"16","Eristalis.interrupta","Campanula.rotundifolia"
"16","Eristalis.tenax","Campanula.rotundifolia"
"16","Eumerus.ornatus","Campanula.rotundifolia"
"16","Heringia.spec","Campanula.rotundifolia"
"16","Hylaeus.brevicornis","Campanula.rotundifolia"
"16","Lasioglossum.calceatum","Campanula.rotundifolia"
"16","Lasioglossum.morio","Campanula.rotundifolia"
"16","Nomada.flavoguttata","Campanula.rotundifolia"
"16","Psithyrus.bohemicus","Campanula.rotundifolia"
"16","Sphaerophoria.spec","Campanula.rotundifolia"
"16","Syrphus.ribesii","Campanula.rotundifolia"
"16","Syrphus.torvus","Campanula.rotundifolia"
"16","Syrphus.vitripennis","Campanula.rotundifolia"
"16","Andrena.subopaca","Centaurea.jacea"
"16","Bombus.lapidarius","Centaurea.jacea"
"16","Bombus.pascuorum","Centaurea.jacea"
"16","Bombus.terrestris.agg","Centaurea.jacea"
"16","Cheilosia.soror","Centaurea.jacea"
"16","Didea.fasciata","Centaurea.jacea"
"16","Episyrphus.balteatus","Centaurea.jacea"
"16","Eristalis.interrupta","Centaurea.jacea"
"16","Eristalis.tenax","Centaurea.jacea"
"16","Eumerus.ornatus","Centaurea.jacea"
"16","Heringia.spec","Centaurea.jacea"
"16","Hylaeus.brevicornis","Centaurea.jacea"
"16","Lasioglossum.calceatum","Centaurea.jacea"
"16","Lasioglossum.morio","Centaurea.jacea"
"16","Nomada.flavoguttata","Centaurea.jacea"
"16","Psithyrus.bohemicus","Centaurea.jacea"
"16","Sphaerophoria.spec","Centaurea.jacea"
"16","Syrphus.ribesii","Centaurea.jacea"
"16","Syrphus.torvus","Centaurea.jacea"
"16","Syrphus.vitripennis","Centaurea.jacea"
"16","Andrena.subopaca","Centaurea.scabiosa"
"16","Bombus.lapidarius","Centaurea.scabiosa"
"16","Bombus.pascuorum","Centaurea.scabiosa"
"16","Bombus.terrestris.agg","Centaurea.scabiosa"
"16","Cheilosia.soror","Centaurea.scabiosa"
"16","Didea.fasciata","Centaurea.scabiosa"
"16","Episyrphus.balteatus","Centaurea.scabiosa"
"16","Eristalis.interrupta","Centaurea.scabiosa"
"16","Eristalis.tenax","Centaurea.scabiosa"
"16","Eumerus.ornatus","Centaurea.scabiosa"
"16","Heringia.spec","Centaurea.scabiosa"
"16","Hylaeus.brevicornis","Centaurea.scabiosa"
"16","Lasioglossum.calceatum","Centaurea.scabiosa"
"16","Lasioglossum.morio","Centaurea.scabiosa"
"16","Nomada.flavoguttata","Centaurea.scabiosa"
"16","Psithyrus.bohemicus","Centaurea.scabiosa"
"16","Sphaerophoria.spec","Centaurea.scabiosa"
"16","Syrphus.ribesii","Centaurea.scabiosa"
"16","Syrphus.torvus","Centaurea.scabiosa"
"16","Syrphus.vitripennis","Centaurea.scabiosa"
"16","Andrena.subopaca","Cirsium.acaule"
"16","Bombus.lapidarius","Cirsium.acaule"
"16","Bombus.pascuorum","Cirsium.acaule"
"16","Bombus.terrestris.agg","Cirsium.acaule"
"16","Cheilosia.soror","Cirsium.acaule"
"16","Didea.fasciata","Cirsium.acaule"
"16","Episyrphus.balteatus","Cirsium.acaule"
"16","Eristalis.interrupta","Cirsium.acaule"
"16","Eristalis.tenax","Cirsium.acaule"
"16","Eumerus.ornatus","Cirsium.acaule"
"16","Heringia.spec","Cirsium.acaule"
"16","Hylaeus.brevicornis","Cirsium.acaule"
"16","Lasioglossum.calceatum","Cirsium.acaule"
"16","Lasioglossum.morio","Cirsium.acaule"
"16","Nomada.flavoguttata","Cirsium.acaule"
"16","Psithyrus.bohemicus","Cirsium.acaule"
"16","Sphaerophoria.spec","Cirsium.acaule"
"16","Syrphus.ribesii","Cirsium.acaule"
"16","Syrphus.torvus","Cirsium.acaule"
"16","Syrphus.vitripennis","Cirsium.acaule"
"16","Andrena.subopaca","Cirsium.arvense"
"16","Bombus.lapidarius","Cirsium.arvense"
"16","Bombus.pascuorum","Cirsium.arvense"
"16","Bombus.terrestris.agg","Cirsium.arvense"
"16","Cheilosia.soror","Cirsium.arvense"
"16","Didea.fasciata","Cirsium.arvense"
"16","Episyrphus.balteatus","Cirsium.arvense"
"16","Eristalis.interrupta","Cirsium.arvense"
"16","Eristalis.tenax","Cirsium.arvense"
"16","Eumerus.ornatus","Cirsium.arvense"
"16","Heringia.spec","Cirsium.arvense"
"16","Hylaeus.brevicornis","Cirsium.arvense"
"16","Lasioglossum.calceatum","Cirsium.arvense"
"16","Lasioglossum.morio","Cirsium.arvense"
"16","Nomada.flavoguttata","Cirsium.arvense"
"16","Psithyrus.bohemicus","Cirsium.arvense"
"16","Sphaerophoria.spec","Cirsium.arvense"
"16","Syrphus.ribesii","Cirsium.arvense"
"16","Syrphus.torvus","Cirsium.arvense"
"16","Syrphus.vitripennis","Cirsium.arvense"
"16","Andrena.subopaca","Clinopodium.vulgare"
"16","Bombus.lapidarius","Clinopodium.vulgare"
"16","Bombus.pascuorum","Clinopodium.vulgare"
"16","Bombus.terrestris.agg","Clinopodium.vulgare"
"16","Cheilosia.soror","Clinopodium.vulgare"
"16","Didea.fasciata","Clinopodium.vulgare"
"16","Episyrphus.balteatus","Clinopodium.vulgare"
"16","Eristalis.interrupta","Clinopodium.vulgare"
"16","Eristalis.tenax","Clinopodium.vulgare"
"16","Eumerus.ornatus","Clinopodium.vulgare"
"16","Heringia.spec","Clinopodium.vulgare"
"16","Hylaeus.brevicornis","Clinopodium.vulgare"
"16","Lasioglossum.calceatum","Clinopodium.vulgare"
"16","Lasioglossum.morio","Clinopodium.vulgare"
"16","Nomada.flavoguttata","Clinopodium.vulgare"
"16","Psithyrus.bohemicus","Clinopodium.vulgare"
"16","Sphaerophoria.spec","Clinopodium.vulgare"
"16","Syrphus.ribesii","Clinopodium.vulgare"
"16","Syrphus.torvus","Clinopodium.vulgare"
"16","Syrphus.vitripennis","Clinopodium.vulgare"
"16","Andrena.subopaca","Crataegus.laevigata"
"16","Bombus.lapidarius","Crataegus.laevigata"
"16","Bombus.pascuorum","Crataegus.laevigata"
"16","Bombus.terrestris.agg","Crataegus.laevigata"
"16","Cheilosia.soror","Crataegus.laevigata"
"16","Didea.fasciata","Crataegus.laevigata"
"16","Episyrphus.balteatus","Crataegus.laevigata"
"16","Eristalis.interrupta","Crataegus.laevigata"
"16","Eristalis.tenax","Crataegus.laevigata"
"16","Eumerus.ornatus","Crataegus.laevigata"
"16","Heringia.spec","Crataegus.laevigata"
"16","Hylaeus.brevicornis","Crataegus.laevigata"
"16","Lasioglossum.calceatum","Crataegus.laevigata"
"16","Lasioglossum.morio","Crataegus.laevigata"
"16","Nomada.flavoguttata","Crataegus.laevigata"
"16","Psithyrus.bohemicus","Crataegus.laevigata"
"16","Sphaerophoria.spec","Crataegus.laevigata"
"16","Syrphus.ribesii","Crataegus.laevigata"
"16","Syrphus.torvus","Crataegus.laevigata"
"16","Syrphus.vitripennis","Crataegus.laevigata"
"16","Andrena.subopaca","Daucus.carota"
"16","Bombus.lapidarius","Daucus.carota"
"16","Bombus.pascuorum","Daucus.carota"
"16","Bombus.terrestris.agg","Daucus.carota"
"16","Cheilosia.soror","Daucus.carota"
"16","Didea.fasciata","Daucus.carota"
"16","Episyrphus.balteatus","Daucus.carota"
"16","Eristalis.interrupta","Daucus.carota"
"16","Eristalis.tenax","Daucus.carota"
"16","Eumerus.ornatus","Daucus.carota"
"16","Heringia.spec","Daucus.carota"
"16","Hylaeus.brevicornis","Daucus.carota"
"16","Lasioglossum.calceatum","Daucus.carota"
"16","Lasioglossum.morio","Daucus.carota"
"16","Nomada.flavoguttata","Daucus.carota"
"16","Psithyrus.bohemicus","Daucus.carota"
"16","Sphaerophoria.spec","Daucus.carota"
"16","Syrphus.ribesii","Daucus.carota"
"16","Syrphus.torvus","Daucus.carota"
"16","Syrphus.vitripennis","Daucus.carota"
"16","Andrena.subopaca","Fragaria.vesca"
"16","Bombus.lapidarius","Fragaria.vesca"
"16","Bombus.pascuorum","Fragaria.vesca"
"16","Bombus.terrestris.agg","Fragaria.vesca"
"16","Cheilosia.soror","Fragaria.vesca"
"16","Didea.fasciata","Fragaria.vesca"
"16","Episyrphus.balteatus","Fragaria.vesca"
"16","Eristalis.interrupta","Fragaria.vesca"
"16","Eristalis.tenax","Fragaria.vesca"
"16","Eumerus.ornatus","Fragaria.vesca"
"16","Heringia.spec","Fragaria.vesca"
"16","Hylaeus.brevicornis","Fragaria.vesca"
"16","Lasioglossum.calceatum","Fragaria.vesca"
"16","Lasioglossum.morio","Fragaria.vesca"
"16","Nomada.flavoguttata","Fragaria.vesca"
"16","Psithyrus.bohemicus","Fragaria.vesca"
"16","Sphaerophoria.spec","Fragaria.vesca"
"16","Syrphus.ribesii","Fragaria.vesca"
"16","Syrphus.torvus","Fragaria.vesca"
"16","Syrphus.vitripennis","Fragaria.vesca"
"16","Andrena.subopaca","Galium.mollugo"
"16","Bombus.lapidarius","Galium.mollugo"
"16","Bombus.pascuorum","Galium.mollugo"
"16","Bombus.terrestris.agg","Galium.mollugo"
"16","Cheilosia.soror","Galium.mollugo"
"16","Didea.fasciata","Galium.mollugo"
"16","Episyrphus.balteatus","Galium.mollugo"
"16","Eristalis.interrupta","Galium.mollugo"
"16","Eristalis.tenax","Galium.mollugo"
"16","Eumerus.ornatus","Galium.mollugo"
"16","Heringia.spec","Galium.mollugo"
"16","Hylaeus.brevicornis","Galium.mollugo"
"16","Lasioglossum.calceatum","Galium.mollugo"
"16","Lasioglossum.morio","Galium.mollugo"
"16","Nomada.flavoguttata","Galium.mollugo"
"16","Psithyrus.bohemicus","Galium.mollugo"
"16","Sphaerophoria.spec","Galium.mollugo"
"16","Syrphus.ribesii","Galium.mollugo"
"16","Syrphus.torvus","Galium.mollugo"
"16","Syrphus.vitripennis","Galium.mollugo"
"16","Andrena.subopaca","Helianthemum.nummularium"
"16","Bombus.lapidarius","Helianthemum.nummularium"
"16","Bombus.pascuorum","Helianthemum.nummularium"
"16","Bombus.terrestris.agg","Helianthemum.nummularium"
"16","Cheilosia.soror","Helianthemum.nummularium"
"16","Didea.fasciata","Helianthemum.nummularium"
"16","Episyrphus.balteatus","Helianthemum.nummularium"
"16","Eristalis.interrupta","Helianthemum.nummularium"
"16","Eristalis.tenax","Helianthemum.nummularium"
"16","Eumerus.ornatus","Helianthemum.nummularium"
"16","Heringia.spec","Helianthemum.nummularium"
"16","Hylaeus.brevicornis","Helianthemum.nummularium"
"16","Lasioglossum.calceatum","Helianthemum.nummularium"
"16","Lasioglossum.morio","Helianthemum.nummularium"
"16","Nomada.flavoguttata","Helianthemum.nummularium"
"16","Psithyrus.bohemicus","Helianthemum.nummularium"
"16","Sphaerophoria.spec","Helianthemum.nummularium"
"16","Syrphus.ribesii","Helianthemum.nummularium"
"16","Syrphus.torvus","Helianthemum.nummularium"
"16","Syrphus.vitripennis","Helianthemum.nummularium"
"16","Andrena.subopaca","Hippocrepis.comosa"
"16","Bombus.lapidarius","Hippocrepis.comosa"
"16","Bombus.pascuorum","Hippocrepis.comosa"
"16","Bombus.terrestris.agg","Hippocrepis.comosa"
"16","Cheilosia.soror","Hippocrepis.comosa"
"16","Didea.fasciata","Hippocrepis.comosa"
"16","Episyrphus.balteatus","Hippocrepis.comosa"
"16","Eristalis.interrupta","Hippocrepis.comosa"
"16","Eristalis.tenax","Hippocrepis.comosa"
"16","Eumerus.ornatus","Hippocrepis.comosa"
"16","Heringia.spec","Hippocrepis.comosa"
"16","Hylaeus.brevicornis","Hippocrepis.comosa"
"16","Lasioglossum.calceatum","Hippocrepis.comosa"
"16","Lasioglossum.morio","Hippocrepis.comosa"
"16","Nomada.flavoguttata","Hippocrepis.comosa"
"16","Psithyrus.bohemicus","Hippocrepis.comosa"
"16","Sphaerophoria.spec","Hippocrepis.comosa"
"16","Syrphus.ribesii","Hippocrepis.comosa"
"16","Syrphus.torvus","Hippocrepis.comosa"
"16","Syrphus.vitripennis","Hippocrepis.comosa"
"16","Andrena.subopaca","Knautia.arvensis"
"16","Bombus.lapidarius","Knautia.arvensis"
"16","Bombus.pascuorum","Knautia.arvensis"
"16","Bombus.terrestris.agg","Knautia.arvensis"
"16","Cheilosia.soror","Knautia.arvensis"
"16","Didea.fasciata","Knautia.arvensis"
"16","Episyrphus.balteatus","Knautia.arvensis"
"16","Eristalis.interrupta","Knautia.arvensis"
"16","Eristalis.tenax","Knautia.arvensis"
"16","Eumerus.ornatus","Knautia.arvensis"
"16","Heringia.spec","Knautia.arvensis"
"16","Hylaeus.brevicornis","Knautia.arvensis"
"16","Lasioglossum.calceatum","Knautia.arvensis"
"16","Lasioglossum.morio","Knautia.arvensis"
"16","Nomada.flavoguttata","Knautia.arvensis"
"16","Psithyrus.bohemicus","Knautia.arvensis"
"16","Sphaerophoria.spec","Knautia.arvensis"
"16","Syrphus.ribesii","Knautia.arvensis"
"16","Syrphus.torvus","Knautia.arvensis"
"16","Syrphus.vitripennis","Knautia.arvensis"
"16","Andrena.subopaca","Leucanthemum.vulgare"
"16","Bombus.lapidarius","Leucanthemum.vulgare"
"16","Bombus.pascuorum","Leucanthemum.vulgare"
"16","Bombus.terrestris.agg","Leucanthemum.vulgare"
"16","Cheilosia.soror","Leucanthemum.vulgare"
"16","Didea.fasciata","Leucanthemum.vulgare"
"16","Episyrphus.balteatus","Leucanthemum.vulgare"
"16","Eristalis.interrupta","Leucanthemum.vulgare"
"16","Eristalis.tenax","Leucanthemum.vulgare"
"16","Eumerus.ornatus","Leucanthemum.vulgare"
"16","Heringia.spec","Leucanthemum.vulgare"
"16","Hylaeus.brevicornis","Leucanthemum.vulgare"
"16","Lasioglossum.calceatum","Leucanthemum.vulgare"
"16","Lasioglossum.morio","Leucanthemum.vulgare"
"16","Nomada.flavoguttata","Leucanthemum.vulgare"
"16","Psithyrus.bohemicus","Leucanthemum.vulgare"
"16","Sphaerophoria.spec","Leucanthemum.vulgare"
"16","Syrphus.ribesii","Leucanthemum.vulgare"
"16","Syrphus.torvus","Leucanthemum.vulgare"
"16","Syrphus.vitripennis","Leucanthemum.vulgare"
"16","Andrena.subopaca","Lotus.corniculatus"
"16","Bombus.lapidarius","Lotus.corniculatus"
"16","Bombus.pascuorum","Lotus.corniculatus"
"16","Bombus.terrestris.agg","Lotus.corniculatus"
"16","Cheilosia.soror","Lotus.corniculatus"
"16","Didea.fasciata","Lotus.corniculatus"
"16","Episyrphus.balteatus","Lotus.corniculatus"
"16","Eristalis.interrupta","Lotus.corniculatus"
"16","Eristalis.tenax","Lotus.corniculatus"
"16","Eumerus.ornatus","Lotus.corniculatus"
"16","Heringia.spec","Lotus.corniculatus"
"16","Hylaeus.brevicornis","Lotus.corniculatus"
"16","Lasioglossum.calceatum","Lotus.corniculatus"
"16","Lasioglossum.morio","Lotus.corniculatus"
"16","Nomada.flavoguttata","Lotus.corniculatus"
"16","Psithyrus.bohemicus","Lotus.corniculatus"
"16","Sphaerophoria.spec","Lotus.corniculatus"
"16","Syrphus.ribesii","Lotus.corniculatus"
"16","Syrphus.torvus","Lotus.corniculatus"
"16","Syrphus.vitripennis","Lotus.corniculatus"
"16","Andrena.subopaca","Ononis.spinosa"
"16","Bombus.lapidarius","Ononis.spinosa"
"16","Bombus.pascuorum","Ononis.spinosa"
"16","Bombus.terrestris.agg","Ononis.spinosa"
"16","Cheilosia.soror","Ononis.spinosa"
"16","Didea.fasciata","Ononis.spinosa"
"16","Episyrphus.balteatus","Ononis.spinosa"
"16","Eristalis.interrupta","Ononis.spinosa"
"16","Eristalis.tenax","Ononis.spinosa"
"16","Eumerus.ornatus","Ononis.spinosa"
"16","Heringia.spec","Ononis.spinosa"
"16","Hylaeus.brevicornis","Ononis.spinosa"
"16","Lasioglossum.calceatum","Ononis.spinosa"
"16","Lasioglossum.morio","Ononis.spinosa"
"16","Nomada.flavoguttata","Ononis.spinosa"
"16","Psithyrus.bohemicus","Ononis.spinosa"
"16","Sphaerophoria.spec","Ononis.spinosa"
"16","Syrphus.ribesii","Ononis.spinosa"
"16","Syrphus.torvus","Ononis.spinosa"
"16","Syrphus.vitripennis","Ononis.spinosa"
"16","Andrena.subopaca","Picris.hieracioides"
"16","Bombus.lapidarius","Picris.hieracioides"
"16","Bombus.pascuorum","Picris.hieracioides"
"16","Bombus.terrestris.agg","Picris.hieracioides"
"16","Cheilosia.soror","Picris.hieracioides"
"16","Didea.fasciata","Picris.hieracioides"
"16","Episyrphus.balteatus","Picris.hieracioides"
"16","Eristalis.interrupta","Picris.hieracioides"
"16","Eristalis.tenax","Picris.hieracioides"
"16","Eumerus.ornatus","Picris.hieracioides"
"16","Heringia.spec","Picris.hieracioides"
"16","Hylaeus.brevicornis","Picris.hieracioides"
"16","Lasioglossum.calceatum","Picris.hieracioides"
"16","Lasioglossum.morio","Picris.hieracioides"
"16","Nomada.flavoguttata","Picris.hieracioides"
"16","Psithyrus.bohemicus","Picris.hieracioides"
"16","Sphaerophoria.spec","Picris.hieracioides"
"16","Syrphus.ribesii","Picris.hieracioides"
"16","Syrphus.torvus","Picris.hieracioides"
"16","Syrphus.vitripennis","Picris.hieracioides"
"16","Andrena.subopaca","Pimpinella.saxifraga"
"16","Bombus.lapidarius","Pimpinella.saxifraga"
"16","Bombus.pascuorum","Pimpinella.saxifraga"
"16","Bombus.terrestris.agg","Pimpinella.saxifraga"
"16","Cheilosia.soror","Pimpinella.saxifraga"
"16","Didea.fasciata","Pimpinella.saxifraga"
"16","Episyrphus.balteatus","Pimpinella.saxifraga"
"16","Eristalis.interrupta","Pimpinella.saxifraga"
"16","Eristalis.tenax","Pimpinella.saxifraga"
"16","Eumerus.ornatus","Pimpinella.saxifraga"
"16","Heringia.spec","Pimpinella.saxifraga"
"16","Hylaeus.brevicornis","Pimpinella.saxifraga"
"16","Lasioglossum.calceatum","Pimpinella.saxifraga"
"16","Lasioglossum.morio","Pimpinella.saxifraga"
"16","Nomada.flavoguttata","Pimpinella.saxifraga"
"16","Psithyrus.bohemicus","Pimpinella.saxifraga"
"16","Sphaerophoria.spec","Pimpinella.saxifraga"
"16","Syrphus.ribesii","Pimpinella.saxifraga"
"16","Syrphus.torvus","Pimpinella.saxifraga"
"16","Syrphus.vitripennis","Pimpinella.saxifraga"
"16","Andrena.subopaca","Prunella.grandiflora"
"16","Bombus.lapidarius","Prunella.grandiflora"
"16","Bombus.pascuorum","Prunella.grandiflora"
"16","Bombus.terrestris.agg","Prunella.grandiflora"
"16","Cheilosia.soror","Prunella.grandiflora"
"16","Didea.fasciata","Prunella.grandiflora"
"16","Episyrphus.balteatus","Prunella.grandiflora"
"16","Eristalis.interrupta","Prunella.grandiflora"
"16","Eristalis.tenax","Prunella.grandiflora"
"16","Eumerus.ornatus","Prunella.grandiflora"
"16","Heringia.spec","Prunella.grandiflora"
"16","Hylaeus.brevicornis","Prunella.grandiflora"
"16","Lasioglossum.calceatum","Prunella.grandiflora"
"16","Lasioglossum.morio","Prunella.grandiflora"
"16","Nomada.flavoguttata","Prunella.grandiflora"
"16","Psithyrus.bohemicus","Prunella.grandiflora"
"16","Sphaerophoria.spec","Prunella.grandiflora"
"16","Syrphus.ribesii","Prunella.grandiflora"
"16","Syrphus.torvus","Prunella.grandiflora"
"16","Syrphus.vitripennis","Prunella.grandiflora"
"16","Andrena.subopaca","Ranunculus.bulbosus"
"16","Bombus.lapidarius","Ranunculus.bulbosus"
"16","Bombus.pascuorum","Ranunculus.bulbosus"
"16","Bombus.terrestris.agg","Ranunculus.bulbosus"
"16","Cheilosia.soror","Ranunculus.bulbosus"
"16","Didea.fasciata","Ranunculus.bulbosus"
"16","Episyrphus.balteatus","Ranunculus.bulbosus"
"16","Eristalis.interrupta","Ranunculus.bulbosus"
"16","Eristalis.tenax","Ranunculus.bulbosus"
"16","Eumerus.ornatus","Ranunculus.bulbosus"
"16","Heringia.spec","Ranunculus.bulbosus"
"16","Hylaeus.brevicornis","Ranunculus.bulbosus"
"16","Lasioglossum.calceatum","Ranunculus.bulbosus"
"16","Lasioglossum.morio","Ranunculus.bulbosus"
"16","Nomada.flavoguttata","Ranunculus.bulbosus"
"16","Psithyrus.bohemicus","Ranunculus.bulbosus"
"16","Sphaerophoria.spec","Ranunculus.bulbosus"
"16","Syrphus.ribesii","Ranunculus.bulbosus"
"16","Syrphus.torvus","Ranunculus.bulbosus"
"16","Syrphus.vitripennis","Ranunculus.bulbosus"
"16","Andrena.subopaca","Rubus.fruticosus"
"16","Bombus.lapidarius","Rubus.fruticosus"
"16","Bombus.pascuorum","Rubus.fruticosus"
"16","Bombus.terrestris.agg","Rubus.fruticosus"
"16","Cheilosia.soror","Rubus.fruticosus"
"16","Didea.fasciata","Rubus.fruticosus"
"16","Episyrphus.balteatus","Rubus.fruticosus"
"16","Eristalis.interrupta","Rubus.fruticosus"
"16","Eristalis.tenax","Rubus.fruticosus"
"16","Eumerus.ornatus","Rubus.fruticosus"
"16","Heringia.spec","Rubus.fruticosus"
"16","Hylaeus.brevicornis","Rubus.fruticosus"
"16","Lasioglossum.calceatum","Rubus.fruticosus"
"16","Lasioglossum.morio","Rubus.fruticosus"
"16","Nomada.flavoguttata","Rubus.fruticosus"
"16","Psithyrus.bohemicus","Rubus.fruticosus"
"16","Sphaerophoria.spec","Rubus.fruticosus"
"16","Syrphus.ribesii","Rubus.fruticosus"
"16","Syrphus.torvus","Rubus.fruticosus"
"16","Syrphus.vitripennis","Rubus.fruticosus"
"16","Andrena.subopaca","Thymus.pulegioides"
"16","Bombus.lapidarius","Thymus.pulegioides"
"16","Bombus.pascuorum","Thymus.pulegioides"
"16","Bombus.terrestris.agg","Thymus.pulegioides"
"16","Cheilosia.soror","Thymus.pulegioides"
"16","Didea.fasciata","Thymus.pulegioides"
"16","Episyrphus.balteatus","Thymus.pulegioides"
"16","Eristalis.interrupta","Thymus.pulegioides"
"16","Eristalis.tenax","Thymus.pulegioides"
"16","Eumerus.ornatus","Thymus.pulegioides"
"16","Heringia.spec","Thymus.pulegioides"
"16","Hylaeus.brevicornis","Thymus.pulegioides"
"16","Lasioglossum.calceatum","Thymus.pulegioides"
"16","Lasioglossum.morio","Thymus.pulegioides"
"16","Nomada.flavoguttata","Thymus.pulegioides"
"16","Psithyrus.bohemicus","Thymus.pulegioides"
"16","Sphaerophoria.spec","Thymus.pulegioides"
"16","Syrphus.ribesii","Thymus.pulegioides"
"16","Syrphus.torvus","Thymus.pulegioides"
"16","Syrphus.vitripennis","Thymus.pulegioides"
"16","Andrena.subopaca","Trifolium.campestre"
"16","Bombus.lapidarius","Trifolium.campestre"
"16","Bombus.pascuorum","Trifolium.campestre"
"16","Bombus.terrestris.agg","Trifolium.campestre"
"16","Cheilosia.soror","Trifolium.campestre"
"16","Didea.fasciata","Trifolium.campestre"
"16","Episyrphus.balteatus","Trifolium.campestre"
"16","Eristalis.interrupta","Trifolium.campestre"
"16","Eristalis.tenax","Trifolium.campestre"
"16","Eumerus.ornatus","Trifolium.campestre"
"16","Heringia.spec","Trifolium.campestre"
"16","Hylaeus.brevicornis","Trifolium.campestre"
"16","Lasioglossum.calceatum","Trifolium.campestre"
"16","Lasioglossum.morio","Trifolium.campestre"
"16","Nomada.flavoguttata","Trifolium.campestre"
"16","Psithyrus.bohemicus","Trifolium.campestre"
"16","Sphaerophoria.spec","Trifolium.campestre"
"16","Syrphus.ribesii","Trifolium.campestre"
"16","Syrphus.torvus","Trifolium.campestre"
"16","Syrphus.vitripennis","Trifolium.campestre"
"16","Andrena.subopaca","Trifolium.pratense"
"16","Bombus.lapidarius","Trifolium.pratense"
"16","Bombus.pascuorum","Trifolium.pratense"
"16","Bombus.terrestris.agg","Trifolium.pratense"
"16","Cheilosia.soror","Trifolium.pratense"
"16","Didea.fasciata","Trifolium.pratense"
"16","Episyrphus.balteatus","Trifolium.pratense"
"16","Eristalis.interrupta","Trifolium.pratense"
"16","Eristalis.tenax","Trifolium.pratense"
"16","Eumerus.ornatus","Trifolium.pratense"
"16","Heringia.spec","Trifolium.pratense"
"16","Hylaeus.brevicornis","Trifolium.pratense"
"16","Lasioglossum.calceatum","Trifolium.pratense"
"16","Lasioglossum.morio","Trifolium.pratense"
"16","Nomada.flavoguttata","Trifolium.pratense"
"16","Psithyrus.bohemicus","Trifolium.pratense"
"16","Sphaerophoria.spec","Trifolium.pratense"
"16","Syrphus.ribesii","Trifolium.pratense"
"16","Syrphus.torvus","Trifolium.pratense"
"16","Syrphus.vitripennis","Trifolium.pratense"
"16","Andrena.subopaca","Veronica.teucrium"
"16","Bombus.lapidarius","Veronica.teucrium"
"16","Bombus.pascuorum","Veronica.teucrium"
"16","Bombus.terrestris.agg","Veronica.teucrium"
"16","Cheilosia.soror","Veronica.teucrium"
"16","Didea.fasciata","Veronica.teucrium"
"16","Episyrphus.balteatus","Veronica.teucrium"
"16","Eristalis.interrupta","Veronica.teucrium"
"16","Eristalis.tenax","Veronica.teucrium"
"16","Eumerus.ornatus","Veronica.teucrium"
"16","Heringia.spec","Veronica.teucrium"
"16","Hylaeus.brevicornis","Veronica.teucrium"
"16","Lasioglossum.calceatum","Veronica.teucrium"
"16","Lasioglossum.morio","Veronica.teucrium"
"16","Nomada.flavoguttata","Veronica.teucrium"
"16","Psithyrus.bohemicus","Veronica.teucrium"
"16","Sphaerophoria.spec","Veronica.teucrium"
"16","Syrphus.ribesii","Veronica.teucrium"
"16","Syrphus.torvus","Veronica.teucrium"
"16","Syrphus.vitripennis","Veronica.teucrium"
"17","Andrena.angustior","Achillea.millefolium"
"17","Andrena.bicolor","Achillea.millefolium"
"17","Andrena.falsifica","Achillea.millefolium"
"17","Andrena.minutula","Achillea.millefolium"
"17","Bombus.lapidarius","Achillea.millefolium"
"17","Bombus.pascuorum","Achillea.millefolium"
"17","Bombus.terrestris.agg","Achillea.millefolium"
"17","Chelostoma.campanularum","Achillea.millefolium"
"17","Chelostoma.florisomne","Achillea.millefolium"
"17","Episyrphus.balteatus","Achillea.millefolium"
"17","Eristalis.arbustorum","Achillea.millefolium"
"17","Eristalis.interrupta","Achillea.millefolium"
"17","Eristalis.pertinax","Achillea.millefolium"
"17","Eristalis.tenax","Achillea.millefolium"
"17","Halictus.tumulorum","Achillea.millefolium"
"17","Helophilus.pendulus","Achillea.millefolium"
"17","Helophilus.trivittatus","Achillea.millefolium"
"17","Heringia.heringi","Achillea.millefolium"
"17","Hylaeus.communis","Achillea.millefolium"
"17","Lasioglossum.calceatum","Achillea.millefolium"
"17","Lasioglossum.fulvicorne","Achillea.millefolium"
"17","Lasioglossum.morio","Achillea.millefolium"
"17","Lasioglossum.pauxillum","Achillea.millefolium"
"17","Lasioglossum.villosulum","Achillea.millefolium"
"17","Myathropa.florea","Achillea.millefolium"
"17","Osmia.leaiana","Achillea.millefolium"
"17","Osmia.spinulosa","Achillea.millefolium"
"17","Pipizella.spec","Achillea.millefolium"
"17","Sphaerophoria.spec","Achillea.millefolium"
"17","Sphecodes.ephippius","Achillea.millefolium"
"17","Sphecodes.hyalinatus","Achillea.millefolium"
"17","Syritta.pipiens","Achillea.millefolium"
"17","Syrphus.ribesii","Achillea.millefolium"
"17","Syrphus.vitripennis","Achillea.millefolium"
"17","Andrena.angustior","Campanula.rotundifolia"
"17","Andrena.bicolor","Campanula.rotundifolia"
"17","Andrena.falsifica","Campanula.rotundifolia"
"17","Andrena.minutula","Campanula.rotundifolia"
"17","Bombus.lapidarius","Campanula.rotundifolia"
"17","Bombus.pascuorum","Campanula.rotundifolia"
"17","Bombus.terrestris.agg","Campanula.rotundifolia"
"17","Chelostoma.campanularum","Campanula.rotundifolia"
"17","Chelostoma.florisomne","Campanula.rotundifolia"
"17","Episyrphus.balteatus","Campanula.rotundifolia"
"17","Eristalis.arbustorum","Campanula.rotundifolia"
"17","Eristalis.interrupta","Campanula.rotundifolia"
"17","Eristalis.pertinax","Campanula.rotundifolia"
"17","Eristalis.tenax","Campanula.rotundifolia"
"17","Halictus.tumulorum","Campanula.rotundifolia"
"17","Helophilus.pendulus","Campanula.rotundifolia"
"17","Helophilus.trivittatus","Campanula.rotundifolia"
"17","Heringia.heringi","Campanula.rotundifolia"
"17","Hylaeus.communis","Campanula.rotundifolia"
"17","Lasioglossum.calceatum","Campanula.rotundifolia"
"17","Lasioglossum.fulvicorne","Campanula.rotundifolia"
"17","Lasioglossum.morio","Campanula.rotundifolia"
"17","Lasioglossum.pauxillum","Campanula.rotundifolia"
"17","Lasioglossum.villosulum","Campanula.rotundifolia"
"17","Myathropa.florea","Campanula.rotundifolia"
"17","Osmia.leaiana","Campanula.rotundifolia"
"17","Osmia.spinulosa","Campanula.rotundifolia"
"17","Pipizella.spec","Campanula.rotundifolia"
"17","Sphaerophoria.spec","Campanula.rotundifolia"
"17","Sphecodes.ephippius","Campanula.rotundifolia"
"17","Sphecodes.hyalinatus","Campanula.rotundifolia"
"17","Syritta.pipiens","Campanula.rotundifolia"
"17","Syrphus.ribesii","Campanula.rotundifolia"
"17","Syrphus.vitripennis","Campanula.rotundifolia"
"17","Andrena.angustior","Centaurea.jacea"
"17","Andrena.bicolor","Centaurea.jacea"
"17","Andrena.falsifica","Centaurea.jacea"
"17","Andrena.minutula","Centaurea.jacea"
"17","Bombus.lapidarius","Centaurea.jacea"
"17","Bombus.pascuorum","Centaurea.jacea"
"17","Bombus.terrestris.agg","Centaurea.jacea"
"17","Chelostoma.campanularum","Centaurea.jacea"
"17","Chelostoma.florisomne","Centaurea.jacea"
"17","Episyrphus.balteatus","Centaurea.jacea"
"17","Eristalis.arbustorum","Centaurea.jacea"
"17","Eristalis.interrupta","Centaurea.jacea"
"17","Eristalis.pertinax","Centaurea.jacea"
"17","Eristalis.tenax","Centaurea.jacea"
"17","Halictus.tumulorum","Centaurea.jacea"
"17","Helophilus.pendulus","Centaurea.jacea"
"17","Helophilus.trivittatus","Centaurea.jacea"
"17","Heringia.heringi","Centaurea.jacea"
"17","Hylaeus.communis","Centaurea.jacea"
"17","Lasioglossum.calceatum","Centaurea.jacea"
"17","Lasioglossum.fulvicorne","Centaurea.jacea"
"17","Lasioglossum.morio","Centaurea.jacea"
"17","Lasioglossum.pauxillum","Centaurea.jacea"
"17","Lasioglossum.villosulum","Centaurea.jacea"
"17","Myathropa.florea","Centaurea.jacea"
"17","Osmia.leaiana","Centaurea.jacea"
"17","Osmia.spinulosa","Centaurea.jacea"
"17","Pipizella.spec","Centaurea.jacea"
"17","Sphaerophoria.spec","Centaurea.jacea"
"17","Sphecodes.ephippius","Centaurea.jacea"
"17","Sphecodes.hyalinatus","Centaurea.jacea"
"17","Syritta.pipiens","Centaurea.jacea"
"17","Syrphus.ribesii","Centaurea.jacea"
"17","Syrphus.vitripennis","Centaurea.jacea"
"17","Andrena.angustior","Centaurea.scabiosa"
"17","Andrena.bicolor","Centaurea.scabiosa"
"17","Andrena.falsifica","Centaurea.scabiosa"
"17","Andrena.minutula","Centaurea.scabiosa"
"17","Bombus.lapidarius","Centaurea.scabiosa"
"17","Bombus.pascuorum","Centaurea.scabiosa"
"17","Bombus.terrestris.agg","Centaurea.scabiosa"
"17","Chelostoma.campanularum","Centaurea.scabiosa"
"17","Chelostoma.florisomne","Centaurea.scabiosa"
"17","Episyrphus.balteatus","Centaurea.scabiosa"
"17","Eristalis.arbustorum","Centaurea.scabiosa"
"17","Eristalis.interrupta","Centaurea.scabiosa"
"17","Eristalis.pertinax","Centaurea.scabiosa"
"17","Eristalis.tenax","Centaurea.scabiosa"
"17","Halictus.tumulorum","Centaurea.scabiosa"
"17","Helophilus.pendulus","Centaurea.scabiosa"
"17","Helophilus.trivittatus","Centaurea.scabiosa"
"17","Heringia.heringi","Centaurea.scabiosa"
"17","Hylaeus.communis","Centaurea.scabiosa"
"17","Lasioglossum.calceatum","Centaurea.scabiosa"
"17","Lasioglossum.fulvicorne","Centaurea.scabiosa"
"17","Lasioglossum.morio","Centaurea.scabiosa"
"17","Lasioglossum.pauxillum","Centaurea.scabiosa"
"17","Lasioglossum.villosulum","Centaurea.scabiosa"
"17","Myathropa.florea","Centaurea.scabiosa"
"17","Osmia.leaiana","Centaurea.scabiosa"
"17","Osmia.spinulosa","Centaurea.scabiosa"
"17","Pipizella.spec","Centaurea.scabiosa"
"17","Sphaerophoria.spec","Centaurea.scabiosa"
"17","Sphecodes.ephippius","Centaurea.scabiosa"
"17","Sphecodes.hyalinatus","Centaurea.scabiosa"
"17","Syritta.pipiens","Centaurea.scabiosa"
"17","Syrphus.ribesii","Centaurea.scabiosa"
"17","Syrphus.vitripennis","Centaurea.scabiosa"
"17","Andrena.angustior","Daucus.carota"
"17","Andrena.bicolor","Daucus.carota"
"17","Andrena.falsifica","Daucus.carota"
"17","Andrena.minutula","Daucus.carota"
"17","Bombus.lapidarius","Daucus.carota"
"17","Bombus.pascuorum","Daucus.carota"
"17","Bombus.terrestris.agg","Daucus.carota"
"17","Chelostoma.campanularum","Daucus.carota"
"17","Chelostoma.florisomne","Daucus.carota"
"17","Episyrphus.balteatus","Daucus.carota"
"17","Eristalis.arbustorum","Daucus.carota"
"17","Eristalis.interrupta","Daucus.carota"
"17","Eristalis.pertinax","Daucus.carota"
"17","Eristalis.tenax","Daucus.carota"
"17","Halictus.tumulorum","Daucus.carota"
"17","Helophilus.pendulus","Daucus.carota"
"17","Helophilus.trivittatus","Daucus.carota"
"17","Heringia.heringi","Daucus.carota"
"17","Hylaeus.communis","Daucus.carota"
"17","Lasioglossum.calceatum","Daucus.carota"
"17","Lasioglossum.fulvicorne","Daucus.carota"
"17","Lasioglossum.morio","Daucus.carota"
"17","Lasioglossum.pauxillum","Daucus.carota"
"17","Lasioglossum.villosulum","Daucus.carota"
"17","Myathropa.florea","Daucus.carota"
"17","Osmia.leaiana","Daucus.carota"
"17","Osmia.spinulosa","Daucus.carota"
"17","Pipizella.spec","Daucus.carota"
"17","Sphaerophoria.spec","Daucus.carota"
"17","Sphecodes.ephippius","Daucus.carota"
"17","Sphecodes.hyalinatus","Daucus.carota"
"17","Syritta.pipiens","Daucus.carota"
"17","Syrphus.ribesii","Daucus.carota"
"17","Syrphus.vitripennis","Daucus.carota"
"17","Andrena.angustior","Galium.verum"
"17","Andrena.bicolor","Galium.verum"
"17","Andrena.falsifica","Galium.verum"
"17","Andrena.minutula","Galium.verum"
"17","Bombus.lapidarius","Galium.verum"
"17","Bombus.pascuorum","Galium.verum"
"17","Bombus.terrestris.agg","Galium.verum"
"17","Chelostoma.campanularum","Galium.verum"
"17","Chelostoma.florisomne","Galium.verum"
"17","Episyrphus.balteatus","Galium.verum"
"17","Eristalis.arbustorum","Galium.verum"
"17","Eristalis.interrupta","Galium.verum"
"17","Eristalis.pertinax","Galium.verum"
"17","Eristalis.tenax","Galium.verum"
"17","Halictus.tumulorum","Galium.verum"
"17","Helophilus.pendulus","Galium.verum"
"17","Helophilus.trivittatus","Galium.verum"
"17","Heringia.heringi","Galium.verum"
"17","Hylaeus.communis","Galium.verum"
"17","Lasioglossum.calceatum","Galium.verum"
"17","Lasioglossum.fulvicorne","Galium.verum"
"17","Lasioglossum.morio","Galium.verum"
"17","Lasioglossum.pauxillum","Galium.verum"
"17","Lasioglossum.villosulum","Galium.verum"
"17","Myathropa.florea","Galium.verum"
"17","Osmia.leaiana","Galium.verum"
"17","Osmia.spinulosa","Galium.verum"
"17","Pipizella.spec","Galium.verum"
"17","Sphaerophoria.spec","Galium.verum"
"17","Sphecodes.ephippius","Galium.verum"
"17","Sphecodes.hyalinatus","Galium.verum"
"17","Syritta.pipiens","Galium.verum"
"17","Syrphus.ribesii","Galium.verum"
"17","Syrphus.vitripennis","Galium.verum"
"17","Andrena.angustior","Helianthemum.nummularium"
"17","Andrena.bicolor","Helianthemum.nummularium"
"17","Andrena.falsifica","Helianthemum.nummularium"
"17","Andrena.minutula","Helianthemum.nummularium"
"17","Bombus.lapidarius","Helianthemum.nummularium"
"17","Bombus.pascuorum","Helianthemum.nummularium"
"17","Bombus.terrestris.agg","Helianthemum.nummularium"
"17","Chelostoma.campanularum","Helianthemum.nummularium"
"17","Chelostoma.florisomne","Helianthemum.nummularium"
"17","Episyrphus.balteatus","Helianthemum.nummularium"
"17","Eristalis.arbustorum","Helianthemum.nummularium"
"17","Eristalis.interrupta","Helianthemum.nummularium"
"17","Eristalis.pertinax","Helianthemum.nummularium"
"17","Eristalis.tenax","Helianthemum.nummularium"
"17","Halictus.tumulorum","Helianthemum.nummularium"
"17","Helophilus.pendulus","Helianthemum.nummularium"
"17","Helophilus.trivittatus","Helianthemum.nummularium"
"17","Heringia.heringi","Helianthemum.nummularium"
"17","Hylaeus.communis","Helianthemum.nummularium"
"17","Lasioglossum.calceatum","Helianthemum.nummularium"
"17","Lasioglossum.fulvicorne","Helianthemum.nummularium"
"17","Lasioglossum.morio","Helianthemum.nummularium"
"17","Lasioglossum.pauxillum","Helianthemum.nummularium"
"17","Lasioglossum.villosulum","Helianthemum.nummularium"
"17","Myathropa.florea","Helianthemum.nummularium"
"17","Osmia.leaiana","Helianthemum.nummularium"
"17","Osmia.spinulosa","Helianthemum.nummularium"
"17","Pipizella.spec","Helianthemum.nummularium"
"17","Sphaerophoria.spec","Helianthemum.nummularium"
"17","Sphecodes.ephippius","Helianthemum.nummularium"
"17","Sphecodes.hyalinatus","Helianthemum.nummularium"
"17","Syritta.pipiens","Helianthemum.nummularium"
"17","Syrphus.ribesii","Helianthemum.nummularium"
"17","Syrphus.vitripennis","Helianthemum.nummularium"
"17","Andrena.angustior","Hippocrepis.comosa"
"17","Andrena.bicolor","Hippocrepis.comosa"
"17","Andrena.falsifica","Hippocrepis.comosa"
"17","Andrena.minutula","Hippocrepis.comosa"
"17","Bombus.lapidarius","Hippocrepis.comosa"
"17","Bombus.pascuorum","Hippocrepis.comosa"
"17","Bombus.terrestris.agg","Hippocrepis.comosa"
"17","Chelostoma.campanularum","Hippocrepis.comosa"
"17","Chelostoma.florisomne","Hippocrepis.comosa"
"17","Episyrphus.balteatus","Hippocrepis.comosa"
"17","Eristalis.arbustorum","Hippocrepis.comosa"
"17","Eristalis.interrupta","Hippocrepis.comosa"
"17","Eristalis.pertinax","Hippocrepis.comosa"
"17","Eristalis.tenax","Hippocrepis.comosa"
"17","Halictus.tumulorum","Hippocrepis.comosa"
"17","Helophilus.pendulus","Hippocrepis.comosa"
"17","Helophilus.trivittatus","Hippocrepis.comosa"
"17","Heringia.heringi","Hippocrepis.comosa"
"17","Hylaeus.communis","Hippocrepis.comosa"
"17","Lasioglossum.calceatum","Hippocrepis.comosa"
"17","Lasioglossum.fulvicorne","Hippocrepis.comosa"
"17","Lasioglossum.morio","Hippocrepis.comosa"
"17","Lasioglossum.pauxillum","Hippocrepis.comosa"
"17","Lasioglossum.villosulum","Hippocrepis.comosa"
"17","Myathropa.florea","Hippocrepis.comosa"
"17","Osmia.leaiana","Hippocrepis.comosa"
"17","Osmia.spinulosa","Hippocrepis.comosa"
"17","Pipizella.spec","Hippocrepis.comosa"
"17","Sphaerophoria.spec","Hippocrepis.comosa"
"17","Sphecodes.ephippius","Hippocrepis.comosa"
"17","Sphecodes.hyalinatus","Hippocrepis.comosa"
"17","Syritta.pipiens","Hippocrepis.comosa"
"17","Syrphus.ribesii","Hippocrepis.comosa"
"17","Syrphus.vitripennis","Hippocrepis.comosa"
"17","Andrena.angustior","Knautia.arvensis"
"17","Andrena.bicolor","Knautia.arvensis"
"17","Andrena.falsifica","Knautia.arvensis"
"17","Andrena.minutula","Knautia.arvensis"
"17","Bombus.lapidarius","Knautia.arvensis"
"17","Bombus.pascuorum","Knautia.arvensis"
"17","Bombus.terrestris.agg","Knautia.arvensis"
"17","Chelostoma.campanularum","Knautia.arvensis"
"17","Chelostoma.florisomne","Knautia.arvensis"
"17","Episyrphus.balteatus","Knautia.arvensis"
"17","Eristalis.arbustorum","Knautia.arvensis"
"17","Eristalis.interrupta","Knautia.arvensis"
"17","Eristalis.pertinax","Knautia.arvensis"
"17","Eristalis.tenax","Knautia.arvensis"
"17","Halictus.tumulorum","Knautia.arvensis"
"17","Helophilus.pendulus","Knautia.arvensis"
"17","Helophilus.trivittatus","Knautia.arvensis"
"17","Heringia.heringi","Knautia.arvensis"
"17","Hylaeus.communis","Knautia.arvensis"
"17","Lasioglossum.calceatum","Knautia.arvensis"
"17","Lasioglossum.fulvicorne","Knautia.arvensis"
"17","Lasioglossum.morio","Knautia.arvensis"
"17","Lasioglossum.pauxillum","Knautia.arvensis"
"17","Lasioglossum.villosulum","Knautia.arvensis"
"17","Myathropa.florea","Knautia.arvensis"
"17","Osmia.leaiana","Knautia.arvensis"
"17","Osmia.spinulosa","Knautia.arvensis"
"17","Pipizella.spec","Knautia.arvensis"
"17","Sphaerophoria.spec","Knautia.arvensis"
"17","Sphecodes.ephippius","Knautia.arvensis"
"17","Sphecodes.hyalinatus","Knautia.arvensis"
"17","Syritta.pipiens","Knautia.arvensis"
"17","Syrphus.ribesii","Knautia.arvensis"
"17","Syrphus.vitripennis","Knautia.arvensis"
"17","Andrena.angustior","Leontodon.hispidus"
"17","Andrena.bicolor","Leontodon.hispidus"
"17","Andrena.falsifica","Leontodon.hispidus"
"17","Andrena.minutula","Leontodon.hispidus"
"17","Bombus.lapidarius","Leontodon.hispidus"
"17","Bombus.pascuorum","Leontodon.hispidus"
"17","Bombus.terrestris.agg","Leontodon.hispidus"
"17","Chelostoma.campanularum","Leontodon.hispidus"
"17","Chelostoma.florisomne","Leontodon.hispidus"
"17","Episyrphus.balteatus","Leontodon.hispidus"
"17","Eristalis.arbustorum","Leontodon.hispidus"
"17","Eristalis.interrupta","Leontodon.hispidus"
"17","Eristalis.pertinax","Leontodon.hispidus"
"17","Eristalis.tenax","Leontodon.hispidus"
"17","Halictus.tumulorum","Leontodon.hispidus"
"17","Helophilus.pendulus","Leontodon.hispidus"
"17","Helophilus.trivittatus","Leontodon.hispidus"
"17","Heringia.heringi","Leontodon.hispidus"
"17","Hylaeus.communis","Leontodon.hispidus"
"17","Lasioglossum.calceatum","Leontodon.hispidus"
"17","Lasioglossum.fulvicorne","Leontodon.hispidus"
"17","Lasioglossum.morio","Leontodon.hispidus"
"17","Lasioglossum.pauxillum","Leontodon.hispidus"
"17","Lasioglossum.villosulum","Leontodon.hispidus"
"17","Myathropa.florea","Leontodon.hispidus"
"17","Osmia.leaiana","Leontodon.hispidus"
"17","Osmia.spinulosa","Leontodon.hispidus"
"17","Pipizella.spec","Leontodon.hispidus"
"17","Sphaerophoria.spec","Leontodon.hispidus"
"17","Sphecodes.ephippius","Leontodon.hispidus"
"17","Sphecodes.hyalinatus","Leontodon.hispidus"
"17","Syritta.pipiens","Leontodon.hispidus"
"17","Syrphus.ribesii","Leontodon.hispidus"
"17","Syrphus.vitripennis","Leontodon.hispidus"
"17","Andrena.angustior","Lotus.corniculatus"
"17","Andrena.bicolor","Lotus.corniculatus"
"17","Andrena.falsifica","Lotus.corniculatus"
"17","Andrena.minutula","Lotus.corniculatus"
"17","Bombus.lapidarius","Lotus.corniculatus"
"17","Bombus.pascuorum","Lotus.corniculatus"
"17","Bombus.terrestris.agg","Lotus.corniculatus"
"17","Chelostoma.campanularum","Lotus.corniculatus"
"17","Chelostoma.florisomne","Lotus.corniculatus"
"17","Episyrphus.balteatus","Lotus.corniculatus"
"17","Eristalis.arbustorum","Lotus.corniculatus"
"17","Eristalis.interrupta","Lotus.corniculatus"
"17","Eristalis.pertinax","Lotus.corniculatus"
"17","Eristalis.tenax","Lotus.corniculatus"
"17","Halictus.tumulorum","Lotus.corniculatus"
"17","Helophilus.pendulus","Lotus.corniculatus"
"17","Helophilus.trivittatus","Lotus.corniculatus"
"17","Heringia.heringi","Lotus.corniculatus"
"17","Hylaeus.communis","Lotus.corniculatus"
"17","Lasioglossum.calceatum","Lotus.corniculatus"
"17","Lasioglossum.fulvicorne","Lotus.corniculatus"
"17","Lasioglossum.morio","Lotus.corniculatus"
"17","Lasioglossum.pauxillum","Lotus.corniculatus"
"17","Lasioglossum.villosulum","Lotus.corniculatus"
"17","Myathropa.florea","Lotus.corniculatus"
"17","Osmia.leaiana","Lotus.corniculatus"
"17","Osmia.spinulosa","Lotus.corniculatus"
"17","Pipizella.spec","Lotus.corniculatus"
"17","Sphaerophoria.spec","Lotus.corniculatus"
"17","Sphecodes.ephippius","Lotus.corniculatus"
"17","Sphecodes.hyalinatus","Lotus.corniculatus"
"17","Syritta.pipiens","Lotus.corniculatus"
"17","Syrphus.ribesii","Lotus.corniculatus"
"17","Syrphus.vitripennis","Lotus.corniculatus"
"17","Andrena.angustior","Medicago.lupulina"
"17","Andrena.bicolor","Medicago.lupulina"
"17","Andrena.falsifica","Medicago.lupulina"
"17","Andrena.minutula","Medicago.lupulina"
"17","Bombus.lapidarius","Medicago.lupulina"
"17","Bombus.pascuorum","Medicago.lupulina"
"17","Bombus.terrestris.agg","Medicago.lupulina"
"17","Chelostoma.campanularum","Medicago.lupulina"
"17","Chelostoma.florisomne","Medicago.lupulina"
"17","Episyrphus.balteatus","Medicago.lupulina"
"17","Eristalis.arbustorum","Medicago.lupulina"
"17","Eristalis.interrupta","Medicago.lupulina"
"17","Eristalis.pertinax","Medicago.lupulina"
"17","Eristalis.tenax","Medicago.lupulina"
"17","Halictus.tumulorum","Medicago.lupulina"
"17","Helophilus.pendulus","Medicago.lupulina"
"17","Helophilus.trivittatus","Medicago.lupulina"
"17","Heringia.heringi","Medicago.lupulina"
"17","Hylaeus.communis","Medicago.lupulina"
"17","Lasioglossum.calceatum","Medicago.lupulina"
"17","Lasioglossum.fulvicorne","Medicago.lupulina"
"17","Lasioglossum.morio","Medicago.lupulina"
"17","Lasioglossum.pauxillum","Medicago.lupulina"
"17","Lasioglossum.villosulum","Medicago.lupulina"
"17","Myathropa.florea","Medicago.lupulina"
"17","Osmia.leaiana","Medicago.lupulina"
"17","Osmia.spinulosa","Medicago.lupulina"
"17","Pipizella.spec","Medicago.lupulina"
"17","Sphaerophoria.spec","Medicago.lupulina"
"17","Sphecodes.ephippius","Medicago.lupulina"
"17","Sphecodes.hyalinatus","Medicago.lupulina"
"17","Syritta.pipiens","Medicago.lupulina"
"17","Syrphus.ribesii","Medicago.lupulina"
"17","Syrphus.vitripennis","Medicago.lupulina"
"17","Andrena.angustior","Orchis.militaris"
"17","Andrena.bicolor","Orchis.militaris"
"17","Andrena.falsifica","Orchis.militaris"
"17","Andrena.minutula","Orchis.militaris"
"17","Bombus.lapidarius","Orchis.militaris"
"17","Bombus.pascuorum","Orchis.militaris"
"17","Bombus.terrestris.agg","Orchis.militaris"
"17","Chelostoma.campanularum","Orchis.militaris"
"17","Chelostoma.florisomne","Orchis.militaris"
"17","Episyrphus.balteatus","Orchis.militaris"
"17","Eristalis.arbustorum","Orchis.militaris"
"17","Eristalis.interrupta","Orchis.militaris"
"17","Eristalis.pertinax","Orchis.militaris"
"17","Eristalis.tenax","Orchis.militaris"
"17","Halictus.tumulorum","Orchis.militaris"
"17","Helophilus.pendulus","Orchis.militaris"
"17","Helophilus.trivittatus","Orchis.militaris"
"17","Heringia.heringi","Orchis.militaris"
"17","Hylaeus.communis","Orchis.militaris"
"17","Lasioglossum.calceatum","Orchis.militaris"
"17","Lasioglossum.fulvicorne","Orchis.militaris"
"17","Lasioglossum.morio","Orchis.militaris"
"17","Lasioglossum.pauxillum","Orchis.militaris"
"17","Lasioglossum.villosulum","Orchis.militaris"
"17","Myathropa.florea","Orchis.militaris"
"17","Osmia.leaiana","Orchis.militaris"
"17","Osmia.spinulosa","Orchis.militaris"
"17","Pipizella.spec","Orchis.militaris"
"17","Sphaerophoria.spec","Orchis.militaris"
"17","Sphecodes.ephippius","Orchis.militaris"
"17","Sphecodes.hyalinatus","Orchis.militaris"
"17","Syritta.pipiens","Orchis.militaris"
"17","Syrphus.ribesii","Orchis.militaris"
"17","Syrphus.vitripennis","Orchis.militaris"
"17","Andrena.angustior","Pimpinella.saxifraga"
"17","Andrena.bicolor","Pimpinella.saxifraga"
"17","Andrena.falsifica","Pimpinella.saxifraga"
"17","Andrena.minutula","Pimpinella.saxifraga"
"17","Bombus.lapidarius","Pimpinella.saxifraga"
"17","Bombus.pascuorum","Pimpinella.saxifraga"
"17","Bombus.terrestris.agg","Pimpinella.saxifraga"
"17","Chelostoma.campanularum","Pimpinella.saxifraga"
"17","Chelostoma.florisomne","Pimpinella.saxifraga"
"17","Episyrphus.balteatus","Pimpinella.saxifraga"
"17","Eristalis.arbustorum","Pimpinella.saxifraga"
"17","Eristalis.interrupta","Pimpinella.saxifraga"
"17","Eristalis.pertinax","Pimpinella.saxifraga"
"17","Eristalis.tenax","Pimpinella.saxifraga"
"17","Halictus.tumulorum","Pimpinella.saxifraga"
"17","Helophilus.pendulus","Pimpinella.saxifraga"
"17","Helophilus.trivittatus","Pimpinella.saxifraga"
"17","Heringia.heringi","Pimpinella.saxifraga"
"17","Hylaeus.communis","Pimpinella.saxifraga"
"17","Lasioglossum.calceatum","Pimpinella.saxifraga"
"17","Lasioglossum.fulvicorne","Pimpinella.saxifraga"
"17","Lasioglossum.morio","Pimpinella.saxifraga"
"17","Lasioglossum.pauxillum","Pimpinella.saxifraga"
"17","Lasioglossum.villosulum","Pimpinella.saxifraga"
"17","Myathropa.florea","Pimpinella.saxifraga"
"17","Osmia.leaiana","Pimpinella.saxifraga"
"17","Osmia.spinulosa","Pimpinella.saxifraga"
"17","Pipizella.spec","Pimpinella.saxifraga"
"17","Sphaerophoria.spec","Pimpinella.saxifraga"
"17","Sphecodes.ephippius","Pimpinella.saxifraga"
"17","Sphecodes.hyalinatus","Pimpinella.saxifraga"
"17","Syritta.pipiens","Pimpinella.saxifraga"
"17","Syrphus.ribesii","Pimpinella.saxifraga"
"17","Syrphus.vitripennis","Pimpinella.saxifraga"
"17","Andrena.angustior","Potentilla.neumanniana"
"17","Andrena.bicolor","Potentilla.neumanniana"
"17","Andrena.falsifica","Potentilla.neumanniana"
"17","Andrena.minutula","Potentilla.neumanniana"
"17","Bombus.lapidarius","Potentilla.neumanniana"
"17","Bombus.pascuorum","Potentilla.neumanniana"
"17","Bombus.terrestris.agg","Potentilla.neumanniana"
"17","Chelostoma.campanularum","Potentilla.neumanniana"
"17","Chelostoma.florisomne","Potentilla.neumanniana"
"17","Episyrphus.balteatus","Potentilla.neumanniana"
"17","Eristalis.arbustorum","Potentilla.neumanniana"
"17","Eristalis.interrupta","Potentilla.neumanniana"
"17","Eristalis.pertinax","Potentilla.neumanniana"
"17","Eristalis.tenax","Potentilla.neumanniana"
"17","Halictus.tumulorum","Potentilla.neumanniana"
"17","Helophilus.pendulus","Potentilla.neumanniana"
"17","Helophilus.trivittatus","Potentilla.neumanniana"
"17","Heringia.heringi","Potentilla.neumanniana"
"17","Hylaeus.communis","Potentilla.neumanniana"
"17","Lasioglossum.calceatum","Potentilla.neumanniana"
"17","Lasioglossum.fulvicorne","Potentilla.neumanniana"
"17","Lasioglossum.morio","Potentilla.neumanniana"
"17","Lasioglossum.pauxillum","Potentilla.neumanniana"
"17","Lasioglossum.villosulum","Potentilla.neumanniana"
"17","Myathropa.florea","Potentilla.neumanniana"
"17","Osmia.leaiana","Potentilla.neumanniana"
"17","Osmia.spinulosa","Potentilla.neumanniana"
"17","Pipizella.spec","Potentilla.neumanniana"
"17","Sphaerophoria.spec","Potentilla.neumanniana"
"17","Sphecodes.ephippius","Potentilla.neumanniana"
"17","Sphecodes.hyalinatus","Potentilla.neumanniana"
"17","Syritta.pipiens","Potentilla.neumanniana"
"17","Syrphus.ribesii","Potentilla.neumanniana"
"17","Syrphus.vitripennis","Potentilla.neumanniana"
"17","Andrena.angustior","Prunella.grandiflora"
"17","Andrena.bicolor","Prunella.grandiflora"
"17","Andrena.falsifica","Prunella.grandiflora"
"17","Andrena.minutula","Prunella.grandiflora"
"17","Bombus.lapidarius","Prunella.grandiflora"
"17","Bombus.pascuorum","Prunella.grandiflora"
"17","Bombus.terrestris.agg","Prunella.grandiflora"
"17","Chelostoma.campanularum","Prunella.grandiflora"
"17","Chelostoma.florisomne","Prunella.grandiflora"
"17","Episyrphus.balteatus","Prunella.grandiflora"
"17","Eristalis.arbustorum","Prunella.grandiflora"
"17","Eristalis.interrupta","Prunella.grandiflora"
"17","Eristalis.pertinax","Prunella.grandiflora"
"17","Eristalis.tenax","Prunella.grandiflora"
"17","Halictus.tumulorum","Prunella.grandiflora"
"17","Helophilus.pendulus","Prunella.grandiflora"
"17","Helophilus.trivittatus","Prunella.grandiflora"
"17","Heringia.heringi","Prunella.grandiflora"
"17","Hylaeus.communis","Prunella.grandiflora"
"17","Lasioglossum.calceatum","Prunella.grandiflora"
"17","Lasioglossum.fulvicorne","Prunella.grandiflora"
"17","Lasioglossum.morio","Prunella.grandiflora"
"17","Lasioglossum.pauxillum","Prunella.grandiflora"
"17","Lasioglossum.villosulum","Prunella.grandiflora"
"17","Myathropa.florea","Prunella.grandiflora"
"17","Osmia.leaiana","Prunella.grandiflora"
"17","Osmia.spinulosa","Prunella.grandiflora"
"17","Pipizella.spec","Prunella.grandiflora"
"17","Sphaerophoria.spec","Prunella.grandiflora"
"17","Sphecodes.ephippius","Prunella.grandiflora"
"17","Sphecodes.hyalinatus","Prunella.grandiflora"
"17","Syritta.pipiens","Prunella.grandiflora"
"17","Syrphus.ribesii","Prunella.grandiflora"
"17","Syrphus.vitripennis","Prunella.grandiflora"
"17","Andrena.angustior","Ranunculus.bulbosus"
"17","Andrena.bicolor","Ranunculus.bulbosus"
"17","Andrena.falsifica","Ranunculus.bulbosus"
"17","Andrena.minutula","Ranunculus.bulbosus"
"17","Bombus.lapidarius","Ranunculus.bulbosus"
"17","Bombus.pascuorum","Ranunculus.bulbosus"
"17","Bombus.terrestris.agg","Ranunculus.bulbosus"
"17","Chelostoma.campanularum","Ranunculus.bulbosus"
"17","Chelostoma.florisomne","Ranunculus.bulbosus"
"17","Episyrphus.balteatus","Ranunculus.bulbosus"
"17","Eristalis.arbustorum","Ranunculus.bulbosus"
"17","Eristalis.interrupta","Ranunculus.bulbosus"
"17","Eristalis.pertinax","Ranunculus.bulbosus"
"17","Eristalis.tenax","Ranunculus.bulbosus"
"17","Halictus.tumulorum","Ranunculus.bulbosus"
"17","Helophilus.pendulus","Ranunculus.bulbosus"
"17","Helophilus.trivittatus","Ranunculus.bulbosus"
"17","Heringia.heringi","Ranunculus.bulbosus"
"17","Hylaeus.communis","Ranunculus.bulbosus"
"17","Lasioglossum.calceatum","Ranunculus.bulbosus"
"17","Lasioglossum.fulvicorne","Ranunculus.bulbosus"
"17","Lasioglossum.morio","Ranunculus.bulbosus"
"17","Lasioglossum.pauxillum","Ranunculus.bulbosus"
"17","Lasioglossum.villosulum","Ranunculus.bulbosus"
"17","Myathropa.florea","Ranunculus.bulbosus"
"17","Osmia.leaiana","Ranunculus.bulbosus"
"17","Osmia.spinulosa","Ranunculus.bulbosus"
"17","Pipizella.spec","Ranunculus.bulbosus"
"17","Sphaerophoria.spec","Ranunculus.bulbosus"
"17","Sphecodes.ephippius","Ranunculus.bulbosus"
"17","Sphecodes.hyalinatus","Ranunculus.bulbosus"
"17","Syritta.pipiens","Ranunculus.bulbosus"
"17","Syrphus.ribesii","Ranunculus.bulbosus"
"17","Syrphus.vitripennis","Ranunculus.bulbosus"
"17","Andrena.angustior","Senecio.erucifolius"
"17","Andrena.bicolor","Senecio.erucifolius"
"17","Andrena.falsifica","Senecio.erucifolius"
"17","Andrena.minutula","Senecio.erucifolius"
"17","Bombus.lapidarius","Senecio.erucifolius"
"17","Bombus.pascuorum","Senecio.erucifolius"
"17","Bombus.terrestris.agg","Senecio.erucifolius"
"17","Chelostoma.campanularum","Senecio.erucifolius"
"17","Chelostoma.florisomne","Senecio.erucifolius"
"17","Episyrphus.balteatus","Senecio.erucifolius"
"17","Eristalis.arbustorum","Senecio.erucifolius"
"17","Eristalis.interrupta","Senecio.erucifolius"
"17","Eristalis.pertinax","Senecio.erucifolius"
"17","Eristalis.tenax","Senecio.erucifolius"
"17","Halictus.tumulorum","Senecio.erucifolius"
"17","Helophilus.pendulus","Senecio.erucifolius"
"17","Helophilus.trivittatus","Senecio.erucifolius"
"17","Heringia.heringi","Senecio.erucifolius"
"17","Hylaeus.communis","Senecio.erucifolius"
"17","Lasioglossum.calceatum","Senecio.erucifolius"
"17","Lasioglossum.fulvicorne","Senecio.erucifolius"
"17","Lasioglossum.morio","Senecio.erucifolius"
"17","Lasioglossum.pauxillum","Senecio.erucifolius"
"17","Lasioglossum.villosulum","Senecio.erucifolius"
"17","Myathropa.florea","Senecio.erucifolius"
"17","Osmia.leaiana","Senecio.erucifolius"
"17","Osmia.spinulosa","Senecio.erucifolius"
"17","Pipizella.spec","Senecio.erucifolius"
"17","Sphaerophoria.spec","Senecio.erucifolius"
"17","Sphecodes.ephippius","Senecio.erucifolius"
"17","Sphecodes.hyalinatus","Senecio.erucifolius"
"17","Syritta.pipiens","Senecio.erucifolius"
"17","Syrphus.ribesii","Senecio.erucifolius"
"17","Syrphus.vitripennis","Senecio.erucifolius"
"17","Andrena.angustior","Senecio.jacobaea"
"17","Andrena.bicolor","Senecio.jacobaea"
"17","Andrena.falsifica","Senecio.jacobaea"
"17","Andrena.minutula","Senecio.jacobaea"
"17","Bombus.lapidarius","Senecio.jacobaea"
"17","Bombus.pascuorum","Senecio.jacobaea"
"17","Bombus.terrestris.agg","Senecio.jacobaea"
"17","Chelostoma.campanularum","Senecio.jacobaea"
"17","Chelostoma.florisomne","Senecio.jacobaea"
"17","Episyrphus.balteatus","Senecio.jacobaea"
"17","Eristalis.arbustorum","Senecio.jacobaea"
"17","Eristalis.interrupta","Senecio.jacobaea"
"17","Eristalis.pertinax","Senecio.jacobaea"
"17","Eristalis.tenax","Senecio.jacobaea"
"17","Halictus.tumulorum","Senecio.jacobaea"
"17","Helophilus.pendulus","Senecio.jacobaea"
"17","Helophilus.trivittatus","Senecio.jacobaea"
"17","Heringia.heringi","Senecio.jacobaea"
"17","Hylaeus.communis","Senecio.jacobaea"
"17","Lasioglossum.calceatum","Senecio.jacobaea"
"17","Lasioglossum.fulvicorne","Senecio.jacobaea"
"17","Lasioglossum.morio","Senecio.jacobaea"
"17","Lasioglossum.pauxillum","Senecio.jacobaea"
"17","Lasioglossum.villosulum","Senecio.jacobaea"
"17","Myathropa.florea","Senecio.jacobaea"
"17","Osmia.leaiana","Senecio.jacobaea"
"17","Osmia.spinulosa","Senecio.jacobaea"
"17","Pipizella.spec","Senecio.jacobaea"
"17","Sphaerophoria.spec","Senecio.jacobaea"
"17","Sphecodes.ephippius","Senecio.jacobaea"
"17","Sphecodes.hyalinatus","Senecio.jacobaea"
"17","Syritta.pipiens","Senecio.jacobaea"
"17","Syrphus.ribesii","Senecio.jacobaea"
"17","Syrphus.vitripennis","Senecio.jacobaea"
"18","Andrena.minutula","Achillea.millefolium"
"18","Bombus.lapidarius","Achillea.millefolium"
"18","Bombus.pascuorum","Achillea.millefolium"
"18","Bombus.terrestris.agg","Achillea.millefolium"
"18","Cheilosia.impressa","Achillea.millefolium"
"18","Cheilosia.soror","Achillea.millefolium"
"18","Episyrphus.balteatus","Achillea.millefolium"
"18","Eristalis.interrupta","Achillea.millefolium"
"18","Eristalis.pertinax","Achillea.millefolium"
"18","Eristalis.tenax","Achillea.millefolium"
"18","Halictus.tumulorum","Achillea.millefolium"
"18","Hylaeus.annularis","Achillea.millefolium"
"18","Lasioglossum.morio","Achillea.millefolium"
"18","Lasioglossum.pauxillum","Achillea.millefolium"
"18","Lasioglossum.pygmaeum","Achillea.millefolium"
"18","Megachile.apicalis","Achillea.millefolium"
"18","Myathropa.florea","Achillea.millefolium"
"18","Osmia.bicolor","Achillea.millefolium"
"18","Paragus.spec","Achillea.millefolium"
"18","Pipiza.noctiluca/bimaculata","Achillea.millefolium"
"18","Scaeva.pyrastri","Achillea.millefolium"
"18","Scaeva.selenitica","Achillea.millefolium"
"18","Sphaerophoria.spec","Achillea.millefolium"
"18","Syritta.pipiens","Achillea.millefolium"
"18","Syrphus.ribesii","Achillea.millefolium"
"18","Syrphus.torvus","Achillea.millefolium"
"18","Syrphus.vitripennis","Achillea.millefolium"
"18","Andrena.minutula","Anthyllis.vulneraria"
"18","Bombus.lapidarius","Anthyllis.vulneraria"
"18","Bombus.pascuorum","Anthyllis.vulneraria"
"18","Bombus.terrestris.agg","Anthyllis.vulneraria"
"18","Cheilosia.impressa","Anthyllis.vulneraria"
"18","Cheilosia.soror","Anthyllis.vulneraria"
"18","Episyrphus.balteatus","Anthyllis.vulneraria"
"18","Eristalis.interrupta","Anthyllis.vulneraria"
"18","Eristalis.pertinax","Anthyllis.vulneraria"
"18","Eristalis.tenax","Anthyllis.vulneraria"
"18","Halictus.tumulorum","Anthyllis.vulneraria"
"18","Hylaeus.annularis","Anthyllis.vulneraria"
"18","Lasioglossum.morio","Anthyllis.vulneraria"
"18","Lasioglossum.pauxillum","Anthyllis.vulneraria"
"18","Lasioglossum.pygmaeum","Anthyllis.vulneraria"
"18","Megachile.apicalis","Anthyllis.vulneraria"
"18","Myathropa.florea","Anthyllis.vulneraria"
"18","Osmia.bicolor","Anthyllis.vulneraria"
"18","Paragus.spec","Anthyllis.vulneraria"
"18","Pipiza.noctiluca/bimaculata","Anthyllis.vulneraria"
"18","Scaeva.pyrastri","Anthyllis.vulneraria"
"18","Scaeva.selenitica","Anthyllis.vulneraria"
"18","Sphaerophoria.spec","Anthyllis.vulneraria"
"18","Syritta.pipiens","Anthyllis.vulneraria"
"18","Syrphus.ribesii","Anthyllis.vulneraria"
"18","Syrphus.torvus","Anthyllis.vulneraria"
"18","Syrphus.vitripennis","Anthyllis.vulneraria"
"18","Andrena.minutula","Centaurea.jacea"
"18","Bombus.lapidarius","Centaurea.jacea"
"18","Bombus.pascuorum","Centaurea.jacea"
"18","Bombus.terrestris.agg","Centaurea.jacea"
"18","Cheilosia.impressa","Centaurea.jacea"
"18","Cheilosia.soror","Centaurea.jacea"
"18","Episyrphus.balteatus","Centaurea.jacea"
"18","Eristalis.interrupta","Centaurea.jacea"
"18","Eristalis.pertinax","Centaurea.jacea"
"18","Eristalis.tenax","Centaurea.jacea"
"18","Halictus.tumulorum","Centaurea.jacea"
"18","Hylaeus.annularis","Centaurea.jacea"
"18","Lasioglossum.morio","Centaurea.jacea"
"18","Lasioglossum.pauxillum","Centaurea.jacea"
"18","Lasioglossum.pygmaeum","Centaurea.jacea"
"18","Megachile.apicalis","Centaurea.jacea"
"18","Myathropa.florea","Centaurea.jacea"
"18","Osmia.bicolor","Centaurea.jacea"
"18","Paragus.spec","Centaurea.jacea"
"18","Pipiza.noctiluca/bimaculata","Centaurea.jacea"
"18","Scaeva.pyrastri","Centaurea.jacea"
"18","Scaeva.selenitica","Centaurea.jacea"
"18","Sphaerophoria.spec","Centaurea.jacea"
"18","Syritta.pipiens","Centaurea.jacea"
"18","Syrphus.ribesii","Centaurea.jacea"
"18","Syrphus.torvus","Centaurea.jacea"
"18","Syrphus.vitripennis","Centaurea.jacea"
"18","Andrena.minutula","Cirsium.acaule"
"18","Bombus.lapidarius","Cirsium.acaule"
"18","Bombus.pascuorum","Cirsium.acaule"
"18","Bombus.terrestris.agg","Cirsium.acaule"
"18","Cheilosia.impressa","Cirsium.acaule"
"18","Cheilosia.soror","Cirsium.acaule"
"18","Episyrphus.balteatus","Cirsium.acaule"
"18","Eristalis.interrupta","Cirsium.acaule"
"18","Eristalis.pertinax","Cirsium.acaule"
"18","Eristalis.tenax","Cirsium.acaule"
"18","Halictus.tumulorum","Cirsium.acaule"
"18","Hylaeus.annularis","Cirsium.acaule"
"18","Lasioglossum.morio","Cirsium.acaule"
"18","Lasioglossum.pauxillum","Cirsium.acaule"
"18","Lasioglossum.pygmaeum","Cirsium.acaule"
"18","Megachile.apicalis","Cirsium.acaule"
"18","Myathropa.florea","Cirsium.acaule"
"18","Osmia.bicolor","Cirsium.acaule"
"18","Paragus.spec","Cirsium.acaule"
"18","Pipiza.noctiluca/bimaculata","Cirsium.acaule"
"18","Scaeva.pyrastri","Cirsium.acaule"
"18","Scaeva.selenitica","Cirsium.acaule"
"18","Sphaerophoria.spec","Cirsium.acaule"
"18","Syritta.pipiens","Cirsium.acaule"
"18","Syrphus.ribesii","Cirsium.acaule"
"18","Syrphus.torvus","Cirsium.acaule"
"18","Syrphus.vitripennis","Cirsium.acaule"
"18","Andrena.minutula","Clinopodium.vulgare"
"18","Bombus.lapidarius","Clinopodium.vulgare"
"18","Bombus.pascuorum","Clinopodium.vulgare"
"18","Bombus.terrestris.agg","Clinopodium.vulgare"
"18","Cheilosia.impressa","Clinopodium.vulgare"
"18","Cheilosia.soror","Clinopodium.vulgare"
"18","Episyrphus.balteatus","Clinopodium.vulgare"
"18","Eristalis.interrupta","Clinopodium.vulgare"
"18","Eristalis.pertinax","Clinopodium.vulgare"
"18","Eristalis.tenax","Clinopodium.vulgare"
"18","Halictus.tumulorum","Clinopodium.vulgare"
"18","Hylaeus.annularis","Clinopodium.vulgare"
"18","Lasioglossum.morio","Clinopodium.vulgare"
"18","Lasioglossum.pauxillum","Clinopodium.vulgare"
"18","Lasioglossum.pygmaeum","Clinopodium.vulgare"
"18","Megachile.apicalis","Clinopodium.vulgare"
"18","Myathropa.florea","Clinopodium.vulgare"
"18","Osmia.bicolor","Clinopodium.vulgare"
"18","Paragus.spec","Clinopodium.vulgare"
"18","Pipiza.noctiluca/bimaculata","Clinopodium.vulgare"
"18","Scaeva.pyrastri","Clinopodium.vulgare"
"18","Scaeva.selenitica","Clinopodium.vulgare"
"18","Sphaerophoria.spec","Clinopodium.vulgare"
"18","Syritta.pipiens","Clinopodium.vulgare"
"18","Syrphus.ribesii","Clinopodium.vulgare"
"18","Syrphus.torvus","Clinopodium.vulgare"
"18","Syrphus.vitripennis","Clinopodium.vulgare"
"18","Andrena.minutula","Daucus.carota"
"18","Bombus.lapidarius","Daucus.carota"
"18","Bombus.pascuorum","Daucus.carota"
"18","Bombus.terrestris.agg","Daucus.carota"
"18","Cheilosia.impressa","Daucus.carota"
"18","Cheilosia.soror","Daucus.carota"
"18","Episyrphus.balteatus","Daucus.carota"
"18","Eristalis.interrupta","Daucus.carota"
"18","Eristalis.pertinax","Daucus.carota"
"18","Eristalis.tenax","Daucus.carota"
"18","Halictus.tumulorum","Daucus.carota"
"18","Hylaeus.annularis","Daucus.carota"
"18","Lasioglossum.morio","Daucus.carota"
"18","Lasioglossum.pauxillum","Daucus.carota"
"18","Lasioglossum.pygmaeum","Daucus.carota"
"18","Megachile.apicalis","Daucus.carota"
"18","Myathropa.florea","Daucus.carota"
"18","Osmia.bicolor","Daucus.carota"
"18","Paragus.spec","Daucus.carota"
"18","Pipiza.noctiluca/bimaculata","Daucus.carota"
"18","Scaeva.pyrastri","Daucus.carota"
"18","Scaeva.selenitica","Daucus.carota"
"18","Sphaerophoria.spec","Daucus.carota"
"18","Syritta.pipiens","Daucus.carota"
"18","Syrphus.ribesii","Daucus.carota"
"18","Syrphus.torvus","Daucus.carota"
"18","Syrphus.vitripennis","Daucus.carota"
"18","Andrena.minutula","Echium.vulgare"
"18","Bombus.lapidarius","Echium.vulgare"
"18","Bombus.pascuorum","Echium.vulgare"
"18","Bombus.terrestris.agg","Echium.vulgare"
"18","Cheilosia.impressa","Echium.vulgare"
"18","Cheilosia.soror","Echium.vulgare"
"18","Episyrphus.balteatus","Echium.vulgare"
"18","Eristalis.interrupta","Echium.vulgare"
"18","Eristalis.pertinax","Echium.vulgare"
"18","Eristalis.tenax","Echium.vulgare"
"18","Halictus.tumulorum","Echium.vulgare"
"18","Hylaeus.annularis","Echium.vulgare"
"18","Lasioglossum.morio","Echium.vulgare"
"18","Lasioglossum.pauxillum","Echium.vulgare"
"18","Lasioglossum.pygmaeum","Echium.vulgare"
"18","Megachile.apicalis","Echium.vulgare"
"18","Myathropa.florea","Echium.vulgare"
"18","Osmia.bicolor","Echium.vulgare"
"18","Paragus.spec","Echium.vulgare"
"18","Pipiza.noctiluca/bimaculata","Echium.vulgare"
"18","Scaeva.pyrastri","Echium.vulgare"
"18","Scaeva.selenitica","Echium.vulgare"
"18","Sphaerophoria.spec","Echium.vulgare"
"18","Syritta.pipiens","Echium.vulgare"
"18","Syrphus.ribesii","Echium.vulgare"
"18","Syrphus.torvus","Echium.vulgare"
"18","Syrphus.vitripennis","Echium.vulgare"
"18","Andrena.minutula","Galium.mollugo"
"18","Bombus.lapidarius","Galium.mollugo"
"18","Bombus.pascuorum","Galium.mollugo"
"18","Bombus.terrestris.agg","Galium.mollugo"
"18","Cheilosia.impressa","Galium.mollugo"
"18","Cheilosia.soror","Galium.mollugo"
"18","Episyrphus.balteatus","Galium.mollugo"
"18","Eristalis.interrupta","Galium.mollugo"
"18","Eristalis.pertinax","Galium.mollugo"
"18","Eristalis.tenax","Galium.mollugo"
"18","Halictus.tumulorum","Galium.mollugo"
"18","Hylaeus.annularis","Galium.mollugo"
"18","Lasioglossum.morio","Galium.mollugo"
"18","Lasioglossum.pauxillum","Galium.mollugo"
"18","Lasioglossum.pygmaeum","Galium.mollugo"
"18","Megachile.apicalis","Galium.mollugo"
"18","Myathropa.florea","Galium.mollugo"
"18","Osmia.bicolor","Galium.mollugo"
"18","Paragus.spec","Galium.mollugo"
"18","Pipiza.noctiluca/bimaculata","Galium.mollugo"
"18","Scaeva.pyrastri","Galium.mollugo"
"18","Scaeva.selenitica","Galium.mollugo"
"18","Sphaerophoria.spec","Galium.mollugo"
"18","Syritta.pipiens","Galium.mollugo"
"18","Syrphus.ribesii","Galium.mollugo"
"18","Syrphus.torvus","Galium.mollugo"
"18","Syrphus.vitripennis","Galium.mollugo"
"18","Andrena.minutula","Hieracium.pilosella"
"18","Bombus.lapidarius","Hieracium.pilosella"
"18","Bombus.pascuorum","Hieracium.pilosella"
"18","Bombus.terrestris.agg","Hieracium.pilosella"
"18","Cheilosia.impressa","Hieracium.pilosella"
"18","Cheilosia.soror","Hieracium.pilosella"
"18","Episyrphus.balteatus","Hieracium.pilosella"
"18","Eristalis.interrupta","Hieracium.pilosella"
"18","Eristalis.pertinax","Hieracium.pilosella"
"18","Eristalis.tenax","Hieracium.pilosella"
"18","Halictus.tumulorum","Hieracium.pilosella"
"18","Hylaeus.annularis","Hieracium.pilosella"
"18","Lasioglossum.morio","Hieracium.pilosella"
"18","Lasioglossum.pauxillum","Hieracium.pilosella"
"18","Lasioglossum.pygmaeum","Hieracium.pilosella"
"18","Megachile.apicalis","Hieracium.pilosella"
"18","Myathropa.florea","Hieracium.pilosella"
"18","Osmia.bicolor","Hieracium.pilosella"
"18","Paragus.spec","Hieracium.pilosella"
"18","Pipiza.noctiluca/bimaculata","Hieracium.pilosella"
"18","Scaeva.pyrastri","Hieracium.pilosella"
"18","Scaeva.selenitica","Hieracium.pilosella"
"18","Sphaerophoria.spec","Hieracium.pilosella"
"18","Syritta.pipiens","Hieracium.pilosella"
"18","Syrphus.ribesii","Hieracium.pilosella"
"18","Syrphus.torvus","Hieracium.pilosella"
"18","Syrphus.vitripennis","Hieracium.pilosella"
"18","Andrena.minutula","Hippocrepis.comosa"
"18","Bombus.lapidarius","Hippocrepis.comosa"
"18","Bombus.pascuorum","Hippocrepis.comosa"
"18","Bombus.terrestris.agg","Hippocrepis.comosa"
"18","Cheilosia.impressa","Hippocrepis.comosa"
"18","Cheilosia.soror","Hippocrepis.comosa"
"18","Episyrphus.balteatus","Hippocrepis.comosa"
"18","Eristalis.interrupta","Hippocrepis.comosa"
"18","Eristalis.pertinax","Hippocrepis.comosa"
"18","Eristalis.tenax","Hippocrepis.comosa"
"18","Halictus.tumulorum","Hippocrepis.comosa"
"18","Hylaeus.annularis","Hippocrepis.comosa"
"18","Lasioglossum.morio","Hippocrepis.comosa"
"18","Lasioglossum.pauxillum","Hippocrepis.comosa"
"18","Lasioglossum.pygmaeum","Hippocrepis.comosa"
"18","Megachile.apicalis","Hippocrepis.comosa"
"18","Myathropa.florea","Hippocrepis.comosa"
"18","Osmia.bicolor","Hippocrepis.comosa"
"18","Paragus.spec","Hippocrepis.comosa"
"18","Pipiza.noctiluca/bimaculata","Hippocrepis.comosa"
"18","Scaeva.pyrastri","Hippocrepis.comosa"
"18","Scaeva.selenitica","Hippocrepis.comosa"
"18","Sphaerophoria.spec","Hippocrepis.comosa"
"18","Syritta.pipiens","Hippocrepis.comosa"
"18","Syrphus.ribesii","Hippocrepis.comosa"
"18","Syrphus.torvus","Hippocrepis.comosa"
"18","Syrphus.vitripennis","Hippocrepis.comosa"
"18","Andrena.minutula","Knautia.arvensis"
"18","Bombus.lapidarius","Knautia.arvensis"
"18","Bombus.pascuorum","Knautia.arvensis"
"18","Bombus.terrestris.agg","Knautia.arvensis"
"18","Cheilosia.impressa","Knautia.arvensis"
"18","Cheilosia.soror","Knautia.arvensis"
"18","Episyrphus.balteatus","Knautia.arvensis"
"18","Eristalis.interrupta","Knautia.arvensis"
"18","Eristalis.pertinax","Knautia.arvensis"
"18","Eristalis.tenax","Knautia.arvensis"
"18","Halictus.tumulorum","Knautia.arvensis"
"18","Hylaeus.annularis","Knautia.arvensis"
"18","Lasioglossum.morio","Knautia.arvensis"
"18","Lasioglossum.pauxillum","Knautia.arvensis"
"18","Lasioglossum.pygmaeum","Knautia.arvensis"
"18","Megachile.apicalis","Knautia.arvensis"
"18","Myathropa.florea","Knautia.arvensis"
"18","Osmia.bicolor","Knautia.arvensis"
"18","Paragus.spec","Knautia.arvensis"
"18","Pipiza.noctiluca/bimaculata","Knautia.arvensis"
"18","Scaeva.pyrastri","Knautia.arvensis"
"18","Scaeva.selenitica","Knautia.arvensis"
"18","Sphaerophoria.spec","Knautia.arvensis"
"18","Syritta.pipiens","Knautia.arvensis"
"18","Syrphus.ribesii","Knautia.arvensis"
"18","Syrphus.torvus","Knautia.arvensis"
"18","Syrphus.vitripennis","Knautia.arvensis"
"18","Andrena.minutula","Leontodon.hispidus"
"18","Bombus.lapidarius","Leontodon.hispidus"
"18","Bombus.pascuorum","Leontodon.hispidus"
"18","Bombus.terrestris.agg","Leontodon.hispidus"
"18","Cheilosia.impressa","Leontodon.hispidus"
"18","Cheilosia.soror","Leontodon.hispidus"
"18","Episyrphus.balteatus","Leontodon.hispidus"
"18","Eristalis.interrupta","Leontodon.hispidus"
"18","Eristalis.pertinax","Leontodon.hispidus"
"18","Eristalis.tenax","Leontodon.hispidus"
"18","Halictus.tumulorum","Leontodon.hispidus"
"18","Hylaeus.annularis","Leontodon.hispidus"
"18","Lasioglossum.morio","Leontodon.hispidus"
"18","Lasioglossum.pauxillum","Leontodon.hispidus"
"18","Lasioglossum.pygmaeum","Leontodon.hispidus"
"18","Megachile.apicalis","Leontodon.hispidus"
"18","Myathropa.florea","Leontodon.hispidus"
"18","Osmia.bicolor","Leontodon.hispidus"
"18","Paragus.spec","Leontodon.hispidus"
"18","Pipiza.noctiluca/bimaculata","Leontodon.hispidus"
"18","Scaeva.pyrastri","Leontodon.hispidus"
"18","Scaeva.selenitica","Leontodon.hispidus"
"18","Sphaerophoria.spec","Leontodon.hispidus"
"18","Syritta.pipiens","Leontodon.hispidus"
"18","Syrphus.ribesii","Leontodon.hispidus"
"18","Syrphus.torvus","Leontodon.hispidus"
"18","Syrphus.vitripennis","Leontodon.hispidus"
"18","Andrena.minutula","Leucanthemum.vulgare"
"18","Bombus.lapidarius","Leucanthemum.vulgare"
"18","Bombus.pascuorum","Leucanthemum.vulgare"
"18","Bombus.terrestris.agg","Leucanthemum.vulgare"
"18","Cheilosia.impressa","Leucanthemum.vulgare"
"18","Cheilosia.soror","Leucanthemum.vulgare"
"18","Episyrphus.balteatus","Leucanthemum.vulgare"
"18","Eristalis.interrupta","Leucanthemum.vulgare"
"18","Eristalis.pertinax","Leucanthemum.vulgare"
"18","Eristalis.tenax","Leucanthemum.vulgare"
"18","Halictus.tumulorum","Leucanthemum.vulgare"
"18","Hylaeus.annularis","Leucanthemum.vulgare"
"18","Lasioglossum.morio","Leucanthemum.vulgare"
"18","Lasioglossum.pauxillum","Leucanthemum.vulgare"
"18","Lasioglossum.pygmaeum","Leucanthemum.vulgare"
"18","Megachile.apicalis","Leucanthemum.vulgare"
"18","Myathropa.florea","Leucanthemum.vulgare"
"18","Osmia.bicolor","Leucanthemum.vulgare"
"18","Paragus.spec","Leucanthemum.vulgare"
"18","Pipiza.noctiluca/bimaculata","Leucanthemum.vulgare"
"18","Scaeva.pyrastri","Leucanthemum.vulgare"
"18","Scaeva.selenitica","Leucanthemum.vulgare"
"18","Sphaerophoria.spec","Leucanthemum.vulgare"
"18","Syritta.pipiens","Leucanthemum.vulgare"
"18","Syrphus.ribesii","Leucanthemum.vulgare"
"18","Syrphus.torvus","Leucanthemum.vulgare"
"18","Syrphus.vitripennis","Leucanthemum.vulgare"
"18","Andrena.minutula","Lotus.corniculatus"
"18","Bombus.lapidarius","Lotus.corniculatus"
"18","Bombus.pascuorum","Lotus.corniculatus"
"18","Bombus.terrestris.agg","Lotus.corniculatus"
"18","Cheilosia.impressa","Lotus.corniculatus"
"18","Cheilosia.soror","Lotus.corniculatus"
"18","Episyrphus.balteatus","Lotus.corniculatus"
"18","Eristalis.interrupta","Lotus.corniculatus"
"18","Eristalis.pertinax","Lotus.corniculatus"
"18","Eristalis.tenax","Lotus.corniculatus"
"18","Halictus.tumulorum","Lotus.corniculatus"
"18","Hylaeus.annularis","Lotus.corniculatus"
"18","Lasioglossum.morio","Lotus.corniculatus"
"18","Lasioglossum.pauxillum","Lotus.corniculatus"
"18","Lasioglossum.pygmaeum","Lotus.corniculatus"
"18","Megachile.apicalis","Lotus.corniculatus"
"18","Myathropa.florea","Lotus.corniculatus"
"18","Osmia.bicolor","Lotus.corniculatus"
"18","Paragus.spec","Lotus.corniculatus"
"18","Pipiza.noctiluca/bimaculata","Lotus.corniculatus"
"18","Scaeva.pyrastri","Lotus.corniculatus"
"18","Scaeva.selenitica","Lotus.corniculatus"
"18","Sphaerophoria.spec","Lotus.corniculatus"
"18","Syritta.pipiens","Lotus.corniculatus"
"18","Syrphus.ribesii","Lotus.corniculatus"
"18","Syrphus.torvus","Lotus.corniculatus"
"18","Syrphus.vitripennis","Lotus.corniculatus"
"18","Andrena.minutula","Ononis.repens"
"18","Bombus.lapidarius","Ononis.repens"
"18","Bombus.pascuorum","Ononis.repens"
"18","Bombus.terrestris.agg","Ononis.repens"
"18","Cheilosia.impressa","Ononis.repens"
"18","Cheilosia.soror","Ononis.repens"
"18","Episyrphus.balteatus","Ononis.repens"
"18","Eristalis.interrupta","Ononis.repens"
"18","Eristalis.pertinax","Ononis.repens"
"18","Eristalis.tenax","Ononis.repens"
"18","Halictus.tumulorum","Ononis.repens"
"18","Hylaeus.annularis","Ononis.repens"
"18","Lasioglossum.morio","Ononis.repens"
"18","Lasioglossum.pauxillum","Ononis.repens"
"18","Lasioglossum.pygmaeum","Ononis.repens"
"18","Megachile.apicalis","Ononis.repens"
"18","Myathropa.florea","Ononis.repens"
"18","Osmia.bicolor","Ononis.repens"
"18","Paragus.spec","Ononis.repens"
"18","Pipiza.noctiluca/bimaculata","Ononis.repens"
"18","Scaeva.pyrastri","Ononis.repens"
"18","Scaeva.selenitica","Ononis.repens"
"18","Sphaerophoria.spec","Ononis.repens"
"18","Syritta.pipiens","Ononis.repens"
"18","Syrphus.ribesii","Ononis.repens"
"18","Syrphus.torvus","Ononis.repens"
"18","Syrphus.vitripennis","Ononis.repens"
"18","Andrena.minutula","Ononis.spinosa"
"18","Bombus.lapidarius","Ononis.spinosa"
"18","Bombus.pascuorum","Ononis.spinosa"
"18","Bombus.terrestris.agg","Ononis.spinosa"
"18","Cheilosia.impressa","Ononis.spinosa"
"18","Cheilosia.soror","Ononis.spinosa"
"18","Episyrphus.balteatus","Ononis.spinosa"
"18","Eristalis.interrupta","Ononis.spinosa"
"18","Eristalis.pertinax","Ononis.spinosa"
"18","Eristalis.tenax","Ononis.spinosa"
"18","Halictus.tumulorum","Ononis.spinosa"
"18","Hylaeus.annularis","Ononis.spinosa"
"18","Lasioglossum.morio","Ononis.spinosa"
"18","Lasioglossum.pauxillum","Ononis.spinosa"
"18","Lasioglossum.pygmaeum","Ononis.spinosa"
"18","Megachile.apicalis","Ononis.spinosa"
"18","Myathropa.florea","Ononis.spinosa"
"18","Osmia.bicolor","Ononis.spinosa"
"18","Paragus.spec","Ononis.spinosa"
"18","Pipiza.noctiluca/bimaculata","Ononis.spinosa"
"18","Scaeva.pyrastri","Ononis.spinosa"
"18","Scaeva.selenitica","Ononis.spinosa"
"18","Sphaerophoria.spec","Ononis.spinosa"
"18","Syritta.pipiens","Ononis.spinosa"
"18","Syrphus.ribesii","Ononis.spinosa"
"18","Syrphus.torvus","Ononis.spinosa"
"18","Syrphus.vitripennis","Ononis.spinosa"
"18","Andrena.minutula","Pimpinella.saxifraga"
"18","Bombus.lapidarius","Pimpinella.saxifraga"
"18","Bombus.pascuorum","Pimpinella.saxifraga"
"18","Bombus.terrestris.agg","Pimpinella.saxifraga"
"18","Cheilosia.impressa","Pimpinella.saxifraga"
"18","Cheilosia.soror","Pimpinella.saxifraga"
"18","Episyrphus.balteatus","Pimpinella.saxifraga"
"18","Eristalis.interrupta","Pimpinella.saxifraga"
"18","Eristalis.pertinax","Pimpinella.saxifraga"
"18","Eristalis.tenax","Pimpinella.saxifraga"
"18","Halictus.tumulorum","Pimpinella.saxifraga"
"18","Hylaeus.annularis","Pimpinella.saxifraga"
"18","Lasioglossum.morio","Pimpinella.saxifraga"
"18","Lasioglossum.pauxillum","Pimpinella.saxifraga"
"18","Lasioglossum.pygmaeum","Pimpinella.saxifraga"
"18","Megachile.apicalis","Pimpinella.saxifraga"
"18","Myathropa.florea","Pimpinella.saxifraga"
"18","Osmia.bicolor","Pimpinella.saxifraga"
"18","Paragus.spec","Pimpinella.saxifraga"
"18","Pipiza.noctiluca/bimaculata","Pimpinella.saxifraga"
"18","Scaeva.pyrastri","Pimpinella.saxifraga"
"18","Scaeva.selenitica","Pimpinella.saxifraga"
"18","Sphaerophoria.spec","Pimpinella.saxifraga"
"18","Syritta.pipiens","Pimpinella.saxifraga"
"18","Syrphus.ribesii","Pimpinella.saxifraga"
"18","Syrphus.torvus","Pimpinella.saxifraga"
"18","Syrphus.vitripennis","Pimpinella.saxifraga"
"18","Andrena.minutula","Polygala.vulgaris"
"18","Bombus.lapidarius","Polygala.vulgaris"
"18","Bombus.pascuorum","Polygala.vulgaris"
"18","Bombus.terrestris.agg","Polygala.vulgaris"
"18","Cheilosia.impressa","Polygala.vulgaris"
"18","Cheilosia.soror","Polygala.vulgaris"
"18","Episyrphus.balteatus","Polygala.vulgaris"
"18","Eristalis.interrupta","Polygala.vulgaris"
"18","Eristalis.pertinax","Polygala.vulgaris"
"18","Eristalis.tenax","Polygala.vulgaris"
"18","Halictus.tumulorum","Polygala.vulgaris"
"18","Hylaeus.annularis","Polygala.vulgaris"
"18","Lasioglossum.morio","Polygala.vulgaris"
"18","Lasioglossum.pauxillum","Polygala.vulgaris"
"18","Lasioglossum.pygmaeum","Polygala.vulgaris"
"18","Megachile.apicalis","Polygala.vulgaris"
"18","Myathropa.florea","Polygala.vulgaris"
"18","Osmia.bicolor","Polygala.vulgaris"
"18","Paragus.spec","Polygala.vulgaris"
"18","Pipiza.noctiluca/bimaculata","Polygala.vulgaris"
"18","Scaeva.pyrastri","Polygala.vulgaris"
"18","Scaeva.selenitica","Polygala.vulgaris"
"18","Sphaerophoria.spec","Polygala.vulgaris"
"18","Syritta.pipiens","Polygala.vulgaris"
"18","Syrphus.ribesii","Polygala.vulgaris"
"18","Syrphus.torvus","Polygala.vulgaris"
"18","Syrphus.vitripennis","Polygala.vulgaris"
"18","Andrena.minutula","Prunella.grandiflora"
"18","Bombus.lapidarius","Prunella.grandiflora"
"18","Bombus.pascuorum","Prunella.grandiflora"
"18","Bombus.terrestris.agg","Prunella.grandiflora"
"18","Cheilosia.impressa","Prunella.grandiflora"
"18","Cheilosia.soror","Prunella.grandiflora"
"18","Episyrphus.balteatus","Prunella.grandiflora"
"18","Eristalis.interrupta","Prunella.grandiflora"
"18","Eristalis.pertinax","Prunella.grandiflora"
"18","Eristalis.tenax","Prunella.grandiflora"
"18","Halictus.tumulorum","Prunella.grandiflora"
"18","Hylaeus.annularis","Prunella.grandiflora"
"18","Lasioglossum.morio","Prunella.grandiflora"
"18","Lasioglossum.pauxillum","Prunella.grandiflora"
"18","Lasioglossum.pygmaeum","Prunella.grandiflora"
"18","Megachile.apicalis","Prunella.grandiflora"
"18","Myathropa.florea","Prunella.grandiflora"
"18","Osmia.bicolor","Prunella.grandiflora"
"18","Paragus.spec","Prunella.grandiflora"
"18","Pipiza.noctiluca/bimaculata","Prunella.grandiflora"
"18","Scaeva.pyrastri","Prunella.grandiflora"
"18","Scaeva.selenitica","Prunella.grandiflora"
"18","Sphaerophoria.spec","Prunella.grandiflora"
"18","Syritta.pipiens","Prunella.grandiflora"
"18","Syrphus.ribesii","Prunella.grandiflora"
"18","Syrphus.torvus","Prunella.grandiflora"
"18","Syrphus.vitripennis","Prunella.grandiflora"
"18","Andrena.minutula","Senecio.jacobaea"
"18","Bombus.lapidarius","Senecio.jacobaea"
"18","Bombus.pascuorum","Senecio.jacobaea"
"18","Bombus.terrestris.agg","Senecio.jacobaea"
"18","Cheilosia.impressa","Senecio.jacobaea"
"18","Cheilosia.soror","Senecio.jacobaea"
"18","Episyrphus.balteatus","Senecio.jacobaea"
"18","Eristalis.interrupta","Senecio.jacobaea"
"18","Eristalis.pertinax","Senecio.jacobaea"
"18","Eristalis.tenax","Senecio.jacobaea"
"18","Halictus.tumulorum","Senecio.jacobaea"
"18","Hylaeus.annularis","Senecio.jacobaea"
"18","Lasioglossum.morio","Senecio.jacobaea"
"18","Lasioglossum.pauxillum","Senecio.jacobaea"
"18","Lasioglossum.pygmaeum","Senecio.jacobaea"
"18","Megachile.apicalis","Senecio.jacobaea"
"18","Myathropa.florea","Senecio.jacobaea"
"18","Osmia.bicolor","Senecio.jacobaea"
"18","Paragus.spec","Senecio.jacobaea"
"18","Pipiza.noctiluca/bimaculata","Senecio.jacobaea"
"18","Scaeva.pyrastri","Senecio.jacobaea"
"18","Scaeva.selenitica","Senecio.jacobaea"
"18","Sphaerophoria.spec","Senecio.jacobaea"
"18","Syritta.pipiens","Senecio.jacobaea"
"18","Syrphus.ribesii","Senecio.jacobaea"
"18","Syrphus.torvus","Senecio.jacobaea"
"18","Syrphus.vitripennis","Senecio.jacobaea"
"18","Andrena.minutula","Taraxacum.officinale"
"18","Bombus.lapidarius","Taraxacum.officinale"
"18","Bombus.pascuorum","Taraxacum.officinale"
"18","Bombus.terrestris.agg","Taraxacum.officinale"
"18","Cheilosia.impressa","Taraxacum.officinale"
"18","Cheilosia.soror","Taraxacum.officinale"
"18","Episyrphus.balteatus","Taraxacum.officinale"
"18","Eristalis.interrupta","Taraxacum.officinale"
"18","Eristalis.pertinax","Taraxacum.officinale"
"18","Eristalis.tenax","Taraxacum.officinale"
"18","Halictus.tumulorum","Taraxacum.officinale"
"18","Hylaeus.annularis","Taraxacum.officinale"
"18","Lasioglossum.morio","Taraxacum.officinale"
"18","Lasioglossum.pauxillum","Taraxacum.officinale"
"18","Lasioglossum.pygmaeum","Taraxacum.officinale"
"18","Megachile.apicalis","Taraxacum.officinale"
"18","Myathropa.florea","Taraxacum.officinale"
"18","Osmia.bicolor","Taraxacum.officinale"
"18","Paragus.spec","Taraxacum.officinale"
"18","Pipiza.noctiluca/bimaculata","Taraxacum.officinale"
"18","Scaeva.pyrastri","Taraxacum.officinale"
"18","Scaeva.selenitica","Taraxacum.officinale"
"18","Sphaerophoria.spec","Taraxacum.officinale"
"18","Syritta.pipiens","Taraxacum.officinale"
"18","Syrphus.ribesii","Taraxacum.officinale"
"18","Syrphus.torvus","Taraxacum.officinale"
"18","Syrphus.vitripennis","Taraxacum.officinale"
"18","Andrena.minutula","Thymus.pulegioides"
"18","Bombus.lapidarius","Thymus.pulegioides"
"18","Bombus.pascuorum","Thymus.pulegioides"
"18","Bombus.terrestris.agg","Thymus.pulegioides"
"18","Cheilosia.impressa","Thymus.pulegioides"
"18","Cheilosia.soror","Thymus.pulegioides"
"18","Episyrphus.balteatus","Thymus.pulegioides"
"18","Eristalis.interrupta","Thymus.pulegioides"
"18","Eristalis.pertinax","Thymus.pulegioides"
"18","Eristalis.tenax","Thymus.pulegioides"
"18","Halictus.tumulorum","Thymus.pulegioides"
"18","Hylaeus.annularis","Thymus.pulegioides"
"18","Lasioglossum.morio","Thymus.pulegioides"
"18","Lasioglossum.pauxillum","Thymus.pulegioides"
"18","Lasioglossum.pygmaeum","Thymus.pulegioides"
"18","Megachile.apicalis","Thymus.pulegioides"
"18","Myathropa.florea","Thymus.pulegioides"
"18","Osmia.bicolor","Thymus.pulegioides"
"18","Paragus.spec","Thymus.pulegioides"
"18","Pipiza.noctiluca/bimaculata","Thymus.pulegioides"
"18","Scaeva.pyrastri","Thymus.pulegioides"
"18","Scaeva.selenitica","Thymus.pulegioides"
"18","Sphaerophoria.spec","Thymus.pulegioides"
"18","Syritta.pipiens","Thymus.pulegioides"
"18","Syrphus.ribesii","Thymus.pulegioides"
"18","Syrphus.torvus","Thymus.pulegioides"
"18","Syrphus.vitripennis","Thymus.pulegioides"
"19","Andrena.labiata","Carlina.vulgaris"
"19","Andrena.minutula","Carlina.vulgaris"
"19","Andrena.minutuloides","Carlina.vulgaris"
"19","Anthidium.punctatum","Carlina.vulgaris"
"19","Anthidium.strigatum","Carlina.vulgaris"
"19","Bombus.lapidarius","Carlina.vulgaris"
"19","Bombus.pascuorum","Carlina.vulgaris"
"19","Bombus.soroeensis","Carlina.vulgaris"
"19","Bombus.terrestris.agg","Carlina.vulgaris"
"19","Cheilosia.soror","Carlina.vulgaris"
"19","Epistrophe.grossulariae","Carlina.vulgaris"
"19","Episyrphus.balteatus","Carlina.vulgaris"
"19","Eristalis.interrupta","Carlina.vulgaris"
"19","Eristalis.tenax","Carlina.vulgaris"
"19","Halictus.tumulorum","Carlina.vulgaris"
"19","Helophilus.trivittatus","Carlina.vulgaris"
"19","Hylaeus.communis","Carlina.vulgaris"
"19","Hylaeus.confusus","Carlina.vulgaris"
"19","Hylaeus.nigritus","Carlina.vulgaris"
"19","Lasioglossum.calceatum","Carlina.vulgaris"
"19","Lasioglossum.lativentre","Carlina.vulgaris"
"19","Lasioglossum.lucidulum","Carlina.vulgaris"
"19","Lasioglossum.morio","Carlina.vulgaris"
"19","Lasioglossum.pauxillum","Carlina.vulgaris"
"19","Lasioglossum.villosulum","Carlina.vulgaris"
"19","Melanostoma.spec","Carlina.vulgaris"
"19","Myathropa.florea","Carlina.vulgaris"
"19","Osmia.aurulenta","Carlina.vulgaris"
"19","Osmia.bicolor","Carlina.vulgaris"
"19","Osmia.spinulosa","Carlina.vulgaris"
"19","Psithyrus.bohemicus","Carlina.vulgaris"
"19","Sphaerophoria.spec","Carlina.vulgaris"
"19","Sphecodes.ferruginatus","Carlina.vulgaris"
"19","Syritta.pipiens","Carlina.vulgaris"
"19","Syrphus.ribesii","Carlina.vulgaris"
"19","Syrphus.torvus","Carlina.vulgaris"
"19","Syrphus.vitripennis","Carlina.vulgaris"
"19","Andrena.labiata","Centaurea.scabiosa"
"19","Andrena.minutula","Centaurea.scabiosa"
"19","Andrena.minutuloides","Centaurea.scabiosa"
"19","Anthidium.punctatum","Centaurea.scabiosa"
"19","Anthidium.strigatum","Centaurea.scabiosa"
"19","Bombus.lapidarius","Centaurea.scabiosa"
"19","Bombus.pascuorum","Centaurea.scabiosa"
"19","Bombus.soroeensis","Centaurea.scabiosa"
"19","Bombus.terrestris.agg","Centaurea.scabiosa"
"19","Cheilosia.soror","Centaurea.scabiosa"
"19","Epistrophe.grossulariae","Centaurea.scabiosa"
"19","Episyrphus.balteatus","Centaurea.scabiosa"
"19","Eristalis.interrupta","Centaurea.scabiosa"
"19","Eristalis.tenax","Centaurea.scabiosa"
"19","Halictus.tumulorum","Centaurea.scabiosa"
"19","Helophilus.trivittatus","Centaurea.scabiosa"
"19","Hylaeus.communis","Centaurea.scabiosa"
"19","Hylaeus.confusus","Centaurea.scabiosa"
"19","Hylaeus.nigritus","Centaurea.scabiosa"
"19","Lasioglossum.calceatum","Centaurea.scabiosa"
"19","Lasioglossum.lativentre","Centaurea.scabiosa"
"19","Lasioglossum.lucidulum","Centaurea.scabiosa"
"19","Lasioglossum.morio","Centaurea.scabiosa"
"19","Lasioglossum.pauxillum","Centaurea.scabiosa"
"19","Lasioglossum.villosulum","Centaurea.scabiosa"
"19","Melanostoma.spec","Centaurea.scabiosa"
"19","Myathropa.florea","Centaurea.scabiosa"
"19","Osmia.aurulenta","Centaurea.scabiosa"
"19","Osmia.bicolor","Centaurea.scabiosa"
"19","Osmia.spinulosa","Centaurea.scabiosa"
"19","Psithyrus.bohemicus","Centaurea.scabiosa"
"19","Sphaerophoria.spec","Centaurea.scabiosa"
"19","Sphecodes.ferruginatus","Centaurea.scabiosa"
"19","Syritta.pipiens","Centaurea.scabiosa"
"19","Syrphus.ribesii","Centaurea.scabiosa"
"19","Syrphus.torvus","Centaurea.scabiosa"
"19","Syrphus.vitripennis","Centaurea.scabiosa"
"19","Andrena.labiata","Cirsium.acaule"
"19","Andrena.minutula","Cirsium.acaule"
"19","Andrena.minutuloides","Cirsium.acaule"
"19","Anthidium.punctatum","Cirsium.acaule"
"19","Anthidium.strigatum","Cirsium.acaule"
"19","Bombus.lapidarius","Cirsium.acaule"
"19","Bombus.pascuorum","Cirsium.acaule"
"19","Bombus.soroeensis","Cirsium.acaule"
"19","Bombus.terrestris.agg","Cirsium.acaule"
"19","Cheilosia.soror","Cirsium.acaule"
"19","Epistrophe.grossulariae","Cirsium.acaule"
"19","Episyrphus.balteatus","Cirsium.acaule"
"19","Eristalis.interrupta","Cirsium.acaule"
"19","Eristalis.tenax","Cirsium.acaule"
"19","Halictus.tumulorum","Cirsium.acaule"
"19","Helophilus.trivittatus","Cirsium.acaule"
"19","Hylaeus.communis","Cirsium.acaule"
"19","Hylaeus.confusus","Cirsium.acaule"
"19","Hylaeus.nigritus","Cirsium.acaule"
"19","Lasioglossum.calceatum","Cirsium.acaule"
"19","Lasioglossum.lativentre","Cirsium.acaule"
"19","Lasioglossum.lucidulum","Cirsium.acaule"
"19","Lasioglossum.morio","Cirsium.acaule"
"19","Lasioglossum.pauxillum","Cirsium.acaule"
"19","Lasioglossum.villosulum","Cirsium.acaule"
"19","Melanostoma.spec","Cirsium.acaule"
"19","Myathropa.florea","Cirsium.acaule"
"19","Osmia.aurulenta","Cirsium.acaule"
"19","Osmia.bicolor","Cirsium.acaule"
"19","Osmia.spinulosa","Cirsium.acaule"
"19","Psithyrus.bohemicus","Cirsium.acaule"
"19","Sphaerophoria.spec","Cirsium.acaule"
"19","Sphecodes.ferruginatus","Cirsium.acaule"
"19","Syritta.pipiens","Cirsium.acaule"
"19","Syrphus.ribesii","Cirsium.acaule"
"19","Syrphus.torvus","Cirsium.acaule"
"19","Syrphus.vitripennis","Cirsium.acaule"
"19","Andrena.labiata","Clinopodium.vulgare"
"19","Andrena.minutula","Clinopodium.vulgare"
"19","Andrena.minutuloides","Clinopodium.vulgare"
"19","Anthidium.punctatum","Clinopodium.vulgare"
"19","Anthidium.strigatum","Clinopodium.vulgare"
"19","Bombus.lapidarius","Clinopodium.vulgare"
"19","Bombus.pascuorum","Clinopodium.vulgare"
"19","Bombus.soroeensis","Clinopodium.vulgare"
"19","Bombus.terrestris.agg","Clinopodium.vulgare"
"19","Cheilosia.soror","Clinopodium.vulgare"
"19","Epistrophe.grossulariae","Clinopodium.vulgare"
"19","Episyrphus.balteatus","Clinopodium.vulgare"
"19","Eristalis.interrupta","Clinopodium.vulgare"
"19","Eristalis.tenax","Clinopodium.vulgare"
"19","Halictus.tumulorum","Clinopodium.vulgare"
"19","Helophilus.trivittatus","Clinopodium.vulgare"
"19","Hylaeus.communis","Clinopodium.vulgare"
"19","Hylaeus.confusus","Clinopodium.vulgare"
"19","Hylaeus.nigritus","Clinopodium.vulgare"
"19","Lasioglossum.calceatum","Clinopodium.vulgare"
"19","Lasioglossum.lativentre","Clinopodium.vulgare"
"19","Lasioglossum.lucidulum","Clinopodium.vulgare"
"19","Lasioglossum.morio","Clinopodium.vulgare"
"19","Lasioglossum.pauxillum","Clinopodium.vulgare"
"19","Lasioglossum.villosulum","Clinopodium.vulgare"
"19","Melanostoma.spec","Clinopodium.vulgare"
"19","Myathropa.florea","Clinopodium.vulgare"
"19","Osmia.aurulenta","Clinopodium.vulgare"
"19","Osmia.bicolor","Clinopodium.vulgare"
"19","Osmia.spinulosa","Clinopodium.vulgare"
"19","Psithyrus.bohemicus","Clinopodium.vulgare"
"19","Sphaerophoria.spec","Clinopodium.vulgare"
"19","Sphecodes.ferruginatus","Clinopodium.vulgare"
"19","Syritta.pipiens","Clinopodium.vulgare"
"19","Syrphus.ribesii","Clinopodium.vulgare"
"19","Syrphus.torvus","Clinopodium.vulgare"
"19","Syrphus.vitripennis","Clinopodium.vulgare"
"19","Andrena.labiata","Daucus.carota"
"19","Andrena.minutula","Daucus.carota"
"19","Andrena.minutuloides","Daucus.carota"
"19","Anthidium.punctatum","Daucus.carota"
"19","Anthidium.strigatum","Daucus.carota"
"19","Bombus.lapidarius","Daucus.carota"
"19","Bombus.pascuorum","Daucus.carota"
"19","Bombus.soroeensis","Daucus.carota"
"19","Bombus.terrestris.agg","Daucus.carota"
"19","Cheilosia.soror","Daucus.carota"
"19","Epistrophe.grossulariae","Daucus.carota"
"19","Episyrphus.balteatus","Daucus.carota"
"19","Eristalis.interrupta","Daucus.carota"
"19","Eristalis.tenax","Daucus.carota"
"19","Halictus.tumulorum","Daucus.carota"
"19","Helophilus.trivittatus","Daucus.carota"
"19","Hylaeus.communis","Daucus.carota"
"19","Hylaeus.confusus","Daucus.carota"
"19","Hylaeus.nigritus","Daucus.carota"
"19","Lasioglossum.calceatum","Daucus.carota"
"19","Lasioglossum.lativentre","Daucus.carota"
"19","Lasioglossum.lucidulum","Daucus.carota"
"19","Lasioglossum.morio","Daucus.carota"
"19","Lasioglossum.pauxillum","Daucus.carota"
"19","Lasioglossum.villosulum","Daucus.carota"
"19","Melanostoma.spec","Daucus.carota"
"19","Myathropa.florea","Daucus.carota"
"19","Osmia.aurulenta","Daucus.carota"
"19","Osmia.bicolor","Daucus.carota"
"19","Osmia.spinulosa","Daucus.carota"
"19","Psithyrus.bohemicus","Daucus.carota"
"19","Sphaerophoria.spec","Daucus.carota"
"19","Sphecodes.ferruginatus","Daucus.carota"
"19","Syritta.pipiens","Daucus.carota"
"19","Syrphus.ribesii","Daucus.carota"
"19","Syrphus.torvus","Daucus.carota"
"19","Syrphus.vitripennis","Daucus.carota"
"19","Andrena.labiata","Hippocrepis.comosa"
"19","Andrena.minutula","Hippocrepis.comosa"
"19","Andrena.minutuloides","Hippocrepis.comosa"
"19","Anthidium.punctatum","Hippocrepis.comosa"
"19","Anthidium.strigatum","Hippocrepis.comosa"
"19","Bombus.lapidarius","Hippocrepis.comosa"
"19","Bombus.pascuorum","Hippocrepis.comosa"
"19","Bombus.soroeensis","Hippocrepis.comosa"
"19","Bombus.terrestris.agg","Hippocrepis.comosa"
"19","Cheilosia.soror","Hippocrepis.comosa"
"19","Epistrophe.grossulariae","Hippocrepis.comosa"
"19","Episyrphus.balteatus","Hippocrepis.comosa"
"19","Eristalis.interrupta","Hippocrepis.comosa"
"19","Eristalis.tenax","Hippocrepis.comosa"
"19","Halictus.tumulorum","Hippocrepis.comosa"
"19","Helophilus.trivittatus","Hippocrepis.comosa"
"19","Hylaeus.communis","Hippocrepis.comosa"
"19","Hylaeus.confusus","Hippocrepis.comosa"
"19","Hylaeus.nigritus","Hippocrepis.comosa"
"19","Lasioglossum.calceatum","Hippocrepis.comosa"
"19","Lasioglossum.lativentre","Hippocrepis.comosa"
"19","Lasioglossum.lucidulum","Hippocrepis.comosa"
"19","Lasioglossum.morio","Hippocrepis.comosa"
"19","Lasioglossum.pauxillum","Hippocrepis.comosa"
"19","Lasioglossum.villosulum","Hippocrepis.comosa"
"19","Melanostoma.spec","Hippocrepis.comosa"
"19","Myathropa.florea","Hippocrepis.comosa"
"19","Osmia.aurulenta","Hippocrepis.comosa"
"19","Osmia.bicolor","Hippocrepis.comosa"
"19","Osmia.spinulosa","Hippocrepis.comosa"
"19","Psithyrus.bohemicus","Hippocrepis.comosa"
"19","Sphaerophoria.spec","Hippocrepis.comosa"
"19","Sphecodes.ferruginatus","Hippocrepis.comosa"
"19","Syritta.pipiens","Hippocrepis.comosa"
"19","Syrphus.ribesii","Hippocrepis.comosa"
"19","Syrphus.torvus","Hippocrepis.comosa"
"19","Syrphus.vitripennis","Hippocrepis.comosa"
"19","Andrena.labiata","Knautia.arvensis"
"19","Andrena.minutula","Knautia.arvensis"
"19","Andrena.minutuloides","Knautia.arvensis"
"19","Anthidium.punctatum","Knautia.arvensis"
"19","Anthidium.strigatum","Knautia.arvensis"
"19","Bombus.lapidarius","Knautia.arvensis"
"19","Bombus.pascuorum","Knautia.arvensis"
"19","Bombus.soroeensis","Knautia.arvensis"
"19","Bombus.terrestris.agg","Knautia.arvensis"
"19","Cheilosia.soror","Knautia.arvensis"
"19","Epistrophe.grossulariae","Knautia.arvensis"
"19","Episyrphus.balteatus","Knautia.arvensis"
"19","Eristalis.interrupta","Knautia.arvensis"
"19","Eristalis.tenax","Knautia.arvensis"
"19","Halictus.tumulorum","Knautia.arvensis"
"19","Helophilus.trivittatus","Knautia.arvensis"
"19","Hylaeus.communis","Knautia.arvensis"
"19","Hylaeus.confusus","Knautia.arvensis"
"19","Hylaeus.nigritus","Knautia.arvensis"
"19","Lasioglossum.calceatum","Knautia.arvensis"
"19","Lasioglossum.lativentre","Knautia.arvensis"
"19","Lasioglossum.lucidulum","Knautia.arvensis"
"19","Lasioglossum.morio","Knautia.arvensis"
"19","Lasioglossum.pauxillum","Knautia.arvensis"
"19","Lasioglossum.villosulum","Knautia.arvensis"
"19","Melanostoma.spec","Knautia.arvensis"
"19","Myathropa.florea","Knautia.arvensis"
"19","Osmia.aurulenta","Knautia.arvensis"
"19","Osmia.bicolor","Knautia.arvensis"
"19","Osmia.spinulosa","Knautia.arvensis"
"19","Psithyrus.bohemicus","Knautia.arvensis"
"19","Sphaerophoria.spec","Knautia.arvensis"
"19","Sphecodes.ferruginatus","Knautia.arvensis"
"19","Syritta.pipiens","Knautia.arvensis"
"19","Syrphus.ribesii","Knautia.arvensis"
"19","Syrphus.torvus","Knautia.arvensis"
"19","Syrphus.vitripennis","Knautia.arvensis"
"19","Andrena.labiata","Leontodon.hispidus"
"19","Andrena.minutula","Leontodon.hispidus"
"19","Andrena.minutuloides","Leontodon.hispidus"
"19","Anthidium.punctatum","Leontodon.hispidus"
"19","Anthidium.strigatum","Leontodon.hispidus"
"19","Bombus.lapidarius","Leontodon.hispidus"
"19","Bombus.pascuorum","Leontodon.hispidus"
"19","Bombus.soroeensis","Leontodon.hispidus"
"19","Bombus.terrestris.agg","Leontodon.hispidus"
"19","Cheilosia.soror","Leontodon.hispidus"
"19","Epistrophe.grossulariae","Leontodon.hispidus"
"19","Episyrphus.balteatus","Leontodon.hispidus"
"19","Eristalis.interrupta","Leontodon.hispidus"
"19","Eristalis.tenax","Leontodon.hispidus"
"19","Halictus.tumulorum","Leontodon.hispidus"
"19","Helophilus.trivittatus","Leontodon.hispidus"
"19","Hylaeus.communis","Leontodon.hispidus"
"19","Hylaeus.confusus","Leontodon.hispidus"
"19","Hylaeus.nigritus","Leontodon.hispidus"
"19","Lasioglossum.calceatum","Leontodon.hispidus"
"19","Lasioglossum.lativentre","Leontodon.hispidus"
"19","Lasioglossum.lucidulum","Leontodon.hispidus"
"19","Lasioglossum.morio","Leontodon.hispidus"
"19","Lasioglossum.pauxillum","Leontodon.hispidus"
"19","Lasioglossum.villosulum","Leontodon.hispidus"
"19","Melanostoma.spec","Leontodon.hispidus"
"19","Myathropa.florea","Leontodon.hispidus"
"19","Osmia.aurulenta","Leontodon.hispidus"
"19","Osmia.bicolor","Leontodon.hispidus"
"19","Osmia.spinulosa","Leontodon.hispidus"
"19","Psithyrus.bohemicus","Leontodon.hispidus"
"19","Sphaerophoria.spec","Leontodon.hispidus"
"19","Sphecodes.ferruginatus","Leontodon.hispidus"
"19","Syritta.pipiens","Leontodon.hispidus"
"19","Syrphus.ribesii","Leontodon.hispidus"
"19","Syrphus.torvus","Leontodon.hispidus"
"19","Syrphus.vitripennis","Leontodon.hispidus"
"19","Andrena.labiata","Lotus.corniculatus"
"19","Andrena.minutula","Lotus.corniculatus"
"19","Andrena.minutuloides","Lotus.corniculatus"
"19","Anthidium.punctatum","Lotus.corniculatus"
"19","Anthidium.strigatum","Lotus.corniculatus"
"19","Bombus.lapidarius","Lotus.corniculatus"
"19","Bombus.pascuorum","Lotus.corniculatus"
"19","Bombus.soroeensis","Lotus.corniculatus"
"19","Bombus.terrestris.agg","Lotus.corniculatus"
"19","Cheilosia.soror","Lotus.corniculatus"
"19","Epistrophe.grossulariae","Lotus.corniculatus"
"19","Episyrphus.balteatus","Lotus.corniculatus"
"19","Eristalis.interrupta","Lotus.corniculatus"
"19","Eristalis.tenax","Lotus.corniculatus"
"19","Halictus.tumulorum","Lotus.corniculatus"
"19","Helophilus.trivittatus","Lotus.corniculatus"
"19","Hylaeus.communis","Lotus.corniculatus"
"19","Hylaeus.confusus","Lotus.corniculatus"
"19","Hylaeus.nigritus","Lotus.corniculatus"
"19","Lasioglossum.calceatum","Lotus.corniculatus"
"19","Lasioglossum.lativentre","Lotus.corniculatus"
"19","Lasioglossum.lucidulum","Lotus.corniculatus"
"19","Lasioglossum.morio","Lotus.corniculatus"
"19","Lasioglossum.pauxillum","Lotus.corniculatus"
"19","Lasioglossum.villosulum","Lotus.corniculatus"
"19","Melanostoma.spec","Lotus.corniculatus"
"19","Myathropa.florea","Lotus.corniculatus"
"19","Osmia.aurulenta","Lotus.corniculatus"
"19","Osmia.bicolor","Lotus.corniculatus"
"19","Osmia.spinulosa","Lotus.corniculatus"
"19","Psithyrus.bohemicus","Lotus.corniculatus"
"19","Sphaerophoria.spec","Lotus.corniculatus"
"19","Sphecodes.ferruginatus","Lotus.corniculatus"
"19","Syritta.pipiens","Lotus.corniculatus"
"19","Syrphus.ribesii","Lotus.corniculatus"
"19","Syrphus.torvus","Lotus.corniculatus"
"19","Syrphus.vitripennis","Lotus.corniculatus"
"19","Andrena.labiata","Medicago.falcata"
"19","Andrena.minutula","Medicago.falcata"
"19","Andrena.minutuloides","Medicago.falcata"
"19","Anthidium.punctatum","Medicago.falcata"
"19","Anthidium.strigatum","Medicago.falcata"
"19","Bombus.lapidarius","Medicago.falcata"
"19","Bombus.pascuorum","Medicago.falcata"
"19","Bombus.soroeensis","Medicago.falcata"
"19","Bombus.terrestris.agg","Medicago.falcata"
"19","Cheilosia.soror","Medicago.falcata"
"19","Epistrophe.grossulariae","Medicago.falcata"
"19","Episyrphus.balteatus","Medicago.falcata"
"19","Eristalis.interrupta","Medicago.falcata"
"19","Eristalis.tenax","Medicago.falcata"
"19","Halictus.tumulorum","Medicago.falcata"
"19","Helophilus.trivittatus","Medicago.falcata"
"19","Hylaeus.communis","Medicago.falcata"
"19","Hylaeus.confusus","Medicago.falcata"
"19","Hylaeus.nigritus","Medicago.falcata"
"19","Lasioglossum.calceatum","Medicago.falcata"
"19","Lasioglossum.lativentre","Medicago.falcata"
"19","Lasioglossum.lucidulum","Medicago.falcata"
"19","Lasioglossum.morio","Medicago.falcata"
"19","Lasioglossum.pauxillum","Medicago.falcata"
"19","Lasioglossum.villosulum","Medicago.falcata"
"19","Melanostoma.spec","Medicago.falcata"
"19","Myathropa.florea","Medicago.falcata"
"19","Osmia.aurulenta","Medicago.falcata"
"19","Osmia.bicolor","Medicago.falcata"
"19","Osmia.spinulosa","Medicago.falcata"
"19","Psithyrus.bohemicus","Medicago.falcata"
"19","Sphaerophoria.spec","Medicago.falcata"
"19","Sphecodes.ferruginatus","Medicago.falcata"
"19","Syritta.pipiens","Medicago.falcata"
"19","Syrphus.ribesii","Medicago.falcata"
"19","Syrphus.torvus","Medicago.falcata"
"19","Syrphus.vitripennis","Medicago.falcata"
"19","Andrena.labiata","Pimpinella.saxifraga"
"19","Andrena.minutula","Pimpinella.saxifraga"
"19","Andrena.minutuloides","Pimpinella.saxifraga"
"19","Anthidium.punctatum","Pimpinella.saxifraga"
"19","Anthidium.strigatum","Pimpinella.saxifraga"
"19","Bombus.lapidarius","Pimpinella.saxifraga"
"19","Bombus.pascuorum","Pimpinella.saxifraga"
"19","Bombus.soroeensis","Pimpinella.saxifraga"
"19","Bombus.terrestris.agg","Pimpinella.saxifraga"
"19","Cheilosia.soror","Pimpinella.saxifraga"
"19","Epistrophe.grossulariae","Pimpinella.saxifraga"
"19","Episyrphus.balteatus","Pimpinella.saxifraga"
"19","Eristalis.interrupta","Pimpinella.saxifraga"
"19","Eristalis.tenax","Pimpinella.saxifraga"
"19","Halictus.tumulorum","Pimpinella.saxifraga"
"19","Helophilus.trivittatus","Pimpinella.saxifraga"
"19","Hylaeus.communis","Pimpinella.saxifraga"
"19","Hylaeus.confusus","Pimpinella.saxifraga"
"19","Hylaeus.nigritus","Pimpinella.saxifraga"
"19","Lasioglossum.calceatum","Pimpinella.saxifraga"
"19","Lasioglossum.lativentre","Pimpinella.saxifraga"
"19","Lasioglossum.lucidulum","Pimpinella.saxifraga"
"19","Lasioglossum.morio","Pimpinella.saxifraga"
"19","Lasioglossum.pauxillum","Pimpinella.saxifraga"
"19","Lasioglossum.villosulum","Pimpinella.saxifraga"
"19","Melanostoma.spec","Pimpinella.saxifraga"
"19","Myathropa.florea","Pimpinella.saxifraga"
"19","Osmia.aurulenta","Pimpinella.saxifraga"
"19","Osmia.bicolor","Pimpinella.saxifraga"
"19","Osmia.spinulosa","Pimpinella.saxifraga"
"19","Psithyrus.bohemicus","Pimpinella.saxifraga"
"19","Sphaerophoria.spec","Pimpinella.saxifraga"
"19","Sphecodes.ferruginatus","Pimpinella.saxifraga"
"19","Syritta.pipiens","Pimpinella.saxifraga"
"19","Syrphus.ribesii","Pimpinella.saxifraga"
"19","Syrphus.torvus","Pimpinella.saxifraga"
"19","Syrphus.vitripennis","Pimpinella.saxifraga"
"19","Andrena.labiata","Thymus.pulegioides"
"19","Andrena.minutula","Thymus.pulegioides"
"19","Andrena.minutuloides","Thymus.pulegioides"
"19","Anthidium.punctatum","Thymus.pulegioides"
"19","Anthidium.strigatum","Thymus.pulegioides"
"19","Bombus.lapidarius","Thymus.pulegioides"
"19","Bombus.pascuorum","Thymus.pulegioides"
"19","Bombus.soroeensis","Thymus.pulegioides"
"19","Bombus.terrestris.agg","Thymus.pulegioides"
"19","Cheilosia.soror","Thymus.pulegioides"
"19","Epistrophe.grossulariae","Thymus.pulegioides"
"19","Episyrphus.balteatus","Thymus.pulegioides"
"19","Eristalis.interrupta","Thymus.pulegioides"
"19","Eristalis.tenax","Thymus.pulegioides"
"19","Halictus.tumulorum","Thymus.pulegioides"
"19","Helophilus.trivittatus","Thymus.pulegioides"
"19","Hylaeus.communis","Thymus.pulegioides"
"19","Hylaeus.confusus","Thymus.pulegioides"
"19","Hylaeus.nigritus","Thymus.pulegioides"
"19","Lasioglossum.calceatum","Thymus.pulegioides"
"19","Lasioglossum.lativentre","Thymus.pulegioides"
"19","Lasioglossum.lucidulum","Thymus.pulegioides"
"19","Lasioglossum.morio","Thymus.pulegioides"
"19","Lasioglossum.pauxillum","Thymus.pulegioides"
"19","Lasioglossum.villosulum","Thymus.pulegioides"
"19","Melanostoma.spec","Thymus.pulegioides"
"19","Myathropa.florea","Thymus.pulegioides"
"19","Osmia.aurulenta","Thymus.pulegioides"
"19","Osmia.bicolor","Thymus.pulegioides"
"19","Osmia.spinulosa","Thymus.pulegioides"
"19","Psithyrus.bohemicus","Thymus.pulegioides"
"19","Sphaerophoria.spec","Thymus.pulegioides"
"19","Sphecodes.ferruginatus","Thymus.pulegioides"
"19","Syritta.pipiens","Thymus.pulegioides"
"19","Syrphus.ribesii","Thymus.pulegioides"
"19","Syrphus.torvus","Thymus.pulegioides"
"19","Syrphus.vitripennis","Thymus.pulegioides"
"19","Andrena.labiata","Trifolium.pratense"
"19","Andrena.minutula","Trifolium.pratense"
"19","Andrena.minutuloides","Trifolium.pratense"
"19","Anthidium.punctatum","Trifolium.pratense"
"19","Anthidium.strigatum","Trifolium.pratense"
"19","Bombus.lapidarius","Trifolium.pratense"
"19","Bombus.pascuorum","Trifolium.pratense"
"19","Bombus.soroeensis","Trifolium.pratense"
"19","Bombus.terrestris.agg","Trifolium.pratense"
"19","Cheilosia.soror","Trifolium.pratense"
"19","Epistrophe.grossulariae","Trifolium.pratense"
"19","Episyrphus.balteatus","Trifolium.pratense"
"19","Eristalis.interrupta","Trifolium.pratense"
"19","Eristalis.tenax","Trifolium.pratense"
"19","Halictus.tumulorum","Trifolium.pratense"
"19","Helophilus.trivittatus","Trifolium.pratense"
"19","Hylaeus.communis","Trifolium.pratense"
"19","Hylaeus.confusus","Trifolium.pratense"
"19","Hylaeus.nigritus","Trifolium.pratense"
"19","Lasioglossum.calceatum","Trifolium.pratense"
"19","Lasioglossum.lativentre","Trifolium.pratense"
"19","Lasioglossum.lucidulum","Trifolium.pratense"
"19","Lasioglossum.morio","Trifolium.pratense"
"19","Lasioglossum.pauxillum","Trifolium.pratense"
"19","Lasioglossum.villosulum","Trifolium.pratense"
"19","Melanostoma.spec","Trifolium.pratense"
"19","Myathropa.florea","Trifolium.pratense"
"19","Osmia.aurulenta","Trifolium.pratense"
"19","Osmia.bicolor","Trifolium.pratense"
"19","Osmia.spinulosa","Trifolium.pratense"
"19","Psithyrus.bohemicus","Trifolium.pratense"
"19","Sphaerophoria.spec","Trifolium.pratense"
"19","Sphecodes.ferruginatus","Trifolium.pratense"
"19","Syritta.pipiens","Trifolium.pratense"
"19","Syrphus.ribesii","Trifolium.pratense"
"19","Syrphus.torvus","Trifolium.pratense"
"19","Syrphus.vitripennis","Trifolium.pratense"
"19","Andrena.labiata","Veronica.teucrium"
"19","Andrena.minutula","Veronica.teucrium"
"19","Andrena.minutuloides","Veronica.teucrium"
"19","Anthidium.punctatum","Veronica.teucrium"
"19","Anthidium.strigatum","Veronica.teucrium"
"19","Bombus.lapidarius","Veronica.teucrium"
"19","Bombus.pascuorum","Veronica.teucrium"
"19","Bombus.soroeensis","Veronica.teucrium"
"19","Bombus.terrestris.agg","Veronica.teucrium"
"19","Cheilosia.soror","Veronica.teucrium"
"19","Epistrophe.grossulariae","Veronica.teucrium"
"19","Episyrphus.balteatus","Veronica.teucrium"
"19","Eristalis.interrupta","Veronica.teucrium"
"19","Eristalis.tenax","Veronica.teucrium"
"19","Halictus.tumulorum","Veronica.teucrium"
"19","Helophilus.trivittatus","Veronica.teucrium"
"19","Hylaeus.communis","Veronica.teucrium"
"19","Hylaeus.confusus","Veronica.teucrium"
"19","Hylaeus.nigritus","Veronica.teucrium"
"19","Lasioglossum.calceatum","Veronica.teucrium"
"19","Lasioglossum.lativentre","Veronica.teucrium"
"19","Lasioglossum.lucidulum","Veronica.teucrium"
"19","Lasioglossum.morio","Veronica.teucrium"
"19","Lasioglossum.pauxillum","Veronica.teucrium"
"19","Lasioglossum.villosulum","Veronica.teucrium"
"19","Melanostoma.spec","Veronica.teucrium"
"19","Myathropa.florea","Veronica.teucrium"
"19","Osmia.aurulenta","Veronica.teucrium"
"19","Osmia.bicolor","Veronica.teucrium"
"19","Osmia.spinulosa","Veronica.teucrium"
"19","Psithyrus.bohemicus","Veronica.teucrium"
"19","Sphaerophoria.spec","Veronica.teucrium"
"19","Sphecodes.ferruginatus","Veronica.teucrium"
"19","Syritta.pipiens","Veronica.teucrium"
"19","Syrphus.ribesii","Veronica.teucrium"
"19","Syrphus.torvus","Veronica.teucrium"
"19","Syrphus.vitripennis","Veronica.teucrium"
"20","Andrena.haemorrhoa","Campanula.rotundifolia"
"20","Andrena.minutula","Campanula.rotundifolia"
"20","Anthidium.strigatum","Campanula.rotundifolia"
"20","Bombus.lapidarius","Campanula.rotundifolia"
"20","Bombus.pascuorum","Campanula.rotundifolia"
"20","Bombus.sylvarum","Campanula.rotundifolia"
"20","Bombus.terrestris.agg","Campanula.rotundifolia"
"20","Ceratina.cyanea","Campanula.rotundifolia"
"20","Cheilosia.ranunculi/albitarsis","Campanula.rotundifolia"
"20","Chelostoma.campanularum","Campanula.rotundifolia"
"20","Chelostoma.rapunculi","Campanula.rotundifolia"
"20","Episyrphus.balteatus","Campanula.rotundifolia"
"20","Eristalis.arbustorum","Campanula.rotundifolia"
"20","Eristalis.interrupta","Campanula.rotundifolia"
"20","Eristalis.tenax","Campanula.rotundifolia"
"20","Eupeodes.corollae","Campanula.rotundifolia"
"20","Halictus.rubicundus","Campanula.rotundifolia"
"20","Halictus.tumulorum","Campanula.rotundifolia"
"20","Helophilus.pendulus","Campanula.rotundifolia"
"20","Helophilus.trivittatus","Campanula.rotundifolia"
"20","Lasioglossum.fulvicorne","Campanula.rotundifolia"
"20","Lasioglossum.morio","Campanula.rotundifolia"
"20","Lasioglossum.pauxillum","Campanula.rotundifolia"
"20","Lasioglossum.villosulum","Campanula.rotundifolia"
"20","Megachile.versicolor","Campanula.rotundifolia"
"20","Melanostoma.spec","Campanula.rotundifolia"
"20","Myathropa.florea","Campanula.rotundifolia"
"20","Nomada.goodeniana","Campanula.rotundifolia"
"20","Osmia.bicolor","Campanula.rotundifolia"
"20","Pipizella.spec","Campanula.rotundifolia"
"20","Sphaerophoria.spec","Campanula.rotundifolia"
"20","Sphecodes.hyalinatus","Campanula.rotundifolia"
"20","Syritta.pipiens","Campanula.rotundifolia"
"20","Syrphus.ribesii","Campanula.rotundifolia"
"20","Syrphus.vitripennis","Campanula.rotundifolia"
"20","Andrena.haemorrhoa","Centaurea.jacea"
"20","Andrena.minutula","Centaurea.jacea"
"20","Anthidium.strigatum","Centaurea.jacea"
"20","Bombus.lapidarius","Centaurea.jacea"
"20","Bombus.pascuorum","Centaurea.jacea"
"20","Bombus.sylvarum","Centaurea.jacea"
"20","Bombus.terrestris.agg","Centaurea.jacea"
"20","Ceratina.cyanea","Centaurea.jacea"
"20","Cheilosia.ranunculi/albitarsis","Centaurea.jacea"
"20","Chelostoma.campanularum","Centaurea.jacea"
"20","Chelostoma.rapunculi","Centaurea.jacea"
"20","Episyrphus.balteatus","Centaurea.jacea"
"20","Eristalis.arbustorum","Centaurea.jacea"
"20","Eristalis.interrupta","Centaurea.jacea"
"20","Eristalis.tenax","Centaurea.jacea"
"20","Eupeodes.corollae","Centaurea.jacea"
"20","Halictus.rubicundus","Centaurea.jacea"
"20","Halictus.tumulorum","Centaurea.jacea"
"20","Helophilus.pendulus","Centaurea.jacea"
"20","Helophilus.trivittatus","Centaurea.jacea"
"20","Lasioglossum.fulvicorne","Centaurea.jacea"
"20","Lasioglossum.morio","Centaurea.jacea"
"20","Lasioglossum.pauxillum","Centaurea.jacea"
"20","Lasioglossum.villosulum","Centaurea.jacea"
"20","Megachile.versicolor","Centaurea.jacea"
"20","Melanostoma.spec","Centaurea.jacea"
"20","Myathropa.florea","Centaurea.jacea"
"20","Nomada.goodeniana","Centaurea.jacea"
"20","Osmia.bicolor","Centaurea.jacea"
"20","Pipizella.spec","Centaurea.jacea"
"20","Sphaerophoria.spec","Centaurea.jacea"
"20","Sphecodes.hyalinatus","Centaurea.jacea"
"20","Syritta.pipiens","Centaurea.jacea"
"20","Syrphus.ribesii","Centaurea.jacea"
"20","Syrphus.vitripennis","Centaurea.jacea"
"20","Andrena.haemorrhoa","Centaurea.scabiosa"
"20","Andrena.minutula","Centaurea.scabiosa"
"20","Anthidium.strigatum","Centaurea.scabiosa"
"20","Bombus.lapidarius","Centaurea.scabiosa"
"20","Bombus.pascuorum","Centaurea.scabiosa"
"20","Bombus.sylvarum","Centaurea.scabiosa"
"20","Bombus.terrestris.agg","Centaurea.scabiosa"
"20","Ceratina.cyanea","Centaurea.scabiosa"
"20","Cheilosia.ranunculi/albitarsis","Centaurea.scabiosa"
"20","Chelostoma.campanularum","Centaurea.scabiosa"
"20","Chelostoma.rapunculi","Centaurea.scabiosa"
"20","Episyrphus.balteatus","Centaurea.scabiosa"
"20","Eristalis.arbustorum","Centaurea.scabiosa"
"20","Eristalis.interrupta","Centaurea.scabiosa"
"20","Eristalis.tenax","Centaurea.scabiosa"
"20","Eupeodes.corollae","Centaurea.scabiosa"
"20","Halictus.rubicundus","Centaurea.scabiosa"
"20","Halictus.tumulorum","Centaurea.scabiosa"
"20","Helophilus.pendulus","Centaurea.scabiosa"
"20","Helophilus.trivittatus","Centaurea.scabiosa"
"20","Lasioglossum.fulvicorne","Centaurea.scabiosa"
"20","Lasioglossum.morio","Centaurea.scabiosa"
"20","Lasioglossum.pauxillum","Centaurea.scabiosa"
"20","Lasioglossum.villosulum","Centaurea.scabiosa"
"20","Megachile.versicolor","Centaurea.scabiosa"
"20","Melanostoma.spec","Centaurea.scabiosa"
"20","Myathropa.florea","Centaurea.scabiosa"
"20","Nomada.goodeniana","Centaurea.scabiosa"
"20","Osmia.bicolor","Centaurea.scabiosa"
"20","Pipizella.spec","Centaurea.scabiosa"
"20","Sphaerophoria.spec","Centaurea.scabiosa"
"20","Sphecodes.hyalinatus","Centaurea.scabiosa"
"20","Syritta.pipiens","Centaurea.scabiosa"
"20","Syrphus.ribesii","Centaurea.scabiosa"
"20","Syrphus.vitripennis","Centaurea.scabiosa"
"20","Andrena.haemorrhoa","Cirsium.acaule"
"20","Andrena.minutula","Cirsium.acaule"
"20","Anthidium.strigatum","Cirsium.acaule"
"20","Bombus.lapidarius","Cirsium.acaule"
"20","Bombus.pascuorum","Cirsium.acaule"
"20","Bombus.sylvarum","Cirsium.acaule"
"20","Bombus.terrestris.agg","Cirsium.acaule"
"20","Ceratina.cyanea","Cirsium.acaule"
"20","Cheilosia.ranunculi/albitarsis","Cirsium.acaule"
"20","Chelostoma.campanularum","Cirsium.acaule"
"20","Chelostoma.rapunculi","Cirsium.acaule"
"20","Episyrphus.balteatus","Cirsium.acaule"
"20","Eristalis.arbustorum","Cirsium.acaule"
"20","Eristalis.interrupta","Cirsium.acaule"
"20","Eristalis.tenax","Cirsium.acaule"
"20","Eupeodes.corollae","Cirsium.acaule"
"20","Halictus.rubicundus","Cirsium.acaule"
"20","Halictus.tumulorum","Cirsium.acaule"
"20","Helophilus.pendulus","Cirsium.acaule"
"20","Helophilus.trivittatus","Cirsium.acaule"
"20","Lasioglossum.fulvicorne","Cirsium.acaule"
"20","Lasioglossum.morio","Cirsium.acaule"
"20","Lasioglossum.pauxillum","Cirsium.acaule"
"20","Lasioglossum.villosulum","Cirsium.acaule"
"20","Megachile.versicolor","Cirsium.acaule"
"20","Melanostoma.spec","Cirsium.acaule"
"20","Myathropa.florea","Cirsium.acaule"
"20","Nomada.goodeniana","Cirsium.acaule"
"20","Osmia.bicolor","Cirsium.acaule"
"20","Pipizella.spec","Cirsium.acaule"
"20","Sphaerophoria.spec","Cirsium.acaule"
"20","Sphecodes.hyalinatus","Cirsium.acaule"
"20","Syritta.pipiens","Cirsium.acaule"
"20","Syrphus.ribesii","Cirsium.acaule"
"20","Syrphus.vitripennis","Cirsium.acaule"
"20","Andrena.haemorrhoa","Daucus.carota"
"20","Andrena.minutula","Daucus.carota"
"20","Anthidium.strigatum","Daucus.carota"
"20","Bombus.lapidarius","Daucus.carota"
"20","Bombus.pascuorum","Daucus.carota"
"20","Bombus.sylvarum","Daucus.carota"
"20","Bombus.terrestris.agg","Daucus.carota"
"20","Ceratina.cyanea","Daucus.carota"
"20","Cheilosia.ranunculi/albitarsis","Daucus.carota"
"20","Chelostoma.campanularum","Daucus.carota"
"20","Chelostoma.rapunculi","Daucus.carota"
"20","Episyrphus.balteatus","Daucus.carota"
"20","Eristalis.arbustorum","Daucus.carota"
"20","Eristalis.interrupta","Daucus.carota"
"20","Eristalis.tenax","Daucus.carota"
"20","Eupeodes.corollae","Daucus.carota"
"20","Halictus.rubicundus","Daucus.carota"
"20","Halictus.tumulorum","Daucus.carota"
"20","Helophilus.pendulus","Daucus.carota"
"20","Helophilus.trivittatus","Daucus.carota"
"20","Lasioglossum.fulvicorne","Daucus.carota"
"20","Lasioglossum.morio","Daucus.carota"
"20","Lasioglossum.pauxillum","Daucus.carota"
"20","Lasioglossum.villosulum","Daucus.carota"
"20","Megachile.versicolor","Daucus.carota"
"20","Melanostoma.spec","Daucus.carota"
"20","Myathropa.florea","Daucus.carota"
"20","Nomada.goodeniana","Daucus.carota"
"20","Osmia.bicolor","Daucus.carota"
"20","Pipizella.spec","Daucus.carota"
"20","Sphaerophoria.spec","Daucus.carota"
"20","Sphecodes.hyalinatus","Daucus.carota"
"20","Syritta.pipiens","Daucus.carota"
"20","Syrphus.ribesii","Daucus.carota"
"20","Syrphus.vitripennis","Daucus.carota"
"20","Andrena.haemorrhoa","Galium.mollugo"
"20","Andrena.minutula","Galium.mollugo"
"20","Anthidium.strigatum","Galium.mollugo"
"20","Bombus.lapidarius","Galium.mollugo"
"20","Bombus.pascuorum","Galium.mollugo"
"20","Bombus.sylvarum","Galium.mollugo"
"20","Bombus.terrestris.agg","Galium.mollugo"
"20","Ceratina.cyanea","Galium.mollugo"
"20","Cheilosia.ranunculi/albitarsis","Galium.mollugo"
"20","Chelostoma.campanularum","Galium.mollugo"
"20","Chelostoma.rapunculi","Galium.mollugo"
"20","Episyrphus.balteatus","Galium.mollugo"
"20","Eristalis.arbustorum","Galium.mollugo"
"20","Eristalis.interrupta","Galium.mollugo"
"20","Eristalis.tenax","Galium.mollugo"
"20","Eupeodes.corollae","Galium.mollugo"
"20","Halictus.rubicundus","Galium.mollugo"
"20","Halictus.tumulorum","Galium.mollugo"
"20","Helophilus.pendulus","Galium.mollugo"
"20","Helophilus.trivittatus","Galium.mollugo"
"20","Lasioglossum.fulvicorne","Galium.mollugo"
"20","Lasioglossum.morio","Galium.mollugo"
"20","Lasioglossum.pauxillum","Galium.mollugo"
"20","Lasioglossum.villosulum","Galium.mollugo"
"20","Megachile.versicolor","Galium.mollugo"
"20","Melanostoma.spec","Galium.mollugo"
"20","Myathropa.florea","Galium.mollugo"
"20","Nomada.goodeniana","Galium.mollugo"
"20","Osmia.bicolor","Galium.mollugo"
"20","Pipizella.spec","Galium.mollugo"
"20","Sphaerophoria.spec","Galium.mollugo"
"20","Sphecodes.hyalinatus","Galium.mollugo"
"20","Syritta.pipiens","Galium.mollugo"
"20","Syrphus.ribesii","Galium.mollugo"
"20","Syrphus.vitripennis","Galium.mollugo"
"20","Andrena.haemorrhoa","Genista.tinctoria"
"20","Andrena.minutula","Genista.tinctoria"
"20","Anthidium.strigatum","Genista.tinctoria"
"20","Bombus.lapidarius","Genista.tinctoria"
"20","Bombus.pascuorum","Genista.tinctoria"
"20","Bombus.sylvarum","Genista.tinctoria"
"20","Bombus.terrestris.agg","Genista.tinctoria"
"20","Ceratina.cyanea","Genista.tinctoria"
"20","Cheilosia.ranunculi/albitarsis","Genista.tinctoria"
"20","Chelostoma.campanularum","Genista.tinctoria"
"20","Chelostoma.rapunculi","Genista.tinctoria"
"20","Episyrphus.balteatus","Genista.tinctoria"
"20","Eristalis.arbustorum","Genista.tinctoria"
"20","Eristalis.interrupta","Genista.tinctoria"
"20","Eristalis.tenax","Genista.tinctoria"
"20","Eupeodes.corollae","Genista.tinctoria"
"20","Halictus.rubicundus","Genista.tinctoria"
"20","Halictus.tumulorum","Genista.tinctoria"
"20","Helophilus.pendulus","Genista.tinctoria"
"20","Helophilus.trivittatus","Genista.tinctoria"
"20","Lasioglossum.fulvicorne","Genista.tinctoria"
"20","Lasioglossum.morio","Genista.tinctoria"
"20","Lasioglossum.pauxillum","Genista.tinctoria"
"20","Lasioglossum.villosulum","Genista.tinctoria"
"20","Megachile.versicolor","Genista.tinctoria"
"20","Melanostoma.spec","Genista.tinctoria"
"20","Myathropa.florea","Genista.tinctoria"
"20","Nomada.goodeniana","Genista.tinctoria"
"20","Osmia.bicolor","Genista.tinctoria"
"20","Pipizella.spec","Genista.tinctoria"
"20","Sphaerophoria.spec","Genista.tinctoria"
"20","Sphecodes.hyalinatus","Genista.tinctoria"
"20","Syritta.pipiens","Genista.tinctoria"
"20","Syrphus.ribesii","Genista.tinctoria"
"20","Syrphus.vitripennis","Genista.tinctoria"
"20","Andrena.haemorrhoa","Hieracium.pilosella"
"20","Andrena.minutula","Hieracium.pilosella"
"20","Anthidium.strigatum","Hieracium.pilosella"
"20","Bombus.lapidarius","Hieracium.pilosella"
"20","Bombus.pascuorum","Hieracium.pilosella"
"20","Bombus.sylvarum","Hieracium.pilosella"
"20","Bombus.terrestris.agg","Hieracium.pilosella"
"20","Ceratina.cyanea","Hieracium.pilosella"
"20","Cheilosia.ranunculi/albitarsis","Hieracium.pilosella"
"20","Chelostoma.campanularum","Hieracium.pilosella"
"20","Chelostoma.rapunculi","Hieracium.pilosella"
"20","Episyrphus.balteatus","Hieracium.pilosella"
"20","Eristalis.arbustorum","Hieracium.pilosella"
"20","Eristalis.interrupta","Hieracium.pilosella"
"20","Eristalis.tenax","Hieracium.pilosella"
"20","Eupeodes.corollae","Hieracium.pilosella"
"20","Halictus.rubicundus","Hieracium.pilosella"
"20","Halictus.tumulorum","Hieracium.pilosella"
"20","Helophilus.pendulus","Hieracium.pilosella"
"20","Helophilus.trivittatus","Hieracium.pilosella"
"20","Lasioglossum.fulvicorne","Hieracium.pilosella"
"20","Lasioglossum.morio","Hieracium.pilosella"
"20","Lasioglossum.pauxillum","Hieracium.pilosella"
"20","Lasioglossum.villosulum","Hieracium.pilosella"
"20","Megachile.versicolor","Hieracium.pilosella"
"20","Melanostoma.spec","Hieracium.pilosella"
"20","Myathropa.florea","Hieracium.pilosella"
"20","Nomada.goodeniana","Hieracium.pilosella"
"20","Osmia.bicolor","Hieracium.pilosella"
"20","Pipizella.spec","Hieracium.pilosella"
"20","Sphaerophoria.spec","Hieracium.pilosella"
"20","Sphecodes.hyalinatus","Hieracium.pilosella"
"20","Syritta.pipiens","Hieracium.pilosella"
"20","Syrphus.ribesii","Hieracium.pilosella"
"20","Syrphus.vitripennis","Hieracium.pilosella"
"20","Andrena.haemorrhoa","Hypericum.perforatum"
"20","Andrena.minutula","Hypericum.perforatum"
"20","Anthidium.strigatum","Hypericum.perforatum"
"20","Bombus.lapidarius","Hypericum.perforatum"
"20","Bombus.pascuorum","Hypericum.perforatum"
"20","Bombus.sylvarum","Hypericum.perforatum"
"20","Bombus.terrestris.agg","Hypericum.perforatum"
"20","Ceratina.cyanea","Hypericum.perforatum"
"20","Cheilosia.ranunculi/albitarsis","Hypericum.perforatum"
"20","Chelostoma.campanularum","Hypericum.perforatum"
"20","Chelostoma.rapunculi","Hypericum.perforatum"
"20","Episyrphus.balteatus","Hypericum.perforatum"
"20","Eristalis.arbustorum","Hypericum.perforatum"
"20","Eristalis.interrupta","Hypericum.perforatum"
"20","Eristalis.tenax","Hypericum.perforatum"
"20","Eupeodes.corollae","Hypericum.perforatum"
"20","Halictus.rubicundus","Hypericum.perforatum"
"20","Halictus.tumulorum","Hypericum.perforatum"
"20","Helophilus.pendulus","Hypericum.perforatum"
"20","Helophilus.trivittatus","Hypericum.perforatum"
"20","Lasioglossum.fulvicorne","Hypericum.perforatum"
"20","Lasioglossum.morio","Hypericum.perforatum"
"20","Lasioglossum.pauxillum","Hypericum.perforatum"
"20","Lasioglossum.villosulum","Hypericum.perforatum"
"20","Megachile.versicolor","Hypericum.perforatum"
"20","Melanostoma.spec","Hypericum.perforatum"
"20","Myathropa.florea","Hypericum.perforatum"
"20","Nomada.goodeniana","Hypericum.perforatum"
"20","Osmia.bicolor","Hypericum.perforatum"
"20","Pipizella.spec","Hypericum.perforatum"
"20","Sphaerophoria.spec","Hypericum.perforatum"
"20","Sphecodes.hyalinatus","Hypericum.perforatum"
"20","Syritta.pipiens","Hypericum.perforatum"
"20","Syrphus.ribesii","Hypericum.perforatum"
"20","Syrphus.vitripennis","Hypericum.perforatum"
"20","Andrena.haemorrhoa","Knautia.arvensis"
"20","Andrena.minutula","Knautia.arvensis"
"20","Anthidium.strigatum","Knautia.arvensis"
"20","Bombus.lapidarius","Knautia.arvensis"
"20","Bombus.pascuorum","Knautia.arvensis"
"20","Bombus.sylvarum","Knautia.arvensis"
"20","Bombus.terrestris.agg","Knautia.arvensis"
"20","Ceratina.cyanea","Knautia.arvensis"
"20","Cheilosia.ranunculi/albitarsis","Knautia.arvensis"
"20","Chelostoma.campanularum","Knautia.arvensis"
"20","Chelostoma.rapunculi","Knautia.arvensis"
"20","Episyrphus.balteatus","Knautia.arvensis"
"20","Eristalis.arbustorum","Knautia.arvensis"
"20","Eristalis.interrupta","Knautia.arvensis"
"20","Eristalis.tenax","Knautia.arvensis"
"20","Eupeodes.corollae","Knautia.arvensis"
"20","Halictus.rubicundus","Knautia.arvensis"
"20","Halictus.tumulorum","Knautia.arvensis"
"20","Helophilus.pendulus","Knautia.arvensis"
"20","Helophilus.trivittatus","Knautia.arvensis"
"20","Lasioglossum.fulvicorne","Knautia.arvensis"
"20","Lasioglossum.morio","Knautia.arvensis"
"20","Lasioglossum.pauxillum","Knautia.arvensis"
"20","Lasioglossum.villosulum","Knautia.arvensis"
"20","Megachile.versicolor","Knautia.arvensis"
"20","Melanostoma.spec","Knautia.arvensis"
"20","Myathropa.florea","Knautia.arvensis"
"20","Nomada.goodeniana","Knautia.arvensis"
"20","Osmia.bicolor","Knautia.arvensis"
"20","Pipizella.spec","Knautia.arvensis"
"20","Sphaerophoria.spec","Knautia.arvensis"
"20","Sphecodes.hyalinatus","Knautia.arvensis"
"20","Syritta.pipiens","Knautia.arvensis"
"20","Syrphus.ribesii","Knautia.arvensis"
"20","Syrphus.vitripennis","Knautia.arvensis"
"20","Andrena.haemorrhoa","Leontodon.hispidus"
"20","Andrena.minutula","Leontodon.hispidus"
"20","Anthidium.strigatum","Leontodon.hispidus"
"20","Bombus.lapidarius","Leontodon.hispidus"
"20","Bombus.pascuorum","Leontodon.hispidus"
"20","Bombus.sylvarum","Leontodon.hispidus"
"20","Bombus.terrestris.agg","Leontodon.hispidus"
"20","Ceratina.cyanea","Leontodon.hispidus"
"20","Cheilosia.ranunculi/albitarsis","Leontodon.hispidus"
"20","Chelostoma.campanularum","Leontodon.hispidus"
"20","Chelostoma.rapunculi","Leontodon.hispidus"
"20","Episyrphus.balteatus","Leontodon.hispidus"
"20","Eristalis.arbustorum","Leontodon.hispidus"
"20","Eristalis.interrupta","Leontodon.hispidus"
"20","Eristalis.tenax","Leontodon.hispidus"
"20","Eupeodes.corollae","Leontodon.hispidus"
"20","Halictus.rubicundus","Leontodon.hispidus"
"20","Halictus.tumulorum","Leontodon.hispidus"
"20","Helophilus.pendulus","Leontodon.hispidus"
"20","Helophilus.trivittatus","Leontodon.hispidus"
"20","Lasioglossum.fulvicorne","Leontodon.hispidus"
"20","Lasioglossum.morio","Leontodon.hispidus"
"20","Lasioglossum.pauxillum","Leontodon.hispidus"
"20","Lasioglossum.villosulum","Leontodon.hispidus"
"20","Megachile.versicolor","Leontodon.hispidus"
"20","Melanostoma.spec","Leontodon.hispidus"
"20","Myathropa.florea","Leontodon.hispidus"
"20","Nomada.goodeniana","Leontodon.hispidus"
"20","Osmia.bicolor","Leontodon.hispidus"
"20","Pipizella.spec","Leontodon.hispidus"
"20","Sphaerophoria.spec","Leontodon.hispidus"
"20","Sphecodes.hyalinatus","Leontodon.hispidus"
"20","Syritta.pipiens","Leontodon.hispidus"
"20","Syrphus.ribesii","Leontodon.hispidus"
"20","Syrphus.vitripennis","Leontodon.hispidus"
"20","Andrena.haemorrhoa","Lotus.corniculatus"
"20","Andrena.minutula","Lotus.corniculatus"
"20","Anthidium.strigatum","Lotus.corniculatus"
"20","Bombus.lapidarius","Lotus.corniculatus"
"20","Bombus.pascuorum","Lotus.corniculatus"
"20","Bombus.sylvarum","Lotus.corniculatus"
"20","Bombus.terrestris.agg","Lotus.corniculatus"
"20","Ceratina.cyanea","Lotus.corniculatus"
"20","Cheilosia.ranunculi/albitarsis","Lotus.corniculatus"
"20","Chelostoma.campanularum","Lotus.corniculatus"
"20","Chelostoma.rapunculi","Lotus.corniculatus"
"20","Episyrphus.balteatus","Lotus.corniculatus"
"20","Eristalis.arbustorum","Lotus.corniculatus"
"20","Eristalis.interrupta","Lotus.corniculatus"
"20","Eristalis.tenax","Lotus.corniculatus"
"20","Eupeodes.corollae","Lotus.corniculatus"
"20","Halictus.rubicundus","Lotus.corniculatus"
"20","Halictus.tumulorum","Lotus.corniculatus"
"20","Helophilus.pendulus","Lotus.corniculatus"
"20","Helophilus.trivittatus","Lotus.corniculatus"
"20","Lasioglossum.fulvicorne","Lotus.corniculatus"
"20","Lasioglossum.morio","Lotus.corniculatus"
"20","Lasioglossum.pauxillum","Lotus.corniculatus"
"20","Lasioglossum.villosulum","Lotus.corniculatus"
"20","Megachile.versicolor","Lotus.corniculatus"
"20","Melanostoma.spec","Lotus.corniculatus"
"20","Myathropa.florea","Lotus.corniculatus"
"20","Nomada.goodeniana","Lotus.corniculatus"
"20","Osmia.bicolor","Lotus.corniculatus"
"20","Pipizella.spec","Lotus.corniculatus"
"20","Sphaerophoria.spec","Lotus.corniculatus"
"20","Sphecodes.hyalinatus","Lotus.corniculatus"
"20","Syritta.pipiens","Lotus.corniculatus"
"20","Syrphus.ribesii","Lotus.corniculatus"
"20","Syrphus.vitripennis","Lotus.corniculatus"
"20","Andrena.haemorrhoa","Ononis.spinosa"
"20","Andrena.minutula","Ononis.spinosa"
"20","Anthidium.strigatum","Ononis.spinosa"
"20","Bombus.lapidarius","Ononis.spinosa"
"20","Bombus.pascuorum","Ononis.spinosa"
"20","Bombus.sylvarum","Ononis.spinosa"
"20","Bombus.terrestris.agg","Ononis.spinosa"
"20","Ceratina.cyanea","Ononis.spinosa"
"20","Cheilosia.ranunculi/albitarsis","Ononis.spinosa"
"20","Chelostoma.campanularum","Ononis.spinosa"
"20","Chelostoma.rapunculi","Ononis.spinosa"
"20","Episyrphus.balteatus","Ononis.spinosa"
"20","Eristalis.arbustorum","Ononis.spinosa"
"20","Eristalis.interrupta","Ononis.spinosa"
"20","Eristalis.tenax","Ononis.spinosa"
"20","Eupeodes.corollae","Ononis.spinosa"
"20","Halictus.rubicundus","Ononis.spinosa"
"20","Halictus.tumulorum","Ononis.spinosa"
"20","Helophilus.pendulus","Ononis.spinosa"
"20","Helophilus.trivittatus","Ononis.spinosa"
"20","Lasioglossum.fulvicorne","Ononis.spinosa"
"20","Lasioglossum.morio","Ononis.spinosa"
"20","Lasioglossum.pauxillum","Ononis.spinosa"
"20","Lasioglossum.villosulum","Ononis.spinosa"
"20","Megachile.versicolor","Ononis.spinosa"
"20","Melanostoma.spec","Ononis.spinosa"
"20","Myathropa.florea","Ononis.spinosa"
"20","Nomada.goodeniana","Ononis.spinosa"
"20","Osmia.bicolor","Ononis.spinosa"
"20","Pipizella.spec","Ononis.spinosa"
"20","Sphaerophoria.spec","Ononis.spinosa"
"20","Sphecodes.hyalinatus","Ononis.spinosa"
"20","Syritta.pipiens","Ononis.spinosa"
"20","Syrphus.ribesii","Ononis.spinosa"
"20","Syrphus.vitripennis","Ononis.spinosa"
"20","Andrena.haemorrhoa","Pimpinella.saxifraga"
"20","Andrena.minutula","Pimpinella.saxifraga"
"20","Anthidium.strigatum","Pimpinella.saxifraga"
"20","Bombus.lapidarius","Pimpinella.saxifraga"
"20","Bombus.pascuorum","Pimpinella.saxifraga"
"20","Bombus.sylvarum","Pimpinella.saxifraga"
"20","Bombus.terrestris.agg","Pimpinella.saxifraga"
"20","Ceratina.cyanea","Pimpinella.saxifraga"
"20","Cheilosia.ranunculi/albitarsis","Pimpinella.saxifraga"
"20","Chelostoma.campanularum","Pimpinella.saxifraga"
"20","Chelostoma.rapunculi","Pimpinella.saxifraga"
"20","Episyrphus.balteatus","Pimpinella.saxifraga"
"20","Eristalis.arbustorum","Pimpinella.saxifraga"
"20","Eristalis.interrupta","Pimpinella.saxifraga"
"20","Eristalis.tenax","Pimpinella.saxifraga"
"20","Eupeodes.corollae","Pimpinella.saxifraga"
"20","Halictus.rubicundus","Pimpinella.saxifraga"
"20","Halictus.tumulorum","Pimpinella.saxifraga"
"20","Helophilus.pendulus","Pimpinella.saxifraga"
"20","Helophilus.trivittatus","Pimpinella.saxifraga"
"20","Lasioglossum.fulvicorne","Pimpinella.saxifraga"
"20","Lasioglossum.morio","Pimpinella.saxifraga"
"20","Lasioglossum.pauxillum","Pimpinella.saxifraga"
"20","Lasioglossum.villosulum","Pimpinella.saxifraga"
"20","Megachile.versicolor","Pimpinella.saxifraga"
"20","Melanostoma.spec","Pimpinella.saxifraga"
"20","Myathropa.florea","Pimpinella.saxifraga"
"20","Nomada.goodeniana","Pimpinella.saxifraga"
"20","Osmia.bicolor","Pimpinella.saxifraga"
"20","Pipizella.spec","Pimpinella.saxifraga"
"20","Sphaerophoria.spec","Pimpinella.saxifraga"
"20","Sphecodes.hyalinatus","Pimpinella.saxifraga"
"20","Syritta.pipiens","Pimpinella.saxifraga"
"20","Syrphus.ribesii","Pimpinella.saxifraga"
"20","Syrphus.vitripennis","Pimpinella.saxifraga"
"20","Andrena.haemorrhoa","Plantago.media"
"20","Andrena.minutula","Plantago.media"
"20","Anthidium.strigatum","Plantago.media"
"20","Bombus.lapidarius","Plantago.media"
"20","Bombus.pascuorum","Plantago.media"
"20","Bombus.sylvarum","Plantago.media"
"20","Bombus.terrestris.agg","Plantago.media"
"20","Ceratina.cyanea","Plantago.media"
"20","Cheilosia.ranunculi/albitarsis","Plantago.media"
"20","Chelostoma.campanularum","Plantago.media"
"20","Chelostoma.rapunculi","Plantago.media"
"20","Episyrphus.balteatus","Plantago.media"
"20","Eristalis.arbustorum","Plantago.media"
"20","Eristalis.interrupta","Plantago.media"
"20","Eristalis.tenax","Plantago.media"
"20","Eupeodes.corollae","Plantago.media"
"20","Halictus.rubicundus","Plantago.media"
"20","Halictus.tumulorum","Plantago.media"
"20","Helophilus.pendulus","Plantago.media"
"20","Helophilus.trivittatus","Plantago.media"
"20","Lasioglossum.fulvicorne","Plantago.media"
"20","Lasioglossum.morio","Plantago.media"
"20","Lasioglossum.pauxillum","Plantago.media"
"20","Lasioglossum.villosulum","Plantago.media"
"20","Megachile.versicolor","Plantago.media"
"20","Melanostoma.spec","Plantago.media"
"20","Myathropa.florea","Plantago.media"
"20","Nomada.goodeniana","Plantago.media"
"20","Osmia.bicolor","Plantago.media"
"20","Pipizella.spec","Plantago.media"
"20","Sphaerophoria.spec","Plantago.media"
"20","Sphecodes.hyalinatus","Plantago.media"
"20","Syritta.pipiens","Plantago.media"
"20","Syrphus.ribesii","Plantago.media"
"20","Syrphus.vitripennis","Plantago.media"
"20","Andrena.haemorrhoa","Prunus.spinosa"
"20","Andrena.minutula","Prunus.spinosa"
"20","Anthidium.strigatum","Prunus.spinosa"
"20","Bombus.lapidarius","Prunus.spinosa"
"20","Bombus.pascuorum","Prunus.spinosa"
"20","Bombus.sylvarum","Prunus.spinosa"
"20","Bombus.terrestris.agg","Prunus.spinosa"
"20","Ceratina.cyanea","Prunus.spinosa"
"20","Cheilosia.ranunculi/albitarsis","Prunus.spinosa"
"20","Chelostoma.campanularum","Prunus.spinosa"
"20","Chelostoma.rapunculi","Prunus.spinosa"
"20","Episyrphus.balteatus","Prunus.spinosa"
"20","Eristalis.arbustorum","Prunus.spinosa"
"20","Eristalis.interrupta","Prunus.spinosa"
"20","Eristalis.tenax","Prunus.spinosa"
"20","Eupeodes.corollae","Prunus.spinosa"
"20","Halictus.rubicundus","Prunus.spinosa"
"20","Halictus.tumulorum","Prunus.spinosa"
"20","Helophilus.pendulus","Prunus.spinosa"
"20","Helophilus.trivittatus","Prunus.spinosa"
"20","Lasioglossum.fulvicorne","Prunus.spinosa"
"20","Lasioglossum.morio","Prunus.spinosa"
"20","Lasioglossum.pauxillum","Prunus.spinosa"
"20","Lasioglossum.villosulum","Prunus.spinosa"
"20","Megachile.versicolor","Prunus.spinosa"
"20","Melanostoma.spec","Prunus.spinosa"
"20","Myathropa.florea","Prunus.spinosa"
"20","Nomada.goodeniana","Prunus.spinosa"
"20","Osmia.bicolor","Prunus.spinosa"
"20","Pipizella.spec","Prunus.spinosa"
"20","Sphaerophoria.spec","Prunus.spinosa"
"20","Sphecodes.hyalinatus","Prunus.spinosa"
"20","Syritta.pipiens","Prunus.spinosa"
"20","Syrphus.ribesii","Prunus.spinosa"
"20","Syrphus.vitripennis","Prunus.spinosa"
"20","Andrena.haemorrhoa","Ranunculus.bulbosus"
"20","Andrena.minutula","Ranunculus.bulbosus"
"20","Anthidium.strigatum","Ranunculus.bulbosus"
"20","Bombus.lapidarius","Ranunculus.bulbosus"
"20","Bombus.pascuorum","Ranunculus.bulbosus"
"20","Bombus.sylvarum","Ranunculus.bulbosus"
"20","Bombus.terrestris.agg","Ranunculus.bulbosus"
"20","Ceratina.cyanea","Ranunculus.bulbosus"
"20","Cheilosia.ranunculi/albitarsis","Ranunculus.bulbosus"
"20","Chelostoma.campanularum","Ranunculus.bulbosus"
"20","Chelostoma.rapunculi","Ranunculus.bulbosus"
"20","Episyrphus.balteatus","Ranunculus.bulbosus"
"20","Eristalis.arbustorum","Ranunculus.bulbosus"
"20","Eristalis.interrupta","Ranunculus.bulbosus"
"20","Eristalis.tenax","Ranunculus.bulbosus"
"20","Eupeodes.corollae","Ranunculus.bulbosus"
"20","Halictus.rubicundus","Ranunculus.bulbosus"
"20","Halictus.tumulorum","Ranunculus.bulbosus"
"20","Helophilus.pendulus","Ranunculus.bulbosus"
"20","Helophilus.trivittatus","Ranunculus.bulbosus"
"20","Lasioglossum.fulvicorne","Ranunculus.bulbosus"
"20","Lasioglossum.morio","Ranunculus.bulbosus"
"20","Lasioglossum.pauxillum","Ranunculus.bulbosus"
"20","Lasioglossum.villosulum","Ranunculus.bulbosus"
"20","Megachile.versicolor","Ranunculus.bulbosus"
"20","Melanostoma.spec","Ranunculus.bulbosus"
"20","Myathropa.florea","Ranunculus.bulbosus"
"20","Nomada.goodeniana","Ranunculus.bulbosus"
"20","Osmia.bicolor","Ranunculus.bulbosus"
"20","Pipizella.spec","Ranunculus.bulbosus"
"20","Sphaerophoria.spec","Ranunculus.bulbosus"
"20","Sphecodes.hyalinatus","Ranunculus.bulbosus"
"20","Syritta.pipiens","Ranunculus.bulbosus"
"20","Syrphus.ribesii","Ranunculus.bulbosus"
"20","Syrphus.vitripennis","Ranunculus.bulbosus"
"20","Andrena.haemorrhoa","Rosa.NA"
"20","Andrena.minutula","Rosa.NA"
"20","Anthidium.strigatum","Rosa.NA"
"20","Bombus.lapidarius","Rosa.NA"
"20","Bombus.pascuorum","Rosa.NA"
"20","Bombus.sylvarum","Rosa.NA"
"20","Bombus.terrestris.agg","Rosa.NA"
"20","Ceratina.cyanea","Rosa.NA"
"20","Cheilosia.ranunculi/albitarsis","Rosa.NA"
"20","Chelostoma.campanularum","Rosa.NA"
"20","Chelostoma.rapunculi","Rosa.NA"
"20","Episyrphus.balteatus","Rosa.NA"
"20","Eristalis.arbustorum","Rosa.NA"
"20","Eristalis.interrupta","Rosa.NA"
"20","Eristalis.tenax","Rosa.NA"
"20","Eupeodes.corollae","Rosa.NA"
"20","Halictus.rubicundus","Rosa.NA"
"20","Halictus.tumulorum","Rosa.NA"
"20","Helophilus.pendulus","Rosa.NA"
"20","Helophilus.trivittatus","Rosa.NA"
"20","Lasioglossum.fulvicorne","Rosa.NA"
"20","Lasioglossum.morio","Rosa.NA"
"20","Lasioglossum.pauxillum","Rosa.NA"
"20","Lasioglossum.villosulum","Rosa.NA"
"20","Megachile.versicolor","Rosa.NA"
"20","Melanostoma.spec","Rosa.NA"
"20","Myathropa.florea","Rosa.NA"
"20","Nomada.goodeniana","Rosa.NA"
"20","Osmia.bicolor","Rosa.NA"
"20","Pipizella.spec","Rosa.NA"
"20","Sphaerophoria.spec","Rosa.NA"
"20","Sphecodes.hyalinatus","Rosa.NA"
"20","Syritta.pipiens","Rosa.NA"
"20","Syrphus.ribesii","Rosa.NA"
"20","Syrphus.vitripennis","Rosa.NA"
"20","Andrena.haemorrhoa","Sanguisorba.minor"
"20","Andrena.minutula","Sanguisorba.minor"
"20","Anthidium.strigatum","Sanguisorba.minor"
"20","Bombus.lapidarius","Sanguisorba.minor"
"20","Bombus.pascuorum","Sanguisorba.minor"
"20","Bombus.sylvarum","Sanguisorba.minor"
"20","Bombus.terrestris.agg","Sanguisorba.minor"
"20","Ceratina.cyanea","Sanguisorba.minor"
"20","Cheilosia.ranunculi/albitarsis","Sanguisorba.minor"
"20","Chelostoma.campanularum","Sanguisorba.minor"
"20","Chelostoma.rapunculi","Sanguisorba.minor"
"20","Episyrphus.balteatus","Sanguisorba.minor"
"20","Eristalis.arbustorum","Sanguisorba.minor"
"20","Eristalis.interrupta","Sanguisorba.minor"
"20","Eristalis.tenax","Sanguisorba.minor"
"20","Eupeodes.corollae","Sanguisorba.minor"
"20","Halictus.rubicundus","Sanguisorba.minor"
"20","Halictus.tumulorum","Sanguisorba.minor"
"20","Helophilus.pendulus","Sanguisorba.minor"
"20","Helophilus.trivittatus","Sanguisorba.minor"
"20","Lasioglossum.fulvicorne","Sanguisorba.minor"
"20","Lasioglossum.morio","Sanguisorba.minor"
"20","Lasioglossum.pauxillum","Sanguisorba.minor"
"20","Lasioglossum.villosulum","Sanguisorba.minor"
"20","Megachile.versicolor","Sanguisorba.minor"
"20","Melanostoma.spec","Sanguisorba.minor"
"20","Myathropa.florea","Sanguisorba.minor"
"20","Nomada.goodeniana","Sanguisorba.minor"
"20","Osmia.bicolor","Sanguisorba.minor"
"20","Pipizella.spec","Sanguisorba.minor"
"20","Sphaerophoria.spec","Sanguisorba.minor"
"20","Sphecodes.hyalinatus","Sanguisorba.minor"
"20","Syritta.pipiens","Sanguisorba.minor"
"20","Syrphus.ribesii","Sanguisorba.minor"
"20","Syrphus.vitripennis","Sanguisorba.minor"
"20","Andrena.haemorrhoa","Solidago.virgaurea"
"20","Andrena.minutula","Solidago.virgaurea"
"20","Anthidium.strigatum","Solidago.virgaurea"
"20","Bombus.lapidarius","Solidago.virgaurea"
"20","Bombus.pascuorum","Solidago.virgaurea"
"20","Bombus.sylvarum","Solidago.virgaurea"
"20","Bombus.terrestris.agg","Solidago.virgaurea"
"20","Ceratina.cyanea","Solidago.virgaurea"
"20","Cheilosia.ranunculi/albitarsis","Solidago.virgaurea"
"20","Chelostoma.campanularum","Solidago.virgaurea"
"20","Chelostoma.rapunculi","Solidago.virgaurea"
"20","Episyrphus.balteatus","Solidago.virgaurea"
"20","Eristalis.arbustorum","Solidago.virgaurea"
"20","Eristalis.interrupta","Solidago.virgaurea"
"20","Eristalis.tenax","Solidago.virgaurea"
"20","Eupeodes.corollae","Solidago.virgaurea"
"20","Halictus.rubicundus","Solidago.virgaurea"
"20","Halictus.tumulorum","Solidago.virgaurea"
"20","Helophilus.pendulus","Solidago.virgaurea"
"20","Helophilus.trivittatus","Solidago.virgaurea"
"20","Lasioglossum.fulvicorne","Solidago.virgaurea"
"20","Lasioglossum.morio","Solidago.virgaurea"
"20","Lasioglossum.pauxillum","Solidago.virgaurea"
"20","Lasioglossum.villosulum","Solidago.virgaurea"
"20","Megachile.versicolor","Solidago.virgaurea"
"20","Melanostoma.spec","Solidago.virgaurea"
"20","Myathropa.florea","Solidago.virgaurea"
"20","Nomada.goodeniana","Solidago.virgaurea"
"20","Osmia.bicolor","Solidago.virgaurea"
"20","Pipizella.spec","Solidago.virgaurea"
"20","Sphaerophoria.spec","Solidago.virgaurea"
"20","Sphecodes.hyalinatus","Solidago.virgaurea"
"20","Syritta.pipiens","Solidago.virgaurea"
"20","Syrphus.ribesii","Solidago.virgaurea"
"20","Syrphus.vitripennis","Solidago.virgaurea"
"20","Andrena.haemorrhoa","Thymus.pulegioides"
"20","Andrena.minutula","Thymus.pulegioides"
"20","Anthidium.strigatum","Thymus.pulegioides"
"20","Bombus.lapidarius","Thymus.pulegioides"
"20","Bombus.pascuorum","Thymus.pulegioides"
"20","Bombus.sylvarum","Thymus.pulegioides"
"20","Bombus.terrestris.agg","Thymus.pulegioides"
"20","Ceratina.cyanea","Thymus.pulegioides"
"20","Cheilosia.ranunculi/albitarsis","Thymus.pulegioides"
"20","Chelostoma.campanularum","Thymus.pulegioides"
"20","Chelostoma.rapunculi","Thymus.pulegioides"
"20","Episyrphus.balteatus","Thymus.pulegioides"
"20","Eristalis.arbustorum","Thymus.pulegioides"
"20","Eristalis.interrupta","Thymus.pulegioides"
"20","Eristalis.tenax","Thymus.pulegioides"
"20","Eupeodes.corollae","Thymus.pulegioides"
"20","Halictus.rubicundus","Thymus.pulegioides"
"20","Halictus.tumulorum","Thymus.pulegioides"
"20","Helophilus.pendulus","Thymus.pulegioides"
"20","Helophilus.trivittatus","Thymus.pulegioides"
"20","Lasioglossum.fulvicorne","Thymus.pulegioides"
"20","Lasioglossum.morio","Thymus.pulegioides"
"20","Lasioglossum.pauxillum","Thymus.pulegioides"
"20","Lasioglossum.villosulum","Thymus.pulegioides"
"20","Megachile.versicolor","Thymus.pulegioides"
"20","Melanostoma.spec","Thymus.pulegioides"
"20","Myathropa.florea","Thymus.pulegioides"
"20","Nomada.goodeniana","Thymus.pulegioides"
"20","Osmia.bicolor","Thymus.pulegioides"
"20","Pipizella.spec","Thymus.pulegioides"
"20","Sphaerophoria.spec","Thymus.pulegioides"
"20","Sphecodes.hyalinatus","Thymus.pulegioides"
"20","Syritta.pipiens","Thymus.pulegioides"
"20","Syrphus.ribesii","Thymus.pulegioides"
"20","Syrphus.vitripennis","Thymus.pulegioides"
"20","Andrena.haemorrhoa","Trifolium.pratense"
"20","Andrena.minutula","Trifolium.pratense"
"20","Anthidium.strigatum","Trifolium.pratense"
"20","Bombus.lapidarius","Trifolium.pratense"
"20","Bombus.pascuorum","Trifolium.pratense"
"20","Bombus.sylvarum","Trifolium.pratense"
"20","Bombus.terrestris.agg","Trifolium.pratense"
"20","Ceratina.cyanea","Trifolium.pratense"
"20","Cheilosia.ranunculi/albitarsis","Trifolium.pratense"
"20","Chelostoma.campanularum","Trifolium.pratense"
"20","Chelostoma.rapunculi","Trifolium.pratense"
"20","Episyrphus.balteatus","Trifolium.pratense"
"20","Eristalis.arbustorum","Trifolium.pratense"
"20","Eristalis.interrupta","Trifolium.pratense"
"20","Eristalis.tenax","Trifolium.pratense"
"20","Eupeodes.corollae","Trifolium.pratense"
"20","Halictus.rubicundus","Trifolium.pratense"
"20","Halictus.tumulorum","Trifolium.pratense"
"20","Helophilus.pendulus","Trifolium.pratense"
"20","Helophilus.trivittatus","Trifolium.pratense"
"20","Lasioglossum.fulvicorne","Trifolium.pratense"
"20","Lasioglossum.morio","Trifolium.pratense"
"20","Lasioglossum.pauxillum","Trifolium.pratense"
"20","Lasioglossum.villosulum","Trifolium.pratense"
"20","Megachile.versicolor","Trifolium.pratense"
"20","Melanostoma.spec","Trifolium.pratense"
"20","Myathropa.florea","Trifolium.pratense"
"20","Nomada.goodeniana","Trifolium.pratense"
"20","Osmia.bicolor","Trifolium.pratense"
"20","Pipizella.spec","Trifolium.pratense"
"20","Sphaerophoria.spec","Trifolium.pratense"
"20","Sphecodes.hyalinatus","Trifolium.pratense"
"20","Syritta.pipiens","Trifolium.pratense"
"20","Syrphus.ribesii","Trifolium.pratense"
"20","Syrphus.vitripennis","Trifolium.pratense"
"20","Andrena.haemorrhoa","Vicia.cracca"
"20","Andrena.minutula","Vicia.cracca"
"20","Anthidium.strigatum","Vicia.cracca"
"20","Bombus.lapidarius","Vicia.cracca"
"20","Bombus.pascuorum","Vicia.cracca"
"20","Bombus.sylvarum","Vicia.cracca"
"20","Bombus.terrestris.agg","Vicia.cracca"
"20","Ceratina.cyanea","Vicia.cracca"
"20","Cheilosia.ranunculi/albitarsis","Vicia.cracca"
"20","Chelostoma.campanularum","Vicia.cracca"
"20","Chelostoma.rapunculi","Vicia.cracca"
"20","Episyrphus.balteatus","Vicia.cracca"
"20","Eristalis.arbustorum","Vicia.cracca"
"20","Eristalis.interrupta","Vicia.cracca"
"20","Eristalis.tenax","Vicia.cracca"
"20","Eupeodes.corollae","Vicia.cracca"
"20","Halictus.rubicundus","Vicia.cracca"
"20","Halictus.tumulorum","Vicia.cracca"
"20","Helophilus.pendulus","Vicia.cracca"
"20","Helophilus.trivittatus","Vicia.cracca"
"20","Lasioglossum.fulvicorne","Vicia.cracca"
"20","Lasioglossum.morio","Vicia.cracca"
"20","Lasioglossum.pauxillum","Vicia.cracca"
"20","Lasioglossum.villosulum","Vicia.cracca"
"20","Megachile.versicolor","Vicia.cracca"
"20","Melanostoma.spec","Vicia.cracca"
"20","Myathropa.florea","Vicia.cracca"
"20","Nomada.goodeniana","Vicia.cracca"
"20","Osmia.bicolor","Vicia.cracca"
"20","Pipizella.spec","Vicia.cracca"
"20","Sphaerophoria.spec","Vicia.cracca"
"20","Sphecodes.hyalinatus","Vicia.cracca"
"20","Syritta.pipiens","Vicia.cracca"
"20","Syrphus.ribesii","Vicia.cracca"
"20","Syrphus.vitripennis","Vicia.cracca"
"21","Andrena.minutula","Achillea.millefolium"
"21","Andrena.subopaca","Achillea.millefolium"
"21","Bombus.lapidarius","Achillea.millefolium"
"21","Bombus.pascuorum","Achillea.millefolium"
"21","Bombus.pratorum","Achillea.millefolium"
"21","Bombus.terrestris.agg","Achillea.millefolium"
"21","Cheilosia.ranunculi/albitarsis","Achillea.millefolium"
"21","Cheilosia.soror","Achillea.millefolium"
"21","Chelostoma.campanularum","Achillea.millefolium"
"21","Didea.fasciata","Achillea.millefolium"
"21","Episyrphus.balteatus","Achillea.millefolium"
"21","Eristalis.arbustorum","Achillea.millefolium"
"21","Eristalis.interrupta","Achillea.millefolium"
"21","Eristalis.pertinax","Achillea.millefolium"
"21","Eristalis.tenax","Achillea.millefolium"
"21","Eupeodes.corollae","Achillea.millefolium"
"21","Eupeodes.nitens","Achillea.millefolium"
"21","Halictus.rubicundus","Achillea.millefolium"
"21","Halictus.tumulorum","Achillea.millefolium"
"21","Helophilus.pendulus","Achillea.millefolium"
"21","Hylaeus.confusus","Achillea.millefolium"
"21","Lasioglossum.morio","Achillea.millefolium"
"21","Lasioglossum.pauxillum","Achillea.millefolium"
"21","Myathropa.florea","Achillea.millefolium"
"21","Nomada.flavoguttata","Achillea.millefolium"
"21","Osmia.bicolor","Achillea.millefolium"
"21","Pipizella.spec","Achillea.millefolium"
"21","Psithyrus.rupestris","Achillea.millefolium"
"21","Psithyrus.sylvestris","Achillea.millefolium"
"21","Sphaerophoria.spec","Achillea.millefolium"
"21","Sphecodes.ephippius","Achillea.millefolium"
"21","Syritta.pipiens","Achillea.millefolium"
"21","Syrphus.ribesii","Achillea.millefolium"
"21","Syrphus.torvus","Achillea.millefolium"
"21","Syrphus.vitripennis","Achillea.millefolium"
"21","Andrena.minutula","Astragalus.glycyphyllos"
"21","Andrena.subopaca","Astragalus.glycyphyllos"
"21","Bombus.lapidarius","Astragalus.glycyphyllos"
"21","Bombus.pascuorum","Astragalus.glycyphyllos"
"21","Bombus.pratorum","Astragalus.glycyphyllos"
"21","Bombus.terrestris.agg","Astragalus.glycyphyllos"
"21","Cheilosia.ranunculi/albitarsis","Astragalus.glycyphyllos"
"21","Cheilosia.soror","Astragalus.glycyphyllos"
"21","Chelostoma.campanularum","Astragalus.glycyphyllos"
"21","Didea.fasciata","Astragalus.glycyphyllos"
"21","Episyrphus.balteatus","Astragalus.glycyphyllos"
"21","Eristalis.arbustorum","Astragalus.glycyphyllos"
"21","Eristalis.interrupta","Astragalus.glycyphyllos"
"21","Eristalis.pertinax","Astragalus.glycyphyllos"
"21","Eristalis.tenax","Astragalus.glycyphyllos"
"21","Eupeodes.corollae","Astragalus.glycyphyllos"
"21","Eupeodes.nitens","Astragalus.glycyphyllos"
"21","Halictus.rubicundus","Astragalus.glycyphyllos"
"21","Halictus.tumulorum","Astragalus.glycyphyllos"
"21","Helophilus.pendulus","Astragalus.glycyphyllos"
"21","Hylaeus.confusus","Astragalus.glycyphyllos"
"21","Lasioglossum.morio","Astragalus.glycyphyllos"
"21","Lasioglossum.pauxillum","Astragalus.glycyphyllos"
"21","Myathropa.florea","Astragalus.glycyphyllos"
"21","Nomada.flavoguttata","Astragalus.glycyphyllos"
"21","Osmia.bicolor","Astragalus.glycyphyllos"
"21","Pipizella.spec","Astragalus.glycyphyllos"
"21","Psithyrus.rupestris","Astragalus.glycyphyllos"
"21","Psithyrus.sylvestris","Astragalus.glycyphyllos"
"21","Sphaerophoria.spec","Astragalus.glycyphyllos"
"21","Sphecodes.ephippius","Astragalus.glycyphyllos"
"21","Syritta.pipiens","Astragalus.glycyphyllos"
"21","Syrphus.ribesii","Astragalus.glycyphyllos"
"21","Syrphus.torvus","Astragalus.glycyphyllos"
"21","Syrphus.vitripennis","Astragalus.glycyphyllos"
"21","Andrena.minutula","Campanula.rotundifolia"
"21","Andrena.subopaca","Campanula.rotundifolia"
"21","Bombus.lapidarius","Campanula.rotundifolia"
"21","Bombus.pascuorum","Campanula.rotundifolia"
"21","Bombus.pratorum","Campanula.rotundifolia"
"21","Bombus.terrestris.agg","Campanula.rotundifolia"
"21","Cheilosia.ranunculi/albitarsis","Campanula.rotundifolia"
"21","Cheilosia.soror","Campanula.rotundifolia"
"21","Chelostoma.campanularum","Campanula.rotundifolia"
"21","Didea.fasciata","Campanula.rotundifolia"
"21","Episyrphus.balteatus","Campanula.rotundifolia"
"21","Eristalis.arbustorum","Campanula.rotundifolia"
"21","Eristalis.interrupta","Campanula.rotundifolia"
"21","Eristalis.pertinax","Campanula.rotundifolia"
"21","Eristalis.tenax","Campanula.rotundifolia"
"21","Eupeodes.corollae","Campanula.rotundifolia"
"21","Eupeodes.nitens","Campanula.rotundifolia"
"21","Halictus.rubicundus","Campanula.rotundifolia"
"21","Halictus.tumulorum","Campanula.rotundifolia"
"21","Helophilus.pendulus","Campanula.rotundifolia"
"21","Hylaeus.confusus","Campanula.rotundifolia"
"21","Lasioglossum.morio","Campanula.rotundifolia"
"21","Lasioglossum.pauxillum","Campanula.rotundifolia"
"21","Myathropa.florea","Campanula.rotundifolia"
"21","Nomada.flavoguttata","Campanula.rotundifolia"
"21","Osmia.bicolor","Campanula.rotundifolia"
"21","Pipizella.spec","Campanula.rotundifolia"
"21","Psithyrus.rupestris","Campanula.rotundifolia"
"21","Psithyrus.sylvestris","Campanula.rotundifolia"
"21","Sphaerophoria.spec","Campanula.rotundifolia"
"21","Sphecodes.ephippius","Campanula.rotundifolia"
"21","Syritta.pipiens","Campanula.rotundifolia"
"21","Syrphus.ribesii","Campanula.rotundifolia"
"21","Syrphus.torvus","Campanula.rotundifolia"
"21","Syrphus.vitripennis","Campanula.rotundifolia"
"21","Andrena.minutula","Centaurea.jacea"
"21","Andrena.subopaca","Centaurea.jacea"
"21","Bombus.lapidarius","Centaurea.jacea"
"21","Bombus.pascuorum","Centaurea.jacea"
"21","Bombus.pratorum","Centaurea.jacea"
"21","Bombus.terrestris.agg","Centaurea.jacea"
"21","Cheilosia.ranunculi/albitarsis","Centaurea.jacea"
"21","Cheilosia.soror","Centaurea.jacea"
"21","Chelostoma.campanularum","Centaurea.jacea"
"21","Didea.fasciata","Centaurea.jacea"
"21","Episyrphus.balteatus","Centaurea.jacea"
"21","Eristalis.arbustorum","Centaurea.jacea"
"21","Eristalis.interrupta","Centaurea.jacea"
"21","Eristalis.pertinax","Centaurea.jacea"
"21","Eristalis.tenax","Centaurea.jacea"
"21","Eupeodes.corollae","Centaurea.jacea"
"21","Eupeodes.nitens","Centaurea.jacea"
"21","Halictus.rubicundus","Centaurea.jacea"
"21","Halictus.tumulorum","Centaurea.jacea"
"21","Helophilus.pendulus","Centaurea.jacea"
"21","Hylaeus.confusus","Centaurea.jacea"
"21","Lasioglossum.morio","Centaurea.jacea"
"21","Lasioglossum.pauxillum","Centaurea.jacea"
"21","Myathropa.florea","Centaurea.jacea"
"21","Nomada.flavoguttata","Centaurea.jacea"
"21","Osmia.bicolor","Centaurea.jacea"
"21","Pipizella.spec","Centaurea.jacea"
"21","Psithyrus.rupestris","Centaurea.jacea"
"21","Psithyrus.sylvestris","Centaurea.jacea"
"21","Sphaerophoria.spec","Centaurea.jacea"
"21","Sphecodes.ephippius","Centaurea.jacea"
"21","Syritta.pipiens","Centaurea.jacea"
"21","Syrphus.ribesii","Centaurea.jacea"
"21","Syrphus.torvus","Centaurea.jacea"
"21","Syrphus.vitripennis","Centaurea.jacea"
"21","Andrena.minutula","Centaurea.scabiosa"
"21","Andrena.subopaca","Centaurea.scabiosa"
"21","Bombus.lapidarius","Centaurea.scabiosa"
"21","Bombus.pascuorum","Centaurea.scabiosa"
"21","Bombus.pratorum","Centaurea.scabiosa"
"21","Bombus.terrestris.agg","Centaurea.scabiosa"
"21","Cheilosia.ranunculi/albitarsis","Centaurea.scabiosa"
"21","Cheilosia.soror","Centaurea.scabiosa"
"21","Chelostoma.campanularum","Centaurea.scabiosa"
"21","Didea.fasciata","Centaurea.scabiosa"
"21","Episyrphus.balteatus","Centaurea.scabiosa"
"21","Eristalis.arbustorum","Centaurea.scabiosa"
"21","Eristalis.interrupta","Centaurea.scabiosa"
"21","Eristalis.pertinax","Centaurea.scabiosa"
"21","Eristalis.tenax","Centaurea.scabiosa"
"21","Eupeodes.corollae","Centaurea.scabiosa"
"21","Eupeodes.nitens","Centaurea.scabiosa"
"21","Halictus.rubicundus","Centaurea.scabiosa"
"21","Halictus.tumulorum","Centaurea.scabiosa"
"21","Helophilus.pendulus","Centaurea.scabiosa"
"21","Hylaeus.confusus","Centaurea.scabiosa"
"21","Lasioglossum.morio","Centaurea.scabiosa"
"21","Lasioglossum.pauxillum","Centaurea.scabiosa"
"21","Myathropa.florea","Centaurea.scabiosa"
"21","Nomada.flavoguttata","Centaurea.scabiosa"
"21","Osmia.bicolor","Centaurea.scabiosa"
"21","Pipizella.spec","Centaurea.scabiosa"
"21","Psithyrus.rupestris","Centaurea.scabiosa"
"21","Psithyrus.sylvestris","Centaurea.scabiosa"
"21","Sphaerophoria.spec","Centaurea.scabiosa"
"21","Sphecodes.ephippius","Centaurea.scabiosa"
"21","Syritta.pipiens","Centaurea.scabiosa"
"21","Syrphus.ribesii","Centaurea.scabiosa"
"21","Syrphus.torvus","Centaurea.scabiosa"
"21","Syrphus.vitripennis","Centaurea.scabiosa"
"21","Andrena.minutula","Clinopodium.vulgare"
"21","Andrena.subopaca","Clinopodium.vulgare"
"21","Bombus.lapidarius","Clinopodium.vulgare"
"21","Bombus.pascuorum","Clinopodium.vulgare"
"21","Bombus.pratorum","Clinopodium.vulgare"
"21","Bombus.terrestris.agg","Clinopodium.vulgare"
"21","Cheilosia.ranunculi/albitarsis","Clinopodium.vulgare"
"21","Cheilosia.soror","Clinopodium.vulgare"
"21","Chelostoma.campanularum","Clinopodium.vulgare"
"21","Didea.fasciata","Clinopodium.vulgare"
"21","Episyrphus.balteatus","Clinopodium.vulgare"
"21","Eristalis.arbustorum","Clinopodium.vulgare"
"21","Eristalis.interrupta","Clinopodium.vulgare"
"21","Eristalis.pertinax","Clinopodium.vulgare"
"21","Eristalis.tenax","Clinopodium.vulgare"
"21","Eupeodes.corollae","Clinopodium.vulgare"
"21","Eupeodes.nitens","Clinopodium.vulgare"
"21","Halictus.rubicundus","Clinopodium.vulgare"
"21","Halictus.tumulorum","Clinopodium.vulgare"
"21","Helophilus.pendulus","Clinopodium.vulgare"
"21","Hylaeus.confusus","Clinopodium.vulgare"
"21","Lasioglossum.morio","Clinopodium.vulgare"
"21","Lasioglossum.pauxillum","Clinopodium.vulgare"
"21","Myathropa.florea","Clinopodium.vulgare"
"21","Nomada.flavoguttata","Clinopodium.vulgare"
"21","Osmia.bicolor","Clinopodium.vulgare"
"21","Pipizella.spec","Clinopodium.vulgare"
"21","Psithyrus.rupestris","Clinopodium.vulgare"
"21","Psithyrus.sylvestris","Clinopodium.vulgare"
"21","Sphaerophoria.spec","Clinopodium.vulgare"
"21","Sphecodes.ephippius","Clinopodium.vulgare"
"21","Syritta.pipiens","Clinopodium.vulgare"
"21","Syrphus.ribesii","Clinopodium.vulgare"
"21","Syrphus.torvus","Clinopodium.vulgare"
"21","Syrphus.vitripennis","Clinopodium.vulgare"
"21","Andrena.minutula","Galium.mollugo"
"21","Andrena.subopaca","Galium.mollugo"
"21","Bombus.lapidarius","Galium.mollugo"
"21","Bombus.pascuorum","Galium.mollugo"
"21","Bombus.pratorum","Galium.mollugo"
"21","Bombus.terrestris.agg","Galium.mollugo"
"21","Cheilosia.ranunculi/albitarsis","Galium.mollugo"
"21","Cheilosia.soror","Galium.mollugo"
"21","Chelostoma.campanularum","Galium.mollugo"
"21","Didea.fasciata","Galium.mollugo"
"21","Episyrphus.balteatus","Galium.mollugo"
"21","Eristalis.arbustorum","Galium.mollugo"
"21","Eristalis.interrupta","Galium.mollugo"
"21","Eristalis.pertinax","Galium.mollugo"
"21","Eristalis.tenax","Galium.mollugo"
"21","Eupeodes.corollae","Galium.mollugo"
"21","Eupeodes.nitens","Galium.mollugo"
"21","Halictus.rubicundus","Galium.mollugo"
"21","Halictus.tumulorum","Galium.mollugo"
"21","Helophilus.pendulus","Galium.mollugo"
"21","Hylaeus.confusus","Galium.mollugo"
"21","Lasioglossum.morio","Galium.mollugo"
"21","Lasioglossum.pauxillum","Galium.mollugo"
"21","Myathropa.florea","Galium.mollugo"
"21","Nomada.flavoguttata","Galium.mollugo"
"21","Osmia.bicolor","Galium.mollugo"
"21","Pipizella.spec","Galium.mollugo"
"21","Psithyrus.rupestris","Galium.mollugo"
"21","Psithyrus.sylvestris","Galium.mollugo"
"21","Sphaerophoria.spec","Galium.mollugo"
"21","Sphecodes.ephippius","Galium.mollugo"
"21","Syritta.pipiens","Galium.mollugo"
"21","Syrphus.ribesii","Galium.mollugo"
"21","Syrphus.torvus","Galium.mollugo"
"21","Syrphus.vitripennis","Galium.mollugo"
"21","Andrena.minutula","Gymnadenia.conopsea"
"21","Andrena.subopaca","Gymnadenia.conopsea"
"21","Bombus.lapidarius","Gymnadenia.conopsea"
"21","Bombus.pascuorum","Gymnadenia.conopsea"
"21","Bombus.pratorum","Gymnadenia.conopsea"
"21","Bombus.terrestris.agg","Gymnadenia.conopsea"
"21","Cheilosia.ranunculi/albitarsis","Gymnadenia.conopsea"
"21","Cheilosia.soror","Gymnadenia.conopsea"
"21","Chelostoma.campanularum","Gymnadenia.conopsea"
"21","Didea.fasciata","Gymnadenia.conopsea"
"21","Episyrphus.balteatus","Gymnadenia.conopsea"
"21","Eristalis.arbustorum","Gymnadenia.conopsea"
"21","Eristalis.interrupta","Gymnadenia.conopsea"
"21","Eristalis.pertinax","Gymnadenia.conopsea"
"21","Eristalis.tenax","Gymnadenia.conopsea"
"21","Eupeodes.corollae","Gymnadenia.conopsea"
"21","Eupeodes.nitens","Gymnadenia.conopsea"
"21","Halictus.rubicundus","Gymnadenia.conopsea"
"21","Halictus.tumulorum","Gymnadenia.conopsea"
"21","Helophilus.pendulus","Gymnadenia.conopsea"
"21","Hylaeus.confusus","Gymnadenia.conopsea"
"21","Lasioglossum.morio","Gymnadenia.conopsea"
"21","Lasioglossum.pauxillum","Gymnadenia.conopsea"
"21","Myathropa.florea","Gymnadenia.conopsea"
"21","Nomada.flavoguttata","Gymnadenia.conopsea"
"21","Osmia.bicolor","Gymnadenia.conopsea"
"21","Pipizella.spec","Gymnadenia.conopsea"
"21","Psithyrus.rupestris","Gymnadenia.conopsea"
"21","Psithyrus.sylvestris","Gymnadenia.conopsea"
"21","Sphaerophoria.spec","Gymnadenia.conopsea"
"21","Sphecodes.ephippius","Gymnadenia.conopsea"
"21","Syritta.pipiens","Gymnadenia.conopsea"
"21","Syrphus.ribesii","Gymnadenia.conopsea"
"21","Syrphus.torvus","Gymnadenia.conopsea"
"21","Syrphus.vitripennis","Gymnadenia.conopsea"
"21","Andrena.minutula","Helianthemum.nummularium"
"21","Andrena.subopaca","Helianthemum.nummularium"
"21","Bombus.lapidarius","Helianthemum.nummularium"
"21","Bombus.pascuorum","Helianthemum.nummularium"
"21","Bombus.pratorum","Helianthemum.nummularium"
"21","Bombus.terrestris.agg","Helianthemum.nummularium"
"21","Cheilosia.ranunculi/albitarsis","Helianthemum.nummularium"
"21","Cheilosia.soror","Helianthemum.nummularium"
"21","Chelostoma.campanularum","Helianthemum.nummularium"
"21","Didea.fasciata","Helianthemum.nummularium"
"21","Episyrphus.balteatus","Helianthemum.nummularium"
"21","Eristalis.arbustorum","Helianthemum.nummularium"
"21","Eristalis.interrupta","Helianthemum.nummularium"
"21","Eristalis.pertinax","Helianthemum.nummularium"
"21","Eristalis.tenax","Helianthemum.nummularium"
"21","Eupeodes.corollae","Helianthemum.nummularium"
"21","Eupeodes.nitens","Helianthemum.nummularium"
"21","Halictus.rubicundus","Helianthemum.nummularium"
"21","Halictus.tumulorum","Helianthemum.nummularium"
"21","Helophilus.pendulus","Helianthemum.nummularium"
"21","Hylaeus.confusus","Helianthemum.nummularium"
"21","Lasioglossum.morio","Helianthemum.nummularium"
"21","Lasioglossum.pauxillum","Helianthemum.nummularium"
"21","Myathropa.florea","Helianthemum.nummularium"
"21","Nomada.flavoguttata","Helianthemum.nummularium"
"21","Osmia.bicolor","Helianthemum.nummularium"
"21","Pipizella.spec","Helianthemum.nummularium"
"21","Psithyrus.rupestris","Helianthemum.nummularium"
"21","Psithyrus.sylvestris","Helianthemum.nummularium"
"21","Sphaerophoria.spec","Helianthemum.nummularium"
"21","Sphecodes.ephippius","Helianthemum.nummularium"
"21","Syritta.pipiens","Helianthemum.nummularium"
"21","Syrphus.ribesii","Helianthemum.nummularium"
"21","Syrphus.torvus","Helianthemum.nummularium"
"21","Syrphus.vitripennis","Helianthemum.nummularium"
"21","Andrena.minutula","Hippocrepis.comosa"
"21","Andrena.subopaca","Hippocrepis.comosa"
"21","Bombus.lapidarius","Hippocrepis.comosa"
"21","Bombus.pascuorum","Hippocrepis.comosa"
"21","Bombus.pratorum","Hippocrepis.comosa"
"21","Bombus.terrestris.agg","Hippocrepis.comosa"
"21","Cheilosia.ranunculi/albitarsis","Hippocrepis.comosa"
"21","Cheilosia.soror","Hippocrepis.comosa"
"21","Chelostoma.campanularum","Hippocrepis.comosa"
"21","Didea.fasciata","Hippocrepis.comosa"
"21","Episyrphus.balteatus","Hippocrepis.comosa"
"21","Eristalis.arbustorum","Hippocrepis.comosa"
"21","Eristalis.interrupta","Hippocrepis.comosa"
"21","Eristalis.pertinax","Hippocrepis.comosa"
"21","Eristalis.tenax","Hippocrepis.comosa"
"21","Eupeodes.corollae","Hippocrepis.comosa"
"21","Eupeodes.nitens","Hippocrepis.comosa"
"21","Halictus.rubicundus","Hippocrepis.comosa"
"21","Halictus.tumulorum","Hippocrepis.comosa"
"21","Helophilus.pendulus","Hippocrepis.comosa"
"21","Hylaeus.confusus","Hippocrepis.comosa"
"21","Lasioglossum.morio","Hippocrepis.comosa"
"21","Lasioglossum.pauxillum","Hippocrepis.comosa"
"21","Myathropa.florea","Hippocrepis.comosa"
"21","Nomada.flavoguttata","Hippocrepis.comosa"
"21","Osmia.bicolor","Hippocrepis.comosa"
"21","Pipizella.spec","Hippocrepis.comosa"
"21","Psithyrus.rupestris","Hippocrepis.comosa"
"21","Psithyrus.sylvestris","Hippocrepis.comosa"
"21","Sphaerophoria.spec","Hippocrepis.comosa"
"21","Sphecodes.ephippius","Hippocrepis.comosa"
"21","Syritta.pipiens","Hippocrepis.comosa"
"21","Syrphus.ribesii","Hippocrepis.comosa"
"21","Syrphus.torvus","Hippocrepis.comosa"
"21","Syrphus.vitripennis","Hippocrepis.comosa"
"21","Andrena.minutula","Hypericum.perforatum"
"21","Andrena.subopaca","Hypericum.perforatum"
"21","Bombus.lapidarius","Hypericum.perforatum"
"21","Bombus.pascuorum","Hypericum.perforatum"
"21","Bombus.pratorum","Hypericum.perforatum"
"21","Bombus.terrestris.agg","Hypericum.perforatum"
"21","Cheilosia.ranunculi/albitarsis","Hypericum.perforatum"
"21","Cheilosia.soror","Hypericum.perforatum"
"21","Chelostoma.campanularum","Hypericum.perforatum"
"21","Didea.fasciata","Hypericum.perforatum"
"21","Episyrphus.balteatus","Hypericum.perforatum"
"21","Eristalis.arbustorum","Hypericum.perforatum"
"21","Eristalis.interrupta","Hypericum.perforatum"
"21","Eristalis.pertinax","Hypericum.perforatum"
"21","Eristalis.tenax","Hypericum.perforatum"
"21","Eupeodes.corollae","Hypericum.perforatum"
"21","Eupeodes.nitens","Hypericum.perforatum"
"21","Halictus.rubicundus","Hypericum.perforatum"
"21","Halictus.tumulorum","Hypericum.perforatum"
"21","Helophilus.pendulus","Hypericum.perforatum"
"21","Hylaeus.confusus","Hypericum.perforatum"
"21","Lasioglossum.morio","Hypericum.perforatum"
"21","Lasioglossum.pauxillum","Hypericum.perforatum"
"21","Myathropa.florea","Hypericum.perforatum"
"21","Nomada.flavoguttata","Hypericum.perforatum"
"21","Osmia.bicolor","Hypericum.perforatum"
"21","Pipizella.spec","Hypericum.perforatum"
"21","Psithyrus.rupestris","Hypericum.perforatum"
"21","Psithyrus.sylvestris","Hypericum.perforatum"
"21","Sphaerophoria.spec","Hypericum.perforatum"
"21","Sphecodes.ephippius","Hypericum.perforatum"
"21","Syritta.pipiens","Hypericum.perforatum"
"21","Syrphus.ribesii","Hypericum.perforatum"
"21","Syrphus.torvus","Hypericum.perforatum"
"21","Syrphus.vitripennis","Hypericum.perforatum"
"21","Andrena.minutula","Knautia.arvensis"
"21","Andrena.subopaca","Knautia.arvensis"
"21","Bombus.lapidarius","Knautia.arvensis"
"21","Bombus.pascuorum","Knautia.arvensis"
"21","Bombus.pratorum","Knautia.arvensis"
"21","Bombus.terrestris.agg","Knautia.arvensis"
"21","Cheilosia.ranunculi/albitarsis","Knautia.arvensis"
"21","Cheilosia.soror","Knautia.arvensis"
"21","Chelostoma.campanularum","Knautia.arvensis"
"21","Didea.fasciata","Knautia.arvensis"
"21","Episyrphus.balteatus","Knautia.arvensis"
"21","Eristalis.arbustorum","Knautia.arvensis"
"21","Eristalis.interrupta","Knautia.arvensis"
"21","Eristalis.pertinax","Knautia.arvensis"
"21","Eristalis.tenax","Knautia.arvensis"
"21","Eupeodes.corollae","Knautia.arvensis"
"21","Eupeodes.nitens","Knautia.arvensis"
"21","Halictus.rubicundus","Knautia.arvensis"
"21","Halictus.tumulorum","Knautia.arvensis"
"21","Helophilus.pendulus","Knautia.arvensis"
"21","Hylaeus.confusus","Knautia.arvensis"
"21","Lasioglossum.morio","Knautia.arvensis"
"21","Lasioglossum.pauxillum","Knautia.arvensis"
"21","Myathropa.florea","Knautia.arvensis"
"21","Nomada.flavoguttata","Knautia.arvensis"
"21","Osmia.bicolor","Knautia.arvensis"
"21","Pipizella.spec","Knautia.arvensis"
"21","Psithyrus.rupestris","Knautia.arvensis"
"21","Psithyrus.sylvestris","Knautia.arvensis"
"21","Sphaerophoria.spec","Knautia.arvensis"
"21","Sphecodes.ephippius","Knautia.arvensis"
"21","Syritta.pipiens","Knautia.arvensis"
"21","Syrphus.ribesii","Knautia.arvensis"
"21","Syrphus.torvus","Knautia.arvensis"
"21","Syrphus.vitripennis","Knautia.arvensis"
"21","Andrena.minutula","Lathyrus.tuberosus"
"21","Andrena.subopaca","Lathyrus.tuberosus"
"21","Bombus.lapidarius","Lathyrus.tuberosus"
"21","Bombus.pascuorum","Lathyrus.tuberosus"
"21","Bombus.pratorum","Lathyrus.tuberosus"
"21","Bombus.terrestris.agg","Lathyrus.tuberosus"
"21","Cheilosia.ranunculi/albitarsis","Lathyrus.tuberosus"
"21","Cheilosia.soror","Lathyrus.tuberosus"
"21","Chelostoma.campanularum","Lathyrus.tuberosus"
"21","Didea.fasciata","Lathyrus.tuberosus"
"21","Episyrphus.balteatus","Lathyrus.tuberosus"
"21","Eristalis.arbustorum","Lathyrus.tuberosus"
"21","Eristalis.interrupta","Lathyrus.tuberosus"
"21","Eristalis.pertinax","Lathyrus.tuberosus"
"21","Eristalis.tenax","Lathyrus.tuberosus"
"21","Eupeodes.corollae","Lathyrus.tuberosus"
"21","Eupeodes.nitens","Lathyrus.tuberosus"
"21","Halictus.rubicundus","Lathyrus.tuberosus"
"21","Halictus.tumulorum","Lathyrus.tuberosus"
"21","Helophilus.pendulus","Lathyrus.tuberosus"
"21","Hylaeus.confusus","Lathyrus.tuberosus"
"21","Lasioglossum.morio","Lathyrus.tuberosus"
"21","Lasioglossum.pauxillum","Lathyrus.tuberosus"
"21","Myathropa.florea","Lathyrus.tuberosus"
"21","Nomada.flavoguttata","Lathyrus.tuberosus"
"21","Osmia.bicolor","Lathyrus.tuberosus"
"21","Pipizella.spec","Lathyrus.tuberosus"
"21","Psithyrus.rupestris","Lathyrus.tuberosus"
"21","Psithyrus.sylvestris","Lathyrus.tuberosus"
"21","Sphaerophoria.spec","Lathyrus.tuberosus"
"21","Sphecodes.ephippius","Lathyrus.tuberosus"
"21","Syritta.pipiens","Lathyrus.tuberosus"
"21","Syrphus.ribesii","Lathyrus.tuberosus"
"21","Syrphus.torvus","Lathyrus.tuberosus"
"21","Syrphus.vitripennis","Lathyrus.tuberosus"
"21","Andrena.minutula","Leucanthemum.vulgare"
"21","Andrena.subopaca","Leucanthemum.vulgare"
"21","Bombus.lapidarius","Leucanthemum.vulgare"
"21","Bombus.pascuorum","Leucanthemum.vulgare"
"21","Bombus.pratorum","Leucanthemum.vulgare"
"21","Bombus.terrestris.agg","Leucanthemum.vulgare"
"21","Cheilosia.ranunculi/albitarsis","Leucanthemum.vulgare"
"21","Cheilosia.soror","Leucanthemum.vulgare"
"21","Chelostoma.campanularum","Leucanthemum.vulgare"
"21","Didea.fasciata","Leucanthemum.vulgare"
"21","Episyrphus.balteatus","Leucanthemum.vulgare"
"21","Eristalis.arbustorum","Leucanthemum.vulgare"
"21","Eristalis.interrupta","Leucanthemum.vulgare"
"21","Eristalis.pertinax","Leucanthemum.vulgare"
"21","Eristalis.tenax","Leucanthemum.vulgare"
"21","Eupeodes.corollae","Leucanthemum.vulgare"
"21","Eupeodes.nitens","Leucanthemum.vulgare"
"21","Halictus.rubicundus","Leucanthemum.vulgare"
"21","Halictus.tumulorum","Leucanthemum.vulgare"
"21","Helophilus.pendulus","Leucanthemum.vulgare"
"21","Hylaeus.confusus","Leucanthemum.vulgare"
"21","Lasioglossum.morio","Leucanthemum.vulgare"
"21","Lasioglossum.pauxillum","Leucanthemum.vulgare"
"21","Myathropa.florea","Leucanthemum.vulgare"
"21","Nomada.flavoguttata","Leucanthemum.vulgare"
"21","Osmia.bicolor","Leucanthemum.vulgare"
"21","Pipizella.spec","Leucanthemum.vulgare"
"21","Psithyrus.rupestris","Leucanthemum.vulgare"
"21","Psithyrus.sylvestris","Leucanthemum.vulgare"
"21","Sphaerophoria.spec","Leucanthemum.vulgare"
"21","Sphecodes.ephippius","Leucanthemum.vulgare"
"21","Syritta.pipiens","Leucanthemum.vulgare"
"21","Syrphus.ribesii","Leucanthemum.vulgare"
"21","Syrphus.torvus","Leucanthemum.vulgare"
"21","Syrphus.vitripennis","Leucanthemum.vulgare"
"21","Andrena.minutula","Pimpinella.saxifraga"
"21","Andrena.subopaca","Pimpinella.saxifraga"
"21","Bombus.lapidarius","Pimpinella.saxifraga"
"21","Bombus.pascuorum","Pimpinella.saxifraga"
"21","Bombus.pratorum","Pimpinella.saxifraga"
"21","Bombus.terrestris.agg","Pimpinella.saxifraga"
"21","Cheilosia.ranunculi/albitarsis","Pimpinella.saxifraga"
"21","Cheilosia.soror","Pimpinella.saxifraga"
"21","Chelostoma.campanularum","Pimpinella.saxifraga"
"21","Didea.fasciata","Pimpinella.saxifraga"
"21","Episyrphus.balteatus","Pimpinella.saxifraga"
"21","Eristalis.arbustorum","Pimpinella.saxifraga"
"21","Eristalis.interrupta","Pimpinella.saxifraga"
"21","Eristalis.pertinax","Pimpinella.saxifraga"
"21","Eristalis.tenax","Pimpinella.saxifraga"
"21","Eupeodes.corollae","Pimpinella.saxifraga"
"21","Eupeodes.nitens","Pimpinella.saxifraga"
"21","Halictus.rubicundus","Pimpinella.saxifraga"
"21","Halictus.tumulorum","Pimpinella.saxifraga"
"21","Helophilus.pendulus","Pimpinella.saxifraga"
"21","Hylaeus.confusus","Pimpinella.saxifraga"
"21","Lasioglossum.morio","Pimpinella.saxifraga"
"21","Lasioglossum.pauxillum","Pimpinella.saxifraga"
"21","Myathropa.florea","Pimpinella.saxifraga"
"21","Nomada.flavoguttata","Pimpinella.saxifraga"
"21","Osmia.bicolor","Pimpinella.saxifraga"
"21","Pipizella.spec","Pimpinella.saxifraga"
"21","Psithyrus.rupestris","Pimpinella.saxifraga"
"21","Psithyrus.sylvestris","Pimpinella.saxifraga"
"21","Sphaerophoria.spec","Pimpinella.saxifraga"
"21","Sphecodes.ephippius","Pimpinella.saxifraga"
"21","Syritta.pipiens","Pimpinella.saxifraga"
"21","Syrphus.ribesii","Pimpinella.saxifraga"
"21","Syrphus.torvus","Pimpinella.saxifraga"
"21","Syrphus.vitripennis","Pimpinella.saxifraga"
"21","Andrena.minutula","Potentilla.neumanniana"
"21","Andrena.subopaca","Potentilla.neumanniana"
"21","Bombus.lapidarius","Potentilla.neumanniana"
"21","Bombus.pascuorum","Potentilla.neumanniana"
"21","Bombus.pratorum","Potentilla.neumanniana"
"21","Bombus.terrestris.agg","Potentilla.neumanniana"
"21","Cheilosia.ranunculi/albitarsis","Potentilla.neumanniana"
"21","Cheilosia.soror","Potentilla.neumanniana"
"21","Chelostoma.campanularum","Potentilla.neumanniana"
"21","Didea.fasciata","Potentilla.neumanniana"
"21","Episyrphus.balteatus","Potentilla.neumanniana"
"21","Eristalis.arbustorum","Potentilla.neumanniana"
"21","Eristalis.interrupta","Potentilla.neumanniana"
"21","Eristalis.pertinax","Potentilla.neumanniana"
"21","Eristalis.tenax","Potentilla.neumanniana"
"21","Eupeodes.corollae","Potentilla.neumanniana"
"21","Eupeodes.nitens","Potentilla.neumanniana"
"21","Halictus.rubicundus","Potentilla.neumanniana"
"21","Halictus.tumulorum","Potentilla.neumanniana"
"21","Helophilus.pendulus","Potentilla.neumanniana"
"21","Hylaeus.confusus","Potentilla.neumanniana"
"21","Lasioglossum.morio","Potentilla.neumanniana"
"21","Lasioglossum.pauxillum","Potentilla.neumanniana"
"21","Myathropa.florea","Potentilla.neumanniana"
"21","Nomada.flavoguttata","Potentilla.neumanniana"
"21","Osmia.bicolor","Potentilla.neumanniana"
"21","Pipizella.spec","Potentilla.neumanniana"
"21","Psithyrus.rupestris","Potentilla.neumanniana"
"21","Psithyrus.sylvestris","Potentilla.neumanniana"
"21","Sphaerophoria.spec","Potentilla.neumanniana"
"21","Sphecodes.ephippius","Potentilla.neumanniana"
"21","Syritta.pipiens","Potentilla.neumanniana"
"21","Syrphus.ribesii","Potentilla.neumanniana"
"21","Syrphus.torvus","Potentilla.neumanniana"
"21","Syrphus.vitripennis","Potentilla.neumanniana"
"21","Andrena.minutula","Prunella.grandiflora"
"21","Andrena.subopaca","Prunella.grandiflora"
"21","Bombus.lapidarius","Prunella.grandiflora"
"21","Bombus.pascuorum","Prunella.grandiflora"
"21","Bombus.pratorum","Prunella.grandiflora"
"21","Bombus.terrestris.agg","Prunella.grandiflora"
"21","Cheilosia.ranunculi/albitarsis","Prunella.grandiflora"
"21","Cheilosia.soror","Prunella.grandiflora"
"21","Chelostoma.campanularum","Prunella.grandiflora"
"21","Didea.fasciata","Prunella.grandiflora"
"21","Episyrphus.balteatus","Prunella.grandiflora"
"21","Eristalis.arbustorum","Prunella.grandiflora"
"21","Eristalis.interrupta","Prunella.grandiflora"
"21","Eristalis.pertinax","Prunella.grandiflora"
"21","Eristalis.tenax","Prunella.grandiflora"
"21","Eupeodes.corollae","Prunella.grandiflora"
"21","Eupeodes.nitens","Prunella.grandiflora"
"21","Halictus.rubicundus","Prunella.grandiflora"
"21","Halictus.tumulorum","Prunella.grandiflora"
"21","Helophilus.pendulus","Prunella.grandiflora"
"21","Hylaeus.confusus","Prunella.grandiflora"
"21","Lasioglossum.morio","Prunella.grandiflora"
"21","Lasioglossum.pauxillum","Prunella.grandiflora"
"21","Myathropa.florea","Prunella.grandiflora"
"21","Nomada.flavoguttata","Prunella.grandiflora"
"21","Osmia.bicolor","Prunella.grandiflora"
"21","Pipizella.spec","Prunella.grandiflora"
"21","Psithyrus.rupestris","Prunella.grandiflora"
"21","Psithyrus.sylvestris","Prunella.grandiflora"
"21","Sphaerophoria.spec","Prunella.grandiflora"
"21","Sphecodes.ephippius","Prunella.grandiflora"
"21","Syritta.pipiens","Prunella.grandiflora"
"21","Syrphus.ribesii","Prunella.grandiflora"
"21","Syrphus.torvus","Prunella.grandiflora"
"21","Syrphus.vitripennis","Prunella.grandiflora"
"21","Andrena.minutula","Ranunculus.bulbosus"
"21","Andrena.subopaca","Ranunculus.bulbosus"
"21","Bombus.lapidarius","Ranunculus.bulbosus"
"21","Bombus.pascuorum","Ranunculus.bulbosus"
"21","Bombus.pratorum","Ranunculus.bulbosus"
"21","Bombus.terrestris.agg","Ranunculus.bulbosus"
"21","Cheilosia.ranunculi/albitarsis","Ranunculus.bulbosus"
"21","Cheilosia.soror","Ranunculus.bulbosus"
"21","Chelostoma.campanularum","Ranunculus.bulbosus"
"21","Didea.fasciata","Ranunculus.bulbosus"
"21","Episyrphus.balteatus","Ranunculus.bulbosus"
"21","Eristalis.arbustorum","Ranunculus.bulbosus"
"21","Eristalis.interrupta","Ranunculus.bulbosus"
"21","Eristalis.pertinax","Ranunculus.bulbosus"
"21","Eristalis.tenax","Ranunculus.bulbosus"
"21","Eupeodes.corollae","Ranunculus.bulbosus"
"21","Eupeodes.nitens","Ranunculus.bulbosus"
"21","Halictus.rubicundus","Ranunculus.bulbosus"
"21","Halictus.tumulorum","Ranunculus.bulbosus"
"21","Helophilus.pendulus","Ranunculus.bulbosus"
"21","Hylaeus.confusus","Ranunculus.bulbosus"
"21","Lasioglossum.morio","Ranunculus.bulbosus"
"21","Lasioglossum.pauxillum","Ranunculus.bulbosus"
"21","Myathropa.florea","Ranunculus.bulbosus"
"21","Nomada.flavoguttata","Ranunculus.bulbosus"
"21","Osmia.bicolor","Ranunculus.bulbosus"
"21","Pipizella.spec","Ranunculus.bulbosus"
"21","Psithyrus.rupestris","Ranunculus.bulbosus"
"21","Psithyrus.sylvestris","Ranunculus.bulbosus"
"21","Sphaerophoria.spec","Ranunculus.bulbosus"
"21","Sphecodes.ephippius","Ranunculus.bulbosus"
"21","Syritta.pipiens","Ranunculus.bulbosus"
"21","Syrphus.ribesii","Ranunculus.bulbosus"
"21","Syrphus.torvus","Ranunculus.bulbosus"
"21","Syrphus.vitripennis","Ranunculus.bulbosus"
"21","Andrena.minutula","Sedum.sexangulare"
"21","Andrena.subopaca","Sedum.sexangulare"
"21","Bombus.lapidarius","Sedum.sexangulare"
"21","Bombus.pascuorum","Sedum.sexangulare"
"21","Bombus.pratorum","Sedum.sexangulare"
"21","Bombus.terrestris.agg","Sedum.sexangulare"
"21","Cheilosia.ranunculi/albitarsis","Sedum.sexangulare"
"21","Cheilosia.soror","Sedum.sexangulare"
"21","Chelostoma.campanularum","Sedum.sexangulare"
"21","Didea.fasciata","Sedum.sexangulare"
"21","Episyrphus.balteatus","Sedum.sexangulare"
"21","Eristalis.arbustorum","Sedum.sexangulare"
"21","Eristalis.interrupta","Sedum.sexangulare"
"21","Eristalis.pertinax","Sedum.sexangulare"
"21","Eristalis.tenax","Sedum.sexangulare"
"21","Eupeodes.corollae","Sedum.sexangulare"
"21","Eupeodes.nitens","Sedum.sexangulare"
"21","Halictus.rubicundus","Sedum.sexangulare"
"21","Halictus.tumulorum","Sedum.sexangulare"
"21","Helophilus.pendulus","Sedum.sexangulare"
"21","Hylaeus.confusus","Sedum.sexangulare"
"21","Lasioglossum.morio","Sedum.sexangulare"
"21","Lasioglossum.pauxillum","Sedum.sexangulare"
"21","Myathropa.florea","Sedum.sexangulare"
"21","Nomada.flavoguttata","Sedum.sexangulare"
"21","Osmia.bicolor","Sedum.sexangulare"
"21","Pipizella.spec","Sedum.sexangulare"
"21","Psithyrus.rupestris","Sedum.sexangulare"
"21","Psithyrus.sylvestris","Sedum.sexangulare"
"21","Sphaerophoria.spec","Sedum.sexangulare"
"21","Sphecodes.ephippius","Sedum.sexangulare"
"21","Syritta.pipiens","Sedum.sexangulare"
"21","Syrphus.ribesii","Sedum.sexangulare"
"21","Syrphus.torvus","Sedum.sexangulare"
"21","Syrphus.vitripennis","Sedum.sexangulare"
"21","Andrena.minutula","Senecio.fucsii"
"21","Andrena.subopaca","Senecio.fucsii"
"21","Bombus.lapidarius","Senecio.fucsii"
"21","Bombus.pascuorum","Senecio.fucsii"
"21","Bombus.pratorum","Senecio.fucsii"
"21","Bombus.terrestris.agg","Senecio.fucsii"
"21","Cheilosia.ranunculi/albitarsis","Senecio.fucsii"
"21","Cheilosia.soror","Senecio.fucsii"
"21","Chelostoma.campanularum","Senecio.fucsii"
"21","Didea.fasciata","Senecio.fucsii"
"21","Episyrphus.balteatus","Senecio.fucsii"
"21","Eristalis.arbustorum","Senecio.fucsii"
"21","Eristalis.interrupta","Senecio.fucsii"
"21","Eristalis.pertinax","Senecio.fucsii"
"21","Eristalis.tenax","Senecio.fucsii"
"21","Eupeodes.corollae","Senecio.fucsii"
"21","Eupeodes.nitens","Senecio.fucsii"
"21","Halictus.rubicundus","Senecio.fucsii"
"21","Halictus.tumulorum","Senecio.fucsii"
"21","Helophilus.pendulus","Senecio.fucsii"
"21","Hylaeus.confusus","Senecio.fucsii"
"21","Lasioglossum.morio","Senecio.fucsii"
"21","Lasioglossum.pauxillum","Senecio.fucsii"
"21","Myathropa.florea","Senecio.fucsii"
"21","Nomada.flavoguttata","Senecio.fucsii"
"21","Osmia.bicolor","Senecio.fucsii"
"21","Pipizella.spec","Senecio.fucsii"
"21","Psithyrus.rupestris","Senecio.fucsii"
"21","Psithyrus.sylvestris","Senecio.fucsii"
"21","Sphaerophoria.spec","Senecio.fucsii"
"21","Sphecodes.ephippius","Senecio.fucsii"
"21","Syritta.pipiens","Senecio.fucsii"
"21","Syrphus.ribesii","Senecio.fucsii"
"21","Syrphus.torvus","Senecio.fucsii"
"21","Syrphus.vitripennis","Senecio.fucsii"
"21","Andrena.minutula","Thymus.pulegioides"
"21","Andrena.subopaca","Thymus.pulegioides"
"21","Bombus.lapidarius","Thymus.pulegioides"
"21","Bombus.pascuorum","Thymus.pulegioides"
"21","Bombus.pratorum","Thymus.pulegioides"
"21","Bombus.terrestris.agg","Thymus.pulegioides"
"21","Cheilosia.ranunculi/albitarsis","Thymus.pulegioides"
"21","Cheilosia.soror","Thymus.pulegioides"
"21","Chelostoma.campanularum","Thymus.pulegioides"
"21","Didea.fasciata","Thymus.pulegioides"
"21","Episyrphus.balteatus","Thymus.pulegioides"
"21","Eristalis.arbustorum","Thymus.pulegioides"
"21","Eristalis.interrupta","Thymus.pulegioides"
"21","Eristalis.pertinax","Thymus.pulegioides"
"21","Eristalis.tenax","Thymus.pulegioides"
"21","Eupeodes.corollae","Thymus.pulegioides"
"21","Eupeodes.nitens","Thymus.pulegioides"
"21","Halictus.rubicundus","Thymus.pulegioides"
"21","Halictus.tumulorum","Thymus.pulegioides"
"21","Helophilus.pendulus","Thymus.pulegioides"
"21","Hylaeus.confusus","Thymus.pulegioides"
"21","Lasioglossum.morio","Thymus.pulegioides"
"21","Lasioglossum.pauxillum","Thymus.pulegioides"
"21","Myathropa.florea","Thymus.pulegioides"
"21","Nomada.flavoguttata","Thymus.pulegioides"
"21","Osmia.bicolor","Thymus.pulegioides"
"21","Pipizella.spec","Thymus.pulegioides"
"21","Psithyrus.rupestris","Thymus.pulegioides"
"21","Psithyrus.sylvestris","Thymus.pulegioides"
"21","Sphaerophoria.spec","Thymus.pulegioides"
"21","Sphecodes.ephippius","Thymus.pulegioides"
"21","Syritta.pipiens","Thymus.pulegioides"
"21","Syrphus.ribesii","Thymus.pulegioides"
"21","Syrphus.torvus","Thymus.pulegioides"
"21","Syrphus.vitripennis","Thymus.pulegioides"
"21","Andrena.minutula","Veronica.teucrium"
"21","Andrena.subopaca","Veronica.teucrium"
"21","Bombus.lapidarius","Veronica.teucrium"
"21","Bombus.pascuorum","Veronica.teucrium"
"21","Bombus.pratorum","Veronica.teucrium"
"21","Bombus.terrestris.agg","Veronica.teucrium"
"21","Cheilosia.ranunculi/albitarsis","Veronica.teucrium"
"21","Cheilosia.soror","Veronica.teucrium"
"21","Chelostoma.campanularum","Veronica.teucrium"
"21","Didea.fasciata","Veronica.teucrium"
"21","Episyrphus.balteatus","Veronica.teucrium"
"21","Eristalis.arbustorum","Veronica.teucrium"
"21","Eristalis.interrupta","Veronica.teucrium"
"21","Eristalis.pertinax","Veronica.teucrium"
"21","Eristalis.tenax","Veronica.teucrium"
"21","Eupeodes.corollae","Veronica.teucrium"
"21","Eupeodes.nitens","Veronica.teucrium"
"21","Halictus.rubicundus","Veronica.teucrium"
"21","Halictus.tumulorum","Veronica.teucrium"
"21","Helophilus.pendulus","Veronica.teucrium"
"21","Hylaeus.confusus","Veronica.teucrium"
"21","Lasioglossum.morio","Veronica.teucrium"
"21","Lasioglossum.pauxillum","Veronica.teucrium"
"21","Myathropa.florea","Veronica.teucrium"
"21","Nomada.flavoguttata","Veronica.teucrium"
"21","Osmia.bicolor","Veronica.teucrium"
"21","Pipizella.spec","Veronica.teucrium"
"21","Psithyrus.rupestris","Veronica.teucrium"
"21","Psithyrus.sylvestris","Veronica.teucrium"
"21","Sphaerophoria.spec","Veronica.teucrium"
"21","Sphecodes.ephippius","Veronica.teucrium"
"21","Syritta.pipiens","Veronica.teucrium"
"21","Syrphus.ribesii","Veronica.teucrium"
"21","Syrphus.torvus","Veronica.teucrium"
"21","Syrphus.vitripennis","Veronica.teucrium"
"21","Andrena.minutula","Viola.arvensis"
"21","Andrena.subopaca","Viola.arvensis"
"21","Bombus.lapidarius","Viola.arvensis"
"21","Bombus.pascuorum","Viola.arvensis"
"21","Bombus.pratorum","Viola.arvensis"
"21","Bombus.terrestris.agg","Viola.arvensis"
"21","Cheilosia.ranunculi/albitarsis","Viola.arvensis"
"21","Cheilosia.soror","Viola.arvensis"
"21","Chelostoma.campanularum","Viola.arvensis"
"21","Didea.fasciata","Viola.arvensis"
"21","Episyrphus.balteatus","Viola.arvensis"
"21","Eristalis.arbustorum","Viola.arvensis"
"21","Eristalis.interrupta","Viola.arvensis"
"21","Eristalis.pertinax","Viola.arvensis"
"21","Eristalis.tenax","Viola.arvensis"
"21","Eupeodes.corollae","Viola.arvensis"
"21","Eupeodes.nitens","Viola.arvensis"
"21","Halictus.rubicundus","Viola.arvensis"
"21","Halictus.tumulorum","Viola.arvensis"
"21","Helophilus.pendulus","Viola.arvensis"
"21","Hylaeus.confusus","Viola.arvensis"
"21","Lasioglossum.morio","Viola.arvensis"
"21","Lasioglossum.pauxillum","Viola.arvensis"
"21","Myathropa.florea","Viola.arvensis"
"21","Nomada.flavoguttata","Viola.arvensis"
"21","Osmia.bicolor","Viola.arvensis"
"21","Pipizella.spec","Viola.arvensis"
"21","Psithyrus.rupestris","Viola.arvensis"
"21","Psithyrus.sylvestris","Viola.arvensis"
"21","Sphaerophoria.spec","Viola.arvensis"
"21","Sphecodes.ephippius","Viola.arvensis"
"21","Syritta.pipiens","Viola.arvensis"
"21","Syrphus.ribesii","Viola.arvensis"
"21","Syrphus.torvus","Viola.arvensis"
"21","Syrphus.vitripennis","Viola.arvensis"
"22","Andrena.bicolor","Achillea.millefolium"
"22","Andrena.subopaca","Achillea.millefolium"
"22","Bombus.hortorum","Achillea.millefolium"
"22","Bombus.hypnorum","Achillea.millefolium"
"22","Bombus.lapidarius","Achillea.millefolium"
"22","Bombus.pascuorum","Achillea.millefolium"
"22","Bombus.pratorum","Achillea.millefolium"
"22","Bombus.terrestris.agg","Achillea.millefolium"
"22","Cheilosia.soror","Achillea.millefolium"
"22","Episyrphus.balteatus","Achillea.millefolium"
"22","Eristalis.interrupta","Achillea.millefolium"
"22","Eristalis.pertinax","Achillea.millefolium"
"22","Eristalis.tenax","Achillea.millefolium"
"22","Eumerus.ornatus","Achillea.millefolium"
"22","Hylaeus.confusus","Achillea.millefolium"
"22","Lasioglossum.leucopus","Achillea.millefolium"
"22","Lasioglossum.pauxillum","Achillea.millefolium"
"22","Psithyrus.bohemicus","Achillea.millefolium"
"22","Syrphus.ribesii","Achillea.millefolium"
"22","Syrphus.torvus","Achillea.millefolium"
"22","Syrphus.vitripennis","Achillea.millefolium"
"22","Andrena.bicolor","Campanula.rotundifolia"
"22","Andrena.subopaca","Campanula.rotundifolia"
"22","Bombus.hortorum","Campanula.rotundifolia"
"22","Bombus.hypnorum","Campanula.rotundifolia"
"22","Bombus.lapidarius","Campanula.rotundifolia"
"22","Bombus.pascuorum","Campanula.rotundifolia"
"22","Bombus.pratorum","Campanula.rotundifolia"
"22","Bombus.terrestris.agg","Campanula.rotundifolia"
"22","Cheilosia.soror","Campanula.rotundifolia"
"22","Episyrphus.balteatus","Campanula.rotundifolia"
"22","Eristalis.interrupta","Campanula.rotundifolia"
"22","Eristalis.pertinax","Campanula.rotundifolia"
"22","Eristalis.tenax","Campanula.rotundifolia"
"22","Eumerus.ornatus","Campanula.rotundifolia"
"22","Hylaeus.confusus","Campanula.rotundifolia"
"22","Lasioglossum.leucopus","Campanula.rotundifolia"
"22","Lasioglossum.pauxillum","Campanula.rotundifolia"
"22","Psithyrus.bohemicus","Campanula.rotundifolia"
"22","Syrphus.ribesii","Campanula.rotundifolia"
"22","Syrphus.torvus","Campanula.rotundifolia"
"22","Syrphus.vitripennis","Campanula.rotundifolia"
"22","Andrena.bicolor","Carlina.vulgaris"
"22","Andrena.subopaca","Carlina.vulgaris"
"22","Bombus.hortorum","Carlina.vulgaris"
"22","Bombus.hypnorum","Carlina.vulgaris"
"22","Bombus.lapidarius","Carlina.vulgaris"
"22","Bombus.pascuorum","Carlina.vulgaris"
"22","Bombus.pratorum","Carlina.vulgaris"
"22","Bombus.terrestris.agg","Carlina.vulgaris"
"22","Cheilosia.soror","Carlina.vulgaris"
"22","Episyrphus.balteatus","Carlina.vulgaris"
"22","Eristalis.interrupta","Carlina.vulgaris"
"22","Eristalis.pertinax","Carlina.vulgaris"
"22","Eristalis.tenax","Carlina.vulgaris"
"22","Eumerus.ornatus","Carlina.vulgaris"
"22","Hylaeus.confusus","Carlina.vulgaris"
"22","Lasioglossum.leucopus","Carlina.vulgaris"
"22","Lasioglossum.pauxillum","Carlina.vulgaris"
"22","Psithyrus.bohemicus","Carlina.vulgaris"
"22","Syrphus.ribesii","Carlina.vulgaris"
"22","Syrphus.torvus","Carlina.vulgaris"
"22","Syrphus.vitripennis","Carlina.vulgaris"
"22","Andrena.bicolor","Centaurea.jacea"
"22","Andrena.subopaca","Centaurea.jacea"
"22","Bombus.hortorum","Centaurea.jacea"
"22","Bombus.hypnorum","Centaurea.jacea"
"22","Bombus.lapidarius","Centaurea.jacea"
"22","Bombus.pascuorum","Centaurea.jacea"
"22","Bombus.pratorum","Centaurea.jacea"
"22","Bombus.terrestris.agg","Centaurea.jacea"
"22","Cheilosia.soror","Centaurea.jacea"
"22","Episyrphus.balteatus","Centaurea.jacea"
"22","Eristalis.interrupta","Centaurea.jacea"
"22","Eristalis.pertinax","Centaurea.jacea"
"22","Eristalis.tenax","Centaurea.jacea"
"22","Eumerus.ornatus","Centaurea.jacea"
"22","Hylaeus.confusus","Centaurea.jacea"
"22","Lasioglossum.leucopus","Centaurea.jacea"
"22","Lasioglossum.pauxillum","Centaurea.jacea"
"22","Psithyrus.bohemicus","Centaurea.jacea"
"22","Syrphus.ribesii","Centaurea.jacea"
"22","Syrphus.torvus","Centaurea.jacea"
"22","Syrphus.vitripennis","Centaurea.jacea"
"22","Andrena.bicolor","Cirsium.arvense"
"22","Andrena.subopaca","Cirsium.arvense"
"22","Bombus.hortorum","Cirsium.arvense"
"22","Bombus.hypnorum","Cirsium.arvense"
"22","Bombus.lapidarius","Cirsium.arvense"
"22","Bombus.pascuorum","Cirsium.arvense"
"22","Bombus.pratorum","Cirsium.arvense"
"22","Bombus.terrestris.agg","Cirsium.arvense"
"22","Cheilosia.soror","Cirsium.arvense"
"22","Episyrphus.balteatus","Cirsium.arvense"
"22","Eristalis.interrupta","Cirsium.arvense"
"22","Eristalis.pertinax","Cirsium.arvense"
"22","Eristalis.tenax","Cirsium.arvense"
"22","Eumerus.ornatus","Cirsium.arvense"
"22","Hylaeus.confusus","Cirsium.arvense"
"22","Lasioglossum.leucopus","Cirsium.arvense"
"22","Lasioglossum.pauxillum","Cirsium.arvense"
"22","Psithyrus.bohemicus","Cirsium.arvense"
"22","Syrphus.ribesii","Cirsium.arvense"
"22","Syrphus.torvus","Cirsium.arvense"
"22","Syrphus.vitripennis","Cirsium.arvense"
"22","Andrena.bicolor","Fragaria.vesca"
"22","Andrena.subopaca","Fragaria.vesca"
"22","Bombus.hortorum","Fragaria.vesca"
"22","Bombus.hypnorum","Fragaria.vesca"
"22","Bombus.lapidarius","Fragaria.vesca"
"22","Bombus.pascuorum","Fragaria.vesca"
"22","Bombus.pratorum","Fragaria.vesca"
"22","Bombus.terrestris.agg","Fragaria.vesca"
"22","Cheilosia.soror","Fragaria.vesca"
"22","Episyrphus.balteatus","Fragaria.vesca"
"22","Eristalis.interrupta","Fragaria.vesca"
"22","Eristalis.pertinax","Fragaria.vesca"
"22","Eristalis.tenax","Fragaria.vesca"
"22","Eumerus.ornatus","Fragaria.vesca"
"22","Hylaeus.confusus","Fragaria.vesca"
"22","Lasioglossum.leucopus","Fragaria.vesca"
"22","Lasioglossum.pauxillum","Fragaria.vesca"
"22","Psithyrus.bohemicus","Fragaria.vesca"
"22","Syrphus.ribesii","Fragaria.vesca"
"22","Syrphus.torvus","Fragaria.vesca"
"22","Syrphus.vitripennis","Fragaria.vesca"
"22","Andrena.bicolor","Gymnadenia.conopsea"
"22","Andrena.subopaca","Gymnadenia.conopsea"
"22","Bombus.hortorum","Gymnadenia.conopsea"
"22","Bombus.hypnorum","Gymnadenia.conopsea"
"22","Bombus.lapidarius","Gymnadenia.conopsea"
"22","Bombus.pascuorum","Gymnadenia.conopsea"
"22","Bombus.pratorum","Gymnadenia.conopsea"
"22","Bombus.terrestris.agg","Gymnadenia.conopsea"
"22","Cheilosia.soror","Gymnadenia.conopsea"
"22","Episyrphus.balteatus","Gymnadenia.conopsea"
"22","Eristalis.interrupta","Gymnadenia.conopsea"
"22","Eristalis.pertinax","Gymnadenia.conopsea"
"22","Eristalis.tenax","Gymnadenia.conopsea"
"22","Eumerus.ornatus","Gymnadenia.conopsea"
"22","Hylaeus.confusus","Gymnadenia.conopsea"
"22","Lasioglossum.leucopus","Gymnadenia.conopsea"
"22","Lasioglossum.pauxillum","Gymnadenia.conopsea"
"22","Psithyrus.bohemicus","Gymnadenia.conopsea"
"22","Syrphus.ribesii","Gymnadenia.conopsea"
"22","Syrphus.torvus","Gymnadenia.conopsea"
"22","Syrphus.vitripennis","Gymnadenia.conopsea"
"22","Andrena.bicolor","Hippocrepis.comosa"
"22","Andrena.subopaca","Hippocrepis.comosa"
"22","Bombus.hortorum","Hippocrepis.comosa"
"22","Bombus.hypnorum","Hippocrepis.comosa"
"22","Bombus.lapidarius","Hippocrepis.comosa"
"22","Bombus.pascuorum","Hippocrepis.comosa"
"22","Bombus.pratorum","Hippocrepis.comosa"
"22","Bombus.terrestris.agg","Hippocrepis.comosa"
"22","Cheilosia.soror","Hippocrepis.comosa"
"22","Episyrphus.balteatus","Hippocrepis.comosa"
"22","Eristalis.interrupta","Hippocrepis.comosa"
"22","Eristalis.pertinax","Hippocrepis.comosa"
"22","Eristalis.tenax","Hippocrepis.comosa"
"22","Eumerus.ornatus","Hippocrepis.comosa"
"22","Hylaeus.confusus","Hippocrepis.comosa"
"22","Lasioglossum.leucopus","Hippocrepis.comosa"
"22","Lasioglossum.pauxillum","Hippocrepis.comosa"
"22","Psithyrus.bohemicus","Hippocrepis.comosa"
"22","Syrphus.ribesii","Hippocrepis.comosa"
"22","Syrphus.torvus","Hippocrepis.comosa"
"22","Syrphus.vitripennis","Hippocrepis.comosa"
"22","Andrena.bicolor","Hypericum.perforatum"
"22","Andrena.subopaca","Hypericum.perforatum"
"22","Bombus.hortorum","Hypericum.perforatum"
"22","Bombus.hypnorum","Hypericum.perforatum"
"22","Bombus.lapidarius","Hypericum.perforatum"
"22","Bombus.pascuorum","Hypericum.perforatum"
"22","Bombus.pratorum","Hypericum.perforatum"
"22","Bombus.terrestris.agg","Hypericum.perforatum"
"22","Cheilosia.soror","Hypericum.perforatum"
"22","Episyrphus.balteatus","Hypericum.perforatum"
"22","Eristalis.interrupta","Hypericum.perforatum"
"22","Eristalis.pertinax","Hypericum.perforatum"
"22","Eristalis.tenax","Hypericum.perforatum"
"22","Eumerus.ornatus","Hypericum.perforatum"
"22","Hylaeus.confusus","Hypericum.perforatum"
"22","Lasioglossum.leucopus","Hypericum.perforatum"
"22","Lasioglossum.pauxillum","Hypericum.perforatum"
"22","Psithyrus.bohemicus","Hypericum.perforatum"
"22","Syrphus.ribesii","Hypericum.perforatum"
"22","Syrphus.torvus","Hypericum.perforatum"
"22","Syrphus.vitripennis","Hypericum.perforatum"
"22","Andrena.bicolor","Knautia.arvensis"
"22","Andrena.subopaca","Knautia.arvensis"
"22","Bombus.hortorum","Knautia.arvensis"
"22","Bombus.hypnorum","Knautia.arvensis"
"22","Bombus.lapidarius","Knautia.arvensis"
"22","Bombus.pascuorum","Knautia.arvensis"
"22","Bombus.pratorum","Knautia.arvensis"
"22","Bombus.terrestris.agg","Knautia.arvensis"
"22","Cheilosia.soror","Knautia.arvensis"
"22","Episyrphus.balteatus","Knautia.arvensis"
"22","Eristalis.interrupta","Knautia.arvensis"
"22","Eristalis.pertinax","Knautia.arvensis"
"22","Eristalis.tenax","Knautia.arvensis"
"22","Eumerus.ornatus","Knautia.arvensis"
"22","Hylaeus.confusus","Knautia.arvensis"
"22","Lasioglossum.leucopus","Knautia.arvensis"
"22","Lasioglossum.pauxillum","Knautia.arvensis"
"22","Psithyrus.bohemicus","Knautia.arvensis"
"22","Syrphus.ribesii","Knautia.arvensis"
"22","Syrphus.torvus","Knautia.arvensis"
"22","Syrphus.vitripennis","Knautia.arvensis"
"22","Andrena.bicolor","Leontodon.hispidus"
"22","Andrena.subopaca","Leontodon.hispidus"
"22","Bombus.hortorum","Leontodon.hispidus"
"22","Bombus.hypnorum","Leontodon.hispidus"
"22","Bombus.lapidarius","Leontodon.hispidus"
"22","Bombus.pascuorum","Leontodon.hispidus"
"22","Bombus.pratorum","Leontodon.hispidus"
"22","Bombus.terrestris.agg","Leontodon.hispidus"
"22","Cheilosia.soror","Leontodon.hispidus"
"22","Episyrphus.balteatus","Leontodon.hispidus"
"22","Eristalis.interrupta","Leontodon.hispidus"
"22","Eristalis.pertinax","Leontodon.hispidus"
"22","Eristalis.tenax","Leontodon.hispidus"
"22","Eumerus.ornatus","Leontodon.hispidus"
"22","Hylaeus.confusus","Leontodon.hispidus"
"22","Lasioglossum.leucopus","Leontodon.hispidus"
"22","Lasioglossum.pauxillum","Leontodon.hispidus"
"22","Psithyrus.bohemicus","Leontodon.hispidus"
"22","Syrphus.ribesii","Leontodon.hispidus"
"22","Syrphus.torvus","Leontodon.hispidus"
"22","Syrphus.vitripennis","Leontodon.hispidus"
"22","Andrena.bicolor","Lotus.corniculatus"
"22","Andrena.subopaca","Lotus.corniculatus"
"22","Bombus.hortorum","Lotus.corniculatus"
"22","Bombus.hypnorum","Lotus.corniculatus"
"22","Bombus.lapidarius","Lotus.corniculatus"
"22","Bombus.pascuorum","Lotus.corniculatus"
"22","Bombus.pratorum","Lotus.corniculatus"
"22","Bombus.terrestris.agg","Lotus.corniculatus"
"22","Cheilosia.soror","Lotus.corniculatus"
"22","Episyrphus.balteatus","Lotus.corniculatus"
"22","Eristalis.interrupta","Lotus.corniculatus"
"22","Eristalis.pertinax","Lotus.corniculatus"
"22","Eristalis.tenax","Lotus.corniculatus"
"22","Eumerus.ornatus","Lotus.corniculatus"
"22","Hylaeus.confusus","Lotus.corniculatus"
"22","Lasioglossum.leucopus","Lotus.corniculatus"
"22","Lasioglossum.pauxillum","Lotus.corniculatus"
"22","Psithyrus.bohemicus","Lotus.corniculatus"
"22","Syrphus.ribesii","Lotus.corniculatus"
"22","Syrphus.torvus","Lotus.corniculatus"
"22","Syrphus.vitripennis","Lotus.corniculatus"
"22","Andrena.bicolor","Medicago.lupulina"
"22","Andrena.subopaca","Medicago.lupulina"
"22","Bombus.hortorum","Medicago.lupulina"
"22","Bombus.hypnorum","Medicago.lupulina"
"22","Bombus.lapidarius","Medicago.lupulina"
"22","Bombus.pascuorum","Medicago.lupulina"
"22","Bombus.pratorum","Medicago.lupulina"
"22","Bombus.terrestris.agg","Medicago.lupulina"
"22","Cheilosia.soror","Medicago.lupulina"
"22","Episyrphus.balteatus","Medicago.lupulina"
"22","Eristalis.interrupta","Medicago.lupulina"
"22","Eristalis.pertinax","Medicago.lupulina"
"22","Eristalis.tenax","Medicago.lupulina"
"22","Eumerus.ornatus","Medicago.lupulina"
"22","Hylaeus.confusus","Medicago.lupulina"
"22","Lasioglossum.leucopus","Medicago.lupulina"
"22","Lasioglossum.pauxillum","Medicago.lupulina"
"22","Psithyrus.bohemicus","Medicago.lupulina"
"22","Syrphus.ribesii","Medicago.lupulina"
"22","Syrphus.torvus","Medicago.lupulina"
"22","Syrphus.vitripennis","Medicago.lupulina"
"22","Andrena.bicolor","Pimpinella.saxifraga"
"22","Andrena.subopaca","Pimpinella.saxifraga"
"22","Bombus.hortorum","Pimpinella.saxifraga"
"22","Bombus.hypnorum","Pimpinella.saxifraga"
"22","Bombus.lapidarius","Pimpinella.saxifraga"
"22","Bombus.pascuorum","Pimpinella.saxifraga"
"22","Bombus.pratorum","Pimpinella.saxifraga"
"22","Bombus.terrestris.agg","Pimpinella.saxifraga"
"22","Cheilosia.soror","Pimpinella.saxifraga"
"22","Episyrphus.balteatus","Pimpinella.saxifraga"
"22","Eristalis.interrupta","Pimpinella.saxifraga"
"22","Eristalis.pertinax","Pimpinella.saxifraga"
"22","Eristalis.tenax","Pimpinella.saxifraga"
"22","Eumerus.ornatus","Pimpinella.saxifraga"
"22","Hylaeus.confusus","Pimpinella.saxifraga"
"22","Lasioglossum.leucopus","Pimpinella.saxifraga"
"22","Lasioglossum.pauxillum","Pimpinella.saxifraga"
"22","Psithyrus.bohemicus","Pimpinella.saxifraga"
"22","Syrphus.ribesii","Pimpinella.saxifraga"
"22","Syrphus.torvus","Pimpinella.saxifraga"
"22","Syrphus.vitripennis","Pimpinella.saxifraga"
"22","Andrena.bicolor","Plantago.media"
"22","Andrena.subopaca","Plantago.media"
"22","Bombus.hortorum","Plantago.media"
"22","Bombus.hypnorum","Plantago.media"
"22","Bombus.lapidarius","Plantago.media"
"22","Bombus.pascuorum","Plantago.media"
"22","Bombus.pratorum","Plantago.media"
"22","Bombus.terrestris.agg","Plantago.media"
"22","Cheilosia.soror","Plantago.media"
"22","Episyrphus.balteatus","Plantago.media"
"22","Eristalis.interrupta","Plantago.media"
"22","Eristalis.pertinax","Plantago.media"
"22","Eristalis.tenax","Plantago.media"
"22","Eumerus.ornatus","Plantago.media"
"22","Hylaeus.confusus","Plantago.media"
"22","Lasioglossum.leucopus","Plantago.media"
"22","Lasioglossum.pauxillum","Plantago.media"
"22","Psithyrus.bohemicus","Plantago.media"
"22","Syrphus.ribesii","Plantago.media"
"22","Syrphus.torvus","Plantago.media"
"22","Syrphus.vitripennis","Plantago.media"
"22","Andrena.bicolor","Prunella.grandiflora"
"22","Andrena.subopaca","Prunella.grandiflora"
"22","Bombus.hortorum","Prunella.grandiflora"
"22","Bombus.hypnorum","Prunella.grandiflora"
"22","Bombus.lapidarius","Prunella.grandiflora"
"22","Bombus.pascuorum","Prunella.grandiflora"
"22","Bombus.pratorum","Prunella.grandiflora"
"22","Bombus.terrestris.agg","Prunella.grandiflora"
"22","Cheilosia.soror","Prunella.grandiflora"
"22","Episyrphus.balteatus","Prunella.grandiflora"
"22","Eristalis.interrupta","Prunella.grandiflora"
"22","Eristalis.pertinax","Prunella.grandiflora"
"22","Eristalis.tenax","Prunella.grandiflora"
"22","Eumerus.ornatus","Prunella.grandiflora"
"22","Hylaeus.confusus","Prunella.grandiflora"
"22","Lasioglossum.leucopus","Prunella.grandiflora"
"22","Lasioglossum.pauxillum","Prunella.grandiflora"
"22","Psithyrus.bohemicus","Prunella.grandiflora"
"22","Syrphus.ribesii","Prunella.grandiflora"
"22","Syrphus.torvus","Prunella.grandiflora"
"22","Syrphus.vitripennis","Prunella.grandiflora"
"22","Andrena.bicolor","Ranunculus.bulbosus"
"22","Andrena.subopaca","Ranunculus.bulbosus"
"22","Bombus.hortorum","Ranunculus.bulbosus"
"22","Bombus.hypnorum","Ranunculus.bulbosus"
"22","Bombus.lapidarius","Ranunculus.bulbosus"
"22","Bombus.pascuorum","Ranunculus.bulbosus"
"22","Bombus.pratorum","Ranunculus.bulbosus"
"22","Bombus.terrestris.agg","Ranunculus.bulbosus"
"22","Cheilosia.soror","Ranunculus.bulbosus"
"22","Episyrphus.balteatus","Ranunculus.bulbosus"
"22","Eristalis.interrupta","Ranunculus.bulbosus"
"22","Eristalis.pertinax","Ranunculus.bulbosus"
"22","Eristalis.tenax","Ranunculus.bulbosus"
"22","Eumerus.ornatus","Ranunculus.bulbosus"
"22","Hylaeus.confusus","Ranunculus.bulbosus"
"22","Lasioglossum.leucopus","Ranunculus.bulbosus"
"22","Lasioglossum.pauxillum","Ranunculus.bulbosus"
"22","Psithyrus.bohemicus","Ranunculus.bulbosus"
"22","Syrphus.ribesii","Ranunculus.bulbosus"
"22","Syrphus.torvus","Ranunculus.bulbosus"
"22","Syrphus.vitripennis","Ranunculus.bulbosus"
"22","Andrena.bicolor","Rhinanthus.minor"
"22","Andrena.subopaca","Rhinanthus.minor"
"22","Bombus.hortorum","Rhinanthus.minor"
"22","Bombus.hypnorum","Rhinanthus.minor"
"22","Bombus.lapidarius","Rhinanthus.minor"
"22","Bombus.pascuorum","Rhinanthus.minor"
"22","Bombus.pratorum","Rhinanthus.minor"
"22","Bombus.terrestris.agg","Rhinanthus.minor"
"22","Cheilosia.soror","Rhinanthus.minor"
"22","Episyrphus.balteatus","Rhinanthus.minor"
"22","Eristalis.interrupta","Rhinanthus.minor"
"22","Eristalis.pertinax","Rhinanthus.minor"
"22","Eristalis.tenax","Rhinanthus.minor"
"22","Eumerus.ornatus","Rhinanthus.minor"
"22","Hylaeus.confusus","Rhinanthus.minor"
"22","Lasioglossum.leucopus","Rhinanthus.minor"
"22","Lasioglossum.pauxillum","Rhinanthus.minor"
"22","Psithyrus.bohemicus","Rhinanthus.minor"
"22","Syrphus.ribesii","Rhinanthus.minor"
"22","Syrphus.torvus","Rhinanthus.minor"
"22","Syrphus.vitripennis","Rhinanthus.minor"
"22","Andrena.bicolor","Senecio.jacobaea"
"22","Andrena.subopaca","Senecio.jacobaea"
"22","Bombus.hortorum","Senecio.jacobaea"
"22","Bombus.hypnorum","Senecio.jacobaea"
"22","Bombus.lapidarius","Senecio.jacobaea"
"22","Bombus.pascuorum","Senecio.jacobaea"
"22","Bombus.pratorum","Senecio.jacobaea"
"22","Bombus.terrestris.agg","Senecio.jacobaea"
"22","Cheilosia.soror","Senecio.jacobaea"
"22","Episyrphus.balteatus","Senecio.jacobaea"
"22","Eristalis.interrupta","Senecio.jacobaea"
"22","Eristalis.pertinax","Senecio.jacobaea"
"22","Eristalis.tenax","Senecio.jacobaea"
"22","Eumerus.ornatus","Senecio.jacobaea"
"22","Hylaeus.confusus","Senecio.jacobaea"
"22","Lasioglossum.leucopus","Senecio.jacobaea"
"22","Lasioglossum.pauxillum","Senecio.jacobaea"
"22","Psithyrus.bohemicus","Senecio.jacobaea"
"22","Syrphus.ribesii","Senecio.jacobaea"
"22","Syrphus.torvus","Senecio.jacobaea"
"22","Syrphus.vitripennis","Senecio.jacobaea"
"22","Andrena.bicolor","Taraxacum.officinale"
"22","Andrena.subopaca","Taraxacum.officinale"
"22","Bombus.hortorum","Taraxacum.officinale"
"22","Bombus.hypnorum","Taraxacum.officinale"
"22","Bombus.lapidarius","Taraxacum.officinale"
"22","Bombus.pascuorum","Taraxacum.officinale"
"22","Bombus.pratorum","Taraxacum.officinale"
"22","Bombus.terrestris.agg","Taraxacum.officinale"
"22","Cheilosia.soror","Taraxacum.officinale"
"22","Episyrphus.balteatus","Taraxacum.officinale"
"22","Eristalis.interrupta","Taraxacum.officinale"
"22","Eristalis.pertinax","Taraxacum.officinale"
"22","Eristalis.tenax","Taraxacum.officinale"
"22","Eumerus.ornatus","Taraxacum.officinale"
"22","Hylaeus.confusus","Taraxacum.officinale"
"22","Lasioglossum.leucopus","Taraxacum.officinale"
"22","Lasioglossum.pauxillum","Taraxacum.officinale"
"22","Psithyrus.bohemicus","Taraxacum.officinale"
"22","Syrphus.ribesii","Taraxacum.officinale"
"22","Syrphus.torvus","Taraxacum.officinale"
"22","Syrphus.vitripennis","Taraxacum.officinale"
"22","Andrena.bicolor","Trifolium.pratense"
"22","Andrena.subopaca","Trifolium.pratense"
"22","Bombus.hortorum","Trifolium.pratense"
"22","Bombus.hypnorum","Trifolium.pratense"
"22","Bombus.lapidarius","Trifolium.pratense"
"22","Bombus.pascuorum","Trifolium.pratense"
"22","Bombus.pratorum","Trifolium.pratense"
"22","Bombus.terrestris.agg","Trifolium.pratense"
"22","Cheilosia.soror","Trifolium.pratense"
"22","Episyrphus.balteatus","Trifolium.pratense"
"22","Eristalis.interrupta","Trifolium.pratense"
"22","Eristalis.pertinax","Trifolium.pratense"
"22","Eristalis.tenax","Trifolium.pratense"
"22","Eumerus.ornatus","Trifolium.pratense"
"22","Hylaeus.confusus","Trifolium.pratense"
"22","Lasioglossum.leucopus","Trifolium.pratense"
"22","Lasioglossum.pauxillum","Trifolium.pratense"
"22","Psithyrus.bohemicus","Trifolium.pratense"
"22","Syrphus.ribesii","Trifolium.pratense"
"22","Syrphus.torvus","Trifolium.pratense"
"22","Syrphus.vitripennis","Trifolium.pratense"
"22","Andrena.bicolor","Veronica.teucrium"
"22","Andrena.subopaca","Veronica.teucrium"
"22","Bombus.hortorum","Veronica.teucrium"
"22","Bombus.hypnorum","Veronica.teucrium"
"22","Bombus.lapidarius","Veronica.teucrium"
"22","Bombus.pascuorum","Veronica.teucrium"
"22","Bombus.pratorum","Veronica.teucrium"
"22","Bombus.terrestris.agg","Veronica.teucrium"
"22","Cheilosia.soror","Veronica.teucrium"
"22","Episyrphus.balteatus","Veronica.teucrium"
"22","Eristalis.interrupta","Veronica.teucrium"
"22","Eristalis.pertinax","Veronica.teucrium"
"22","Eristalis.tenax","Veronica.teucrium"
"22","Eumerus.ornatus","Veronica.teucrium"
"22","Hylaeus.confusus","Veronica.teucrium"
"22","Lasioglossum.leucopus","Veronica.teucrium"
"22","Lasioglossum.pauxillum","Veronica.teucrium"
"22","Psithyrus.bohemicus","Veronica.teucrium"
"22","Syrphus.ribesii","Veronica.teucrium"
"22","Syrphus.torvus","Veronica.teucrium"
"22","Syrphus.vitripennis","Veronica.teucrium"
"23","Andrena.angustior","Campanula.rotundifolia"
"23","Andrena.minutula","Campanula.rotundifolia"
"23","Bombus.lapidarius","Campanula.rotundifolia"
"23","Bombus.pascuorum","Campanula.rotundifolia"
"23","Bombus.terrestris.agg","Campanula.rotundifolia"
"23","Ceratina.cyanea","Campanula.rotundifolia"
"23","Episyrphus.balteatus","Campanula.rotundifolia"
"23","Eristalis.pertinax","Campanula.rotundifolia"
"23","Eristalis.tenax","Campanula.rotundifolia"
"23","Halictus.tumulorum","Campanula.rotundifolia"
"23","Lasioglossum.leucopus","Campanula.rotundifolia"
"23","Lasioglossum.morio","Campanula.rotundifolia"
"23","Lasioglossum.pauxillum","Campanula.rotundifolia"
"23","Melanostoma.spec","Campanula.rotundifolia"
"23","Sphaerophoria.spec","Campanula.rotundifolia"
"23","Syrphus.torvus","Campanula.rotundifolia"
"23","Syrphus.vitripennis","Campanula.rotundifolia"
"23","Andrena.angustior","Clematis.vitalba"
"23","Andrena.minutula","Clematis.vitalba"
"23","Bombus.lapidarius","Clematis.vitalba"
"23","Bombus.pascuorum","Clematis.vitalba"
"23","Bombus.terrestris.agg","Clematis.vitalba"
"23","Ceratina.cyanea","Clematis.vitalba"
"23","Episyrphus.balteatus","Clematis.vitalba"
"23","Eristalis.pertinax","Clematis.vitalba"
"23","Eristalis.tenax","Clematis.vitalba"
"23","Halictus.tumulorum","Clematis.vitalba"
"23","Lasioglossum.leucopus","Clematis.vitalba"
"23","Lasioglossum.morio","Clematis.vitalba"
"23","Lasioglossum.pauxillum","Clematis.vitalba"
"23","Melanostoma.spec","Clematis.vitalba"
"23","Sphaerophoria.spec","Clematis.vitalba"
"23","Syrphus.torvus","Clematis.vitalba"
"23","Syrphus.vitripennis","Clematis.vitalba"
"23","Andrena.angustior","Convolvulus.arvensis"
"23","Andrena.minutula","Convolvulus.arvensis"
"23","Bombus.lapidarius","Convolvulus.arvensis"
"23","Bombus.pascuorum","Convolvulus.arvensis"
"23","Bombus.terrestris.agg","Convolvulus.arvensis"
"23","Ceratina.cyanea","Convolvulus.arvensis"
"23","Episyrphus.balteatus","Convolvulus.arvensis"
"23","Eristalis.pertinax","Convolvulus.arvensis"
"23","Eristalis.tenax","Convolvulus.arvensis"
"23","Halictus.tumulorum","Convolvulus.arvensis"
"23","Lasioglossum.leucopus","Convolvulus.arvensis"
"23","Lasioglossum.morio","Convolvulus.arvensis"
"23","Lasioglossum.pauxillum","Convolvulus.arvensis"
"23","Melanostoma.spec","Convolvulus.arvensis"
"23","Sphaerophoria.spec","Convolvulus.arvensis"
"23","Syrphus.torvus","Convolvulus.arvensis"
"23","Syrphus.vitripennis","Convolvulus.arvensis"
"23","Andrena.angustior","Crepis.biennis"
"23","Andrena.minutula","Crepis.biennis"
"23","Bombus.lapidarius","Crepis.biennis"
"23","Bombus.pascuorum","Crepis.biennis"
"23","Bombus.terrestris.agg","Crepis.biennis"
"23","Ceratina.cyanea","Crepis.biennis"
"23","Episyrphus.balteatus","Crepis.biennis"
"23","Eristalis.pertinax","Crepis.biennis"
"23","Eristalis.tenax","Crepis.biennis"
"23","Halictus.tumulorum","Crepis.biennis"
"23","Lasioglossum.leucopus","Crepis.biennis"
"23","Lasioglossum.morio","Crepis.biennis"
"23","Lasioglossum.pauxillum","Crepis.biennis"
"23","Melanostoma.spec","Crepis.biennis"
"23","Sphaerophoria.spec","Crepis.biennis"
"23","Syrphus.torvus","Crepis.biennis"
"23","Syrphus.vitripennis","Crepis.biennis"
"23","Andrena.angustior","Daucus.carota"
"23","Andrena.minutula","Daucus.carota"
"23","Bombus.lapidarius","Daucus.carota"
"23","Bombus.pascuorum","Daucus.carota"
"23","Bombus.terrestris.agg","Daucus.carota"
"23","Ceratina.cyanea","Daucus.carota"
"23","Episyrphus.balteatus","Daucus.carota"
"23","Eristalis.pertinax","Daucus.carota"
"23","Eristalis.tenax","Daucus.carota"
"23","Halictus.tumulorum","Daucus.carota"
"23","Lasioglossum.leucopus","Daucus.carota"
"23","Lasioglossum.morio","Daucus.carota"
"23","Lasioglossum.pauxillum","Daucus.carota"
"23","Melanostoma.spec","Daucus.carota"
"23","Sphaerophoria.spec","Daucus.carota"
"23","Syrphus.torvus","Daucus.carota"
"23","Syrphus.vitripennis","Daucus.carota"
"23","Andrena.angustior","Galium.mollugo"
"23","Andrena.minutula","Galium.mollugo"
"23","Bombus.lapidarius","Galium.mollugo"
"23","Bombus.pascuorum","Galium.mollugo"
"23","Bombus.terrestris.agg","Galium.mollugo"
"23","Ceratina.cyanea","Galium.mollugo"
"23","Episyrphus.balteatus","Galium.mollugo"
"23","Eristalis.pertinax","Galium.mollugo"
"23","Eristalis.tenax","Galium.mollugo"
"23","Halictus.tumulorum","Galium.mollugo"
"23","Lasioglossum.leucopus","Galium.mollugo"
"23","Lasioglossum.morio","Galium.mollugo"
"23","Lasioglossum.pauxillum","Galium.mollugo"
"23","Melanostoma.spec","Galium.mollugo"
"23","Sphaerophoria.spec","Galium.mollugo"
"23","Syrphus.torvus","Galium.mollugo"
"23","Syrphus.vitripennis","Galium.mollugo"
"23","Andrena.angustior","Helianthemum.nummularium"
"23","Andrena.minutula","Helianthemum.nummularium"
"23","Bombus.lapidarius","Helianthemum.nummularium"
"23","Bombus.pascuorum","Helianthemum.nummularium"
"23","Bombus.terrestris.agg","Helianthemum.nummularium"
"23","Ceratina.cyanea","Helianthemum.nummularium"
"23","Episyrphus.balteatus","Helianthemum.nummularium"
"23","Eristalis.pertinax","Helianthemum.nummularium"
"23","Eristalis.tenax","Helianthemum.nummularium"
"23","Halictus.tumulorum","Helianthemum.nummularium"
"23","Lasioglossum.leucopus","Helianthemum.nummularium"
"23","Lasioglossum.morio","Helianthemum.nummularium"
"23","Lasioglossum.pauxillum","Helianthemum.nummularium"
"23","Melanostoma.spec","Helianthemum.nummularium"
"23","Sphaerophoria.spec","Helianthemum.nummularium"
"23","Syrphus.torvus","Helianthemum.nummularium"
"23","Syrphus.vitripennis","Helianthemum.nummularium"
"23","Andrena.angustior","Hypericum.perforatum"
"23","Andrena.minutula","Hypericum.perforatum"
"23","Bombus.lapidarius","Hypericum.perforatum"
"23","Bombus.pascuorum","Hypericum.perforatum"
"23","Bombus.terrestris.agg","Hypericum.perforatum"
"23","Ceratina.cyanea","Hypericum.perforatum"
"23","Episyrphus.balteatus","Hypericum.perforatum"
"23","Eristalis.pertinax","Hypericum.perforatum"
"23","Eristalis.tenax","Hypericum.perforatum"
"23","Halictus.tumulorum","Hypericum.perforatum"
"23","Lasioglossum.leucopus","Hypericum.perforatum"
"23","Lasioglossum.morio","Hypericum.perforatum"
"23","Lasioglossum.pauxillum","Hypericum.perforatum"
"23","Melanostoma.spec","Hypericum.perforatum"
"23","Sphaerophoria.spec","Hypericum.perforatum"
"23","Syrphus.torvus","Hypericum.perforatum"
"23","Syrphus.vitripennis","Hypericum.perforatum"
"23","Andrena.angustior","Knautia.arvensis"
"23","Andrena.minutula","Knautia.arvensis"
"23","Bombus.lapidarius","Knautia.arvensis"
"23","Bombus.pascuorum","Knautia.arvensis"
"23","Bombus.terrestris.agg","Knautia.arvensis"
"23","Ceratina.cyanea","Knautia.arvensis"
"23","Episyrphus.balteatus","Knautia.arvensis"
"23","Eristalis.pertinax","Knautia.arvensis"
"23","Eristalis.tenax","Knautia.arvensis"
"23","Halictus.tumulorum","Knautia.arvensis"
"23","Lasioglossum.leucopus","Knautia.arvensis"
"23","Lasioglossum.morio","Knautia.arvensis"
"23","Lasioglossum.pauxillum","Knautia.arvensis"
"23","Melanostoma.spec","Knautia.arvensis"
"23","Sphaerophoria.spec","Knautia.arvensis"
"23","Syrphus.torvus","Knautia.arvensis"
"23","Syrphus.vitripennis","Knautia.arvensis"
"23","Andrena.angustior","Leontodon.hispidus"
"23","Andrena.minutula","Leontodon.hispidus"
"23","Bombus.lapidarius","Leontodon.hispidus"
"23","Bombus.pascuorum","Leontodon.hispidus"
"23","Bombus.terrestris.agg","Leontodon.hispidus"
"23","Ceratina.cyanea","Leontodon.hispidus"
"23","Episyrphus.balteatus","Leontodon.hispidus"
"23","Eristalis.pertinax","Leontodon.hispidus"
"23","Eristalis.tenax","Leontodon.hispidus"
"23","Halictus.tumulorum","Leontodon.hispidus"
"23","Lasioglossum.leucopus","Leontodon.hispidus"
"23","Lasioglossum.morio","Leontodon.hispidus"
"23","Lasioglossum.pauxillum","Leontodon.hispidus"
"23","Melanostoma.spec","Leontodon.hispidus"
"23","Sphaerophoria.spec","Leontodon.hispidus"
"23","Syrphus.torvus","Leontodon.hispidus"
"23","Syrphus.vitripennis","Leontodon.hispidus"
"23","Andrena.angustior","Medicago.lupulina"
"23","Andrena.minutula","Medicago.lupulina"
"23","Bombus.lapidarius","Medicago.lupulina"
"23","Bombus.pascuorum","Medicago.lupulina"
"23","Bombus.terrestris.agg","Medicago.lupulina"
"23","Ceratina.cyanea","Medicago.lupulina"
"23","Episyrphus.balteatus","Medicago.lupulina"
"23","Eristalis.pertinax","Medicago.lupulina"
"23","Eristalis.tenax","Medicago.lupulina"
"23","Halictus.tumulorum","Medicago.lupulina"
"23","Lasioglossum.leucopus","Medicago.lupulina"
"23","Lasioglossum.morio","Medicago.lupulina"
"23","Lasioglossum.pauxillum","Medicago.lupulina"
"23","Melanostoma.spec","Medicago.lupulina"
"23","Sphaerophoria.spec","Medicago.lupulina"
"23","Syrphus.torvus","Medicago.lupulina"
"23","Syrphus.vitripennis","Medicago.lupulina"
"23","Andrena.angustior","Ranunculus.bulbosus"
"23","Andrena.minutula","Ranunculus.bulbosus"
"23","Bombus.lapidarius","Ranunculus.bulbosus"
"23","Bombus.pascuorum","Ranunculus.bulbosus"
"23","Bombus.terrestris.agg","Ranunculus.bulbosus"
"23","Ceratina.cyanea","Ranunculus.bulbosus"
"23","Episyrphus.balteatus","Ranunculus.bulbosus"
"23","Eristalis.pertinax","Ranunculus.bulbosus"
"23","Eristalis.tenax","Ranunculus.bulbosus"
"23","Halictus.tumulorum","Ranunculus.bulbosus"
"23","Lasioglossum.leucopus","Ranunculus.bulbosus"
"23","Lasioglossum.morio","Ranunculus.bulbosus"
"23","Lasioglossum.pauxillum","Ranunculus.bulbosus"
"23","Melanostoma.spec","Ranunculus.bulbosus"
"23","Sphaerophoria.spec","Ranunculus.bulbosus"
"23","Syrphus.torvus","Ranunculus.bulbosus"
"23","Syrphus.vitripennis","Ranunculus.bulbosus"
"23","Andrena.angustior","Rosa.NA"
"23","Andrena.minutula","Rosa.NA"
"23","Bombus.lapidarius","Rosa.NA"
"23","Bombus.pascuorum","Rosa.NA"
"23","Bombus.terrestris.agg","Rosa.NA"
"23","Ceratina.cyanea","Rosa.NA"
"23","Episyrphus.balteatus","Rosa.NA"
"23","Eristalis.pertinax","Rosa.NA"
"23","Eristalis.tenax","Rosa.NA"
"23","Halictus.tumulorum","Rosa.NA"
"23","Lasioglossum.leucopus","Rosa.NA"
"23","Lasioglossum.morio","Rosa.NA"
"23","Lasioglossum.pauxillum","Rosa.NA"
"23","Melanostoma.spec","Rosa.NA"
"23","Sphaerophoria.spec","Rosa.NA"
"23","Syrphus.torvus","Rosa.NA"
"23","Syrphus.vitripennis","Rosa.NA"
"23","Andrena.angustior","Thymus.pulegioides"
"23","Andrena.minutula","Thymus.pulegioides"
"23","Bombus.lapidarius","Thymus.pulegioides"
"23","Bombus.pascuorum","Thymus.pulegioides"
"23","Bombus.terrestris.agg","Thymus.pulegioides"
"23","Ceratina.cyanea","Thymus.pulegioides"
"23","Episyrphus.balteatus","Thymus.pulegioides"
"23","Eristalis.pertinax","Thymus.pulegioides"
"23","Eristalis.tenax","Thymus.pulegioides"
"23","Halictus.tumulorum","Thymus.pulegioides"
"23","Lasioglossum.leucopus","Thymus.pulegioides"
"23","Lasioglossum.morio","Thymus.pulegioides"
"23","Lasioglossum.pauxillum","Thymus.pulegioides"
"23","Melanostoma.spec","Thymus.pulegioides"
"23","Sphaerophoria.spec","Thymus.pulegioides"
"23","Syrphus.torvus","Thymus.pulegioides"
"23","Syrphus.vitripennis","Thymus.pulegioides"
"23","Andrena.angustior","Tilia.cordata"
"23","Andrena.minutula","Tilia.cordata"
"23","Bombus.lapidarius","Tilia.cordata"
"23","Bombus.pascuorum","Tilia.cordata"
"23","Bombus.terrestris.agg","Tilia.cordata"
"23","Ceratina.cyanea","Tilia.cordata"
"23","Episyrphus.balteatus","Tilia.cordata"
"23","Eristalis.pertinax","Tilia.cordata"
"23","Eristalis.tenax","Tilia.cordata"
"23","Halictus.tumulorum","Tilia.cordata"
"23","Lasioglossum.leucopus","Tilia.cordata"
"23","Lasioglossum.morio","Tilia.cordata"
"23","Lasioglossum.pauxillum","Tilia.cordata"
"23","Melanostoma.spec","Tilia.cordata"
"23","Sphaerophoria.spec","Tilia.cordata"
"23","Syrphus.torvus","Tilia.cordata"
"23","Syrphus.vitripennis","Tilia.cordata"
"23","Andrena.angustior","Tilia.platyphyllos"
"23","Andrena.minutula","Tilia.platyphyllos"
"23","Bombus.lapidarius","Tilia.platyphyllos"
"23","Bombus.pascuorum","Tilia.platyphyllos"
"23","Bombus.terrestris.agg","Tilia.platyphyllos"
"23","Ceratina.cyanea","Tilia.platyphyllos"
"23","Episyrphus.balteatus","Tilia.platyphyllos"
"23","Eristalis.pertinax","Tilia.platyphyllos"
"23","Eristalis.tenax","Tilia.platyphyllos"
"23","Halictus.tumulorum","Tilia.platyphyllos"
"23","Lasioglossum.leucopus","Tilia.platyphyllos"
"23","Lasioglossum.morio","Tilia.platyphyllos"
"23","Lasioglossum.pauxillum","Tilia.platyphyllos"
"23","Melanostoma.spec","Tilia.platyphyllos"
"23","Sphaerophoria.spec","Tilia.platyphyllos"
"23","Syrphus.torvus","Tilia.platyphyllos"
"23","Syrphus.vitripennis","Tilia.platyphyllos"
"23","Andrena.angustior","Trifolium.pratense"
"23","Andrena.minutula","Trifolium.pratense"
"23","Bombus.lapidarius","Trifolium.pratense"
"23","Bombus.pascuorum","Trifolium.pratense"
"23","Bombus.terrestris.agg","Trifolium.pratense"
"23","Ceratina.cyanea","Trifolium.pratense"
"23","Episyrphus.balteatus","Trifolium.pratense"
"23","Eristalis.pertinax","Trifolium.pratense"
"23","Eristalis.tenax","Trifolium.pratense"
"23","Halictus.tumulorum","Trifolium.pratense"
"23","Lasioglossum.leucopus","Trifolium.pratense"
"23","Lasioglossum.morio","Trifolium.pratense"
"23","Lasioglossum.pauxillum","Trifolium.pratense"
"23","Melanostoma.spec","Trifolium.pratense"
"23","Sphaerophoria.spec","Trifolium.pratense"
"23","Syrphus.torvus","Trifolium.pratense"
"23","Syrphus.vitripennis","Trifolium.pratense"
"24","Andrena.minutula","Achillea.millefolium"
"24","Andrena.subopaca","Achillea.millefolium"
"24","Bombus.hortorum","Achillea.millefolium"
"24","Bombus.lapidarius","Achillea.millefolium"
"24","Bombus.pascuorum","Achillea.millefolium"
"24","Cheilosia.soror","Achillea.millefolium"
"24","Episyrphus.balteatus","Achillea.millefolium"
"24","Eristalis.arbustorum","Achillea.millefolium"
"24","Eristalis.tenax","Achillea.millefolium"
"24","Helophilus.pendulus","Achillea.millefolium"
"24","Hylaeus.confusus","Achillea.millefolium"
"24","Nomada.flavoguttata","Achillea.millefolium"
"24","Osmia.bicolor","Achillea.millefolium"
"24","Psithyrus.bohemicus","Achillea.millefolium"
"24","Sphaerophoria.spec","Achillea.millefolium"
"24","Syrphus.torvus","Achillea.millefolium"
"24","Syrphus.vitripennis","Achillea.millefolium"
"24","Andrena.minutula","Centaurea.jacea"
"24","Andrena.subopaca","Centaurea.jacea"
"24","Bombus.hortorum","Centaurea.jacea"
"24","Bombus.lapidarius","Centaurea.jacea"
"24","Bombus.pascuorum","Centaurea.jacea"
"24","Cheilosia.soror","Centaurea.jacea"
"24","Episyrphus.balteatus","Centaurea.jacea"
"24","Eristalis.arbustorum","Centaurea.jacea"
"24","Eristalis.tenax","Centaurea.jacea"
"24","Helophilus.pendulus","Centaurea.jacea"
"24","Hylaeus.confusus","Centaurea.jacea"
"24","Nomada.flavoguttata","Centaurea.jacea"
"24","Osmia.bicolor","Centaurea.jacea"
"24","Psithyrus.bohemicus","Centaurea.jacea"
"24","Sphaerophoria.spec","Centaurea.jacea"
"24","Syrphus.torvus","Centaurea.jacea"
"24","Syrphus.vitripennis","Centaurea.jacea"
"24","Andrena.minutula","Centaurea.scabiosa"
"24","Andrena.subopaca","Centaurea.scabiosa"
"24","Bombus.hortorum","Centaurea.scabiosa"
"24","Bombus.lapidarius","Centaurea.scabiosa"
"24","Bombus.pascuorum","Centaurea.scabiosa"
"24","Cheilosia.soror","Centaurea.scabiosa"
"24","Episyrphus.balteatus","Centaurea.scabiosa"
"24","Eristalis.arbustorum","Centaurea.scabiosa"
"24","Eristalis.tenax","Centaurea.scabiosa"
"24","Helophilus.pendulus","Centaurea.scabiosa"
"24","Hylaeus.confusus","Centaurea.scabiosa"
"24","Nomada.flavoguttata","Centaurea.scabiosa"
"24","Osmia.bicolor","Centaurea.scabiosa"
"24","Psithyrus.bohemicus","Centaurea.scabiosa"
"24","Sphaerophoria.spec","Centaurea.scabiosa"
"24","Syrphus.torvus","Centaurea.scabiosa"
"24","Syrphus.vitripennis","Centaurea.scabiosa"
"24","Andrena.minutula","Cirsium.acaule"
"24","Andrena.subopaca","Cirsium.acaule"
"24","Bombus.hortorum","Cirsium.acaule"
"24","Bombus.lapidarius","Cirsium.acaule"
"24","Bombus.pascuorum","Cirsium.acaule"
"24","Cheilosia.soror","Cirsium.acaule"
"24","Episyrphus.balteatus","Cirsium.acaule"
"24","Eristalis.arbustorum","Cirsium.acaule"
"24","Eristalis.tenax","Cirsium.acaule"
"24","Helophilus.pendulus","Cirsium.acaule"
"24","Hylaeus.confusus","Cirsium.acaule"
"24","Nomada.flavoguttata","Cirsium.acaule"
"24","Osmia.bicolor","Cirsium.acaule"
"24","Psithyrus.bohemicus","Cirsium.acaule"
"24","Sphaerophoria.spec","Cirsium.acaule"
"24","Syrphus.torvus","Cirsium.acaule"
"24","Syrphus.vitripennis","Cirsium.acaule"
"24","Andrena.minutula","Fragaria.vesca"
"24","Andrena.subopaca","Fragaria.vesca"
"24","Bombus.hortorum","Fragaria.vesca"
"24","Bombus.lapidarius","Fragaria.vesca"
"24","Bombus.pascuorum","Fragaria.vesca"
"24","Cheilosia.soror","Fragaria.vesca"
"24","Episyrphus.balteatus","Fragaria.vesca"
"24","Eristalis.arbustorum","Fragaria.vesca"
"24","Eristalis.tenax","Fragaria.vesca"
"24","Helophilus.pendulus","Fragaria.vesca"
"24","Hylaeus.confusus","Fragaria.vesca"
"24","Nomada.flavoguttata","Fragaria.vesca"
"24","Osmia.bicolor","Fragaria.vesca"
"24","Psithyrus.bohemicus","Fragaria.vesca"
"24","Sphaerophoria.spec","Fragaria.vesca"
"24","Syrphus.torvus","Fragaria.vesca"
"24","Syrphus.vitripennis","Fragaria.vesca"
"24","Andrena.minutula","Galium.mollugo"
"24","Andrena.subopaca","Galium.mollugo"
"24","Bombus.hortorum","Galium.mollugo"
"24","Bombus.lapidarius","Galium.mollugo"
"24","Bombus.pascuorum","Galium.mollugo"
"24","Cheilosia.soror","Galium.mollugo"
"24","Episyrphus.balteatus","Galium.mollugo"
"24","Eristalis.arbustorum","Galium.mollugo"
"24","Eristalis.tenax","Galium.mollugo"
"24","Helophilus.pendulus","Galium.mollugo"
"24","Hylaeus.confusus","Galium.mollugo"
"24","Nomada.flavoguttata","Galium.mollugo"
"24","Osmia.bicolor","Galium.mollugo"
"24","Psithyrus.bohemicus","Galium.mollugo"
"24","Sphaerophoria.spec","Galium.mollugo"
"24","Syrphus.torvus","Galium.mollugo"
"24","Syrphus.vitripennis","Galium.mollugo"
"24","Andrena.minutula","Hypericum.perforatum"
"24","Andrena.subopaca","Hypericum.perforatum"
"24","Bombus.hortorum","Hypericum.perforatum"
"24","Bombus.lapidarius","Hypericum.perforatum"
"24","Bombus.pascuorum","Hypericum.perforatum"
"24","Cheilosia.soror","Hypericum.perforatum"
"24","Episyrphus.balteatus","Hypericum.perforatum"
"24","Eristalis.arbustorum","Hypericum.perforatum"
"24","Eristalis.tenax","Hypericum.perforatum"
"24","Helophilus.pendulus","Hypericum.perforatum"
"24","Hylaeus.confusus","Hypericum.perforatum"
"24","Nomada.flavoguttata","Hypericum.perforatum"
"24","Osmia.bicolor","Hypericum.perforatum"
"24","Psithyrus.bohemicus","Hypericum.perforatum"
"24","Sphaerophoria.spec","Hypericum.perforatum"
"24","Syrphus.torvus","Hypericum.perforatum"
"24","Syrphus.vitripennis","Hypericum.perforatum"
"24","Andrena.minutula","Knautia.arvensis"
"24","Andrena.subopaca","Knautia.arvensis"
"24","Bombus.hortorum","Knautia.arvensis"
"24","Bombus.lapidarius","Knautia.arvensis"
"24","Bombus.pascuorum","Knautia.arvensis"
"24","Cheilosia.soror","Knautia.arvensis"
"24","Episyrphus.balteatus","Knautia.arvensis"
"24","Eristalis.arbustorum","Knautia.arvensis"
"24","Eristalis.tenax","Knautia.arvensis"
"24","Helophilus.pendulus","Knautia.arvensis"
"24","Hylaeus.confusus","Knautia.arvensis"
"24","Nomada.flavoguttata","Knautia.arvensis"
"24","Osmia.bicolor","Knautia.arvensis"
"24","Psithyrus.bohemicus","Knautia.arvensis"
"24","Sphaerophoria.spec","Knautia.arvensis"
"24","Syrphus.torvus","Knautia.arvensis"
"24","Syrphus.vitripennis","Knautia.arvensis"
"24","Andrena.minutula","Pimpinella.saxifraga"
"24","Andrena.subopaca","Pimpinella.saxifraga"
"24","Bombus.hortorum","Pimpinella.saxifraga"
"24","Bombus.lapidarius","Pimpinella.saxifraga"
"24","Bombus.pascuorum","Pimpinella.saxifraga"
"24","Cheilosia.soror","Pimpinella.saxifraga"
"24","Episyrphus.balteatus","Pimpinella.saxifraga"
"24","Eristalis.arbustorum","Pimpinella.saxifraga"
"24","Eristalis.tenax","Pimpinella.saxifraga"
"24","Helophilus.pendulus","Pimpinella.saxifraga"
"24","Hylaeus.confusus","Pimpinella.saxifraga"
"24","Nomada.flavoguttata","Pimpinella.saxifraga"
"24","Osmia.bicolor","Pimpinella.saxifraga"
"24","Psithyrus.bohemicus","Pimpinella.saxifraga"
"24","Sphaerophoria.spec","Pimpinella.saxifraga"
"24","Syrphus.torvus","Pimpinella.saxifraga"
"24","Syrphus.vitripennis","Pimpinella.saxifraga"
"24","Andrena.minutula","Potentilla.reptans"
"24","Andrena.subopaca","Potentilla.reptans"
"24","Bombus.hortorum","Potentilla.reptans"
"24","Bombus.lapidarius","Potentilla.reptans"
"24","Bombus.pascuorum","Potentilla.reptans"
"24","Cheilosia.soror","Potentilla.reptans"
"24","Episyrphus.balteatus","Potentilla.reptans"
"24","Eristalis.arbustorum","Potentilla.reptans"
"24","Eristalis.tenax","Potentilla.reptans"
"24","Helophilus.pendulus","Potentilla.reptans"
"24","Hylaeus.confusus","Potentilla.reptans"
"24","Nomada.flavoguttata","Potentilla.reptans"
"24","Osmia.bicolor","Potentilla.reptans"
"24","Psithyrus.bohemicus","Potentilla.reptans"
"24","Sphaerophoria.spec","Potentilla.reptans"
"24","Syrphus.torvus","Potentilla.reptans"
"24","Syrphus.vitripennis","Potentilla.reptans"
"24","Andrena.minutula","Prunella.grandiflora"
"24","Andrena.subopaca","Prunella.grandiflora"
"24","Bombus.hortorum","Prunella.grandiflora"
"24","Bombus.lapidarius","Prunella.grandiflora"
"24","Bombus.pascuorum","Prunella.grandiflora"
"24","Cheilosia.soror","Prunella.grandiflora"
"24","Episyrphus.balteatus","Prunella.grandiflora"
"24","Eristalis.arbustorum","Prunella.grandiflora"
"24","Eristalis.tenax","Prunella.grandiflora"
"24","Helophilus.pendulus","Prunella.grandiflora"
"24","Hylaeus.confusus","Prunella.grandiflora"
"24","Nomada.flavoguttata","Prunella.grandiflora"
"24","Osmia.bicolor","Prunella.grandiflora"
"24","Psithyrus.bohemicus","Prunella.grandiflora"
"24","Sphaerophoria.spec","Prunella.grandiflora"
"24","Syrphus.torvus","Prunella.grandiflora"
"24","Syrphus.vitripennis","Prunella.grandiflora"
"24","Andrena.minutula","Rosa.NA"
"24","Andrena.subopaca","Rosa.NA"
"24","Bombus.hortorum","Rosa.NA"
"24","Bombus.lapidarius","Rosa.NA"
"24","Bombus.pascuorum","Rosa.NA"
"24","Cheilosia.soror","Rosa.NA"
"24","Episyrphus.balteatus","Rosa.NA"
"24","Eristalis.arbustorum","Rosa.NA"
"24","Eristalis.tenax","Rosa.NA"
"24","Helophilus.pendulus","Rosa.NA"
"24","Hylaeus.confusus","Rosa.NA"
"24","Nomada.flavoguttata","Rosa.NA"
"24","Osmia.bicolor","Rosa.NA"
"24","Psithyrus.bohemicus","Rosa.NA"
"24","Sphaerophoria.spec","Rosa.NA"
"24","Syrphus.torvus","Rosa.NA"
"24","Syrphus.vitripennis","Rosa.NA"
"24","Andrena.minutula","Senecio.jacobaea"
"24","Andrena.subopaca","Senecio.jacobaea"
"24","Bombus.hortorum","Senecio.jacobaea"
"24","Bombus.lapidarius","Senecio.jacobaea"
"24","Bombus.pascuorum","Senecio.jacobaea"
"24","Cheilosia.soror","Senecio.jacobaea"
"24","Episyrphus.balteatus","Senecio.jacobaea"
"24","Eristalis.arbustorum","Senecio.jacobaea"
"24","Eristalis.tenax","Senecio.jacobaea"
"24","Helophilus.pendulus","Senecio.jacobaea"
"24","Hylaeus.confusus","Senecio.jacobaea"
"24","Nomada.flavoguttata","Senecio.jacobaea"
"24","Osmia.bicolor","Senecio.jacobaea"
"24","Psithyrus.bohemicus","Senecio.jacobaea"
"24","Sphaerophoria.spec","Senecio.jacobaea"
"24","Syrphus.torvus","Senecio.jacobaea"
"24","Syrphus.vitripennis","Senecio.jacobaea"
"24","Andrena.minutula","Trifolium.medium"
"24","Andrena.subopaca","Trifolium.medium"
"24","Bombus.hortorum","Trifolium.medium"
"24","Bombus.lapidarius","Trifolium.medium"
"24","Bombus.pascuorum","Trifolium.medium"
"24","Cheilosia.soror","Trifolium.medium"
"24","Episyrphus.balteatus","Trifolium.medium"
"24","Eristalis.arbustorum","Trifolium.medium"
"24","Eristalis.tenax","Trifolium.medium"
"24","Helophilus.pendulus","Trifolium.medium"
"24","Hylaeus.confusus","Trifolium.medium"
"24","Nomada.flavoguttata","Trifolium.medium"
"24","Osmia.bicolor","Trifolium.medium"
"24","Psithyrus.bohemicus","Trifolium.medium"
"24","Sphaerophoria.spec","Trifolium.medium"
"24","Syrphus.torvus","Trifolium.medium"
"24","Syrphus.vitripennis","Trifolium.medium"
"24","Andrena.minutula","Trifolium.pratense"
"24","Andrena.subopaca","Trifolium.pratense"
"24","Bombus.hortorum","Trifolium.pratense"
"24","Bombus.lapidarius","Trifolium.pratense"
"24","Bombus.pascuorum","Trifolium.pratense"
"24","Cheilosia.soror","Trifolium.pratense"
"24","Episyrphus.balteatus","Trifolium.pratense"
"24","Eristalis.arbustorum","Trifolium.pratense"
"24","Eristalis.tenax","Trifolium.pratense"
"24","Helophilus.pendulus","Trifolium.pratense"
"24","Hylaeus.confusus","Trifolium.pratense"
"24","Nomada.flavoguttata","Trifolium.pratense"
"24","Osmia.bicolor","Trifolium.pratense"
"24","Psithyrus.bohemicus","Trifolium.pratense"
"24","Sphaerophoria.spec","Trifolium.pratense"
"24","Syrphus.torvus","Trifolium.pratense"
"24","Syrphus.vitripennis","Trifolium.pratense"
"24","Andrena.minutula","Veronica.teucrium"
"24","Andrena.subopaca","Veronica.teucrium"
"24","Bombus.hortorum","Veronica.teucrium"
"24","Bombus.lapidarius","Veronica.teucrium"
"24","Bombus.pascuorum","Veronica.teucrium"
"24","Cheilosia.soror","Veronica.teucrium"
"24","Episyrphus.balteatus","Veronica.teucrium"
"24","Eristalis.arbustorum","Veronica.teucrium"
"24","Eristalis.tenax","Veronica.teucrium"
"24","Helophilus.pendulus","Veronica.teucrium"
"24","Hylaeus.confusus","Veronica.teucrium"
"24","Nomada.flavoguttata","Veronica.teucrium"
"24","Osmia.bicolor","Veronica.teucrium"
"24","Psithyrus.bohemicus","Veronica.teucrium"
"24","Sphaerophoria.spec","Veronica.teucrium"
"24","Syrphus.torvus","Veronica.teucrium"
"24","Syrphus.vitripennis","Veronica.teucrium"
"25","Bombus.lapidarius","Centaurea.scabiosa"
"25","Bombus.pascuorum","Centaurea.scabiosa"
"25","Bombus.terrestris.agg","Centaurea.scabiosa"
"25","Episyrphus.balteatus","Centaurea.scabiosa"
"25","Eristalis.tenax","Centaurea.scabiosa"
"25","Eupeodes.corollae","Centaurea.scabiosa"
"25","Lasioglossum.pauxillum","Centaurea.scabiosa"
"25","Osmia.bicolor","Centaurea.scabiosa"
"25","Sphaerophoria.spec","Centaurea.scabiosa"
"25","Syritta.pipiens","Centaurea.scabiosa"
"25","Syrphus.torvus","Centaurea.scabiosa"
"25","Bombus.lapidarius","Cirsium.acaule"
"25","Bombus.pascuorum","Cirsium.acaule"
"25","Bombus.terrestris.agg","Cirsium.acaule"
"25","Episyrphus.balteatus","Cirsium.acaule"
"25","Eristalis.tenax","Cirsium.acaule"
"25","Eupeodes.corollae","Cirsium.acaule"
"25","Lasioglossum.pauxillum","Cirsium.acaule"
"25","Osmia.bicolor","Cirsium.acaule"
"25","Sphaerophoria.spec","Cirsium.acaule"
"25","Syritta.pipiens","Cirsium.acaule"
"25","Syrphus.torvus","Cirsium.acaule"
"25","Bombus.lapidarius","Crataegus.laevigata"
"25","Bombus.pascuorum","Crataegus.laevigata"
"25","Bombus.terrestris.agg","Crataegus.laevigata"
"25","Episyrphus.balteatus","Crataegus.laevigata"
"25","Eristalis.tenax","Crataegus.laevigata"
"25","Eupeodes.corollae","Crataegus.laevigata"
"25","Lasioglossum.pauxillum","Crataegus.laevigata"
"25","Osmia.bicolor","Crataegus.laevigata"
"25","Sphaerophoria.spec","Crataegus.laevigata"
"25","Syritta.pipiens","Crataegus.laevigata"
"25","Syrphus.torvus","Crataegus.laevigata"
"25","Bombus.lapidarius","Daucus.carota"
"25","Bombus.pascuorum","Daucus.carota"
"25","Bombus.terrestris.agg","Daucus.carota"
"25","Episyrphus.balteatus","Daucus.carota"
"25","Eristalis.tenax","Daucus.carota"
"25","Eupeodes.corollae","Daucus.carota"
"25","Lasioglossum.pauxillum","Daucus.carota"
"25","Osmia.bicolor","Daucus.carota"
"25","Sphaerophoria.spec","Daucus.carota"
"25","Syritta.pipiens","Daucus.carota"
"25","Syrphus.torvus","Daucus.carota"
"25","Bombus.lapidarius","Galium.verum"
"25","Bombus.pascuorum","Galium.verum"
"25","Bombus.terrestris.agg","Galium.verum"
"25","Episyrphus.balteatus","Galium.verum"
"25","Eristalis.tenax","Galium.verum"
"25","Eupeodes.corollae","Galium.verum"
"25","Lasioglossum.pauxillum","Galium.verum"
"25","Osmia.bicolor","Galium.verum"
"25","Sphaerophoria.spec","Galium.verum"
"25","Syritta.pipiens","Galium.verum"
"25","Syrphus.torvus","Galium.verum"
"25","Bombus.lapidarius","Hypericum.perforatum"
"25","Bombus.pascuorum","Hypericum.perforatum"
"25","Bombus.terrestris.agg","Hypericum.perforatum"
"25","Episyrphus.balteatus","Hypericum.perforatum"
"25","Eristalis.tenax","Hypericum.perforatum"
"25","Eupeodes.corollae","Hypericum.perforatum"
"25","Lasioglossum.pauxillum","Hypericum.perforatum"
"25","Osmia.bicolor","Hypericum.perforatum"
"25","Sphaerophoria.spec","Hypericum.perforatum"
"25","Syritta.pipiens","Hypericum.perforatum"
"25","Syrphus.torvus","Hypericum.perforatum"
"25","Bombus.lapidarius","Knautia.arvensis"
"25","Bombus.pascuorum","Knautia.arvensis"
"25","Bombus.terrestris.agg","Knautia.arvensis"
"25","Episyrphus.balteatus","Knautia.arvensis"
"25","Eristalis.tenax","Knautia.arvensis"
"25","Eupeodes.corollae","Knautia.arvensis"
"25","Lasioglossum.pauxillum","Knautia.arvensis"
"25","Osmia.bicolor","Knautia.arvensis"
"25","Sphaerophoria.spec","Knautia.arvensis"
"25","Syritta.pipiens","Knautia.arvensis"
"25","Syrphus.torvus","Knautia.arvensis"
"25","Bombus.lapidarius","Leucanthemum.vulgare"
"25","Bombus.pascuorum","Leucanthemum.vulgare"
"25","Bombus.terrestris.agg","Leucanthemum.vulgare"
"25","Episyrphus.balteatus","Leucanthemum.vulgare"
"25","Eristalis.tenax","Leucanthemum.vulgare"
"25","Eupeodes.corollae","Leucanthemum.vulgare"
"25","Lasioglossum.pauxillum","Leucanthemum.vulgare"
"25","Osmia.bicolor","Leucanthemum.vulgare"
"25","Sphaerophoria.spec","Leucanthemum.vulgare"
"25","Syritta.pipiens","Leucanthemum.vulgare"
"25","Syrphus.torvus","Leucanthemum.vulgare"
"25","Bombus.lapidarius","Lotus.corniculatus"
"25","Bombus.pascuorum","Lotus.corniculatus"
"25","Bombus.terrestris.agg","Lotus.corniculatus"
"25","Episyrphus.balteatus","Lotus.corniculatus"
"25","Eristalis.tenax","Lotus.corniculatus"
"25","Eupeodes.corollae","Lotus.corniculatus"
"25","Lasioglossum.pauxillum","Lotus.corniculatus"
"25","Osmia.bicolor","Lotus.corniculatus"
"25","Sphaerophoria.spec","Lotus.corniculatus"
"25","Syritta.pipiens","Lotus.corniculatus"
"25","Syrphus.torvus","Lotus.corniculatus"
"25","Bombus.lapidarius","Pimpinella.saxifraga"
"25","Bombus.pascuorum","Pimpinella.saxifraga"
"25","Bombus.terrestris.agg","Pimpinella.saxifraga"
"25","Episyrphus.balteatus","Pimpinella.saxifraga"
"25","Eristalis.tenax","Pimpinella.saxifraga"
"25","Eupeodes.corollae","Pimpinella.saxifraga"
"25","Lasioglossum.pauxillum","Pimpinella.saxifraga"
"25","Osmia.bicolor","Pimpinella.saxifraga"
"25","Sphaerophoria.spec","Pimpinella.saxifraga"
"25","Syritta.pipiens","Pimpinella.saxifraga"
"25","Syrphus.torvus","Pimpinella.saxifraga"
"25","Bombus.lapidarius","Plantago.media"
"25","Bombus.pascuorum","Plantago.media"
"25","Bombus.terrestris.agg","Plantago.media"
"25","Episyrphus.balteatus","Plantago.media"
"25","Eristalis.tenax","Plantago.media"
"25","Eupeodes.corollae","Plantago.media"
"25","Lasioglossum.pauxillum","Plantago.media"
"25","Osmia.bicolor","Plantago.media"
"25","Sphaerophoria.spec","Plantago.media"
"25","Syritta.pipiens","Plantago.media"
"25","Syrphus.torvus","Plantago.media"
"25","Bombus.lapidarius","Rosa.NA"
"25","Bombus.pascuorum","Rosa.NA"
"25","Bombus.terrestris.agg","Rosa.NA"
"25","Episyrphus.balteatus","Rosa.NA"
"25","Eristalis.tenax","Rosa.NA"
"25","Eupeodes.corollae","Rosa.NA"
"25","Lasioglossum.pauxillum","Rosa.NA"
"25","Osmia.bicolor","Rosa.NA"
"25","Sphaerophoria.spec","Rosa.NA"
"25","Syritta.pipiens","Rosa.NA"
"25","Syrphus.torvus","Rosa.NA"
"25","Bombus.lapidarius","Senecio.jacobaea"
"25","Bombus.pascuorum","Senecio.jacobaea"
"25","Bombus.terrestris.agg","Senecio.jacobaea"
"25","Episyrphus.balteatus","Senecio.jacobaea"
"25","Eristalis.tenax","Senecio.jacobaea"
"25","Eupeodes.corollae","Senecio.jacobaea"
"25","Lasioglossum.pauxillum","Senecio.jacobaea"
"25","Osmia.bicolor","Senecio.jacobaea"
"25","Sphaerophoria.spec","Senecio.jacobaea"
"25","Syritta.pipiens","Senecio.jacobaea"
"25","Syrphus.torvus","Senecio.jacobaea"
"25","Bombus.lapidarius","Trifolium.pratense"
"25","Bombus.pascuorum","Trifolium.pratense"
"25","Bombus.terrestris.agg","Trifolium.pratense"
"25","Episyrphus.balteatus","Trifolium.pratense"
"25","Eristalis.tenax","Trifolium.pratense"
"25","Eupeodes.corollae","Trifolium.pratense"
"25","Lasioglossum.pauxillum","Trifolium.pratense"
"25","Osmia.bicolor","Trifolium.pratense"
"25","Sphaerophoria.spec","Trifolium.pratense"
"25","Syritta.pipiens","Trifolium.pratense"
"25","Syrphus.torvus","Trifolium.pratense"
"26","Andrena.fulvago","Centaurea.scabiosa"
"26","Andrena.subopaca","Centaurea.scabiosa"
"26","Bombus.lapidarius","Centaurea.scabiosa"
"26","Bombus.pascuorum","Centaurea.scabiosa"
"26","Bombus.terrestris.agg","Centaurea.scabiosa"
"26","Cheilosia.barbata","Centaurea.scabiosa"
"26","Cheilosia.soror","Centaurea.scabiosa"
"26","Episyrphus.balteatus","Centaurea.scabiosa"
"26","Eristalis.interrupta","Centaurea.scabiosa"
"26","Eristalis.pertinax","Centaurea.scabiosa"
"26","Eristalis.tenax","Centaurea.scabiosa"
"26","Eupeodes.corollae","Centaurea.scabiosa"
"26","Halictus.tumulorum","Centaurea.scabiosa"
"26","Helophilus.pendulus","Centaurea.scabiosa"
"26","Lasioglossum.albipes","Centaurea.scabiosa"
"26","Lasioglossum.calceatum","Centaurea.scabiosa"
"26","Lasioglossum.fulvicorne","Centaurea.scabiosa"
"26","Lasioglossum.villosulum","Centaurea.scabiosa"
"26","Osmia.bicolor","Centaurea.scabiosa"
"26","Psithyrus.bohemicus","Centaurea.scabiosa"
"26","Psithyrus.campestris","Centaurea.scabiosa"
"26","Scaeva.pyrastri","Centaurea.scabiosa"
"26","Sphaerophoria.spec","Centaurea.scabiosa"
"26","Syrphus.vitripennis","Centaurea.scabiosa"
"26","Andrena.fulvago","Galium.mollugo"
"26","Andrena.subopaca","Galium.mollugo"
"26","Bombus.lapidarius","Galium.mollugo"
"26","Bombus.pascuorum","Galium.mollugo"
"26","Bombus.terrestris.agg","Galium.mollugo"
"26","Cheilosia.barbata","Galium.mollugo"
"26","Cheilosia.soror","Galium.mollugo"
"26","Episyrphus.balteatus","Galium.mollugo"
"26","Eristalis.interrupta","Galium.mollugo"
"26","Eristalis.pertinax","Galium.mollugo"
"26","Eristalis.tenax","Galium.mollugo"
"26","Eupeodes.corollae","Galium.mollugo"
"26","Halictus.tumulorum","Galium.mollugo"
"26","Helophilus.pendulus","Galium.mollugo"
"26","Lasioglossum.albipes","Galium.mollugo"
"26","Lasioglossum.calceatum","Galium.mollugo"
"26","Lasioglossum.fulvicorne","Galium.mollugo"
"26","Lasioglossum.villosulum","Galium.mollugo"
"26","Osmia.bicolor","Galium.mollugo"
"26","Psithyrus.bohemicus","Galium.mollugo"
"26","Psithyrus.campestris","Galium.mollugo"
"26","Scaeva.pyrastri","Galium.mollugo"
"26","Sphaerophoria.spec","Galium.mollugo"
"26","Syrphus.vitripennis","Galium.mollugo"
"26","Andrena.fulvago","Hieracium.NA"
"26","Andrena.subopaca","Hieracium.NA"
"26","Bombus.lapidarius","Hieracium.NA"
"26","Bombus.pascuorum","Hieracium.NA"
"26","Bombus.terrestris.agg","Hieracium.NA"
"26","Cheilosia.barbata","Hieracium.NA"
"26","Cheilosia.soror","Hieracium.NA"
"26","Episyrphus.balteatus","Hieracium.NA"
"26","Eristalis.interrupta","Hieracium.NA"
"26","Eristalis.pertinax","Hieracium.NA"
"26","Eristalis.tenax","Hieracium.NA"
"26","Eupeodes.corollae","Hieracium.NA"
"26","Halictus.tumulorum","Hieracium.NA"
"26","Helophilus.pendulus","Hieracium.NA"
"26","Lasioglossum.albipes","Hieracium.NA"
"26","Lasioglossum.calceatum","Hieracium.NA"
"26","Lasioglossum.fulvicorne","Hieracium.NA"
"26","Lasioglossum.villosulum","Hieracium.NA"
"26","Osmia.bicolor","Hieracium.NA"
"26","Psithyrus.bohemicus","Hieracium.NA"
"26","Psithyrus.campestris","Hieracium.NA"
"26","Scaeva.pyrastri","Hieracium.NA"
"26","Sphaerophoria.spec","Hieracium.NA"
"26","Syrphus.vitripennis","Hieracium.NA"
"26","Andrena.fulvago","Hieracium.pilosella"
"26","Andrena.subopaca","Hieracium.pilosella"
"26","Bombus.lapidarius","Hieracium.pilosella"
"26","Bombus.pascuorum","Hieracium.pilosella"
"26","Bombus.terrestris.agg","Hieracium.pilosella"
"26","Cheilosia.barbata","Hieracium.pilosella"
"26","Cheilosia.soror","Hieracium.pilosella"
"26","Episyrphus.balteatus","Hieracium.pilosella"
"26","Eristalis.interrupta","Hieracium.pilosella"
"26","Eristalis.pertinax","Hieracium.pilosella"
"26","Eristalis.tenax","Hieracium.pilosella"
"26","Eupeodes.corollae","Hieracium.pilosella"
"26","Halictus.tumulorum","Hieracium.pilosella"
"26","Helophilus.pendulus","Hieracium.pilosella"
"26","Lasioglossum.albipes","Hieracium.pilosella"
"26","Lasioglossum.calceatum","Hieracium.pilosella"
"26","Lasioglossum.fulvicorne","Hieracium.pilosella"
"26","Lasioglossum.villosulum","Hieracium.pilosella"
"26","Osmia.bicolor","Hieracium.pilosella"
"26","Psithyrus.bohemicus","Hieracium.pilosella"
"26","Psithyrus.campestris","Hieracium.pilosella"
"26","Scaeva.pyrastri","Hieracium.pilosella"
"26","Sphaerophoria.spec","Hieracium.pilosella"
"26","Syrphus.vitripennis","Hieracium.pilosella"
"26","Andrena.fulvago","Hypericum.perforatum"
"26","Andrena.subopaca","Hypericum.perforatum"
"26","Bombus.lapidarius","Hypericum.perforatum"
"26","Bombus.pascuorum","Hypericum.perforatum"
"26","Bombus.terrestris.agg","Hypericum.perforatum"
"26","Cheilosia.barbata","Hypericum.perforatum"
"26","Cheilosia.soror","Hypericum.perforatum"
"26","Episyrphus.balteatus","Hypericum.perforatum"
"26","Eristalis.interrupta","Hypericum.perforatum"
"26","Eristalis.pertinax","Hypericum.perforatum"
"26","Eristalis.tenax","Hypericum.perforatum"
"26","Eupeodes.corollae","Hypericum.perforatum"
"26","Halictus.tumulorum","Hypericum.perforatum"
"26","Helophilus.pendulus","Hypericum.perforatum"
"26","Lasioglossum.albipes","Hypericum.perforatum"
"26","Lasioglossum.calceatum","Hypericum.perforatum"
"26","Lasioglossum.fulvicorne","Hypericum.perforatum"
"26","Lasioglossum.villosulum","Hypericum.perforatum"
"26","Osmia.bicolor","Hypericum.perforatum"
"26","Psithyrus.bohemicus","Hypericum.perforatum"
"26","Psithyrus.campestris","Hypericum.perforatum"
"26","Scaeva.pyrastri","Hypericum.perforatum"
"26","Sphaerophoria.spec","Hypericum.perforatum"
"26","Syrphus.vitripennis","Hypericum.perforatum"
"26","Andrena.fulvago","Knautia.arvensis"
"26","Andrena.subopaca","Knautia.arvensis"
"26","Bombus.lapidarius","Knautia.arvensis"
"26","Bombus.pascuorum","Knautia.arvensis"
"26","Bombus.terrestris.agg","Knautia.arvensis"
"26","Cheilosia.barbata","Knautia.arvensis"
"26","Cheilosia.soror","Knautia.arvensis"
"26","Episyrphus.balteatus","Knautia.arvensis"
"26","Eristalis.interrupta","Knautia.arvensis"
"26","Eristalis.pertinax","Knautia.arvensis"
"26","Eristalis.tenax","Knautia.arvensis"
"26","Eupeodes.corollae","Knautia.arvensis"
"26","Halictus.tumulorum","Knautia.arvensis"
"26","Helophilus.pendulus","Knautia.arvensis"
"26","Lasioglossum.albipes","Knautia.arvensis"
"26","Lasioglossum.calceatum","Knautia.arvensis"
"26","Lasioglossum.fulvicorne","Knautia.arvensis"
"26","Lasioglossum.villosulum","Knautia.arvensis"
"26","Osmia.bicolor","Knautia.arvensis"
"26","Psithyrus.bohemicus","Knautia.arvensis"
"26","Psithyrus.campestris","Knautia.arvensis"
"26","Scaeva.pyrastri","Knautia.arvensis"
"26","Sphaerophoria.spec","Knautia.arvensis"
"26","Syrphus.vitripennis","Knautia.arvensis"
"26","Andrena.fulvago","Lotus.corniculatus"
"26","Andrena.subopaca","Lotus.corniculatus"
"26","Bombus.lapidarius","Lotus.corniculatus"
"26","Bombus.pascuorum","Lotus.corniculatus"
"26","Bombus.terrestris.agg","Lotus.corniculatus"
"26","Cheilosia.barbata","Lotus.corniculatus"
"26","Cheilosia.soror","Lotus.corniculatus"
"26","Episyrphus.balteatus","Lotus.corniculatus"
"26","Eristalis.interrupta","Lotus.corniculatus"
"26","Eristalis.pertinax","Lotus.corniculatus"
"26","Eristalis.tenax","Lotus.corniculatus"
"26","Eupeodes.corollae","Lotus.corniculatus"
"26","Halictus.tumulorum","Lotus.corniculatus"
"26","Helophilus.pendulus","Lotus.corniculatus"
"26","Lasioglossum.albipes","Lotus.corniculatus"
"26","Lasioglossum.calceatum","Lotus.corniculatus"
"26","Lasioglossum.fulvicorne","Lotus.corniculatus"
"26","Lasioglossum.villosulum","Lotus.corniculatus"
"26","Osmia.bicolor","Lotus.corniculatus"
"26","Psithyrus.bohemicus","Lotus.corniculatus"
"26","Psithyrus.campestris","Lotus.corniculatus"
"26","Scaeva.pyrastri","Lotus.corniculatus"
"26","Sphaerophoria.spec","Lotus.corniculatus"
"26","Syrphus.vitripennis","Lotus.corniculatus"
"26","Andrena.fulvago","Medicago.lupulina"
"26","Andrena.subopaca","Medicago.lupulina"
"26","Bombus.lapidarius","Medicago.lupulina"
"26","Bombus.pascuorum","Medicago.lupulina"
"26","Bombus.terrestris.agg","Medicago.lupulina"
"26","Cheilosia.barbata","Medicago.lupulina"
"26","Cheilosia.soror","Medicago.lupulina"
"26","Episyrphus.balteatus","Medicago.lupulina"
"26","Eristalis.interrupta","Medicago.lupulina"
"26","Eristalis.pertinax","Medicago.lupulina"
"26","Eristalis.tenax","Medicago.lupulina"
"26","Eupeodes.corollae","Medicago.lupulina"
"26","Halictus.tumulorum","Medicago.lupulina"
"26","Helophilus.pendulus","Medicago.lupulina"
"26","Lasioglossum.albipes","Medicago.lupulina"
"26","Lasioglossum.calceatum","Medicago.lupulina"
"26","Lasioglossum.fulvicorne","Medicago.lupulina"
"26","Lasioglossum.villosulum","Medicago.lupulina"
"26","Osmia.bicolor","Medicago.lupulina"
"26","Psithyrus.bohemicus","Medicago.lupulina"
"26","Psithyrus.campestris","Medicago.lupulina"
"26","Scaeva.pyrastri","Medicago.lupulina"
"26","Sphaerophoria.spec","Medicago.lupulina"
"26","Syrphus.vitripennis","Medicago.lupulina"
"26","Andrena.fulvago","Pimpinella.saxifraga"
"26","Andrena.subopaca","Pimpinella.saxifraga"
"26","Bombus.lapidarius","Pimpinella.saxifraga"
"26","Bombus.pascuorum","Pimpinella.saxifraga"
"26","Bombus.terrestris.agg","Pimpinella.saxifraga"
"26","Cheilosia.barbata","Pimpinella.saxifraga"
"26","Cheilosia.soror","Pimpinella.saxifraga"
"26","Episyrphus.balteatus","Pimpinella.saxifraga"
"26","Eristalis.interrupta","Pimpinella.saxifraga"
"26","Eristalis.pertinax","Pimpinella.saxifraga"
"26","Eristalis.tenax","Pimpinella.saxifraga"
"26","Eupeodes.corollae","Pimpinella.saxifraga"
"26","Halictus.tumulorum","Pimpinella.saxifraga"
"26","Helophilus.pendulus","Pimpinella.saxifraga"
"26","Lasioglossum.albipes","Pimpinella.saxifraga"
"26","Lasioglossum.calceatum","Pimpinella.saxifraga"
"26","Lasioglossum.fulvicorne","Pimpinella.saxifraga"
"26","Lasioglossum.villosulum","Pimpinella.saxifraga"
"26","Osmia.bicolor","Pimpinella.saxifraga"
"26","Psithyrus.bohemicus","Pimpinella.saxifraga"
"26","Psithyrus.campestris","Pimpinella.saxifraga"
"26","Scaeva.pyrastri","Pimpinella.saxifraga"
"26","Sphaerophoria.spec","Pimpinella.saxifraga"
"26","Syrphus.vitripennis","Pimpinella.saxifraga"
"26","Andrena.fulvago","Plantago.media"
"26","Andrena.subopaca","Plantago.media"
"26","Bombus.lapidarius","Plantago.media"
"26","Bombus.pascuorum","Plantago.media"
"26","Bombus.terrestris.agg","Plantago.media"
"26","Cheilosia.barbata","Plantago.media"
"26","Cheilosia.soror","Plantago.media"
"26","Episyrphus.balteatus","Plantago.media"
"26","Eristalis.interrupta","Plantago.media"
"26","Eristalis.pertinax","Plantago.media"
"26","Eristalis.tenax","Plantago.media"
"26","Eupeodes.corollae","Plantago.media"
"26","Halictus.tumulorum","Plantago.media"
"26","Helophilus.pendulus","Plantago.media"
"26","Lasioglossum.albipes","Plantago.media"
"26","Lasioglossum.calceatum","Plantago.media"
"26","Lasioglossum.fulvicorne","Plantago.media"
"26","Lasioglossum.villosulum","Plantago.media"
"26","Osmia.bicolor","Plantago.media"
"26","Psithyrus.bohemicus","Plantago.media"
"26","Psithyrus.campestris","Plantago.media"
"26","Scaeva.pyrastri","Plantago.media"
"26","Sphaerophoria.spec","Plantago.media"
"26","Syrphus.vitripennis","Plantago.media"
"26","Andrena.fulvago","Sanguisorba.minor"
"26","Andrena.subopaca","Sanguisorba.minor"
"26","Bombus.lapidarius","Sanguisorba.minor"
"26","Bombus.pascuorum","Sanguisorba.minor"
"26","Bombus.terrestris.agg","Sanguisorba.minor"
"26","Cheilosia.barbata","Sanguisorba.minor"
"26","Cheilosia.soror","Sanguisorba.minor"
"26","Episyrphus.balteatus","Sanguisorba.minor"
"26","Eristalis.interrupta","Sanguisorba.minor"
"26","Eristalis.pertinax","Sanguisorba.minor"
"26","Eristalis.tenax","Sanguisorba.minor"
"26","Eupeodes.corollae","Sanguisorba.minor"
"26","Halictus.tumulorum","Sanguisorba.minor"
"26","Helophilus.pendulus","Sanguisorba.minor"
"26","Lasioglossum.albipes","Sanguisorba.minor"
"26","Lasioglossum.calceatum","Sanguisorba.minor"
"26","Lasioglossum.fulvicorne","Sanguisorba.minor"
"26","Lasioglossum.villosulum","Sanguisorba.minor"
"26","Osmia.bicolor","Sanguisorba.minor"
"26","Psithyrus.bohemicus","Sanguisorba.minor"
"26","Psithyrus.campestris","Sanguisorba.minor"
"26","Scaeva.pyrastri","Sanguisorba.minor"
"26","Sphaerophoria.spec","Sanguisorba.minor"
"26","Syrphus.vitripennis","Sanguisorba.minor"
"26","Andrena.fulvago","Senecio.jacobaea"
"26","Andrena.subopaca","Senecio.jacobaea"
"26","Bombus.lapidarius","Senecio.jacobaea"
"26","Bombus.pascuorum","Senecio.jacobaea"
"26","Bombus.terrestris.agg","Senecio.jacobaea"
"26","Cheilosia.barbata","Senecio.jacobaea"
"26","Cheilosia.soror","Senecio.jacobaea"
"26","Episyrphus.balteatus","Senecio.jacobaea"
"26","Eristalis.interrupta","Senecio.jacobaea"
"26","Eristalis.pertinax","Senecio.jacobaea"
"26","Eristalis.tenax","Senecio.jacobaea"
"26","Eupeodes.corollae","Senecio.jacobaea"
"26","Halictus.tumulorum","Senecio.jacobaea"
"26","Helophilus.pendulus","Senecio.jacobaea"
"26","Lasioglossum.albipes","Senecio.jacobaea"
"26","Lasioglossum.calceatum","Senecio.jacobaea"
"26","Lasioglossum.fulvicorne","Senecio.jacobaea"
"26","Lasioglossum.villosulum","Senecio.jacobaea"
"26","Osmia.bicolor","Senecio.jacobaea"
"26","Psithyrus.bohemicus","Senecio.jacobaea"
"26","Psithyrus.campestris","Senecio.jacobaea"
"26","Scaeva.pyrastri","Senecio.jacobaea"
"26","Sphaerophoria.spec","Senecio.jacobaea"
"26","Syrphus.vitripennis","Senecio.jacobaea"
"26","Andrena.fulvago","Solidago.virgaurea"
"26","Andrena.subopaca","Solidago.virgaurea"
"26","Bombus.lapidarius","Solidago.virgaurea"
"26","Bombus.pascuorum","Solidago.virgaurea"
"26","Bombus.terrestris.agg","Solidago.virgaurea"
"26","Cheilosia.barbata","Solidago.virgaurea"
"26","Cheilosia.soror","Solidago.virgaurea"
"26","Episyrphus.balteatus","Solidago.virgaurea"
"26","Eristalis.interrupta","Solidago.virgaurea"
"26","Eristalis.pertinax","Solidago.virgaurea"
"26","Eristalis.tenax","Solidago.virgaurea"
"26","Eupeodes.corollae","Solidago.virgaurea"
"26","Halictus.tumulorum","Solidago.virgaurea"
"26","Helophilus.pendulus","Solidago.virgaurea"
"26","Lasioglossum.albipes","Solidago.virgaurea"
"26","Lasioglossum.calceatum","Solidago.virgaurea"
"26","Lasioglossum.fulvicorne","Solidago.virgaurea"
"26","Lasioglossum.villosulum","Solidago.virgaurea"
"26","Osmia.bicolor","Solidago.virgaurea"
"26","Psithyrus.bohemicus","Solidago.virgaurea"
"26","Psithyrus.campestris","Solidago.virgaurea"
"26","Scaeva.pyrastri","Solidago.virgaurea"
"26","Sphaerophoria.spec","Solidago.virgaurea"
"26","Syrphus.vitripennis","Solidago.virgaurea"
"26","Andrena.fulvago","Thymus.pulegioides"
"26","Andrena.subopaca","Thymus.pulegioides"
"26","Bombus.lapidarius","Thymus.pulegioides"
"26","Bombus.pascuorum","Thymus.pulegioides"
"26","Bombus.terrestris.agg","Thymus.pulegioides"
"26","Cheilosia.barbata","Thymus.pulegioides"
"26","Cheilosia.soror","Thymus.pulegioides"
"26","Episyrphus.balteatus","Thymus.pulegioides"
"26","Eristalis.interrupta","Thymus.pulegioides"
"26","Eristalis.pertinax","Thymus.pulegioides"
"26","Eristalis.tenax","Thymus.pulegioides"
"26","Eupeodes.corollae","Thymus.pulegioides"
"26","Halictus.tumulorum","Thymus.pulegioides"
"26","Helophilus.pendulus","Thymus.pulegioides"
"26","Lasioglossum.albipes","Thymus.pulegioides"
"26","Lasioglossum.calceatum","Thymus.pulegioides"
"26","Lasioglossum.fulvicorne","Thymus.pulegioides"
"26","Lasioglossum.villosulum","Thymus.pulegioides"
"26","Osmia.bicolor","Thymus.pulegioides"
"26","Psithyrus.bohemicus","Thymus.pulegioides"
"26","Psithyrus.campestris","Thymus.pulegioides"
"26","Scaeva.pyrastri","Thymus.pulegioides"
"26","Sphaerophoria.spec","Thymus.pulegioides"
"26","Syrphus.vitripennis","Thymus.pulegioides"
"26","Andrena.fulvago","Trifolium.pratense"
"26","Andrena.subopaca","Trifolium.pratense"
"26","Bombus.lapidarius","Trifolium.pratense"
"26","Bombus.pascuorum","Trifolium.pratense"
"26","Bombus.terrestris.agg","Trifolium.pratense"
"26","Cheilosia.barbata","Trifolium.pratense"
"26","Cheilosia.soror","Trifolium.pratense"
"26","Episyrphus.balteatus","Trifolium.pratense"
"26","Eristalis.interrupta","Trifolium.pratense"
"26","Eristalis.pertinax","Trifolium.pratense"
"26","Eristalis.tenax","Trifolium.pratense"
"26","Eupeodes.corollae","Trifolium.pratense"
"26","Halictus.tumulorum","Trifolium.pratense"
"26","Helophilus.pendulus","Trifolium.pratense"
"26","Lasioglossum.albipes","Trifolium.pratense"
"26","Lasioglossum.calceatum","Trifolium.pratense"
"26","Lasioglossum.fulvicorne","Trifolium.pratense"
"26","Lasioglossum.villosulum","Trifolium.pratense"
"26","Osmia.bicolor","Trifolium.pratense"
"26","Psithyrus.bohemicus","Trifolium.pratense"
"26","Psithyrus.campestris","Trifolium.pratense"
"26","Scaeva.pyrastri","Trifolium.pratense"
"26","Sphaerophoria.spec","Trifolium.pratense"
"26","Syrphus.vitripennis","Trifolium.pratense"
"26","Andrena.fulvago","Veronica.chamaedrys"
"26","Andrena.subopaca","Veronica.chamaedrys"
"26","Bombus.lapidarius","Veronica.chamaedrys"
"26","Bombus.pascuorum","Veronica.chamaedrys"
"26","Bombus.terrestris.agg","Veronica.chamaedrys"
"26","Cheilosia.barbata","Veronica.chamaedrys"
"26","Cheilosia.soror","Veronica.chamaedrys"
"26","Episyrphus.balteatus","Veronica.chamaedrys"
"26","Eristalis.interrupta","Veronica.chamaedrys"
"26","Eristalis.pertinax","Veronica.chamaedrys"
"26","Eristalis.tenax","Veronica.chamaedrys"
"26","Eupeodes.corollae","Veronica.chamaedrys"
"26","Halictus.tumulorum","Veronica.chamaedrys"
"26","Helophilus.pendulus","Veronica.chamaedrys"
"26","Lasioglossum.albipes","Veronica.chamaedrys"
"26","Lasioglossum.calceatum","Veronica.chamaedrys"
"26","Lasioglossum.fulvicorne","Veronica.chamaedrys"
"26","Lasioglossum.villosulum","Veronica.chamaedrys"
"26","Osmia.bicolor","Veronica.chamaedrys"
"26","Psithyrus.bohemicus","Veronica.chamaedrys"
"26","Psithyrus.campestris","Veronica.chamaedrys"
"26","Scaeva.pyrastri","Veronica.chamaedrys"
"26","Sphaerophoria.spec","Veronica.chamaedrys"
"26","Syrphus.vitripennis","Veronica.chamaedrys"
"27","Andrena.fucata","Achillea.millefolium"
"27","Bombus.lapidarius","Achillea.millefolium"
"27","Bombus.pascuorum","Achillea.millefolium"
"27","Ceratina.cyanea","Achillea.millefolium"
"27","Chelostoma.florisomne","Achillea.millefolium"
"27","Episyrphus.balteatus","Achillea.millefolium"
"27","Eristalis.interrupta","Achillea.millefolium"
"27","Eristalis.pertinax","Achillea.millefolium"
"27","Eristalis.tenax","Achillea.millefolium"
"27","Ferdinandea.cuprea","Achillea.millefolium"
"27","Halictus.tumulorum","Achillea.millefolium"
"27","Lasioglossum.pauxillum","Achillea.millefolium"
"27","Megachile.willughbiella","Achillea.millefolium"
"27","Melanostoma.spec","Achillea.millefolium"
"27","Sphaerophoria.spec","Achillea.millefolium"
"27","Syrphus.ribesii","Achillea.millefolium"
"27","Syrphus.vitripennis","Achillea.millefolium"
"27","Andrena.fucata","Agrimonia.eupatoria"
"27","Bombus.lapidarius","Agrimonia.eupatoria"
"27","Bombus.pascuorum","Agrimonia.eupatoria"
"27","Ceratina.cyanea","Agrimonia.eupatoria"
"27","Chelostoma.florisomne","Agrimonia.eupatoria"
"27","Episyrphus.balteatus","Agrimonia.eupatoria"
"27","Eristalis.interrupta","Agrimonia.eupatoria"
"27","Eristalis.pertinax","Agrimonia.eupatoria"
"27","Eristalis.tenax","Agrimonia.eupatoria"
"27","Ferdinandea.cuprea","Agrimonia.eupatoria"
"27","Halictus.tumulorum","Agrimonia.eupatoria"
"27","Lasioglossum.pauxillum","Agrimonia.eupatoria"
"27","Megachile.willughbiella","Agrimonia.eupatoria"
"27","Melanostoma.spec","Agrimonia.eupatoria"
"27","Sphaerophoria.spec","Agrimonia.eupatoria"
"27","Syrphus.ribesii","Agrimonia.eupatoria"
"27","Syrphus.vitripennis","Agrimonia.eupatoria"
"27","Andrena.fucata","Centaurea.jacea"
"27","Bombus.lapidarius","Centaurea.jacea"
"27","Bombus.pascuorum","Centaurea.jacea"
"27","Ceratina.cyanea","Centaurea.jacea"
"27","Chelostoma.florisomne","Centaurea.jacea"
"27","Episyrphus.balteatus","Centaurea.jacea"
"27","Eristalis.interrupta","Centaurea.jacea"
"27","Eristalis.pertinax","Centaurea.jacea"
"27","Eristalis.tenax","Centaurea.jacea"
"27","Ferdinandea.cuprea","Centaurea.jacea"
"27","Halictus.tumulorum","Centaurea.jacea"
"27","Lasioglossum.pauxillum","Centaurea.jacea"
"27","Megachile.willughbiella","Centaurea.jacea"
"27","Melanostoma.spec","Centaurea.jacea"
"27","Sphaerophoria.spec","Centaurea.jacea"
"27","Syrphus.ribesii","Centaurea.jacea"
"27","Syrphus.vitripennis","Centaurea.jacea"
"27","Andrena.fucata","Cirsium.acaule"
"27","Bombus.lapidarius","Cirsium.acaule"
"27","Bombus.pascuorum","Cirsium.acaule"
"27","Ceratina.cyanea","Cirsium.acaule"
"27","Chelostoma.florisomne","Cirsium.acaule"
"27","Episyrphus.balteatus","Cirsium.acaule"
"27","Eristalis.interrupta","Cirsium.acaule"
"27","Eristalis.pertinax","Cirsium.acaule"
"27","Eristalis.tenax","Cirsium.acaule"
"27","Ferdinandea.cuprea","Cirsium.acaule"
"27","Halictus.tumulorum","Cirsium.acaule"
"27","Lasioglossum.pauxillum","Cirsium.acaule"
"27","Megachile.willughbiella","Cirsium.acaule"
"27","Melanostoma.spec","Cirsium.acaule"
"27","Sphaerophoria.spec","Cirsium.acaule"
"27","Syrphus.ribesii","Cirsium.acaule"
"27","Syrphus.vitripennis","Cirsium.acaule"
"27","Andrena.fucata","Daucus.carota"
"27","Bombus.lapidarius","Daucus.carota"
"27","Bombus.pascuorum","Daucus.carota"
"27","Ceratina.cyanea","Daucus.carota"
"27","Chelostoma.florisomne","Daucus.carota"
"27","Episyrphus.balteatus","Daucus.carota"
"27","Eristalis.interrupta","Daucus.carota"
"27","Eristalis.pertinax","Daucus.carota"
"27","Eristalis.tenax","Daucus.carota"
"27","Ferdinandea.cuprea","Daucus.carota"
"27","Halictus.tumulorum","Daucus.carota"
"27","Lasioglossum.pauxillum","Daucus.carota"
"27","Megachile.willughbiella","Daucus.carota"
"27","Melanostoma.spec","Daucus.carota"
"27","Sphaerophoria.spec","Daucus.carota"
"27","Syrphus.ribesii","Daucus.carota"
"27","Syrphus.vitripennis","Daucus.carota"
"27","Andrena.fucata","Hippocrepis.comosa"
"27","Bombus.lapidarius","Hippocrepis.comosa"
"27","Bombus.pascuorum","Hippocrepis.comosa"
"27","Ceratina.cyanea","Hippocrepis.comosa"
"27","Chelostoma.florisomne","Hippocrepis.comosa"
"27","Episyrphus.balteatus","Hippocrepis.comosa"
"27","Eristalis.interrupta","Hippocrepis.comosa"
"27","Eristalis.pertinax","Hippocrepis.comosa"
"27","Eristalis.tenax","Hippocrepis.comosa"
"27","Ferdinandea.cuprea","Hippocrepis.comosa"
"27","Halictus.tumulorum","Hippocrepis.comosa"
"27","Lasioglossum.pauxillum","Hippocrepis.comosa"
"27","Megachile.willughbiella","Hippocrepis.comosa"
"27","Melanostoma.spec","Hippocrepis.comosa"
"27","Sphaerophoria.spec","Hippocrepis.comosa"
"27","Syrphus.ribesii","Hippocrepis.comosa"
"27","Syrphus.vitripennis","Hippocrepis.comosa"
"27","Andrena.fucata","Knautia.arvensis"
"27","Bombus.lapidarius","Knautia.arvensis"
"27","Bombus.pascuorum","Knautia.arvensis"
"27","Ceratina.cyanea","Knautia.arvensis"
"27","Chelostoma.florisomne","Knautia.arvensis"
"27","Episyrphus.balteatus","Knautia.arvensis"
"27","Eristalis.interrupta","Knautia.arvensis"
"27","Eristalis.pertinax","Knautia.arvensis"
"27","Eristalis.tenax","Knautia.arvensis"
"27","Ferdinandea.cuprea","Knautia.arvensis"
"27","Halictus.tumulorum","Knautia.arvensis"
"27","Lasioglossum.pauxillum","Knautia.arvensis"
"27","Megachile.willughbiella","Knautia.arvensis"
"27","Melanostoma.spec","Knautia.arvensis"
"27","Sphaerophoria.spec","Knautia.arvensis"
"27","Syrphus.ribesii","Knautia.arvensis"
"27","Syrphus.vitripennis","Knautia.arvensis"
"27","Andrena.fucata","Leontodon.hispidus"
"27","Bombus.lapidarius","Leontodon.hispidus"
"27","Bombus.pascuorum","Leontodon.hispidus"
"27","Ceratina.cyanea","Leontodon.hispidus"
"27","Chelostoma.florisomne","Leontodon.hispidus"
"27","Episyrphus.balteatus","Leontodon.hispidus"
"27","Eristalis.interrupta","Leontodon.hispidus"
"27","Eristalis.pertinax","Leontodon.hispidus"
"27","Eristalis.tenax","Leontodon.hispidus"
"27","Ferdinandea.cuprea","Leontodon.hispidus"
"27","Halictus.tumulorum","Leontodon.hispidus"
"27","Lasioglossum.pauxillum","Leontodon.hispidus"
"27","Megachile.willughbiella","Leontodon.hispidus"
"27","Melanostoma.spec","Leontodon.hispidus"
"27","Sphaerophoria.spec","Leontodon.hispidus"
"27","Syrphus.ribesii","Leontodon.hispidus"
"27","Syrphus.vitripennis","Leontodon.hispidus"
"27","Andrena.fucata","Lotus.corniculatus"
"27","Bombus.lapidarius","Lotus.corniculatus"
"27","Bombus.pascuorum","Lotus.corniculatus"
"27","Ceratina.cyanea","Lotus.corniculatus"
"27","Chelostoma.florisomne","Lotus.corniculatus"
"27","Episyrphus.balteatus","Lotus.corniculatus"
"27","Eristalis.interrupta","Lotus.corniculatus"
"27","Eristalis.pertinax","Lotus.corniculatus"
"27","Eristalis.tenax","Lotus.corniculatus"
"27","Ferdinandea.cuprea","Lotus.corniculatus"
"27","Halictus.tumulorum","Lotus.corniculatus"
"27","Lasioglossum.pauxillum","Lotus.corniculatus"
"27","Megachile.willughbiella","Lotus.corniculatus"
"27","Melanostoma.spec","Lotus.corniculatus"
"27","Sphaerophoria.spec","Lotus.corniculatus"
"27","Syrphus.ribesii","Lotus.corniculatus"
"27","Syrphus.vitripennis","Lotus.corniculatus"
"27","Andrena.fucata","Medicago.falcata"
"27","Bombus.lapidarius","Medicago.falcata"
"27","Bombus.pascuorum","Medicago.falcata"
"27","Ceratina.cyanea","Medicago.falcata"
"27","Chelostoma.florisomne","Medicago.falcata"
"27","Episyrphus.balteatus","Medicago.falcata"
"27","Eristalis.interrupta","Medicago.falcata"
"27","Eristalis.pertinax","Medicago.falcata"
"27","Eristalis.tenax","Medicago.falcata"
"27","Ferdinandea.cuprea","Medicago.falcata"
"27","Halictus.tumulorum","Medicago.falcata"
"27","Lasioglossum.pauxillum","Medicago.falcata"
"27","Megachile.willughbiella","Medicago.falcata"
"27","Melanostoma.spec","Medicago.falcata"
"27","Sphaerophoria.spec","Medicago.falcata"
"27","Syrphus.ribesii","Medicago.falcata"
"27","Syrphus.vitripennis","Medicago.falcata"
"27","Andrena.fucata","Medicago.lupulina"
"27","Bombus.lapidarius","Medicago.lupulina"
"27","Bombus.pascuorum","Medicago.lupulina"
"27","Ceratina.cyanea","Medicago.lupulina"
"27","Chelostoma.florisomne","Medicago.lupulina"
"27","Episyrphus.balteatus","Medicago.lupulina"
"27","Eristalis.interrupta","Medicago.lupulina"
"27","Eristalis.pertinax","Medicago.lupulina"
"27","Eristalis.tenax","Medicago.lupulina"
"27","Ferdinandea.cuprea","Medicago.lupulina"
"27","Halictus.tumulorum","Medicago.lupulina"
"27","Lasioglossum.pauxillum","Medicago.lupulina"
"27","Megachile.willughbiella","Medicago.lupulina"
"27","Melanostoma.spec","Medicago.lupulina"
"27","Sphaerophoria.spec","Medicago.lupulina"
"27","Syrphus.ribesii","Medicago.lupulina"
"27","Syrphus.vitripennis","Medicago.lupulina"
"27","Andrena.fucata","Ononis.spinosa"
"27","Bombus.lapidarius","Ononis.spinosa"
"27","Bombus.pascuorum","Ononis.spinosa"
"27","Ceratina.cyanea","Ononis.spinosa"
"27","Chelostoma.florisomne","Ononis.spinosa"
"27","Episyrphus.balteatus","Ononis.spinosa"
"27","Eristalis.interrupta","Ononis.spinosa"
"27","Eristalis.pertinax","Ononis.spinosa"
"27","Eristalis.tenax","Ononis.spinosa"
"27","Ferdinandea.cuprea","Ononis.spinosa"
"27","Halictus.tumulorum","Ononis.spinosa"
"27","Lasioglossum.pauxillum","Ononis.spinosa"
"27","Megachile.willughbiella","Ononis.spinosa"
"27","Melanostoma.spec","Ononis.spinosa"
"27","Sphaerophoria.spec","Ononis.spinosa"
"27","Syrphus.ribesii","Ononis.spinosa"
"27","Syrphus.vitripennis","Ononis.spinosa"
"27","Andrena.fucata","Pimpinella.saxifraga"
"27","Bombus.lapidarius","Pimpinella.saxifraga"
"27","Bombus.pascuorum","Pimpinella.saxifraga"
"27","Ceratina.cyanea","Pimpinella.saxifraga"
"27","Chelostoma.florisomne","Pimpinella.saxifraga"
"27","Episyrphus.balteatus","Pimpinella.saxifraga"
"27","Eristalis.interrupta","Pimpinella.saxifraga"
"27","Eristalis.pertinax","Pimpinella.saxifraga"
"27","Eristalis.tenax","Pimpinella.saxifraga"
"27","Ferdinandea.cuprea","Pimpinella.saxifraga"
"27","Halictus.tumulorum","Pimpinella.saxifraga"
"27","Lasioglossum.pauxillum","Pimpinella.saxifraga"
"27","Megachile.willughbiella","Pimpinella.saxifraga"
"27","Melanostoma.spec","Pimpinella.saxifraga"
"27","Sphaerophoria.spec","Pimpinella.saxifraga"
"27","Syrphus.ribesii","Pimpinella.saxifraga"
"27","Syrphus.vitripennis","Pimpinella.saxifraga"
"27","Andrena.fucata","Prunella.grandiflora"
"27","Bombus.lapidarius","Prunella.grandiflora"
"27","Bombus.pascuorum","Prunella.grandiflora"
"27","Ceratina.cyanea","Prunella.grandiflora"
"27","Chelostoma.florisomne","Prunella.grandiflora"
"27","Episyrphus.balteatus","Prunella.grandiflora"
"27","Eristalis.interrupta","Prunella.grandiflora"
"27","Eristalis.pertinax","Prunella.grandiflora"
"27","Eristalis.tenax","Prunella.grandiflora"
"27","Ferdinandea.cuprea","Prunella.grandiflora"
"27","Halictus.tumulorum","Prunella.grandiflora"
"27","Lasioglossum.pauxillum","Prunella.grandiflora"
"27","Megachile.willughbiella","Prunella.grandiflora"
"27","Melanostoma.spec","Prunella.grandiflora"
"27","Sphaerophoria.spec","Prunella.grandiflora"
"27","Syrphus.ribesii","Prunella.grandiflora"
"27","Syrphus.vitripennis","Prunella.grandiflora"
"27","Andrena.fucata","Ranunculus.bulbosus"
"27","Bombus.lapidarius","Ranunculus.bulbosus"
"27","Bombus.pascuorum","Ranunculus.bulbosus"
"27","Ceratina.cyanea","Ranunculus.bulbosus"
"27","Chelostoma.florisomne","Ranunculus.bulbosus"
"27","Episyrphus.balteatus","Ranunculus.bulbosus"
"27","Eristalis.interrupta","Ranunculus.bulbosus"
"27","Eristalis.pertinax","Ranunculus.bulbosus"
"27","Eristalis.tenax","Ranunculus.bulbosus"
"27","Ferdinandea.cuprea","Ranunculus.bulbosus"
"27","Halictus.tumulorum","Ranunculus.bulbosus"
"27","Lasioglossum.pauxillum","Ranunculus.bulbosus"
"27","Megachile.willughbiella","Ranunculus.bulbosus"
"27","Melanostoma.spec","Ranunculus.bulbosus"
"27","Sphaerophoria.spec","Ranunculus.bulbosus"
"27","Syrphus.ribesii","Ranunculus.bulbosus"
"27","Syrphus.vitripennis","Ranunculus.bulbosus"
"27","Andrena.fucata","Rosa.NA"
"27","Bombus.lapidarius","Rosa.NA"
"27","Bombus.pascuorum","Rosa.NA"
"27","Ceratina.cyanea","Rosa.NA"
"27","Chelostoma.florisomne","Rosa.NA"
"27","Episyrphus.balteatus","Rosa.NA"
"27","Eristalis.interrupta","Rosa.NA"
"27","Eristalis.pertinax","Rosa.NA"
"27","Eristalis.tenax","Rosa.NA"
"27","Ferdinandea.cuprea","Rosa.NA"
"27","Halictus.tumulorum","Rosa.NA"
"27","Lasioglossum.pauxillum","Rosa.NA"
"27","Megachile.willughbiella","Rosa.NA"
"27","Melanostoma.spec","Rosa.NA"
"27","Sphaerophoria.spec","Rosa.NA"
"27","Syrphus.ribesii","Rosa.NA"
"27","Syrphus.vitripennis","Rosa.NA"
"27","Andrena.fucata","Trifolium.pratense"
"27","Bombus.lapidarius","Trifolium.pratense"
"27","Bombus.pascuorum","Trifolium.pratense"
"27","Ceratina.cyanea","Trifolium.pratense"
"27","Chelostoma.florisomne","Trifolium.pratense"
"27","Episyrphus.balteatus","Trifolium.pratense"
"27","Eristalis.interrupta","Trifolium.pratense"
"27","Eristalis.pertinax","Trifolium.pratense"
"27","Eristalis.tenax","Trifolium.pratense"
"27","Ferdinandea.cuprea","Trifolium.pratense"
"27","Halictus.tumulorum","Trifolium.pratense"
"27","Lasioglossum.pauxillum","Trifolium.pratense"
"27","Megachile.willughbiella","Trifolium.pratense"
"27","Melanostoma.spec","Trifolium.pratense"
"27","Sphaerophoria.spec","Trifolium.pratense"
"27","Syrphus.ribesii","Trifolium.pratense"
"27","Syrphus.vitripennis","Trifolium.pratense"
"28","Andrena.subopaca","Aegopodium.podagraria"
"28","Anthidium.strigatum","Aegopodium.podagraria"
"28","Anthophora.plumipes","Aegopodium.podagraria"
"28","Bombus.lapidarius","Aegopodium.podagraria"
"28","Bombus.pascuorum","Aegopodium.podagraria"
"28","Bombus.terrestris.agg","Aegopodium.podagraria"
"28","Cheilosia.soror","Aegopodium.podagraria"
"28","Dasysyrphus.tricinctus","Aegopodium.podagraria"
"28","Episyrphus.balteatus","Aegopodium.podagraria"
"28","Eristalis.pertinax","Aegopodium.podagraria"
"28","Eristalis.tenax","Aegopodium.podagraria"
"28","Lasioglossum.leucopus","Aegopodium.podagraria"
"28","Melanostoma.spec","Aegopodium.podagraria"
"28","Psithyrus.bohemicus","Aegopodium.podagraria"
"28","Sphaerophoria.spec","Aegopodium.podagraria"
"28","Syrphus.ribesii","Aegopodium.podagraria"
"28","Syrphus.torvus","Aegopodium.podagraria"
"28","Syrphus.vitripennis","Aegopodium.podagraria"
"28","Xanthandrus.comtus","Aegopodium.podagraria"
"28","Xanthogramma.pedissequum","Aegopodium.podagraria"
"28","Andrena.subopaca","Centaurea.jacea"
"28","Anthidium.strigatum","Centaurea.jacea"
"28","Anthophora.plumipes","Centaurea.jacea"
"28","Bombus.lapidarius","Centaurea.jacea"
"28","Bombus.pascuorum","Centaurea.jacea"
"28","Bombus.terrestris.agg","Centaurea.jacea"
"28","Cheilosia.soror","Centaurea.jacea"
"28","Dasysyrphus.tricinctus","Centaurea.jacea"
"28","Episyrphus.balteatus","Centaurea.jacea"
"28","Eristalis.pertinax","Centaurea.jacea"
"28","Eristalis.tenax","Centaurea.jacea"
"28","Lasioglossum.leucopus","Centaurea.jacea"
"28","Melanostoma.spec","Centaurea.jacea"
"28","Psithyrus.bohemicus","Centaurea.jacea"
"28","Sphaerophoria.spec","Centaurea.jacea"
"28","Syrphus.ribesii","Centaurea.jacea"
"28","Syrphus.torvus","Centaurea.jacea"
"28","Syrphus.vitripennis","Centaurea.jacea"
"28","Xanthandrus.comtus","Centaurea.jacea"
"28","Xanthogramma.pedissequum","Centaurea.jacea"
"28","Andrena.subopaca","Centaurea.scabiosa"
"28","Anthidium.strigatum","Centaurea.scabiosa"
"28","Anthophora.plumipes","Centaurea.scabiosa"
"28","Bombus.lapidarius","Centaurea.scabiosa"
"28","Bombus.pascuorum","Centaurea.scabiosa"
"28","Bombus.terrestris.agg","Centaurea.scabiosa"
"28","Cheilosia.soror","Centaurea.scabiosa"
"28","Dasysyrphus.tricinctus","Centaurea.scabiosa"
"28","Episyrphus.balteatus","Centaurea.scabiosa"
"28","Eristalis.pertinax","Centaurea.scabiosa"
"28","Eristalis.tenax","Centaurea.scabiosa"
"28","Lasioglossum.leucopus","Centaurea.scabiosa"
"28","Melanostoma.spec","Centaurea.scabiosa"
"28","Psithyrus.bohemicus","Centaurea.scabiosa"
"28","Sphaerophoria.spec","Centaurea.scabiosa"
"28","Syrphus.ribesii","Centaurea.scabiosa"
"28","Syrphus.torvus","Centaurea.scabiosa"
"28","Syrphus.vitripennis","Centaurea.scabiosa"
"28","Xanthandrus.comtus","Centaurea.scabiosa"
"28","Xanthogramma.pedissequum","Centaurea.scabiosa"
"28","Andrena.subopaca","Galium.mollugo"
"28","Anthidium.strigatum","Galium.mollugo"
"28","Anthophora.plumipes","Galium.mollugo"
"28","Bombus.lapidarius","Galium.mollugo"
"28","Bombus.pascuorum","Galium.mollugo"
"28","Bombus.terrestris.agg","Galium.mollugo"
"28","Cheilosia.soror","Galium.mollugo"
"28","Dasysyrphus.tricinctus","Galium.mollugo"
"28","Episyrphus.balteatus","Galium.mollugo"
"28","Eristalis.pertinax","Galium.mollugo"
"28","Eristalis.tenax","Galium.mollugo"
"28","Lasioglossum.leucopus","Galium.mollugo"
"28","Melanostoma.spec","Galium.mollugo"
"28","Psithyrus.bohemicus","Galium.mollugo"
"28","Sphaerophoria.spec","Galium.mollugo"
"28","Syrphus.ribesii","Galium.mollugo"
"28","Syrphus.torvus","Galium.mollugo"
"28","Syrphus.vitripennis","Galium.mollugo"
"28","Xanthandrus.comtus","Galium.mollugo"
"28","Xanthogramma.pedissequum","Galium.mollugo"
"28","Andrena.subopaca","Galium.verum"
"28","Anthidium.strigatum","Galium.verum"
"28","Anthophora.plumipes","Galium.verum"
"28","Bombus.lapidarius","Galium.verum"
"28","Bombus.pascuorum","Galium.verum"
"28","Bombus.terrestris.agg","Galium.verum"
"28","Cheilosia.soror","Galium.verum"
"28","Dasysyrphus.tricinctus","Galium.verum"
"28","Episyrphus.balteatus","Galium.verum"
"28","Eristalis.pertinax","Galium.verum"
"28","Eristalis.tenax","Galium.verum"
"28","Lasioglossum.leucopus","Galium.verum"
"28","Melanostoma.spec","Galium.verum"
"28","Psithyrus.bohemicus","Galium.verum"
"28","Sphaerophoria.spec","Galium.verum"
"28","Syrphus.ribesii","Galium.verum"
"28","Syrphus.torvus","Galium.verum"
"28","Syrphus.vitripennis","Galium.verum"
"28","Xanthandrus.comtus","Galium.verum"
"28","Xanthogramma.pedissequum","Galium.verum"
"28","Andrena.subopaca","Heracleum.sphondylium"
"28","Anthidium.strigatum","Heracleum.sphondylium"
"28","Anthophora.plumipes","Heracleum.sphondylium"
"28","Bombus.lapidarius","Heracleum.sphondylium"
"28","Bombus.pascuorum","Heracleum.sphondylium"
"28","Bombus.terrestris.agg","Heracleum.sphondylium"
"28","Cheilosia.soror","Heracleum.sphondylium"
"28","Dasysyrphus.tricinctus","Heracleum.sphondylium"
"28","Episyrphus.balteatus","Heracleum.sphondylium"
"28","Eristalis.pertinax","Heracleum.sphondylium"
"28","Eristalis.tenax","Heracleum.sphondylium"
"28","Lasioglossum.leucopus","Heracleum.sphondylium"
"28","Melanostoma.spec","Heracleum.sphondylium"
"28","Psithyrus.bohemicus","Heracleum.sphondylium"
"28","Sphaerophoria.spec","Heracleum.sphondylium"
"28","Syrphus.ribesii","Heracleum.sphondylium"
"28","Syrphus.torvus","Heracleum.sphondylium"
"28","Syrphus.vitripennis","Heracleum.sphondylium"
"28","Xanthandrus.comtus","Heracleum.sphondylium"
"28","Xanthogramma.pedissequum","Heracleum.sphondylium"
"28","Andrena.subopaca","Hippocrepis.comosa"
"28","Anthidium.strigatum","Hippocrepis.comosa"
"28","Anthophora.plumipes","Hippocrepis.comosa"
"28","Bombus.lapidarius","Hippocrepis.comosa"
"28","Bombus.pascuorum","Hippocrepis.comosa"
"28","Bombus.terrestris.agg","Hippocrepis.comosa"
"28","Cheilosia.soror","Hippocrepis.comosa"
"28","Dasysyrphus.tricinctus","Hippocrepis.comosa"
"28","Episyrphus.balteatus","Hippocrepis.comosa"
"28","Eristalis.pertinax","Hippocrepis.comosa"
"28","Eristalis.tenax","Hippocrepis.comosa"
"28","Lasioglossum.leucopus","Hippocrepis.comosa"
"28","Melanostoma.spec","Hippocrepis.comosa"
"28","Psithyrus.bohemicus","Hippocrepis.comosa"
"28","Sphaerophoria.spec","Hippocrepis.comosa"
"28","Syrphus.ribesii","Hippocrepis.comosa"
"28","Syrphus.torvus","Hippocrepis.comosa"
"28","Syrphus.vitripennis","Hippocrepis.comosa"
"28","Xanthandrus.comtus","Hippocrepis.comosa"
"28","Xanthogramma.pedissequum","Hippocrepis.comosa"
"28","Andrena.subopaca","Hypericum.perforatum"
"28","Anthidium.strigatum","Hypericum.perforatum"
"28","Anthophora.plumipes","Hypericum.perforatum"
"28","Bombus.lapidarius","Hypericum.perforatum"
"28","Bombus.pascuorum","Hypericum.perforatum"
"28","Bombus.terrestris.agg","Hypericum.perforatum"
"28","Cheilosia.soror","Hypericum.perforatum"
"28","Dasysyrphus.tricinctus","Hypericum.perforatum"
"28","Episyrphus.balteatus","Hypericum.perforatum"
"28","Eristalis.pertinax","Hypericum.perforatum"
"28","Eristalis.tenax","Hypericum.perforatum"
"28","Lasioglossum.leucopus","Hypericum.perforatum"
"28","Melanostoma.spec","Hypericum.perforatum"
"28","Psithyrus.bohemicus","Hypericum.perforatum"
"28","Sphaerophoria.spec","Hypericum.perforatum"
"28","Syrphus.ribesii","Hypericum.perforatum"
"28","Syrphus.torvus","Hypericum.perforatum"
"28","Syrphus.vitripennis","Hypericum.perforatum"
"28","Xanthandrus.comtus","Hypericum.perforatum"
"28","Xanthogramma.pedissequum","Hypericum.perforatum"
"28","Andrena.subopaca","Knautia.arvensis"
"28","Anthidium.strigatum","Knautia.arvensis"
"28","Anthophora.plumipes","Knautia.arvensis"
"28","Bombus.lapidarius","Knautia.arvensis"
"28","Bombus.pascuorum","Knautia.arvensis"
"28","Bombus.terrestris.agg","Knautia.arvensis"
"28","Cheilosia.soror","Knautia.arvensis"
"28","Dasysyrphus.tricinctus","Knautia.arvensis"
"28","Episyrphus.balteatus","Knautia.arvensis"
"28","Eristalis.pertinax","Knautia.arvensis"
"28","Eristalis.tenax","Knautia.arvensis"
"28","Lasioglossum.leucopus","Knautia.arvensis"
"28","Melanostoma.spec","Knautia.arvensis"
"28","Psithyrus.bohemicus","Knautia.arvensis"
"28","Sphaerophoria.spec","Knautia.arvensis"
"28","Syrphus.ribesii","Knautia.arvensis"
"28","Syrphus.torvus","Knautia.arvensis"
"28","Syrphus.vitripennis","Knautia.arvensis"
"28","Xanthandrus.comtus","Knautia.arvensis"
"28","Xanthogramma.pedissequum","Knautia.arvensis"
"28","Andrena.subopaca","Leontodon.hispidus"
"28","Anthidium.strigatum","Leontodon.hispidus"
"28","Anthophora.plumipes","Leontodon.hispidus"
"28","Bombus.lapidarius","Leontodon.hispidus"
"28","Bombus.pascuorum","Leontodon.hispidus"
"28","Bombus.terrestris.agg","Leontodon.hispidus"
"28","Cheilosia.soror","Leontodon.hispidus"
"28","Dasysyrphus.tricinctus","Leontodon.hispidus"
"28","Episyrphus.balteatus","Leontodon.hispidus"
"28","Eristalis.pertinax","Leontodon.hispidus"
"28","Eristalis.tenax","Leontodon.hispidus"
"28","Lasioglossum.leucopus","Leontodon.hispidus"
"28","Melanostoma.spec","Leontodon.hispidus"
"28","Psithyrus.bohemicus","Leontodon.hispidus"
"28","Sphaerophoria.spec","Leontodon.hispidus"
"28","Syrphus.ribesii","Leontodon.hispidus"
"28","Syrphus.torvus","Leontodon.hispidus"
"28","Syrphus.vitripennis","Leontodon.hispidus"
"28","Xanthandrus.comtus","Leontodon.hispidus"
"28","Xanthogramma.pedissequum","Leontodon.hispidus"
"28","Andrena.subopaca","Lotus.corniculatus"
"28","Anthidium.strigatum","Lotus.corniculatus"
"28","Anthophora.plumipes","Lotus.corniculatus"
"28","Bombus.lapidarius","Lotus.corniculatus"
"28","Bombus.pascuorum","Lotus.corniculatus"
"28","Bombus.terrestris.agg","Lotus.corniculatus"
"28","Cheilosia.soror","Lotus.corniculatus"
"28","Dasysyrphus.tricinctus","Lotus.corniculatus"
"28","Episyrphus.balteatus","Lotus.corniculatus"
"28","Eristalis.pertinax","Lotus.corniculatus"
"28","Eristalis.tenax","Lotus.corniculatus"
"28","Lasioglossum.leucopus","Lotus.corniculatus"
"28","Melanostoma.spec","Lotus.corniculatus"
"28","Psithyrus.bohemicus","Lotus.corniculatus"
"28","Sphaerophoria.spec","Lotus.corniculatus"
"28","Syrphus.ribesii","Lotus.corniculatus"
"28","Syrphus.torvus","Lotus.corniculatus"
"28","Syrphus.vitripennis","Lotus.corniculatus"
"28","Xanthandrus.comtus","Lotus.corniculatus"
"28","Xanthogramma.pedissequum","Lotus.corniculatus"
"28","Andrena.subopaca","Pimpinella.saxifraga"
"28","Anthidium.strigatum","Pimpinella.saxifraga"
"28","Anthophora.plumipes","Pimpinella.saxifraga"
"28","Bombus.lapidarius","Pimpinella.saxifraga"
"28","Bombus.pascuorum","Pimpinella.saxifraga"
"28","Bombus.terrestris.agg","Pimpinella.saxifraga"
"28","Cheilosia.soror","Pimpinella.saxifraga"
"28","Dasysyrphus.tricinctus","Pimpinella.saxifraga"
"28","Episyrphus.balteatus","Pimpinella.saxifraga"
"28","Eristalis.pertinax","Pimpinella.saxifraga"
"28","Eristalis.tenax","Pimpinella.saxifraga"
"28","Lasioglossum.leucopus","Pimpinella.saxifraga"
"28","Melanostoma.spec","Pimpinella.saxifraga"
"28","Psithyrus.bohemicus","Pimpinella.saxifraga"
"28","Sphaerophoria.spec","Pimpinella.saxifraga"
"28","Syrphus.ribesii","Pimpinella.saxifraga"
"28","Syrphus.torvus","Pimpinella.saxifraga"
"28","Syrphus.vitripennis","Pimpinella.saxifraga"
"28","Xanthandrus.comtus","Pimpinella.saxifraga"
"28","Xanthogramma.pedissequum","Pimpinella.saxifraga"
"28","Andrena.subopaca","Primula.veris"
"28","Anthidium.strigatum","Primula.veris"
"28","Anthophora.plumipes","Primula.veris"
"28","Bombus.lapidarius","Primula.veris"
"28","Bombus.pascuorum","Primula.veris"
"28","Bombus.terrestris.agg","Primula.veris"
"28","Cheilosia.soror","Primula.veris"
"28","Dasysyrphus.tricinctus","Primula.veris"
"28","Episyrphus.balteatus","Primula.veris"
"28","Eristalis.pertinax","Primula.veris"
"28","Eristalis.tenax","Primula.veris"
"28","Lasioglossum.leucopus","Primula.veris"
"28","Melanostoma.spec","Primula.veris"
"28","Psithyrus.bohemicus","Primula.veris"
"28","Sphaerophoria.spec","Primula.veris"
"28","Syrphus.ribesii","Primula.veris"
"28","Syrphus.torvus","Primula.veris"
"28","Syrphus.vitripennis","Primula.veris"
"28","Xanthandrus.comtus","Primula.veris"
"28","Xanthogramma.pedissequum","Primula.veris"
"28","Andrena.subopaca","Prunella.grandiflora"
"28","Anthidium.strigatum","Prunella.grandiflora"
"28","Anthophora.plumipes","Prunella.grandiflora"
"28","Bombus.lapidarius","Prunella.grandiflora"
"28","Bombus.pascuorum","Prunella.grandiflora"
"28","Bombus.terrestris.agg","Prunella.grandiflora"
"28","Cheilosia.soror","Prunella.grandiflora"
"28","Dasysyrphus.tricinctus","Prunella.grandiflora"
"28","Episyrphus.balteatus","Prunella.grandiflora"
"28","Eristalis.pertinax","Prunella.grandiflora"
"28","Eristalis.tenax","Prunella.grandiflora"
"28","Lasioglossum.leucopus","Prunella.grandiflora"
"28","Melanostoma.spec","Prunella.grandiflora"
"28","Psithyrus.bohemicus","Prunella.grandiflora"
"28","Sphaerophoria.spec","Prunella.grandiflora"
"28","Syrphus.ribesii","Prunella.grandiflora"
"28","Syrphus.torvus","Prunella.grandiflora"
"28","Syrphus.vitripennis","Prunella.grandiflora"
"28","Xanthandrus.comtus","Prunella.grandiflora"
"28","Xanthogramma.pedissequum","Prunella.grandiflora"
"28","Andrena.subopaca","Rubus.fruticosus"
"28","Anthidium.strigatum","Rubus.fruticosus"
"28","Anthophora.plumipes","Rubus.fruticosus"
"28","Bombus.lapidarius","Rubus.fruticosus"
"28","Bombus.pascuorum","Rubus.fruticosus"
"28","Bombus.terrestris.agg","Rubus.fruticosus"
"28","Cheilosia.soror","Rubus.fruticosus"
"28","Dasysyrphus.tricinctus","Rubus.fruticosus"
"28","Episyrphus.balteatus","Rubus.fruticosus"
"28","Eristalis.pertinax","Rubus.fruticosus"
"28","Eristalis.tenax","Rubus.fruticosus"
"28","Lasioglossum.leucopus","Rubus.fruticosus"
"28","Melanostoma.spec","Rubus.fruticosus"
"28","Psithyrus.bohemicus","Rubus.fruticosus"
"28","Sphaerophoria.spec","Rubus.fruticosus"
"28","Syrphus.ribesii","Rubus.fruticosus"
"28","Syrphus.torvus","Rubus.fruticosus"
"28","Syrphus.vitripennis","Rubus.fruticosus"
"28","Xanthandrus.comtus","Rubus.fruticosus"
"28","Xanthogramma.pedissequum","Rubus.fruticosus"
"28","Andrena.subopaca","Taraxacum.officinale"
"28","Anthidium.strigatum","Taraxacum.officinale"
"28","Anthophora.plumipes","Taraxacum.officinale"
"28","Bombus.lapidarius","Taraxacum.officinale"
"28","Bombus.pascuorum","Taraxacum.officinale"
"28","Bombus.terrestris.agg","Taraxacum.officinale"
"28","Cheilosia.soror","Taraxacum.officinale"
"28","Dasysyrphus.tricinctus","Taraxacum.officinale"
"28","Episyrphus.balteatus","Taraxacum.officinale"
"28","Eristalis.pertinax","Taraxacum.officinale"
"28","Eristalis.tenax","Taraxacum.officinale"
"28","Lasioglossum.leucopus","Taraxacum.officinale"
"28","Melanostoma.spec","Taraxacum.officinale"
"28","Psithyrus.bohemicus","Taraxacum.officinale"
"28","Sphaerophoria.spec","Taraxacum.officinale"
"28","Syrphus.ribesii","Taraxacum.officinale"
"28","Syrphus.torvus","Taraxacum.officinale"
"28","Syrphus.vitripennis","Taraxacum.officinale"
"28","Xanthandrus.comtus","Taraxacum.officinale"
"28","Xanthogramma.pedissequum","Taraxacum.officinale"
"28","Andrena.subopaca","Trifolium.pratense"
"28","Anthidium.strigatum","Trifolium.pratense"
"28","Anthophora.plumipes","Trifolium.pratense"
"28","Bombus.lapidarius","Trifolium.pratense"
"28","Bombus.pascuorum","Trifolium.pratense"
"28","Bombus.terrestris.agg","Trifolium.pratense"
"28","Cheilosia.soror","Trifolium.pratense"
"28","Dasysyrphus.tricinctus","Trifolium.pratense"
"28","Episyrphus.balteatus","Trifolium.pratense"
"28","Eristalis.pertinax","Trifolium.pratense"
"28","Eristalis.tenax","Trifolium.pratense"
"28","Lasioglossum.leucopus","Trifolium.pratense"
"28","Melanostoma.spec","Trifolium.pratense"
"28","Psithyrus.bohemicus","Trifolium.pratense"
"28","Sphaerophoria.spec","Trifolium.pratense"
"28","Syrphus.ribesii","Trifolium.pratense"
"28","Syrphus.torvus","Trifolium.pratense"
"28","Syrphus.vitripennis","Trifolium.pratense"
"28","Xanthandrus.comtus","Trifolium.pratense"
"28","Xanthogramma.pedissequum","Trifolium.pratense"
"28","Andrena.subopaca","Veronica.chamaedrys"
"28","Anthidium.strigatum","Veronica.chamaedrys"
"28","Anthophora.plumipes","Veronica.chamaedrys"
"28","Bombus.lapidarius","Veronica.chamaedrys"
"28","Bombus.pascuorum","Veronica.chamaedrys"
"28","Bombus.terrestris.agg","Veronica.chamaedrys"
"28","Cheilosia.soror","Veronica.chamaedrys"
"28","Dasysyrphus.tricinctus","Veronica.chamaedrys"
"28","Episyrphus.balteatus","Veronica.chamaedrys"
"28","Eristalis.pertinax","Veronica.chamaedrys"
"28","Eristalis.tenax","Veronica.chamaedrys"
"28","Lasioglossum.leucopus","Veronica.chamaedrys"
"28","Melanostoma.spec","Veronica.chamaedrys"
"28","Psithyrus.bohemicus","Veronica.chamaedrys"
"28","Sphaerophoria.spec","Veronica.chamaedrys"
"28","Syrphus.ribesii","Veronica.chamaedrys"
"28","Syrphus.torvus","Veronica.chamaedrys"
"28","Syrphus.vitripennis","Veronica.chamaedrys"
"28","Xanthandrus.comtus","Veronica.chamaedrys"
"28","Xanthogramma.pedissequum","Veronica.chamaedrys"
"28","Andrena.subopaca","Vicia.cracca"
"28","Anthidium.strigatum","Vicia.cracca"
"28","Anthophora.plumipes","Vicia.cracca"
"28","Bombus.lapidarius","Vicia.cracca"
"28","Bombus.pascuorum","Vicia.cracca"
"28","Bombus.terrestris.agg","Vicia.cracca"
"28","Cheilosia.soror","Vicia.cracca"
"28","Dasysyrphus.tricinctus","Vicia.cracca"
"28","Episyrphus.balteatus","Vicia.cracca"
"28","Eristalis.pertinax","Vicia.cracca"
"28","Eristalis.tenax","Vicia.cracca"
"28","Lasioglossum.leucopus","Vicia.cracca"
"28","Melanostoma.spec","Vicia.cracca"
"28","Psithyrus.bohemicus","Vicia.cracca"
"28","Sphaerophoria.spec","Vicia.cracca"
"28","Syrphus.ribesii","Vicia.cracca"
"28","Syrphus.torvus","Vicia.cracca"
"28","Syrphus.vitripennis","Vicia.cracca"
"28","Xanthandrus.comtus","Vicia.cracca"
"28","Xanthogramma.pedissequum","Vicia.cracca"
"29","Bombus.lapidarius","Centaurea.jacea"
"29","Bombus.pascuorum","Centaurea.jacea"
"29","Bombus.terrestris.agg","Centaurea.jacea"
"29","Episyrphus.balteatus","Centaurea.jacea"
"29","Eristalis.arbustorum","Centaurea.jacea"
"29","Lasioglossum.calceatum","Centaurea.jacea"
"29","Melanostoma.spec","Centaurea.jacea"
"29","Scaeva.pyrastri","Centaurea.jacea"
"29","Sphaerophoria.spec","Centaurea.jacea"
"29","Syrphus.ribesii","Centaurea.jacea"
"29","Syrphus.vitripennis","Centaurea.jacea"
"29","Bombus.lapidarius","Centaurea.scabiosa"
"29","Bombus.pascuorum","Centaurea.scabiosa"
"29","Bombus.terrestris.agg","Centaurea.scabiosa"
"29","Episyrphus.balteatus","Centaurea.scabiosa"
"29","Eristalis.arbustorum","Centaurea.scabiosa"
"29","Lasioglossum.calceatum","Centaurea.scabiosa"
"29","Melanostoma.spec","Centaurea.scabiosa"
"29","Scaeva.pyrastri","Centaurea.scabiosa"
"29","Sphaerophoria.spec","Centaurea.scabiosa"
"29","Syrphus.ribesii","Centaurea.scabiosa"
"29","Syrphus.vitripennis","Centaurea.scabiosa"
"29","Bombus.lapidarius","Cichorium.intybus"
"29","Bombus.pascuorum","Cichorium.intybus"
"29","Bombus.terrestris.agg","Cichorium.intybus"
"29","Episyrphus.balteatus","Cichorium.intybus"
"29","Eristalis.arbustorum","Cichorium.intybus"
"29","Lasioglossum.calceatum","Cichorium.intybus"
"29","Melanostoma.spec","Cichorium.intybus"
"29","Scaeva.pyrastri","Cichorium.intybus"
"29","Sphaerophoria.spec","Cichorium.intybus"
"29","Syrphus.ribesii","Cichorium.intybus"
"29","Syrphus.vitripennis","Cichorium.intybus"
"29","Bombus.lapidarius","Cirsium.acaule"
"29","Bombus.pascuorum","Cirsium.acaule"
"29","Bombus.terrestris.agg","Cirsium.acaule"
"29","Episyrphus.balteatus","Cirsium.acaule"
"29","Eristalis.arbustorum","Cirsium.acaule"
"29","Lasioglossum.calceatum","Cirsium.acaule"
"29","Melanostoma.spec","Cirsium.acaule"
"29","Scaeva.pyrastri","Cirsium.acaule"
"29","Sphaerophoria.spec","Cirsium.acaule"
"29","Syrphus.ribesii","Cirsium.acaule"
"29","Syrphus.vitripennis","Cirsium.acaule"
"29","Bombus.lapidarius","Cirsium.arvense"
"29","Bombus.pascuorum","Cirsium.arvense"
"29","Bombus.terrestris.agg","Cirsium.arvense"
"29","Episyrphus.balteatus","Cirsium.arvense"
"29","Eristalis.arbustorum","Cirsium.arvense"
"29","Lasioglossum.calceatum","Cirsium.arvense"
"29","Melanostoma.spec","Cirsium.arvense"
"29","Scaeva.pyrastri","Cirsium.arvense"
"29","Sphaerophoria.spec","Cirsium.arvense"
"29","Syrphus.ribesii","Cirsium.arvense"
"29","Syrphus.vitripennis","Cirsium.arvense"
"29","Bombus.lapidarius","Galium.mollugo"
"29","Bombus.pascuorum","Galium.mollugo"
"29","Bombus.terrestris.agg","Galium.mollugo"
"29","Episyrphus.balteatus","Galium.mollugo"
"29","Eristalis.arbustorum","Galium.mollugo"
"29","Lasioglossum.calceatum","Galium.mollugo"
"29","Melanostoma.spec","Galium.mollugo"
"29","Scaeva.pyrastri","Galium.mollugo"
"29","Sphaerophoria.spec","Galium.mollugo"
"29","Syrphus.ribesii","Galium.mollugo"
"29","Syrphus.vitripennis","Galium.mollugo"
"29","Bombus.lapidarius","Hypericum.perforatum"
"29","Bombus.pascuorum","Hypericum.perforatum"
"29","Bombus.terrestris.agg","Hypericum.perforatum"
"29","Episyrphus.balteatus","Hypericum.perforatum"
"29","Eristalis.arbustorum","Hypericum.perforatum"
"29","Lasioglossum.calceatum","Hypericum.perforatum"
"29","Melanostoma.spec","Hypericum.perforatum"
"29","Scaeva.pyrastri","Hypericum.perforatum"
"29","Sphaerophoria.spec","Hypericum.perforatum"
"29","Syrphus.ribesii","Hypericum.perforatum"
"29","Syrphus.vitripennis","Hypericum.perforatum"
"29","Bombus.lapidarius","Knautia.arvensis"
"29","Bombus.pascuorum","Knautia.arvensis"
"29","Bombus.terrestris.agg","Knautia.arvensis"
"29","Episyrphus.balteatus","Knautia.arvensis"
"29","Eristalis.arbustorum","Knautia.arvensis"
"29","Lasioglossum.calceatum","Knautia.arvensis"
"29","Melanostoma.spec","Knautia.arvensis"
"29","Scaeva.pyrastri","Knautia.arvensis"
"29","Sphaerophoria.spec","Knautia.arvensis"
"29","Syrphus.ribesii","Knautia.arvensis"
"29","Syrphus.vitripennis","Knautia.arvensis"
"29","Bombus.lapidarius","Lotus.corniculatus"
"29","Bombus.pascuorum","Lotus.corniculatus"
"29","Bombus.terrestris.agg","Lotus.corniculatus"
"29","Episyrphus.balteatus","Lotus.corniculatus"
"29","Eristalis.arbustorum","Lotus.corniculatus"
"29","Lasioglossum.calceatum","Lotus.corniculatus"
"29","Melanostoma.spec","Lotus.corniculatus"
"29","Scaeva.pyrastri","Lotus.corniculatus"
"29","Sphaerophoria.spec","Lotus.corniculatus"
"29","Syrphus.ribesii","Lotus.corniculatus"
"29","Syrphus.vitripennis","Lotus.corniculatus"
"29","Bombus.lapidarius","Medicago.lupulina"
"29","Bombus.pascuorum","Medicago.lupulina"
"29","Bombus.terrestris.agg","Medicago.lupulina"
"29","Episyrphus.balteatus","Medicago.lupulina"
"29","Eristalis.arbustorum","Medicago.lupulina"
"29","Lasioglossum.calceatum","Medicago.lupulina"
"29","Melanostoma.spec","Medicago.lupulina"
"29","Scaeva.pyrastri","Medicago.lupulina"
"29","Sphaerophoria.spec","Medicago.lupulina"
"29","Syrphus.ribesii","Medicago.lupulina"
"29","Syrphus.vitripennis","Medicago.lupulina"
"29","Bombus.lapidarius","Pimpinella.saxifraga"
"29","Bombus.pascuorum","Pimpinella.saxifraga"
"29","Bombus.terrestris.agg","Pimpinella.saxifraga"
"29","Episyrphus.balteatus","Pimpinella.saxifraga"
"29","Eristalis.arbustorum","Pimpinella.saxifraga"
"29","Lasioglossum.calceatum","Pimpinella.saxifraga"
"29","Melanostoma.spec","Pimpinella.saxifraga"
"29","Scaeva.pyrastri","Pimpinella.saxifraga"
"29","Sphaerophoria.spec","Pimpinella.saxifraga"
"29","Syrphus.ribesii","Pimpinella.saxifraga"
"29","Syrphus.vitripennis","Pimpinella.saxifraga"
"29","Bombus.lapidarius","Plantago.media"
"29","Bombus.pascuorum","Plantago.media"
"29","Bombus.terrestris.agg","Plantago.media"
"29","Episyrphus.balteatus","Plantago.media"
"29","Eristalis.arbustorum","Plantago.media"
"29","Lasioglossum.calceatum","Plantago.media"
"29","Melanostoma.spec","Plantago.media"
"29","Scaeva.pyrastri","Plantago.media"
"29","Sphaerophoria.spec","Plantago.media"
"29","Syrphus.ribesii","Plantago.media"
"29","Syrphus.vitripennis","Plantago.media"
"29","Bombus.lapidarius","Primula.veris"
"29","Bombus.pascuorum","Primula.veris"
"29","Bombus.terrestris.agg","Primula.veris"
"29","Episyrphus.balteatus","Primula.veris"
"29","Eristalis.arbustorum","Primula.veris"
"29","Lasioglossum.calceatum","Primula.veris"
"29","Melanostoma.spec","Primula.veris"
"29","Scaeva.pyrastri","Primula.veris"
"29","Sphaerophoria.spec","Primula.veris"
"29","Syrphus.ribesii","Primula.veris"
"29","Syrphus.vitripennis","Primula.veris"
"29","Bombus.lapidarius","Rosa.NA"
"29","Bombus.pascuorum","Rosa.NA"
"29","Bombus.terrestris.agg","Rosa.NA"
"29","Episyrphus.balteatus","Rosa.NA"
"29","Eristalis.arbustorum","Rosa.NA"
"29","Lasioglossum.calceatum","Rosa.NA"
"29","Melanostoma.spec","Rosa.NA"
"29","Scaeva.pyrastri","Rosa.NA"
"29","Sphaerophoria.spec","Rosa.NA"
"29","Syrphus.ribesii","Rosa.NA"
"29","Syrphus.vitripennis","Rosa.NA"
"29","Bombus.lapidarius","Thymus.pulegioides"
"29","Bombus.pascuorum","Thymus.pulegioides"
"29","Bombus.terrestris.agg","Thymus.pulegioides"
"29","Episyrphus.balteatus","Thymus.pulegioides"
"29","Eristalis.arbustorum","Thymus.pulegioides"
"29","Lasioglossum.calceatum","Thymus.pulegioides"
"29","Melanostoma.spec","Thymus.pulegioides"
"29","Scaeva.pyrastri","Thymus.pulegioides"
"29","Sphaerophoria.spec","Thymus.pulegioides"
"29","Syrphus.ribesii","Thymus.pulegioides"
"29","Syrphus.vitripennis","Thymus.pulegioides"
"30","Andrena.subopaca","Achillea.millefolium"
"30","Bombus.lapidarius","Achillea.millefolium"
"30","Bombus.pascuorum","Achillea.millefolium"
"30","Bombus.soroeensis","Achillea.millefolium"
"30","Bombus.terrestris.agg","Achillea.millefolium"
"30","Chelostoma.rapunculi","Achillea.millefolium"
"30","Episyrphus.balteatus","Achillea.millefolium"
"30","Heriades.truncorum","Achillea.millefolium"
"30","Lasioglossum.fulvicorne","Achillea.millefolium"
"30","Lasioglossum.leucopus","Achillea.millefolium"
"30","Megachile.willughbiella","Achillea.millefolium"
"30","Nomada.flava","Achillea.millefolium"
"30","Osmia.bicolor","Achillea.millefolium"
"30","Psithyrus.bohemicus","Achillea.millefolium"
"30","Psithyrus.rupestris","Achillea.millefolium"
"30","Scaeva.selenitica","Achillea.millefolium"
"30","Sphaerophoria.spec","Achillea.millefolium"
"30","Syrphus.vitripennis","Achillea.millefolium"
"30","Andrena.subopaca","Campanula.rotundifolia"
"30","Bombus.lapidarius","Campanula.rotundifolia"
"30","Bombus.pascuorum","Campanula.rotundifolia"
"30","Bombus.soroeensis","Campanula.rotundifolia"
"30","Bombus.terrestris.agg","Campanula.rotundifolia"
"30","Chelostoma.rapunculi","Campanula.rotundifolia"
"30","Episyrphus.balteatus","Campanula.rotundifolia"
"30","Heriades.truncorum","Campanula.rotundifolia"
"30","Lasioglossum.fulvicorne","Campanula.rotundifolia"
"30","Lasioglossum.leucopus","Campanula.rotundifolia"
"30","Megachile.willughbiella","Campanula.rotundifolia"
"30","Nomada.flava","Campanula.rotundifolia"
"30","Osmia.bicolor","Campanula.rotundifolia"
"30","Psithyrus.bohemicus","Campanula.rotundifolia"
"30","Psithyrus.rupestris","Campanula.rotundifolia"
"30","Scaeva.selenitica","Campanula.rotundifolia"
"30","Sphaerophoria.spec","Campanula.rotundifolia"
"30","Syrphus.vitripennis","Campanula.rotundifolia"
"30","Andrena.subopaca","Centaurea.scabiosa"
"30","Bombus.lapidarius","Centaurea.scabiosa"
"30","Bombus.pascuorum","Centaurea.scabiosa"
"30","Bombus.soroeensis","Centaurea.scabiosa"
"30","Bombus.terrestris.agg","Centaurea.scabiosa"
"30","Chelostoma.rapunculi","Centaurea.scabiosa"
"30","Episyrphus.balteatus","Centaurea.scabiosa"
"30","Heriades.truncorum","Centaurea.scabiosa"
"30","Lasioglossum.fulvicorne","Centaurea.scabiosa"
"30","Lasioglossum.leucopus","Centaurea.scabiosa"
"30","Megachile.willughbiella","Centaurea.scabiosa"
"30","Nomada.flava","Centaurea.scabiosa"
"30","Osmia.bicolor","Centaurea.scabiosa"
"30","Psithyrus.bohemicus","Centaurea.scabiosa"
"30","Psithyrus.rupestris","Centaurea.scabiosa"
"30","Scaeva.selenitica","Centaurea.scabiosa"
"30","Sphaerophoria.spec","Centaurea.scabiosa"
"30","Syrphus.vitripennis","Centaurea.scabiosa"
"30","Andrena.subopaca","Clinopodium.vulgare"
"30","Bombus.lapidarius","Clinopodium.vulgare"
"30","Bombus.pascuorum","Clinopodium.vulgare"
"30","Bombus.soroeensis","Clinopodium.vulgare"
"30","Bombus.terrestris.agg","Clinopodium.vulgare"
"30","Chelostoma.rapunculi","Clinopodium.vulgare"
"30","Episyrphus.balteatus","Clinopodium.vulgare"
"30","Heriades.truncorum","Clinopodium.vulgare"
"30","Lasioglossum.fulvicorne","Clinopodium.vulgare"
"30","Lasioglossum.leucopus","Clinopodium.vulgare"
"30","Megachile.willughbiella","Clinopodium.vulgare"
"30","Nomada.flava","Clinopodium.vulgare"
"30","Osmia.bicolor","Clinopodium.vulgare"
"30","Psithyrus.bohemicus","Clinopodium.vulgare"
"30","Psithyrus.rupestris","Clinopodium.vulgare"
"30","Scaeva.selenitica","Clinopodium.vulgare"
"30","Sphaerophoria.spec","Clinopodium.vulgare"
"30","Syrphus.vitripennis","Clinopodium.vulgare"
"30","Andrena.subopaca","Cornus.sanguinea"
"30","Bombus.lapidarius","Cornus.sanguinea"
"30","Bombus.pascuorum","Cornus.sanguinea"
"30","Bombus.soroeensis","Cornus.sanguinea"
"30","Bombus.terrestris.agg","Cornus.sanguinea"
"30","Chelostoma.rapunculi","Cornus.sanguinea"
"30","Episyrphus.balteatus","Cornus.sanguinea"
"30","Heriades.truncorum","Cornus.sanguinea"
"30","Lasioglossum.fulvicorne","Cornus.sanguinea"
"30","Lasioglossum.leucopus","Cornus.sanguinea"
"30","Megachile.willughbiella","Cornus.sanguinea"
"30","Nomada.flava","Cornus.sanguinea"
"30","Osmia.bicolor","Cornus.sanguinea"
"30","Psithyrus.bohemicus","Cornus.sanguinea"
"30","Psithyrus.rupestris","Cornus.sanguinea"
"30","Scaeva.selenitica","Cornus.sanguinea"
"30","Sphaerophoria.spec","Cornus.sanguinea"
"30","Syrphus.vitripennis","Cornus.sanguinea"
"30","Andrena.subopaca","Hippocrepis.comosa"
"30","Bombus.lapidarius","Hippocrepis.comosa"
"30","Bombus.pascuorum","Hippocrepis.comosa"
"30","Bombus.soroeensis","Hippocrepis.comosa"
"30","Bombus.terrestris.agg","Hippocrepis.comosa"
"30","Chelostoma.rapunculi","Hippocrepis.comosa"
"30","Episyrphus.balteatus","Hippocrepis.comosa"
"30","Heriades.truncorum","Hippocrepis.comosa"
"30","Lasioglossum.fulvicorne","Hippocrepis.comosa"
"30","Lasioglossum.leucopus","Hippocrepis.comosa"
"30","Megachile.willughbiella","Hippocrepis.comosa"
"30","Nomada.flava","Hippocrepis.comosa"
"30","Osmia.bicolor","Hippocrepis.comosa"
"30","Psithyrus.bohemicus","Hippocrepis.comosa"
"30","Psithyrus.rupestris","Hippocrepis.comosa"
"30","Scaeva.selenitica","Hippocrepis.comosa"
"30","Sphaerophoria.spec","Hippocrepis.comosa"
"30","Syrphus.vitripennis","Hippocrepis.comosa"
"30","Andrena.subopaca","Hypericum.perforatum"
"30","Bombus.lapidarius","Hypericum.perforatum"
"30","Bombus.pascuorum","Hypericum.perforatum"
"30","Bombus.soroeensis","Hypericum.perforatum"
"30","Bombus.terrestris.agg","Hypericum.perforatum"
"30","Chelostoma.rapunculi","Hypericum.perforatum"
"30","Episyrphus.balteatus","Hypericum.perforatum"
"30","Heriades.truncorum","Hypericum.perforatum"
"30","Lasioglossum.fulvicorne","Hypericum.perforatum"
"30","Lasioglossum.leucopus","Hypericum.perforatum"
"30","Megachile.willughbiella","Hypericum.perforatum"
"30","Nomada.flava","Hypericum.perforatum"
"30","Osmia.bicolor","Hypericum.perforatum"
"30","Psithyrus.bohemicus","Hypericum.perforatum"
"30","Psithyrus.rupestris","Hypericum.perforatum"
"30","Scaeva.selenitica","Hypericum.perforatum"
"30","Sphaerophoria.spec","Hypericum.perforatum"
"30","Syrphus.vitripennis","Hypericum.perforatum"
"30","Andrena.subopaca","Knautia.arvensis"
"30","Bombus.lapidarius","Knautia.arvensis"
"30","Bombus.pascuorum","Knautia.arvensis"
"30","Bombus.soroeensis","Knautia.arvensis"
"30","Bombus.terrestris.agg","Knautia.arvensis"
"30","Chelostoma.rapunculi","Knautia.arvensis"
"30","Episyrphus.balteatus","Knautia.arvensis"
"30","Heriades.truncorum","Knautia.arvensis"
"30","Lasioglossum.fulvicorne","Knautia.arvensis"
"30","Lasioglossum.leucopus","Knautia.arvensis"
"30","Megachile.willughbiella","Knautia.arvensis"
"30","Nomada.flava","Knautia.arvensis"
"30","Osmia.bicolor","Knautia.arvensis"
"30","Psithyrus.bohemicus","Knautia.arvensis"
"30","Psithyrus.rupestris","Knautia.arvensis"
"30","Scaeva.selenitica","Knautia.arvensis"
"30","Sphaerophoria.spec","Knautia.arvensis"
"30","Syrphus.vitripennis","Knautia.arvensis"
"30","Andrena.subopaca","Origanum.vulgare"
"30","Bombus.lapidarius","Origanum.vulgare"
"30","Bombus.pascuorum","Origanum.vulgare"
"30","Bombus.soroeensis","Origanum.vulgare"
"30","Bombus.terrestris.agg","Origanum.vulgare"
"30","Chelostoma.rapunculi","Origanum.vulgare"
"30","Episyrphus.balteatus","Origanum.vulgare"
"30","Heriades.truncorum","Origanum.vulgare"
"30","Lasioglossum.fulvicorne","Origanum.vulgare"
"30","Lasioglossum.leucopus","Origanum.vulgare"
"30","Megachile.willughbiella","Origanum.vulgare"
"30","Nomada.flava","Origanum.vulgare"
"30","Osmia.bicolor","Origanum.vulgare"
"30","Psithyrus.bohemicus","Origanum.vulgare"
"30","Psithyrus.rupestris","Origanum.vulgare"
"30","Scaeva.selenitica","Origanum.vulgare"
"30","Sphaerophoria.spec","Origanum.vulgare"
"30","Syrphus.vitripennis","Origanum.vulgare"
"30","Andrena.subopaca","Pimpinella.saxifraga"
"30","Bombus.lapidarius","Pimpinella.saxifraga"
"30","Bombus.pascuorum","Pimpinella.saxifraga"
"30","Bombus.soroeensis","Pimpinella.saxifraga"
"30","Bombus.terrestris.agg","Pimpinella.saxifraga"
"30","Chelostoma.rapunculi","Pimpinella.saxifraga"
"30","Episyrphus.balteatus","Pimpinella.saxifraga"
"30","Heriades.truncorum","Pimpinella.saxifraga"
"30","Lasioglossum.fulvicorne","Pimpinella.saxifraga"
"30","Lasioglossum.leucopus","Pimpinella.saxifraga"
"30","Megachile.willughbiella","Pimpinella.saxifraga"
"30","Nomada.flava","Pimpinella.saxifraga"
"30","Osmia.bicolor","Pimpinella.saxifraga"
"30","Psithyrus.bohemicus","Pimpinella.saxifraga"
"30","Psithyrus.rupestris","Pimpinella.saxifraga"
"30","Scaeva.selenitica","Pimpinella.saxifraga"
"30","Sphaerophoria.spec","Pimpinella.saxifraga"
"30","Syrphus.vitripennis","Pimpinella.saxifraga"
"30","Andrena.subopaca","Veronica.teucrium"
"30","Bombus.lapidarius","Veronica.teucrium"
"30","Bombus.pascuorum","Veronica.teucrium"
"30","Bombus.soroeensis","Veronica.teucrium"
"30","Bombus.terrestris.agg","Veronica.teucrium"
"30","Chelostoma.rapunculi","Veronica.teucrium"
"30","Episyrphus.balteatus","Veronica.teucrium"
"30","Heriades.truncorum","Veronica.teucrium"
"30","Lasioglossum.fulvicorne","Veronica.teucrium"
"30","Lasioglossum.leucopus","Veronica.teucrium"
"30","Megachile.willughbiella","Veronica.teucrium"
"30","Nomada.flava","Veronica.teucrium"
"30","Osmia.bicolor","Veronica.teucrium"
"30","Psithyrus.bohemicus","Veronica.teucrium"
"30","Psithyrus.rupestris","Veronica.teucrium"
"30","Scaeva.selenitica","Veronica.teucrium"
"30","Sphaerophoria.spec","Veronica.teucrium"
"30","Syrphus.vitripennis","Veronica.teucrium"
"31","Anthidium.strigatum","Agrimonia.eupatoria"
"31","Bombus.lapidarius","Agrimonia.eupatoria"
"31","Bombus.pascuorum","Agrimonia.eupatoria"
"31","Bombus.terrestris.agg","Agrimonia.eupatoria"
"31","Episyrphus.balteatus","Agrimonia.eupatoria"
"31","Eristalis.tenax","Agrimonia.eupatoria"
"31","Helophilus.pendulus","Agrimonia.eupatoria"
"31","Psithyrus.sylvestris","Agrimonia.eupatoria"
"31","Sphaerophoria.spec","Agrimonia.eupatoria"
"31","Syritta.pipiens","Agrimonia.eupatoria"
"31","Anthidium.strigatum","Centaurea.scabiosa"
"31","Bombus.lapidarius","Centaurea.scabiosa"
"31","Bombus.pascuorum","Centaurea.scabiosa"
"31","Bombus.terrestris.agg","Centaurea.scabiosa"
"31","Episyrphus.balteatus","Centaurea.scabiosa"
"31","Eristalis.tenax","Centaurea.scabiosa"
"31","Helophilus.pendulus","Centaurea.scabiosa"
"31","Psithyrus.sylvestris","Centaurea.scabiosa"
"31","Sphaerophoria.spec","Centaurea.scabiosa"
"31","Syritta.pipiens","Centaurea.scabiosa"
"31","Anthidium.strigatum","Genista.tinctoria"
"31","Bombus.lapidarius","Genista.tinctoria"
"31","Bombus.pascuorum","Genista.tinctoria"
"31","Bombus.terrestris.agg","Genista.tinctoria"
"31","Episyrphus.balteatus","Genista.tinctoria"
"31","Eristalis.tenax","Genista.tinctoria"
"31","Helophilus.pendulus","Genista.tinctoria"
"31","Psithyrus.sylvestris","Genista.tinctoria"
"31","Sphaerophoria.spec","Genista.tinctoria"
"31","Syritta.pipiens","Genista.tinctoria"
"31","Anthidium.strigatum","Hippocrepis.comosa"
"31","Bombus.lapidarius","Hippocrepis.comosa"
"31","Bombus.pascuorum","Hippocrepis.comosa"
"31","Bombus.terrestris.agg","Hippocrepis.comosa"
"31","Episyrphus.balteatus","Hippocrepis.comosa"
"31","Eristalis.tenax","Hippocrepis.comosa"
"31","Helophilus.pendulus","Hippocrepis.comosa"
"31","Psithyrus.sylvestris","Hippocrepis.comosa"
"31","Sphaerophoria.spec","Hippocrepis.comosa"
"31","Syritta.pipiens","Hippocrepis.comosa"
"31","Anthidium.strigatum","Hypericum.perforatum"
"31","Bombus.lapidarius","Hypericum.perforatum"
"31","Bombus.pascuorum","Hypericum.perforatum"
"31","Bombus.terrestris.agg","Hypericum.perforatum"
"31","Episyrphus.balteatus","Hypericum.perforatum"
"31","Eristalis.tenax","Hypericum.perforatum"
"31","Helophilus.pendulus","Hypericum.perforatum"
"31","Psithyrus.sylvestris","Hypericum.perforatum"
"31","Sphaerophoria.spec","Hypericum.perforatum"
"31","Syritta.pipiens","Hypericum.perforatum"
"31","Anthidium.strigatum","Knautia.arvensis"
"31","Bombus.lapidarius","Knautia.arvensis"
"31","Bombus.pascuorum","Knautia.arvensis"
"31","Bombus.terrestris.agg","Knautia.arvensis"
"31","Episyrphus.balteatus","Knautia.arvensis"
"31","Eristalis.tenax","Knautia.arvensis"
"31","Helophilus.pendulus","Knautia.arvensis"
"31","Psithyrus.sylvestris","Knautia.arvensis"
"31","Sphaerophoria.spec","Knautia.arvensis"
"31","Syritta.pipiens","Knautia.arvensis"
"31","Anthidium.strigatum","Lotus.corniculatus"
"31","Bombus.lapidarius","Lotus.corniculatus"
"31","Bombus.pascuorum","Lotus.corniculatus"
"31","Bombus.terrestris.agg","Lotus.corniculatus"
"31","Episyrphus.balteatus","Lotus.corniculatus"
"31","Eristalis.tenax","Lotus.corniculatus"
"31","Helophilus.pendulus","Lotus.corniculatus"
"31","Psithyrus.sylvestris","Lotus.corniculatus"
"31","Sphaerophoria.spec","Lotus.corniculatus"
"31","Syritta.pipiens","Lotus.corniculatus"
"31","Anthidium.strigatum","Pimpinella.saxifraga"
"31","Bombus.lapidarius","Pimpinella.saxifraga"
"31","Bombus.pascuorum","Pimpinella.saxifraga"
"31","Bombus.terrestris.agg","Pimpinella.saxifraga"
"31","Episyrphus.balteatus","Pimpinella.saxifraga"
"31","Eristalis.tenax","Pimpinella.saxifraga"
"31","Helophilus.pendulus","Pimpinella.saxifraga"
"31","Psithyrus.sylvestris","Pimpinella.saxifraga"
"31","Sphaerophoria.spec","Pimpinella.saxifraga"
"31","Syritta.pipiens","Pimpinella.saxifraga"
"31","Anthidium.strigatum","Trifolium.pratense"
"31","Bombus.lapidarius","Trifolium.pratense"
"31","Bombus.pascuorum","Trifolium.pratense"
"31","Bombus.terrestris.agg","Trifolium.pratense"
"31","Episyrphus.balteatus","Trifolium.pratense"
"31","Eristalis.tenax","Trifolium.pratense"
"31","Helophilus.pendulus","Trifolium.pratense"
"31","Psithyrus.sylvestris","Trifolium.pratense"
"31","Sphaerophoria.spec","Trifolium.pratense"
"31","Syritta.pipiens","Trifolium.pratense"
"32","Andrena.bicolor","Achillea.millefolium"
"32","Bombus.lapidarius","Achillea.millefolium"
"32","Bombus.pascuorum","Achillea.millefolium"
"32","Bombus.terrestris.agg","Achillea.millefolium"
"32","Cheilosia.barbata","Achillea.millefolium"
"32","Cheilosia.ranunculi/albitarsis","Achillea.millefolium"
"32","Episyrphus.balteatus","Achillea.millefolium"
"32","Eristalis.interrupta","Achillea.millefolium"
"32","Eristalis.pertinax","Achillea.millefolium"
"32","Eristalis.tenax","Achillea.millefolium"
"32","Eupeodes.corollae","Achillea.millefolium"
"32","Helophilus.pendulus","Achillea.millefolium"
"32","Lasioglossum.morio","Achillea.millefolium"
"32","Melanostoma.spec","Achillea.millefolium"
"32","Meliscaeva.cinctella","Achillea.millefolium"
"32","Osmia.leaiana","Achillea.millefolium"
"32","Psithyrus.bohemicus","Achillea.millefolium"
"32","Syrphus.ribesii","Achillea.millefolium"
"32","Syrphus.vitripennis","Achillea.millefolium"
"32","Andrena.bicolor","Campanula.rotundifolia"
"32","Bombus.lapidarius","Campanula.rotundifolia"
"32","Bombus.pascuorum","Campanula.rotundifolia"
"32","Bombus.terrestris.agg","Campanula.rotundifolia"
"32","Cheilosia.barbata","Campanula.rotundifolia"
"32","Cheilosia.ranunculi/albitarsis","Campanula.rotundifolia"
"32","Episyrphus.balteatus","Campanula.rotundifolia"
"32","Eristalis.interrupta","Campanula.rotundifolia"
"32","Eristalis.pertinax","Campanula.rotundifolia"
"32","Eristalis.tenax","Campanula.rotundifolia"
"32","Eupeodes.corollae","Campanula.rotundifolia"
"32","Helophilus.pendulus","Campanula.rotundifolia"
"32","Lasioglossum.morio","Campanula.rotundifolia"
"32","Melanostoma.spec","Campanula.rotundifolia"
"32","Meliscaeva.cinctella","Campanula.rotundifolia"
"32","Osmia.leaiana","Campanula.rotundifolia"
"32","Psithyrus.bohemicus","Campanula.rotundifolia"
"32","Syrphus.ribesii","Campanula.rotundifolia"
"32","Syrphus.vitripennis","Campanula.rotundifolia"
"32","Andrena.bicolor","Centaurea.jacea"
"32","Bombus.lapidarius","Centaurea.jacea"
"32","Bombus.pascuorum","Centaurea.jacea"
"32","Bombus.terrestris.agg","Centaurea.jacea"
"32","Cheilosia.barbata","Centaurea.jacea"
"32","Cheilosia.ranunculi/albitarsis","Centaurea.jacea"
"32","Episyrphus.balteatus","Centaurea.jacea"
"32","Eristalis.interrupta","Centaurea.jacea"
"32","Eristalis.pertinax","Centaurea.jacea"
"32","Eristalis.tenax","Centaurea.jacea"
"32","Eupeodes.corollae","Centaurea.jacea"
"32","Helophilus.pendulus","Centaurea.jacea"
"32","Lasioglossum.morio","Centaurea.jacea"
"32","Melanostoma.spec","Centaurea.jacea"
"32","Meliscaeva.cinctella","Centaurea.jacea"
"32","Osmia.leaiana","Centaurea.jacea"
"32","Psithyrus.bohemicus","Centaurea.jacea"
"32","Syrphus.ribesii","Centaurea.jacea"
"32","Syrphus.vitripennis","Centaurea.jacea"
"32","Andrena.bicolor","Daucus.carota"
"32","Bombus.lapidarius","Daucus.carota"
"32","Bombus.pascuorum","Daucus.carota"
"32","Bombus.terrestris.agg","Daucus.carota"
"32","Cheilosia.barbata","Daucus.carota"
"32","Cheilosia.ranunculi/albitarsis","Daucus.carota"
"32","Episyrphus.balteatus","Daucus.carota"
"32","Eristalis.interrupta","Daucus.carota"
"32","Eristalis.pertinax","Daucus.carota"
"32","Eristalis.tenax","Daucus.carota"
"32","Eupeodes.corollae","Daucus.carota"
"32","Helophilus.pendulus","Daucus.carota"
"32","Lasioglossum.morio","Daucus.carota"
"32","Melanostoma.spec","Daucus.carota"
"32","Meliscaeva.cinctella","Daucus.carota"
"32","Osmia.leaiana","Daucus.carota"
"32","Psithyrus.bohemicus","Daucus.carota"
"32","Syrphus.ribesii","Daucus.carota"
"32","Syrphus.vitripennis","Daucus.carota"
"32","Andrena.bicolor","Hippocrepis.comosa"
"32","Bombus.lapidarius","Hippocrepis.comosa"
"32","Bombus.pascuorum","Hippocrepis.comosa"
"32","Bombus.terrestris.agg","Hippocrepis.comosa"
"32","Cheilosia.barbata","Hippocrepis.comosa"
"32","Cheilosia.ranunculi/albitarsis","Hippocrepis.comosa"
"32","Episyrphus.balteatus","Hippocrepis.comosa"
"32","Eristalis.interrupta","Hippocrepis.comosa"
"32","Eristalis.pertinax","Hippocrepis.comosa"
"32","Eristalis.tenax","Hippocrepis.comosa"
"32","Eupeodes.corollae","Hippocrepis.comosa"
"32","Helophilus.pendulus","Hippocrepis.comosa"
"32","Lasioglossum.morio","Hippocrepis.comosa"
"32","Melanostoma.spec","Hippocrepis.comosa"
"32","Meliscaeva.cinctella","Hippocrepis.comosa"
"32","Osmia.leaiana","Hippocrepis.comosa"
"32","Psithyrus.bohemicus","Hippocrepis.comosa"
"32","Syrphus.ribesii","Hippocrepis.comosa"
"32","Syrphus.vitripennis","Hippocrepis.comosa"
"32","Andrena.bicolor","Knautia.arvensis"
"32","Bombus.lapidarius","Knautia.arvensis"
"32","Bombus.pascuorum","Knautia.arvensis"
"32","Bombus.terrestris.agg","Knautia.arvensis"
"32","Cheilosia.barbata","Knautia.arvensis"
"32","Cheilosia.ranunculi/albitarsis","Knautia.arvensis"
"32","Episyrphus.balteatus","Knautia.arvensis"
"32","Eristalis.interrupta","Knautia.arvensis"
"32","Eristalis.pertinax","Knautia.arvensis"
"32","Eristalis.tenax","Knautia.arvensis"
"32","Eupeodes.corollae","Knautia.arvensis"
"32","Helophilus.pendulus","Knautia.arvensis"
"32","Lasioglossum.morio","Knautia.arvensis"
"32","Melanostoma.spec","Knautia.arvensis"
"32","Meliscaeva.cinctella","Knautia.arvensis"
"32","Osmia.leaiana","Knautia.arvensis"
"32","Psithyrus.bohemicus","Knautia.arvensis"
"32","Syrphus.ribesii","Knautia.arvensis"
"32","Syrphus.vitripennis","Knautia.arvensis"
"32","Andrena.bicolor","Lotus.corniculatus"
"32","Bombus.lapidarius","Lotus.corniculatus"
"32","Bombus.pascuorum","Lotus.corniculatus"
"32","Bombus.terrestris.agg","Lotus.corniculatus"
"32","Cheilosia.barbata","Lotus.corniculatus"
"32","Cheilosia.ranunculi/albitarsis","Lotus.corniculatus"
"32","Episyrphus.balteatus","Lotus.corniculatus"
"32","Eristalis.interrupta","Lotus.corniculatus"
"32","Eristalis.pertinax","Lotus.corniculatus"
"32","Eristalis.tenax","Lotus.corniculatus"
"32","Eupeodes.corollae","Lotus.corniculatus"
"32","Helophilus.pendulus","Lotus.corniculatus"
"32","Lasioglossum.morio","Lotus.corniculatus"
"32","Melanostoma.spec","Lotus.corniculatus"
"32","Meliscaeva.cinctella","Lotus.corniculatus"
"32","Osmia.leaiana","Lotus.corniculatus"
"32","Psithyrus.bohemicus","Lotus.corniculatus"
"32","Syrphus.ribesii","Lotus.corniculatus"
"32","Syrphus.vitripennis","Lotus.corniculatus"
"32","Andrena.bicolor","Melampyrum.arvense"
"32","Bombus.lapidarius","Melampyrum.arvense"
"32","Bombus.pascuorum","Melampyrum.arvense"
"32","Bombus.terrestris.agg","Melampyrum.arvense"
"32","Cheilosia.barbata","Melampyrum.arvense"
"32","Cheilosia.ranunculi/albitarsis","Melampyrum.arvense"
"32","Episyrphus.balteatus","Melampyrum.arvense"
"32","Eristalis.interrupta","Melampyrum.arvense"
"32","Eristalis.pertinax","Melampyrum.arvense"
"32","Eristalis.tenax","Melampyrum.arvense"
"32","Eupeodes.corollae","Melampyrum.arvense"
"32","Helophilus.pendulus","Melampyrum.arvense"
"32","Lasioglossum.morio","Melampyrum.arvense"
"32","Melanostoma.spec","Melampyrum.arvense"
"32","Meliscaeva.cinctella","Melampyrum.arvense"
"32","Osmia.leaiana","Melampyrum.arvense"
"32","Psithyrus.bohemicus","Melampyrum.arvense"
"32","Syrphus.ribesii","Melampyrum.arvense"
"32","Syrphus.vitripennis","Melampyrum.arvense"
"32","Andrena.bicolor","Pimpinella.saxifraga"
"32","Bombus.lapidarius","Pimpinella.saxifraga"
"32","Bombus.pascuorum","Pimpinella.saxifraga"
"32","Bombus.terrestris.agg","Pimpinella.saxifraga"
"32","Cheilosia.barbata","Pimpinella.saxifraga"
"32","Cheilosia.ranunculi/albitarsis","Pimpinella.saxifraga"
"32","Episyrphus.balteatus","Pimpinella.saxifraga"
"32","Eristalis.interrupta","Pimpinella.saxifraga"
"32","Eristalis.pertinax","Pimpinella.saxifraga"
"32","Eristalis.tenax","Pimpinella.saxifraga"
"32","Eupeodes.corollae","Pimpinella.saxifraga"
"32","Helophilus.pendulus","Pimpinella.saxifraga"
"32","Lasioglossum.morio","Pimpinella.saxifraga"
"32","Melanostoma.spec","Pimpinella.saxifraga"
"32","Meliscaeva.cinctella","Pimpinella.saxifraga"
"32","Osmia.leaiana","Pimpinella.saxifraga"
"32","Psithyrus.bohemicus","Pimpinella.saxifraga"
"32","Syrphus.ribesii","Pimpinella.saxifraga"
"32","Syrphus.vitripennis","Pimpinella.saxifraga"
"32","Andrena.bicolor","Ranunculus.bulbosus"
"32","Bombus.lapidarius","Ranunculus.bulbosus"
"32","Bombus.pascuorum","Ranunculus.bulbosus"
"32","Bombus.terrestris.agg","Ranunculus.bulbosus"
"32","Cheilosia.barbata","Ranunculus.bulbosus"
"32","Cheilosia.ranunculi/albitarsis","Ranunculus.bulbosus"
"32","Episyrphus.balteatus","Ranunculus.bulbosus"
"32","Eristalis.interrupta","Ranunculus.bulbosus"
"32","Eristalis.pertinax","Ranunculus.bulbosus"
"32","Eristalis.tenax","Ranunculus.bulbosus"
"32","Eupeodes.corollae","Ranunculus.bulbosus"
"32","Helophilus.pendulus","Ranunculus.bulbosus"
"32","Lasioglossum.morio","Ranunculus.bulbosus"
"32","Melanostoma.spec","Ranunculus.bulbosus"
"32","Meliscaeva.cinctella","Ranunculus.bulbosus"
"32","Osmia.leaiana","Ranunculus.bulbosus"
"32","Psithyrus.bohemicus","Ranunculus.bulbosus"
"32","Syrphus.ribesii","Ranunculus.bulbosus"
"32","Syrphus.vitripennis","Ranunculus.bulbosus"
"32","Andrena.bicolor","Trifolium.pratense"
"32","Bombus.lapidarius","Trifolium.pratense"
"32","Bombus.pascuorum","Trifolium.pratense"
"32","Bombus.terrestris.agg","Trifolium.pratense"
"32","Cheilosia.barbata","Trifolium.pratense"
"32","Cheilosia.ranunculi/albitarsis","Trifolium.pratense"
"32","Episyrphus.balteatus","Trifolium.pratense"
"32","Eristalis.interrupta","Trifolium.pratense"
"32","Eristalis.pertinax","Trifolium.pratense"
"32","Eristalis.tenax","Trifolium.pratense"
"32","Eupeodes.corollae","Trifolium.pratense"
"32","Helophilus.pendulus","Trifolium.pratense"
"32","Lasioglossum.morio","Trifolium.pratense"
"32","Melanostoma.spec","Trifolium.pratense"
"32","Meliscaeva.cinctella","Trifolium.pratense"
"32","Osmia.leaiana","Trifolium.pratense"
"32","Psithyrus.bohemicus","Trifolium.pratense"
"32","Syrphus.ribesii","Trifolium.pratense"
"32","Syrphus.vitripennis","Trifolium.pratense"
