"site","consumer","resource"
"ct9","Pol-Ame","Plant-Csa"
"ct9","Pol-Apl","Plant-Csa"
"ct9","Pol-Mel","Plant-Csa"
"ct9","Pol-Ppy","Plant-Csa"
"ct9","Pol-Ort1","Plant-Csa"
"ct9","Pol-Bte","Plant-Csa"
"ct9","Pol-Lmi","Plant-Csa"
"ct9","Pol-Ete","Plant-Csa"
"ct9","Pol-Eba","Plant-Csa"
"ct9","Pol-Dip24","Plant-Csa"
"ct9","Pol-Lae","Plant-Csa"
"ct9","Pol-Melig","Plant-Csa"
"ct9","Pol-Fge","Plant-Csa"
"ct9","Pol-Lpe","Plant-Csa"
"ct9","Pol-Ant2","Plant-Csa"
"ct9","Pol-And12","Plant-Csa"
"ct9","Pol-Sca","Plant-Csa"
"ct9","Pol-Ani","Plant-Csa"
"ct9","Pol-Hsc","Plant-Csa"
"ct9","Pol-Chr","Plant-Csa"
"ct9","Pol-Mor1","Plant-Csa"
"ct9","Pol-Syr6","Plant-Csa"
"ct9","Pol-Ofu","Plant-Csa"
"ct9","Pol-Das","Plant-Csa"
"ct9","Pol-Dan","Plant-Csa"
"ct9","Pol-Ofl","Plant-Csa"
"ct9","Pol-And","Plant-Csa"
"ct9","Pol-Ole","Plant-Csa"
"ct9","Pol-Dip11","Plant-Csa"
"ct9","Pol-Afu","Plant-Csa"
"ct9","Pol-And5","Plant-Csa"
"ct9","Pol-Aan","Plant-Csa"
"ct9","Pol-Bom1","Plant-Csa"
"ct9","Pol-Ade","Plant-Csa"
"ct9","Pol-Par","Plant-Csa"
"ct9","Pol-Mst","Plant-Csa"
"ct9","Pol-Chal","Plant-Csa"
"ct9","Pol-Lgr","Plant-Csa"
"ct9","Pol-Csc","Plant-Csa"
"ct9","Pol-Ame","Plant-Cal"
"ct9","Pol-Apl","Plant-Cal"
"ct9","Pol-Mel","Plant-Cal"
"ct9","Pol-Ppy","Plant-Cal"
"ct9","Pol-Ort1","Plant-Cal"
"ct9","Pol-Bte","Plant-Cal"
"ct9","Pol-Lmi","Plant-Cal"
"ct9","Pol-Ete","Plant-Cal"
"ct9","Pol-Eba","Plant-Cal"
"ct9","Pol-Dip24","Plant-Cal"
"ct9","Pol-Lae","Plant-Cal"
"ct9","Pol-Melig","Plant-Cal"
"ct9","Pol-Fge","Plant-Cal"
"ct9","Pol-Lpe","Plant-Cal"
"ct9","Pol-Ant2","Plant-Cal"
"ct9","Pol-And12","Plant-Cal"
"ct9","Pol-Sca","Plant-Cal"
"ct9","Pol-Ani","Plant-Cal"
"ct9","Pol-Hsc","Plant-Cal"
"ct9","Pol-Chr","Plant-Cal"
"ct9","Pol-Mor1","Plant-Cal"
"ct9","Pol-Syr6","Plant-Cal"
"ct9","Pol-Ofu","Plant-Cal"
"ct9","Pol-Das","Plant-Cal"
"ct9","Pol-Dan","Plant-Cal"
"ct9","Pol-Ofl","Plant-Cal"
"ct9","Pol-And","Plant-Cal"
"ct9","Pol-Ole","Plant-Cal"
"ct9","Pol-Dip11","Plant-Cal"
"ct9","Pol-Afu","Plant-Cal"
"ct9","Pol-And5","Plant-Cal"
"ct9","Pol-Aan","Plant-Cal"
"ct9","Pol-Bom1","Plant-Cal"
"ct9","Pol-Ade","Plant-Cal"
"ct9","Pol-Par","Plant-Cal"
"ct9","Pol-Mst","Plant-Cal"
"ct9","Pol-Chal","Plant-Cal"
"ct9","Pol-Lgr","Plant-Cal"
"ct9","Pol-Csc","Plant-Cal"
"ct9","Pol-Ame","Plant-Ecy"
"ct9","Pol-Apl","Plant-Ecy"
"ct9","Pol-Mel","Plant-Ecy"
"ct9","Pol-Ppy","Plant-Ecy"
"ct9","Pol-Ort1","Plant-Ecy"
"ct9","Pol-Bte","Plant-Ecy"
"ct9","Pol-Lmi","Plant-Ecy"
"ct9","Pol-Ete","Plant-Ecy"
"ct9","Pol-Eba","Plant-Ecy"
"ct9","Pol-Dip24","Plant-Ecy"
"ct9","Pol-Lae","Plant-Ecy"
"ct9","Pol-Melig","Plant-Ecy"
"ct9","Pol-Fge","Plant-Ecy"
"ct9","Pol-Lpe","Plant-Ecy"
"ct9","Pol-Ant2","Plant-Ecy"
"ct9","Pol-And12","Plant-Ecy"
"ct9","Pol-Sca","Plant-Ecy"
"ct9","Pol-Ani","Plant-Ecy"
"ct9","Pol-Hsc","Plant-Ecy"
"ct9","Pol-Chr","Plant-Ecy"
"ct9","Pol-Mor1","Plant-Ecy"
"ct9","Pol-Syr6","Plant-Ecy"
"ct9","Pol-Ofu","Plant-Ecy"
"ct9","Pol-Das","Plant-Ecy"
"ct9","Pol-Dan","Plant-Ecy"
"ct9","Pol-Ofl","Plant-Ecy"
"ct9","Pol-And","Plant-Ecy"
"ct9","Pol-Ole","Plant-Ecy"
"ct9","Pol-Dip11","Plant-Ecy"
"ct9","Pol-Afu","Plant-Ecy"
"ct9","Pol-And5","Plant-Ecy"
"ct9","Pol-Aan","Plant-Ecy"
"ct9","Pol-Bom1","Plant-Ecy"
"ct9","Pol-Ade","Plant-Ecy"
"ct9","Pol-Par","Plant-Ecy"
"ct9","Pol-Mst","Plant-Ecy"
"ct9","Pol-Chal","Plant-Ecy"
"ct9","Pol-Lgr","Plant-Ecy"
"ct9","Pol-Csc","Plant-Ecy"
"ct9","Pol-Ame","Plant-Csc"
"ct9","Pol-Apl","Plant-Csc"
"ct9","Pol-Mel","Plant-Csc"
"ct9","Pol-Ppy","Plant-Csc"
"ct9","Pol-Ort1","Plant-Csc"
"ct9","Pol-Bte","Plant-Csc"
"ct9","Pol-Lmi","Plant-Csc"
"ct9","Pol-Ete","Plant-Csc"
"ct9","Pol-Eba","Plant-Csc"
"ct9","Pol-Dip24","Plant-Csc"
"ct9","Pol-Lae","Plant-Csc"
"ct9","Pol-Melig","Plant-Csc"
"ct9","Pol-Fge","Plant-Csc"
"ct9","Pol-Lpe","Plant-Csc"
"ct9","Pol-Ant2","Plant-Csc"
"ct9","Pol-And12","Plant-Csc"
"ct9","Pol-Sca","Plant-Csc"
"ct9","Pol-Ani","Plant-Csc"
"ct9","Pol-Hsc","Plant-Csc"
"ct9","Pol-Chr","Plant-Csc"
"ct9","Pol-Mor1","Plant-Csc"
"ct9","Pol-Syr6","Plant-Csc"
"ct9","Pol-Ofu","Plant-Csc"
"ct9","Pol-Das","Plant-Csc"
"ct9","Pol-Dan","Plant-Csc"
"ct9","Pol-Ofl","Plant-Csc"
"ct9","Pol-And","Plant-Csc"
"ct9","Pol-Ole","Plant-Csc"
"ct9","Pol-Dip11","Plant-Csc"
"ct9","Pol-Afu","Plant-Csc"
"ct9","Pol-And5","Plant-Csc"
"ct9","Pol-Aan","Plant-Csc"
"ct9","Pol-Bom1","Plant-Csc"
"ct9","Pol-Ade","Plant-Csc"
"ct9","Pol-Par","Plant-Csc"
"ct9","Pol-Mst","Plant-Csc"
"ct9","Pol-Chal","Plant-Csc"
"ct9","Pol-Lgr","Plant-Csc"
"ct9","Pol-Csc","Plant-Csc"
"ct9","Pol-Ame","Plant-Upa"
"ct9","Pol-Apl","Plant-Upa"
"ct9","Pol-Mel","Plant-Upa"
"ct9","Pol-Ppy","Plant-Upa"
"ct9","Pol-Ort1","Plant-Upa"
"ct9","Pol-Bte","Plant-Upa"
"ct9","Pol-Lmi","Plant-Upa"
"ct9","Pol-Ete","Plant-Upa"
"ct9","Pol-Eba","Plant-Upa"
"ct9","Pol-Dip24","Plant-Upa"
"ct9","Pol-Lae","Plant-Upa"
"ct9","Pol-Melig","Plant-Upa"
"ct9","Pol-Fge","Plant-Upa"
"ct9","Pol-Lpe","Plant-Upa"
"ct9","Pol-Ant2","Plant-Upa"
"ct9","Pol-And12","Plant-Upa"
"ct9","Pol-Sca","Plant-Upa"
"ct9","Pol-Ani","Plant-Upa"
"ct9","Pol-Hsc","Plant-Upa"
"ct9","Pol-Chr","Plant-Upa"
"ct9","Pol-Mor1","Plant-Upa"
"ct9","Pol-Syr6","Plant-Upa"
"ct9","Pol-Ofu","Plant-Upa"
"ct9","Pol-Das","Plant-Upa"
"ct9","Pol-Dan","Plant-Upa"
"ct9","Pol-Ofl","Plant-Upa"
"ct9","Pol-And","Plant-Upa"
"ct9","Pol-Ole","Plant-Upa"
"ct9","Pol-Dip11","Plant-Upa"
"ct9","Pol-Afu","Plant-Upa"
"ct9","Pol-And5","Plant-Upa"
"ct9","Pol-Aan","Plant-Upa"
"ct9","Pol-Bom1","Plant-Upa"
"ct9","Pol-Ade","Plant-Upa"
"ct9","Pol-Par","Plant-Upa"
"ct9","Pol-Mst","Plant-Upa"
"ct9","Pol-Chal","Plant-Upa"
"ct9","Pol-Lgr","Plant-Upa"
"ct9","Pol-Csc","Plant-Upa"
"cc9","Pol-Das","Plant-Csa"
"cc9","Pol-Lmi","Plant-Csa"
"cc9","Pol-Lae","Plant-Csa"
"cc9","Pol-Ppa","Plant-Csa"
"cc9","Pol-Ame","Plant-Csa"
"cc9","Pol-Bte","Plant-Csa"
"cc9","Pol-Ade","Plant-Csa"
"cc9","Pol-Apl","Plant-Csa"
"cc9","Pol-Ppy","Plant-Csa"
"cc9","Pol-Eba","Plant-Csa"
"cc9","Pol-Sca","Plant-Csa"
"cc9","Pol-Melig","Plant-Csa"
"cc9","Pol-And2","Plant-Csa"
"cc9","Pol-Lpe","Plant-Csa"
"cc9","Pol-Cur1","Plant-Csa"
"cc9","Pol-Ccr","Plant-Csa"
"cc9","Pol-Osm7","Plant-Csa"
"cc9","Pol-Cru","Plant-Csa"
"cc9","Pol-Ofu","Plant-Csa"
"cc9","Pol-Ich2","Plant-Csa"
"cc9","Pol-Ant3","Plant-Csa"
"cc9","Pol-Nom1","Plant-Csa"
"cc9","Pol-Ani","Plant-Csa"
"cc9","Pol-Dan","Plant-Csa"
"cc9","Pol-Bom1","Plant-Csa"
"cc9","Pol-Att","Plant-Csa"
"cc9","Pol-Ofl","Plant-Csa"
"cc9","Pol-Par","Plant-Csa"
"cc9","Pol-Ssc","Plant-Csa"
"cc9","Pol-Afu","Plant-Csa"
"cc9","Pol-Bib1","Plant-Csa"
"cc9","Pol-Adeg","Plant-Csa"
"cc9","Pol-Pdo","Plant-Csa"
"cc9","Pol-Ahu","Plant-Csa"
"cc9","Pol-Hal1","Plant-Csa"
"cc9","Pol-Mor1","Plant-Csa"
"cc9","Pol-Pra","Plant-Csa"
"cc9","Pol-Ant2","Plant-Csa"
"cc9","Pol-Anthr","Plant-Csa"
"cc9","Pol-Chal","Plant-Csa"
"cc9","Pol-Ipo","Plant-Csa"
"cc9","Pol-Pan1","Plant-Csa"
"cc9","Pol-Nom5","Plant-Csa"
"cc9","Pol-Ccy","Plant-Csa"
"cc9","Pol-Ccu","Plant-Csa"
"cc9","Pol-Hop2","Plant-Csa"
"cc9","Pol-Aan","Plant-Csa"
"cc9","Pol-Meg2","Plant-Csa"
"cc9","Pol-And5","Plant-Csa"
"cc9","Pol-Hsc","Plant-Csa"
"cc9","Pol-Das","Plant-Lst"
"cc9","Pol-Lmi","Plant-Lst"
"cc9","Pol-Lae","Plant-Lst"
"cc9","Pol-Ppa","Plant-Lst"
"cc9","Pol-Ame","Plant-Lst"
"cc9","Pol-Bte","Plant-Lst"
"cc9","Pol-Ade","Plant-Lst"
"cc9","Pol-Apl","Plant-Lst"
"cc9","Pol-Ppy","Plant-Lst"
"cc9","Pol-Eba","Plant-Lst"
"cc9","Pol-Sca","Plant-Lst"
"cc9","Pol-Melig","Plant-Lst"
"cc9","Pol-And2","Plant-Lst"
"cc9","Pol-Lpe","Plant-Lst"
"cc9","Pol-Cur1","Plant-Lst"
"cc9","Pol-Ccr","Plant-Lst"
"cc9","Pol-Osm7","Plant-Lst"
"cc9","Pol-Cru","Plant-Lst"
"cc9","Pol-Ofu","Plant-Lst"
"cc9","Pol-Ich2","Plant-Lst"
"cc9","Pol-Ant3","Plant-Lst"
"cc9","Pol-Nom1","Plant-Lst"
"cc9","Pol-Ani","Plant-Lst"
"cc9","Pol-Dan","Plant-Lst"
"cc9","Pol-Bom1","Plant-Lst"
"cc9","Pol-Att","Plant-Lst"
"cc9","Pol-Ofl","Plant-Lst"
"cc9","Pol-Par","Plant-Lst"
"cc9","Pol-Ssc","Plant-Lst"
"cc9","Pol-Afu","Plant-Lst"
"cc9","Pol-Bib1","Plant-Lst"
"cc9","Pol-Adeg","Plant-Lst"
"cc9","Pol-Pdo","Plant-Lst"
"cc9","Pol-Ahu","Plant-Lst"
"cc9","Pol-Hal1","Plant-Lst"
"cc9","Pol-Mor1","Plant-Lst"
"cc9","Pol-Pra","Plant-Lst"
"cc9","Pol-Ant2","Plant-Lst"
"cc9","Pol-Anthr","Plant-Lst"
"cc9","Pol-Chal","Plant-Lst"
"cc9","Pol-Ipo","Plant-Lst"
"cc9","Pol-Pan1","Plant-Lst"
"cc9","Pol-Nom5","Plant-Lst"
"cc9","Pol-Ccy","Plant-Lst"
"cc9","Pol-Ccu","Plant-Lst"
"cc9","Pol-Hop2","Plant-Lst"
"cc9","Pol-Aan","Plant-Lst"
"cc9","Pol-Meg2","Plant-Lst"
"cc9","Pol-And5","Plant-Lst"
"cc9","Pol-Hsc","Plant-Lst"
"cc9","Pol-Das","Plant-TvuF"
"cc9","Pol-Lmi","Plant-TvuF"
"cc9","Pol-Lae","Plant-TvuF"
"cc9","Pol-Ppa","Plant-TvuF"
"cc9","Pol-Ame","Plant-TvuF"
"cc9","Pol-Bte","Plant-TvuF"
"cc9","Pol-Ade","Plant-TvuF"
"cc9","Pol-Apl","Plant-TvuF"
"cc9","Pol-Ppy","Plant-TvuF"
"cc9","Pol-Eba","Plant-TvuF"
"cc9","Pol-Sca","Plant-TvuF"
"cc9","Pol-Melig","Plant-TvuF"
"cc9","Pol-And2","Plant-TvuF"
"cc9","Pol-Lpe","Plant-TvuF"
"cc9","Pol-Cur1","Plant-TvuF"
"cc9","Pol-Ccr","Plant-TvuF"
"cc9","Pol-Osm7","Plant-TvuF"
"cc9","Pol-Cru","Plant-TvuF"
"cc9","Pol-Ofu","Plant-TvuF"
"cc9","Pol-Ich2","Plant-TvuF"
"cc9","Pol-Ant3","Plant-TvuF"
"cc9","Pol-Nom1","Plant-TvuF"
"cc9","Pol-Ani","Plant-TvuF"
"cc9","Pol-Dan","Plant-TvuF"
"cc9","Pol-Bom1","Plant-TvuF"
"cc9","Pol-Att","Plant-TvuF"
"cc9","Pol-Ofl","Plant-TvuF"
"cc9","Pol-Par","Plant-TvuF"
"cc9","Pol-Ssc","Plant-TvuF"
"cc9","Pol-Afu","Plant-TvuF"
"cc9","Pol-Bib1","Plant-TvuF"
"cc9","Pol-Adeg","Plant-TvuF"
"cc9","Pol-Pdo","Plant-TvuF"
"cc9","Pol-Ahu","Plant-TvuF"
"cc9","Pol-Hal1","Plant-TvuF"
"cc9","Pol-Mor1","Plant-TvuF"
"cc9","Pol-Pra","Plant-TvuF"
"cc9","Pol-Ant2","Plant-TvuF"
"cc9","Pol-Anthr","Plant-TvuF"
"cc9","Pol-Chal","Plant-TvuF"
"cc9","Pol-Ipo","Plant-TvuF"
"cc9","Pol-Pan1","Plant-TvuF"
"cc9","Pol-Nom5","Plant-TvuF"
"cc9","Pol-Ccy","Plant-TvuF"
"cc9","Pol-Ccu","Plant-TvuF"
"cc9","Pol-Hop2","Plant-TvuF"
"cc9","Pol-Aan","Plant-TvuF"
"cc9","Pol-Meg2","Plant-TvuF"
"cc9","Pol-And5","Plant-TvuF"
"cc9","Pol-Hsc","Plant-TvuF"
"cc9","Pol-Das","Plant-TvuHF"
"cc9","Pol-Lmi","Plant-TvuHF"
"cc9","Pol-Lae","Plant-TvuHF"
"cc9","Pol-Ppa","Plant-TvuHF"
"cc9","Pol-Ame","Plant-TvuHF"
"cc9","Pol-Bte","Plant-TvuHF"
"cc9","Pol-Ade","Plant-TvuHF"
"cc9","Pol-Apl","Plant-TvuHF"
"cc9","Pol-Ppy","Plant-TvuHF"
"cc9","Pol-Eba","Plant-TvuHF"
"cc9","Pol-Sca","Plant-TvuHF"
"cc9","Pol-Melig","Plant-TvuHF"
"cc9","Pol-And2","Plant-TvuHF"
"cc9","Pol-Lpe","Plant-TvuHF"
"cc9","Pol-Cur1","Plant-TvuHF"
"cc9","Pol-Ccr","Plant-TvuHF"
"cc9","Pol-Osm7","Plant-TvuHF"
"cc9","Pol-Cru","Plant-TvuHF"
"cc9","Pol-Ofu","Plant-TvuHF"
"cc9","Pol-Ich2","Plant-TvuHF"
"cc9","Pol-Ant3","Plant-TvuHF"
"cc9","Pol-Nom1","Plant-TvuHF"
"cc9","Pol-Ani","Plant-TvuHF"
"cc9","Pol-Dan","Plant-TvuHF"
"cc9","Pol-Bom1","Plant-TvuHF"
"cc9","Pol-Att","Plant-TvuHF"
"cc9","Pol-Ofl","Plant-TvuHF"
"cc9","Pol-Par","Plant-TvuHF"
"cc9","Pol-Ssc","Plant-TvuHF"
"cc9","Pol-Afu","Plant-TvuHF"
"cc9","Pol-Bib1","Plant-TvuHF"
"cc9","Pol-Adeg","Plant-TvuHF"
"cc9","Pol-Pdo","Plant-TvuHF"
"cc9","Pol-Ahu","Plant-TvuHF"
"cc9","Pol-Hal1","Plant-TvuHF"
"cc9","Pol-Mor1","Plant-TvuHF"
"cc9","Pol-Pra","Plant-TvuHF"
"cc9","Pol-Ant2","Plant-TvuHF"
"cc9","Pol-Anthr","Plant-TvuHF"
"cc9","Pol-Chal","Plant-TvuHF"
"cc9","Pol-Ipo","Plant-TvuHF"
"cc9","Pol-Pan1","Plant-TvuHF"
"cc9","Pol-Nom5","Plant-TvuHF"
"cc9","Pol-Ccy","Plant-TvuHF"
"cc9","Pol-Ccu","Plant-TvuHF"
"cc9","Pol-Hop2","Plant-TvuHF"
"cc9","Pol-Aan","Plant-TvuHF"
"cc9","Pol-Meg2","Plant-TvuHF"
"cc9","Pol-And5","Plant-TvuHF"
"cc9","Pol-Hsc","Plant-TvuHF"
"cc9","Pol-Das","Plant-Ech"
"cc9","Pol-Lmi","Plant-Ech"
"cc9","Pol-Lae","Plant-Ech"
"cc9","Pol-Ppa","Plant-Ech"
"cc9","Pol-Ame","Plant-Ech"
"cc9","Pol-Bte","Plant-Ech"
"cc9","Pol-Ade","Plant-Ech"
"cc9","Pol-Apl","Plant-Ech"
"cc9","Pol-Ppy","Plant-Ech"
"cc9","Pol-Eba","Plant-Ech"
"cc9","Pol-Sca","Plant-Ech"
"cc9","Pol-Melig","Plant-Ech"
"cc9","Pol-And2","Plant-Ech"
"cc9","Pol-Lpe","Plant-Ech"
"cc9","Pol-Cur1","Plant-Ech"
"cc9","Pol-Ccr","Plant-Ech"
"cc9","Pol-Osm7","Plant-Ech"
"cc9","Pol-Cru","Plant-Ech"
"cc9","Pol-Ofu","Plant-Ech"
"cc9","Pol-Ich2","Plant-Ech"
"cc9","Pol-Ant3","Plant-Ech"
"cc9","Pol-Nom1","Plant-Ech"
"cc9","Pol-Ani","Plant-Ech"
"cc9","Pol-Dan","Plant-Ech"
"cc9","Pol-Bom1","Plant-Ech"
"cc9","Pol-Att","Plant-Ech"
"cc9","Pol-Ofl","Plant-Ech"
"cc9","Pol-Par","Plant-Ech"
"cc9","Pol-Ssc","Plant-Ech"
"cc9","Pol-Afu","Plant-Ech"
"cc9","Pol-Bib1","Plant-Ech"
"cc9","Pol-Adeg","Plant-Ech"
"cc9","Pol-Pdo","Plant-Ech"
"cc9","Pol-Ahu","Plant-Ech"
"cc9","Pol-Hal1","Plant-Ech"
"cc9","Pol-Mor1","Plant-Ech"
"cc9","Pol-Pra","Plant-Ech"
"cc9","Pol-Ant2","Plant-Ech"
"cc9","Pol-Anthr","Plant-Ech"
"cc9","Pol-Chal","Plant-Ech"
"cc9","Pol-Ipo","Plant-Ech"
"cc9","Pol-Pan1","Plant-Ech"
"cc9","Pol-Nom5","Plant-Ech"
"cc9","Pol-Ccy","Plant-Ech"
"cc9","Pol-Ccu","Plant-Ech"
"cc9","Pol-Hop2","Plant-Ech"
"cc9","Pol-Aan","Plant-Ech"
"cc9","Pol-Meg2","Plant-Ech"
"cc9","Pol-And5","Plant-Ech"
"cc9","Pol-Hsc","Plant-Ech"
"cc9","Pol-Das","Plant-Lta"
"cc9","Pol-Lmi","Plant-Lta"
"cc9","Pol-Lae","Plant-Lta"
"cc9","Pol-Ppa","Plant-Lta"
"cc9","Pol-Ame","Plant-Lta"
"cc9","Pol-Bte","Plant-Lta"
"cc9","Pol-Ade","Plant-Lta"
"cc9","Pol-Apl","Plant-Lta"
"cc9","Pol-Ppy","Plant-Lta"
"cc9","Pol-Eba","Plant-Lta"
"cc9","Pol-Sca","Plant-Lta"
"cc9","Pol-Melig","Plant-Lta"
"cc9","Pol-And2","Plant-Lta"
"cc9","Pol-Lpe","Plant-Lta"
"cc9","Pol-Cur1","Plant-Lta"
"cc9","Pol-Ccr","Plant-Lta"
"cc9","Pol-Osm7","Plant-Lta"
"cc9","Pol-Cru","Plant-Lta"
"cc9","Pol-Ofu","Plant-Lta"
"cc9","Pol-Ich2","Plant-Lta"
"cc9","Pol-Ant3","Plant-Lta"
"cc9","Pol-Nom1","Plant-Lta"
"cc9","Pol-Ani","Plant-Lta"
"cc9","Pol-Dan","Plant-Lta"
"cc9","Pol-Bom1","Plant-Lta"
"cc9","Pol-Att","Plant-Lta"
"cc9","Pol-Ofl","Plant-Lta"
"cc9","Pol-Par","Plant-Lta"
"cc9","Pol-Ssc","Plant-Lta"
"cc9","Pol-Afu","Plant-Lta"
"cc9","Pol-Bib1","Plant-Lta"
"cc9","Pol-Adeg","Plant-Lta"
"cc9","Pol-Pdo","Plant-Lta"
"cc9","Pol-Ahu","Plant-Lta"
"cc9","Pol-Hal1","Plant-Lta"
"cc9","Pol-Mor1","Plant-Lta"
"cc9","Pol-Pra","Plant-Lta"
"cc9","Pol-Ant2","Plant-Lta"
"cc9","Pol-Anthr","Plant-Lta"
"cc9","Pol-Chal","Plant-Lta"
"cc9","Pol-Ipo","Plant-Lta"
"cc9","Pol-Pan1","Plant-Lta"
"cc9","Pol-Nom5","Plant-Lta"
"cc9","Pol-Ccy","Plant-Lta"
"cc9","Pol-Ccu","Plant-Lta"
"cc9","Pol-Hop2","Plant-Lta"
"cc9","Pol-Aan","Plant-Lta"
"cc9","Pol-Meg2","Plant-Lta"
"cc9","Pol-And5","Plant-Lta"
"cc9","Pol-Hsc","Plant-Lta"
"cc9","Pol-Das","Plant-Bra"
"cc9","Pol-Lmi","Plant-Bra"
"cc9","Pol-Lae","Plant-Bra"
"cc9","Pol-Ppa","Plant-Bra"
"cc9","Pol-Ame","Plant-Bra"
"cc9","Pol-Bte","Plant-Bra"
"cc9","Pol-Ade","Plant-Bra"
"cc9","Pol-Apl","Plant-Bra"
"cc9","Pol-Ppy","Plant-Bra"
"cc9","Pol-Eba","Plant-Bra"
"cc9","Pol-Sca","Plant-Bra"
"cc9","Pol-Melig","Plant-Bra"
"cc9","Pol-And2","Plant-Bra"
"cc9","Pol-Lpe","Plant-Bra"
"cc9","Pol-Cur1","Plant-Bra"
"cc9","Pol-Ccr","Plant-Bra"
"cc9","Pol-Osm7","Plant-Bra"
"cc9","Pol-Cru","Plant-Bra"
"cc9","Pol-Ofu","Plant-Bra"
"cc9","Pol-Ich2","Plant-Bra"
"cc9","Pol-Ant3","Plant-Bra"
"cc9","Pol-Nom1","Plant-Bra"
"cc9","Pol-Ani","Plant-Bra"
"cc9","Pol-Dan","Plant-Bra"
"cc9","Pol-Bom1","Plant-Bra"
"cc9","Pol-Att","Plant-Bra"
"cc9","Pol-Ofl","Plant-Bra"
"cc9","Pol-Par","Plant-Bra"
"cc9","Pol-Ssc","Plant-Bra"
"cc9","Pol-Afu","Plant-Bra"
"cc9","Pol-Bib1","Plant-Bra"
"cc9","Pol-Adeg","Plant-Bra"
"cc9","Pol-Pdo","Plant-Bra"
"cc9","Pol-Ahu","Plant-Bra"
"cc9","Pol-Hal1","Plant-Bra"
"cc9","Pol-Mor1","Plant-Bra"
"cc9","Pol-Pra","Plant-Bra"
"cc9","Pol-Ant2","Plant-Bra"
"cc9","Pol-Anthr","Plant-Bra"
"cc9","Pol-Chal","Plant-Bra"
"cc9","Pol-Ipo","Plant-Bra"
"cc9","Pol-Pan1","Plant-Bra"
"cc9","Pol-Nom5","Plant-Bra"
"cc9","Pol-Ccy","Plant-Bra"
"cc9","Pol-Ccu","Plant-Bra"
"cc9","Pol-Hop2","Plant-Bra"
"cc9","Pol-Aan","Plant-Bra"
"cc9","Pol-Meg2","Plant-Bra"
"cc9","Pol-And5","Plant-Bra"
"cc9","Pol-Hsc","Plant-Bra"
"ct8","Pol-Ame","Plant-Csa"
"ct8","Pol-Bte","Plant-Csa"
"ct8","Pol-Apl","Plant-Csa"
"ct8","Pol-Ant4","Plant-Csa"
"ct8","Pol-Ani","Plant-Csa"
"ct8","Pol-Lpe","Plant-Csa"
"ct8","Pol-Lmi","Plant-Csa"
"ct8","Pol-Euc1","Plant-Csa"
"ct8","Pol-Meg","Plant-Csa"
"ct8","Pol-Mel","Plant-Csa"
"ct8","Pol-Sca","Plant-Csa"
"ct8","Pol-Eup","Plant-Csa"
"ct8","Pol-Ete","Plant-Csa"
"ct8","Pol-Ort1","Plant-Csa"
"ct8","Pol-Ant5","Plant-Csa"
"ct8","Pol-And","Plant-Csa"
"ct8","Pol-Che1","Plant-Csa"
"ct8","Pol-Mer2","Plant-Csa"
"ct8","Pol-Eba","Plant-Csa"
"ct8","Pol-Ade","Plant-Csa"
"ct8","Pol-Adi","Plant-Csa"
"ct8","Pol-Bom4","Plant-Csa"
"ct8","Pol-Lae","Plant-Csa"
"ct8","Pol-Melig","Plant-Csa"
"ct8","Pol-Bom1","Plant-Csa"
"ct8","Pol-Ofl","Plant-Csa"
"ct8","Pol-Chr","Plant-Csa"
"ct8","Pol-Bru1","Plant-Csa"
"ct8","Pol-Cla","Plant-Csa"
"ct8","Pol-Hal1","Plant-Csa"
"ct8","Pol-And5","Plant-Csa"
"ct8","Pol-Dip12","Plant-Csa"
"ct8","Pol-Ase","Plant-Csa"
"ct8","Pol-Ccu","Plant-Csa"
"ct8","Pol-Par","Plant-Csa"
"ct8","Pol-Cur3","Plant-Csa"
"ct8","Pol-Ppy","Plant-Csa"
"ct8","Pol-Het5","Plant-Csa"
"ct8","Pol-Lgr","Plant-Csa"
"ct8","Pol-And11","Plant-Csa"
"ct8","Pol-Nom5","Plant-Csa"
"ct8","Pol-Ame","Plant-Cal"
"ct8","Pol-Bte","Plant-Cal"
"ct8","Pol-Apl","Plant-Cal"
"ct8","Pol-Ant4","Plant-Cal"
"ct8","Pol-Ani","Plant-Cal"
"ct8","Pol-Lpe","Plant-Cal"
"ct8","Pol-Lmi","Plant-Cal"
"ct8","Pol-Euc1","Plant-Cal"
"ct8","Pol-Meg","Plant-Cal"
"ct8","Pol-Mel","Plant-Cal"
"ct8","Pol-Sca","Plant-Cal"
"ct8","Pol-Eup","Plant-Cal"
"ct8","Pol-Ete","Plant-Cal"
"ct8","Pol-Ort1","Plant-Cal"
"ct8","Pol-Ant5","Plant-Cal"
"ct8","Pol-And","Plant-Cal"
"ct8","Pol-Che1","Plant-Cal"
"ct8","Pol-Mer2","Plant-Cal"
"ct8","Pol-Eba","Plant-Cal"
"ct8","Pol-Ade","Plant-Cal"
"ct8","Pol-Adi","Plant-Cal"
"ct8","Pol-Bom4","Plant-Cal"
"ct8","Pol-Lae","Plant-Cal"
"ct8","Pol-Melig","Plant-Cal"
"ct8","Pol-Bom1","Plant-Cal"
"ct8","Pol-Ofl","Plant-Cal"
"ct8","Pol-Chr","Plant-Cal"
"ct8","Pol-Bru1","Plant-Cal"
"ct8","Pol-Cla","Plant-Cal"
"ct8","Pol-Hal1","Plant-Cal"
"ct8","Pol-And5","Plant-Cal"
"ct8","Pol-Dip12","Plant-Cal"
"ct8","Pol-Ase","Plant-Cal"
"ct8","Pol-Ccu","Plant-Cal"
"ct8","Pol-Par","Plant-Cal"
"ct8","Pol-Cur3","Plant-Cal"
"ct8","Pol-Ppy","Plant-Cal"
"ct8","Pol-Het5","Plant-Cal"
"ct8","Pol-Lgr","Plant-Cal"
"ct8","Pol-And11","Plant-Cal"
"ct8","Pol-Nom5","Plant-Cal"
"ct8","Pol-Ame","Plant-Lst"
"ct8","Pol-Bte","Plant-Lst"
"ct8","Pol-Apl","Plant-Lst"
"ct8","Pol-Ant4","Plant-Lst"
"ct8","Pol-Ani","Plant-Lst"
"ct8","Pol-Lpe","Plant-Lst"
"ct8","Pol-Lmi","Plant-Lst"
"ct8","Pol-Euc1","Plant-Lst"
"ct8","Pol-Meg","Plant-Lst"
"ct8","Pol-Mel","Plant-Lst"
"ct8","Pol-Sca","Plant-Lst"
"ct8","Pol-Eup","Plant-Lst"
"ct8","Pol-Ete","Plant-Lst"
"ct8","Pol-Ort1","Plant-Lst"
"ct8","Pol-Ant5","Plant-Lst"
"ct8","Pol-And","Plant-Lst"
"ct8","Pol-Che1","Plant-Lst"
"ct8","Pol-Mer2","Plant-Lst"
"ct8","Pol-Eba","Plant-Lst"
"ct8","Pol-Ade","Plant-Lst"
"ct8","Pol-Adi","Plant-Lst"
"ct8","Pol-Bom4","Plant-Lst"
"ct8","Pol-Lae","Plant-Lst"
"ct8","Pol-Melig","Plant-Lst"
"ct8","Pol-Bom1","Plant-Lst"
"ct8","Pol-Ofl","Plant-Lst"
"ct8","Pol-Chr","Plant-Lst"
"ct8","Pol-Bru1","Plant-Lst"
"ct8","Pol-Cla","Plant-Lst"
"ct8","Pol-Hal1","Plant-Lst"
"ct8","Pol-And5","Plant-Lst"
"ct8","Pol-Dip12","Plant-Lst"
"ct8","Pol-Ase","Plant-Lst"
"ct8","Pol-Ccu","Plant-Lst"
"ct8","Pol-Par","Plant-Lst"
"ct8","Pol-Cur3","Plant-Lst"
"ct8","Pol-Ppy","Plant-Lst"
"ct8","Pol-Het5","Plant-Lst"
"ct8","Pol-Lgr","Plant-Lst"
"ct8","Pol-And11","Plant-Lst"
"ct8","Pol-Nom5","Plant-Lst"
"ct8","Pol-Ame","Plant-TvuF"
"ct8","Pol-Bte","Plant-TvuF"
"ct8","Pol-Apl","Plant-TvuF"
"ct8","Pol-Ant4","Plant-TvuF"
"ct8","Pol-Ani","Plant-TvuF"
"ct8","Pol-Lpe","Plant-TvuF"
"ct8","Pol-Lmi","Plant-TvuF"
"ct8","Pol-Euc1","Plant-TvuF"
"ct8","Pol-Meg","Plant-TvuF"
"ct8","Pol-Mel","Plant-TvuF"
"ct8","Pol-Sca","Plant-TvuF"
"ct8","Pol-Eup","Plant-TvuF"
"ct8","Pol-Ete","Plant-TvuF"
"ct8","Pol-Ort1","Plant-TvuF"
"ct8","Pol-Ant5","Plant-TvuF"
"ct8","Pol-And","Plant-TvuF"
"ct8","Pol-Che1","Plant-TvuF"
"ct8","Pol-Mer2","Plant-TvuF"
"ct8","Pol-Eba","Plant-TvuF"
"ct8","Pol-Ade","Plant-TvuF"
"ct8","Pol-Adi","Plant-TvuF"
"ct8","Pol-Bom4","Plant-TvuF"
"ct8","Pol-Lae","Plant-TvuF"
"ct8","Pol-Melig","Plant-TvuF"
"ct8","Pol-Bom1","Plant-TvuF"
"ct8","Pol-Ofl","Plant-TvuF"
"ct8","Pol-Chr","Plant-TvuF"
"ct8","Pol-Bru1","Plant-TvuF"
"ct8","Pol-Cla","Plant-TvuF"
"ct8","Pol-Hal1","Plant-TvuF"
"ct8","Pol-And5","Plant-TvuF"
"ct8","Pol-Dip12","Plant-TvuF"
"ct8","Pol-Ase","Plant-TvuF"
"ct8","Pol-Ccu","Plant-TvuF"
"ct8","Pol-Par","Plant-TvuF"
"ct8","Pol-Cur3","Plant-TvuF"
"ct8","Pol-Ppy","Plant-TvuF"
"ct8","Pol-Het5","Plant-TvuF"
"ct8","Pol-Lgr","Plant-TvuF"
"ct8","Pol-And11","Plant-TvuF"
"ct8","Pol-Nom5","Plant-TvuF"
"ct8","Pol-Ame","Plant-Csc"
"ct8","Pol-Bte","Plant-Csc"
"ct8","Pol-Apl","Plant-Csc"
"ct8","Pol-Ant4","Plant-Csc"
"ct8","Pol-Ani","Plant-Csc"
"ct8","Pol-Lpe","Plant-Csc"
"ct8","Pol-Lmi","Plant-Csc"
"ct8","Pol-Euc1","Plant-Csc"
"ct8","Pol-Meg","Plant-Csc"
"ct8","Pol-Mel","Plant-Csc"
"ct8","Pol-Sca","Plant-Csc"
"ct8","Pol-Eup","Plant-Csc"
"ct8","Pol-Ete","Plant-Csc"
"ct8","Pol-Ort1","Plant-Csc"
"ct8","Pol-Ant5","Plant-Csc"
"ct8","Pol-And","Plant-Csc"
"ct8","Pol-Che1","Plant-Csc"
"ct8","Pol-Mer2","Plant-Csc"
"ct8","Pol-Eba","Plant-Csc"
"ct8","Pol-Ade","Plant-Csc"
"ct8","Pol-Adi","Plant-Csc"
"ct8","Pol-Bom4","Plant-Csc"
"ct8","Pol-Lae","Plant-Csc"
"ct8","Pol-Melig","Plant-Csc"
"ct8","Pol-Bom1","Plant-Csc"
"ct8","Pol-Ofl","Plant-Csc"
"ct8","Pol-Chr","Plant-Csc"
"ct8","Pol-Bru1","Plant-Csc"
"ct8","Pol-Cla","Plant-Csc"
"ct8","Pol-Hal1","Plant-Csc"
"ct8","Pol-And5","Plant-Csc"
"ct8","Pol-Dip12","Plant-Csc"
"ct8","Pol-Ase","Plant-Csc"
"ct8","Pol-Ccu","Plant-Csc"
"ct8","Pol-Par","Plant-Csc"
"ct8","Pol-Cur3","Plant-Csc"
"ct8","Pol-Ppy","Plant-Csc"
"ct8","Pol-Het5","Plant-Csc"
"ct8","Pol-Lgr","Plant-Csc"
"ct8","Pol-And11","Plant-Csc"
"ct8","Pol-Nom5","Plant-Csc"
"ct8","Pol-Ame","Plant-Aza"
"ct8","Pol-Bte","Plant-Aza"
"ct8","Pol-Apl","Plant-Aza"
"ct8","Pol-Ant4","Plant-Aza"
"ct8","Pol-Ani","Plant-Aza"
"ct8","Pol-Lpe","Plant-Aza"
"ct8","Pol-Lmi","Plant-Aza"
"ct8","Pol-Euc1","Plant-Aza"
"ct8","Pol-Meg","Plant-Aza"
"ct8","Pol-Mel","Plant-Aza"
"ct8","Pol-Sca","Plant-Aza"
"ct8","Pol-Eup","Plant-Aza"
"ct8","Pol-Ete","Plant-Aza"
"ct8","Pol-Ort1","Plant-Aza"
"ct8","Pol-Ant5","Plant-Aza"
"ct8","Pol-And","Plant-Aza"
"ct8","Pol-Che1","Plant-Aza"
"ct8","Pol-Mer2","Plant-Aza"
"ct8","Pol-Eba","Plant-Aza"
"ct8","Pol-Ade","Plant-Aza"
"ct8","Pol-Adi","Plant-Aza"
"ct8","Pol-Bom4","Plant-Aza"
"ct8","Pol-Lae","Plant-Aza"
"ct8","Pol-Melig","Plant-Aza"
"ct8","Pol-Bom1","Plant-Aza"
"ct8","Pol-Ofl","Plant-Aza"
"ct8","Pol-Chr","Plant-Aza"
"ct8","Pol-Bru1","Plant-Aza"
"ct8","Pol-Cla","Plant-Aza"
"ct8","Pol-Hal1","Plant-Aza"
"ct8","Pol-And5","Plant-Aza"
"ct8","Pol-Dip12","Plant-Aza"
"ct8","Pol-Ase","Plant-Aza"
"ct8","Pol-Ccu","Plant-Aza"
"ct8","Pol-Par","Plant-Aza"
"ct8","Pol-Cur3","Plant-Aza"
"ct8","Pol-Ppy","Plant-Aza"
"ct8","Pol-Het5","Plant-Aza"
"ct8","Pol-Lgr","Plant-Aza"
"ct8","Pol-And11","Plant-Aza"
"ct8","Pol-Nom5","Plant-Aza"
"ct8","Pol-Ame","Plant-Gtr"
"ct8","Pol-Bte","Plant-Gtr"
"ct8","Pol-Apl","Plant-Gtr"
"ct8","Pol-Ant4","Plant-Gtr"
"ct8","Pol-Ani","Plant-Gtr"
"ct8","Pol-Lpe","Plant-Gtr"
"ct8","Pol-Lmi","Plant-Gtr"
"ct8","Pol-Euc1","Plant-Gtr"
"ct8","Pol-Meg","Plant-Gtr"
"ct8","Pol-Mel","Plant-Gtr"
"ct8","Pol-Sca","Plant-Gtr"
"ct8","Pol-Eup","Plant-Gtr"
"ct8","Pol-Ete","Plant-Gtr"
"ct8","Pol-Ort1","Plant-Gtr"
"ct8","Pol-Ant5","Plant-Gtr"
"ct8","Pol-And","Plant-Gtr"
"ct8","Pol-Che1","Plant-Gtr"
"ct8","Pol-Mer2","Plant-Gtr"
"ct8","Pol-Eba","Plant-Gtr"
"ct8","Pol-Ade","Plant-Gtr"
"ct8","Pol-Adi","Plant-Gtr"
"ct8","Pol-Bom4","Plant-Gtr"
"ct8","Pol-Lae","Plant-Gtr"
"ct8","Pol-Melig","Plant-Gtr"
"ct8","Pol-Bom1","Plant-Gtr"
"ct8","Pol-Ofl","Plant-Gtr"
"ct8","Pol-Chr","Plant-Gtr"
"ct8","Pol-Bru1","Plant-Gtr"
"ct8","Pol-Cla","Plant-Gtr"
"ct8","Pol-Hal1","Plant-Gtr"
"ct8","Pol-And5","Plant-Gtr"
"ct8","Pol-Dip12","Plant-Gtr"
"ct8","Pol-Ase","Plant-Gtr"
"ct8","Pol-Ccu","Plant-Gtr"
"ct8","Pol-Par","Plant-Gtr"
"ct8","Pol-Cur3","Plant-Gtr"
"ct8","Pol-Ppy","Plant-Gtr"
"ct8","Pol-Het5","Plant-Gtr"
"ct8","Pol-Lgr","Plant-Gtr"
"ct8","Pol-And11","Plant-Gtr"
"ct8","Pol-Nom5","Plant-Gtr"
"ct8","Pol-Ame","Plant-Tar"
"ct8","Pol-Bte","Plant-Tar"
"ct8","Pol-Apl","Plant-Tar"
"ct8","Pol-Ant4","Plant-Tar"
"ct8","Pol-Ani","Plant-Tar"
"ct8","Pol-Lpe","Plant-Tar"
"ct8","Pol-Lmi","Plant-Tar"
"ct8","Pol-Euc1","Plant-Tar"
"ct8","Pol-Meg","Plant-Tar"
"ct8","Pol-Mel","Plant-Tar"
"ct8","Pol-Sca","Plant-Tar"
"ct8","Pol-Eup","Plant-Tar"
"ct8","Pol-Ete","Plant-Tar"
"ct8","Pol-Ort1","Plant-Tar"
"ct8","Pol-Ant5","Plant-Tar"
"ct8","Pol-And","Plant-Tar"
"ct8","Pol-Che1","Plant-Tar"
"ct8","Pol-Mer2","Plant-Tar"
"ct8","Pol-Eba","Plant-Tar"
"ct8","Pol-Ade","Plant-Tar"
"ct8","Pol-Adi","Plant-Tar"
"ct8","Pol-Bom4","Plant-Tar"
"ct8","Pol-Lae","Plant-Tar"
"ct8","Pol-Melig","Plant-Tar"
"ct8","Pol-Bom1","Plant-Tar"
"ct8","Pol-Ofl","Plant-Tar"
"ct8","Pol-Chr","Plant-Tar"
"ct8","Pol-Bru1","Plant-Tar"
"ct8","Pol-Cla","Plant-Tar"
"ct8","Pol-Hal1","Plant-Tar"
"ct8","Pol-And5","Plant-Tar"
"ct8","Pol-Dip12","Plant-Tar"
"ct8","Pol-Ase","Plant-Tar"
"ct8","Pol-Ccu","Plant-Tar"
"ct8","Pol-Par","Plant-Tar"
"ct8","Pol-Cur3","Plant-Tar"
"ct8","Pol-Ppy","Plant-Tar"
"ct8","Pol-Het5","Plant-Tar"
"ct8","Pol-Lgr","Plant-Tar"
"ct8","Pol-And11","Plant-Tar"
"ct8","Pol-Nom5","Plant-Tar"
"ct8","Pol-Ame","Plant-Soc"
"ct8","Pol-Bte","Plant-Soc"
"ct8","Pol-Apl","Plant-Soc"
"ct8","Pol-Ant4","Plant-Soc"
"ct8","Pol-Ani","Plant-Soc"
"ct8","Pol-Lpe","Plant-Soc"
"ct8","Pol-Lmi","Plant-Soc"
"ct8","Pol-Euc1","Plant-Soc"
"ct8","Pol-Meg","Plant-Soc"
"ct8","Pol-Mel","Plant-Soc"
"ct8","Pol-Sca","Plant-Soc"
"ct8","Pol-Eup","Plant-Soc"
"ct8","Pol-Ete","Plant-Soc"
"ct8","Pol-Ort1","Plant-Soc"
"ct8","Pol-Ant5","Plant-Soc"
"ct8","Pol-And","Plant-Soc"
"ct8","Pol-Che1","Plant-Soc"
"ct8","Pol-Mer2","Plant-Soc"
"ct8","Pol-Eba","Plant-Soc"
"ct8","Pol-Ade","Plant-Soc"
"ct8","Pol-Adi","Plant-Soc"
"ct8","Pol-Bom4","Plant-Soc"
"ct8","Pol-Lae","Plant-Soc"
"ct8","Pol-Melig","Plant-Soc"
"ct8","Pol-Bom1","Plant-Soc"
"ct8","Pol-Ofl","Plant-Soc"
"ct8","Pol-Chr","Plant-Soc"
"ct8","Pol-Bru1","Plant-Soc"
"ct8","Pol-Cla","Plant-Soc"
"ct8","Pol-Hal1","Plant-Soc"
"ct8","Pol-And5","Plant-Soc"
"ct8","Pol-Dip12","Plant-Soc"
"ct8","Pol-Ase","Plant-Soc"
"ct8","Pol-Ccu","Plant-Soc"
"ct8","Pol-Par","Plant-Soc"
"ct8","Pol-Cur3","Plant-Soc"
"ct8","Pol-Ppy","Plant-Soc"
"ct8","Pol-Het5","Plant-Soc"
"ct8","Pol-Lgr","Plant-Soc"
"ct8","Pol-And11","Plant-Soc"
"ct8","Pol-Nom5","Plant-Soc"
"ct8","Pol-Ame","Plant-Ger"
"ct8","Pol-Bte","Plant-Ger"
"ct8","Pol-Apl","Plant-Ger"
"ct8","Pol-Ant4","Plant-Ger"
"ct8","Pol-Ani","Plant-Ger"
"ct8","Pol-Lpe","Plant-Ger"
"ct8","Pol-Lmi","Plant-Ger"
"ct8","Pol-Euc1","Plant-Ger"
"ct8","Pol-Meg","Plant-Ger"
"ct8","Pol-Mel","Plant-Ger"
"ct8","Pol-Sca","Plant-Ger"
"ct8","Pol-Eup","Plant-Ger"
"ct8","Pol-Ete","Plant-Ger"
"ct8","Pol-Ort1","Plant-Ger"
"ct8","Pol-Ant5","Plant-Ger"
"ct8","Pol-And","Plant-Ger"
"ct8","Pol-Che1","Plant-Ger"
"ct8","Pol-Mer2","Plant-Ger"
"ct8","Pol-Eba","Plant-Ger"
"ct8","Pol-Ade","Plant-Ger"
"ct8","Pol-Adi","Plant-Ger"
"ct8","Pol-Bom4","Plant-Ger"
"ct8","Pol-Lae","Plant-Ger"
"ct8","Pol-Melig","Plant-Ger"
"ct8","Pol-Bom1","Plant-Ger"
"ct8","Pol-Ofl","Plant-Ger"
"ct8","Pol-Chr","Plant-Ger"
"ct8","Pol-Bru1","Plant-Ger"
"ct8","Pol-Cla","Plant-Ger"
"ct8","Pol-Hal1","Plant-Ger"
"ct8","Pol-And5","Plant-Ger"
"ct8","Pol-Dip12","Plant-Ger"
"ct8","Pol-Ase","Plant-Ger"
"ct8","Pol-Ccu","Plant-Ger"
"ct8","Pol-Par","Plant-Ger"
"ct8","Pol-Cur3","Plant-Ger"
"ct8","Pol-Ppy","Plant-Ger"
"ct8","Pol-Het5","Plant-Ger"
"ct8","Pol-Lgr","Plant-Ger"
"ct8","Pol-And11","Plant-Ger"
"ct8","Pol-Nom5","Plant-Ger"
"ct8","Pol-Ame","Plant-Rbu"
"ct8","Pol-Bte","Plant-Rbu"
"ct8","Pol-Apl","Plant-Rbu"
"ct8","Pol-Ant4","Plant-Rbu"
"ct8","Pol-Ani","Plant-Rbu"
"ct8","Pol-Lpe","Plant-Rbu"
"ct8","Pol-Lmi","Plant-Rbu"
"ct8","Pol-Euc1","Plant-Rbu"
"ct8","Pol-Meg","Plant-Rbu"
"ct8","Pol-Mel","Plant-Rbu"
"ct8","Pol-Sca","Plant-Rbu"
"ct8","Pol-Eup","Plant-Rbu"
"ct8","Pol-Ete","Plant-Rbu"
"ct8","Pol-Ort1","Plant-Rbu"
"ct8","Pol-Ant5","Plant-Rbu"
"ct8","Pol-And","Plant-Rbu"
"ct8","Pol-Che1","Plant-Rbu"
"ct8","Pol-Mer2","Plant-Rbu"
"ct8","Pol-Eba","Plant-Rbu"
"ct8","Pol-Ade","Plant-Rbu"
"ct8","Pol-Adi","Plant-Rbu"
"ct8","Pol-Bom4","Plant-Rbu"
"ct8","Pol-Lae","Plant-Rbu"
"ct8","Pol-Melig","Plant-Rbu"
"ct8","Pol-Bom1","Plant-Rbu"
"ct8","Pol-Ofl","Plant-Rbu"
"ct8","Pol-Chr","Plant-Rbu"
"ct8","Pol-Bru1","Plant-Rbu"
"ct8","Pol-Cla","Plant-Rbu"
"ct8","Pol-Hal1","Plant-Rbu"
"ct8","Pol-And5","Plant-Rbu"
"ct8","Pol-Dip12","Plant-Rbu"
"ct8","Pol-Ase","Plant-Rbu"
"ct8","Pol-Ccu","Plant-Rbu"
"ct8","Pol-Par","Plant-Rbu"
"ct8","Pol-Cur3","Plant-Rbu"
"ct8","Pol-Ppy","Plant-Rbu"
"ct8","Pol-Het5","Plant-Rbu"
"ct8","Pol-Lgr","Plant-Rbu"
"ct8","Pol-And11","Plant-Rbu"
"ct8","Pol-Nom5","Plant-Rbu"
"ct8","Pol-Ame","Plant-Ata"
"ct8","Pol-Bte","Plant-Ata"
"ct8","Pol-Apl","Plant-Ata"
"ct8","Pol-Ant4","Plant-Ata"
"ct8","Pol-Ani","Plant-Ata"
"ct8","Pol-Lpe","Plant-Ata"
"ct8","Pol-Lmi","Plant-Ata"
"ct8","Pol-Euc1","Plant-Ata"
"ct8","Pol-Meg","Plant-Ata"
"ct8","Pol-Mel","Plant-Ata"
"ct8","Pol-Sca","Plant-Ata"
"ct8","Pol-Eup","Plant-Ata"
"ct8","Pol-Ete","Plant-Ata"
"ct8","Pol-Ort1","Plant-Ata"
"ct8","Pol-Ant5","Plant-Ata"
"ct8","Pol-And","Plant-Ata"
"ct8","Pol-Che1","Plant-Ata"
"ct8","Pol-Mer2","Plant-Ata"
"ct8","Pol-Eba","Plant-Ata"
"ct8","Pol-Ade","Plant-Ata"
"ct8","Pol-Adi","Plant-Ata"
"ct8","Pol-Bom4","Plant-Ata"
"ct8","Pol-Lae","Plant-Ata"
"ct8","Pol-Melig","Plant-Ata"
"ct8","Pol-Bom1","Plant-Ata"
"ct8","Pol-Ofl","Plant-Ata"
"ct8","Pol-Chr","Plant-Ata"
"ct8","Pol-Bru1","Plant-Ata"
"ct8","Pol-Cla","Plant-Ata"
"ct8","Pol-Hal1","Plant-Ata"
"ct8","Pol-And5","Plant-Ata"
"ct8","Pol-Dip12","Plant-Ata"
"ct8","Pol-Ase","Plant-Ata"
"ct8","Pol-Ccu","Plant-Ata"
"ct8","Pol-Par","Plant-Ata"
"ct8","Pol-Cur3","Plant-Ata"
"ct8","Pol-Ppy","Plant-Ata"
"ct8","Pol-Het5","Plant-Ata"
"ct8","Pol-Lgr","Plant-Ata"
"ct8","Pol-And11","Plant-Ata"
"ct8","Pol-Nom5","Plant-Ata"
"ct8","Pol-Ame","Plant-Gal"
"ct8","Pol-Bte","Plant-Gal"
"ct8","Pol-Apl","Plant-Gal"
"ct8","Pol-Ant4","Plant-Gal"
"ct8","Pol-Ani","Plant-Gal"
"ct8","Pol-Lpe","Plant-Gal"
"ct8","Pol-Lmi","Plant-Gal"
"ct8","Pol-Euc1","Plant-Gal"
"ct8","Pol-Meg","Plant-Gal"
"ct8","Pol-Mel","Plant-Gal"
"ct8","Pol-Sca","Plant-Gal"
"ct8","Pol-Eup","Plant-Gal"
"ct8","Pol-Ete","Plant-Gal"
"ct8","Pol-Ort1","Plant-Gal"
"ct8","Pol-Ant5","Plant-Gal"
"ct8","Pol-And","Plant-Gal"
"ct8","Pol-Che1","Plant-Gal"
"ct8","Pol-Mer2","Plant-Gal"
"ct8","Pol-Eba","Plant-Gal"
"ct8","Pol-Ade","Plant-Gal"
"ct8","Pol-Adi","Plant-Gal"
"ct8","Pol-Bom4","Plant-Gal"
"ct8","Pol-Lae","Plant-Gal"
"ct8","Pol-Melig","Plant-Gal"
"ct8","Pol-Bom1","Plant-Gal"
"ct8","Pol-Ofl","Plant-Gal"
"ct8","Pol-Chr","Plant-Gal"
"ct8","Pol-Bru1","Plant-Gal"
"ct8","Pol-Cla","Plant-Gal"
"ct8","Pol-Hal1","Plant-Gal"
"ct8","Pol-And5","Plant-Gal"
"ct8","Pol-Dip12","Plant-Gal"
"ct8","Pol-Ase","Plant-Gal"
"ct8","Pol-Ccu","Plant-Gal"
"ct8","Pol-Par","Plant-Gal"
"ct8","Pol-Cur3","Plant-Gal"
"ct8","Pol-Ppy","Plant-Gal"
"ct8","Pol-Het5","Plant-Gal"
"ct8","Pol-Lgr","Plant-Gal"
"ct8","Pol-And11","Plant-Gal"
"ct8","Pol-Nom5","Plant-Gal"
"ct8","Pol-Ame","Plant-Lina"
"ct8","Pol-Bte","Plant-Lina"
"ct8","Pol-Apl","Plant-Lina"
"ct8","Pol-Ant4","Plant-Lina"
"ct8","Pol-Ani","Plant-Lina"
"ct8","Pol-Lpe","Plant-Lina"
"ct8","Pol-Lmi","Plant-Lina"
"ct8","Pol-Euc1","Plant-Lina"
"ct8","Pol-Meg","Plant-Lina"
"ct8","Pol-Mel","Plant-Lina"
"ct8","Pol-Sca","Plant-Lina"
"ct8","Pol-Eup","Plant-Lina"
"ct8","Pol-Ete","Plant-Lina"
"ct8","Pol-Ort1","Plant-Lina"
"ct8","Pol-Ant5","Plant-Lina"
"ct8","Pol-And","Plant-Lina"
"ct8","Pol-Che1","Plant-Lina"
"ct8","Pol-Mer2","Plant-Lina"
"ct8","Pol-Eba","Plant-Lina"
"ct8","Pol-Ade","Plant-Lina"
"ct8","Pol-Adi","Plant-Lina"
"ct8","Pol-Bom4","Plant-Lina"
"ct8","Pol-Lae","Plant-Lina"
"ct8","Pol-Melig","Plant-Lina"
"ct8","Pol-Bom1","Plant-Lina"
"ct8","Pol-Ofl","Plant-Lina"
"ct8","Pol-Chr","Plant-Lina"
"ct8","Pol-Bru1","Plant-Lina"
"ct8","Pol-Cla","Plant-Lina"
"ct8","Pol-Hal1","Plant-Lina"
"ct8","Pol-And5","Plant-Lina"
"ct8","Pol-Dip12","Plant-Lina"
"ct8","Pol-Ase","Plant-Lina"
"ct8","Pol-Ccu","Plant-Lina"
"ct8","Pol-Par","Plant-Lina"
"ct8","Pol-Cur3","Plant-Lina"
"ct8","Pol-Ppy","Plant-Lina"
"ct8","Pol-Het5","Plant-Lina"
"ct8","Pol-Lgr","Plant-Lina"
"ct8","Pol-And11","Plant-Lina"
"ct8","Pol-Nom5","Plant-Lina"
"cc8","Pol-Mel","Plant-Csa"
"cc8","Pol-Ame","Plant-Csa"
"cc8","Pol-Lae","Plant-Csa"
"cc8","Pol-Bru1","Plant-Csa"
"cc8","Pol-Eba","Plant-Csa"
"cc8","Pol-Bom1","Plant-Csa"
"cc8","Pol-Lmi","Plant-Csa"
"cc8","Pol-Bru3","Plant-Csa"
"cc8","Pol-And5","Plant-Csa"
"cc8","Pol-Bte","Plant-Csa"
"cc8","Pol-Mor1","Plant-Csa"
"cc8","Pol-Col4","Plant-Csa"
"cc8","Pol-Ort2","Plant-Csa"
"cc8","Pol-Ant4","Plant-Csa"
"cc8","Pol-Apl","Plant-Csa"
"cc8","Pol-Ofl","Plant-Csa"
"cc8","Pol-Ant3","Plant-Csa"
"cc8","Pol-Sca","Plant-Csa"
"cc8","Pol-Lpe","Plant-Csa"
"cc8","Pol-Con","Plant-Csa"
"cc8","Pol-Melig","Plant-Csa"
"cc8","Pol-Ofu","Plant-Csa"
"cc8","Pol-Eup","Plant-Csa"
"cc8","Pol-And","Plant-Csa"
"cc8","Pol-Fge","Plant-Csa"
"cc8","Pol-Mst","Plant-Csa"
"cc8","Pol-Ani","Plant-Csa"
"cc8","Pol-Chry1","Plant-Csa"
"cc8","Pol-Lgr","Plant-Csa"
"cc8","Pol-Ade","Plant-Csa"
"cc8","Pol-Bom3","Plant-Csa"
"cc8","Pol-Nom4","Plant-Csa"
"cc8","Pol-Che1","Plant-Csa"
"cc8","Pol-Syr5","Plant-Csa"
"cc8","Pol-Ahu","Plant-Csa"
"cc8","Pol-Bpa","Plant-Csa"
"cc8","Pol-Red","Plant-Csa"
"cc8","Pol-Ete","Plant-Csa"
"cc8","Pol-Mer2","Plant-Csa"
"cc8","Pol-Ase","Plant-Csa"
"cc8","Pol-Lgran","Plant-Csa"
"cc8","Pol-Cla","Plant-Csa"
"cc8","Pol-Chr","Plant-Csa"
"cc8","Pol-Afu","Plant-Csa"
"cc8","Pol-Nom2","Plant-Csa"
"cc8","Pol-Col5","Plant-Csa"
"cc8","Pol-Csc","Plant-Csa"
"cc8","Pol-Ort1","Plant-Csa"
"cc8","Pol-Dip6","Plant-Csa"
"cc8","Pol-Par","Plant-Csa"
"cc8","Pol-Mel","Plant-Csc"
"cc8","Pol-Ame","Plant-Csc"
"cc8","Pol-Lae","Plant-Csc"
"cc8","Pol-Bru1","Plant-Csc"
"cc8","Pol-Eba","Plant-Csc"
"cc8","Pol-Bom1","Plant-Csc"
"cc8","Pol-Lmi","Plant-Csc"
"cc8","Pol-Bru3","Plant-Csc"
"cc8","Pol-And5","Plant-Csc"
"cc8","Pol-Bte","Plant-Csc"
"cc8","Pol-Mor1","Plant-Csc"
"cc8","Pol-Col4","Plant-Csc"
"cc8","Pol-Ort2","Plant-Csc"
"cc8","Pol-Ant4","Plant-Csc"
"cc8","Pol-Apl","Plant-Csc"
"cc8","Pol-Ofl","Plant-Csc"
"cc8","Pol-Ant3","Plant-Csc"
"cc8","Pol-Sca","Plant-Csc"
"cc8","Pol-Lpe","Plant-Csc"
"cc8","Pol-Con","Plant-Csc"
"cc8","Pol-Melig","Plant-Csc"
"cc8","Pol-Ofu","Plant-Csc"
"cc8","Pol-Eup","Plant-Csc"
"cc8","Pol-And","Plant-Csc"
"cc8","Pol-Fge","Plant-Csc"
"cc8","Pol-Mst","Plant-Csc"
"cc8","Pol-Ani","Plant-Csc"
"cc8","Pol-Chry1","Plant-Csc"
"cc8","Pol-Lgr","Plant-Csc"
"cc8","Pol-Ade","Plant-Csc"
"cc8","Pol-Bom3","Plant-Csc"
"cc8","Pol-Nom4","Plant-Csc"
"cc8","Pol-Che1","Plant-Csc"
"cc8","Pol-Syr5","Plant-Csc"
"cc8","Pol-Ahu","Plant-Csc"
"cc8","Pol-Bpa","Plant-Csc"
"cc8","Pol-Red","Plant-Csc"
"cc8","Pol-Ete","Plant-Csc"
"cc8","Pol-Mer2","Plant-Csc"
"cc8","Pol-Ase","Plant-Csc"
"cc8","Pol-Lgran","Plant-Csc"
"cc8","Pol-Cla","Plant-Csc"
"cc8","Pol-Chr","Plant-Csc"
"cc8","Pol-Afu","Plant-Csc"
"cc8","Pol-Nom2","Plant-Csc"
"cc8","Pol-Col5","Plant-Csc"
"cc8","Pol-Csc","Plant-Csc"
"cc8","Pol-Ort1","Plant-Csc"
"cc8","Pol-Dip6","Plant-Csc"
"cc8","Pol-Par","Plant-Csc"
"cc8","Pol-Mel","Plant-Soc"
"cc8","Pol-Ame","Plant-Soc"
"cc8","Pol-Lae","Plant-Soc"
"cc8","Pol-Bru1","Plant-Soc"
"cc8","Pol-Eba","Plant-Soc"
"cc8","Pol-Bom1","Plant-Soc"
"cc8","Pol-Lmi","Plant-Soc"
"cc8","Pol-Bru3","Plant-Soc"
"cc8","Pol-And5","Plant-Soc"
"cc8","Pol-Bte","Plant-Soc"
"cc8","Pol-Mor1","Plant-Soc"
"cc8","Pol-Col4","Plant-Soc"
"cc8","Pol-Ort2","Plant-Soc"
"cc8","Pol-Ant4","Plant-Soc"
"cc8","Pol-Apl","Plant-Soc"
"cc8","Pol-Ofl","Plant-Soc"
"cc8","Pol-Ant3","Plant-Soc"
"cc8","Pol-Sca","Plant-Soc"
"cc8","Pol-Lpe","Plant-Soc"
"cc8","Pol-Con","Plant-Soc"
"cc8","Pol-Melig","Plant-Soc"
"cc8","Pol-Ofu","Plant-Soc"
"cc8","Pol-Eup","Plant-Soc"
"cc8","Pol-And","Plant-Soc"
"cc8","Pol-Fge","Plant-Soc"
"cc8","Pol-Mst","Plant-Soc"
"cc8","Pol-Ani","Plant-Soc"
"cc8","Pol-Chry1","Plant-Soc"
"cc8","Pol-Lgr","Plant-Soc"
"cc8","Pol-Ade","Plant-Soc"
"cc8","Pol-Bom3","Plant-Soc"
"cc8","Pol-Nom4","Plant-Soc"
"cc8","Pol-Che1","Plant-Soc"
"cc8","Pol-Syr5","Plant-Soc"
"cc8","Pol-Ahu","Plant-Soc"
"cc8","Pol-Bpa","Plant-Soc"
"cc8","Pol-Red","Plant-Soc"
"cc8","Pol-Ete","Plant-Soc"
"cc8","Pol-Mer2","Plant-Soc"
"cc8","Pol-Ase","Plant-Soc"
"cc8","Pol-Lgran","Plant-Soc"
"cc8","Pol-Cla","Plant-Soc"
"cc8","Pol-Chr","Plant-Soc"
"cc8","Pol-Afu","Plant-Soc"
"cc8","Pol-Nom2","Plant-Soc"
"cc8","Pol-Col5","Plant-Soc"
"cc8","Pol-Csc","Plant-Soc"
"cc8","Pol-Ort1","Plant-Soc"
"cc8","Pol-Dip6","Plant-Soc"
"cc8","Pol-Par","Plant-Soc"
"cc8","Pol-Mel","Plant-Son"
"cc8","Pol-Ame","Plant-Son"
"cc8","Pol-Lae","Plant-Son"
"cc8","Pol-Bru1","Plant-Son"
"cc8","Pol-Eba","Plant-Son"
"cc8","Pol-Bom1","Plant-Son"
"cc8","Pol-Lmi","Plant-Son"
"cc8","Pol-Bru3","Plant-Son"
"cc8","Pol-And5","Plant-Son"
"cc8","Pol-Bte","Plant-Son"
"cc8","Pol-Mor1","Plant-Son"
"cc8","Pol-Col4","Plant-Son"
"cc8","Pol-Ort2","Plant-Son"
"cc8","Pol-Ant4","Plant-Son"
"cc8","Pol-Apl","Plant-Son"
"cc8","Pol-Ofl","Plant-Son"
"cc8","Pol-Ant3","Plant-Son"
"cc8","Pol-Sca","Plant-Son"
"cc8","Pol-Lpe","Plant-Son"
"cc8","Pol-Con","Plant-Son"
"cc8","Pol-Melig","Plant-Son"
"cc8","Pol-Ofu","Plant-Son"
"cc8","Pol-Eup","Plant-Son"
"cc8","Pol-And","Plant-Son"
"cc8","Pol-Fge","Plant-Son"
"cc8","Pol-Mst","Plant-Son"
"cc8","Pol-Ani","Plant-Son"
"cc8","Pol-Chry1","Plant-Son"
"cc8","Pol-Lgr","Plant-Son"
"cc8","Pol-Ade","Plant-Son"
"cc8","Pol-Bom3","Plant-Son"
"cc8","Pol-Nom4","Plant-Son"
"cc8","Pol-Che1","Plant-Son"
"cc8","Pol-Syr5","Plant-Son"
"cc8","Pol-Ahu","Plant-Son"
"cc8","Pol-Bpa","Plant-Son"
"cc8","Pol-Red","Plant-Son"
"cc8","Pol-Ete","Plant-Son"
"cc8","Pol-Mer2","Plant-Son"
"cc8","Pol-Ase","Plant-Son"
"cc8","Pol-Lgran","Plant-Son"
"cc8","Pol-Cla","Plant-Son"
"cc8","Pol-Chr","Plant-Son"
"cc8","Pol-Afu","Plant-Son"
"cc8","Pol-Nom2","Plant-Son"
"cc8","Pol-Col5","Plant-Son"
"cc8","Pol-Csc","Plant-Son"
"cc8","Pol-Ort1","Plant-Son"
"cc8","Pol-Dip6","Plant-Son"
"cc8","Pol-Par","Plant-Son"
"cc8","Pol-Mel","Plant-Ger"
"cc8","Pol-Ame","Plant-Ger"
"cc8","Pol-Lae","Plant-Ger"
"cc8","Pol-Bru1","Plant-Ger"
"cc8","Pol-Eba","Plant-Ger"
"cc8","Pol-Bom1","Plant-Ger"
"cc8","Pol-Lmi","Plant-Ger"
"cc8","Pol-Bru3","Plant-Ger"
"cc8","Pol-And5","Plant-Ger"
"cc8","Pol-Bte","Plant-Ger"
"cc8","Pol-Mor1","Plant-Ger"
"cc8","Pol-Col4","Plant-Ger"
"cc8","Pol-Ort2","Plant-Ger"
"cc8","Pol-Ant4","Plant-Ger"
"cc8","Pol-Apl","Plant-Ger"
"cc8","Pol-Ofl","Plant-Ger"
"cc8","Pol-Ant3","Plant-Ger"
"cc8","Pol-Sca","Plant-Ger"
"cc8","Pol-Lpe","Plant-Ger"
"cc8","Pol-Con","Plant-Ger"
"cc8","Pol-Melig","Plant-Ger"
"cc8","Pol-Ofu","Plant-Ger"
"cc8","Pol-Eup","Plant-Ger"
"cc8","Pol-And","Plant-Ger"
"cc8","Pol-Fge","Plant-Ger"
"cc8","Pol-Mst","Plant-Ger"
"cc8","Pol-Ani","Plant-Ger"
"cc8","Pol-Chry1","Plant-Ger"
"cc8","Pol-Lgr","Plant-Ger"
"cc8","Pol-Ade","Plant-Ger"
"cc8","Pol-Bom3","Plant-Ger"
"cc8","Pol-Nom4","Plant-Ger"
"cc8","Pol-Che1","Plant-Ger"
"cc8","Pol-Syr5","Plant-Ger"
"cc8","Pol-Ahu","Plant-Ger"
"cc8","Pol-Bpa","Plant-Ger"
"cc8","Pol-Red","Plant-Ger"
"cc8","Pol-Ete","Plant-Ger"
"cc8","Pol-Mer2","Plant-Ger"
"cc8","Pol-Ase","Plant-Ger"
"cc8","Pol-Lgran","Plant-Ger"
"cc8","Pol-Cla","Plant-Ger"
"cc8","Pol-Chr","Plant-Ger"
"cc8","Pol-Afu","Plant-Ger"
"cc8","Pol-Nom2","Plant-Ger"
"cc8","Pol-Col5","Plant-Ger"
"cc8","Pol-Csc","Plant-Ger"
"cc8","Pol-Ort1","Plant-Ger"
"cc8","Pol-Dip6","Plant-Ger"
"cc8","Pol-Par","Plant-Ger"
"cc8","Pol-Mel","Plant-Rbu"
"cc8","Pol-Ame","Plant-Rbu"
"cc8","Pol-Lae","Plant-Rbu"
"cc8","Pol-Bru1","Plant-Rbu"
"cc8","Pol-Eba","Plant-Rbu"
"cc8","Pol-Bom1","Plant-Rbu"
"cc8","Pol-Lmi","Plant-Rbu"
"cc8","Pol-Bru3","Plant-Rbu"
"cc8","Pol-And5","Plant-Rbu"
"cc8","Pol-Bte","Plant-Rbu"
"cc8","Pol-Mor1","Plant-Rbu"
"cc8","Pol-Col4","Plant-Rbu"
"cc8","Pol-Ort2","Plant-Rbu"
"cc8","Pol-Ant4","Plant-Rbu"
"cc8","Pol-Apl","Plant-Rbu"
"cc8","Pol-Ofl","Plant-Rbu"
"cc8","Pol-Ant3","Plant-Rbu"
"cc8","Pol-Sca","Plant-Rbu"
"cc8","Pol-Lpe","Plant-Rbu"
"cc8","Pol-Con","Plant-Rbu"
"cc8","Pol-Melig","Plant-Rbu"
"cc8","Pol-Ofu","Plant-Rbu"
"cc8","Pol-Eup","Plant-Rbu"
"cc8","Pol-And","Plant-Rbu"
"cc8","Pol-Fge","Plant-Rbu"
"cc8","Pol-Mst","Plant-Rbu"
"cc8","Pol-Ani","Plant-Rbu"
"cc8","Pol-Chry1","Plant-Rbu"
"cc8","Pol-Lgr","Plant-Rbu"
"cc8","Pol-Ade","Plant-Rbu"
"cc8","Pol-Bom3","Plant-Rbu"
"cc8","Pol-Nom4","Plant-Rbu"
"cc8","Pol-Che1","Plant-Rbu"
"cc8","Pol-Syr5","Plant-Rbu"
"cc8","Pol-Ahu","Plant-Rbu"
"cc8","Pol-Bpa","Plant-Rbu"
"cc8","Pol-Red","Plant-Rbu"
"cc8","Pol-Ete","Plant-Rbu"
"cc8","Pol-Mer2","Plant-Rbu"
"cc8","Pol-Ase","Plant-Rbu"
"cc8","Pol-Lgran","Plant-Rbu"
"cc8","Pol-Cla","Plant-Rbu"
"cc8","Pol-Chr","Plant-Rbu"
"cc8","Pol-Afu","Plant-Rbu"
"cc8","Pol-Nom2","Plant-Rbu"
"cc8","Pol-Col5","Plant-Rbu"
"cc8","Pol-Csc","Plant-Rbu"
"cc8","Pol-Ort1","Plant-Rbu"
"cc8","Pol-Dip6","Plant-Rbu"
"cc8","Pol-Par","Plant-Rbu"
"cc8","Pol-Mel","Plant-Sho"
"cc8","Pol-Ame","Plant-Sho"
"cc8","Pol-Lae","Plant-Sho"
"cc8","Pol-Bru1","Plant-Sho"
"cc8","Pol-Eba","Plant-Sho"
"cc8","Pol-Bom1","Plant-Sho"
"cc8","Pol-Lmi","Plant-Sho"
"cc8","Pol-Bru3","Plant-Sho"
"cc8","Pol-And5","Plant-Sho"
"cc8","Pol-Bte","Plant-Sho"
"cc8","Pol-Mor1","Plant-Sho"
"cc8","Pol-Col4","Plant-Sho"
"cc8","Pol-Ort2","Plant-Sho"
"cc8","Pol-Ant4","Plant-Sho"
"cc8","Pol-Apl","Plant-Sho"
"cc8","Pol-Ofl","Plant-Sho"
"cc8","Pol-Ant3","Plant-Sho"
"cc8","Pol-Sca","Plant-Sho"
"cc8","Pol-Lpe","Plant-Sho"
"cc8","Pol-Con","Plant-Sho"
"cc8","Pol-Melig","Plant-Sho"
"cc8","Pol-Ofu","Plant-Sho"
"cc8","Pol-Eup","Plant-Sho"
"cc8","Pol-And","Plant-Sho"
"cc8","Pol-Fge","Plant-Sho"
"cc8","Pol-Mst","Plant-Sho"
"cc8","Pol-Ani","Plant-Sho"
"cc8","Pol-Chry1","Plant-Sho"
"cc8","Pol-Lgr","Plant-Sho"
"cc8","Pol-Ade","Plant-Sho"
"cc8","Pol-Bom3","Plant-Sho"
"cc8","Pol-Nom4","Plant-Sho"
"cc8","Pol-Che1","Plant-Sho"
"cc8","Pol-Syr5","Plant-Sho"
"cc8","Pol-Ahu","Plant-Sho"
"cc8","Pol-Bpa","Plant-Sho"
"cc8","Pol-Red","Plant-Sho"
"cc8","Pol-Ete","Plant-Sho"
"cc8","Pol-Mer2","Plant-Sho"
"cc8","Pol-Ase","Plant-Sho"
"cc8","Pol-Lgran","Plant-Sho"
"cc8","Pol-Cla","Plant-Sho"
"cc8","Pol-Chr","Plant-Sho"
"cc8","Pol-Afu","Plant-Sho"
"cc8","Pol-Nom2","Plant-Sho"
"cc8","Pol-Col5","Plant-Sho"
"cc8","Pol-Csc","Plant-Sho"
"cc8","Pol-Ort1","Plant-Sho"
"cc8","Pol-Dip6","Plant-Sho"
"cc8","Pol-Par","Plant-Sho"
"ct7","Pol-Mel","Plant-Csa"
"ct7","Pol-Ani","Plant-Csa"
"ct7","Pol-Sca","Plant-Csa"
"ct7","Pol-Eba","Plant-Csa"
"ct7","Pol-Bte","Plant-Csa"
"ct7","Pol-Lgr","Plant-Csa"
"ct7","Pol-Bom3","Plant-Csa"
"ct7","Pol-Fge","Plant-Csa"
"ct7","Pol-And10","Plant-Csa"
"ct7","Pol-And5","Plant-Csa"
"ct7","Pol-Ame","Plant-Csa"
"ct7","Pol-Lmi","Plant-Csa"
"ct7","Pol-Clan","Plant-Csa"
"ct7","Pol-Bla","Plant-Csa"
"ct7","Pol-Bom1","Plant-Csa"
"ct7","Pol-Ich3","Plant-Csa"
"ct7","Pol-And9","Plant-Csa"
"ct7","Pol-Bpa","Plant-Csa"
"ct7","Pol-Aful","Plant-Csa"
"ct7","Pol-Ete","Plant-Csa"
"ct7","Pol-Ase","Plant-Csa"
"ct7","Pol-Ort1","Plant-Csa"
"ct7","Pol-Dip1","Plant-Csa"
"ct7","Pol-Lpe","Plant-Csa"
"ct7","Pol-Ofu","Plant-Csa"
"ct7","Pol-Mer2","Plant-Csa"
"ct7","Pol-Apl","Plant-Csa"
"ct7","Pol-Mci","Plant-Csa"
"ct7","Pol-Lep2","Plant-Csa"
"ct7","Pol-Eer","Plant-Csa"
"ct7","Pol-Mel","Plant-Cal"
"ct7","Pol-Ani","Plant-Cal"
"ct7","Pol-Sca","Plant-Cal"
"ct7","Pol-Eba","Plant-Cal"
"ct7","Pol-Bte","Plant-Cal"
"ct7","Pol-Lgr","Plant-Cal"
"ct7","Pol-Bom3","Plant-Cal"
"ct7","Pol-Fge","Plant-Cal"
"ct7","Pol-And10","Plant-Cal"
"ct7","Pol-And5","Plant-Cal"
"ct7","Pol-Ame","Plant-Cal"
"ct7","Pol-Lmi","Plant-Cal"
"ct7","Pol-Clan","Plant-Cal"
"ct7","Pol-Bla","Plant-Cal"
"ct7","Pol-Bom1","Plant-Cal"
"ct7","Pol-Ich3","Plant-Cal"
"ct7","Pol-And9","Plant-Cal"
"ct7","Pol-Bpa","Plant-Cal"
"ct7","Pol-Aful","Plant-Cal"
"ct7","Pol-Ete","Plant-Cal"
"ct7","Pol-Ase","Plant-Cal"
"ct7","Pol-Ort1","Plant-Cal"
"ct7","Pol-Dip1","Plant-Cal"
"ct7","Pol-Lpe","Plant-Cal"
"ct7","Pol-Ofu","Plant-Cal"
"ct7","Pol-Mer2","Plant-Cal"
"ct7","Pol-Apl","Plant-Cal"
"ct7","Pol-Mci","Plant-Cal"
"ct7","Pol-Lep2","Plant-Cal"
"ct7","Pol-Eer","Plant-Cal"
"ct7","Pol-Mel","Plant-TvuF"
"ct7","Pol-Ani","Plant-TvuF"
"ct7","Pol-Sca","Plant-TvuF"
"ct7","Pol-Eba","Plant-TvuF"
"ct7","Pol-Bte","Plant-TvuF"
"ct7","Pol-Lgr","Plant-TvuF"
"ct7","Pol-Bom3","Plant-TvuF"
"ct7","Pol-Fge","Plant-TvuF"
"ct7","Pol-And10","Plant-TvuF"
"ct7","Pol-And5","Plant-TvuF"
"ct7","Pol-Ame","Plant-TvuF"
"ct7","Pol-Lmi","Plant-TvuF"
"ct7","Pol-Clan","Plant-TvuF"
"ct7","Pol-Bla","Plant-TvuF"
"ct7","Pol-Bom1","Plant-TvuF"
"ct7","Pol-Ich3","Plant-TvuF"
"ct7","Pol-And9","Plant-TvuF"
"ct7","Pol-Bpa","Plant-TvuF"
"ct7","Pol-Aful","Plant-TvuF"
"ct7","Pol-Ete","Plant-TvuF"
"ct7","Pol-Ase","Plant-TvuF"
"ct7","Pol-Ort1","Plant-TvuF"
"ct7","Pol-Dip1","Plant-TvuF"
"ct7","Pol-Lpe","Plant-TvuF"
"ct7","Pol-Ofu","Plant-TvuF"
"ct7","Pol-Mer2","Plant-TvuF"
"ct7","Pol-Apl","Plant-TvuF"
"ct7","Pol-Mci","Plant-TvuF"
"ct7","Pol-Lep2","Plant-TvuF"
"ct7","Pol-Eer","Plant-TvuF"
"ct7","Pol-Mel","Plant-TvuHF"
"ct7","Pol-Ani","Plant-TvuHF"
"ct7","Pol-Sca","Plant-TvuHF"
"ct7","Pol-Eba","Plant-TvuHF"
"ct7","Pol-Bte","Plant-TvuHF"
"ct7","Pol-Lgr","Plant-TvuHF"
"ct7","Pol-Bom3","Plant-TvuHF"
"ct7","Pol-Fge","Plant-TvuHF"
"ct7","Pol-And10","Plant-TvuHF"
"ct7","Pol-And5","Plant-TvuHF"
"ct7","Pol-Ame","Plant-TvuHF"
"ct7","Pol-Lmi","Plant-TvuHF"
"ct7","Pol-Clan","Plant-TvuHF"
"ct7","Pol-Bla","Plant-TvuHF"
"ct7","Pol-Bom1","Plant-TvuHF"
"ct7","Pol-Ich3","Plant-TvuHF"
"ct7","Pol-And9","Plant-TvuHF"
"ct7","Pol-Bpa","Plant-TvuHF"
"ct7","Pol-Aful","Plant-TvuHF"
"ct7","Pol-Ete","Plant-TvuHF"
"ct7","Pol-Ase","Plant-TvuHF"
"ct7","Pol-Ort1","Plant-TvuHF"
"ct7","Pol-Dip1","Plant-TvuHF"
"ct7","Pol-Lpe","Plant-TvuHF"
"ct7","Pol-Ofu","Plant-TvuHF"
"ct7","Pol-Mer2","Plant-TvuHF"
"ct7","Pol-Apl","Plant-TvuHF"
"ct7","Pol-Mci","Plant-TvuHF"
"ct7","Pol-Lep2","Plant-TvuHF"
"ct7","Pol-Eer","Plant-TvuHF"
"ct7","Pol-Mel","Plant-Ech"
"ct7","Pol-Ani","Plant-Ech"
"ct7","Pol-Sca","Plant-Ech"
"ct7","Pol-Eba","Plant-Ech"
"ct7","Pol-Bte","Plant-Ech"
"ct7","Pol-Lgr","Plant-Ech"
"ct7","Pol-Bom3","Plant-Ech"
"ct7","Pol-Fge","Plant-Ech"
"ct7","Pol-And10","Plant-Ech"
"ct7","Pol-And5","Plant-Ech"
"ct7","Pol-Ame","Plant-Ech"
"ct7","Pol-Lmi","Plant-Ech"
"ct7","Pol-Clan","Plant-Ech"
"ct7","Pol-Bla","Plant-Ech"
"ct7","Pol-Bom1","Plant-Ech"
"ct7","Pol-Ich3","Plant-Ech"
"ct7","Pol-And9","Plant-Ech"
"ct7","Pol-Bpa","Plant-Ech"
"ct7","Pol-Aful","Plant-Ech"
"ct7","Pol-Ete","Plant-Ech"
"ct7","Pol-Ase","Plant-Ech"
"ct7","Pol-Ort1","Plant-Ech"
"ct7","Pol-Dip1","Plant-Ech"
"ct7","Pol-Lpe","Plant-Ech"
"ct7","Pol-Ofu","Plant-Ech"
"ct7","Pol-Mer2","Plant-Ech"
"ct7","Pol-Apl","Plant-Ech"
"ct7","Pol-Mci","Plant-Ech"
"ct7","Pol-Lep2","Plant-Ech"
"ct7","Pol-Eer","Plant-Ech"
"ct7","Pol-Mel","Plant-Csc"
"ct7","Pol-Ani","Plant-Csc"
"ct7","Pol-Sca","Plant-Csc"
"ct7","Pol-Eba","Plant-Csc"
"ct7","Pol-Bte","Plant-Csc"
"ct7","Pol-Lgr","Plant-Csc"
"ct7","Pol-Bom3","Plant-Csc"
"ct7","Pol-Fge","Plant-Csc"
"ct7","Pol-And10","Plant-Csc"
"ct7","Pol-And5","Plant-Csc"
"ct7","Pol-Ame","Plant-Csc"
"ct7","Pol-Lmi","Plant-Csc"
"ct7","Pol-Clan","Plant-Csc"
"ct7","Pol-Bla","Plant-Csc"
"ct7","Pol-Bom1","Plant-Csc"
"ct7","Pol-Ich3","Plant-Csc"
"ct7","Pol-And9","Plant-Csc"
"ct7","Pol-Bpa","Plant-Csc"
"ct7","Pol-Aful","Plant-Csc"
"ct7","Pol-Ete","Plant-Csc"
"ct7","Pol-Ase","Plant-Csc"
"ct7","Pol-Ort1","Plant-Csc"
"ct7","Pol-Dip1","Plant-Csc"
"ct7","Pol-Lpe","Plant-Csc"
"ct7","Pol-Ofu","Plant-Csc"
"ct7","Pol-Mer2","Plant-Csc"
"ct7","Pol-Apl","Plant-Csc"
"ct7","Pol-Mci","Plant-Csc"
"ct7","Pol-Lep2","Plant-Csc"
"ct7","Pol-Eer","Plant-Csc"
"ct7","Pol-Mel","Plant-Cem"
"ct7","Pol-Ani","Plant-Cem"
"ct7","Pol-Sca","Plant-Cem"
"ct7","Pol-Eba","Plant-Cem"
"ct7","Pol-Bte","Plant-Cem"
"ct7","Pol-Lgr","Plant-Cem"
"ct7","Pol-Bom3","Plant-Cem"
"ct7","Pol-Fge","Plant-Cem"
"ct7","Pol-And10","Plant-Cem"
"ct7","Pol-And5","Plant-Cem"
"ct7","Pol-Ame","Plant-Cem"
"ct7","Pol-Lmi","Plant-Cem"
"ct7","Pol-Clan","Plant-Cem"
"ct7","Pol-Bla","Plant-Cem"
"ct7","Pol-Bom1","Plant-Cem"
"ct7","Pol-Ich3","Plant-Cem"
"ct7","Pol-And9","Plant-Cem"
"ct7","Pol-Bpa","Plant-Cem"
"ct7","Pol-Aful","Plant-Cem"
"ct7","Pol-Ete","Plant-Cem"
"ct7","Pol-Ase","Plant-Cem"
"ct7","Pol-Ort1","Plant-Cem"
"ct7","Pol-Dip1","Plant-Cem"
"ct7","Pol-Lpe","Plant-Cem"
"ct7","Pol-Ofu","Plant-Cem"
"ct7","Pol-Mer2","Plant-Cem"
"ct7","Pol-Apl","Plant-Cem"
"ct7","Pol-Mci","Plant-Cem"
"ct7","Pol-Lep2","Plant-Cem"
"ct7","Pol-Eer","Plant-Cem"
"ct7","Pol-Mel","Plant-Lco"
"ct7","Pol-Ani","Plant-Lco"
"ct7","Pol-Sca","Plant-Lco"
"ct7","Pol-Eba","Plant-Lco"
"ct7","Pol-Bte","Plant-Lco"
"ct7","Pol-Lgr","Plant-Lco"
"ct7","Pol-Bom3","Plant-Lco"
"ct7","Pol-Fge","Plant-Lco"
"ct7","Pol-And10","Plant-Lco"
"ct7","Pol-And5","Plant-Lco"
"ct7","Pol-Ame","Plant-Lco"
"ct7","Pol-Lmi","Plant-Lco"
"ct7","Pol-Clan","Plant-Lco"
"ct7","Pol-Bla","Plant-Lco"
"ct7","Pol-Bom1","Plant-Lco"
"ct7","Pol-Ich3","Plant-Lco"
"ct7","Pol-And9","Plant-Lco"
"ct7","Pol-Bpa","Plant-Lco"
"ct7","Pol-Aful","Plant-Lco"
"ct7","Pol-Ete","Plant-Lco"
"ct7","Pol-Ase","Plant-Lco"
"ct7","Pol-Ort1","Plant-Lco"
"ct7","Pol-Dip1","Plant-Lco"
"ct7","Pol-Lpe","Plant-Lco"
"ct7","Pol-Ofu","Plant-Lco"
"ct7","Pol-Mer2","Plant-Lco"
"ct7","Pol-Apl","Plant-Lco"
"ct7","Pol-Mci","Plant-Lco"
"ct7","Pol-Lep2","Plant-Lco"
"ct7","Pol-Eer","Plant-Lco"
"ct7","Pol-Mel","Plant-Lvu"
"ct7","Pol-Ani","Plant-Lvu"
"ct7","Pol-Sca","Plant-Lvu"
"ct7","Pol-Eba","Plant-Lvu"
"ct7","Pol-Bte","Plant-Lvu"
"ct7","Pol-Lgr","Plant-Lvu"
"ct7","Pol-Bom3","Plant-Lvu"
"ct7","Pol-Fge","Plant-Lvu"
"ct7","Pol-And10","Plant-Lvu"
"ct7","Pol-And5","Plant-Lvu"
"ct7","Pol-Ame","Plant-Lvu"
"ct7","Pol-Lmi","Plant-Lvu"
"ct7","Pol-Clan","Plant-Lvu"
"ct7","Pol-Bla","Plant-Lvu"
"ct7","Pol-Bom1","Plant-Lvu"
"ct7","Pol-Ich3","Plant-Lvu"
"ct7","Pol-And9","Plant-Lvu"
"ct7","Pol-Bpa","Plant-Lvu"
"ct7","Pol-Aful","Plant-Lvu"
"ct7","Pol-Ete","Plant-Lvu"
"ct7","Pol-Ase","Plant-Lvu"
"ct7","Pol-Ort1","Plant-Lvu"
"ct7","Pol-Dip1","Plant-Lvu"
"ct7","Pol-Lpe","Plant-Lvu"
"ct7","Pol-Ofu","Plant-Lvu"
"ct7","Pol-Mer2","Plant-Lvu"
"ct7","Pol-Apl","Plant-Lvu"
"ct7","Pol-Mci","Plant-Lvu"
"ct7","Pol-Lep2","Plant-Lvu"
"ct7","Pol-Eer","Plant-Lvu"
"ct7","Pol-Mel","Plant-Hie"
"ct7","Pol-Ani","Plant-Hie"
"ct7","Pol-Sca","Plant-Hie"
"ct7","Pol-Eba","Plant-Hie"
"ct7","Pol-Bte","Plant-Hie"
"ct7","Pol-Lgr","Plant-Hie"
"ct7","Pol-Bom3","Plant-Hie"
"ct7","Pol-Fge","Plant-Hie"
"ct7","Pol-And10","Plant-Hie"
"ct7","Pol-And5","Plant-Hie"
"ct7","Pol-Ame","Plant-Hie"
"ct7","Pol-Lmi","Plant-Hie"
"ct7","Pol-Clan","Plant-Hie"
"ct7","Pol-Bla","Plant-Hie"
"ct7","Pol-Bom1","Plant-Hie"
"ct7","Pol-Ich3","Plant-Hie"
"ct7","Pol-And9","Plant-Hie"
"ct7","Pol-Bpa","Plant-Hie"
"ct7","Pol-Aful","Plant-Hie"
"ct7","Pol-Ete","Plant-Hie"
"ct7","Pol-Ase","Plant-Hie"
"ct7","Pol-Ort1","Plant-Hie"
"ct7","Pol-Dip1","Plant-Hie"
"ct7","Pol-Lpe","Plant-Hie"
"ct7","Pol-Ofu","Plant-Hie"
"ct7","Pol-Mer2","Plant-Hie"
"ct7","Pol-Apl","Plant-Hie"
"ct7","Pol-Mci","Plant-Hie"
"ct7","Pol-Lep2","Plant-Hie"
"ct7","Pol-Eer","Plant-Hie"
"ct7","Pol-Mel","Plant-Son"
"ct7","Pol-Ani","Plant-Son"
"ct7","Pol-Sca","Plant-Son"
"ct7","Pol-Eba","Plant-Son"
"ct7","Pol-Bte","Plant-Son"
"ct7","Pol-Lgr","Plant-Son"
"ct7","Pol-Bom3","Plant-Son"
"ct7","Pol-Fge","Plant-Son"
"ct7","Pol-And10","Plant-Son"
"ct7","Pol-And5","Plant-Son"
"ct7","Pol-Ame","Plant-Son"
"ct7","Pol-Lmi","Plant-Son"
"ct7","Pol-Clan","Plant-Son"
"ct7","Pol-Bla","Plant-Son"
"ct7","Pol-Bom1","Plant-Son"
"ct7","Pol-Ich3","Plant-Son"
"ct7","Pol-And9","Plant-Son"
"ct7","Pol-Bpa","Plant-Son"
"ct7","Pol-Aful","Plant-Son"
"ct7","Pol-Ete","Plant-Son"
"ct7","Pol-Ase","Plant-Son"
"ct7","Pol-Ort1","Plant-Son"
"ct7","Pol-Dip1","Plant-Son"
"ct7","Pol-Lpe","Plant-Son"
"ct7","Pol-Ofu","Plant-Son"
"ct7","Pol-Mer2","Plant-Son"
"ct7","Pol-Apl","Plant-Son"
"ct7","Pol-Mci","Plant-Son"
"ct7","Pol-Lep2","Plant-Son"
"ct7","Pol-Eer","Plant-Son"
"ct7","Pol-Mel","Plant-Pgr"
"ct7","Pol-Ani","Plant-Pgr"
"ct7","Pol-Sca","Plant-Pgr"
"ct7","Pol-Eba","Plant-Pgr"
"ct7","Pol-Bte","Plant-Pgr"
"ct7","Pol-Lgr","Plant-Pgr"
"ct7","Pol-Bom3","Plant-Pgr"
"ct7","Pol-Fge","Plant-Pgr"
"ct7","Pol-And10","Plant-Pgr"
"ct7","Pol-And5","Plant-Pgr"
"ct7","Pol-Ame","Plant-Pgr"
"ct7","Pol-Lmi","Plant-Pgr"
"ct7","Pol-Clan","Plant-Pgr"
"ct7","Pol-Bla","Plant-Pgr"
"ct7","Pol-Bom1","Plant-Pgr"
"ct7","Pol-Ich3","Plant-Pgr"
"ct7","Pol-And9","Plant-Pgr"
"ct7","Pol-Bpa","Plant-Pgr"
"ct7","Pol-Aful","Plant-Pgr"
"ct7","Pol-Ete","Plant-Pgr"
"ct7","Pol-Ase","Plant-Pgr"
"ct7","Pol-Ort1","Plant-Pgr"
"ct7","Pol-Dip1","Plant-Pgr"
"ct7","Pol-Lpe","Plant-Pgr"
"ct7","Pol-Ofu","Plant-Pgr"
"ct7","Pol-Mer2","Plant-Pgr"
"ct7","Pol-Apl","Plant-Pgr"
"ct7","Pol-Mci","Plant-Pgr"
"ct7","Pol-Lep2","Plant-Pgr"
"ct7","Pol-Eer","Plant-Pgr"
"ct7","Pol-Mel","Plant-Fve"
"ct7","Pol-Ani","Plant-Fve"
"ct7","Pol-Sca","Plant-Fve"
"ct7","Pol-Eba","Plant-Fve"
"ct7","Pol-Bte","Plant-Fve"
"ct7","Pol-Lgr","Plant-Fve"
"ct7","Pol-Bom3","Plant-Fve"
"ct7","Pol-Fge","Plant-Fve"
"ct7","Pol-And10","Plant-Fve"
"ct7","Pol-And5","Plant-Fve"
"ct7","Pol-Ame","Plant-Fve"
"ct7","Pol-Lmi","Plant-Fve"
"ct7","Pol-Clan","Plant-Fve"
"ct7","Pol-Bla","Plant-Fve"
"ct7","Pol-Bom1","Plant-Fve"
"ct7","Pol-Ich3","Plant-Fve"
"ct7","Pol-And9","Plant-Fve"
"ct7","Pol-Bpa","Plant-Fve"
"ct7","Pol-Aful","Plant-Fve"
"ct7","Pol-Ete","Plant-Fve"
"ct7","Pol-Ase","Plant-Fve"
"ct7","Pol-Ort1","Plant-Fve"
"ct7","Pol-Dip1","Plant-Fve"
"ct7","Pol-Lpe","Plant-Fve"
"ct7","Pol-Ofu","Plant-Fve"
"ct7","Pol-Mer2","Plant-Fve"
"ct7","Pol-Apl","Plant-Fve"
"ct7","Pol-Mci","Plant-Fve"
"ct7","Pol-Lep2","Plant-Fve"
"ct7","Pol-Eer","Plant-Fve"
"cc7","Pol-Mel","Plant-Csa"
"cc7","Pol-Bpa","Plant-Csa"
"cc7","Pol-Lgr","Plant-Csa"
"cc7","Pol-Eba","Plant-Csa"
"cc7","Pol-Bru2","Plant-Csa"
"cc7","Pol-Ssc","Plant-Csa"
"cc7","Pol-Apl","Plant-Csa"
"cc7","Pol-Ani","Plant-Csa"
"cc7","Pol-Dip23","Plant-Csa"
"cc7","Pol-Lmi","Plant-Csa"
"cc7","Pol-Sca","Plant-Csa"
"cc7","Pol-Cla","Plant-Csa"
"cc7","Pol-Mer1","Plant-Csa"
"cc7","Pol-Ame","Plant-Csa"
"cc7","Pol-Bte","Plant-Csa"
"cc7","Pol-Call","Plant-Csa"
"cc7","Pol-Fge","Plant-Csa"
"cc7","Pol-And5","Plant-Csa"
"cc7","Pol-Ade","Plant-Csa"
"cc7","Pol-Osm3","Plant-Csa"
"cc7","Pol-Het4","Plant-Csa"
"cc7","Pol-Bom1","Plant-Csa"
"cc7","Pol-Adi","Plant-Csa"
"cc7","Pol-Aca","Plant-Csa"
"cc7","Pol-Oca","Plant-Csa"
"cc7","Pol-Adeg","Plant-Csa"
"cc7","Pol-Lpe","Plant-Csa"
"cc7","Pol-Eri1","Plant-Csa"
"cc7","Pol-Eup","Plant-Csa"
"cc7","Pol-Mel","Plant-Lst"
"cc7","Pol-Bpa","Plant-Lst"
"cc7","Pol-Lgr","Plant-Lst"
"cc7","Pol-Eba","Plant-Lst"
"cc7","Pol-Bru2","Plant-Lst"
"cc7","Pol-Ssc","Plant-Lst"
"cc7","Pol-Apl","Plant-Lst"
"cc7","Pol-Ani","Plant-Lst"
"cc7","Pol-Dip23","Plant-Lst"
"cc7","Pol-Lmi","Plant-Lst"
"cc7","Pol-Sca","Plant-Lst"
"cc7","Pol-Cla","Plant-Lst"
"cc7","Pol-Mer1","Plant-Lst"
"cc7","Pol-Ame","Plant-Lst"
"cc7","Pol-Bte","Plant-Lst"
"cc7","Pol-Call","Plant-Lst"
"cc7","Pol-Fge","Plant-Lst"
"cc7","Pol-And5","Plant-Lst"
"cc7","Pol-Ade","Plant-Lst"
"cc7","Pol-Osm3","Plant-Lst"
"cc7","Pol-Het4","Plant-Lst"
"cc7","Pol-Bom1","Plant-Lst"
"cc7","Pol-Adi","Plant-Lst"
"cc7","Pol-Aca","Plant-Lst"
"cc7","Pol-Oca","Plant-Lst"
"cc7","Pol-Adeg","Plant-Lst"
"cc7","Pol-Lpe","Plant-Lst"
"cc7","Pol-Eri1","Plant-Lst"
"cc7","Pol-Eup","Plant-Lst"
"cc7","Pol-Mel","Plant-TvuF"
"cc7","Pol-Bpa","Plant-TvuF"
"cc7","Pol-Lgr","Plant-TvuF"
"cc7","Pol-Eba","Plant-TvuF"
"cc7","Pol-Bru2","Plant-TvuF"
"cc7","Pol-Ssc","Plant-TvuF"
"cc7","Pol-Apl","Plant-TvuF"
"cc7","Pol-Ani","Plant-TvuF"
"cc7","Pol-Dip23","Plant-TvuF"
"cc7","Pol-Lmi","Plant-TvuF"
"cc7","Pol-Sca","Plant-TvuF"
"cc7","Pol-Cla","Plant-TvuF"
"cc7","Pol-Mer1","Plant-TvuF"
"cc7","Pol-Ame","Plant-TvuF"
"cc7","Pol-Bte","Plant-TvuF"
"cc7","Pol-Call","Plant-TvuF"
"cc7","Pol-Fge","Plant-TvuF"
"cc7","Pol-And5","Plant-TvuF"
"cc7","Pol-Ade","Plant-TvuF"
"cc7","Pol-Osm3","Plant-TvuF"
"cc7","Pol-Het4","Plant-TvuF"
"cc7","Pol-Bom1","Plant-TvuF"
"cc7","Pol-Adi","Plant-TvuF"
"cc7","Pol-Aca","Plant-TvuF"
"cc7","Pol-Oca","Plant-TvuF"
"cc7","Pol-Adeg","Plant-TvuF"
"cc7","Pol-Lpe","Plant-TvuF"
"cc7","Pol-Eri1","Plant-TvuF"
"cc7","Pol-Eup","Plant-TvuF"
"cc7","Pol-Mel","Plant-TvuHF"
"cc7","Pol-Bpa","Plant-TvuHF"
"cc7","Pol-Lgr","Plant-TvuHF"
"cc7","Pol-Eba","Plant-TvuHF"
"cc7","Pol-Bru2","Plant-TvuHF"
"cc7","Pol-Ssc","Plant-TvuHF"
"cc7","Pol-Apl","Plant-TvuHF"
"cc7","Pol-Ani","Plant-TvuHF"
"cc7","Pol-Dip23","Plant-TvuHF"
"cc7","Pol-Lmi","Plant-TvuHF"
"cc7","Pol-Sca","Plant-TvuHF"
"cc7","Pol-Cla","Plant-TvuHF"
"cc7","Pol-Mer1","Plant-TvuHF"
"cc7","Pol-Ame","Plant-TvuHF"
"cc7","Pol-Bte","Plant-TvuHF"
"cc7","Pol-Call","Plant-TvuHF"
"cc7","Pol-Fge","Plant-TvuHF"
"cc7","Pol-And5","Plant-TvuHF"
"cc7","Pol-Ade","Plant-TvuHF"
"cc7","Pol-Osm3","Plant-TvuHF"
"cc7","Pol-Het4","Plant-TvuHF"
"cc7","Pol-Bom1","Plant-TvuHF"
"cc7","Pol-Adi","Plant-TvuHF"
"cc7","Pol-Aca","Plant-TvuHF"
"cc7","Pol-Oca","Plant-TvuHF"
"cc7","Pol-Adeg","Plant-TvuHF"
"cc7","Pol-Lpe","Plant-TvuHF"
"cc7","Pol-Eri1","Plant-TvuHF"
"cc7","Pol-Eup","Plant-TvuHF"
"cc7","Pol-Mel","Plant-Ech"
"cc7","Pol-Bpa","Plant-Ech"
"cc7","Pol-Lgr","Plant-Ech"
"cc7","Pol-Eba","Plant-Ech"
"cc7","Pol-Bru2","Plant-Ech"
"cc7","Pol-Ssc","Plant-Ech"
"cc7","Pol-Apl","Plant-Ech"
"cc7","Pol-Ani","Plant-Ech"
"cc7","Pol-Dip23","Plant-Ech"
"cc7","Pol-Lmi","Plant-Ech"
"cc7","Pol-Sca","Plant-Ech"
"cc7","Pol-Cla","Plant-Ech"
"cc7","Pol-Mer1","Plant-Ech"
"cc7","Pol-Ame","Plant-Ech"
"cc7","Pol-Bte","Plant-Ech"
"cc7","Pol-Call","Plant-Ech"
"cc7","Pol-Fge","Plant-Ech"
"cc7","Pol-And5","Plant-Ech"
"cc7","Pol-Ade","Plant-Ech"
"cc7","Pol-Osm3","Plant-Ech"
"cc7","Pol-Het4","Plant-Ech"
"cc7","Pol-Bom1","Plant-Ech"
"cc7","Pol-Adi","Plant-Ech"
"cc7","Pol-Aca","Plant-Ech"
"cc7","Pol-Oca","Plant-Ech"
"cc7","Pol-Adeg","Plant-Ech"
"cc7","Pol-Lpe","Plant-Ech"
"cc7","Pol-Eri1","Plant-Ech"
"cc7","Pol-Eup","Plant-Ech"
"cc7","Pol-Mel","Plant-Eam"
"cc7","Pol-Bpa","Plant-Eam"
"cc7","Pol-Lgr","Plant-Eam"
"cc7","Pol-Eba","Plant-Eam"
"cc7","Pol-Bru2","Plant-Eam"
"cc7","Pol-Ssc","Plant-Eam"
"cc7","Pol-Apl","Plant-Eam"
"cc7","Pol-Ani","Plant-Eam"
"cc7","Pol-Dip23","Plant-Eam"
"cc7","Pol-Lmi","Plant-Eam"
"cc7","Pol-Sca","Plant-Eam"
"cc7","Pol-Cla","Plant-Eam"
"cc7","Pol-Mer1","Plant-Eam"
"cc7","Pol-Ame","Plant-Eam"
"cc7","Pol-Bte","Plant-Eam"
"cc7","Pol-Call","Plant-Eam"
"cc7","Pol-Fge","Plant-Eam"
"cc7","Pol-And5","Plant-Eam"
"cc7","Pol-Ade","Plant-Eam"
"cc7","Pol-Osm3","Plant-Eam"
"cc7","Pol-Het4","Plant-Eam"
"cc7","Pol-Bom1","Plant-Eam"
"cc7","Pol-Adi","Plant-Eam"
"cc7","Pol-Aca","Plant-Eam"
"cc7","Pol-Oca","Plant-Eam"
"cc7","Pol-Adeg","Plant-Eam"
"cc7","Pol-Lpe","Plant-Eam"
"cc7","Pol-Eri1","Plant-Eam"
"cc7","Pol-Eup","Plant-Eam"
"cc7","Pol-Mel","Plant-Csc"
"cc7","Pol-Bpa","Plant-Csc"
"cc7","Pol-Lgr","Plant-Csc"
"cc7","Pol-Eba","Plant-Csc"
"cc7","Pol-Bru2","Plant-Csc"
"cc7","Pol-Ssc","Plant-Csc"
"cc7","Pol-Apl","Plant-Csc"
"cc7","Pol-Ani","Plant-Csc"
"cc7","Pol-Dip23","Plant-Csc"
"cc7","Pol-Lmi","Plant-Csc"
"cc7","Pol-Sca","Plant-Csc"
"cc7","Pol-Cla","Plant-Csc"
"cc7","Pol-Mer1","Plant-Csc"
"cc7","Pol-Ame","Plant-Csc"
"cc7","Pol-Bte","Plant-Csc"
"cc7","Pol-Call","Plant-Csc"
"cc7","Pol-Fge","Plant-Csc"
"cc7","Pol-And5","Plant-Csc"
"cc7","Pol-Ade","Plant-Csc"
"cc7","Pol-Osm3","Plant-Csc"
"cc7","Pol-Het4","Plant-Csc"
"cc7","Pol-Bom1","Plant-Csc"
"cc7","Pol-Adi","Plant-Csc"
"cc7","Pol-Aca","Plant-Csc"
"cc7","Pol-Oca","Plant-Csc"
"cc7","Pol-Adeg","Plant-Csc"
"cc7","Pol-Lpe","Plant-Csc"
"cc7","Pol-Eri1","Plant-Csc"
"cc7","Pol-Eup","Plant-Csc"
"cc7","Pol-Mel","Plant-Gtr"
"cc7","Pol-Bpa","Plant-Gtr"
"cc7","Pol-Lgr","Plant-Gtr"
"cc7","Pol-Eba","Plant-Gtr"
"cc7","Pol-Bru2","Plant-Gtr"
"cc7","Pol-Ssc","Plant-Gtr"
"cc7","Pol-Apl","Plant-Gtr"
"cc7","Pol-Ani","Plant-Gtr"
"cc7","Pol-Dip23","Plant-Gtr"
"cc7","Pol-Lmi","Plant-Gtr"
"cc7","Pol-Sca","Plant-Gtr"
"cc7","Pol-Cla","Plant-Gtr"
"cc7","Pol-Mer1","Plant-Gtr"
"cc7","Pol-Ame","Plant-Gtr"
"cc7","Pol-Bte","Plant-Gtr"
"cc7","Pol-Call","Plant-Gtr"
"cc7","Pol-Fge","Plant-Gtr"
"cc7","Pol-And5","Plant-Gtr"
"cc7","Pol-Ade","Plant-Gtr"
"cc7","Pol-Osm3","Plant-Gtr"
"cc7","Pol-Het4","Plant-Gtr"
"cc7","Pol-Bom1","Plant-Gtr"
"cc7","Pol-Adi","Plant-Gtr"
"cc7","Pol-Aca","Plant-Gtr"
"cc7","Pol-Oca","Plant-Gtr"
"cc7","Pol-Adeg","Plant-Gtr"
"cc7","Pol-Lpe","Plant-Gtr"
"cc7","Pol-Eri1","Plant-Gtr"
"cc7","Pol-Eup","Plant-Gtr"
"cc7","Pol-Mel","Plant-Lco"
"cc7","Pol-Bpa","Plant-Lco"
"cc7","Pol-Lgr","Plant-Lco"
"cc7","Pol-Eba","Plant-Lco"
"cc7","Pol-Bru2","Plant-Lco"
"cc7","Pol-Ssc","Plant-Lco"
"cc7","Pol-Apl","Plant-Lco"
"cc7","Pol-Ani","Plant-Lco"
"cc7","Pol-Dip23","Plant-Lco"
"cc7","Pol-Lmi","Plant-Lco"
"cc7","Pol-Sca","Plant-Lco"
"cc7","Pol-Cla","Plant-Lco"
"cc7","Pol-Mer1","Plant-Lco"
"cc7","Pol-Ame","Plant-Lco"
"cc7","Pol-Bte","Plant-Lco"
"cc7","Pol-Call","Plant-Lco"
"cc7","Pol-Fge","Plant-Lco"
"cc7","Pol-And5","Plant-Lco"
"cc7","Pol-Ade","Plant-Lco"
"cc7","Pol-Osm3","Plant-Lco"
"cc7","Pol-Het4","Plant-Lco"
"cc7","Pol-Bom1","Plant-Lco"
"cc7","Pol-Adi","Plant-Lco"
"cc7","Pol-Aca","Plant-Lco"
"cc7","Pol-Oca","Plant-Lco"
"cc7","Pol-Adeg","Plant-Lco"
"cc7","Pol-Lpe","Plant-Lco"
"cc7","Pol-Eri1","Plant-Lco"
"cc7","Pol-Eup","Plant-Lco"
"cc7","Pol-Mel","Plant-Son"
"cc7","Pol-Bpa","Plant-Son"
"cc7","Pol-Lgr","Plant-Son"
"cc7","Pol-Eba","Plant-Son"
"cc7","Pol-Bru2","Plant-Son"
"cc7","Pol-Ssc","Plant-Son"
"cc7","Pol-Apl","Plant-Son"
"cc7","Pol-Ani","Plant-Son"
"cc7","Pol-Dip23","Plant-Son"
"cc7","Pol-Lmi","Plant-Son"
"cc7","Pol-Sca","Plant-Son"
"cc7","Pol-Cla","Plant-Son"
"cc7","Pol-Mer1","Plant-Son"
"cc7","Pol-Ame","Plant-Son"
"cc7","Pol-Bte","Plant-Son"
"cc7","Pol-Call","Plant-Son"
"cc7","Pol-Fge","Plant-Son"
"cc7","Pol-And5","Plant-Son"
"cc7","Pol-Ade","Plant-Son"
"cc7","Pol-Osm3","Plant-Son"
"cc7","Pol-Het4","Plant-Son"
"cc7","Pol-Bom1","Plant-Son"
"cc7","Pol-Adi","Plant-Son"
"cc7","Pol-Aca","Plant-Son"
"cc7","Pol-Oca","Plant-Son"
"cc7","Pol-Adeg","Plant-Son"
"cc7","Pol-Lpe","Plant-Son"
"cc7","Pol-Eri1","Plant-Son"
"cc7","Pol-Eup","Plant-Son"
"cc7","Pol-Mel","Plant-Rbu"
"cc7","Pol-Bpa","Plant-Rbu"
"cc7","Pol-Lgr","Plant-Rbu"
"cc7","Pol-Eba","Plant-Rbu"
"cc7","Pol-Bru2","Plant-Rbu"
"cc7","Pol-Ssc","Plant-Rbu"
"cc7","Pol-Apl","Plant-Rbu"
"cc7","Pol-Ani","Plant-Rbu"
"cc7","Pol-Dip23","Plant-Rbu"
"cc7","Pol-Lmi","Plant-Rbu"
"cc7","Pol-Sca","Plant-Rbu"
"cc7","Pol-Cla","Plant-Rbu"
"cc7","Pol-Mer1","Plant-Rbu"
"cc7","Pol-Ame","Plant-Rbu"
"cc7","Pol-Bte","Plant-Rbu"
"cc7","Pol-Call","Plant-Rbu"
"cc7","Pol-Fge","Plant-Rbu"
"cc7","Pol-And5","Plant-Rbu"
"cc7","Pol-Ade","Plant-Rbu"
"cc7","Pol-Osm3","Plant-Rbu"
"cc7","Pol-Het4","Plant-Rbu"
"cc7","Pol-Bom1","Plant-Rbu"
"cc7","Pol-Adi","Plant-Rbu"
"cc7","Pol-Aca","Plant-Rbu"
"cc7","Pol-Oca","Plant-Rbu"
"cc7","Pol-Adeg","Plant-Rbu"
"cc7","Pol-Lpe","Plant-Rbu"
"cc7","Pol-Eri1","Plant-Rbu"
"cc7","Pol-Eup","Plant-Rbu"
"cc7","Pol-Mel","Plant-Ama"
"cc7","Pol-Bpa","Plant-Ama"
"cc7","Pol-Lgr","Plant-Ama"
"cc7","Pol-Eba","Plant-Ama"
"cc7","Pol-Bru2","Plant-Ama"
"cc7","Pol-Ssc","Plant-Ama"
"cc7","Pol-Apl","Plant-Ama"
"cc7","Pol-Ani","Plant-Ama"
"cc7","Pol-Dip23","Plant-Ama"
"cc7","Pol-Lmi","Plant-Ama"
"cc7","Pol-Sca","Plant-Ama"
"cc7","Pol-Cla","Plant-Ama"
"cc7","Pol-Mer1","Plant-Ama"
"cc7","Pol-Ame","Plant-Ama"
"cc7","Pol-Bte","Plant-Ama"
"cc7","Pol-Call","Plant-Ama"
"cc7","Pol-Fge","Plant-Ama"
"cc7","Pol-And5","Plant-Ama"
"cc7","Pol-Ade","Plant-Ama"
"cc7","Pol-Osm3","Plant-Ama"
"cc7","Pol-Het4","Plant-Ama"
"cc7","Pol-Bom1","Plant-Ama"
"cc7","Pol-Adi","Plant-Ama"
"cc7","Pol-Aca","Plant-Ama"
"cc7","Pol-Oca","Plant-Ama"
"cc7","Pol-Adeg","Plant-Ama"
"cc7","Pol-Lpe","Plant-Ama"
"cc7","Pol-Eri1","Plant-Ama"
"cc7","Pol-Eup","Plant-Ama"
"ct6","Pol-Bte","Plant-Csa"
"ct6","Pol-Ani","Plant-Csa"
"ct6","Pol-And3","Plant-Csa"
"ct6","Pol-Lmi","Plant-Csa"
"ct6","Pol-Mel","Plant-Csa"
"ct6","Pol-Sca","Plant-Csa"
"ct6","Pol-Bom1","Plant-Csa"
"ct6","Pol-Melig","Plant-Csa"
"ct6","Pol-Lgr","Plant-Csa"
"ct6","Pol-Ade","Plant-Csa"
"ct6","Pol-Ame","Plant-Csa"
"ct6","Pol-Eup","Plant-Csa"
"ct6","Pol-Ete","Plant-Csa"
"ct6","Pol-Ccr","Plant-Csa"
"ct6","Pol-Lae","Plant-Csa"
"ct6","Pol-Ort2","Plant-Csa"
"ct6","Pol-Nom6","Plant-Csa"
"ct6","Pol-Ort1","Plant-Csa"
"ct6","Pol-And2","Plant-Csa"
"ct6","Pol-Ant2","Plant-Csa"
"ct6","Pol-Ccu","Plant-Csa"
"ct6","Pol-And8","Plant-Csa"
"ct6","Pol-Eba","Plant-Csa"
"ct6","Pol-Hsc","Plant-Csa"
"ct6","Pol-Bom3","Plant-Csa"
"ct6","Pol-Ofu","Plant-Csa"
"ct6","Pol-Dip3","Plant-Csa"
"ct6","Pol-Ppy","Plant-Csa"
"ct6","Pol-Lph","Plant-Csa"
"ct6","Pol-Nom1","Plant-Csa"
"ct6","Pol-Lsi","Plant-Csa"
"ct6","Pol-Bte","Plant-Cal"
"ct6","Pol-Ani","Plant-Cal"
"ct6","Pol-And3","Plant-Cal"
"ct6","Pol-Lmi","Plant-Cal"
"ct6","Pol-Mel","Plant-Cal"
"ct6","Pol-Sca","Plant-Cal"
"ct6","Pol-Bom1","Plant-Cal"
"ct6","Pol-Melig","Plant-Cal"
"ct6","Pol-Lgr","Plant-Cal"
"ct6","Pol-Ade","Plant-Cal"
"ct6","Pol-Ame","Plant-Cal"
"ct6","Pol-Eup","Plant-Cal"
"ct6","Pol-Ete","Plant-Cal"
"ct6","Pol-Ccr","Plant-Cal"
"ct6","Pol-Lae","Plant-Cal"
"ct6","Pol-Ort2","Plant-Cal"
"ct6","Pol-Nom6","Plant-Cal"
"ct6","Pol-Ort1","Plant-Cal"
"ct6","Pol-And2","Plant-Cal"
"ct6","Pol-Ant2","Plant-Cal"
"ct6","Pol-Ccu","Plant-Cal"
"ct6","Pol-And8","Plant-Cal"
"ct6","Pol-Eba","Plant-Cal"
"ct6","Pol-Hsc","Plant-Cal"
"ct6","Pol-Bom3","Plant-Cal"
"ct6","Pol-Ofu","Plant-Cal"
"ct6","Pol-Dip3","Plant-Cal"
"ct6","Pol-Ppy","Plant-Cal"
"ct6","Pol-Lph","Plant-Cal"
"ct6","Pol-Nom1","Plant-Cal"
"ct6","Pol-Lsi","Plant-Cal"
"ct6","Pol-Bte","Plant-Lst"
"ct6","Pol-Ani","Plant-Lst"
"ct6","Pol-And3","Plant-Lst"
"ct6","Pol-Lmi","Plant-Lst"
"ct6","Pol-Mel","Plant-Lst"
"ct6","Pol-Sca","Plant-Lst"
"ct6","Pol-Bom1","Plant-Lst"
"ct6","Pol-Melig","Plant-Lst"
"ct6","Pol-Lgr","Plant-Lst"
"ct6","Pol-Ade","Plant-Lst"
"ct6","Pol-Ame","Plant-Lst"
"ct6","Pol-Eup","Plant-Lst"
"ct6","Pol-Ete","Plant-Lst"
"ct6","Pol-Ccr","Plant-Lst"
"ct6","Pol-Lae","Plant-Lst"
"ct6","Pol-Ort2","Plant-Lst"
"ct6","Pol-Nom6","Plant-Lst"
"ct6","Pol-Ort1","Plant-Lst"
"ct6","Pol-And2","Plant-Lst"
"ct6","Pol-Ant2","Plant-Lst"
"ct6","Pol-Ccu","Plant-Lst"
"ct6","Pol-And8","Plant-Lst"
"ct6","Pol-Eba","Plant-Lst"
"ct6","Pol-Hsc","Plant-Lst"
"ct6","Pol-Bom3","Plant-Lst"
"ct6","Pol-Ofu","Plant-Lst"
"ct6","Pol-Dip3","Plant-Lst"
"ct6","Pol-Ppy","Plant-Lst"
"ct6","Pol-Lph","Plant-Lst"
"ct6","Pol-Nom1","Plant-Lst"
"ct6","Pol-Lsi","Plant-Lst"
"ct6","Pol-Bte","Plant-TvuF"
"ct6","Pol-Ani","Plant-TvuF"
"ct6","Pol-And3","Plant-TvuF"
"ct6","Pol-Lmi","Plant-TvuF"
"ct6","Pol-Mel","Plant-TvuF"
"ct6","Pol-Sca","Plant-TvuF"
"ct6","Pol-Bom1","Plant-TvuF"
"ct6","Pol-Melig","Plant-TvuF"
"ct6","Pol-Lgr","Plant-TvuF"
"ct6","Pol-Ade","Plant-TvuF"
"ct6","Pol-Ame","Plant-TvuF"
"ct6","Pol-Eup","Plant-TvuF"
"ct6","Pol-Ete","Plant-TvuF"
"ct6","Pol-Ccr","Plant-TvuF"
"ct6","Pol-Lae","Plant-TvuF"
"ct6","Pol-Ort2","Plant-TvuF"
"ct6","Pol-Nom6","Plant-TvuF"
"ct6","Pol-Ort1","Plant-TvuF"
"ct6","Pol-And2","Plant-TvuF"
"ct6","Pol-Ant2","Plant-TvuF"
"ct6","Pol-Ccu","Plant-TvuF"
"ct6","Pol-And8","Plant-TvuF"
"ct6","Pol-Eba","Plant-TvuF"
"ct6","Pol-Hsc","Plant-TvuF"
"ct6","Pol-Bom3","Plant-TvuF"
"ct6","Pol-Ofu","Plant-TvuF"
"ct6","Pol-Dip3","Plant-TvuF"
"ct6","Pol-Ppy","Plant-TvuF"
"ct6","Pol-Lph","Plant-TvuF"
"ct6","Pol-Nom1","Plant-TvuF"
"ct6","Pol-Lsi","Plant-TvuF"
"ct6","Pol-Bte","Plant-Ech"
"ct6","Pol-Ani","Plant-Ech"
"ct6","Pol-And3","Plant-Ech"
"ct6","Pol-Lmi","Plant-Ech"
"ct6","Pol-Mel","Plant-Ech"
"ct6","Pol-Sca","Plant-Ech"
"ct6","Pol-Bom1","Plant-Ech"
"ct6","Pol-Melig","Plant-Ech"
"ct6","Pol-Lgr","Plant-Ech"
"ct6","Pol-Ade","Plant-Ech"
"ct6","Pol-Ame","Plant-Ech"
"ct6","Pol-Eup","Plant-Ech"
"ct6","Pol-Ete","Plant-Ech"
"ct6","Pol-Ccr","Plant-Ech"
"ct6","Pol-Lae","Plant-Ech"
"ct6","Pol-Ort2","Plant-Ech"
"ct6","Pol-Nom6","Plant-Ech"
"ct6","Pol-Ort1","Plant-Ech"
"ct6","Pol-And2","Plant-Ech"
"ct6","Pol-Ant2","Plant-Ech"
"ct6","Pol-Ccu","Plant-Ech"
"ct6","Pol-And8","Plant-Ech"
"ct6","Pol-Eba","Plant-Ech"
"ct6","Pol-Hsc","Plant-Ech"
"ct6","Pol-Bom3","Plant-Ech"
"ct6","Pol-Ofu","Plant-Ech"
"ct6","Pol-Dip3","Plant-Ech"
"ct6","Pol-Ppy","Plant-Ech"
"ct6","Pol-Lph","Plant-Ech"
"ct6","Pol-Nom1","Plant-Ech"
"ct6","Pol-Lsi","Plant-Ech"
"ct6","Pol-Bte","Plant-Aza"
"ct6","Pol-Ani","Plant-Aza"
"ct6","Pol-And3","Plant-Aza"
"ct6","Pol-Lmi","Plant-Aza"
"ct6","Pol-Mel","Plant-Aza"
"ct6","Pol-Sca","Plant-Aza"
"ct6","Pol-Bom1","Plant-Aza"
"ct6","Pol-Melig","Plant-Aza"
"ct6","Pol-Lgr","Plant-Aza"
"ct6","Pol-Ade","Plant-Aza"
"ct6","Pol-Ame","Plant-Aza"
"ct6","Pol-Eup","Plant-Aza"
"ct6","Pol-Ete","Plant-Aza"
"ct6","Pol-Ccr","Plant-Aza"
"ct6","Pol-Lae","Plant-Aza"
"ct6","Pol-Ort2","Plant-Aza"
"ct6","Pol-Nom6","Plant-Aza"
"ct6","Pol-Ort1","Plant-Aza"
"ct6","Pol-And2","Plant-Aza"
"ct6","Pol-Ant2","Plant-Aza"
"ct6","Pol-Ccu","Plant-Aza"
"ct6","Pol-And8","Plant-Aza"
"ct6","Pol-Eba","Plant-Aza"
"ct6","Pol-Hsc","Plant-Aza"
"ct6","Pol-Bom3","Plant-Aza"
"ct6","Pol-Ofu","Plant-Aza"
"ct6","Pol-Dip3","Plant-Aza"
"ct6","Pol-Ppy","Plant-Aza"
"ct6","Pol-Lph","Plant-Aza"
"ct6","Pol-Nom1","Plant-Aza"
"ct6","Pol-Lsi","Plant-Aza"
"ct6","Pol-Bte","Plant-Lat"
"ct6","Pol-Ani","Plant-Lat"
"ct6","Pol-And3","Plant-Lat"
"ct6","Pol-Lmi","Plant-Lat"
"ct6","Pol-Mel","Plant-Lat"
"ct6","Pol-Sca","Plant-Lat"
"ct6","Pol-Bom1","Plant-Lat"
"ct6","Pol-Melig","Plant-Lat"
"ct6","Pol-Lgr","Plant-Lat"
"ct6","Pol-Ade","Plant-Lat"
"ct6","Pol-Ame","Plant-Lat"
"ct6","Pol-Eup","Plant-Lat"
"ct6","Pol-Ete","Plant-Lat"
"ct6","Pol-Ccr","Plant-Lat"
"ct6","Pol-Lae","Plant-Lat"
"ct6","Pol-Ort2","Plant-Lat"
"ct6","Pol-Nom6","Plant-Lat"
"ct6","Pol-Ort1","Plant-Lat"
"ct6","Pol-And2","Plant-Lat"
"ct6","Pol-Ant2","Plant-Lat"
"ct6","Pol-Ccu","Plant-Lat"
"ct6","Pol-And8","Plant-Lat"
"ct6","Pol-Eba","Plant-Lat"
"ct6","Pol-Hsc","Plant-Lat"
"ct6","Pol-Bom3","Plant-Lat"
"ct6","Pol-Ofu","Plant-Lat"
"ct6","Pol-Dip3","Plant-Lat"
"ct6","Pol-Ppy","Plant-Lat"
"ct6","Pol-Lph","Plant-Lat"
"ct6","Pol-Nom1","Plant-Lat"
"ct6","Pol-Lsi","Plant-Lat"
"ct6","Pol-Bte","Plant-Sen"
"ct6","Pol-Ani","Plant-Sen"
"ct6","Pol-And3","Plant-Sen"
"ct6","Pol-Lmi","Plant-Sen"
"ct6","Pol-Mel","Plant-Sen"
"ct6","Pol-Sca","Plant-Sen"
"ct6","Pol-Bom1","Plant-Sen"
"ct6","Pol-Melig","Plant-Sen"
"ct6","Pol-Lgr","Plant-Sen"
"ct6","Pol-Ade","Plant-Sen"
"ct6","Pol-Ame","Plant-Sen"
"ct6","Pol-Eup","Plant-Sen"
"ct6","Pol-Ete","Plant-Sen"
"ct6","Pol-Ccr","Plant-Sen"
"ct6","Pol-Lae","Plant-Sen"
"ct6","Pol-Ort2","Plant-Sen"
"ct6","Pol-Nom6","Plant-Sen"
"ct6","Pol-Ort1","Plant-Sen"
"ct6","Pol-And2","Plant-Sen"
"ct6","Pol-Ant2","Plant-Sen"
"ct6","Pol-Ccu","Plant-Sen"
"ct6","Pol-And8","Plant-Sen"
"ct6","Pol-Eba","Plant-Sen"
"ct6","Pol-Hsc","Plant-Sen"
"ct6","Pol-Bom3","Plant-Sen"
"ct6","Pol-Ofu","Plant-Sen"
"ct6","Pol-Dip3","Plant-Sen"
"ct6","Pol-Ppy","Plant-Sen"
"ct6","Pol-Lph","Plant-Sen"
"ct6","Pol-Nom1","Plant-Sen"
"ct6","Pol-Lsi","Plant-Sen"
"ct6","Pol-Bte","Plant-Tof"
"ct6","Pol-Ani","Plant-Tof"
"ct6","Pol-And3","Plant-Tof"
"ct6","Pol-Lmi","Plant-Tof"
"ct6","Pol-Mel","Plant-Tof"
"ct6","Pol-Sca","Plant-Tof"
"ct6","Pol-Bom1","Plant-Tof"
"ct6","Pol-Melig","Plant-Tof"
"ct6","Pol-Lgr","Plant-Tof"
"ct6","Pol-Ade","Plant-Tof"
"ct6","Pol-Ame","Plant-Tof"
"ct6","Pol-Eup","Plant-Tof"
"ct6","Pol-Ete","Plant-Tof"
"ct6","Pol-Ccr","Plant-Tof"
"ct6","Pol-Lae","Plant-Tof"
"ct6","Pol-Ort2","Plant-Tof"
"ct6","Pol-Nom6","Plant-Tof"
"ct6","Pol-Ort1","Plant-Tof"
"ct6","Pol-And2","Plant-Tof"
"ct6","Pol-Ant2","Plant-Tof"
"ct6","Pol-Ccu","Plant-Tof"
"ct6","Pol-And8","Plant-Tof"
"ct6","Pol-Eba","Plant-Tof"
"ct6","Pol-Hsc","Plant-Tof"
"ct6","Pol-Bom3","Plant-Tof"
"ct6","Pol-Ofu","Plant-Tof"
"ct6","Pol-Dip3","Plant-Tof"
"ct6","Pol-Ppy","Plant-Tof"
"ct6","Pol-Lph","Plant-Tof"
"ct6","Pol-Nom1","Plant-Tof"
"ct6","Pol-Lsi","Plant-Tof"
"ct6","Pol-Bte","Plant-Ama"
"ct6","Pol-Ani","Plant-Ama"
"ct6","Pol-And3","Plant-Ama"
"ct6","Pol-Lmi","Plant-Ama"
"ct6","Pol-Mel","Plant-Ama"
"ct6","Pol-Sca","Plant-Ama"
"ct6","Pol-Bom1","Plant-Ama"
"ct6","Pol-Melig","Plant-Ama"
"ct6","Pol-Lgr","Plant-Ama"
"ct6","Pol-Ade","Plant-Ama"
"ct6","Pol-Ame","Plant-Ama"
"ct6","Pol-Eup","Plant-Ama"
"ct6","Pol-Ete","Plant-Ama"
"ct6","Pol-Ccr","Plant-Ama"
"ct6","Pol-Lae","Plant-Ama"
"ct6","Pol-Ort2","Plant-Ama"
"ct6","Pol-Nom6","Plant-Ama"
"ct6","Pol-Ort1","Plant-Ama"
"ct6","Pol-And2","Plant-Ama"
"ct6","Pol-Ant2","Plant-Ama"
"ct6","Pol-Ccu","Plant-Ama"
"ct6","Pol-And8","Plant-Ama"
"ct6","Pol-Eba","Plant-Ama"
"ct6","Pol-Hsc","Plant-Ama"
"ct6","Pol-Bom3","Plant-Ama"
"ct6","Pol-Ofu","Plant-Ama"
"ct6","Pol-Dip3","Plant-Ama"
"ct6","Pol-Ppy","Plant-Ama"
"ct6","Pol-Lph","Plant-Ama"
"ct6","Pol-Nom1","Plant-Ama"
"ct6","Pol-Lsi","Plant-Ama"
"ct6","Pol-Bte","Plant-Rbu"
"ct6","Pol-Ani","Plant-Rbu"
"ct6","Pol-And3","Plant-Rbu"
"ct6","Pol-Lmi","Plant-Rbu"
"ct6","Pol-Mel","Plant-Rbu"
"ct6","Pol-Sca","Plant-Rbu"
"ct6","Pol-Bom1","Plant-Rbu"
"ct6","Pol-Melig","Plant-Rbu"
"ct6","Pol-Lgr","Plant-Rbu"
"ct6","Pol-Ade","Plant-Rbu"
"ct6","Pol-Ame","Plant-Rbu"
"ct6","Pol-Eup","Plant-Rbu"
"ct6","Pol-Ete","Plant-Rbu"
"ct6","Pol-Ccr","Plant-Rbu"
"ct6","Pol-Lae","Plant-Rbu"
"ct6","Pol-Ort2","Plant-Rbu"
"ct6","Pol-Nom6","Plant-Rbu"
"ct6","Pol-Ort1","Plant-Rbu"
"ct6","Pol-And2","Plant-Rbu"
"ct6","Pol-Ant2","Plant-Rbu"
"ct6","Pol-Ccu","Plant-Rbu"
"ct6","Pol-And8","Plant-Rbu"
"ct6","Pol-Eba","Plant-Rbu"
"ct6","Pol-Hsc","Plant-Rbu"
"ct6","Pol-Bom3","Plant-Rbu"
"ct6","Pol-Ofu","Plant-Rbu"
"ct6","Pol-Dip3","Plant-Rbu"
"ct6","Pol-Ppy","Plant-Rbu"
"ct6","Pol-Lph","Plant-Rbu"
"ct6","Pol-Nom1","Plant-Rbu"
"ct6","Pol-Lsi","Plant-Rbu"
"ct6","Pol-Bte","Plant-Ger"
"ct6","Pol-Ani","Plant-Ger"
"ct6","Pol-And3","Plant-Ger"
"ct6","Pol-Lmi","Plant-Ger"
"ct6","Pol-Mel","Plant-Ger"
"ct6","Pol-Sca","Plant-Ger"
"ct6","Pol-Bom1","Plant-Ger"
"ct6","Pol-Melig","Plant-Ger"
"ct6","Pol-Lgr","Plant-Ger"
"ct6","Pol-Ade","Plant-Ger"
"ct6","Pol-Ame","Plant-Ger"
"ct6","Pol-Eup","Plant-Ger"
"ct6","Pol-Ete","Plant-Ger"
"ct6","Pol-Ccr","Plant-Ger"
"ct6","Pol-Lae","Plant-Ger"
"ct6","Pol-Ort2","Plant-Ger"
"ct6","Pol-Nom6","Plant-Ger"
"ct6","Pol-Ort1","Plant-Ger"
"ct6","Pol-And2","Plant-Ger"
"ct6","Pol-Ant2","Plant-Ger"
"ct6","Pol-Ccu","Plant-Ger"
"ct6","Pol-And8","Plant-Ger"
"ct6","Pol-Eba","Plant-Ger"
"ct6","Pol-Hsc","Plant-Ger"
"ct6","Pol-Bom3","Plant-Ger"
"ct6","Pol-Ofu","Plant-Ger"
"ct6","Pol-Dip3","Plant-Ger"
"ct6","Pol-Ppy","Plant-Ger"
"ct6","Pol-Lph","Plant-Ger"
"ct6","Pol-Nom1","Plant-Ger"
"ct6","Pol-Lsi","Plant-Ger"
"ct6","Pol-Bte","Plant-Cer"
"ct6","Pol-Ani","Plant-Cer"
"ct6","Pol-And3","Plant-Cer"
"ct6","Pol-Lmi","Plant-Cer"
"ct6","Pol-Mel","Plant-Cer"
"ct6","Pol-Sca","Plant-Cer"
"ct6","Pol-Bom1","Plant-Cer"
"ct6","Pol-Melig","Plant-Cer"
"ct6","Pol-Lgr","Plant-Cer"
"ct6","Pol-Ade","Plant-Cer"
"ct6","Pol-Ame","Plant-Cer"
"ct6","Pol-Eup","Plant-Cer"
"ct6","Pol-Ete","Plant-Cer"
"ct6","Pol-Ccr","Plant-Cer"
"ct6","Pol-Lae","Plant-Cer"
"ct6","Pol-Ort2","Plant-Cer"
"ct6","Pol-Nom6","Plant-Cer"
"ct6","Pol-Ort1","Plant-Cer"
"ct6","Pol-And2","Plant-Cer"
"ct6","Pol-Ant2","Plant-Cer"
"ct6","Pol-Ccu","Plant-Cer"
"ct6","Pol-And8","Plant-Cer"
"ct6","Pol-Eba","Plant-Cer"
"ct6","Pol-Hsc","Plant-Cer"
"ct6","Pol-Bom3","Plant-Cer"
"ct6","Pol-Ofu","Plant-Cer"
"ct6","Pol-Dip3","Plant-Cer"
"ct6","Pol-Ppy","Plant-Cer"
"ct6","Pol-Lph","Plant-Cer"
"ct6","Pol-Nom1","Plant-Cer"
"ct6","Pol-Lsi","Plant-Cer"
"ct6","Pol-Bte","Plant-Hgu"
"ct6","Pol-Ani","Plant-Hgu"
"ct6","Pol-And3","Plant-Hgu"
"ct6","Pol-Lmi","Plant-Hgu"
"ct6","Pol-Mel","Plant-Hgu"
"ct6","Pol-Sca","Plant-Hgu"
"ct6","Pol-Bom1","Plant-Hgu"
"ct6","Pol-Melig","Plant-Hgu"
"ct6","Pol-Lgr","Plant-Hgu"
"ct6","Pol-Ade","Plant-Hgu"
"ct6","Pol-Ame","Plant-Hgu"
"ct6","Pol-Eup","Plant-Hgu"
"ct6","Pol-Ete","Plant-Hgu"
"ct6","Pol-Ccr","Plant-Hgu"
"ct6","Pol-Lae","Plant-Hgu"
"ct6","Pol-Ort2","Plant-Hgu"
"ct6","Pol-Nom6","Plant-Hgu"
"ct6","Pol-Ort1","Plant-Hgu"
"ct6","Pol-And2","Plant-Hgu"
"ct6","Pol-Ant2","Plant-Hgu"
"ct6","Pol-Ccu","Plant-Hgu"
"ct6","Pol-And8","Plant-Hgu"
"ct6","Pol-Eba","Plant-Hgu"
"ct6","Pol-Hsc","Plant-Hgu"
"ct6","Pol-Bom3","Plant-Hgu"
"ct6","Pol-Ofu","Plant-Hgu"
"ct6","Pol-Dip3","Plant-Hgu"
"ct6","Pol-Ppy","Plant-Hgu"
"ct6","Pol-Lph","Plant-Hgu"
"ct6","Pol-Nom1","Plant-Hgu"
"ct6","Pol-Lsi","Plant-Hgu"
"cc6","Pol-Bte","Plant-Csa"
"cc6","Pol-Bpa","Plant-Csa"
"cc6","Pol-Euc1","Plant-Csa"
"cc6","Pol-Lmi","Plant-Csa"
"cc6","Pol-Dip5","Plant-Csa"
"cc6","Pol-Bru1","Plant-Csa"
"cc6","Pol-Bru3","Plant-Csa"
"cc6","Pol-Ame","Plant-Csa"
"cc6","Pol-Apl","Plant-Csa"
"cc6","Pol-Mel","Plant-Csa"
"cc6","Pol-Sca","Plant-Csa"
"cc6","Pol-Eup","Plant-Csa"
"cc6","Pol-Eba","Plant-Csa"
"cc6","Pol-Melig","Plant-Csa"
"cc6","Pol-Dan","Plant-Csa"
"cc6","Pol-Ppy","Plant-Csa"
"cc6","Pol-Mir","Plant-Csa"
"cc6","Pol-Ani","Plant-Csa"
"cc6","Pol-Che1","Plant-Csa"
"cc6","Pol-Eer","Plant-Csa"
"cc6","Pol-Par","Plant-Csa"
"cc6","Pol-Bom1","Plant-Csa"
"cc6","Pol-Dip22","Plant-Csa"
"cc6","Pol-Ete","Plant-Csa"
"cc6","Pol-Fge","Plant-Csa"
"cc6","Pol-Lgr","Plant-Csa"
"cc6","Pol-And2","Plant-Csa"
"cc6","Pol-Aful","Plant-Csa"
"cc6","Pol-Ant","Plant-Csa"
"cc6","Pol-Che2","Plant-Csa"
"cc6","Pol-Osm3","Plant-Csa"
"cc6","Pol-Osm6","Plant-Csa"
"cc6","Pol-Nom1","Plant-Csa"
"cc6","Pol-Ssc","Plant-Csa"
"cc6","Pol-And5","Plant-Csa"
"cc6","Pol-Hsc","Plant-Csa"
"cc6","Pol-Ant3","Plant-Csa"
"cc6","Pol-Ich1","Plant-Csa"
"cc6","Pol-Mer2","Plant-Csa"
"cc6","Pol-Dip2","Plant-Csa"
"cc6","Pol-Lep2","Plant-Csa"
"cc6","Pol-And","Plant-Csa"
"cc6","Pol-Oca","Plant-Csa"
"cc6","Pol-Ccu","Plant-Csa"
"cc6","Pol-Nom4","Plant-Csa"
"cc6","Pol-Dip3","Plant-Csa"
"cc6","Pol-Anthr","Plant-Csa"
"cc6","Pol-Ahu","Plant-Csa"
"cc6","Pol-Che3","Plant-Csa"
"cc6","Pol-Bte","Plant-Ese"
"cc6","Pol-Bpa","Plant-Ese"
"cc6","Pol-Euc1","Plant-Ese"
"cc6","Pol-Lmi","Plant-Ese"
"cc6","Pol-Dip5","Plant-Ese"
"cc6","Pol-Bru1","Plant-Ese"
"cc6","Pol-Bru3","Plant-Ese"
"cc6","Pol-Ame","Plant-Ese"
"cc6","Pol-Apl","Plant-Ese"
"cc6","Pol-Mel","Plant-Ese"
"cc6","Pol-Sca","Plant-Ese"
"cc6","Pol-Eup","Plant-Ese"
"cc6","Pol-Eba","Plant-Ese"
"cc6","Pol-Melig","Plant-Ese"
"cc6","Pol-Dan","Plant-Ese"
"cc6","Pol-Ppy","Plant-Ese"
"cc6","Pol-Mir","Plant-Ese"
"cc6","Pol-Ani","Plant-Ese"
"cc6","Pol-Che1","Plant-Ese"
"cc6","Pol-Eer","Plant-Ese"
"cc6","Pol-Par","Plant-Ese"
"cc6","Pol-Bom1","Plant-Ese"
"cc6","Pol-Dip22","Plant-Ese"
"cc6","Pol-Ete","Plant-Ese"
"cc6","Pol-Fge","Plant-Ese"
"cc6","Pol-Lgr","Plant-Ese"
"cc6","Pol-And2","Plant-Ese"
"cc6","Pol-Aful","Plant-Ese"
"cc6","Pol-Ant","Plant-Ese"
"cc6","Pol-Che2","Plant-Ese"
"cc6","Pol-Osm3","Plant-Ese"
"cc6","Pol-Osm6","Plant-Ese"
"cc6","Pol-Nom1","Plant-Ese"
"cc6","Pol-Ssc","Plant-Ese"
"cc6","Pol-And5","Plant-Ese"
"cc6","Pol-Hsc","Plant-Ese"
"cc6","Pol-Ant3","Plant-Ese"
"cc6","Pol-Ich1","Plant-Ese"
"cc6","Pol-Mer2","Plant-Ese"
"cc6","Pol-Dip2","Plant-Ese"
"cc6","Pol-Lep2","Plant-Ese"
"cc6","Pol-And","Plant-Ese"
"cc6","Pol-Oca","Plant-Ese"
"cc6","Pol-Ccu","Plant-Ese"
"cc6","Pol-Nom4","Plant-Ese"
"cc6","Pol-Dip3","Plant-Ese"
"cc6","Pol-Anthr","Plant-Ese"
"cc6","Pol-Ahu","Plant-Ese"
"cc6","Pol-Che3","Plant-Ese"
"cc6","Pol-Bte","Plant-Csc"
"cc6","Pol-Bpa","Plant-Csc"
"cc6","Pol-Euc1","Plant-Csc"
"cc6","Pol-Lmi","Plant-Csc"
"cc6","Pol-Dip5","Plant-Csc"
"cc6","Pol-Bru1","Plant-Csc"
"cc6","Pol-Bru3","Plant-Csc"
"cc6","Pol-Ame","Plant-Csc"
"cc6","Pol-Apl","Plant-Csc"
"cc6","Pol-Mel","Plant-Csc"
"cc6","Pol-Sca","Plant-Csc"
"cc6","Pol-Eup","Plant-Csc"
"cc6","Pol-Eba","Plant-Csc"
"cc6","Pol-Melig","Plant-Csc"
"cc6","Pol-Dan","Plant-Csc"
"cc6","Pol-Ppy","Plant-Csc"
"cc6","Pol-Mir","Plant-Csc"
"cc6","Pol-Ani","Plant-Csc"
"cc6","Pol-Che1","Plant-Csc"
"cc6","Pol-Eer","Plant-Csc"
"cc6","Pol-Par","Plant-Csc"
"cc6","Pol-Bom1","Plant-Csc"
"cc6","Pol-Dip22","Plant-Csc"
"cc6","Pol-Ete","Plant-Csc"
"cc6","Pol-Fge","Plant-Csc"
"cc6","Pol-Lgr","Plant-Csc"
"cc6","Pol-And2","Plant-Csc"
"cc6","Pol-Aful","Plant-Csc"
"cc6","Pol-Ant","Plant-Csc"
"cc6","Pol-Che2","Plant-Csc"
"cc6","Pol-Osm3","Plant-Csc"
"cc6","Pol-Osm6","Plant-Csc"
"cc6","Pol-Nom1","Plant-Csc"
"cc6","Pol-Ssc","Plant-Csc"
"cc6","Pol-And5","Plant-Csc"
"cc6","Pol-Hsc","Plant-Csc"
"cc6","Pol-Ant3","Plant-Csc"
"cc6","Pol-Ich1","Plant-Csc"
"cc6","Pol-Mer2","Plant-Csc"
"cc6","Pol-Dip2","Plant-Csc"
"cc6","Pol-Lep2","Plant-Csc"
"cc6","Pol-And","Plant-Csc"
"cc6","Pol-Oca","Plant-Csc"
"cc6","Pol-Ccu","Plant-Csc"
"cc6","Pol-Nom4","Plant-Csc"
"cc6","Pol-Dip3","Plant-Csc"
"cc6","Pol-Anthr","Plant-Csc"
"cc6","Pol-Ahu","Plant-Csc"
"cc6","Pol-Che3","Plant-Csc"
"cc6","Pol-Bte","Plant-Vcr"
"cc6","Pol-Bpa","Plant-Vcr"
"cc6","Pol-Euc1","Plant-Vcr"
"cc6","Pol-Lmi","Plant-Vcr"
"cc6","Pol-Dip5","Plant-Vcr"
"cc6","Pol-Bru1","Plant-Vcr"
"cc6","Pol-Bru3","Plant-Vcr"
"cc6","Pol-Ame","Plant-Vcr"
"cc6","Pol-Apl","Plant-Vcr"
"cc6","Pol-Mel","Plant-Vcr"
"cc6","Pol-Sca","Plant-Vcr"
"cc6","Pol-Eup","Plant-Vcr"
"cc6","Pol-Eba","Plant-Vcr"
"cc6","Pol-Melig","Plant-Vcr"
"cc6","Pol-Dan","Plant-Vcr"
"cc6","Pol-Ppy","Plant-Vcr"
"cc6","Pol-Mir","Plant-Vcr"
"cc6","Pol-Ani","Plant-Vcr"
"cc6","Pol-Che1","Plant-Vcr"
"cc6","Pol-Eer","Plant-Vcr"
"cc6","Pol-Par","Plant-Vcr"
"cc6","Pol-Bom1","Plant-Vcr"
"cc6","Pol-Dip22","Plant-Vcr"
"cc6","Pol-Ete","Plant-Vcr"
"cc6","Pol-Fge","Plant-Vcr"
"cc6","Pol-Lgr","Plant-Vcr"
"cc6","Pol-And2","Plant-Vcr"
"cc6","Pol-Aful","Plant-Vcr"
"cc6","Pol-Ant","Plant-Vcr"
"cc6","Pol-Che2","Plant-Vcr"
"cc6","Pol-Osm3","Plant-Vcr"
"cc6","Pol-Osm6","Plant-Vcr"
"cc6","Pol-Nom1","Plant-Vcr"
"cc6","Pol-Ssc","Plant-Vcr"
"cc6","Pol-And5","Plant-Vcr"
"cc6","Pol-Hsc","Plant-Vcr"
"cc6","Pol-Ant3","Plant-Vcr"
"cc6","Pol-Ich1","Plant-Vcr"
"cc6","Pol-Mer2","Plant-Vcr"
"cc6","Pol-Dip2","Plant-Vcr"
"cc6","Pol-Lep2","Plant-Vcr"
"cc6","Pol-And","Plant-Vcr"
"cc6","Pol-Oca","Plant-Vcr"
"cc6","Pol-Ccu","Plant-Vcr"
"cc6","Pol-Nom4","Plant-Vcr"
"cc6","Pol-Dip3","Plant-Vcr"
"cc6","Pol-Anthr","Plant-Vcr"
"cc6","Pol-Ahu","Plant-Vcr"
"cc6","Pol-Che3","Plant-Vcr"
"cc6","Pol-Bte","Plant-Vic"
"cc6","Pol-Bpa","Plant-Vic"
"cc6","Pol-Euc1","Plant-Vic"
"cc6","Pol-Lmi","Plant-Vic"
"cc6","Pol-Dip5","Plant-Vic"
"cc6","Pol-Bru1","Plant-Vic"
"cc6","Pol-Bru3","Plant-Vic"
"cc6","Pol-Ame","Plant-Vic"
"cc6","Pol-Apl","Plant-Vic"
"cc6","Pol-Mel","Plant-Vic"
"cc6","Pol-Sca","Plant-Vic"
"cc6","Pol-Eup","Plant-Vic"
"cc6","Pol-Eba","Plant-Vic"
"cc6","Pol-Melig","Plant-Vic"
"cc6","Pol-Dan","Plant-Vic"
"cc6","Pol-Ppy","Plant-Vic"
"cc6","Pol-Mir","Plant-Vic"
"cc6","Pol-Ani","Plant-Vic"
"cc6","Pol-Che1","Plant-Vic"
"cc6","Pol-Eer","Plant-Vic"
"cc6","Pol-Par","Plant-Vic"
"cc6","Pol-Bom1","Plant-Vic"
"cc6","Pol-Dip22","Plant-Vic"
"cc6","Pol-Ete","Plant-Vic"
"cc6","Pol-Fge","Plant-Vic"
"cc6","Pol-Lgr","Plant-Vic"
"cc6","Pol-And2","Plant-Vic"
"cc6","Pol-Aful","Plant-Vic"
"cc6","Pol-Ant","Plant-Vic"
"cc6","Pol-Che2","Plant-Vic"
"cc6","Pol-Osm3","Plant-Vic"
"cc6","Pol-Osm6","Plant-Vic"
"cc6","Pol-Nom1","Plant-Vic"
"cc6","Pol-Ssc","Plant-Vic"
"cc6","Pol-And5","Plant-Vic"
"cc6","Pol-Hsc","Plant-Vic"
"cc6","Pol-Ant3","Plant-Vic"
"cc6","Pol-Ich1","Plant-Vic"
"cc6","Pol-Mer2","Plant-Vic"
"cc6","Pol-Dip2","Plant-Vic"
"cc6","Pol-Lep2","Plant-Vic"
"cc6","Pol-And","Plant-Vic"
"cc6","Pol-Oca","Plant-Vic"
"cc6","Pol-Ccu","Plant-Vic"
"cc6","Pol-Nom4","Plant-Vic"
"cc6","Pol-Dip3","Plant-Vic"
"cc6","Pol-Anthr","Plant-Vic"
"cc6","Pol-Ahu","Plant-Vic"
"cc6","Pol-Che3","Plant-Vic"
"cc6","Pol-Bte","Plant-Lco"
"cc6","Pol-Bpa","Plant-Lco"
"cc6","Pol-Euc1","Plant-Lco"
"cc6","Pol-Lmi","Plant-Lco"
"cc6","Pol-Dip5","Plant-Lco"
"cc6","Pol-Bru1","Plant-Lco"
"cc6","Pol-Bru3","Plant-Lco"
"cc6","Pol-Ame","Plant-Lco"
"cc6","Pol-Apl","Plant-Lco"
"cc6","Pol-Mel","Plant-Lco"
"cc6","Pol-Sca","Plant-Lco"
"cc6","Pol-Eup","Plant-Lco"
"cc6","Pol-Eba","Plant-Lco"
"cc6","Pol-Melig","Plant-Lco"
"cc6","Pol-Dan","Plant-Lco"
"cc6","Pol-Ppy","Plant-Lco"
"cc6","Pol-Mir","Plant-Lco"
"cc6","Pol-Ani","Plant-Lco"
"cc6","Pol-Che1","Plant-Lco"
"cc6","Pol-Eer","Plant-Lco"
"cc6","Pol-Par","Plant-Lco"
"cc6","Pol-Bom1","Plant-Lco"
"cc6","Pol-Dip22","Plant-Lco"
"cc6","Pol-Ete","Plant-Lco"
"cc6","Pol-Fge","Plant-Lco"
"cc6","Pol-Lgr","Plant-Lco"
"cc6","Pol-And2","Plant-Lco"
"cc6","Pol-Aful","Plant-Lco"
"cc6","Pol-Ant","Plant-Lco"
"cc6","Pol-Che2","Plant-Lco"
"cc6","Pol-Osm3","Plant-Lco"
"cc6","Pol-Osm6","Plant-Lco"
"cc6","Pol-Nom1","Plant-Lco"
"cc6","Pol-Ssc","Plant-Lco"
"cc6","Pol-And5","Plant-Lco"
"cc6","Pol-Hsc","Plant-Lco"
"cc6","Pol-Ant3","Plant-Lco"
"cc6","Pol-Ich1","Plant-Lco"
"cc6","Pol-Mer2","Plant-Lco"
"cc6","Pol-Dip2","Plant-Lco"
"cc6","Pol-Lep2","Plant-Lco"
"cc6","Pol-And","Plant-Lco"
"cc6","Pol-Oca","Plant-Lco"
"cc6","Pol-Ccu","Plant-Lco"
"cc6","Pol-Nom4","Plant-Lco"
"cc6","Pol-Dip3","Plant-Lco"
"cc6","Pol-Anthr","Plant-Lco"
"cc6","Pol-Ahu","Plant-Lco"
"cc6","Pol-Che3","Plant-Lco"
"cc6","Pol-Bte","Plant-Tpr"
"cc6","Pol-Bpa","Plant-Tpr"
"cc6","Pol-Euc1","Plant-Tpr"
"cc6","Pol-Lmi","Plant-Tpr"
"cc6","Pol-Dip5","Plant-Tpr"
"cc6","Pol-Bru1","Plant-Tpr"
"cc6","Pol-Bru3","Plant-Tpr"
"cc6","Pol-Ame","Plant-Tpr"
"cc6","Pol-Apl","Plant-Tpr"
"cc6","Pol-Mel","Plant-Tpr"
"cc6","Pol-Sca","Plant-Tpr"
"cc6","Pol-Eup","Plant-Tpr"
"cc6","Pol-Eba","Plant-Tpr"
"cc6","Pol-Melig","Plant-Tpr"
"cc6","Pol-Dan","Plant-Tpr"
"cc6","Pol-Ppy","Plant-Tpr"
"cc6","Pol-Mir","Plant-Tpr"
"cc6","Pol-Ani","Plant-Tpr"
"cc6","Pol-Che1","Plant-Tpr"
"cc6","Pol-Eer","Plant-Tpr"
"cc6","Pol-Par","Plant-Tpr"
"cc6","Pol-Bom1","Plant-Tpr"
"cc6","Pol-Dip22","Plant-Tpr"
"cc6","Pol-Ete","Plant-Tpr"
"cc6","Pol-Fge","Plant-Tpr"
"cc6","Pol-Lgr","Plant-Tpr"
"cc6","Pol-And2","Plant-Tpr"
"cc6","Pol-Aful","Plant-Tpr"
"cc6","Pol-Ant","Plant-Tpr"
"cc6","Pol-Che2","Plant-Tpr"
"cc6","Pol-Osm3","Plant-Tpr"
"cc6","Pol-Osm6","Plant-Tpr"
"cc6","Pol-Nom1","Plant-Tpr"
"cc6","Pol-Ssc","Plant-Tpr"
"cc6","Pol-And5","Plant-Tpr"
"cc6","Pol-Hsc","Plant-Tpr"
"cc6","Pol-Ant3","Plant-Tpr"
"cc6","Pol-Ich1","Plant-Tpr"
"cc6","Pol-Mer2","Plant-Tpr"
"cc6","Pol-Dip2","Plant-Tpr"
"cc6","Pol-Lep2","Plant-Tpr"
"cc6","Pol-And","Plant-Tpr"
"cc6","Pol-Oca","Plant-Tpr"
"cc6","Pol-Ccu","Plant-Tpr"
"cc6","Pol-Nom4","Plant-Tpr"
"cc6","Pol-Dip3","Plant-Tpr"
"cc6","Pol-Anthr","Plant-Tpr"
"cc6","Pol-Ahu","Plant-Tpr"
"cc6","Pol-Che3","Plant-Tpr"
"cc6","Pol-Bte","Plant-Ain"
"cc6","Pol-Bpa","Plant-Ain"
"cc6","Pol-Euc1","Plant-Ain"
"cc6","Pol-Lmi","Plant-Ain"
"cc6","Pol-Dip5","Plant-Ain"
"cc6","Pol-Bru1","Plant-Ain"
"cc6","Pol-Bru3","Plant-Ain"
"cc6","Pol-Ame","Plant-Ain"
"cc6","Pol-Apl","Plant-Ain"
"cc6","Pol-Mel","Plant-Ain"
"cc6","Pol-Sca","Plant-Ain"
"cc6","Pol-Eup","Plant-Ain"
"cc6","Pol-Eba","Plant-Ain"
"cc6","Pol-Melig","Plant-Ain"
"cc6","Pol-Dan","Plant-Ain"
"cc6","Pol-Ppy","Plant-Ain"
"cc6","Pol-Mir","Plant-Ain"
"cc6","Pol-Ani","Plant-Ain"
"cc6","Pol-Che1","Plant-Ain"
"cc6","Pol-Eer","Plant-Ain"
"cc6","Pol-Par","Plant-Ain"
"cc6","Pol-Bom1","Plant-Ain"
"cc6","Pol-Dip22","Plant-Ain"
"cc6","Pol-Ete","Plant-Ain"
"cc6","Pol-Fge","Plant-Ain"
"cc6","Pol-Lgr","Plant-Ain"
"cc6","Pol-And2","Plant-Ain"
"cc6","Pol-Aful","Plant-Ain"
"cc6","Pol-Ant","Plant-Ain"
"cc6","Pol-Che2","Plant-Ain"
"cc6","Pol-Osm3","Plant-Ain"
"cc6","Pol-Osm6","Plant-Ain"
"cc6","Pol-Nom1","Plant-Ain"
"cc6","Pol-Ssc","Plant-Ain"
"cc6","Pol-And5","Plant-Ain"
"cc6","Pol-Hsc","Plant-Ain"
"cc6","Pol-Ant3","Plant-Ain"
"cc6","Pol-Ich1","Plant-Ain"
"cc6","Pol-Mer2","Plant-Ain"
"cc6","Pol-Dip2","Plant-Ain"
"cc6","Pol-Lep2","Plant-Ain"
"cc6","Pol-And","Plant-Ain"
"cc6","Pol-Oca","Plant-Ain"
"cc6","Pol-Ccu","Plant-Ain"
"cc6","Pol-Nom4","Plant-Ain"
"cc6","Pol-Dip3","Plant-Ain"
"cc6","Pol-Anthr","Plant-Ain"
"cc6","Pol-Ahu","Plant-Ain"
"cc6","Pol-Che3","Plant-Ain"
"cc6","Pol-Bte","Plant-Tof"
"cc6","Pol-Bpa","Plant-Tof"
"cc6","Pol-Euc1","Plant-Tof"
"cc6","Pol-Lmi","Plant-Tof"
"cc6","Pol-Dip5","Plant-Tof"
"cc6","Pol-Bru1","Plant-Tof"
"cc6","Pol-Bru3","Plant-Tof"
"cc6","Pol-Ame","Plant-Tof"
"cc6","Pol-Apl","Plant-Tof"
"cc6","Pol-Mel","Plant-Tof"
"cc6","Pol-Sca","Plant-Tof"
"cc6","Pol-Eup","Plant-Tof"
"cc6","Pol-Eba","Plant-Tof"
"cc6","Pol-Melig","Plant-Tof"
"cc6","Pol-Dan","Plant-Tof"
"cc6","Pol-Ppy","Plant-Tof"
"cc6","Pol-Mir","Plant-Tof"
"cc6","Pol-Ani","Plant-Tof"
"cc6","Pol-Che1","Plant-Tof"
"cc6","Pol-Eer","Plant-Tof"
"cc6","Pol-Par","Plant-Tof"
"cc6","Pol-Bom1","Plant-Tof"
"cc6","Pol-Dip22","Plant-Tof"
"cc6","Pol-Ete","Plant-Tof"
"cc6","Pol-Fge","Plant-Tof"
"cc6","Pol-Lgr","Plant-Tof"
"cc6","Pol-And2","Plant-Tof"
"cc6","Pol-Aful","Plant-Tof"
"cc6","Pol-Ant","Plant-Tof"
"cc6","Pol-Che2","Plant-Tof"
"cc6","Pol-Osm3","Plant-Tof"
"cc6","Pol-Osm6","Plant-Tof"
"cc6","Pol-Nom1","Plant-Tof"
"cc6","Pol-Ssc","Plant-Tof"
"cc6","Pol-And5","Plant-Tof"
"cc6","Pol-Hsc","Plant-Tof"
"cc6","Pol-Ant3","Plant-Tof"
"cc6","Pol-Ich1","Plant-Tof"
"cc6","Pol-Mer2","Plant-Tof"
"cc6","Pol-Dip2","Plant-Tof"
"cc6","Pol-Lep2","Plant-Tof"
"cc6","Pol-And","Plant-Tof"
"cc6","Pol-Oca","Plant-Tof"
"cc6","Pol-Ccu","Plant-Tof"
"cc6","Pol-Nom4","Plant-Tof"
"cc6","Pol-Dip3","Plant-Tof"
"cc6","Pol-Anthr","Plant-Tof"
"cc6","Pol-Ahu","Plant-Tof"
"cc6","Pol-Che3","Plant-Tof"
"cc6","Pol-Bte","Plant-Lvu"
"cc6","Pol-Bpa","Plant-Lvu"
"cc6","Pol-Euc1","Plant-Lvu"
"cc6","Pol-Lmi","Plant-Lvu"
"cc6","Pol-Dip5","Plant-Lvu"
"cc6","Pol-Bru1","Plant-Lvu"
"cc6","Pol-Bru3","Plant-Lvu"
"cc6","Pol-Ame","Plant-Lvu"
"cc6","Pol-Apl","Plant-Lvu"
"cc6","Pol-Mel","Plant-Lvu"
"cc6","Pol-Sca","Plant-Lvu"
"cc6","Pol-Eup","Plant-Lvu"
"cc6","Pol-Eba","Plant-Lvu"
"cc6","Pol-Melig","Plant-Lvu"
"cc6","Pol-Dan","Plant-Lvu"
"cc6","Pol-Ppy","Plant-Lvu"
"cc6","Pol-Mir","Plant-Lvu"
"cc6","Pol-Ani","Plant-Lvu"
"cc6","Pol-Che1","Plant-Lvu"
"cc6","Pol-Eer","Plant-Lvu"
"cc6","Pol-Par","Plant-Lvu"
"cc6","Pol-Bom1","Plant-Lvu"
"cc6","Pol-Dip22","Plant-Lvu"
"cc6","Pol-Ete","Plant-Lvu"
"cc6","Pol-Fge","Plant-Lvu"
"cc6","Pol-Lgr","Plant-Lvu"
"cc6","Pol-And2","Plant-Lvu"
"cc6","Pol-Aful","Plant-Lvu"
"cc6","Pol-Ant","Plant-Lvu"
"cc6","Pol-Che2","Plant-Lvu"
"cc6","Pol-Osm3","Plant-Lvu"
"cc6","Pol-Osm6","Plant-Lvu"
"cc6","Pol-Nom1","Plant-Lvu"
"cc6","Pol-Ssc","Plant-Lvu"
"cc6","Pol-And5","Plant-Lvu"
"cc6","Pol-Hsc","Plant-Lvu"
"cc6","Pol-Ant3","Plant-Lvu"
"cc6","Pol-Ich1","Plant-Lvu"
"cc6","Pol-Mer2","Plant-Lvu"
"cc6","Pol-Dip2","Plant-Lvu"
"cc6","Pol-Lep2","Plant-Lvu"
"cc6","Pol-And","Plant-Lvu"
"cc6","Pol-Oca","Plant-Lvu"
"cc6","Pol-Ccu","Plant-Lvu"
"cc6","Pol-Nom4","Plant-Lvu"
"cc6","Pol-Dip3","Plant-Lvu"
"cc6","Pol-Anthr","Plant-Lvu"
"cc6","Pol-Ahu","Plant-Lvu"
"cc6","Pol-Che3","Plant-Lvu"
"cc6","Pol-Bte","Plant-Rbu"
"cc6","Pol-Bpa","Plant-Rbu"
"cc6","Pol-Euc1","Plant-Rbu"
"cc6","Pol-Lmi","Plant-Rbu"
"cc6","Pol-Dip5","Plant-Rbu"
"cc6","Pol-Bru1","Plant-Rbu"
"cc6","Pol-Bru3","Plant-Rbu"
"cc6","Pol-Ame","Plant-Rbu"
"cc6","Pol-Apl","Plant-Rbu"
"cc6","Pol-Mel","Plant-Rbu"
"cc6","Pol-Sca","Plant-Rbu"
"cc6","Pol-Eup","Plant-Rbu"
"cc6","Pol-Eba","Plant-Rbu"
"cc6","Pol-Melig","Plant-Rbu"
"cc6","Pol-Dan","Plant-Rbu"
"cc6","Pol-Ppy","Plant-Rbu"
"cc6","Pol-Mir","Plant-Rbu"
"cc6","Pol-Ani","Plant-Rbu"
"cc6","Pol-Che1","Plant-Rbu"
"cc6","Pol-Eer","Plant-Rbu"
"cc6","Pol-Par","Plant-Rbu"
"cc6","Pol-Bom1","Plant-Rbu"
"cc6","Pol-Dip22","Plant-Rbu"
"cc6","Pol-Ete","Plant-Rbu"
"cc6","Pol-Fge","Plant-Rbu"
"cc6","Pol-Lgr","Plant-Rbu"
"cc6","Pol-And2","Plant-Rbu"
"cc6","Pol-Aful","Plant-Rbu"
"cc6","Pol-Ant","Plant-Rbu"
"cc6","Pol-Che2","Plant-Rbu"
"cc6","Pol-Osm3","Plant-Rbu"
"cc6","Pol-Osm6","Plant-Rbu"
"cc6","Pol-Nom1","Plant-Rbu"
"cc6","Pol-Ssc","Plant-Rbu"
"cc6","Pol-And5","Plant-Rbu"
"cc6","Pol-Hsc","Plant-Rbu"
"cc6","Pol-Ant3","Plant-Rbu"
"cc6","Pol-Ich1","Plant-Rbu"
"cc6","Pol-Mer2","Plant-Rbu"
"cc6","Pol-Dip2","Plant-Rbu"
"cc6","Pol-Lep2","Plant-Rbu"
"cc6","Pol-And","Plant-Rbu"
"cc6","Pol-Oca","Plant-Rbu"
"cc6","Pol-Ccu","Plant-Rbu"
"cc6","Pol-Nom4","Plant-Rbu"
"cc6","Pol-Dip3","Plant-Rbu"
"cc6","Pol-Anthr","Plant-Rbu"
"cc6","Pol-Ahu","Plant-Rbu"
"cc6","Pol-Che3","Plant-Rbu"
"cc6","Pol-Bte","Plant-Ger"
"cc6","Pol-Bpa","Plant-Ger"
"cc6","Pol-Euc1","Plant-Ger"
"cc6","Pol-Lmi","Plant-Ger"
"cc6","Pol-Dip5","Plant-Ger"
"cc6","Pol-Bru1","Plant-Ger"
"cc6","Pol-Bru3","Plant-Ger"
"cc6","Pol-Ame","Plant-Ger"
"cc6","Pol-Apl","Plant-Ger"
"cc6","Pol-Mel","Plant-Ger"
"cc6","Pol-Sca","Plant-Ger"
"cc6","Pol-Eup","Plant-Ger"
"cc6","Pol-Eba","Plant-Ger"
"cc6","Pol-Melig","Plant-Ger"
"cc6","Pol-Dan","Plant-Ger"
"cc6","Pol-Ppy","Plant-Ger"
"cc6","Pol-Mir","Plant-Ger"
"cc6","Pol-Ani","Plant-Ger"
"cc6","Pol-Che1","Plant-Ger"
"cc6","Pol-Eer","Plant-Ger"
"cc6","Pol-Par","Plant-Ger"
"cc6","Pol-Bom1","Plant-Ger"
"cc6","Pol-Dip22","Plant-Ger"
"cc6","Pol-Ete","Plant-Ger"
"cc6","Pol-Fge","Plant-Ger"
"cc6","Pol-Lgr","Plant-Ger"
"cc6","Pol-And2","Plant-Ger"
"cc6","Pol-Aful","Plant-Ger"
"cc6","Pol-Ant","Plant-Ger"
"cc6","Pol-Che2","Plant-Ger"
"cc6","Pol-Osm3","Plant-Ger"
"cc6","Pol-Osm6","Plant-Ger"
"cc6","Pol-Nom1","Plant-Ger"
"cc6","Pol-Ssc","Plant-Ger"
"cc6","Pol-And5","Plant-Ger"
"cc6","Pol-Hsc","Plant-Ger"
"cc6","Pol-Ant3","Plant-Ger"
"cc6","Pol-Ich1","Plant-Ger"
"cc6","Pol-Mer2","Plant-Ger"
"cc6","Pol-Dip2","Plant-Ger"
"cc6","Pol-Lep2","Plant-Ger"
"cc6","Pol-And","Plant-Ger"
"cc6","Pol-Oca","Plant-Ger"
"cc6","Pol-Ccu","Plant-Ger"
"cc6","Pol-Nom4","Plant-Ger"
"cc6","Pol-Dip3","Plant-Ger"
"cc6","Pol-Anthr","Plant-Ger"
"cc6","Pol-Ahu","Plant-Ger"
"cc6","Pol-Che3","Plant-Ger"
"cc6","Pol-Bte","Plant-Svu"
"cc6","Pol-Bpa","Plant-Svu"
"cc6","Pol-Euc1","Plant-Svu"
"cc6","Pol-Lmi","Plant-Svu"
"cc6","Pol-Dip5","Plant-Svu"
"cc6","Pol-Bru1","Plant-Svu"
"cc6","Pol-Bru3","Plant-Svu"
"cc6","Pol-Ame","Plant-Svu"
"cc6","Pol-Apl","Plant-Svu"
"cc6","Pol-Mel","Plant-Svu"
"cc6","Pol-Sca","Plant-Svu"
"cc6","Pol-Eup","Plant-Svu"
"cc6","Pol-Eba","Plant-Svu"
"cc6","Pol-Melig","Plant-Svu"
"cc6","Pol-Dan","Plant-Svu"
"cc6","Pol-Ppy","Plant-Svu"
"cc6","Pol-Mir","Plant-Svu"
"cc6","Pol-Ani","Plant-Svu"
"cc6","Pol-Che1","Plant-Svu"
"cc6","Pol-Eer","Plant-Svu"
"cc6","Pol-Par","Plant-Svu"
"cc6","Pol-Bom1","Plant-Svu"
"cc6","Pol-Dip22","Plant-Svu"
"cc6","Pol-Ete","Plant-Svu"
"cc6","Pol-Fge","Plant-Svu"
"cc6","Pol-Lgr","Plant-Svu"
"cc6","Pol-And2","Plant-Svu"
"cc6","Pol-Aful","Plant-Svu"
"cc6","Pol-Ant","Plant-Svu"
"cc6","Pol-Che2","Plant-Svu"
"cc6","Pol-Osm3","Plant-Svu"
"cc6","Pol-Osm6","Plant-Svu"
"cc6","Pol-Nom1","Plant-Svu"
"cc6","Pol-Ssc","Plant-Svu"
"cc6","Pol-And5","Plant-Svu"
"cc6","Pol-Hsc","Plant-Svu"
"cc6","Pol-Ant3","Plant-Svu"
"cc6","Pol-Ich1","Plant-Svu"
"cc6","Pol-Mer2","Plant-Svu"
"cc6","Pol-Dip2","Plant-Svu"
"cc6","Pol-Lep2","Plant-Svu"
"cc6","Pol-And","Plant-Svu"
"cc6","Pol-Oca","Plant-Svu"
"cc6","Pol-Ccu","Plant-Svu"
"cc6","Pol-Nom4","Plant-Svu"
"cc6","Pol-Dip3","Plant-Svu"
"cc6","Pol-Anthr","Plant-Svu"
"cc6","Pol-Ahu","Plant-Svu"
"cc6","Pol-Che3","Plant-Svu"
"cc6","Pol-Bte","Plant-Cmon"
"cc6","Pol-Bpa","Plant-Cmon"
"cc6","Pol-Euc1","Plant-Cmon"
"cc6","Pol-Lmi","Plant-Cmon"
"cc6","Pol-Dip5","Plant-Cmon"
"cc6","Pol-Bru1","Plant-Cmon"
"cc6","Pol-Bru3","Plant-Cmon"
"cc6","Pol-Ame","Plant-Cmon"
"cc6","Pol-Apl","Plant-Cmon"
"cc6","Pol-Mel","Plant-Cmon"
"cc6","Pol-Sca","Plant-Cmon"
"cc6","Pol-Eup","Plant-Cmon"
"cc6","Pol-Eba","Plant-Cmon"
"cc6","Pol-Melig","Plant-Cmon"
"cc6","Pol-Dan","Plant-Cmon"
"cc6","Pol-Ppy","Plant-Cmon"
"cc6","Pol-Mir","Plant-Cmon"
"cc6","Pol-Ani","Plant-Cmon"
"cc6","Pol-Che1","Plant-Cmon"
"cc6","Pol-Eer","Plant-Cmon"
"cc6","Pol-Par","Plant-Cmon"
"cc6","Pol-Bom1","Plant-Cmon"
"cc6","Pol-Dip22","Plant-Cmon"
"cc6","Pol-Ete","Plant-Cmon"
"cc6","Pol-Fge","Plant-Cmon"
"cc6","Pol-Lgr","Plant-Cmon"
"cc6","Pol-And2","Plant-Cmon"
"cc6","Pol-Aful","Plant-Cmon"
"cc6","Pol-Ant","Plant-Cmon"
"cc6","Pol-Che2","Plant-Cmon"
"cc6","Pol-Osm3","Plant-Cmon"
"cc6","Pol-Osm6","Plant-Cmon"
"cc6","Pol-Nom1","Plant-Cmon"
"cc6","Pol-Ssc","Plant-Cmon"
"cc6","Pol-And5","Plant-Cmon"
"cc6","Pol-Hsc","Plant-Cmon"
"cc6","Pol-Ant3","Plant-Cmon"
"cc6","Pol-Ich1","Plant-Cmon"
"cc6","Pol-Mer2","Plant-Cmon"
"cc6","Pol-Dip2","Plant-Cmon"
"cc6","Pol-Lep2","Plant-Cmon"
"cc6","Pol-And","Plant-Cmon"
"cc6","Pol-Oca","Plant-Cmon"
"cc6","Pol-Ccu","Plant-Cmon"
"cc6","Pol-Nom4","Plant-Cmon"
"cc6","Pol-Dip3","Plant-Cmon"
"cc6","Pol-Anthr","Plant-Cmon"
"cc6","Pol-Ahu","Plant-Cmon"
"cc6","Pol-Che3","Plant-Cmon"
"cc6","Pol-Bte","Plant-Fve"
"cc6","Pol-Bpa","Plant-Fve"
"cc6","Pol-Euc1","Plant-Fve"
"cc6","Pol-Lmi","Plant-Fve"
"cc6","Pol-Dip5","Plant-Fve"
"cc6","Pol-Bru1","Plant-Fve"
"cc6","Pol-Bru3","Plant-Fve"
"cc6","Pol-Ame","Plant-Fve"
"cc6","Pol-Apl","Plant-Fve"
"cc6","Pol-Mel","Plant-Fve"
"cc6","Pol-Sca","Plant-Fve"
"cc6","Pol-Eup","Plant-Fve"
"cc6","Pol-Eba","Plant-Fve"
"cc6","Pol-Melig","Plant-Fve"
"cc6","Pol-Dan","Plant-Fve"
"cc6","Pol-Ppy","Plant-Fve"
"cc6","Pol-Mir","Plant-Fve"
"cc6","Pol-Ani","Plant-Fve"
"cc6","Pol-Che1","Plant-Fve"
"cc6","Pol-Eer","Plant-Fve"
"cc6","Pol-Par","Plant-Fve"
"cc6","Pol-Bom1","Plant-Fve"
"cc6","Pol-Dip22","Plant-Fve"
"cc6","Pol-Ete","Plant-Fve"
"cc6","Pol-Fge","Plant-Fve"
"cc6","Pol-Lgr","Plant-Fve"
"cc6","Pol-And2","Plant-Fve"
"cc6","Pol-Aful","Plant-Fve"
"cc6","Pol-Ant","Plant-Fve"
"cc6","Pol-Che2","Plant-Fve"
"cc6","Pol-Osm3","Plant-Fve"
"cc6","Pol-Osm6","Plant-Fve"
"cc6","Pol-Nom1","Plant-Fve"
"cc6","Pol-Ssc","Plant-Fve"
"cc6","Pol-And5","Plant-Fve"
"cc6","Pol-Hsc","Plant-Fve"
"cc6","Pol-Ant3","Plant-Fve"
"cc6","Pol-Ich1","Plant-Fve"
"cc6","Pol-Mer2","Plant-Fve"
"cc6","Pol-Dip2","Plant-Fve"
"cc6","Pol-Lep2","Plant-Fve"
"cc6","Pol-And","Plant-Fve"
"cc6","Pol-Oca","Plant-Fve"
"cc6","Pol-Ccu","Plant-Fve"
"cc6","Pol-Nom4","Plant-Fve"
"cc6","Pol-Dip3","Plant-Fve"
"cc6","Pol-Anthr","Plant-Fve"
"cc6","Pol-Ahu","Plant-Fve"
"cc6","Pol-Che3","Plant-Fve"
"cc6","Pol-Bte","Plant-Sho"
"cc6","Pol-Bpa","Plant-Sho"
"cc6","Pol-Euc1","Plant-Sho"
"cc6","Pol-Lmi","Plant-Sho"
"cc6","Pol-Dip5","Plant-Sho"
"cc6","Pol-Bru1","Plant-Sho"
"cc6","Pol-Bru3","Plant-Sho"
"cc6","Pol-Ame","Plant-Sho"
"cc6","Pol-Apl","Plant-Sho"
"cc6","Pol-Mel","Plant-Sho"
"cc6","Pol-Sca","Plant-Sho"
"cc6","Pol-Eup","Plant-Sho"
"cc6","Pol-Eba","Plant-Sho"
"cc6","Pol-Melig","Plant-Sho"
"cc6","Pol-Dan","Plant-Sho"
"cc6","Pol-Ppy","Plant-Sho"
"cc6","Pol-Mir","Plant-Sho"
"cc6","Pol-Ani","Plant-Sho"
"cc6","Pol-Che1","Plant-Sho"
"cc6","Pol-Eer","Plant-Sho"
"cc6","Pol-Par","Plant-Sho"
"cc6","Pol-Bom1","Plant-Sho"
"cc6","Pol-Dip22","Plant-Sho"
"cc6","Pol-Ete","Plant-Sho"
"cc6","Pol-Fge","Plant-Sho"
"cc6","Pol-Lgr","Plant-Sho"
"cc6","Pol-And2","Plant-Sho"
"cc6","Pol-Aful","Plant-Sho"
"cc6","Pol-Ant","Plant-Sho"
"cc6","Pol-Che2","Plant-Sho"
"cc6","Pol-Osm3","Plant-Sho"
"cc6","Pol-Osm6","Plant-Sho"
"cc6","Pol-Nom1","Plant-Sho"
"cc6","Pol-Ssc","Plant-Sho"
"cc6","Pol-And5","Plant-Sho"
"cc6","Pol-Hsc","Plant-Sho"
"cc6","Pol-Ant3","Plant-Sho"
"cc6","Pol-Ich1","Plant-Sho"
"cc6","Pol-Mer2","Plant-Sho"
"cc6","Pol-Dip2","Plant-Sho"
"cc6","Pol-Lep2","Plant-Sho"
"cc6","Pol-And","Plant-Sho"
"cc6","Pol-Oca","Plant-Sho"
"cc6","Pol-Ccu","Plant-Sho"
"cc6","Pol-Nom4","Plant-Sho"
"cc6","Pol-Dip3","Plant-Sho"
"cc6","Pol-Anthr","Plant-Sho"
"cc6","Pol-Ahu","Plant-Sho"
"cc6","Pol-Che3","Plant-Sho"
"ct5","Pol-Ame","Plant-Csa"
"ct5","Pol-Bte","Plant-Csa"
"ct5","Pol-Adi","Plant-Csa"
"ct5","Pol-Apl","Plant-Csa"
"ct5","Pol-Ant","Plant-Csa"
"ct5","Pol-Lmi","Plant-Csa"
"ct5","Pol-And5","Plant-Csa"
"ct5","Pol-And6","Plant-Csa"
"ct5","Pol-Ccu","Plant-Csa"
"ct5","Pol-Mel","Plant-Csa"
"ct5","Pol-Eba","Plant-Csa"
"ct5","Pol-Eup","Plant-Csa"
"ct5","Pol-Ete","Plant-Csa"
"ct5","Pol-Dip2","Plant-Csa"
"ct5","Pol-Dip4","Plant-Csa"
"ct5","Pol-Dip1","Plant-Csa"
"ct5","Pol-Call","Plant-Csa"
"ct5","Pol-Luc","Plant-Csa"
"ct5","Pol-Das","Plant-Csa"
"ct5","Pol-Melig","Plant-Csa"
"ct5","Pol-Ofl","Plant-Csa"
"ct5","Pol-Lae","Plant-Csa"
"ct5","Pol-Ade","Plant-Csa"
"ct5","Pol-Sse","Plant-Csa"
"ct5","Pol-Lgr","Plant-Csa"
"ct5","Pol-Fge","Plant-Csa"
"ct5","Pol-Mec","Plant-Csa"
"ct5","Pol-Bpa","Plant-Csa"
"ct5","Pol-Hop1","Plant-Csa"
"ct5","Pol-Meg3","Plant-Csa"
"ct5","Pol-Ant2","Plant-Csa"
"ct5","Pol-And7","Plant-Csa"
"ct5","Pol-Mer2","Plant-Csa"
"ct5","Pol-Bom4","Plant-Csa"
"ct5","Pol-Dip3","Plant-Csa"
"ct5","Pol-Ofu","Plant-Csa"
"ct5","Pol-Ipo","Plant-Csa"
"ct5","Pol-Ort2","Plant-Csa"
"ct5","Pol-Dba","Plant-Csa"
"ct5","Pol-Gym2","Plant-Csa"
"ct5","Pol-Dan","Plant-Csa"
"ct5","Pol-Mor1","Plant-Csa"
"ct5","Pol-Mal1","Plant-Csa"
"ct5","Pol-Oca","Plant-Csa"
"ct5","Pol-Hyl1","Plant-Csa"
"ct5","Pol-And","Plant-Csa"
"ct5","Pol-Ssc","Plant-Csa"
"ct5","Pol-Chr","Plant-Csa"
"ct5","Pol-Gym3","Plant-Csa"
"ct5","Pol-Cur2","Plant-Csa"
"ct5","Pol-Ppa","Plant-Csa"
"ct5","Pol-Het2","Plant-Csa"
"ct5","Pol-Lpe","Plant-Csa"
"ct5","Pol-And2","Plant-Csa"
"ct5","Pol-Ccy","Plant-Csa"
"ct5","Pol-Par","Plant-Csa"
"ct5","Pol-Gym1","Plant-Csa"
"ct5","Pol-Afu","Plant-Csa"
"ct5","Pol-Cla","Plant-Csa"
"ct5","Pol-Ccro","Plant-Csa"
"ct5","Pol-Osm3","Plant-Csa"
"ct5","Pol-Osm5","Plant-Csa"
"ct5","Pol-Eri1","Plant-Csa"
"ct5","Pol-Chry1","Plant-Csa"
"ct5","Pol-Adeg","Plant-Csa"
"ct5","Pol-Lep2","Plant-Csa"
"ct5","Pol-Bom1","Plant-Csa"
"ct5","Pol-Ppy","Plant-Csa"
"ct5","Pol-Cru","Plant-Csa"
"ct5","Pol-Pra","Plant-Csa"
"ct5","Pol-Red","Plant-Csa"
"ct5","Pol-Aan","Plant-Csa"
"ct5","Pol-Eer","Plant-Csa"
"ct5","Pol-Gcl","Plant-Csa"
"ct5","Pol-Mst","Plant-Csa"
"ct5","Pol-Ame","Plant-Cal"
"ct5","Pol-Bte","Plant-Cal"
"ct5","Pol-Adi","Plant-Cal"
"ct5","Pol-Apl","Plant-Cal"
"ct5","Pol-Ant","Plant-Cal"
"ct5","Pol-Lmi","Plant-Cal"
"ct5","Pol-And5","Plant-Cal"
"ct5","Pol-And6","Plant-Cal"
"ct5","Pol-Ccu","Plant-Cal"
"ct5","Pol-Mel","Plant-Cal"
"ct5","Pol-Eba","Plant-Cal"
"ct5","Pol-Eup","Plant-Cal"
"ct5","Pol-Ete","Plant-Cal"
"ct5","Pol-Dip2","Plant-Cal"
"ct5","Pol-Dip4","Plant-Cal"
"ct5","Pol-Dip1","Plant-Cal"
"ct5","Pol-Call","Plant-Cal"
"ct5","Pol-Luc","Plant-Cal"
"ct5","Pol-Das","Plant-Cal"
"ct5","Pol-Melig","Plant-Cal"
"ct5","Pol-Ofl","Plant-Cal"
"ct5","Pol-Lae","Plant-Cal"
"ct5","Pol-Ade","Plant-Cal"
"ct5","Pol-Sse","Plant-Cal"
"ct5","Pol-Lgr","Plant-Cal"
"ct5","Pol-Fge","Plant-Cal"
"ct5","Pol-Mec","Plant-Cal"
"ct5","Pol-Bpa","Plant-Cal"
"ct5","Pol-Hop1","Plant-Cal"
"ct5","Pol-Meg3","Plant-Cal"
"ct5","Pol-Ant2","Plant-Cal"
"ct5","Pol-And7","Plant-Cal"
"ct5","Pol-Mer2","Plant-Cal"
"ct5","Pol-Bom4","Plant-Cal"
"ct5","Pol-Dip3","Plant-Cal"
"ct5","Pol-Ofu","Plant-Cal"
"ct5","Pol-Ipo","Plant-Cal"
"ct5","Pol-Ort2","Plant-Cal"
"ct5","Pol-Dba","Plant-Cal"
"ct5","Pol-Gym2","Plant-Cal"
"ct5","Pol-Dan","Plant-Cal"
"ct5","Pol-Mor1","Plant-Cal"
"ct5","Pol-Mal1","Plant-Cal"
"ct5","Pol-Oca","Plant-Cal"
"ct5","Pol-Hyl1","Plant-Cal"
"ct5","Pol-And","Plant-Cal"
"ct5","Pol-Ssc","Plant-Cal"
"ct5","Pol-Chr","Plant-Cal"
"ct5","Pol-Gym3","Plant-Cal"
"ct5","Pol-Cur2","Plant-Cal"
"ct5","Pol-Ppa","Plant-Cal"
"ct5","Pol-Het2","Plant-Cal"
"ct5","Pol-Lpe","Plant-Cal"
"ct5","Pol-And2","Plant-Cal"
"ct5","Pol-Ccy","Plant-Cal"
"ct5","Pol-Par","Plant-Cal"
"ct5","Pol-Gym1","Plant-Cal"
"ct5","Pol-Afu","Plant-Cal"
"ct5","Pol-Cla","Plant-Cal"
"ct5","Pol-Ccro","Plant-Cal"
"ct5","Pol-Osm3","Plant-Cal"
"ct5","Pol-Osm5","Plant-Cal"
"ct5","Pol-Eri1","Plant-Cal"
"ct5","Pol-Chry1","Plant-Cal"
"ct5","Pol-Adeg","Plant-Cal"
"ct5","Pol-Lep2","Plant-Cal"
"ct5","Pol-Bom1","Plant-Cal"
"ct5","Pol-Ppy","Plant-Cal"
"ct5","Pol-Cru","Plant-Cal"
"ct5","Pol-Pra","Plant-Cal"
"ct5","Pol-Red","Plant-Cal"
"ct5","Pol-Aan","Plant-Cal"
"ct5","Pol-Eer","Plant-Cal"
"ct5","Pol-Gcl","Plant-Cal"
"ct5","Pol-Mst","Plant-Cal"
"ct5","Pol-Ame","Plant-Lst"
"ct5","Pol-Bte","Plant-Lst"
"ct5","Pol-Adi","Plant-Lst"
"ct5","Pol-Apl","Plant-Lst"
"ct5","Pol-Ant","Plant-Lst"
"ct5","Pol-Lmi","Plant-Lst"
"ct5","Pol-And5","Plant-Lst"
"ct5","Pol-And6","Plant-Lst"
"ct5","Pol-Ccu","Plant-Lst"
"ct5","Pol-Mel","Plant-Lst"
"ct5","Pol-Eba","Plant-Lst"
"ct5","Pol-Eup","Plant-Lst"
"ct5","Pol-Ete","Plant-Lst"
"ct5","Pol-Dip2","Plant-Lst"
"ct5","Pol-Dip4","Plant-Lst"
"ct5","Pol-Dip1","Plant-Lst"
"ct5","Pol-Call","Plant-Lst"
"ct5","Pol-Luc","Plant-Lst"
"ct5","Pol-Das","Plant-Lst"
"ct5","Pol-Melig","Plant-Lst"
"ct5","Pol-Ofl","Plant-Lst"
"ct5","Pol-Lae","Plant-Lst"
"ct5","Pol-Ade","Plant-Lst"
"ct5","Pol-Sse","Plant-Lst"
"ct5","Pol-Lgr","Plant-Lst"
"ct5","Pol-Fge","Plant-Lst"
"ct5","Pol-Mec","Plant-Lst"
"ct5","Pol-Bpa","Plant-Lst"
"ct5","Pol-Hop1","Plant-Lst"
"ct5","Pol-Meg3","Plant-Lst"
"ct5","Pol-Ant2","Plant-Lst"
"ct5","Pol-And7","Plant-Lst"
"ct5","Pol-Mer2","Plant-Lst"
"ct5","Pol-Bom4","Plant-Lst"
"ct5","Pol-Dip3","Plant-Lst"
"ct5","Pol-Ofu","Plant-Lst"
"ct5","Pol-Ipo","Plant-Lst"
"ct5","Pol-Ort2","Plant-Lst"
"ct5","Pol-Dba","Plant-Lst"
"ct5","Pol-Gym2","Plant-Lst"
"ct5","Pol-Dan","Plant-Lst"
"ct5","Pol-Mor1","Plant-Lst"
"ct5","Pol-Mal1","Plant-Lst"
"ct5","Pol-Oca","Plant-Lst"
"ct5","Pol-Hyl1","Plant-Lst"
"ct5","Pol-And","Plant-Lst"
"ct5","Pol-Ssc","Plant-Lst"
"ct5","Pol-Chr","Plant-Lst"
"ct5","Pol-Gym3","Plant-Lst"
"ct5","Pol-Cur2","Plant-Lst"
"ct5","Pol-Ppa","Plant-Lst"
"ct5","Pol-Het2","Plant-Lst"
"ct5","Pol-Lpe","Plant-Lst"
"ct5","Pol-And2","Plant-Lst"
"ct5","Pol-Ccy","Plant-Lst"
"ct5","Pol-Par","Plant-Lst"
"ct5","Pol-Gym1","Plant-Lst"
"ct5","Pol-Afu","Plant-Lst"
"ct5","Pol-Cla","Plant-Lst"
"ct5","Pol-Ccro","Plant-Lst"
"ct5","Pol-Osm3","Plant-Lst"
"ct5","Pol-Osm5","Plant-Lst"
"ct5","Pol-Eri1","Plant-Lst"
"ct5","Pol-Chry1","Plant-Lst"
"ct5","Pol-Adeg","Plant-Lst"
"ct5","Pol-Lep2","Plant-Lst"
"ct5","Pol-Bom1","Plant-Lst"
"ct5","Pol-Ppy","Plant-Lst"
"ct5","Pol-Cru","Plant-Lst"
"ct5","Pol-Pra","Plant-Lst"
"ct5","Pol-Red","Plant-Lst"
"ct5","Pol-Aan","Plant-Lst"
"ct5","Pol-Eer","Plant-Lst"
"ct5","Pol-Gcl","Plant-Lst"
"ct5","Pol-Mst","Plant-Lst"
"ct5","Pol-Ame","Plant-TvuF"
"ct5","Pol-Bte","Plant-TvuF"
"ct5","Pol-Adi","Plant-TvuF"
"ct5","Pol-Apl","Plant-TvuF"
"ct5","Pol-Ant","Plant-TvuF"
"ct5","Pol-Lmi","Plant-TvuF"
"ct5","Pol-And5","Plant-TvuF"
"ct5","Pol-And6","Plant-TvuF"
"ct5","Pol-Ccu","Plant-TvuF"
"ct5","Pol-Mel","Plant-TvuF"
"ct5","Pol-Eba","Plant-TvuF"
"ct5","Pol-Eup","Plant-TvuF"
"ct5","Pol-Ete","Plant-TvuF"
"ct5","Pol-Dip2","Plant-TvuF"
"ct5","Pol-Dip4","Plant-TvuF"
"ct5","Pol-Dip1","Plant-TvuF"
"ct5","Pol-Call","Plant-TvuF"
"ct5","Pol-Luc","Plant-TvuF"
"ct5","Pol-Das","Plant-TvuF"
"ct5","Pol-Melig","Plant-TvuF"
"ct5","Pol-Ofl","Plant-TvuF"
"ct5","Pol-Lae","Plant-TvuF"
"ct5","Pol-Ade","Plant-TvuF"
"ct5","Pol-Sse","Plant-TvuF"
"ct5","Pol-Lgr","Plant-TvuF"
"ct5","Pol-Fge","Plant-TvuF"
"ct5","Pol-Mec","Plant-TvuF"
"ct5","Pol-Bpa","Plant-TvuF"
"ct5","Pol-Hop1","Plant-TvuF"
"ct5","Pol-Meg3","Plant-TvuF"
"ct5","Pol-Ant2","Plant-TvuF"
"ct5","Pol-And7","Plant-TvuF"
"ct5","Pol-Mer2","Plant-TvuF"
"ct5","Pol-Bom4","Plant-TvuF"
"ct5","Pol-Dip3","Plant-TvuF"
"ct5","Pol-Ofu","Plant-TvuF"
"ct5","Pol-Ipo","Plant-TvuF"
"ct5","Pol-Ort2","Plant-TvuF"
"ct5","Pol-Dba","Plant-TvuF"
"ct5","Pol-Gym2","Plant-TvuF"
"ct5","Pol-Dan","Plant-TvuF"
"ct5","Pol-Mor1","Plant-TvuF"
"ct5","Pol-Mal1","Plant-TvuF"
"ct5","Pol-Oca","Plant-TvuF"
"ct5","Pol-Hyl1","Plant-TvuF"
"ct5","Pol-And","Plant-TvuF"
"ct5","Pol-Ssc","Plant-TvuF"
"ct5","Pol-Chr","Plant-TvuF"
"ct5","Pol-Gym3","Plant-TvuF"
"ct5","Pol-Cur2","Plant-TvuF"
"ct5","Pol-Ppa","Plant-TvuF"
"ct5","Pol-Het2","Plant-TvuF"
"ct5","Pol-Lpe","Plant-TvuF"
"ct5","Pol-And2","Plant-TvuF"
"ct5","Pol-Ccy","Plant-TvuF"
"ct5","Pol-Par","Plant-TvuF"
"ct5","Pol-Gym1","Plant-TvuF"
"ct5","Pol-Afu","Plant-TvuF"
"ct5","Pol-Cla","Plant-TvuF"
"ct5","Pol-Ccro","Plant-TvuF"
"ct5","Pol-Osm3","Plant-TvuF"
"ct5","Pol-Osm5","Plant-TvuF"
"ct5","Pol-Eri1","Plant-TvuF"
"ct5","Pol-Chry1","Plant-TvuF"
"ct5","Pol-Adeg","Plant-TvuF"
"ct5","Pol-Lep2","Plant-TvuF"
"ct5","Pol-Bom1","Plant-TvuF"
"ct5","Pol-Ppy","Plant-TvuF"
"ct5","Pol-Cru","Plant-TvuF"
"ct5","Pol-Pra","Plant-TvuF"
"ct5","Pol-Red","Plant-TvuF"
"ct5","Pol-Aan","Plant-TvuF"
"ct5","Pol-Eer","Plant-TvuF"
"ct5","Pol-Gcl","Plant-TvuF"
"ct5","Pol-Mst","Plant-TvuF"
"ct5","Pol-Ame","Plant-TvuHF"
"ct5","Pol-Bte","Plant-TvuHF"
"ct5","Pol-Adi","Plant-TvuHF"
"ct5","Pol-Apl","Plant-TvuHF"
"ct5","Pol-Ant","Plant-TvuHF"
"ct5","Pol-Lmi","Plant-TvuHF"
"ct5","Pol-And5","Plant-TvuHF"
"ct5","Pol-And6","Plant-TvuHF"
"ct5","Pol-Ccu","Plant-TvuHF"
"ct5","Pol-Mel","Plant-TvuHF"
"ct5","Pol-Eba","Plant-TvuHF"
"ct5","Pol-Eup","Plant-TvuHF"
"ct5","Pol-Ete","Plant-TvuHF"
"ct5","Pol-Dip2","Plant-TvuHF"
"ct5","Pol-Dip4","Plant-TvuHF"
"ct5","Pol-Dip1","Plant-TvuHF"
"ct5","Pol-Call","Plant-TvuHF"
"ct5","Pol-Luc","Plant-TvuHF"
"ct5","Pol-Das","Plant-TvuHF"
"ct5","Pol-Melig","Plant-TvuHF"
"ct5","Pol-Ofl","Plant-TvuHF"
"ct5","Pol-Lae","Plant-TvuHF"
"ct5","Pol-Ade","Plant-TvuHF"
"ct5","Pol-Sse","Plant-TvuHF"
"ct5","Pol-Lgr","Plant-TvuHF"
"ct5","Pol-Fge","Plant-TvuHF"
"ct5","Pol-Mec","Plant-TvuHF"
"ct5","Pol-Bpa","Plant-TvuHF"
"ct5","Pol-Hop1","Plant-TvuHF"
"ct5","Pol-Meg3","Plant-TvuHF"
"ct5","Pol-Ant2","Plant-TvuHF"
"ct5","Pol-And7","Plant-TvuHF"
"ct5","Pol-Mer2","Plant-TvuHF"
"ct5","Pol-Bom4","Plant-TvuHF"
"ct5","Pol-Dip3","Plant-TvuHF"
"ct5","Pol-Ofu","Plant-TvuHF"
"ct5","Pol-Ipo","Plant-TvuHF"
"ct5","Pol-Ort2","Plant-TvuHF"
"ct5","Pol-Dba","Plant-TvuHF"
"ct5","Pol-Gym2","Plant-TvuHF"
"ct5","Pol-Dan","Plant-TvuHF"
"ct5","Pol-Mor1","Plant-TvuHF"
"ct5","Pol-Mal1","Plant-TvuHF"
"ct5","Pol-Oca","Plant-TvuHF"
"ct5","Pol-Hyl1","Plant-TvuHF"
"ct5","Pol-And","Plant-TvuHF"
"ct5","Pol-Ssc","Plant-TvuHF"
"ct5","Pol-Chr","Plant-TvuHF"
"ct5","Pol-Gym3","Plant-TvuHF"
"ct5","Pol-Cur2","Plant-TvuHF"
"ct5","Pol-Ppa","Plant-TvuHF"
"ct5","Pol-Het2","Plant-TvuHF"
"ct5","Pol-Lpe","Plant-TvuHF"
"ct5","Pol-And2","Plant-TvuHF"
"ct5","Pol-Ccy","Plant-TvuHF"
"ct5","Pol-Par","Plant-TvuHF"
"ct5","Pol-Gym1","Plant-TvuHF"
"ct5","Pol-Afu","Plant-TvuHF"
"ct5","Pol-Cla","Plant-TvuHF"
"ct5","Pol-Ccro","Plant-TvuHF"
"ct5","Pol-Osm3","Plant-TvuHF"
"ct5","Pol-Osm5","Plant-TvuHF"
"ct5","Pol-Eri1","Plant-TvuHF"
"ct5","Pol-Chry1","Plant-TvuHF"
"ct5","Pol-Adeg","Plant-TvuHF"
"ct5","Pol-Lep2","Plant-TvuHF"
"ct5","Pol-Bom1","Plant-TvuHF"
"ct5","Pol-Ppy","Plant-TvuHF"
"ct5","Pol-Cru","Plant-TvuHF"
"ct5","Pol-Pra","Plant-TvuHF"
"ct5","Pol-Red","Plant-TvuHF"
"ct5","Pol-Aan","Plant-TvuHF"
"ct5","Pol-Eer","Plant-TvuHF"
"ct5","Pol-Gcl","Plant-TvuHF"
"ct5","Pol-Mst","Plant-TvuHF"
"ct5","Pol-Ame","Plant-Ech"
"ct5","Pol-Bte","Plant-Ech"
"ct5","Pol-Adi","Plant-Ech"
"ct5","Pol-Apl","Plant-Ech"
"ct5","Pol-Ant","Plant-Ech"
"ct5","Pol-Lmi","Plant-Ech"
"ct5","Pol-And5","Plant-Ech"
"ct5","Pol-And6","Plant-Ech"
"ct5","Pol-Ccu","Plant-Ech"
"ct5","Pol-Mel","Plant-Ech"
"ct5","Pol-Eba","Plant-Ech"
"ct5","Pol-Eup","Plant-Ech"
"ct5","Pol-Ete","Plant-Ech"
"ct5","Pol-Dip2","Plant-Ech"
"ct5","Pol-Dip4","Plant-Ech"
"ct5","Pol-Dip1","Plant-Ech"
"ct5","Pol-Call","Plant-Ech"
"ct5","Pol-Luc","Plant-Ech"
"ct5","Pol-Das","Plant-Ech"
"ct5","Pol-Melig","Plant-Ech"
"ct5","Pol-Ofl","Plant-Ech"
"ct5","Pol-Lae","Plant-Ech"
"ct5","Pol-Ade","Plant-Ech"
"ct5","Pol-Sse","Plant-Ech"
"ct5","Pol-Lgr","Plant-Ech"
"ct5","Pol-Fge","Plant-Ech"
"ct5","Pol-Mec","Plant-Ech"
"ct5","Pol-Bpa","Plant-Ech"
"ct5","Pol-Hop1","Plant-Ech"
"ct5","Pol-Meg3","Plant-Ech"
"ct5","Pol-Ant2","Plant-Ech"
"ct5","Pol-And7","Plant-Ech"
"ct5","Pol-Mer2","Plant-Ech"
"ct5","Pol-Bom4","Plant-Ech"
"ct5","Pol-Dip3","Plant-Ech"
"ct5","Pol-Ofu","Plant-Ech"
"ct5","Pol-Ipo","Plant-Ech"
"ct5","Pol-Ort2","Plant-Ech"
"ct5","Pol-Dba","Plant-Ech"
"ct5","Pol-Gym2","Plant-Ech"
"ct5","Pol-Dan","Plant-Ech"
"ct5","Pol-Mor1","Plant-Ech"
"ct5","Pol-Mal1","Plant-Ech"
"ct5","Pol-Oca","Plant-Ech"
"ct5","Pol-Hyl1","Plant-Ech"
"ct5","Pol-And","Plant-Ech"
"ct5","Pol-Ssc","Plant-Ech"
"ct5","Pol-Chr","Plant-Ech"
"ct5","Pol-Gym3","Plant-Ech"
"ct5","Pol-Cur2","Plant-Ech"
"ct5","Pol-Ppa","Plant-Ech"
"ct5","Pol-Het2","Plant-Ech"
"ct5","Pol-Lpe","Plant-Ech"
"ct5","Pol-And2","Plant-Ech"
"ct5","Pol-Ccy","Plant-Ech"
"ct5","Pol-Par","Plant-Ech"
"ct5","Pol-Gym1","Plant-Ech"
"ct5","Pol-Afu","Plant-Ech"
"ct5","Pol-Cla","Plant-Ech"
"ct5","Pol-Ccro","Plant-Ech"
"ct5","Pol-Osm3","Plant-Ech"
"ct5","Pol-Osm5","Plant-Ech"
"ct5","Pol-Eri1","Plant-Ech"
"ct5","Pol-Chry1","Plant-Ech"
"ct5","Pol-Adeg","Plant-Ech"
"ct5","Pol-Lep2","Plant-Ech"
"ct5","Pol-Bom1","Plant-Ech"
"ct5","Pol-Ppy","Plant-Ech"
"ct5","Pol-Cru","Plant-Ech"
"ct5","Pol-Pra","Plant-Ech"
"ct5","Pol-Red","Plant-Ech"
"ct5","Pol-Aan","Plant-Ech"
"ct5","Pol-Eer","Plant-Ech"
"ct5","Pol-Gcl","Plant-Ech"
"ct5","Pol-Mst","Plant-Ech"
"ct5","Pol-Ame","Plant-Csc"
"ct5","Pol-Bte","Plant-Csc"
"ct5","Pol-Adi","Plant-Csc"
"ct5","Pol-Apl","Plant-Csc"
"ct5","Pol-Ant","Plant-Csc"
"ct5","Pol-Lmi","Plant-Csc"
"ct5","Pol-And5","Plant-Csc"
"ct5","Pol-And6","Plant-Csc"
"ct5","Pol-Ccu","Plant-Csc"
"ct5","Pol-Mel","Plant-Csc"
"ct5","Pol-Eba","Plant-Csc"
"ct5","Pol-Eup","Plant-Csc"
"ct5","Pol-Ete","Plant-Csc"
"ct5","Pol-Dip2","Plant-Csc"
"ct5","Pol-Dip4","Plant-Csc"
"ct5","Pol-Dip1","Plant-Csc"
"ct5","Pol-Call","Plant-Csc"
"ct5","Pol-Luc","Plant-Csc"
"ct5","Pol-Das","Plant-Csc"
"ct5","Pol-Melig","Plant-Csc"
"ct5","Pol-Ofl","Plant-Csc"
"ct5","Pol-Lae","Plant-Csc"
"ct5","Pol-Ade","Plant-Csc"
"ct5","Pol-Sse","Plant-Csc"
"ct5","Pol-Lgr","Plant-Csc"
"ct5","Pol-Fge","Plant-Csc"
"ct5","Pol-Mec","Plant-Csc"
"ct5","Pol-Bpa","Plant-Csc"
"ct5","Pol-Hop1","Plant-Csc"
"ct5","Pol-Meg3","Plant-Csc"
"ct5","Pol-Ant2","Plant-Csc"
"ct5","Pol-And7","Plant-Csc"
"ct5","Pol-Mer2","Plant-Csc"
"ct5","Pol-Bom4","Plant-Csc"
"ct5","Pol-Dip3","Plant-Csc"
"ct5","Pol-Ofu","Plant-Csc"
"ct5","Pol-Ipo","Plant-Csc"
"ct5","Pol-Ort2","Plant-Csc"
"ct5","Pol-Dba","Plant-Csc"
"ct5","Pol-Gym2","Plant-Csc"
"ct5","Pol-Dan","Plant-Csc"
"ct5","Pol-Mor1","Plant-Csc"
"ct5","Pol-Mal1","Plant-Csc"
"ct5","Pol-Oca","Plant-Csc"
"ct5","Pol-Hyl1","Plant-Csc"
"ct5","Pol-And","Plant-Csc"
"ct5","Pol-Ssc","Plant-Csc"
"ct5","Pol-Chr","Plant-Csc"
"ct5","Pol-Gym3","Plant-Csc"
"ct5","Pol-Cur2","Plant-Csc"
"ct5","Pol-Ppa","Plant-Csc"
"ct5","Pol-Het2","Plant-Csc"
"ct5","Pol-Lpe","Plant-Csc"
"ct5","Pol-And2","Plant-Csc"
"ct5","Pol-Ccy","Plant-Csc"
"ct5","Pol-Par","Plant-Csc"
"ct5","Pol-Gym1","Plant-Csc"
"ct5","Pol-Afu","Plant-Csc"
"ct5","Pol-Cla","Plant-Csc"
"ct5","Pol-Ccro","Plant-Csc"
"ct5","Pol-Osm3","Plant-Csc"
"ct5","Pol-Osm5","Plant-Csc"
"ct5","Pol-Eri1","Plant-Csc"
"ct5","Pol-Chry1","Plant-Csc"
"ct5","Pol-Adeg","Plant-Csc"
"ct5","Pol-Lep2","Plant-Csc"
"ct5","Pol-Bom1","Plant-Csc"
"ct5","Pol-Ppy","Plant-Csc"
"ct5","Pol-Cru","Plant-Csc"
"ct5","Pol-Pra","Plant-Csc"
"ct5","Pol-Red","Plant-Csc"
"ct5","Pol-Aan","Plant-Csc"
"ct5","Pol-Eer","Plant-Csc"
"ct5","Pol-Gcl","Plant-Csc"
"ct5","Pol-Mst","Plant-Csc"
"ct5","Pol-Ame","Plant-Lco"
"ct5","Pol-Bte","Plant-Lco"
"ct5","Pol-Adi","Plant-Lco"
"ct5","Pol-Apl","Plant-Lco"
"ct5","Pol-Ant","Plant-Lco"
"ct5","Pol-Lmi","Plant-Lco"
"ct5","Pol-And5","Plant-Lco"
"ct5","Pol-And6","Plant-Lco"
"ct5","Pol-Ccu","Plant-Lco"
"ct5","Pol-Mel","Plant-Lco"
"ct5","Pol-Eba","Plant-Lco"
"ct5","Pol-Eup","Plant-Lco"
"ct5","Pol-Ete","Plant-Lco"
"ct5","Pol-Dip2","Plant-Lco"
"ct5","Pol-Dip4","Plant-Lco"
"ct5","Pol-Dip1","Plant-Lco"
"ct5","Pol-Call","Plant-Lco"
"ct5","Pol-Luc","Plant-Lco"
"ct5","Pol-Das","Plant-Lco"
"ct5","Pol-Melig","Plant-Lco"
"ct5","Pol-Ofl","Plant-Lco"
"ct5","Pol-Lae","Plant-Lco"
"ct5","Pol-Ade","Plant-Lco"
"ct5","Pol-Sse","Plant-Lco"
"ct5","Pol-Lgr","Plant-Lco"
"ct5","Pol-Fge","Plant-Lco"
"ct5","Pol-Mec","Plant-Lco"
"ct5","Pol-Bpa","Plant-Lco"
"ct5","Pol-Hop1","Plant-Lco"
"ct5","Pol-Meg3","Plant-Lco"
"ct5","Pol-Ant2","Plant-Lco"
"ct5","Pol-And7","Plant-Lco"
"ct5","Pol-Mer2","Plant-Lco"
"ct5","Pol-Bom4","Plant-Lco"
"ct5","Pol-Dip3","Plant-Lco"
"ct5","Pol-Ofu","Plant-Lco"
"ct5","Pol-Ipo","Plant-Lco"
"ct5","Pol-Ort2","Plant-Lco"
"ct5","Pol-Dba","Plant-Lco"
"ct5","Pol-Gym2","Plant-Lco"
"ct5","Pol-Dan","Plant-Lco"
"ct5","Pol-Mor1","Plant-Lco"
"ct5","Pol-Mal1","Plant-Lco"
"ct5","Pol-Oca","Plant-Lco"
"ct5","Pol-Hyl1","Plant-Lco"
"ct5","Pol-And","Plant-Lco"
"ct5","Pol-Ssc","Plant-Lco"
"ct5","Pol-Chr","Plant-Lco"
"ct5","Pol-Gym3","Plant-Lco"
"ct5","Pol-Cur2","Plant-Lco"
"ct5","Pol-Ppa","Plant-Lco"
"ct5","Pol-Het2","Plant-Lco"
"ct5","Pol-Lpe","Plant-Lco"
"ct5","Pol-And2","Plant-Lco"
"ct5","Pol-Ccy","Plant-Lco"
"ct5","Pol-Par","Plant-Lco"
"ct5","Pol-Gym1","Plant-Lco"
"ct5","Pol-Afu","Plant-Lco"
"ct5","Pol-Cla","Plant-Lco"
"ct5","Pol-Ccro","Plant-Lco"
"ct5","Pol-Osm3","Plant-Lco"
"ct5","Pol-Osm5","Plant-Lco"
"ct5","Pol-Eri1","Plant-Lco"
"ct5","Pol-Chry1","Plant-Lco"
"ct5","Pol-Adeg","Plant-Lco"
"ct5","Pol-Lep2","Plant-Lco"
"ct5","Pol-Bom1","Plant-Lco"
"ct5","Pol-Ppy","Plant-Lco"
"ct5","Pol-Cru","Plant-Lco"
"ct5","Pol-Pra","Plant-Lco"
"ct5","Pol-Red","Plant-Lco"
"ct5","Pol-Aan","Plant-Lco"
"ct5","Pol-Eer","Plant-Lco"
"ct5","Pol-Gcl","Plant-Lco"
"ct5","Pol-Mst","Plant-Lco"
"ct5","Pol-Ame","Plant-Pbi"
"ct5","Pol-Bte","Plant-Pbi"
"ct5","Pol-Adi","Plant-Pbi"
"ct5","Pol-Apl","Plant-Pbi"
"ct5","Pol-Ant","Plant-Pbi"
"ct5","Pol-Lmi","Plant-Pbi"
"ct5","Pol-And5","Plant-Pbi"
"ct5","Pol-And6","Plant-Pbi"
"ct5","Pol-Ccu","Plant-Pbi"
"ct5","Pol-Mel","Plant-Pbi"
"ct5","Pol-Eba","Plant-Pbi"
"ct5","Pol-Eup","Plant-Pbi"
"ct5","Pol-Ete","Plant-Pbi"
"ct5","Pol-Dip2","Plant-Pbi"
"ct5","Pol-Dip4","Plant-Pbi"
"ct5","Pol-Dip1","Plant-Pbi"
"ct5","Pol-Call","Plant-Pbi"
"ct5","Pol-Luc","Plant-Pbi"
"ct5","Pol-Das","Plant-Pbi"
"ct5","Pol-Melig","Plant-Pbi"
"ct5","Pol-Ofl","Plant-Pbi"
"ct5","Pol-Lae","Plant-Pbi"
"ct5","Pol-Ade","Plant-Pbi"
"ct5","Pol-Sse","Plant-Pbi"
"ct5","Pol-Lgr","Plant-Pbi"
"ct5","Pol-Fge","Plant-Pbi"
"ct5","Pol-Mec","Plant-Pbi"
"ct5","Pol-Bpa","Plant-Pbi"
"ct5","Pol-Hop1","Plant-Pbi"
"ct5","Pol-Meg3","Plant-Pbi"
"ct5","Pol-Ant2","Plant-Pbi"
"ct5","Pol-And7","Plant-Pbi"
"ct5","Pol-Mer2","Plant-Pbi"
"ct5","Pol-Bom4","Plant-Pbi"
"ct5","Pol-Dip3","Plant-Pbi"
"ct5","Pol-Ofu","Plant-Pbi"
"ct5","Pol-Ipo","Plant-Pbi"
"ct5","Pol-Ort2","Plant-Pbi"
"ct5","Pol-Dba","Plant-Pbi"
"ct5","Pol-Gym2","Plant-Pbi"
"ct5","Pol-Dan","Plant-Pbi"
"ct5","Pol-Mor1","Plant-Pbi"
"ct5","Pol-Mal1","Plant-Pbi"
"ct5","Pol-Oca","Plant-Pbi"
"ct5","Pol-Hyl1","Plant-Pbi"
"ct5","Pol-And","Plant-Pbi"
"ct5","Pol-Ssc","Plant-Pbi"
"ct5","Pol-Chr","Plant-Pbi"
"ct5","Pol-Gym3","Plant-Pbi"
"ct5","Pol-Cur2","Plant-Pbi"
"ct5","Pol-Ppa","Plant-Pbi"
"ct5","Pol-Het2","Plant-Pbi"
"ct5","Pol-Lpe","Plant-Pbi"
"ct5","Pol-And2","Plant-Pbi"
"ct5","Pol-Ccy","Plant-Pbi"
"ct5","Pol-Par","Plant-Pbi"
"ct5","Pol-Gym1","Plant-Pbi"
"ct5","Pol-Afu","Plant-Pbi"
"ct5","Pol-Cla","Plant-Pbi"
"ct5","Pol-Ccro","Plant-Pbi"
"ct5","Pol-Osm3","Plant-Pbi"
"ct5","Pol-Osm5","Plant-Pbi"
"ct5","Pol-Eri1","Plant-Pbi"
"ct5","Pol-Chry1","Plant-Pbi"
"ct5","Pol-Adeg","Plant-Pbi"
"ct5","Pol-Lep2","Plant-Pbi"
"ct5","Pol-Bom1","Plant-Pbi"
"ct5","Pol-Ppy","Plant-Pbi"
"ct5","Pol-Cru","Plant-Pbi"
"ct5","Pol-Pra","Plant-Pbi"
"ct5","Pol-Red","Plant-Pbi"
"ct5","Pol-Aan","Plant-Pbi"
"ct5","Pol-Eer","Plant-Pbi"
"ct5","Pol-Gcl","Plant-Pbi"
"ct5","Pol-Mst","Plant-Pbi"
"ct5","Pol-Ame","Plant-Tof"
"ct5","Pol-Bte","Plant-Tof"
"ct5","Pol-Adi","Plant-Tof"
"ct5","Pol-Apl","Plant-Tof"
"ct5","Pol-Ant","Plant-Tof"
"ct5","Pol-Lmi","Plant-Tof"
"ct5","Pol-And5","Plant-Tof"
"ct5","Pol-And6","Plant-Tof"
"ct5","Pol-Ccu","Plant-Tof"
"ct5","Pol-Mel","Plant-Tof"
"ct5","Pol-Eba","Plant-Tof"
"ct5","Pol-Eup","Plant-Tof"
"ct5","Pol-Ete","Plant-Tof"
"ct5","Pol-Dip2","Plant-Tof"
"ct5","Pol-Dip4","Plant-Tof"
"ct5","Pol-Dip1","Plant-Tof"
"ct5","Pol-Call","Plant-Tof"
"ct5","Pol-Luc","Plant-Tof"
"ct5","Pol-Das","Plant-Tof"
"ct5","Pol-Melig","Plant-Tof"
"ct5","Pol-Ofl","Plant-Tof"
"ct5","Pol-Lae","Plant-Tof"
"ct5","Pol-Ade","Plant-Tof"
"ct5","Pol-Sse","Plant-Tof"
"ct5","Pol-Lgr","Plant-Tof"
"ct5","Pol-Fge","Plant-Tof"
"ct5","Pol-Mec","Plant-Tof"
"ct5","Pol-Bpa","Plant-Tof"
"ct5","Pol-Hop1","Plant-Tof"
"ct5","Pol-Meg3","Plant-Tof"
"ct5","Pol-Ant2","Plant-Tof"
"ct5","Pol-And7","Plant-Tof"
"ct5","Pol-Mer2","Plant-Tof"
"ct5","Pol-Bom4","Plant-Tof"
"ct5","Pol-Dip3","Plant-Tof"
"ct5","Pol-Ofu","Plant-Tof"
"ct5","Pol-Ipo","Plant-Tof"
"ct5","Pol-Ort2","Plant-Tof"
"ct5","Pol-Dba","Plant-Tof"
"ct5","Pol-Gym2","Plant-Tof"
"ct5","Pol-Dan","Plant-Tof"
"ct5","Pol-Mor1","Plant-Tof"
"ct5","Pol-Mal1","Plant-Tof"
"ct5","Pol-Oca","Plant-Tof"
"ct5","Pol-Hyl1","Plant-Tof"
"ct5","Pol-And","Plant-Tof"
"ct5","Pol-Ssc","Plant-Tof"
"ct5","Pol-Chr","Plant-Tof"
"ct5","Pol-Gym3","Plant-Tof"
"ct5","Pol-Cur2","Plant-Tof"
"ct5","Pol-Ppa","Plant-Tof"
"ct5","Pol-Het2","Plant-Tof"
"ct5","Pol-Lpe","Plant-Tof"
"ct5","Pol-And2","Plant-Tof"
"ct5","Pol-Ccy","Plant-Tof"
"ct5","Pol-Par","Plant-Tof"
"ct5","Pol-Gym1","Plant-Tof"
"ct5","Pol-Afu","Plant-Tof"
"ct5","Pol-Cla","Plant-Tof"
"ct5","Pol-Ccro","Plant-Tof"
"ct5","Pol-Osm3","Plant-Tof"
"ct5","Pol-Osm5","Plant-Tof"
"ct5","Pol-Eri1","Plant-Tof"
"ct5","Pol-Chry1","Plant-Tof"
"ct5","Pol-Adeg","Plant-Tof"
"ct5","Pol-Lep2","Plant-Tof"
"ct5","Pol-Bom1","Plant-Tof"
"ct5","Pol-Ppy","Plant-Tof"
"ct5","Pol-Cru","Plant-Tof"
"ct5","Pol-Pra","Plant-Tof"
"ct5","Pol-Red","Plant-Tof"
"ct5","Pol-Aan","Plant-Tof"
"ct5","Pol-Eer","Plant-Tof"
"ct5","Pol-Gcl","Plant-Tof"
"ct5","Pol-Mst","Plant-Tof"
"ct5","Pol-Ame","Plant-Sin"
"ct5","Pol-Bte","Plant-Sin"
"ct5","Pol-Adi","Plant-Sin"
"ct5","Pol-Apl","Plant-Sin"
"ct5","Pol-Ant","Plant-Sin"
"ct5","Pol-Lmi","Plant-Sin"
"ct5","Pol-And5","Plant-Sin"
"ct5","Pol-And6","Plant-Sin"
"ct5","Pol-Ccu","Plant-Sin"
"ct5","Pol-Mel","Plant-Sin"
"ct5","Pol-Eba","Plant-Sin"
"ct5","Pol-Eup","Plant-Sin"
"ct5","Pol-Ete","Plant-Sin"
"ct5","Pol-Dip2","Plant-Sin"
"ct5","Pol-Dip4","Plant-Sin"
"ct5","Pol-Dip1","Plant-Sin"
"ct5","Pol-Call","Plant-Sin"
"ct5","Pol-Luc","Plant-Sin"
"ct5","Pol-Das","Plant-Sin"
"ct5","Pol-Melig","Plant-Sin"
"ct5","Pol-Ofl","Plant-Sin"
"ct5","Pol-Lae","Plant-Sin"
"ct5","Pol-Ade","Plant-Sin"
"ct5","Pol-Sse","Plant-Sin"
"ct5","Pol-Lgr","Plant-Sin"
"ct5","Pol-Fge","Plant-Sin"
"ct5","Pol-Mec","Plant-Sin"
"ct5","Pol-Bpa","Plant-Sin"
"ct5","Pol-Hop1","Plant-Sin"
"ct5","Pol-Meg3","Plant-Sin"
"ct5","Pol-Ant2","Plant-Sin"
"ct5","Pol-And7","Plant-Sin"
"ct5","Pol-Mer2","Plant-Sin"
"ct5","Pol-Bom4","Plant-Sin"
"ct5","Pol-Dip3","Plant-Sin"
"ct5","Pol-Ofu","Plant-Sin"
"ct5","Pol-Ipo","Plant-Sin"
"ct5","Pol-Ort2","Plant-Sin"
"ct5","Pol-Dba","Plant-Sin"
"ct5","Pol-Gym2","Plant-Sin"
"ct5","Pol-Dan","Plant-Sin"
"ct5","Pol-Mor1","Plant-Sin"
"ct5","Pol-Mal1","Plant-Sin"
"ct5","Pol-Oca","Plant-Sin"
"ct5","Pol-Hyl1","Plant-Sin"
"ct5","Pol-And","Plant-Sin"
"ct5","Pol-Ssc","Plant-Sin"
"ct5","Pol-Chr","Plant-Sin"
"ct5","Pol-Gym3","Plant-Sin"
"ct5","Pol-Cur2","Plant-Sin"
"ct5","Pol-Ppa","Plant-Sin"
"ct5","Pol-Het2","Plant-Sin"
"ct5","Pol-Lpe","Plant-Sin"
"ct5","Pol-And2","Plant-Sin"
"ct5","Pol-Ccy","Plant-Sin"
"ct5","Pol-Par","Plant-Sin"
"ct5","Pol-Gym1","Plant-Sin"
"ct5","Pol-Afu","Plant-Sin"
"ct5","Pol-Cla","Plant-Sin"
"ct5","Pol-Ccro","Plant-Sin"
"ct5","Pol-Osm3","Plant-Sin"
"ct5","Pol-Osm5","Plant-Sin"
"ct5","Pol-Eri1","Plant-Sin"
"ct5","Pol-Chry1","Plant-Sin"
"ct5","Pol-Adeg","Plant-Sin"
"ct5","Pol-Lep2","Plant-Sin"
"ct5","Pol-Bom1","Plant-Sin"
"ct5","Pol-Ppy","Plant-Sin"
"ct5","Pol-Cru","Plant-Sin"
"ct5","Pol-Pra","Plant-Sin"
"ct5","Pol-Red","Plant-Sin"
"ct5","Pol-Aan","Plant-Sin"
"ct5","Pol-Eer","Plant-Sin"
"ct5","Pol-Gcl","Plant-Sin"
"ct5","Pol-Mst","Plant-Sin"
"ct5","Pol-Ame","Plant-Ger"
"ct5","Pol-Bte","Plant-Ger"
"ct5","Pol-Adi","Plant-Ger"
"ct5","Pol-Apl","Plant-Ger"
"ct5","Pol-Ant","Plant-Ger"
"ct5","Pol-Lmi","Plant-Ger"
"ct5","Pol-And5","Plant-Ger"
"ct5","Pol-And6","Plant-Ger"
"ct5","Pol-Ccu","Plant-Ger"
"ct5","Pol-Mel","Plant-Ger"
"ct5","Pol-Eba","Plant-Ger"
"ct5","Pol-Eup","Plant-Ger"
"ct5","Pol-Ete","Plant-Ger"
"ct5","Pol-Dip2","Plant-Ger"
"ct5","Pol-Dip4","Plant-Ger"
"ct5","Pol-Dip1","Plant-Ger"
"ct5","Pol-Call","Plant-Ger"
"ct5","Pol-Luc","Plant-Ger"
"ct5","Pol-Das","Plant-Ger"
"ct5","Pol-Melig","Plant-Ger"
"ct5","Pol-Ofl","Plant-Ger"
"ct5","Pol-Lae","Plant-Ger"
"ct5","Pol-Ade","Plant-Ger"
"ct5","Pol-Sse","Plant-Ger"
"ct5","Pol-Lgr","Plant-Ger"
"ct5","Pol-Fge","Plant-Ger"
"ct5","Pol-Mec","Plant-Ger"
"ct5","Pol-Bpa","Plant-Ger"
"ct5","Pol-Hop1","Plant-Ger"
"ct5","Pol-Meg3","Plant-Ger"
"ct5","Pol-Ant2","Plant-Ger"
"ct5","Pol-And7","Plant-Ger"
"ct5","Pol-Mer2","Plant-Ger"
"ct5","Pol-Bom4","Plant-Ger"
"ct5","Pol-Dip3","Plant-Ger"
"ct5","Pol-Ofu","Plant-Ger"
"ct5","Pol-Ipo","Plant-Ger"
"ct5","Pol-Ort2","Plant-Ger"
"ct5","Pol-Dba","Plant-Ger"
"ct5","Pol-Gym2","Plant-Ger"
"ct5","Pol-Dan","Plant-Ger"
"ct5","Pol-Mor1","Plant-Ger"
"ct5","Pol-Mal1","Plant-Ger"
"ct5","Pol-Oca","Plant-Ger"
"ct5","Pol-Hyl1","Plant-Ger"
"ct5","Pol-And","Plant-Ger"
"ct5","Pol-Ssc","Plant-Ger"
"ct5","Pol-Chr","Plant-Ger"
"ct5","Pol-Gym3","Plant-Ger"
"ct5","Pol-Cur2","Plant-Ger"
"ct5","Pol-Ppa","Plant-Ger"
"ct5","Pol-Het2","Plant-Ger"
"ct5","Pol-Lpe","Plant-Ger"
"ct5","Pol-And2","Plant-Ger"
"ct5","Pol-Ccy","Plant-Ger"
"ct5","Pol-Par","Plant-Ger"
"ct5","Pol-Gym1","Plant-Ger"
"ct5","Pol-Afu","Plant-Ger"
"ct5","Pol-Cla","Plant-Ger"
"ct5","Pol-Ccro","Plant-Ger"
"ct5","Pol-Osm3","Plant-Ger"
"ct5","Pol-Osm5","Plant-Ger"
"ct5","Pol-Eri1","Plant-Ger"
"ct5","Pol-Chry1","Plant-Ger"
"ct5","Pol-Adeg","Plant-Ger"
"ct5","Pol-Lep2","Plant-Ger"
"ct5","Pol-Bom1","Plant-Ger"
"ct5","Pol-Ppy","Plant-Ger"
"ct5","Pol-Cru","Plant-Ger"
"ct5","Pol-Pra","Plant-Ger"
"ct5","Pol-Red","Plant-Ger"
"ct5","Pol-Aan","Plant-Ger"
"ct5","Pol-Eer","Plant-Ger"
"ct5","Pol-Gcl","Plant-Ger"
"ct5","Pol-Mst","Plant-Ger"
"ct5","Pol-Ame","Plant-Vpu"
"ct5","Pol-Bte","Plant-Vpu"
"ct5","Pol-Adi","Plant-Vpu"
"ct5","Pol-Apl","Plant-Vpu"
"ct5","Pol-Ant","Plant-Vpu"
"ct5","Pol-Lmi","Plant-Vpu"
"ct5","Pol-And5","Plant-Vpu"
"ct5","Pol-And6","Plant-Vpu"
"ct5","Pol-Ccu","Plant-Vpu"
"ct5","Pol-Mel","Plant-Vpu"
"ct5","Pol-Eba","Plant-Vpu"
"ct5","Pol-Eup","Plant-Vpu"
"ct5","Pol-Ete","Plant-Vpu"
"ct5","Pol-Dip2","Plant-Vpu"
"ct5","Pol-Dip4","Plant-Vpu"
"ct5","Pol-Dip1","Plant-Vpu"
"ct5","Pol-Call","Plant-Vpu"
"ct5","Pol-Luc","Plant-Vpu"
"ct5","Pol-Das","Plant-Vpu"
"ct5","Pol-Melig","Plant-Vpu"
"ct5","Pol-Ofl","Plant-Vpu"
"ct5","Pol-Lae","Plant-Vpu"
"ct5","Pol-Ade","Plant-Vpu"
"ct5","Pol-Sse","Plant-Vpu"
"ct5","Pol-Lgr","Plant-Vpu"
"ct5","Pol-Fge","Plant-Vpu"
"ct5","Pol-Mec","Plant-Vpu"
"ct5","Pol-Bpa","Plant-Vpu"
"ct5","Pol-Hop1","Plant-Vpu"
"ct5","Pol-Meg3","Plant-Vpu"
"ct5","Pol-Ant2","Plant-Vpu"
"ct5","Pol-And7","Plant-Vpu"
"ct5","Pol-Mer2","Plant-Vpu"
"ct5","Pol-Bom4","Plant-Vpu"
"ct5","Pol-Dip3","Plant-Vpu"
"ct5","Pol-Ofu","Plant-Vpu"
"ct5","Pol-Ipo","Plant-Vpu"
"ct5","Pol-Ort2","Plant-Vpu"
"ct5","Pol-Dba","Plant-Vpu"
"ct5","Pol-Gym2","Plant-Vpu"
"ct5","Pol-Dan","Plant-Vpu"
"ct5","Pol-Mor1","Plant-Vpu"
"ct5","Pol-Mal1","Plant-Vpu"
"ct5","Pol-Oca","Plant-Vpu"
"ct5","Pol-Hyl1","Plant-Vpu"
"ct5","Pol-And","Plant-Vpu"
"ct5","Pol-Ssc","Plant-Vpu"
"ct5","Pol-Chr","Plant-Vpu"
"ct5","Pol-Gym3","Plant-Vpu"
"ct5","Pol-Cur2","Plant-Vpu"
"ct5","Pol-Ppa","Plant-Vpu"
"ct5","Pol-Het2","Plant-Vpu"
"ct5","Pol-Lpe","Plant-Vpu"
"ct5","Pol-And2","Plant-Vpu"
"ct5","Pol-Ccy","Plant-Vpu"
"ct5","Pol-Par","Plant-Vpu"
"ct5","Pol-Gym1","Plant-Vpu"
"ct5","Pol-Afu","Plant-Vpu"
"ct5","Pol-Cla","Plant-Vpu"
"ct5","Pol-Ccro","Plant-Vpu"
"ct5","Pol-Osm3","Plant-Vpu"
"ct5","Pol-Osm5","Plant-Vpu"
"ct5","Pol-Eri1","Plant-Vpu"
"ct5","Pol-Chry1","Plant-Vpu"
"ct5","Pol-Adeg","Plant-Vpu"
"ct5","Pol-Lep2","Plant-Vpu"
"ct5","Pol-Bom1","Plant-Vpu"
"ct5","Pol-Ppy","Plant-Vpu"
"ct5","Pol-Cru","Plant-Vpu"
"ct5","Pol-Pra","Plant-Vpu"
"ct5","Pol-Red","Plant-Vpu"
"ct5","Pol-Aan","Plant-Vpu"
"ct5","Pol-Eer","Plant-Vpu"
"ct5","Pol-Gcl","Plant-Vpu"
"ct5","Pol-Mst","Plant-Vpu"
"cc5","Pol-Ame","Plant-Csa"
"cc5","Pol-Bte","Plant-Csa"
"cc5","Pol-And2","Plant-Csa"
"cc5","Pol-Eba","Plant-Csa"
"cc5","Pol-Mel","Plant-Csa"
"cc5","Pol-Syr4","Plant-Csa"
"cc5","Pol-Lme","Plant-Csa"
"cc5","Pol-Lmi","Plant-Csa"
"cc5","Pol-Sca","Plant-Csa"
"cc5","Pol-Lci","Plant-Csa"
"cc5","Pol-Lpe","Plant-Csa"
"cc5","Pol-Zyg","Plant-Csa"
"cc5","Pol-Ant3","Plant-Csa"
"cc5","Pol-Chr","Plant-Csa"
"cc5","Pol-Fge","Plant-Csa"
"cc5","Pol-Ete","Plant-Csa"
"cc5","Pol-Ort1","Plant-Csa"
"cc5","Pol-Ort2","Plant-Csa"
"cc5","Pol-Ccu","Plant-Csa"
"cc5","Pol-Hal1","Plant-Csa"
"cc5","Pol-Adi","Plant-Csa"
"cc5","Pol-Das","Plant-Csa"
"cc5","Pol-Afu","Plant-Csa"
"cc5","Pol-Ant2","Plant-Csa"
"cc5","Pol-Nit1","Plant-Csa"
"cc5","Pol-Lep1","Plant-Csa"
"cc5","Pol-Ase","Plant-Csa"
"cc5","Pol-Lgran","Plant-Csa"
"cc5","Pol-Eup","Plant-Csa"
"cc5","Pol-Bom1","Plant-Csa"
"cc5","Pol-Melig","Plant-Csa"
"cc5","Pol-Ppy","Plant-Csa"
"cc5","Pol-Nom2","Plant-Csa"
"cc5","Pol-And3","Plant-Csa"
"cc5","Pol-Xvi","Plant-Csa"
"cc5","Pol-Dip2","Plant-Csa"
"cc5","Pol-Ame","Plant-Lst"
"cc5","Pol-Bte","Plant-Lst"
"cc5","Pol-And2","Plant-Lst"
"cc5","Pol-Eba","Plant-Lst"
"cc5","Pol-Mel","Plant-Lst"
"cc5","Pol-Syr4","Plant-Lst"
"cc5","Pol-Lme","Plant-Lst"
"cc5","Pol-Lmi","Plant-Lst"
"cc5","Pol-Sca","Plant-Lst"
"cc5","Pol-Lci","Plant-Lst"
"cc5","Pol-Lpe","Plant-Lst"
"cc5","Pol-Zyg","Plant-Lst"
"cc5","Pol-Ant3","Plant-Lst"
"cc5","Pol-Chr","Plant-Lst"
"cc5","Pol-Fge","Plant-Lst"
"cc5","Pol-Ete","Plant-Lst"
"cc5","Pol-Ort1","Plant-Lst"
"cc5","Pol-Ort2","Plant-Lst"
"cc5","Pol-Ccu","Plant-Lst"
"cc5","Pol-Hal1","Plant-Lst"
"cc5","Pol-Adi","Plant-Lst"
"cc5","Pol-Das","Plant-Lst"
"cc5","Pol-Afu","Plant-Lst"
"cc5","Pol-Ant2","Plant-Lst"
"cc5","Pol-Nit1","Plant-Lst"
"cc5","Pol-Lep1","Plant-Lst"
"cc5","Pol-Ase","Plant-Lst"
"cc5","Pol-Lgran","Plant-Lst"
"cc5","Pol-Eup","Plant-Lst"
"cc5","Pol-Bom1","Plant-Lst"
"cc5","Pol-Melig","Plant-Lst"
"cc5","Pol-Ppy","Plant-Lst"
"cc5","Pol-Nom2","Plant-Lst"
"cc5","Pol-And3","Plant-Lst"
"cc5","Pol-Xvi","Plant-Lst"
"cc5","Pol-Dip2","Plant-Lst"
"cc5","Pol-Ame","Plant-Csc"
"cc5","Pol-Bte","Plant-Csc"
"cc5","Pol-And2","Plant-Csc"
"cc5","Pol-Eba","Plant-Csc"
"cc5","Pol-Mel","Plant-Csc"
"cc5","Pol-Syr4","Plant-Csc"
"cc5","Pol-Lme","Plant-Csc"
"cc5","Pol-Lmi","Plant-Csc"
"cc5","Pol-Sca","Plant-Csc"
"cc5","Pol-Lci","Plant-Csc"
"cc5","Pol-Lpe","Plant-Csc"
"cc5","Pol-Zyg","Plant-Csc"
"cc5","Pol-Ant3","Plant-Csc"
"cc5","Pol-Chr","Plant-Csc"
"cc5","Pol-Fge","Plant-Csc"
"cc5","Pol-Ete","Plant-Csc"
"cc5","Pol-Ort1","Plant-Csc"
"cc5","Pol-Ort2","Plant-Csc"
"cc5","Pol-Ccu","Plant-Csc"
"cc5","Pol-Hal1","Plant-Csc"
"cc5","Pol-Adi","Plant-Csc"
"cc5","Pol-Das","Plant-Csc"
"cc5","Pol-Afu","Plant-Csc"
"cc5","Pol-Ant2","Plant-Csc"
"cc5","Pol-Nit1","Plant-Csc"
"cc5","Pol-Lep1","Plant-Csc"
"cc5","Pol-Ase","Plant-Csc"
"cc5","Pol-Lgran","Plant-Csc"
"cc5","Pol-Eup","Plant-Csc"
"cc5","Pol-Bom1","Plant-Csc"
"cc5","Pol-Melig","Plant-Csc"
"cc5","Pol-Ppy","Plant-Csc"
"cc5","Pol-Nom2","Plant-Csc"
"cc5","Pol-And3","Plant-Csc"
"cc5","Pol-Xvi","Plant-Csc"
"cc5","Pol-Dip2","Plant-Csc"
"ct4","Pol-Ame","Plant-Csa"
"ct4","Pol-Bte","Plant-Csa"
"ct4","Pol-Mel","Plant-Csa"
"ct4","Pol-Eba","Plant-Csa"
"ct4","Pol-Chr","Plant-Csa"
"ct4","Pol-Ete","Plant-Csa"
"ct4","Pol-Call","Plant-Csa"
"ct4","Pol-Syr4","Plant-Csa"
"ct4","Pol-Sca","Plant-Csa"
"ct4","Pol-Pse","Plant-Csa"
"ct4","Pol-Dip2","Plant-Csa"
"ct4","Pol-Bom1","Plant-Csa"
"ct4","Pol-Cae","Plant-Csa"
"ct4","Pol-Apl","Plant-Csa"
"ct4","Pol-Melec1","Plant-Csa"
"ct4","Pol-Luc","Plant-Csa"
"ct4","Pol-Ofl","Plant-Csa"
"ct4","Pol-Lae","Plant-Csa"
"ct4","Pol-Das","Plant-Csa"
"ct4","Pol-Ccr","Plant-Csa"
"ct4","Pol-Had","Plant-Csa"
"ct4","Pol-Aan","Plant-Csa"
"ct4","Pol-And5","Plant-Csa"
"ct4","Pol-And2","Plant-Csa"
"ct4","Pol-Ole","Plant-Csa"
"ct4","Pol-Oru","Plant-Csa"
"ct4","Pol-Eri1","Plant-Csa"
"ct4","Pol-Eer","Plant-Csa"
"ct4","Pol-Par","Plant-Csa"
"ct4","Pol-Dip1","Plant-Csa"
"ct4","Pol-Fge","Plant-Csa"
"ct4","Pol-Cpi","Plant-Csa"
"ct4","Pol-Ade","Plant-Csa"
"ct4","Pol-Melig","Plant-Csa"
"ct4","Pol-Dan","Plant-Csa"
"ct4","Pol-Ort2","Plant-Csa"
"ct4","Pol-Dba","Plant-Csa"
"ct4","Pol-Osm","Plant-Csa"
"ct4","Pol-Lmi","Plant-Csa"
"ct4","Pol-Lpe","Plant-Csa"
"ct4","Pol-Hsc","Plant-Csa"
"ct4","Pol-Dip4","Plant-Csa"
"ct4","Pol-Ofu","Plant-Csa"
"ct4","Pol-Lgr","Plant-Csa"
"ct4","Pol-Mir","Plant-Csa"
"ct4","Pol-Ani","Plant-Csa"
"ct4","Pol-Chal","Plant-Csa"
"ct4","Pol-Ppa","Plant-Csa"
"ct4","Pol-Oph","Plant-Csa"
"ct4","Pol-Dip3","Plant-Csa"
"ct4","Pol-Afu","Plant-Csa"
"ct4","Pol-Ase","Plant-Csa"
"ct4","Pol-Mor1","Plant-Csa"
"ct4","Pol-Att","Plant-Csa"
"ct4","Pol-Cru","Plant-Csa"
"ct4","Pol-Ipo","Plant-Csa"
"ct4","Pol-Bpa","Plant-Csa"
"ct4","Pol-Ant","Plant-Csa"
"ct4","Pol-Anthr","Plant-Csa"
"ct4","Pol-Spe","Plant-Csa"
"ct4","Pol-Ppy","Plant-Csa"
"ct4","Pol-Pen2","Plant-Csa"
"ct4","Pol-Ort1","Plant-Csa"
"ct4","Pol-Oca","Plant-Csa"
"ct4","Pol-Ccy","Plant-Csa"
"ct4","Pol-Nom2","Plant-Csa"
"ct4","Pol-Ssc","Plant-Csa"
"ct4","Pol-Red","Plant-Csa"
"ct4","Pol-Nom","Plant-Csa"
"ct4","Pol-Mer2","Plant-Csa"
"ct4","Pol-Cal","Plant-Csa"
"ct4","Pol-Ame","Plant-Cal"
"ct4","Pol-Bte","Plant-Cal"
"ct4","Pol-Mel","Plant-Cal"
"ct4","Pol-Eba","Plant-Cal"
"ct4","Pol-Chr","Plant-Cal"
"ct4","Pol-Ete","Plant-Cal"
"ct4","Pol-Call","Plant-Cal"
"ct4","Pol-Syr4","Plant-Cal"
"ct4","Pol-Sca","Plant-Cal"
"ct4","Pol-Pse","Plant-Cal"
"ct4","Pol-Dip2","Plant-Cal"
"ct4","Pol-Bom1","Plant-Cal"
"ct4","Pol-Cae","Plant-Cal"
"ct4","Pol-Apl","Plant-Cal"
"ct4","Pol-Melec1","Plant-Cal"
"ct4","Pol-Luc","Plant-Cal"
"ct4","Pol-Ofl","Plant-Cal"
"ct4","Pol-Lae","Plant-Cal"
"ct4","Pol-Das","Plant-Cal"
"ct4","Pol-Ccr","Plant-Cal"
"ct4","Pol-Had","Plant-Cal"
"ct4","Pol-Aan","Plant-Cal"
"ct4","Pol-And5","Plant-Cal"
"ct4","Pol-And2","Plant-Cal"
"ct4","Pol-Ole","Plant-Cal"
"ct4","Pol-Oru","Plant-Cal"
"ct4","Pol-Eri1","Plant-Cal"
"ct4","Pol-Eer","Plant-Cal"
"ct4","Pol-Par","Plant-Cal"
"ct4","Pol-Dip1","Plant-Cal"
"ct4","Pol-Fge","Plant-Cal"
"ct4","Pol-Cpi","Plant-Cal"
"ct4","Pol-Ade","Plant-Cal"
"ct4","Pol-Melig","Plant-Cal"
"ct4","Pol-Dan","Plant-Cal"
"ct4","Pol-Ort2","Plant-Cal"
"ct4","Pol-Dba","Plant-Cal"
"ct4","Pol-Osm","Plant-Cal"
"ct4","Pol-Lmi","Plant-Cal"
"ct4","Pol-Lpe","Plant-Cal"
"ct4","Pol-Hsc","Plant-Cal"
"ct4","Pol-Dip4","Plant-Cal"
"ct4","Pol-Ofu","Plant-Cal"
"ct4","Pol-Lgr","Plant-Cal"
"ct4","Pol-Mir","Plant-Cal"
"ct4","Pol-Ani","Plant-Cal"
"ct4","Pol-Chal","Plant-Cal"
"ct4","Pol-Ppa","Plant-Cal"
"ct4","Pol-Oph","Plant-Cal"
"ct4","Pol-Dip3","Plant-Cal"
"ct4","Pol-Afu","Plant-Cal"
"ct4","Pol-Ase","Plant-Cal"
"ct4","Pol-Mor1","Plant-Cal"
"ct4","Pol-Att","Plant-Cal"
"ct4","Pol-Cru","Plant-Cal"
"ct4","Pol-Ipo","Plant-Cal"
"ct4","Pol-Bpa","Plant-Cal"
"ct4","Pol-Ant","Plant-Cal"
"ct4","Pol-Anthr","Plant-Cal"
"ct4","Pol-Spe","Plant-Cal"
"ct4","Pol-Ppy","Plant-Cal"
"ct4","Pol-Pen2","Plant-Cal"
"ct4","Pol-Ort1","Plant-Cal"
"ct4","Pol-Oca","Plant-Cal"
"ct4","Pol-Ccy","Plant-Cal"
"ct4","Pol-Nom2","Plant-Cal"
"ct4","Pol-Ssc","Plant-Cal"
"ct4","Pol-Red","Plant-Cal"
"ct4","Pol-Nom","Plant-Cal"
"ct4","Pol-Mer2","Plant-Cal"
"ct4","Pol-Cal","Plant-Cal"
"ct4","Pol-Ame","Plant-Lst"
"ct4","Pol-Bte","Plant-Lst"
"ct4","Pol-Mel","Plant-Lst"
"ct4","Pol-Eba","Plant-Lst"
"ct4","Pol-Chr","Plant-Lst"
"ct4","Pol-Ete","Plant-Lst"
"ct4","Pol-Call","Plant-Lst"
"ct4","Pol-Syr4","Plant-Lst"
"ct4","Pol-Sca","Plant-Lst"
"ct4","Pol-Pse","Plant-Lst"
"ct4","Pol-Dip2","Plant-Lst"
"ct4","Pol-Bom1","Plant-Lst"
"ct4","Pol-Cae","Plant-Lst"
"ct4","Pol-Apl","Plant-Lst"
"ct4","Pol-Melec1","Plant-Lst"
"ct4","Pol-Luc","Plant-Lst"
"ct4","Pol-Ofl","Plant-Lst"
"ct4","Pol-Lae","Plant-Lst"
"ct4","Pol-Das","Plant-Lst"
"ct4","Pol-Ccr","Plant-Lst"
"ct4","Pol-Had","Plant-Lst"
"ct4","Pol-Aan","Plant-Lst"
"ct4","Pol-And5","Plant-Lst"
"ct4","Pol-And2","Plant-Lst"
"ct4","Pol-Ole","Plant-Lst"
"ct4","Pol-Oru","Plant-Lst"
"ct4","Pol-Eri1","Plant-Lst"
"ct4","Pol-Eer","Plant-Lst"
"ct4","Pol-Par","Plant-Lst"
"ct4","Pol-Dip1","Plant-Lst"
"ct4","Pol-Fge","Plant-Lst"
"ct4","Pol-Cpi","Plant-Lst"
"ct4","Pol-Ade","Plant-Lst"
"ct4","Pol-Melig","Plant-Lst"
"ct4","Pol-Dan","Plant-Lst"
"ct4","Pol-Ort2","Plant-Lst"
"ct4","Pol-Dba","Plant-Lst"
"ct4","Pol-Osm","Plant-Lst"
"ct4","Pol-Lmi","Plant-Lst"
"ct4","Pol-Lpe","Plant-Lst"
"ct4","Pol-Hsc","Plant-Lst"
"ct4","Pol-Dip4","Plant-Lst"
"ct4","Pol-Ofu","Plant-Lst"
"ct4","Pol-Lgr","Plant-Lst"
"ct4","Pol-Mir","Plant-Lst"
"ct4","Pol-Ani","Plant-Lst"
"ct4","Pol-Chal","Plant-Lst"
"ct4","Pol-Ppa","Plant-Lst"
"ct4","Pol-Oph","Plant-Lst"
"ct4","Pol-Dip3","Plant-Lst"
"ct4","Pol-Afu","Plant-Lst"
"ct4","Pol-Ase","Plant-Lst"
"ct4","Pol-Mor1","Plant-Lst"
"ct4","Pol-Att","Plant-Lst"
"ct4","Pol-Cru","Plant-Lst"
"ct4","Pol-Ipo","Plant-Lst"
"ct4","Pol-Bpa","Plant-Lst"
"ct4","Pol-Ant","Plant-Lst"
"ct4","Pol-Anthr","Plant-Lst"
"ct4","Pol-Spe","Plant-Lst"
"ct4","Pol-Ppy","Plant-Lst"
"ct4","Pol-Pen2","Plant-Lst"
"ct4","Pol-Ort1","Plant-Lst"
"ct4","Pol-Oca","Plant-Lst"
"ct4","Pol-Ccy","Plant-Lst"
"ct4","Pol-Nom2","Plant-Lst"
"ct4","Pol-Ssc","Plant-Lst"
"ct4","Pol-Red","Plant-Lst"
"ct4","Pol-Nom","Plant-Lst"
"ct4","Pol-Mer2","Plant-Lst"
"ct4","Pol-Cal","Plant-Lst"
"ct4","Pol-Ame","Plant-TvuF"
"ct4","Pol-Bte","Plant-TvuF"
"ct4","Pol-Mel","Plant-TvuF"
"ct4","Pol-Eba","Plant-TvuF"
"ct4","Pol-Chr","Plant-TvuF"
"ct4","Pol-Ete","Plant-TvuF"
"ct4","Pol-Call","Plant-TvuF"
"ct4","Pol-Syr4","Plant-TvuF"
"ct4","Pol-Sca","Plant-TvuF"
"ct4","Pol-Pse","Plant-TvuF"
"ct4","Pol-Dip2","Plant-TvuF"
"ct4","Pol-Bom1","Plant-TvuF"
"ct4","Pol-Cae","Plant-TvuF"
"ct4","Pol-Apl","Plant-TvuF"
"ct4","Pol-Melec1","Plant-TvuF"
"ct4","Pol-Luc","Plant-TvuF"
"ct4","Pol-Ofl","Plant-TvuF"
"ct4","Pol-Lae","Plant-TvuF"
"ct4","Pol-Das","Plant-TvuF"
"ct4","Pol-Ccr","Plant-TvuF"
"ct4","Pol-Had","Plant-TvuF"
"ct4","Pol-Aan","Plant-TvuF"
"ct4","Pol-And5","Plant-TvuF"
"ct4","Pol-And2","Plant-TvuF"
"ct4","Pol-Ole","Plant-TvuF"
"ct4","Pol-Oru","Plant-TvuF"
"ct4","Pol-Eri1","Plant-TvuF"
"ct4","Pol-Eer","Plant-TvuF"
"ct4","Pol-Par","Plant-TvuF"
"ct4","Pol-Dip1","Plant-TvuF"
"ct4","Pol-Fge","Plant-TvuF"
"ct4","Pol-Cpi","Plant-TvuF"
"ct4","Pol-Ade","Plant-TvuF"
"ct4","Pol-Melig","Plant-TvuF"
"ct4","Pol-Dan","Plant-TvuF"
"ct4","Pol-Ort2","Plant-TvuF"
"ct4","Pol-Dba","Plant-TvuF"
"ct4","Pol-Osm","Plant-TvuF"
"ct4","Pol-Lmi","Plant-TvuF"
"ct4","Pol-Lpe","Plant-TvuF"
"ct4","Pol-Hsc","Plant-TvuF"
"ct4","Pol-Dip4","Plant-TvuF"
"ct4","Pol-Ofu","Plant-TvuF"
"ct4","Pol-Lgr","Plant-TvuF"
"ct4","Pol-Mir","Plant-TvuF"
"ct4","Pol-Ani","Plant-TvuF"
"ct4","Pol-Chal","Plant-TvuF"
"ct4","Pol-Ppa","Plant-TvuF"
"ct4","Pol-Oph","Plant-TvuF"
"ct4","Pol-Dip3","Plant-TvuF"
"ct4","Pol-Afu","Plant-TvuF"
"ct4","Pol-Ase","Plant-TvuF"
"ct4","Pol-Mor1","Plant-TvuF"
"ct4","Pol-Att","Plant-TvuF"
"ct4","Pol-Cru","Plant-TvuF"
"ct4","Pol-Ipo","Plant-TvuF"
"ct4","Pol-Bpa","Plant-TvuF"
"ct4","Pol-Ant","Plant-TvuF"
"ct4","Pol-Anthr","Plant-TvuF"
"ct4","Pol-Spe","Plant-TvuF"
"ct4","Pol-Ppy","Plant-TvuF"
"ct4","Pol-Pen2","Plant-TvuF"
"ct4","Pol-Ort1","Plant-TvuF"
"ct4","Pol-Oca","Plant-TvuF"
"ct4","Pol-Ccy","Plant-TvuF"
"ct4","Pol-Nom2","Plant-TvuF"
"ct4","Pol-Ssc","Plant-TvuF"
"ct4","Pol-Red","Plant-TvuF"
"ct4","Pol-Nom","Plant-TvuF"
"ct4","Pol-Mer2","Plant-TvuF"
"ct4","Pol-Cal","Plant-TvuF"
"ct4","Pol-Ame","Plant-TvuHF"
"ct4","Pol-Bte","Plant-TvuHF"
"ct4","Pol-Mel","Plant-TvuHF"
"ct4","Pol-Eba","Plant-TvuHF"
"ct4","Pol-Chr","Plant-TvuHF"
"ct4","Pol-Ete","Plant-TvuHF"
"ct4","Pol-Call","Plant-TvuHF"
"ct4","Pol-Syr4","Plant-TvuHF"
"ct4","Pol-Sca","Plant-TvuHF"
"ct4","Pol-Pse","Plant-TvuHF"
"ct4","Pol-Dip2","Plant-TvuHF"
"ct4","Pol-Bom1","Plant-TvuHF"
"ct4","Pol-Cae","Plant-TvuHF"
"ct4","Pol-Apl","Plant-TvuHF"
"ct4","Pol-Melec1","Plant-TvuHF"
"ct4","Pol-Luc","Plant-TvuHF"
"ct4","Pol-Ofl","Plant-TvuHF"
"ct4","Pol-Lae","Plant-TvuHF"
"ct4","Pol-Das","Plant-TvuHF"
"ct4","Pol-Ccr","Plant-TvuHF"
"ct4","Pol-Had","Plant-TvuHF"
"ct4","Pol-Aan","Plant-TvuHF"
"ct4","Pol-And5","Plant-TvuHF"
"ct4","Pol-And2","Plant-TvuHF"
"ct4","Pol-Ole","Plant-TvuHF"
"ct4","Pol-Oru","Plant-TvuHF"
"ct4","Pol-Eri1","Plant-TvuHF"
"ct4","Pol-Eer","Plant-TvuHF"
"ct4","Pol-Par","Plant-TvuHF"
"ct4","Pol-Dip1","Plant-TvuHF"
"ct4","Pol-Fge","Plant-TvuHF"
"ct4","Pol-Cpi","Plant-TvuHF"
"ct4","Pol-Ade","Plant-TvuHF"
"ct4","Pol-Melig","Plant-TvuHF"
"ct4","Pol-Dan","Plant-TvuHF"
"ct4","Pol-Ort2","Plant-TvuHF"
"ct4","Pol-Dba","Plant-TvuHF"
"ct4","Pol-Osm","Plant-TvuHF"
"ct4","Pol-Lmi","Plant-TvuHF"
"ct4","Pol-Lpe","Plant-TvuHF"
"ct4","Pol-Hsc","Plant-TvuHF"
"ct4","Pol-Dip4","Plant-TvuHF"
"ct4","Pol-Ofu","Plant-TvuHF"
"ct4","Pol-Lgr","Plant-TvuHF"
"ct4","Pol-Mir","Plant-TvuHF"
"ct4","Pol-Ani","Plant-TvuHF"
"ct4","Pol-Chal","Plant-TvuHF"
"ct4","Pol-Ppa","Plant-TvuHF"
"ct4","Pol-Oph","Plant-TvuHF"
"ct4","Pol-Dip3","Plant-TvuHF"
"ct4","Pol-Afu","Plant-TvuHF"
"ct4","Pol-Ase","Plant-TvuHF"
"ct4","Pol-Mor1","Plant-TvuHF"
"ct4","Pol-Att","Plant-TvuHF"
"ct4","Pol-Cru","Plant-TvuHF"
"ct4","Pol-Ipo","Plant-TvuHF"
"ct4","Pol-Bpa","Plant-TvuHF"
"ct4","Pol-Ant","Plant-TvuHF"
"ct4","Pol-Anthr","Plant-TvuHF"
"ct4","Pol-Spe","Plant-TvuHF"
"ct4","Pol-Ppy","Plant-TvuHF"
"ct4","Pol-Pen2","Plant-TvuHF"
"ct4","Pol-Ort1","Plant-TvuHF"
"ct4","Pol-Oca","Plant-TvuHF"
"ct4","Pol-Ccy","Plant-TvuHF"
"ct4","Pol-Nom2","Plant-TvuHF"
"ct4","Pol-Ssc","Plant-TvuHF"
"ct4","Pol-Red","Plant-TvuHF"
"ct4","Pol-Nom","Plant-TvuHF"
"ct4","Pol-Mer2","Plant-TvuHF"
"ct4","Pol-Cal","Plant-TvuHF"
"ct4","Pol-Ame","Plant-Ech"
"ct4","Pol-Bte","Plant-Ech"
"ct4","Pol-Mel","Plant-Ech"
"ct4","Pol-Eba","Plant-Ech"
"ct4","Pol-Chr","Plant-Ech"
"ct4","Pol-Ete","Plant-Ech"
"ct4","Pol-Call","Plant-Ech"
"ct4","Pol-Syr4","Plant-Ech"
"ct4","Pol-Sca","Plant-Ech"
"ct4","Pol-Pse","Plant-Ech"
"ct4","Pol-Dip2","Plant-Ech"
"ct4","Pol-Bom1","Plant-Ech"
"ct4","Pol-Cae","Plant-Ech"
"ct4","Pol-Apl","Plant-Ech"
"ct4","Pol-Melec1","Plant-Ech"
"ct4","Pol-Luc","Plant-Ech"
"ct4","Pol-Ofl","Plant-Ech"
"ct4","Pol-Lae","Plant-Ech"
"ct4","Pol-Das","Plant-Ech"
"ct4","Pol-Ccr","Plant-Ech"
"ct4","Pol-Had","Plant-Ech"
"ct4","Pol-Aan","Plant-Ech"
"ct4","Pol-And5","Plant-Ech"
"ct4","Pol-And2","Plant-Ech"
"ct4","Pol-Ole","Plant-Ech"
"ct4","Pol-Oru","Plant-Ech"
"ct4","Pol-Eri1","Plant-Ech"
"ct4","Pol-Eer","Plant-Ech"
"ct4","Pol-Par","Plant-Ech"
"ct4","Pol-Dip1","Plant-Ech"
"ct4","Pol-Fge","Plant-Ech"
"ct4","Pol-Cpi","Plant-Ech"
"ct4","Pol-Ade","Plant-Ech"
"ct4","Pol-Melig","Plant-Ech"
"ct4","Pol-Dan","Plant-Ech"
"ct4","Pol-Ort2","Plant-Ech"
"ct4","Pol-Dba","Plant-Ech"
"ct4","Pol-Osm","Plant-Ech"
"ct4","Pol-Lmi","Plant-Ech"
"ct4","Pol-Lpe","Plant-Ech"
"ct4","Pol-Hsc","Plant-Ech"
"ct4","Pol-Dip4","Plant-Ech"
"ct4","Pol-Ofu","Plant-Ech"
"ct4","Pol-Lgr","Plant-Ech"
"ct4","Pol-Mir","Plant-Ech"
"ct4","Pol-Ani","Plant-Ech"
"ct4","Pol-Chal","Plant-Ech"
"ct4","Pol-Ppa","Plant-Ech"
"ct4","Pol-Oph","Plant-Ech"
"ct4","Pol-Dip3","Plant-Ech"
"ct4","Pol-Afu","Plant-Ech"
"ct4","Pol-Ase","Plant-Ech"
"ct4","Pol-Mor1","Plant-Ech"
"ct4","Pol-Att","Plant-Ech"
"ct4","Pol-Cru","Plant-Ech"
"ct4","Pol-Ipo","Plant-Ech"
"ct4","Pol-Bpa","Plant-Ech"
"ct4","Pol-Ant","Plant-Ech"
"ct4","Pol-Anthr","Plant-Ech"
"ct4","Pol-Spe","Plant-Ech"
"ct4","Pol-Ppy","Plant-Ech"
"ct4","Pol-Pen2","Plant-Ech"
"ct4","Pol-Ort1","Plant-Ech"
"ct4","Pol-Oca","Plant-Ech"
"ct4","Pol-Ccy","Plant-Ech"
"ct4","Pol-Nom2","Plant-Ech"
"ct4","Pol-Ssc","Plant-Ech"
"ct4","Pol-Red","Plant-Ech"
"ct4","Pol-Nom","Plant-Ech"
"ct4","Pol-Mer2","Plant-Ech"
"ct4","Pol-Cal","Plant-Ech"
"ct4","Pol-Ame","Plant-Ecy"
"ct4","Pol-Bte","Plant-Ecy"
"ct4","Pol-Mel","Plant-Ecy"
"ct4","Pol-Eba","Plant-Ecy"
"ct4","Pol-Chr","Plant-Ecy"
"ct4","Pol-Ete","Plant-Ecy"
"ct4","Pol-Call","Plant-Ecy"
"ct4","Pol-Syr4","Plant-Ecy"
"ct4","Pol-Sca","Plant-Ecy"
"ct4","Pol-Pse","Plant-Ecy"
"ct4","Pol-Dip2","Plant-Ecy"
"ct4","Pol-Bom1","Plant-Ecy"
"ct4","Pol-Cae","Plant-Ecy"
"ct4","Pol-Apl","Plant-Ecy"
"ct4","Pol-Melec1","Plant-Ecy"
"ct4","Pol-Luc","Plant-Ecy"
"ct4","Pol-Ofl","Plant-Ecy"
"ct4","Pol-Lae","Plant-Ecy"
"ct4","Pol-Das","Plant-Ecy"
"ct4","Pol-Ccr","Plant-Ecy"
"ct4","Pol-Had","Plant-Ecy"
"ct4","Pol-Aan","Plant-Ecy"
"ct4","Pol-And5","Plant-Ecy"
"ct4","Pol-And2","Plant-Ecy"
"ct4","Pol-Ole","Plant-Ecy"
"ct4","Pol-Oru","Plant-Ecy"
"ct4","Pol-Eri1","Plant-Ecy"
"ct4","Pol-Eer","Plant-Ecy"
"ct4","Pol-Par","Plant-Ecy"
"ct4","Pol-Dip1","Plant-Ecy"
"ct4","Pol-Fge","Plant-Ecy"
"ct4","Pol-Cpi","Plant-Ecy"
"ct4","Pol-Ade","Plant-Ecy"
"ct4","Pol-Melig","Plant-Ecy"
"ct4","Pol-Dan","Plant-Ecy"
"ct4","Pol-Ort2","Plant-Ecy"
"ct4","Pol-Dba","Plant-Ecy"
"ct4","Pol-Osm","Plant-Ecy"
"ct4","Pol-Lmi","Plant-Ecy"
"ct4","Pol-Lpe","Plant-Ecy"
"ct4","Pol-Hsc","Plant-Ecy"
"ct4","Pol-Dip4","Plant-Ecy"
"ct4","Pol-Ofu","Plant-Ecy"
"ct4","Pol-Lgr","Plant-Ecy"
"ct4","Pol-Mir","Plant-Ecy"
"ct4","Pol-Ani","Plant-Ecy"
"ct4","Pol-Chal","Plant-Ecy"
"ct4","Pol-Ppa","Plant-Ecy"
"ct4","Pol-Oph","Plant-Ecy"
"ct4","Pol-Dip3","Plant-Ecy"
"ct4","Pol-Afu","Plant-Ecy"
"ct4","Pol-Ase","Plant-Ecy"
"ct4","Pol-Mor1","Plant-Ecy"
"ct4","Pol-Att","Plant-Ecy"
"ct4","Pol-Cru","Plant-Ecy"
"ct4","Pol-Ipo","Plant-Ecy"
"ct4","Pol-Bpa","Plant-Ecy"
"ct4","Pol-Ant","Plant-Ecy"
"ct4","Pol-Anthr","Plant-Ecy"
"ct4","Pol-Spe","Plant-Ecy"
"ct4","Pol-Ppy","Plant-Ecy"
"ct4","Pol-Pen2","Plant-Ecy"
"ct4","Pol-Ort1","Plant-Ecy"
"ct4","Pol-Oca","Plant-Ecy"
"ct4","Pol-Ccy","Plant-Ecy"
"ct4","Pol-Nom2","Plant-Ecy"
"ct4","Pol-Ssc","Plant-Ecy"
"ct4","Pol-Red","Plant-Ecy"
"ct4","Pol-Nom","Plant-Ecy"
"ct4","Pol-Mer2","Plant-Ecy"
"ct4","Pol-Cal","Plant-Ecy"
"ct4","Pol-Ame","Plant-Csc"
"ct4","Pol-Bte","Plant-Csc"
"ct4","Pol-Mel","Plant-Csc"
"ct4","Pol-Eba","Plant-Csc"
"ct4","Pol-Chr","Plant-Csc"
"ct4","Pol-Ete","Plant-Csc"
"ct4","Pol-Call","Plant-Csc"
"ct4","Pol-Syr4","Plant-Csc"
"ct4","Pol-Sca","Plant-Csc"
"ct4","Pol-Pse","Plant-Csc"
"ct4","Pol-Dip2","Plant-Csc"
"ct4","Pol-Bom1","Plant-Csc"
"ct4","Pol-Cae","Plant-Csc"
"ct4","Pol-Apl","Plant-Csc"
"ct4","Pol-Melec1","Plant-Csc"
"ct4","Pol-Luc","Plant-Csc"
"ct4","Pol-Ofl","Plant-Csc"
"ct4","Pol-Lae","Plant-Csc"
"ct4","Pol-Das","Plant-Csc"
"ct4","Pol-Ccr","Plant-Csc"
"ct4","Pol-Had","Plant-Csc"
"ct4","Pol-Aan","Plant-Csc"
"ct4","Pol-And5","Plant-Csc"
"ct4","Pol-And2","Plant-Csc"
"ct4","Pol-Ole","Plant-Csc"
"ct4","Pol-Oru","Plant-Csc"
"ct4","Pol-Eri1","Plant-Csc"
"ct4","Pol-Eer","Plant-Csc"
"ct4","Pol-Par","Plant-Csc"
"ct4","Pol-Dip1","Plant-Csc"
"ct4","Pol-Fge","Plant-Csc"
"ct4","Pol-Cpi","Plant-Csc"
"ct4","Pol-Ade","Plant-Csc"
"ct4","Pol-Melig","Plant-Csc"
"ct4","Pol-Dan","Plant-Csc"
"ct4","Pol-Ort2","Plant-Csc"
"ct4","Pol-Dba","Plant-Csc"
"ct4","Pol-Osm","Plant-Csc"
"ct4","Pol-Lmi","Plant-Csc"
"ct4","Pol-Lpe","Plant-Csc"
"ct4","Pol-Hsc","Plant-Csc"
"ct4","Pol-Dip4","Plant-Csc"
"ct4","Pol-Ofu","Plant-Csc"
"ct4","Pol-Lgr","Plant-Csc"
"ct4","Pol-Mir","Plant-Csc"
"ct4","Pol-Ani","Plant-Csc"
"ct4","Pol-Chal","Plant-Csc"
"ct4","Pol-Ppa","Plant-Csc"
"ct4","Pol-Oph","Plant-Csc"
"ct4","Pol-Dip3","Plant-Csc"
"ct4","Pol-Afu","Plant-Csc"
"ct4","Pol-Ase","Plant-Csc"
"ct4","Pol-Mor1","Plant-Csc"
"ct4","Pol-Att","Plant-Csc"
"ct4","Pol-Cru","Plant-Csc"
"ct4","Pol-Ipo","Plant-Csc"
"ct4","Pol-Bpa","Plant-Csc"
"ct4","Pol-Ant","Plant-Csc"
"ct4","Pol-Anthr","Plant-Csc"
"ct4","Pol-Spe","Plant-Csc"
"ct4","Pol-Ppy","Plant-Csc"
"ct4","Pol-Pen2","Plant-Csc"
"ct4","Pol-Ort1","Plant-Csc"
"ct4","Pol-Oca","Plant-Csc"
"ct4","Pol-Ccy","Plant-Csc"
"ct4","Pol-Nom2","Plant-Csc"
"ct4","Pol-Ssc","Plant-Csc"
"ct4","Pol-Red","Plant-Csc"
"ct4","Pol-Nom","Plant-Csc"
"ct4","Pol-Mer2","Plant-Csc"
"ct4","Pol-Cal","Plant-Csc"
"ct4","Pol-Ame","Plant-Cmo"
"ct4","Pol-Bte","Plant-Cmo"
"ct4","Pol-Mel","Plant-Cmo"
"ct4","Pol-Eba","Plant-Cmo"
"ct4","Pol-Chr","Plant-Cmo"
"ct4","Pol-Ete","Plant-Cmo"
"ct4","Pol-Call","Plant-Cmo"
"ct4","Pol-Syr4","Plant-Cmo"
"ct4","Pol-Sca","Plant-Cmo"
"ct4","Pol-Pse","Plant-Cmo"
"ct4","Pol-Dip2","Plant-Cmo"
"ct4","Pol-Bom1","Plant-Cmo"
"ct4","Pol-Cae","Plant-Cmo"
"ct4","Pol-Apl","Plant-Cmo"
"ct4","Pol-Melec1","Plant-Cmo"
"ct4","Pol-Luc","Plant-Cmo"
"ct4","Pol-Ofl","Plant-Cmo"
"ct4","Pol-Lae","Plant-Cmo"
"ct4","Pol-Das","Plant-Cmo"
"ct4","Pol-Ccr","Plant-Cmo"
"ct4","Pol-Had","Plant-Cmo"
"ct4","Pol-Aan","Plant-Cmo"
"ct4","Pol-And5","Plant-Cmo"
"ct4","Pol-And2","Plant-Cmo"
"ct4","Pol-Ole","Plant-Cmo"
"ct4","Pol-Oru","Plant-Cmo"
"ct4","Pol-Eri1","Plant-Cmo"
"ct4","Pol-Eer","Plant-Cmo"
"ct4","Pol-Par","Plant-Cmo"
"ct4","Pol-Dip1","Plant-Cmo"
"ct4","Pol-Fge","Plant-Cmo"
"ct4","Pol-Cpi","Plant-Cmo"
"ct4","Pol-Ade","Plant-Cmo"
"ct4","Pol-Melig","Plant-Cmo"
"ct4","Pol-Dan","Plant-Cmo"
"ct4","Pol-Ort2","Plant-Cmo"
"ct4","Pol-Dba","Plant-Cmo"
"ct4","Pol-Osm","Plant-Cmo"
"ct4","Pol-Lmi","Plant-Cmo"
"ct4","Pol-Lpe","Plant-Cmo"
"ct4","Pol-Hsc","Plant-Cmo"
"ct4","Pol-Dip4","Plant-Cmo"
"ct4","Pol-Ofu","Plant-Cmo"
"ct4","Pol-Lgr","Plant-Cmo"
"ct4","Pol-Mir","Plant-Cmo"
"ct4","Pol-Ani","Plant-Cmo"
"ct4","Pol-Chal","Plant-Cmo"
"ct4","Pol-Ppa","Plant-Cmo"
"ct4","Pol-Oph","Plant-Cmo"
"ct4","Pol-Dip3","Plant-Cmo"
"ct4","Pol-Afu","Plant-Cmo"
"ct4","Pol-Ase","Plant-Cmo"
"ct4","Pol-Mor1","Plant-Cmo"
"ct4","Pol-Att","Plant-Cmo"
"ct4","Pol-Cru","Plant-Cmo"
"ct4","Pol-Ipo","Plant-Cmo"
"ct4","Pol-Bpa","Plant-Cmo"
"ct4","Pol-Ant","Plant-Cmo"
"ct4","Pol-Anthr","Plant-Cmo"
"ct4","Pol-Spe","Plant-Cmo"
"ct4","Pol-Ppy","Plant-Cmo"
"ct4","Pol-Pen2","Plant-Cmo"
"ct4","Pol-Ort1","Plant-Cmo"
"ct4","Pol-Oca","Plant-Cmo"
"ct4","Pol-Ccy","Plant-Cmo"
"ct4","Pol-Nom2","Plant-Cmo"
"ct4","Pol-Ssc","Plant-Cmo"
"ct4","Pol-Red","Plant-Cmo"
"ct4","Pol-Nom","Plant-Cmo"
"ct4","Pol-Mer2","Plant-Cmo"
"ct4","Pol-Cal","Plant-Cmo"
"ct4","Pol-Ame","Plant-Rbu"
"ct4","Pol-Bte","Plant-Rbu"
"ct4","Pol-Mel","Plant-Rbu"
"ct4","Pol-Eba","Plant-Rbu"
"ct4","Pol-Chr","Plant-Rbu"
"ct4","Pol-Ete","Plant-Rbu"
"ct4","Pol-Call","Plant-Rbu"
"ct4","Pol-Syr4","Plant-Rbu"
"ct4","Pol-Sca","Plant-Rbu"
"ct4","Pol-Pse","Plant-Rbu"
"ct4","Pol-Dip2","Plant-Rbu"
"ct4","Pol-Bom1","Plant-Rbu"
"ct4","Pol-Cae","Plant-Rbu"
"ct4","Pol-Apl","Plant-Rbu"
"ct4","Pol-Melec1","Plant-Rbu"
"ct4","Pol-Luc","Plant-Rbu"
"ct4","Pol-Ofl","Plant-Rbu"
"ct4","Pol-Lae","Plant-Rbu"
"ct4","Pol-Das","Plant-Rbu"
"ct4","Pol-Ccr","Plant-Rbu"
"ct4","Pol-Had","Plant-Rbu"
"ct4","Pol-Aan","Plant-Rbu"
"ct4","Pol-And5","Plant-Rbu"
"ct4","Pol-And2","Plant-Rbu"
"ct4","Pol-Ole","Plant-Rbu"
"ct4","Pol-Oru","Plant-Rbu"
"ct4","Pol-Eri1","Plant-Rbu"
"ct4","Pol-Eer","Plant-Rbu"
"ct4","Pol-Par","Plant-Rbu"
"ct4","Pol-Dip1","Plant-Rbu"
"ct4","Pol-Fge","Plant-Rbu"
"ct4","Pol-Cpi","Plant-Rbu"
"ct4","Pol-Ade","Plant-Rbu"
"ct4","Pol-Melig","Plant-Rbu"
"ct4","Pol-Dan","Plant-Rbu"
"ct4","Pol-Ort2","Plant-Rbu"
"ct4","Pol-Dba","Plant-Rbu"
"ct4","Pol-Osm","Plant-Rbu"
"ct4","Pol-Lmi","Plant-Rbu"
"ct4","Pol-Lpe","Plant-Rbu"
"ct4","Pol-Hsc","Plant-Rbu"
"ct4","Pol-Dip4","Plant-Rbu"
"ct4","Pol-Ofu","Plant-Rbu"
"ct4","Pol-Lgr","Plant-Rbu"
"ct4","Pol-Mir","Plant-Rbu"
"ct4","Pol-Ani","Plant-Rbu"
"ct4","Pol-Chal","Plant-Rbu"
"ct4","Pol-Ppa","Plant-Rbu"
"ct4","Pol-Oph","Plant-Rbu"
"ct4","Pol-Dip3","Plant-Rbu"
"ct4","Pol-Afu","Plant-Rbu"
"ct4","Pol-Ase","Plant-Rbu"
"ct4","Pol-Mor1","Plant-Rbu"
"ct4","Pol-Att","Plant-Rbu"
"ct4","Pol-Cru","Plant-Rbu"
"ct4","Pol-Ipo","Plant-Rbu"
"ct4","Pol-Bpa","Plant-Rbu"
"ct4","Pol-Ant","Plant-Rbu"
"ct4","Pol-Anthr","Plant-Rbu"
"ct4","Pol-Spe","Plant-Rbu"
"ct4","Pol-Ppy","Plant-Rbu"
"ct4","Pol-Pen2","Plant-Rbu"
"ct4","Pol-Ort1","Plant-Rbu"
"ct4","Pol-Oca","Plant-Rbu"
"ct4","Pol-Ccy","Plant-Rbu"
"ct4","Pol-Nom2","Plant-Rbu"
"ct4","Pol-Ssc","Plant-Rbu"
"ct4","Pol-Red","Plant-Rbu"
"ct4","Pol-Nom","Plant-Rbu"
"ct4","Pol-Mer2","Plant-Rbu"
"ct4","Pol-Cal","Plant-Rbu"
"ct4","Pol-Ame","Plant-Lin"
"ct4","Pol-Bte","Plant-Lin"
"ct4","Pol-Mel","Plant-Lin"
"ct4","Pol-Eba","Plant-Lin"
"ct4","Pol-Chr","Plant-Lin"
"ct4","Pol-Ete","Plant-Lin"
"ct4","Pol-Call","Plant-Lin"
"ct4","Pol-Syr4","Plant-Lin"
"ct4","Pol-Sca","Plant-Lin"
"ct4","Pol-Pse","Plant-Lin"
"ct4","Pol-Dip2","Plant-Lin"
"ct4","Pol-Bom1","Plant-Lin"
"ct4","Pol-Cae","Plant-Lin"
"ct4","Pol-Apl","Plant-Lin"
"ct4","Pol-Melec1","Plant-Lin"
"ct4","Pol-Luc","Plant-Lin"
"ct4","Pol-Ofl","Plant-Lin"
"ct4","Pol-Lae","Plant-Lin"
"ct4","Pol-Das","Plant-Lin"
"ct4","Pol-Ccr","Plant-Lin"
"ct4","Pol-Had","Plant-Lin"
"ct4","Pol-Aan","Plant-Lin"
"ct4","Pol-And5","Plant-Lin"
"ct4","Pol-And2","Plant-Lin"
"ct4","Pol-Ole","Plant-Lin"
"ct4","Pol-Oru","Plant-Lin"
"ct4","Pol-Eri1","Plant-Lin"
"ct4","Pol-Eer","Plant-Lin"
"ct4","Pol-Par","Plant-Lin"
"ct4","Pol-Dip1","Plant-Lin"
"ct4","Pol-Fge","Plant-Lin"
"ct4","Pol-Cpi","Plant-Lin"
"ct4","Pol-Ade","Plant-Lin"
"ct4","Pol-Melig","Plant-Lin"
"ct4","Pol-Dan","Plant-Lin"
"ct4","Pol-Ort2","Plant-Lin"
"ct4","Pol-Dba","Plant-Lin"
"ct4","Pol-Osm","Plant-Lin"
"ct4","Pol-Lmi","Plant-Lin"
"ct4","Pol-Lpe","Plant-Lin"
"ct4","Pol-Hsc","Plant-Lin"
"ct4","Pol-Dip4","Plant-Lin"
"ct4","Pol-Ofu","Plant-Lin"
"ct4","Pol-Lgr","Plant-Lin"
"ct4","Pol-Mir","Plant-Lin"
"ct4","Pol-Ani","Plant-Lin"
"ct4","Pol-Chal","Plant-Lin"
"ct4","Pol-Ppa","Plant-Lin"
"ct4","Pol-Oph","Plant-Lin"
"ct4","Pol-Dip3","Plant-Lin"
"ct4","Pol-Afu","Plant-Lin"
"ct4","Pol-Ase","Plant-Lin"
"ct4","Pol-Mor1","Plant-Lin"
"ct4","Pol-Att","Plant-Lin"
"ct4","Pol-Cru","Plant-Lin"
"ct4","Pol-Ipo","Plant-Lin"
"ct4","Pol-Bpa","Plant-Lin"
"ct4","Pol-Ant","Plant-Lin"
"ct4","Pol-Anthr","Plant-Lin"
"ct4","Pol-Spe","Plant-Lin"
"ct4","Pol-Ppy","Plant-Lin"
"ct4","Pol-Pen2","Plant-Lin"
"ct4","Pol-Ort1","Plant-Lin"
"ct4","Pol-Oca","Plant-Lin"
"ct4","Pol-Ccy","Plant-Lin"
"ct4","Pol-Nom2","Plant-Lin"
"ct4","Pol-Ssc","Plant-Lin"
"ct4","Pol-Red","Plant-Lin"
"ct4","Pol-Nom","Plant-Lin"
"ct4","Pol-Mer2","Plant-Lin"
"ct4","Pol-Cal","Plant-Lin"
"cc4","Pol-Melig","Plant-Csa"
"cc4","Pol-Ani","Plant-Csa"
"cc4","Pol-Apl","Plant-Csa"
"cc4","Pol-Eri1","Plant-Csa"
"cc4","Pol-Call","Plant-Csa"
"cc4","Pol-Dip1","Plant-Csa"
"cc4","Pol-Das","Plant-Csa"
"cc4","Pol-Col3","Plant-Csa"
"cc4","Pol-Ppy","Plant-Csa"
"cc4","Pol-Lgr","Plant-Csa"
"cc4","Pol-Luc","Plant-Csa"
"cc4","Pol-Cur1","Plant-Csa"
"cc4","Pol-Bte","Plant-Csa"
"cc4","Pol-Eba","Plant-Csa"
"cc4","Pol-Eer","Plant-Csa"
"cc4","Pol-Mel","Plant-Csa"
"cc4","Pol-Dip11","Plant-Csa"
"cc4","Pol-Grh","Plant-Csa"
"cc4","Pol-Osm3","Plant-Csa"
"cc4","Pol-Lmi","Plant-Csa"
"cc4","Pol-Sca","Plant-Csa"
"cc4","Pol-Ppa","Plant-Csa"
"cc4","Pol-Dip2","Plant-Csa"
"cc4","Pol-Par","Plant-Csa"
"cc4","Pol-Ofu","Plant-Csa"
"cc4","Pol-Fge","Plant-Csa"
"cc4","Pol-Mst","Plant-Csa"
"cc4","Pol-Ant2","Plant-Csa"
"cc4","Pol-Ant","Plant-Csa"
"cc4","Pol-Ete","Plant-Csa"
"cc4","Pol-Ame","Plant-Csa"
"cc4","Pol-Bom4","Plant-Csa"
"cc4","Pol-Bom1","Plant-Csa"
"cc4","Pol-Euc1","Plant-Csa"
"cc4","Pol-Ssc","Plant-Csa"
"cc4","Pol-Pse","Plant-Csa"
"cc4","Pol-Pra","Plant-Csa"
"cc4","Pol-And2","Plant-Csa"
"cc4","Pol-Aan","Plant-Csa"
"cc4","Pol-Che1","Plant-Csa"
"cc4","Pol-Cla","Plant-Csa"
"cc4","Pol-Melig","Plant-Lst"
"cc4","Pol-Ani","Plant-Lst"
"cc4","Pol-Apl","Plant-Lst"
"cc4","Pol-Eri1","Plant-Lst"
"cc4","Pol-Call","Plant-Lst"
"cc4","Pol-Dip1","Plant-Lst"
"cc4","Pol-Das","Plant-Lst"
"cc4","Pol-Col3","Plant-Lst"
"cc4","Pol-Ppy","Plant-Lst"
"cc4","Pol-Lgr","Plant-Lst"
"cc4","Pol-Luc","Plant-Lst"
"cc4","Pol-Cur1","Plant-Lst"
"cc4","Pol-Bte","Plant-Lst"
"cc4","Pol-Eba","Plant-Lst"
"cc4","Pol-Eer","Plant-Lst"
"cc4","Pol-Mel","Plant-Lst"
"cc4","Pol-Dip11","Plant-Lst"
"cc4","Pol-Grh","Plant-Lst"
"cc4","Pol-Osm3","Plant-Lst"
"cc4","Pol-Lmi","Plant-Lst"
"cc4","Pol-Sca","Plant-Lst"
"cc4","Pol-Ppa","Plant-Lst"
"cc4","Pol-Dip2","Plant-Lst"
"cc4","Pol-Par","Plant-Lst"
"cc4","Pol-Ofu","Plant-Lst"
"cc4","Pol-Fge","Plant-Lst"
"cc4","Pol-Mst","Plant-Lst"
"cc4","Pol-Ant2","Plant-Lst"
"cc4","Pol-Ant","Plant-Lst"
"cc4","Pol-Ete","Plant-Lst"
"cc4","Pol-Ame","Plant-Lst"
"cc4","Pol-Bom4","Plant-Lst"
"cc4","Pol-Bom1","Plant-Lst"
"cc4","Pol-Euc1","Plant-Lst"
"cc4","Pol-Ssc","Plant-Lst"
"cc4","Pol-Pse","Plant-Lst"
"cc4","Pol-Pra","Plant-Lst"
"cc4","Pol-And2","Plant-Lst"
"cc4","Pol-Aan","Plant-Lst"
"cc4","Pol-Che1","Plant-Lst"
"cc4","Pol-Cla","Plant-Lst"
"cc4","Pol-Melig","Plant-TvuF"
"cc4","Pol-Ani","Plant-TvuF"
"cc4","Pol-Apl","Plant-TvuF"
"cc4","Pol-Eri1","Plant-TvuF"
"cc4","Pol-Call","Plant-TvuF"
"cc4","Pol-Dip1","Plant-TvuF"
"cc4","Pol-Das","Plant-TvuF"
"cc4","Pol-Col3","Plant-TvuF"
"cc4","Pol-Ppy","Plant-TvuF"
"cc4","Pol-Lgr","Plant-TvuF"
"cc4","Pol-Luc","Plant-TvuF"
"cc4","Pol-Cur1","Plant-TvuF"
"cc4","Pol-Bte","Plant-TvuF"
"cc4","Pol-Eba","Plant-TvuF"
"cc4","Pol-Eer","Plant-TvuF"
"cc4","Pol-Mel","Plant-TvuF"
"cc4","Pol-Dip11","Plant-TvuF"
"cc4","Pol-Grh","Plant-TvuF"
"cc4","Pol-Osm3","Plant-TvuF"
"cc4","Pol-Lmi","Plant-TvuF"
"cc4","Pol-Sca","Plant-TvuF"
"cc4","Pol-Ppa","Plant-TvuF"
"cc4","Pol-Dip2","Plant-TvuF"
"cc4","Pol-Par","Plant-TvuF"
"cc4","Pol-Ofu","Plant-TvuF"
"cc4","Pol-Fge","Plant-TvuF"
"cc4","Pol-Mst","Plant-TvuF"
"cc4","Pol-Ant2","Plant-TvuF"
"cc4","Pol-Ant","Plant-TvuF"
"cc4","Pol-Ete","Plant-TvuF"
"cc4","Pol-Ame","Plant-TvuF"
"cc4","Pol-Bom4","Plant-TvuF"
"cc4","Pol-Bom1","Plant-TvuF"
"cc4","Pol-Euc1","Plant-TvuF"
"cc4","Pol-Ssc","Plant-TvuF"
"cc4","Pol-Pse","Plant-TvuF"
"cc4","Pol-Pra","Plant-TvuF"
"cc4","Pol-And2","Plant-TvuF"
"cc4","Pol-Aan","Plant-TvuF"
"cc4","Pol-Che1","Plant-TvuF"
"cc4","Pol-Cla","Plant-TvuF"
"cc4","Pol-Melig","Plant-TvuHF"
"cc4","Pol-Ani","Plant-TvuHF"
"cc4","Pol-Apl","Plant-TvuHF"
"cc4","Pol-Eri1","Plant-TvuHF"
"cc4","Pol-Call","Plant-TvuHF"
"cc4","Pol-Dip1","Plant-TvuHF"
"cc4","Pol-Das","Plant-TvuHF"
"cc4","Pol-Col3","Plant-TvuHF"
"cc4","Pol-Ppy","Plant-TvuHF"
"cc4","Pol-Lgr","Plant-TvuHF"
"cc4","Pol-Luc","Plant-TvuHF"
"cc4","Pol-Cur1","Plant-TvuHF"
"cc4","Pol-Bte","Plant-TvuHF"
"cc4","Pol-Eba","Plant-TvuHF"
"cc4","Pol-Eer","Plant-TvuHF"
"cc4","Pol-Mel","Plant-TvuHF"
"cc4","Pol-Dip11","Plant-TvuHF"
"cc4","Pol-Grh","Plant-TvuHF"
"cc4","Pol-Osm3","Plant-TvuHF"
"cc4","Pol-Lmi","Plant-TvuHF"
"cc4","Pol-Sca","Plant-TvuHF"
"cc4","Pol-Ppa","Plant-TvuHF"
"cc4","Pol-Dip2","Plant-TvuHF"
"cc4","Pol-Par","Plant-TvuHF"
"cc4","Pol-Ofu","Plant-TvuHF"
"cc4","Pol-Fge","Plant-TvuHF"
"cc4","Pol-Mst","Plant-TvuHF"
"cc4","Pol-Ant2","Plant-TvuHF"
"cc4","Pol-Ant","Plant-TvuHF"
"cc4","Pol-Ete","Plant-TvuHF"
"cc4","Pol-Ame","Plant-TvuHF"
"cc4","Pol-Bom4","Plant-TvuHF"
"cc4","Pol-Bom1","Plant-TvuHF"
"cc4","Pol-Euc1","Plant-TvuHF"
"cc4","Pol-Ssc","Plant-TvuHF"
"cc4","Pol-Pse","Plant-TvuHF"
"cc4","Pol-Pra","Plant-TvuHF"
"cc4","Pol-And2","Plant-TvuHF"
"cc4","Pol-Aan","Plant-TvuHF"
"cc4","Pol-Che1","Plant-TvuHF"
"cc4","Pol-Cla","Plant-TvuHF"
"cc4","Pol-Melig","Plant-Ech"
"cc4","Pol-Ani","Plant-Ech"
"cc4","Pol-Apl","Plant-Ech"
"cc4","Pol-Eri1","Plant-Ech"
"cc4","Pol-Call","Plant-Ech"
"cc4","Pol-Dip1","Plant-Ech"
"cc4","Pol-Das","Plant-Ech"
"cc4","Pol-Col3","Plant-Ech"
"cc4","Pol-Ppy","Plant-Ech"
"cc4","Pol-Lgr","Plant-Ech"
"cc4","Pol-Luc","Plant-Ech"
"cc4","Pol-Cur1","Plant-Ech"
"cc4","Pol-Bte","Plant-Ech"
"cc4","Pol-Eba","Plant-Ech"
"cc4","Pol-Eer","Plant-Ech"
"cc4","Pol-Mel","Plant-Ech"
"cc4","Pol-Dip11","Plant-Ech"
"cc4","Pol-Grh","Plant-Ech"
"cc4","Pol-Osm3","Plant-Ech"
"cc4","Pol-Lmi","Plant-Ech"
"cc4","Pol-Sca","Plant-Ech"
"cc4","Pol-Ppa","Plant-Ech"
"cc4","Pol-Dip2","Plant-Ech"
"cc4","Pol-Par","Plant-Ech"
"cc4","Pol-Ofu","Plant-Ech"
"cc4","Pol-Fge","Plant-Ech"
"cc4","Pol-Mst","Plant-Ech"
"cc4","Pol-Ant2","Plant-Ech"
"cc4","Pol-Ant","Plant-Ech"
"cc4","Pol-Ete","Plant-Ech"
"cc4","Pol-Ame","Plant-Ech"
"cc4","Pol-Bom4","Plant-Ech"
"cc4","Pol-Bom1","Plant-Ech"
"cc4","Pol-Euc1","Plant-Ech"
"cc4","Pol-Ssc","Plant-Ech"
"cc4","Pol-Pse","Plant-Ech"
"cc4","Pol-Pra","Plant-Ech"
"cc4","Pol-And2","Plant-Ech"
"cc4","Pol-Aan","Plant-Ech"
"cc4","Pol-Che1","Plant-Ech"
"cc4","Pol-Cla","Plant-Ech"
"ct3","Pol-Bte","Plant-Csa"
"ct3","Pol-Lmi","Plant-Csa"
"ct3","Pol-Dip1","Plant-Csa"
"ct3","Pol-Call","Plant-Csa"
"ct3","Pol-Nit1","Plant-Csa"
"ct3","Pol-Cer1","Plant-Csa"
"ct3","Pol-Ppy","Plant-Csa"
"ct3","Pol-Dba","Plant-Csa"
"ct3","Pol-Mir","Plant-Csa"
"ct3","Pol-Ort3","Plant-Csa"
"ct3","Pol-Ame","Plant-Csa"
"ct3","Pol-Ant2","Plant-Csa"
"ct3","Pol-Adi","Plant-Csa"
"ct3","Pol-Chal","Plant-Csa"
"ct3","Pol-Ani","Plant-Csa"
"ct3","Pol-Vge","Plant-Csa"
"ct3","Pol-Mel","Plant-Csa"
"ct3","Pol-Gym1","Plant-Csa"
"ct3","Pol-Ofu","Plant-Csa"
"ct3","Pol-Das","Plant-Csa"
"ct3","Pol-Ant3","Plant-Csa"
"ct3","Pol-Ete","Plant-Csa"
"ct3","Pol-Eba","Plant-Csa"
"ct3","Pol-Sca","Plant-Csa"
"ct3","Pol-Luc","Plant-Csa"
"ct3","Pol-Dip2","Plant-Csa"
"ct3","Pol-Cur1","Plant-Csa"
"ct3","Pol-Oed1","Plant-Csa"
"ct3","Pol-Melig","Plant-Csa"
"ct3","Pol-Ccr","Plant-Csa"
"ct3","Pol-Lci","Plant-Csa"
"ct3","Pol-Ort2","Plant-Csa"
"ct3","Pol-Ant","Plant-Csa"
"ct3","Pol-Lpe","Plant-Csa"
"ct3","Pol-And2","Plant-Csa"
"ct3","Pol-Osm3","Plant-Csa"
"ct3","Pol-Nom1","Plant-Csa"
"ct3","Pol-Afu","Plant-Csa"
"ct3","Pol-Het2","Plant-Csa"
"ct3","Pol-Ort4","Plant-Csa"
"ct3","Pol-Oca","Plant-Csa"
"ct3","Pol-Nom2","Plant-Csa"
"ct3","Pol-Eer","Plant-Csa"
"ct3","Pol-Ssc","Plant-Csa"
"ct3","Pol-Bru2","Plant-Csa"
"ct3","Pol-Mor1","Plant-Csa"
"ct3","Pol-Otr","Plant-Csa"
"ct3","Pol-Bte","Plant-Cal"
"ct3","Pol-Lmi","Plant-Cal"
"ct3","Pol-Dip1","Plant-Cal"
"ct3","Pol-Call","Plant-Cal"
"ct3","Pol-Nit1","Plant-Cal"
"ct3","Pol-Cer1","Plant-Cal"
"ct3","Pol-Ppy","Plant-Cal"
"ct3","Pol-Dba","Plant-Cal"
"ct3","Pol-Mir","Plant-Cal"
"ct3","Pol-Ort3","Plant-Cal"
"ct3","Pol-Ame","Plant-Cal"
"ct3","Pol-Ant2","Plant-Cal"
"ct3","Pol-Adi","Plant-Cal"
"ct3","Pol-Chal","Plant-Cal"
"ct3","Pol-Ani","Plant-Cal"
"ct3","Pol-Vge","Plant-Cal"
"ct3","Pol-Mel","Plant-Cal"
"ct3","Pol-Gym1","Plant-Cal"
"ct3","Pol-Ofu","Plant-Cal"
"ct3","Pol-Das","Plant-Cal"
"ct3","Pol-Ant3","Plant-Cal"
"ct3","Pol-Ete","Plant-Cal"
"ct3","Pol-Eba","Plant-Cal"
"ct3","Pol-Sca","Plant-Cal"
"ct3","Pol-Luc","Plant-Cal"
"ct3","Pol-Dip2","Plant-Cal"
"ct3","Pol-Cur1","Plant-Cal"
"ct3","Pol-Oed1","Plant-Cal"
"ct3","Pol-Melig","Plant-Cal"
"ct3","Pol-Ccr","Plant-Cal"
"ct3","Pol-Lci","Plant-Cal"
"ct3","Pol-Ort2","Plant-Cal"
"ct3","Pol-Ant","Plant-Cal"
"ct3","Pol-Lpe","Plant-Cal"
"ct3","Pol-And2","Plant-Cal"
"ct3","Pol-Osm3","Plant-Cal"
"ct3","Pol-Nom1","Plant-Cal"
"ct3","Pol-Afu","Plant-Cal"
"ct3","Pol-Het2","Plant-Cal"
"ct3","Pol-Ort4","Plant-Cal"
"ct3","Pol-Oca","Plant-Cal"
"ct3","Pol-Nom2","Plant-Cal"
"ct3","Pol-Eer","Plant-Cal"
"ct3","Pol-Ssc","Plant-Cal"
"ct3","Pol-Bru2","Plant-Cal"
"ct3","Pol-Mor1","Plant-Cal"
"ct3","Pol-Otr","Plant-Cal"
"ct3","Pol-Bte","Plant-Lst"
"ct3","Pol-Lmi","Plant-Lst"
"ct3","Pol-Dip1","Plant-Lst"
"ct3","Pol-Call","Plant-Lst"
"ct3","Pol-Nit1","Plant-Lst"
"ct3","Pol-Cer1","Plant-Lst"
"ct3","Pol-Ppy","Plant-Lst"
"ct3","Pol-Dba","Plant-Lst"
"ct3","Pol-Mir","Plant-Lst"
"ct3","Pol-Ort3","Plant-Lst"
"ct3","Pol-Ame","Plant-Lst"
"ct3","Pol-Ant2","Plant-Lst"
"ct3","Pol-Adi","Plant-Lst"
"ct3","Pol-Chal","Plant-Lst"
"ct3","Pol-Ani","Plant-Lst"
"ct3","Pol-Vge","Plant-Lst"
"ct3","Pol-Mel","Plant-Lst"
"ct3","Pol-Gym1","Plant-Lst"
"ct3","Pol-Ofu","Plant-Lst"
"ct3","Pol-Das","Plant-Lst"
"ct3","Pol-Ant3","Plant-Lst"
"ct3","Pol-Ete","Plant-Lst"
"ct3","Pol-Eba","Plant-Lst"
"ct3","Pol-Sca","Plant-Lst"
"ct3","Pol-Luc","Plant-Lst"
"ct3","Pol-Dip2","Plant-Lst"
"ct3","Pol-Cur1","Plant-Lst"
"ct3","Pol-Oed1","Plant-Lst"
"ct3","Pol-Melig","Plant-Lst"
"ct3","Pol-Ccr","Plant-Lst"
"ct3","Pol-Lci","Plant-Lst"
"ct3","Pol-Ort2","Plant-Lst"
"ct3","Pol-Ant","Plant-Lst"
"ct3","Pol-Lpe","Plant-Lst"
"ct3","Pol-And2","Plant-Lst"
"ct3","Pol-Osm3","Plant-Lst"
"ct3","Pol-Nom1","Plant-Lst"
"ct3","Pol-Afu","Plant-Lst"
"ct3","Pol-Het2","Plant-Lst"
"ct3","Pol-Ort4","Plant-Lst"
"ct3","Pol-Oca","Plant-Lst"
"ct3","Pol-Nom2","Plant-Lst"
"ct3","Pol-Eer","Plant-Lst"
"ct3","Pol-Ssc","Plant-Lst"
"ct3","Pol-Bru2","Plant-Lst"
"ct3","Pol-Mor1","Plant-Lst"
"ct3","Pol-Otr","Plant-Lst"
"ct3","Pol-Bte","Plant-Ech"
"ct3","Pol-Lmi","Plant-Ech"
"ct3","Pol-Dip1","Plant-Ech"
"ct3","Pol-Call","Plant-Ech"
"ct3","Pol-Nit1","Plant-Ech"
"ct3","Pol-Cer1","Plant-Ech"
"ct3","Pol-Ppy","Plant-Ech"
"ct3","Pol-Dba","Plant-Ech"
"ct3","Pol-Mir","Plant-Ech"
"ct3","Pol-Ort3","Plant-Ech"
"ct3","Pol-Ame","Plant-Ech"
"ct3","Pol-Ant2","Plant-Ech"
"ct3","Pol-Adi","Plant-Ech"
"ct3","Pol-Chal","Plant-Ech"
"ct3","Pol-Ani","Plant-Ech"
"ct3","Pol-Vge","Plant-Ech"
"ct3","Pol-Mel","Plant-Ech"
"ct3","Pol-Gym1","Plant-Ech"
"ct3","Pol-Ofu","Plant-Ech"
"ct3","Pol-Das","Plant-Ech"
"ct3","Pol-Ant3","Plant-Ech"
"ct3","Pol-Ete","Plant-Ech"
"ct3","Pol-Eba","Plant-Ech"
"ct3","Pol-Sca","Plant-Ech"
"ct3","Pol-Luc","Plant-Ech"
"ct3","Pol-Dip2","Plant-Ech"
"ct3","Pol-Cur1","Plant-Ech"
"ct3","Pol-Oed1","Plant-Ech"
"ct3","Pol-Melig","Plant-Ech"
"ct3","Pol-Ccr","Plant-Ech"
"ct3","Pol-Lci","Plant-Ech"
"ct3","Pol-Ort2","Plant-Ech"
"ct3","Pol-Ant","Plant-Ech"
"ct3","Pol-Lpe","Plant-Ech"
"ct3","Pol-And2","Plant-Ech"
"ct3","Pol-Osm3","Plant-Ech"
"ct3","Pol-Nom1","Plant-Ech"
"ct3","Pol-Afu","Plant-Ech"
"ct3","Pol-Het2","Plant-Ech"
"ct3","Pol-Ort4","Plant-Ech"
"ct3","Pol-Oca","Plant-Ech"
"ct3","Pol-Nom2","Plant-Ech"
"ct3","Pol-Eer","Plant-Ech"
"ct3","Pol-Ssc","Plant-Ech"
"ct3","Pol-Bru2","Plant-Ech"
"ct3","Pol-Mor1","Plant-Ech"
"ct3","Pol-Otr","Plant-Ech"
"ct3","Pol-Bte","Plant-Aza"
"ct3","Pol-Lmi","Plant-Aza"
"ct3","Pol-Dip1","Plant-Aza"
"ct3","Pol-Call","Plant-Aza"
"ct3","Pol-Nit1","Plant-Aza"
"ct3","Pol-Cer1","Plant-Aza"
"ct3","Pol-Ppy","Plant-Aza"
"ct3","Pol-Dba","Plant-Aza"
"ct3","Pol-Mir","Plant-Aza"
"ct3","Pol-Ort3","Plant-Aza"
"ct3","Pol-Ame","Plant-Aza"
"ct3","Pol-Ant2","Plant-Aza"
"ct3","Pol-Adi","Plant-Aza"
"ct3","Pol-Chal","Plant-Aza"
"ct3","Pol-Ani","Plant-Aza"
"ct3","Pol-Vge","Plant-Aza"
"ct3","Pol-Mel","Plant-Aza"
"ct3","Pol-Gym1","Plant-Aza"
"ct3","Pol-Ofu","Plant-Aza"
"ct3","Pol-Das","Plant-Aza"
"ct3","Pol-Ant3","Plant-Aza"
"ct3","Pol-Ete","Plant-Aza"
"ct3","Pol-Eba","Plant-Aza"
"ct3","Pol-Sca","Plant-Aza"
"ct3","Pol-Luc","Plant-Aza"
"ct3","Pol-Dip2","Plant-Aza"
"ct3","Pol-Cur1","Plant-Aza"
"ct3","Pol-Oed1","Plant-Aza"
"ct3","Pol-Melig","Plant-Aza"
"ct3","Pol-Ccr","Plant-Aza"
"ct3","Pol-Lci","Plant-Aza"
"ct3","Pol-Ort2","Plant-Aza"
"ct3","Pol-Ant","Plant-Aza"
"ct3","Pol-Lpe","Plant-Aza"
"ct3","Pol-And2","Plant-Aza"
"ct3","Pol-Osm3","Plant-Aza"
"ct3","Pol-Nom1","Plant-Aza"
"ct3","Pol-Afu","Plant-Aza"
"ct3","Pol-Het2","Plant-Aza"
"ct3","Pol-Ort4","Plant-Aza"
"ct3","Pol-Oca","Plant-Aza"
"ct3","Pol-Nom2","Plant-Aza"
"ct3","Pol-Eer","Plant-Aza"
"ct3","Pol-Ssc","Plant-Aza"
"ct3","Pol-Bru2","Plant-Aza"
"ct3","Pol-Mor1","Plant-Aza"
"ct3","Pol-Otr","Plant-Aza"
"ct3","Pol-Bte","Plant-Pbi"
"ct3","Pol-Lmi","Plant-Pbi"
"ct3","Pol-Dip1","Plant-Pbi"
"ct3","Pol-Call","Plant-Pbi"
"ct3","Pol-Nit1","Plant-Pbi"
"ct3","Pol-Cer1","Plant-Pbi"
"ct3","Pol-Ppy","Plant-Pbi"
"ct3","Pol-Dba","Plant-Pbi"
"ct3","Pol-Mir","Plant-Pbi"
"ct3","Pol-Ort3","Plant-Pbi"
"ct3","Pol-Ame","Plant-Pbi"
"ct3","Pol-Ant2","Plant-Pbi"
"ct3","Pol-Adi","Plant-Pbi"
"ct3","Pol-Chal","Plant-Pbi"
"ct3","Pol-Ani","Plant-Pbi"
"ct3","Pol-Vge","Plant-Pbi"
"ct3","Pol-Mel","Plant-Pbi"
"ct3","Pol-Gym1","Plant-Pbi"
"ct3","Pol-Ofu","Plant-Pbi"
"ct3","Pol-Das","Plant-Pbi"
"ct3","Pol-Ant3","Plant-Pbi"
"ct3","Pol-Ete","Plant-Pbi"
"ct3","Pol-Eba","Plant-Pbi"
"ct3","Pol-Sca","Plant-Pbi"
"ct3","Pol-Luc","Plant-Pbi"
"ct3","Pol-Dip2","Plant-Pbi"
"ct3","Pol-Cur1","Plant-Pbi"
"ct3","Pol-Oed1","Plant-Pbi"
"ct3","Pol-Melig","Plant-Pbi"
"ct3","Pol-Ccr","Plant-Pbi"
"ct3","Pol-Lci","Plant-Pbi"
"ct3","Pol-Ort2","Plant-Pbi"
"ct3","Pol-Ant","Plant-Pbi"
"ct3","Pol-Lpe","Plant-Pbi"
"ct3","Pol-And2","Plant-Pbi"
"ct3","Pol-Osm3","Plant-Pbi"
"ct3","Pol-Nom1","Plant-Pbi"
"ct3","Pol-Afu","Plant-Pbi"
"ct3","Pol-Het2","Plant-Pbi"
"ct3","Pol-Ort4","Plant-Pbi"
"ct3","Pol-Oca","Plant-Pbi"
"ct3","Pol-Nom2","Plant-Pbi"
"ct3","Pol-Eer","Plant-Pbi"
"ct3","Pol-Ssc","Plant-Pbi"
"ct3","Pol-Bru2","Plant-Pbi"
"ct3","Pol-Mor1","Plant-Pbi"
"ct3","Pol-Otr","Plant-Pbi"
"ct3","Pol-Bte","Plant-Dpe"
"ct3","Pol-Lmi","Plant-Dpe"
"ct3","Pol-Dip1","Plant-Dpe"
"ct3","Pol-Call","Plant-Dpe"
"ct3","Pol-Nit1","Plant-Dpe"
"ct3","Pol-Cer1","Plant-Dpe"
"ct3","Pol-Ppy","Plant-Dpe"
"ct3","Pol-Dba","Plant-Dpe"
"ct3","Pol-Mir","Plant-Dpe"
"ct3","Pol-Ort3","Plant-Dpe"
"ct3","Pol-Ame","Plant-Dpe"
"ct3","Pol-Ant2","Plant-Dpe"
"ct3","Pol-Adi","Plant-Dpe"
"ct3","Pol-Chal","Plant-Dpe"
"ct3","Pol-Ani","Plant-Dpe"
"ct3","Pol-Vge","Plant-Dpe"
"ct3","Pol-Mel","Plant-Dpe"
"ct3","Pol-Gym1","Plant-Dpe"
"ct3","Pol-Ofu","Plant-Dpe"
"ct3","Pol-Das","Plant-Dpe"
"ct3","Pol-Ant3","Plant-Dpe"
"ct3","Pol-Ete","Plant-Dpe"
"ct3","Pol-Eba","Plant-Dpe"
"ct3","Pol-Sca","Plant-Dpe"
"ct3","Pol-Luc","Plant-Dpe"
"ct3","Pol-Dip2","Plant-Dpe"
"ct3","Pol-Cur1","Plant-Dpe"
"ct3","Pol-Oed1","Plant-Dpe"
"ct3","Pol-Melig","Plant-Dpe"
"ct3","Pol-Ccr","Plant-Dpe"
"ct3","Pol-Lci","Plant-Dpe"
"ct3","Pol-Ort2","Plant-Dpe"
"ct3","Pol-Ant","Plant-Dpe"
"ct3","Pol-Lpe","Plant-Dpe"
"ct3","Pol-And2","Plant-Dpe"
"ct3","Pol-Osm3","Plant-Dpe"
"ct3","Pol-Nom1","Plant-Dpe"
"ct3","Pol-Afu","Plant-Dpe"
"ct3","Pol-Het2","Plant-Dpe"
"ct3","Pol-Ort4","Plant-Dpe"
"ct3","Pol-Oca","Plant-Dpe"
"ct3","Pol-Nom2","Plant-Dpe"
"ct3","Pol-Eer","Plant-Dpe"
"ct3","Pol-Ssc","Plant-Dpe"
"ct3","Pol-Bru2","Plant-Dpe"
"ct3","Pol-Mor1","Plant-Dpe"
"ct3","Pol-Otr","Plant-Dpe"
"ct3","Pol-Bte","Plant-Evu"
"ct3","Pol-Lmi","Plant-Evu"
"ct3","Pol-Dip1","Plant-Evu"
"ct3","Pol-Call","Plant-Evu"
"ct3","Pol-Nit1","Plant-Evu"
"ct3","Pol-Cer1","Plant-Evu"
"ct3","Pol-Ppy","Plant-Evu"
"ct3","Pol-Dba","Plant-Evu"
"ct3","Pol-Mir","Plant-Evu"
"ct3","Pol-Ort3","Plant-Evu"
"ct3","Pol-Ame","Plant-Evu"
"ct3","Pol-Ant2","Plant-Evu"
"ct3","Pol-Adi","Plant-Evu"
"ct3","Pol-Chal","Plant-Evu"
"ct3","Pol-Ani","Plant-Evu"
"ct3","Pol-Vge","Plant-Evu"
"ct3","Pol-Mel","Plant-Evu"
"ct3","Pol-Gym1","Plant-Evu"
"ct3","Pol-Ofu","Plant-Evu"
"ct3","Pol-Das","Plant-Evu"
"ct3","Pol-Ant3","Plant-Evu"
"ct3","Pol-Ete","Plant-Evu"
"ct3","Pol-Eba","Plant-Evu"
"ct3","Pol-Sca","Plant-Evu"
"ct3","Pol-Luc","Plant-Evu"
"ct3","Pol-Dip2","Plant-Evu"
"ct3","Pol-Cur1","Plant-Evu"
"ct3","Pol-Oed1","Plant-Evu"
"ct3","Pol-Melig","Plant-Evu"
"ct3","Pol-Ccr","Plant-Evu"
"ct3","Pol-Lci","Plant-Evu"
"ct3","Pol-Ort2","Plant-Evu"
"ct3","Pol-Ant","Plant-Evu"
"ct3","Pol-Lpe","Plant-Evu"
"ct3","Pol-And2","Plant-Evu"
"ct3","Pol-Osm3","Plant-Evu"
"ct3","Pol-Nom1","Plant-Evu"
"ct3","Pol-Afu","Plant-Evu"
"ct3","Pol-Het2","Plant-Evu"
"ct3","Pol-Ort4","Plant-Evu"
"ct3","Pol-Oca","Plant-Evu"
"ct3","Pol-Nom2","Plant-Evu"
"ct3","Pol-Eer","Plant-Evu"
"ct3","Pol-Ssc","Plant-Evu"
"ct3","Pol-Bru2","Plant-Evu"
"ct3","Pol-Mor1","Plant-Evu"
"ct3","Pol-Otr","Plant-Evu"
"ct3","Pol-Bte","Plant-Svu"
"ct3","Pol-Lmi","Plant-Svu"
"ct3","Pol-Dip1","Plant-Svu"
"ct3","Pol-Call","Plant-Svu"
"ct3","Pol-Nit1","Plant-Svu"
"ct3","Pol-Cer1","Plant-Svu"
"ct3","Pol-Ppy","Plant-Svu"
"ct3","Pol-Dba","Plant-Svu"
"ct3","Pol-Mir","Plant-Svu"
"ct3","Pol-Ort3","Plant-Svu"
"ct3","Pol-Ame","Plant-Svu"
"ct3","Pol-Ant2","Plant-Svu"
"ct3","Pol-Adi","Plant-Svu"
"ct3","Pol-Chal","Plant-Svu"
"ct3","Pol-Ani","Plant-Svu"
"ct3","Pol-Vge","Plant-Svu"
"ct3","Pol-Mel","Plant-Svu"
"ct3","Pol-Gym1","Plant-Svu"
"ct3","Pol-Ofu","Plant-Svu"
"ct3","Pol-Das","Plant-Svu"
"ct3","Pol-Ant3","Plant-Svu"
"ct3","Pol-Ete","Plant-Svu"
"ct3","Pol-Eba","Plant-Svu"
"ct3","Pol-Sca","Plant-Svu"
"ct3","Pol-Luc","Plant-Svu"
"ct3","Pol-Dip2","Plant-Svu"
"ct3","Pol-Cur1","Plant-Svu"
"ct3","Pol-Oed1","Plant-Svu"
"ct3","Pol-Melig","Plant-Svu"
"ct3","Pol-Ccr","Plant-Svu"
"ct3","Pol-Lci","Plant-Svu"
"ct3","Pol-Ort2","Plant-Svu"
"ct3","Pol-Ant","Plant-Svu"
"ct3","Pol-Lpe","Plant-Svu"
"ct3","Pol-And2","Plant-Svu"
"ct3","Pol-Osm3","Plant-Svu"
"ct3","Pol-Nom1","Plant-Svu"
"ct3","Pol-Afu","Plant-Svu"
"ct3","Pol-Het2","Plant-Svu"
"ct3","Pol-Ort4","Plant-Svu"
"ct3","Pol-Oca","Plant-Svu"
"ct3","Pol-Nom2","Plant-Svu"
"ct3","Pol-Eer","Plant-Svu"
"ct3","Pol-Ssc","Plant-Svu"
"ct3","Pol-Bru2","Plant-Svu"
"ct3","Pol-Mor1","Plant-Svu"
"ct3","Pol-Otr","Plant-Svu"
"ct3","Pol-Bte","Plant-Lob"
"ct3","Pol-Lmi","Plant-Lob"
"ct3","Pol-Dip1","Plant-Lob"
"ct3","Pol-Call","Plant-Lob"
"ct3","Pol-Nit1","Plant-Lob"
"ct3","Pol-Cer1","Plant-Lob"
"ct3","Pol-Ppy","Plant-Lob"
"ct3","Pol-Dba","Plant-Lob"
"ct3","Pol-Mir","Plant-Lob"
"ct3","Pol-Ort3","Plant-Lob"
"ct3","Pol-Ame","Plant-Lob"
"ct3","Pol-Ant2","Plant-Lob"
"ct3","Pol-Adi","Plant-Lob"
"ct3","Pol-Chal","Plant-Lob"
"ct3","Pol-Ani","Plant-Lob"
"ct3","Pol-Vge","Plant-Lob"
"ct3","Pol-Mel","Plant-Lob"
"ct3","Pol-Gym1","Plant-Lob"
"ct3","Pol-Ofu","Plant-Lob"
"ct3","Pol-Das","Plant-Lob"
"ct3","Pol-Ant3","Plant-Lob"
"ct3","Pol-Ete","Plant-Lob"
"ct3","Pol-Eba","Plant-Lob"
"ct3","Pol-Sca","Plant-Lob"
"ct3","Pol-Luc","Plant-Lob"
"ct3","Pol-Dip2","Plant-Lob"
"ct3","Pol-Cur1","Plant-Lob"
"ct3","Pol-Oed1","Plant-Lob"
"ct3","Pol-Melig","Plant-Lob"
"ct3","Pol-Ccr","Plant-Lob"
"ct3","Pol-Lci","Plant-Lob"
"ct3","Pol-Ort2","Plant-Lob"
"ct3","Pol-Ant","Plant-Lob"
"ct3","Pol-Lpe","Plant-Lob"
"ct3","Pol-And2","Plant-Lob"
"ct3","Pol-Osm3","Plant-Lob"
"ct3","Pol-Nom1","Plant-Lob"
"ct3","Pol-Afu","Plant-Lob"
"ct3","Pol-Het2","Plant-Lob"
"ct3","Pol-Ort4","Plant-Lob"
"ct3","Pol-Oca","Plant-Lob"
"ct3","Pol-Nom2","Plant-Lob"
"ct3","Pol-Eer","Plant-Lob"
"ct3","Pol-Ssc","Plant-Lob"
"ct3","Pol-Bru2","Plant-Lob"
"ct3","Pol-Mor1","Plant-Lob"
"ct3","Pol-Otr","Plant-Lob"
"cc3","Pol-Ame","Plant-Csa"
"cc3","Pol-Bte","Plant-Csa"
"cc3","Pol-Ani","Plant-Csa"
"cc3","Pol-Apl","Plant-Csa"
"cc3","Pol-Hop1","Plant-Csa"
"cc3","Pol-Lmi","Plant-Csa"
"cc3","Pol-Sca","Plant-Csa"
"cc3","Pol-Mel","Plant-Csa"
"cc3","Pol-Eba","Plant-Csa"
"cc3","Pol-Xan","Plant-Csa"
"cc3","Pol-Bme","Plant-Csa"
"cc3","Pol-Bom4","Plant-Csa"
"cc3","Pol-Tep","Plant-Csa"
"cc3","Pol-Ofl","Plant-Csa"
"cc3","Pol-Mor1","Plant-Csa"
"cc3","Pol-Lgr","Plant-Csa"
"cc3","Pol-Fge","Plant-Csa"
"cc3","Pol-Cla","Plant-Csa"
"cc3","Pol-Dba","Plant-Csa"
"cc3","Pol-Euc1","Plant-Csa"
"cc3","Pol-Oru","Plant-Csa"
"cc3","Pol-Ole","Plant-Csa"
"cc3","Pol-Lpe","Plant-Csa"
"cc3","Pol-Meg","Plant-Csa"
"cc3","Pol-Melec1","Plant-Csa"
"cc3","Pol-Eup","Plant-Csa"
"cc3","Pol-Bom1","Plant-Csa"
"cc3","Pol-Das","Plant-Csa"
"cc3","Pol-Ccr","Plant-Csa"
"cc3","Pol-Mst","Plant-Csa"
"cc3","Pol-Hsc","Plant-Csa"
"cc3","Pol-Osm1","Plant-Csa"
"cc3","Pol-And","Plant-Csa"
"cc3","Pol-Mer2","Plant-Csa"
"cc3","Pol-Ppa","Plant-Csa"
"cc3","Pol-Chr","Plant-Csa"
"cc3","Pol-Ort1","Plant-Csa"
"cc3","Pol-Ade","Plant-Csa"
"cc3","Pol-Lae","Plant-Csa"
"cc3","Pol-Dip1","Plant-Csa"
"cc3","Pol-Aan","Plant-Csa"
"cc3","Pol-Anthi1","Plant-Csa"
"cc3","Pol-Luc","Plant-Csa"
"cc3","Pol-Tro","Plant-Csa"
"cc3","Pol-Ant1","Plant-Csa"
"cc3","Pol-Ccy","Plant-Csa"
"cc3","Pol-Osm2","Plant-Csa"
"cc3","Pol-Spe","Plant-Csa"
"cc3","Pol-Adeg","Plant-Csa"
"cc3","Pol-Ppy","Plant-Csa"
"cc3","Pol-Had","Plant-Csa"
"cc3","Pol-Het3","Plant-Csa"
"cc3","Pol-Ccu","Plant-Csa"
"cc3","Pol-Dip3","Plant-Csa"
"cc3","Pol-Hsu","Plant-Csa"
"cc3","Pol-Otr","Plant-Csa"
"cc3","Pol-Par","Plant-Csa"
"cc3","Pol-Call","Plant-Csa"
"cc3","Pol-Ame","Plant-Lst"
"cc3","Pol-Bte","Plant-Lst"
"cc3","Pol-Ani","Plant-Lst"
"cc3","Pol-Apl","Plant-Lst"
"cc3","Pol-Hop1","Plant-Lst"
"cc3","Pol-Lmi","Plant-Lst"
"cc3","Pol-Sca","Plant-Lst"
"cc3","Pol-Mel","Plant-Lst"
"cc3","Pol-Eba","Plant-Lst"
"cc3","Pol-Xan","Plant-Lst"
"cc3","Pol-Bme","Plant-Lst"
"cc3","Pol-Bom4","Plant-Lst"
"cc3","Pol-Tep","Plant-Lst"
"cc3","Pol-Ofl","Plant-Lst"
"cc3","Pol-Mor1","Plant-Lst"
"cc3","Pol-Lgr","Plant-Lst"
"cc3","Pol-Fge","Plant-Lst"
"cc3","Pol-Cla","Plant-Lst"
"cc3","Pol-Dba","Plant-Lst"
"cc3","Pol-Euc1","Plant-Lst"
"cc3","Pol-Oru","Plant-Lst"
"cc3","Pol-Ole","Plant-Lst"
"cc3","Pol-Lpe","Plant-Lst"
"cc3","Pol-Meg","Plant-Lst"
"cc3","Pol-Melec1","Plant-Lst"
"cc3","Pol-Eup","Plant-Lst"
"cc3","Pol-Bom1","Plant-Lst"
"cc3","Pol-Das","Plant-Lst"
"cc3","Pol-Ccr","Plant-Lst"
"cc3","Pol-Mst","Plant-Lst"
"cc3","Pol-Hsc","Plant-Lst"
"cc3","Pol-Osm1","Plant-Lst"
"cc3","Pol-And","Plant-Lst"
"cc3","Pol-Mer2","Plant-Lst"
"cc3","Pol-Ppa","Plant-Lst"
"cc3","Pol-Chr","Plant-Lst"
"cc3","Pol-Ort1","Plant-Lst"
"cc3","Pol-Ade","Plant-Lst"
"cc3","Pol-Lae","Plant-Lst"
"cc3","Pol-Dip1","Plant-Lst"
"cc3","Pol-Aan","Plant-Lst"
"cc3","Pol-Anthi1","Plant-Lst"
"cc3","Pol-Luc","Plant-Lst"
"cc3","Pol-Tro","Plant-Lst"
"cc3","Pol-Ant1","Plant-Lst"
"cc3","Pol-Ccy","Plant-Lst"
"cc3","Pol-Osm2","Plant-Lst"
"cc3","Pol-Spe","Plant-Lst"
"cc3","Pol-Adeg","Plant-Lst"
"cc3","Pol-Ppy","Plant-Lst"
"cc3","Pol-Had","Plant-Lst"
"cc3","Pol-Het3","Plant-Lst"
"cc3","Pol-Ccu","Plant-Lst"
"cc3","Pol-Dip3","Plant-Lst"
"cc3","Pol-Hsu","Plant-Lst"
"cc3","Pol-Otr","Plant-Lst"
"cc3","Pol-Par","Plant-Lst"
"cc3","Pol-Call","Plant-Lst"
"cc3","Pol-Ame","Plant-TvuF"
"cc3","Pol-Bte","Plant-TvuF"
"cc3","Pol-Ani","Plant-TvuF"
"cc3","Pol-Apl","Plant-TvuF"
"cc3","Pol-Hop1","Plant-TvuF"
"cc3","Pol-Lmi","Plant-TvuF"
"cc3","Pol-Sca","Plant-TvuF"
"cc3","Pol-Mel","Plant-TvuF"
"cc3","Pol-Eba","Plant-TvuF"
"cc3","Pol-Xan","Plant-TvuF"
"cc3","Pol-Bme","Plant-TvuF"
"cc3","Pol-Bom4","Plant-TvuF"
"cc3","Pol-Tep","Plant-TvuF"
"cc3","Pol-Ofl","Plant-TvuF"
"cc3","Pol-Mor1","Plant-TvuF"
"cc3","Pol-Lgr","Plant-TvuF"
"cc3","Pol-Fge","Plant-TvuF"
"cc3","Pol-Cla","Plant-TvuF"
"cc3","Pol-Dba","Plant-TvuF"
"cc3","Pol-Euc1","Plant-TvuF"
"cc3","Pol-Oru","Plant-TvuF"
"cc3","Pol-Ole","Plant-TvuF"
"cc3","Pol-Lpe","Plant-TvuF"
"cc3","Pol-Meg","Plant-TvuF"
"cc3","Pol-Melec1","Plant-TvuF"
"cc3","Pol-Eup","Plant-TvuF"
"cc3","Pol-Bom1","Plant-TvuF"
"cc3","Pol-Das","Plant-TvuF"
"cc3","Pol-Ccr","Plant-TvuF"
"cc3","Pol-Mst","Plant-TvuF"
"cc3","Pol-Hsc","Plant-TvuF"
"cc3","Pol-Osm1","Plant-TvuF"
"cc3","Pol-And","Plant-TvuF"
"cc3","Pol-Mer2","Plant-TvuF"
"cc3","Pol-Ppa","Plant-TvuF"
"cc3","Pol-Chr","Plant-TvuF"
"cc3","Pol-Ort1","Plant-TvuF"
"cc3","Pol-Ade","Plant-TvuF"
"cc3","Pol-Lae","Plant-TvuF"
"cc3","Pol-Dip1","Plant-TvuF"
"cc3","Pol-Aan","Plant-TvuF"
"cc3","Pol-Anthi1","Plant-TvuF"
"cc3","Pol-Luc","Plant-TvuF"
"cc3","Pol-Tro","Plant-TvuF"
"cc3","Pol-Ant1","Plant-TvuF"
"cc3","Pol-Ccy","Plant-TvuF"
"cc3","Pol-Osm2","Plant-TvuF"
"cc3","Pol-Spe","Plant-TvuF"
"cc3","Pol-Adeg","Plant-TvuF"
"cc3","Pol-Ppy","Plant-TvuF"
"cc3","Pol-Had","Plant-TvuF"
"cc3","Pol-Het3","Plant-TvuF"
"cc3","Pol-Ccu","Plant-TvuF"
"cc3","Pol-Dip3","Plant-TvuF"
"cc3","Pol-Hsu","Plant-TvuF"
"cc3","Pol-Otr","Plant-TvuF"
"cc3","Pol-Par","Plant-TvuF"
"cc3","Pol-Call","Plant-TvuF"
"cc3","Pol-Ame","Plant-TvuHF"
"cc3","Pol-Bte","Plant-TvuHF"
"cc3","Pol-Ani","Plant-TvuHF"
"cc3","Pol-Apl","Plant-TvuHF"
"cc3","Pol-Hop1","Plant-TvuHF"
"cc3","Pol-Lmi","Plant-TvuHF"
"cc3","Pol-Sca","Plant-TvuHF"
"cc3","Pol-Mel","Plant-TvuHF"
"cc3","Pol-Eba","Plant-TvuHF"
"cc3","Pol-Xan","Plant-TvuHF"
"cc3","Pol-Bme","Plant-TvuHF"
"cc3","Pol-Bom4","Plant-TvuHF"
"cc3","Pol-Tep","Plant-TvuHF"
"cc3","Pol-Ofl","Plant-TvuHF"
"cc3","Pol-Mor1","Plant-TvuHF"
"cc3","Pol-Lgr","Plant-TvuHF"
"cc3","Pol-Fge","Plant-TvuHF"
"cc3","Pol-Cla","Plant-TvuHF"
"cc3","Pol-Dba","Plant-TvuHF"
"cc3","Pol-Euc1","Plant-TvuHF"
"cc3","Pol-Oru","Plant-TvuHF"
"cc3","Pol-Ole","Plant-TvuHF"
"cc3","Pol-Lpe","Plant-TvuHF"
"cc3","Pol-Meg","Plant-TvuHF"
"cc3","Pol-Melec1","Plant-TvuHF"
"cc3","Pol-Eup","Plant-TvuHF"
"cc3","Pol-Bom1","Plant-TvuHF"
"cc3","Pol-Das","Plant-TvuHF"
"cc3","Pol-Ccr","Plant-TvuHF"
"cc3","Pol-Mst","Plant-TvuHF"
"cc3","Pol-Hsc","Plant-TvuHF"
"cc3","Pol-Osm1","Plant-TvuHF"
"cc3","Pol-And","Plant-TvuHF"
"cc3","Pol-Mer2","Plant-TvuHF"
"cc3","Pol-Ppa","Plant-TvuHF"
"cc3","Pol-Chr","Plant-TvuHF"
"cc3","Pol-Ort1","Plant-TvuHF"
"cc3","Pol-Ade","Plant-TvuHF"
"cc3","Pol-Lae","Plant-TvuHF"
"cc3","Pol-Dip1","Plant-TvuHF"
"cc3","Pol-Aan","Plant-TvuHF"
"cc3","Pol-Anthi1","Plant-TvuHF"
"cc3","Pol-Luc","Plant-TvuHF"
"cc3","Pol-Tro","Plant-TvuHF"
"cc3","Pol-Ant1","Plant-TvuHF"
"cc3","Pol-Ccy","Plant-TvuHF"
"cc3","Pol-Osm2","Plant-TvuHF"
"cc3","Pol-Spe","Plant-TvuHF"
"cc3","Pol-Adeg","Plant-TvuHF"
"cc3","Pol-Ppy","Plant-TvuHF"
"cc3","Pol-Had","Plant-TvuHF"
"cc3","Pol-Het3","Plant-TvuHF"
"cc3","Pol-Ccu","Plant-TvuHF"
"cc3","Pol-Dip3","Plant-TvuHF"
"cc3","Pol-Hsu","Plant-TvuHF"
"cc3","Pol-Otr","Plant-TvuHF"
"cc3","Pol-Par","Plant-TvuHF"
"cc3","Pol-Call","Plant-TvuHF"
"cc3","Pol-Ame","Plant-Ech"
"cc3","Pol-Bte","Plant-Ech"
"cc3","Pol-Ani","Plant-Ech"
"cc3","Pol-Apl","Plant-Ech"
"cc3","Pol-Hop1","Plant-Ech"
"cc3","Pol-Lmi","Plant-Ech"
"cc3","Pol-Sca","Plant-Ech"
"cc3","Pol-Mel","Plant-Ech"
"cc3","Pol-Eba","Plant-Ech"
"cc3","Pol-Xan","Plant-Ech"
"cc3","Pol-Bme","Plant-Ech"
"cc3","Pol-Bom4","Plant-Ech"
"cc3","Pol-Tep","Plant-Ech"
"cc3","Pol-Ofl","Plant-Ech"
"cc3","Pol-Mor1","Plant-Ech"
"cc3","Pol-Lgr","Plant-Ech"
"cc3","Pol-Fge","Plant-Ech"
"cc3","Pol-Cla","Plant-Ech"
"cc3","Pol-Dba","Plant-Ech"
"cc3","Pol-Euc1","Plant-Ech"
"cc3","Pol-Oru","Plant-Ech"
"cc3","Pol-Ole","Plant-Ech"
"cc3","Pol-Lpe","Plant-Ech"
"cc3","Pol-Meg","Plant-Ech"
"cc3","Pol-Melec1","Plant-Ech"
"cc3","Pol-Eup","Plant-Ech"
"cc3","Pol-Bom1","Plant-Ech"
"cc3","Pol-Das","Plant-Ech"
"cc3","Pol-Ccr","Plant-Ech"
"cc3","Pol-Mst","Plant-Ech"
"cc3","Pol-Hsc","Plant-Ech"
"cc3","Pol-Osm1","Plant-Ech"
"cc3","Pol-And","Plant-Ech"
"cc3","Pol-Mer2","Plant-Ech"
"cc3","Pol-Ppa","Plant-Ech"
"cc3","Pol-Chr","Plant-Ech"
"cc3","Pol-Ort1","Plant-Ech"
"cc3","Pol-Ade","Plant-Ech"
"cc3","Pol-Lae","Plant-Ech"
"cc3","Pol-Dip1","Plant-Ech"
"cc3","Pol-Aan","Plant-Ech"
"cc3","Pol-Anthi1","Plant-Ech"
"cc3","Pol-Luc","Plant-Ech"
"cc3","Pol-Tro","Plant-Ech"
"cc3","Pol-Ant1","Plant-Ech"
"cc3","Pol-Ccy","Plant-Ech"
"cc3","Pol-Osm2","Plant-Ech"
"cc3","Pol-Spe","Plant-Ech"
"cc3","Pol-Adeg","Plant-Ech"
"cc3","Pol-Ppy","Plant-Ech"
"cc3","Pol-Had","Plant-Ech"
"cc3","Pol-Het3","Plant-Ech"
"cc3","Pol-Ccu","Plant-Ech"
"cc3","Pol-Dip3","Plant-Ech"
"cc3","Pol-Hsu","Plant-Ech"
"cc3","Pol-Otr","Plant-Ech"
"cc3","Pol-Par","Plant-Ech"
"cc3","Pol-Call","Plant-Ech"
"cc3","Pol-Ame","Plant-Pbi"
"cc3","Pol-Bte","Plant-Pbi"
"cc3","Pol-Ani","Plant-Pbi"
"cc3","Pol-Apl","Plant-Pbi"
"cc3","Pol-Hop1","Plant-Pbi"
"cc3","Pol-Lmi","Plant-Pbi"
"cc3","Pol-Sca","Plant-Pbi"
"cc3","Pol-Mel","Plant-Pbi"
"cc3","Pol-Eba","Plant-Pbi"
"cc3","Pol-Xan","Plant-Pbi"
"cc3","Pol-Bme","Plant-Pbi"
"cc3","Pol-Bom4","Plant-Pbi"
"cc3","Pol-Tep","Plant-Pbi"
"cc3","Pol-Ofl","Plant-Pbi"
"cc3","Pol-Mor1","Plant-Pbi"
"cc3","Pol-Lgr","Plant-Pbi"
"cc3","Pol-Fge","Plant-Pbi"
"cc3","Pol-Cla","Plant-Pbi"
"cc3","Pol-Dba","Plant-Pbi"
"cc3","Pol-Euc1","Plant-Pbi"
"cc3","Pol-Oru","Plant-Pbi"
"cc3","Pol-Ole","Plant-Pbi"
"cc3","Pol-Lpe","Plant-Pbi"
"cc3","Pol-Meg","Plant-Pbi"
"cc3","Pol-Melec1","Plant-Pbi"
"cc3","Pol-Eup","Plant-Pbi"
"cc3","Pol-Bom1","Plant-Pbi"
"cc3","Pol-Das","Plant-Pbi"
"cc3","Pol-Ccr","Plant-Pbi"
"cc3","Pol-Mst","Plant-Pbi"
"cc3","Pol-Hsc","Plant-Pbi"
"cc3","Pol-Osm1","Plant-Pbi"
"cc3","Pol-And","Plant-Pbi"
"cc3","Pol-Mer2","Plant-Pbi"
"cc3","Pol-Ppa","Plant-Pbi"
"cc3","Pol-Chr","Plant-Pbi"
"cc3","Pol-Ort1","Plant-Pbi"
"cc3","Pol-Ade","Plant-Pbi"
"cc3","Pol-Lae","Plant-Pbi"
"cc3","Pol-Dip1","Plant-Pbi"
"cc3","Pol-Aan","Plant-Pbi"
"cc3","Pol-Anthi1","Plant-Pbi"
"cc3","Pol-Luc","Plant-Pbi"
"cc3","Pol-Tro","Plant-Pbi"
"cc3","Pol-Ant1","Plant-Pbi"
"cc3","Pol-Ccy","Plant-Pbi"
"cc3","Pol-Osm2","Plant-Pbi"
"cc3","Pol-Spe","Plant-Pbi"
"cc3","Pol-Adeg","Plant-Pbi"
"cc3","Pol-Ppy","Plant-Pbi"
"cc3","Pol-Had","Plant-Pbi"
"cc3","Pol-Het3","Plant-Pbi"
"cc3","Pol-Ccu","Plant-Pbi"
"cc3","Pol-Dip3","Plant-Pbi"
"cc3","Pol-Hsu","Plant-Pbi"
"cc3","Pol-Otr","Plant-Pbi"
"cc3","Pol-Par","Plant-Pbi"
"cc3","Pol-Call","Plant-Pbi"
"cc3","Pol-Ame","Plant-Soc"
"cc3","Pol-Bte","Plant-Soc"
"cc3","Pol-Ani","Plant-Soc"
"cc3","Pol-Apl","Plant-Soc"
"cc3","Pol-Hop1","Plant-Soc"
"cc3","Pol-Lmi","Plant-Soc"
"cc3","Pol-Sca","Plant-Soc"
"cc3","Pol-Mel","Plant-Soc"
"cc3","Pol-Eba","Plant-Soc"
"cc3","Pol-Xan","Plant-Soc"
"cc3","Pol-Bme","Plant-Soc"
"cc3","Pol-Bom4","Plant-Soc"
"cc3","Pol-Tep","Plant-Soc"
"cc3","Pol-Ofl","Plant-Soc"
"cc3","Pol-Mor1","Plant-Soc"
"cc3","Pol-Lgr","Plant-Soc"
"cc3","Pol-Fge","Plant-Soc"
"cc3","Pol-Cla","Plant-Soc"
"cc3","Pol-Dba","Plant-Soc"
"cc3","Pol-Euc1","Plant-Soc"
"cc3","Pol-Oru","Plant-Soc"
"cc3","Pol-Ole","Plant-Soc"
"cc3","Pol-Lpe","Plant-Soc"
"cc3","Pol-Meg","Plant-Soc"
"cc3","Pol-Melec1","Plant-Soc"
"cc3","Pol-Eup","Plant-Soc"
"cc3","Pol-Bom1","Plant-Soc"
"cc3","Pol-Das","Plant-Soc"
"cc3","Pol-Ccr","Plant-Soc"
"cc3","Pol-Mst","Plant-Soc"
"cc3","Pol-Hsc","Plant-Soc"
"cc3","Pol-Osm1","Plant-Soc"
"cc3","Pol-And","Plant-Soc"
"cc3","Pol-Mer2","Plant-Soc"
"cc3","Pol-Ppa","Plant-Soc"
"cc3","Pol-Chr","Plant-Soc"
"cc3","Pol-Ort1","Plant-Soc"
"cc3","Pol-Ade","Plant-Soc"
"cc3","Pol-Lae","Plant-Soc"
"cc3","Pol-Dip1","Plant-Soc"
"cc3","Pol-Aan","Plant-Soc"
"cc3","Pol-Anthi1","Plant-Soc"
"cc3","Pol-Luc","Plant-Soc"
"cc3","Pol-Tro","Plant-Soc"
"cc3","Pol-Ant1","Plant-Soc"
"cc3","Pol-Ccy","Plant-Soc"
"cc3","Pol-Osm2","Plant-Soc"
"cc3","Pol-Spe","Plant-Soc"
"cc3","Pol-Adeg","Plant-Soc"
"cc3","Pol-Ppy","Plant-Soc"
"cc3","Pol-Had","Plant-Soc"
"cc3","Pol-Het3","Plant-Soc"
"cc3","Pol-Ccu","Plant-Soc"
"cc3","Pol-Dip3","Plant-Soc"
"cc3","Pol-Hsu","Plant-Soc"
"cc3","Pol-Otr","Plant-Soc"
"cc3","Pol-Par","Plant-Soc"
"cc3","Pol-Call","Plant-Soc"
"cc3","Pol-Ame","Plant-Bra"
"cc3","Pol-Bte","Plant-Bra"
"cc3","Pol-Ani","Plant-Bra"
"cc3","Pol-Apl","Plant-Bra"
"cc3","Pol-Hop1","Plant-Bra"
"cc3","Pol-Lmi","Plant-Bra"
"cc3","Pol-Sca","Plant-Bra"
"cc3","Pol-Mel","Plant-Bra"
"cc3","Pol-Eba","Plant-Bra"
"cc3","Pol-Xan","Plant-Bra"
"cc3","Pol-Bme","Plant-Bra"
"cc3","Pol-Bom4","Plant-Bra"
"cc3","Pol-Tep","Plant-Bra"
"cc3","Pol-Ofl","Plant-Bra"
"cc3","Pol-Mor1","Plant-Bra"
"cc3","Pol-Lgr","Plant-Bra"
"cc3","Pol-Fge","Plant-Bra"
"cc3","Pol-Cla","Plant-Bra"
"cc3","Pol-Dba","Plant-Bra"
"cc3","Pol-Euc1","Plant-Bra"
"cc3","Pol-Oru","Plant-Bra"
"cc3","Pol-Ole","Plant-Bra"
"cc3","Pol-Lpe","Plant-Bra"
"cc3","Pol-Meg","Plant-Bra"
"cc3","Pol-Melec1","Plant-Bra"
"cc3","Pol-Eup","Plant-Bra"
"cc3","Pol-Bom1","Plant-Bra"
"cc3","Pol-Das","Plant-Bra"
"cc3","Pol-Ccr","Plant-Bra"
"cc3","Pol-Mst","Plant-Bra"
"cc3","Pol-Hsc","Plant-Bra"
"cc3","Pol-Osm1","Plant-Bra"
"cc3","Pol-And","Plant-Bra"
"cc3","Pol-Mer2","Plant-Bra"
"cc3","Pol-Ppa","Plant-Bra"
"cc3","Pol-Chr","Plant-Bra"
"cc3","Pol-Ort1","Plant-Bra"
"cc3","Pol-Ade","Plant-Bra"
"cc3","Pol-Lae","Plant-Bra"
"cc3","Pol-Dip1","Plant-Bra"
"cc3","Pol-Aan","Plant-Bra"
"cc3","Pol-Anthi1","Plant-Bra"
"cc3","Pol-Luc","Plant-Bra"
"cc3","Pol-Tro","Plant-Bra"
"cc3","Pol-Ant1","Plant-Bra"
"cc3","Pol-Ccy","Plant-Bra"
"cc3","Pol-Osm2","Plant-Bra"
"cc3","Pol-Spe","Plant-Bra"
"cc3","Pol-Adeg","Plant-Bra"
"cc3","Pol-Ppy","Plant-Bra"
"cc3","Pol-Had","Plant-Bra"
"cc3","Pol-Het3","Plant-Bra"
"cc3","Pol-Ccu","Plant-Bra"
"cc3","Pol-Dip3","Plant-Bra"
"cc3","Pol-Hsu","Plant-Bra"
"cc3","Pol-Otr","Plant-Bra"
"cc3","Pol-Par","Plant-Bra"
"cc3","Pol-Call","Plant-Bra"
"cc3","Pol-Ame","Plant-Sin"
"cc3","Pol-Bte","Plant-Sin"
"cc3","Pol-Ani","Plant-Sin"
"cc3","Pol-Apl","Plant-Sin"
"cc3","Pol-Hop1","Plant-Sin"
"cc3","Pol-Lmi","Plant-Sin"
"cc3","Pol-Sca","Plant-Sin"
"cc3","Pol-Mel","Plant-Sin"
"cc3","Pol-Eba","Plant-Sin"
"cc3","Pol-Xan","Plant-Sin"
"cc3","Pol-Bme","Plant-Sin"
"cc3","Pol-Bom4","Plant-Sin"
"cc3","Pol-Tep","Plant-Sin"
"cc3","Pol-Ofl","Plant-Sin"
"cc3","Pol-Mor1","Plant-Sin"
"cc3","Pol-Lgr","Plant-Sin"
"cc3","Pol-Fge","Plant-Sin"
"cc3","Pol-Cla","Plant-Sin"
"cc3","Pol-Dba","Plant-Sin"
"cc3","Pol-Euc1","Plant-Sin"
"cc3","Pol-Oru","Plant-Sin"
"cc3","Pol-Ole","Plant-Sin"
"cc3","Pol-Lpe","Plant-Sin"
"cc3","Pol-Meg","Plant-Sin"
"cc3","Pol-Melec1","Plant-Sin"
"cc3","Pol-Eup","Plant-Sin"
"cc3","Pol-Bom1","Plant-Sin"
"cc3","Pol-Das","Plant-Sin"
"cc3","Pol-Ccr","Plant-Sin"
"cc3","Pol-Mst","Plant-Sin"
"cc3","Pol-Hsc","Plant-Sin"
"cc3","Pol-Osm1","Plant-Sin"
"cc3","Pol-And","Plant-Sin"
"cc3","Pol-Mer2","Plant-Sin"
"cc3","Pol-Ppa","Plant-Sin"
"cc3","Pol-Chr","Plant-Sin"
"cc3","Pol-Ort1","Plant-Sin"
"cc3","Pol-Ade","Plant-Sin"
"cc3","Pol-Lae","Plant-Sin"
"cc3","Pol-Dip1","Plant-Sin"
"cc3","Pol-Aan","Plant-Sin"
"cc3","Pol-Anthi1","Plant-Sin"
"cc3","Pol-Luc","Plant-Sin"
"cc3","Pol-Tro","Plant-Sin"
"cc3","Pol-Ant1","Plant-Sin"
"cc3","Pol-Ccy","Plant-Sin"
"cc3","Pol-Osm2","Plant-Sin"
"cc3","Pol-Spe","Plant-Sin"
"cc3","Pol-Adeg","Plant-Sin"
"cc3","Pol-Ppy","Plant-Sin"
"cc3","Pol-Had","Plant-Sin"
"cc3","Pol-Het3","Plant-Sin"
"cc3","Pol-Ccu","Plant-Sin"
"cc3","Pol-Dip3","Plant-Sin"
"cc3","Pol-Hsu","Plant-Sin"
"cc3","Pol-Otr","Plant-Sin"
"cc3","Pol-Par","Plant-Sin"
"cc3","Pol-Call","Plant-Sin"
"ct2","Pol-Ani","Plant-Csa"
"ct2","Pol-Dip2","Plant-Csa"
"ct2","Pol-Chr","Plant-Csa"
"ct2","Pol-Bte","Plant-Csa"
"ct2","Pol-Eer","Plant-Csa"
"ct2","Pol-And2","Plant-Csa"
"ct2","Pol-Mel","Plant-Csa"
"ct2","Pol-Eba","Plant-Csa"
"ct2","Pol-Ppa","Plant-Csa"
"ct2","Pol-Bom1","Plant-Csa"
"ct2","Pol-Ant3","Plant-Csa"
"ct2","Pol-Oru","Plant-Csa"
"ct2","Pol-Ame","Plant-Csa"
"ct2","Pol-Nom3","Plant-Csa"
"ct2","Pol-Ort1","Plant-Csa"
"ct2","Pol-Lpe","Plant-Csa"
"ct2","Pol-Lmi","Plant-Csa"
"ct2","Pol-Das","Plant-Csa"
"ct2","Pol-Ofu","Plant-Csa"
"ct2","Pol-Eup","Plant-Csa"
"ct2","Pol-Sca","Plant-Csa"
"ct2","Pol-Mst","Plant-Csa"
"ct2","Pol-Melig","Plant-Csa"
"ct2","Pol-Lgr","Plant-Csa"
"ct2","Pol-Afu","Plant-Csa"
"ct2","Pol-Bom3","Plant-Csa"
"ct2","Pol-Fge","Plant-Csa"
"ct2","Pol-Chal","Plant-Csa"
"ct2","Pol-Cru","Plant-Csa"
"ct2","Pol-Ifa","Plant-Csa"
"ct2","Pol-Meg","Plant-Csa"
"ct2","Pol-Dip1","Plant-Csa"
"ct2","Pol-Ete","Plant-Csa"
"ct2","Pol-Ade","Plant-Csa"
"ct2","Pol-Ani","Plant-Cal"
"ct2","Pol-Dip2","Plant-Cal"
"ct2","Pol-Chr","Plant-Cal"
"ct2","Pol-Bte","Plant-Cal"
"ct2","Pol-Eer","Plant-Cal"
"ct2","Pol-And2","Plant-Cal"
"ct2","Pol-Mel","Plant-Cal"
"ct2","Pol-Eba","Plant-Cal"
"ct2","Pol-Ppa","Plant-Cal"
"ct2","Pol-Bom1","Plant-Cal"
"ct2","Pol-Ant3","Plant-Cal"
"ct2","Pol-Oru","Plant-Cal"
"ct2","Pol-Ame","Plant-Cal"
"ct2","Pol-Nom3","Plant-Cal"
"ct2","Pol-Ort1","Plant-Cal"
"ct2","Pol-Lpe","Plant-Cal"
"ct2","Pol-Lmi","Plant-Cal"
"ct2","Pol-Das","Plant-Cal"
"ct2","Pol-Ofu","Plant-Cal"
"ct2","Pol-Eup","Plant-Cal"
"ct2","Pol-Sca","Plant-Cal"
"ct2","Pol-Mst","Plant-Cal"
"ct2","Pol-Melig","Plant-Cal"
"ct2","Pol-Lgr","Plant-Cal"
"ct2","Pol-Afu","Plant-Cal"
"ct2","Pol-Bom3","Plant-Cal"
"ct2","Pol-Fge","Plant-Cal"
"ct2","Pol-Chal","Plant-Cal"
"ct2","Pol-Cru","Plant-Cal"
"ct2","Pol-Ifa","Plant-Cal"
"ct2","Pol-Meg","Plant-Cal"
"ct2","Pol-Dip1","Plant-Cal"
"ct2","Pol-Ete","Plant-Cal"
"ct2","Pol-Ade","Plant-Cal"
"ct2","Pol-Ani","Plant-Lst"
"ct2","Pol-Dip2","Plant-Lst"
"ct2","Pol-Chr","Plant-Lst"
"ct2","Pol-Bte","Plant-Lst"
"ct2","Pol-Eer","Plant-Lst"
"ct2","Pol-And2","Plant-Lst"
"ct2","Pol-Mel","Plant-Lst"
"ct2","Pol-Eba","Plant-Lst"
"ct2","Pol-Ppa","Plant-Lst"
"ct2","Pol-Bom1","Plant-Lst"
"ct2","Pol-Ant3","Plant-Lst"
"ct2","Pol-Oru","Plant-Lst"
"ct2","Pol-Ame","Plant-Lst"
"ct2","Pol-Nom3","Plant-Lst"
"ct2","Pol-Ort1","Plant-Lst"
"ct2","Pol-Lpe","Plant-Lst"
"ct2","Pol-Lmi","Plant-Lst"
"ct2","Pol-Das","Plant-Lst"
"ct2","Pol-Ofu","Plant-Lst"
"ct2","Pol-Eup","Plant-Lst"
"ct2","Pol-Sca","Plant-Lst"
"ct2","Pol-Mst","Plant-Lst"
"ct2","Pol-Melig","Plant-Lst"
"ct2","Pol-Lgr","Plant-Lst"
"ct2","Pol-Afu","Plant-Lst"
"ct2","Pol-Bom3","Plant-Lst"
"ct2","Pol-Fge","Plant-Lst"
"ct2","Pol-Chal","Plant-Lst"
"ct2","Pol-Cru","Plant-Lst"
"ct2","Pol-Ifa","Plant-Lst"
"ct2","Pol-Meg","Plant-Lst"
"ct2","Pol-Dip1","Plant-Lst"
"ct2","Pol-Ete","Plant-Lst"
"ct2","Pol-Ade","Plant-Lst"
"ct2","Pol-Ani","Plant-TvuF"
"ct2","Pol-Dip2","Plant-TvuF"
"ct2","Pol-Chr","Plant-TvuF"
"ct2","Pol-Bte","Plant-TvuF"
"ct2","Pol-Eer","Plant-TvuF"
"ct2","Pol-And2","Plant-TvuF"
"ct2","Pol-Mel","Plant-TvuF"
"ct2","Pol-Eba","Plant-TvuF"
"ct2","Pol-Ppa","Plant-TvuF"
"ct2","Pol-Bom1","Plant-TvuF"
"ct2","Pol-Ant3","Plant-TvuF"
"ct2","Pol-Oru","Plant-TvuF"
"ct2","Pol-Ame","Plant-TvuF"
"ct2","Pol-Nom3","Plant-TvuF"
"ct2","Pol-Ort1","Plant-TvuF"
"ct2","Pol-Lpe","Plant-TvuF"
"ct2","Pol-Lmi","Plant-TvuF"
"ct2","Pol-Das","Plant-TvuF"
"ct2","Pol-Ofu","Plant-TvuF"
"ct2","Pol-Eup","Plant-TvuF"
"ct2","Pol-Sca","Plant-TvuF"
"ct2","Pol-Mst","Plant-TvuF"
"ct2","Pol-Melig","Plant-TvuF"
"ct2","Pol-Lgr","Plant-TvuF"
"ct2","Pol-Afu","Plant-TvuF"
"ct2","Pol-Bom3","Plant-TvuF"
"ct2","Pol-Fge","Plant-TvuF"
"ct2","Pol-Chal","Plant-TvuF"
"ct2","Pol-Cru","Plant-TvuF"
"ct2","Pol-Ifa","Plant-TvuF"
"ct2","Pol-Meg","Plant-TvuF"
"ct2","Pol-Dip1","Plant-TvuF"
"ct2","Pol-Ete","Plant-TvuF"
"ct2","Pol-Ade","Plant-TvuF"
"ct2","Pol-Ani","Plant-TvuHF"
"ct2","Pol-Dip2","Plant-TvuHF"
"ct2","Pol-Chr","Plant-TvuHF"
"ct2","Pol-Bte","Plant-TvuHF"
"ct2","Pol-Eer","Plant-TvuHF"
"ct2","Pol-And2","Plant-TvuHF"
"ct2","Pol-Mel","Plant-TvuHF"
"ct2","Pol-Eba","Plant-TvuHF"
"ct2","Pol-Ppa","Plant-TvuHF"
"ct2","Pol-Bom1","Plant-TvuHF"
"ct2","Pol-Ant3","Plant-TvuHF"
"ct2","Pol-Oru","Plant-TvuHF"
"ct2","Pol-Ame","Plant-TvuHF"
"ct2","Pol-Nom3","Plant-TvuHF"
"ct2","Pol-Ort1","Plant-TvuHF"
"ct2","Pol-Lpe","Plant-TvuHF"
"ct2","Pol-Lmi","Plant-TvuHF"
"ct2","Pol-Das","Plant-TvuHF"
"ct2","Pol-Ofu","Plant-TvuHF"
"ct2","Pol-Eup","Plant-TvuHF"
"ct2","Pol-Sca","Plant-TvuHF"
"ct2","Pol-Mst","Plant-TvuHF"
"ct2","Pol-Melig","Plant-TvuHF"
"ct2","Pol-Lgr","Plant-TvuHF"
"ct2","Pol-Afu","Plant-TvuHF"
"ct2","Pol-Bom3","Plant-TvuHF"
"ct2","Pol-Fge","Plant-TvuHF"
"ct2","Pol-Chal","Plant-TvuHF"
"ct2","Pol-Cru","Plant-TvuHF"
"ct2","Pol-Ifa","Plant-TvuHF"
"ct2","Pol-Meg","Plant-TvuHF"
"ct2","Pol-Dip1","Plant-TvuHF"
"ct2","Pol-Ete","Plant-TvuHF"
"ct2","Pol-Ade","Plant-TvuHF"
"ct2","Pol-Ani","Plant-Csc"
"ct2","Pol-Dip2","Plant-Csc"
"ct2","Pol-Chr","Plant-Csc"
"ct2","Pol-Bte","Plant-Csc"
"ct2","Pol-Eer","Plant-Csc"
"ct2","Pol-And2","Plant-Csc"
"ct2","Pol-Mel","Plant-Csc"
"ct2","Pol-Eba","Plant-Csc"
"ct2","Pol-Ppa","Plant-Csc"
"ct2","Pol-Bom1","Plant-Csc"
"ct2","Pol-Ant3","Plant-Csc"
"ct2","Pol-Oru","Plant-Csc"
"ct2","Pol-Ame","Plant-Csc"
"ct2","Pol-Nom3","Plant-Csc"
"ct2","Pol-Ort1","Plant-Csc"
"ct2","Pol-Lpe","Plant-Csc"
"ct2","Pol-Lmi","Plant-Csc"
"ct2","Pol-Das","Plant-Csc"
"ct2","Pol-Ofu","Plant-Csc"
"ct2","Pol-Eup","Plant-Csc"
"ct2","Pol-Sca","Plant-Csc"
"ct2","Pol-Mst","Plant-Csc"
"ct2","Pol-Melig","Plant-Csc"
"ct2","Pol-Lgr","Plant-Csc"
"ct2","Pol-Afu","Plant-Csc"
"ct2","Pol-Bom3","Plant-Csc"
"ct2","Pol-Fge","Plant-Csc"
"ct2","Pol-Chal","Plant-Csc"
"ct2","Pol-Cru","Plant-Csc"
"ct2","Pol-Ifa","Plant-Csc"
"ct2","Pol-Meg","Plant-Csc"
"ct2","Pol-Dip1","Plant-Csc"
"ct2","Pol-Ete","Plant-Csc"
"ct2","Pol-Ade","Plant-Csc"
"ct2","Pol-Ani","Plant-Soc"
"ct2","Pol-Dip2","Plant-Soc"
"ct2","Pol-Chr","Plant-Soc"
"ct2","Pol-Bte","Plant-Soc"
"ct2","Pol-Eer","Plant-Soc"
"ct2","Pol-And2","Plant-Soc"
"ct2","Pol-Mel","Plant-Soc"
"ct2","Pol-Eba","Plant-Soc"
"ct2","Pol-Ppa","Plant-Soc"
"ct2","Pol-Bom1","Plant-Soc"
"ct2","Pol-Ant3","Plant-Soc"
"ct2","Pol-Oru","Plant-Soc"
"ct2","Pol-Ame","Plant-Soc"
"ct2","Pol-Nom3","Plant-Soc"
"ct2","Pol-Ort1","Plant-Soc"
"ct2","Pol-Lpe","Plant-Soc"
"ct2","Pol-Lmi","Plant-Soc"
"ct2","Pol-Das","Plant-Soc"
"ct2","Pol-Ofu","Plant-Soc"
"ct2","Pol-Eup","Plant-Soc"
"ct2","Pol-Sca","Plant-Soc"
"ct2","Pol-Mst","Plant-Soc"
"ct2","Pol-Melig","Plant-Soc"
"ct2","Pol-Lgr","Plant-Soc"
"ct2","Pol-Afu","Plant-Soc"
"ct2","Pol-Bom3","Plant-Soc"
"ct2","Pol-Fge","Plant-Soc"
"ct2","Pol-Chal","Plant-Soc"
"ct2","Pol-Cru","Plant-Soc"
"ct2","Pol-Ifa","Plant-Soc"
"ct2","Pol-Meg","Plant-Soc"
"ct2","Pol-Dip1","Plant-Soc"
"ct2","Pol-Ete","Plant-Soc"
"ct2","Pol-Ade","Plant-Soc"
"cc2","Pol-Ani","Plant-Csa"
"cc2","Pol-Apl","Plant-Csa"
"cc2","Pol-Mel","Plant-Csa"
"cc2","Pol-Dip2","Plant-Csa"
"cc2","Pol-Das","Plant-Csa"
"cc2","Pol-Cru","Plant-Csa"
"cc2","Pol-Lgr","Plant-Csa"
"cc2","Pol-Lph","Plant-Csa"
"cc2","Pol-Ade","Plant-Csa"
"cc2","Pol-Mst","Plant-Csa"
"cc2","Pol-Bom3","Plant-Csa"
"cc2","Pol-Ofu","Plant-Csa"
"cc2","Pol-Ccr","Plant-Csa"
"cc2","Pol-Ame","Plant-Csa"
"cc2","Pol-Eup","Plant-Csa"
"cc2","Pol-Ete","Plant-Csa"
"cc2","Pol-Bom1","Plant-Csa"
"cc2","Pol-Cpi","Plant-Csa"
"cc2","Pol-Ppa","Plant-Csa"
"cc2","Pol-Ort1","Plant-Csa"
"cc2","Pol-Eba","Plant-Csa"
"cc2","Pol-Dan","Plant-Csa"
"cc2","Pol-Ppy","Plant-Csa"
"cc2","Pol-Lmi","Plant-Csa"
"cc2","Pol-Ort2","Plant-Csa"
"cc2","Pol-Bte","Plant-Csa"
"cc2","Pol-Ani","Plant-Lst"
"cc2","Pol-Apl","Plant-Lst"
"cc2","Pol-Mel","Plant-Lst"
"cc2","Pol-Dip2","Plant-Lst"
"cc2","Pol-Das","Plant-Lst"
"cc2","Pol-Cru","Plant-Lst"
"cc2","Pol-Lgr","Plant-Lst"
"cc2","Pol-Lph","Plant-Lst"
"cc2","Pol-Ade","Plant-Lst"
"cc2","Pol-Mst","Plant-Lst"
"cc2","Pol-Bom3","Plant-Lst"
"cc2","Pol-Ofu","Plant-Lst"
"cc2","Pol-Ccr","Plant-Lst"
"cc2","Pol-Ame","Plant-Lst"
"cc2","Pol-Eup","Plant-Lst"
"cc2","Pol-Ete","Plant-Lst"
"cc2","Pol-Bom1","Plant-Lst"
"cc2","Pol-Cpi","Plant-Lst"
"cc2","Pol-Ppa","Plant-Lst"
"cc2","Pol-Ort1","Plant-Lst"
"cc2","Pol-Eba","Plant-Lst"
"cc2","Pol-Dan","Plant-Lst"
"cc2","Pol-Ppy","Plant-Lst"
"cc2","Pol-Lmi","Plant-Lst"
"cc2","Pol-Ort2","Plant-Lst"
"cc2","Pol-Bte","Plant-Lst"
"cc2","Pol-Ani","Plant-TvuF"
"cc2","Pol-Apl","Plant-TvuF"
"cc2","Pol-Mel","Plant-TvuF"
"cc2","Pol-Dip2","Plant-TvuF"
"cc2","Pol-Das","Plant-TvuF"
"cc2","Pol-Cru","Plant-TvuF"
"cc2","Pol-Lgr","Plant-TvuF"
"cc2","Pol-Lph","Plant-TvuF"
"cc2","Pol-Ade","Plant-TvuF"
"cc2","Pol-Mst","Plant-TvuF"
"cc2","Pol-Bom3","Plant-TvuF"
"cc2","Pol-Ofu","Plant-TvuF"
"cc2","Pol-Ccr","Plant-TvuF"
"cc2","Pol-Ame","Plant-TvuF"
"cc2","Pol-Eup","Plant-TvuF"
"cc2","Pol-Ete","Plant-TvuF"
"cc2","Pol-Bom1","Plant-TvuF"
"cc2","Pol-Cpi","Plant-TvuF"
"cc2","Pol-Ppa","Plant-TvuF"
"cc2","Pol-Ort1","Plant-TvuF"
"cc2","Pol-Eba","Plant-TvuF"
"cc2","Pol-Dan","Plant-TvuF"
"cc2","Pol-Ppy","Plant-TvuF"
"cc2","Pol-Lmi","Plant-TvuF"
"cc2","Pol-Ort2","Plant-TvuF"
"cc2","Pol-Bte","Plant-TvuF"
"cc2","Pol-Ani","Plant-TvuHF"
"cc2","Pol-Apl","Plant-TvuHF"
"cc2","Pol-Mel","Plant-TvuHF"
"cc2","Pol-Dip2","Plant-TvuHF"
"cc2","Pol-Das","Plant-TvuHF"
"cc2","Pol-Cru","Plant-TvuHF"
"cc2","Pol-Lgr","Plant-TvuHF"
"cc2","Pol-Lph","Plant-TvuHF"
"cc2","Pol-Ade","Plant-TvuHF"
"cc2","Pol-Mst","Plant-TvuHF"
"cc2","Pol-Bom3","Plant-TvuHF"
"cc2","Pol-Ofu","Plant-TvuHF"
"cc2","Pol-Ccr","Plant-TvuHF"
"cc2","Pol-Ame","Plant-TvuHF"
"cc2","Pol-Eup","Plant-TvuHF"
"cc2","Pol-Ete","Plant-TvuHF"
"cc2","Pol-Bom1","Plant-TvuHF"
"cc2","Pol-Cpi","Plant-TvuHF"
"cc2","Pol-Ppa","Plant-TvuHF"
"cc2","Pol-Ort1","Plant-TvuHF"
"cc2","Pol-Eba","Plant-TvuHF"
"cc2","Pol-Dan","Plant-TvuHF"
"cc2","Pol-Ppy","Plant-TvuHF"
"cc2","Pol-Lmi","Plant-TvuHF"
"cc2","Pol-Ort2","Plant-TvuHF"
"cc2","Pol-Bte","Plant-TvuHF"
"cc2","Pol-Ani","Plant-Csc"
"cc2","Pol-Apl","Plant-Csc"
"cc2","Pol-Mel","Plant-Csc"
"cc2","Pol-Dip2","Plant-Csc"
"cc2","Pol-Das","Plant-Csc"
"cc2","Pol-Cru","Plant-Csc"
"cc2","Pol-Lgr","Plant-Csc"
"cc2","Pol-Lph","Plant-Csc"
"cc2","Pol-Ade","Plant-Csc"
"cc2","Pol-Mst","Plant-Csc"
"cc2","Pol-Bom3","Plant-Csc"
"cc2","Pol-Ofu","Plant-Csc"
"cc2","Pol-Ccr","Plant-Csc"
"cc2","Pol-Ame","Plant-Csc"
"cc2","Pol-Eup","Plant-Csc"
"cc2","Pol-Ete","Plant-Csc"
"cc2","Pol-Bom1","Plant-Csc"
"cc2","Pol-Cpi","Plant-Csc"
"cc2","Pol-Ppa","Plant-Csc"
"cc2","Pol-Ort1","Plant-Csc"
"cc2","Pol-Eba","Plant-Csc"
"cc2","Pol-Dan","Plant-Csc"
"cc2","Pol-Ppy","Plant-Csc"
"cc2","Pol-Lmi","Plant-Csc"
"cc2","Pol-Ort2","Plant-Csc"
"cc2","Pol-Bte","Plant-Csc"
"cc2","Pol-Ani","Plant-Aza"
"cc2","Pol-Apl","Plant-Aza"
"cc2","Pol-Mel","Plant-Aza"
"cc2","Pol-Dip2","Plant-Aza"
"cc2","Pol-Das","Plant-Aza"
"cc2","Pol-Cru","Plant-Aza"
"cc2","Pol-Lgr","Plant-Aza"
"cc2","Pol-Lph","Plant-Aza"
"cc2","Pol-Ade","Plant-Aza"
"cc2","Pol-Mst","Plant-Aza"
"cc2","Pol-Bom3","Plant-Aza"
"cc2","Pol-Ofu","Plant-Aza"
"cc2","Pol-Ccr","Plant-Aza"
"cc2","Pol-Ame","Plant-Aza"
"cc2","Pol-Eup","Plant-Aza"
"cc2","Pol-Ete","Plant-Aza"
"cc2","Pol-Bom1","Plant-Aza"
"cc2","Pol-Cpi","Plant-Aza"
"cc2","Pol-Ppa","Plant-Aza"
"cc2","Pol-Ort1","Plant-Aza"
"cc2","Pol-Eba","Plant-Aza"
"cc2","Pol-Dan","Plant-Aza"
"cc2","Pol-Ppy","Plant-Aza"
"cc2","Pol-Lmi","Plant-Aza"
"cc2","Pol-Ort2","Plant-Aza"
"cc2","Pol-Bte","Plant-Aza"
"cc2","Pol-Ani","Plant-Soc"
"cc2","Pol-Apl","Plant-Soc"
"cc2","Pol-Mel","Plant-Soc"
"cc2","Pol-Dip2","Plant-Soc"
"cc2","Pol-Das","Plant-Soc"
"cc2","Pol-Cru","Plant-Soc"
"cc2","Pol-Lgr","Plant-Soc"
"cc2","Pol-Lph","Plant-Soc"
"cc2","Pol-Ade","Plant-Soc"
"cc2","Pol-Mst","Plant-Soc"
"cc2","Pol-Bom3","Plant-Soc"
"cc2","Pol-Ofu","Plant-Soc"
"cc2","Pol-Ccr","Plant-Soc"
"cc2","Pol-Ame","Plant-Soc"
"cc2","Pol-Eup","Plant-Soc"
"cc2","Pol-Ete","Plant-Soc"
"cc2","Pol-Bom1","Plant-Soc"
"cc2","Pol-Cpi","Plant-Soc"
"cc2","Pol-Ppa","Plant-Soc"
"cc2","Pol-Ort1","Plant-Soc"
"cc2","Pol-Eba","Plant-Soc"
"cc2","Pol-Dan","Plant-Soc"
"cc2","Pol-Ppy","Plant-Soc"
"cc2","Pol-Lmi","Plant-Soc"
"cc2","Pol-Ort2","Plant-Soc"
"cc2","Pol-Bte","Plant-Soc"
"ct1","Pol-Ame","Plant-Csa"
"ct1","Pol-Melig","Plant-Csa"
"ct1","Pol-Lmi","Plant-Csa"
"ct1","Pol-Bte","Plant-Csa"
"ct1","Pol-Eup","Plant-Csa"
"ct1","Pol-Das","Plant-Csa"
"ct1","Pol-And1","Plant-Csa"
"ct1","Pol-Gme","Plant-Csa"
"ct1","Pol-Eba","Plant-Csa"
"ct1","Pol-Ant3","Plant-Csa"
"ct1","Pol-Eer","Plant-Csa"
"ct1","Pol-Clan","Plant-Csa"
"ct1","Pol-Mst","Plant-Csa"
"ct1","Pol-Ccr","Plant-Csa"
"ct1","Pol-Mel","Plant-Csa"
"ct1","Pol-Ofu","Plant-Csa"
"ct1","Pol-Mal1","Plant-Csa"
"ct1","Pol-Ppy","Plant-Csa"
"ct1","Pol-Ani","Plant-Csa"
"ct1","Pol-Cur1","Plant-Csa"
"ct1","Pol-Pse","Plant-Csa"
"ct1","Pol-Bom2","Plant-Csa"
"ct1","Pol-Ppa","Plant-Csa"
"ct1","Pol-Nom1","Plant-Csa"
"ct1","Pol-Meg1","Plant-Csa"
"ct1","Pol-Call","Plant-Csa"
"ct1","Pol-Dan","Plant-Csa"
"ct1","Pol-Dip1","Plant-Csa"
"ct1","Pol-And2","Plant-Csa"
"ct1","Pol-Nom2","Plant-Csa"
"ct1","Pol-And3","Plant-Csa"
"ct1","Pol-Meg2","Plant-Csa"
"ct1","Pol-Ade","Plant-Csa"
"ct1","Pol-Ete","Plant-Csa"
"ct1","Pol-Het1","Plant-Csa"
"ct1","Pol-Bru1","Plant-Csa"
"ct1","Pol-Mor1","Plant-Csa"
"ct1","Pol-Het2","Plant-Csa"
"ct1","Pol-Apl","Plant-Csa"
"ct1","Pol-Par","Plant-Csa"
"ct1","Pol-Ame","Plant-Cal"
"ct1","Pol-Melig","Plant-Cal"
"ct1","Pol-Lmi","Plant-Cal"
"ct1","Pol-Bte","Plant-Cal"
"ct1","Pol-Eup","Plant-Cal"
"ct1","Pol-Das","Plant-Cal"
"ct1","Pol-And1","Plant-Cal"
"ct1","Pol-Gme","Plant-Cal"
"ct1","Pol-Eba","Plant-Cal"
"ct1","Pol-Ant3","Plant-Cal"
"ct1","Pol-Eer","Plant-Cal"
"ct1","Pol-Clan","Plant-Cal"
"ct1","Pol-Mst","Plant-Cal"
"ct1","Pol-Ccr","Plant-Cal"
"ct1","Pol-Mel","Plant-Cal"
"ct1","Pol-Ofu","Plant-Cal"
"ct1","Pol-Mal1","Plant-Cal"
"ct1","Pol-Ppy","Plant-Cal"
"ct1","Pol-Ani","Plant-Cal"
"ct1","Pol-Cur1","Plant-Cal"
"ct1","Pol-Pse","Plant-Cal"
"ct1","Pol-Bom2","Plant-Cal"
"ct1","Pol-Ppa","Plant-Cal"
"ct1","Pol-Nom1","Plant-Cal"
"ct1","Pol-Meg1","Plant-Cal"
"ct1","Pol-Call","Plant-Cal"
"ct1","Pol-Dan","Plant-Cal"
"ct1","Pol-Dip1","Plant-Cal"
"ct1","Pol-And2","Plant-Cal"
"ct1","Pol-Nom2","Plant-Cal"
"ct1","Pol-And3","Plant-Cal"
"ct1","Pol-Meg2","Plant-Cal"
"ct1","Pol-Ade","Plant-Cal"
"ct1","Pol-Ete","Plant-Cal"
"ct1","Pol-Het1","Plant-Cal"
"ct1","Pol-Bru1","Plant-Cal"
"ct1","Pol-Mor1","Plant-Cal"
"ct1","Pol-Het2","Plant-Cal"
"ct1","Pol-Apl","Plant-Cal"
"ct1","Pol-Par","Plant-Cal"
"ct1","Pol-Ame","Plant-Lst"
"ct1","Pol-Melig","Plant-Lst"
"ct1","Pol-Lmi","Plant-Lst"
"ct1","Pol-Bte","Plant-Lst"
"ct1","Pol-Eup","Plant-Lst"
"ct1","Pol-Das","Plant-Lst"
"ct1","Pol-And1","Plant-Lst"
"ct1","Pol-Gme","Plant-Lst"
"ct1","Pol-Eba","Plant-Lst"
"ct1","Pol-Ant3","Plant-Lst"
"ct1","Pol-Eer","Plant-Lst"
"ct1","Pol-Clan","Plant-Lst"
"ct1","Pol-Mst","Plant-Lst"
"ct1","Pol-Ccr","Plant-Lst"
"ct1","Pol-Mel","Plant-Lst"
"ct1","Pol-Ofu","Plant-Lst"
"ct1","Pol-Mal1","Plant-Lst"
"ct1","Pol-Ppy","Plant-Lst"
"ct1","Pol-Ani","Plant-Lst"
"ct1","Pol-Cur1","Plant-Lst"
"ct1","Pol-Pse","Plant-Lst"
"ct1","Pol-Bom2","Plant-Lst"
"ct1","Pol-Ppa","Plant-Lst"
"ct1","Pol-Nom1","Plant-Lst"
"ct1","Pol-Meg1","Plant-Lst"
"ct1","Pol-Call","Plant-Lst"
"ct1","Pol-Dan","Plant-Lst"
"ct1","Pol-Dip1","Plant-Lst"
"ct1","Pol-And2","Plant-Lst"
"ct1","Pol-Nom2","Plant-Lst"
"ct1","Pol-And3","Plant-Lst"
"ct1","Pol-Meg2","Plant-Lst"
"ct1","Pol-Ade","Plant-Lst"
"ct1","Pol-Ete","Plant-Lst"
"ct1","Pol-Het1","Plant-Lst"
"ct1","Pol-Bru1","Plant-Lst"
"ct1","Pol-Mor1","Plant-Lst"
"ct1","Pol-Het2","Plant-Lst"
"ct1","Pol-Apl","Plant-Lst"
"ct1","Pol-Par","Plant-Lst"
"ct1","Pol-Ame","Plant-TvuF"
"ct1","Pol-Melig","Plant-TvuF"
"ct1","Pol-Lmi","Plant-TvuF"
"ct1","Pol-Bte","Plant-TvuF"
"ct1","Pol-Eup","Plant-TvuF"
"ct1","Pol-Das","Plant-TvuF"
"ct1","Pol-And1","Plant-TvuF"
"ct1","Pol-Gme","Plant-TvuF"
"ct1","Pol-Eba","Plant-TvuF"
"ct1","Pol-Ant3","Plant-TvuF"
"ct1","Pol-Eer","Plant-TvuF"
"ct1","Pol-Clan","Plant-TvuF"
"ct1","Pol-Mst","Plant-TvuF"
"ct1","Pol-Ccr","Plant-TvuF"
"ct1","Pol-Mel","Plant-TvuF"
"ct1","Pol-Ofu","Plant-TvuF"
"ct1","Pol-Mal1","Plant-TvuF"
"ct1","Pol-Ppy","Plant-TvuF"
"ct1","Pol-Ani","Plant-TvuF"
"ct1","Pol-Cur1","Plant-TvuF"
"ct1","Pol-Pse","Plant-TvuF"
"ct1","Pol-Bom2","Plant-TvuF"
"ct1","Pol-Ppa","Plant-TvuF"
"ct1","Pol-Nom1","Plant-TvuF"
"ct1","Pol-Meg1","Plant-TvuF"
"ct1","Pol-Call","Plant-TvuF"
"ct1","Pol-Dan","Plant-TvuF"
"ct1","Pol-Dip1","Plant-TvuF"
"ct1","Pol-And2","Plant-TvuF"
"ct1","Pol-Nom2","Plant-TvuF"
"ct1","Pol-And3","Plant-TvuF"
"ct1","Pol-Meg2","Plant-TvuF"
"ct1","Pol-Ade","Plant-TvuF"
"ct1","Pol-Ete","Plant-TvuF"
"ct1","Pol-Het1","Plant-TvuF"
"ct1","Pol-Bru1","Plant-TvuF"
"ct1","Pol-Mor1","Plant-TvuF"
"ct1","Pol-Het2","Plant-TvuF"
"ct1","Pol-Apl","Plant-TvuF"
"ct1","Pol-Par","Plant-TvuF"
"ct1","Pol-Ame","Plant-TvuHF"
"ct1","Pol-Melig","Plant-TvuHF"
"ct1","Pol-Lmi","Plant-TvuHF"
"ct1","Pol-Bte","Plant-TvuHF"
"ct1","Pol-Eup","Plant-TvuHF"
"ct1","Pol-Das","Plant-TvuHF"
"ct1","Pol-And1","Plant-TvuHF"
"ct1","Pol-Gme","Plant-TvuHF"
"ct1","Pol-Eba","Plant-TvuHF"
"ct1","Pol-Ant3","Plant-TvuHF"
"ct1","Pol-Eer","Plant-TvuHF"
"ct1","Pol-Clan","Plant-TvuHF"
"ct1","Pol-Mst","Plant-TvuHF"
"ct1","Pol-Ccr","Plant-TvuHF"
"ct1","Pol-Mel","Plant-TvuHF"
"ct1","Pol-Ofu","Plant-TvuHF"
"ct1","Pol-Mal1","Plant-TvuHF"
"ct1","Pol-Ppy","Plant-TvuHF"
"ct1","Pol-Ani","Plant-TvuHF"
"ct1","Pol-Cur1","Plant-TvuHF"
"ct1","Pol-Pse","Plant-TvuHF"
"ct1","Pol-Bom2","Plant-TvuHF"
"ct1","Pol-Ppa","Plant-TvuHF"
"ct1","Pol-Nom1","Plant-TvuHF"
"ct1","Pol-Meg1","Plant-TvuHF"
"ct1","Pol-Call","Plant-TvuHF"
"ct1","Pol-Dan","Plant-TvuHF"
"ct1","Pol-Dip1","Plant-TvuHF"
"ct1","Pol-And2","Plant-TvuHF"
"ct1","Pol-Nom2","Plant-TvuHF"
"ct1","Pol-And3","Plant-TvuHF"
"ct1","Pol-Meg2","Plant-TvuHF"
"ct1","Pol-Ade","Plant-TvuHF"
"ct1","Pol-Ete","Plant-TvuHF"
"ct1","Pol-Het1","Plant-TvuHF"
"ct1","Pol-Bru1","Plant-TvuHF"
"ct1","Pol-Mor1","Plant-TvuHF"
"ct1","Pol-Het2","Plant-TvuHF"
"ct1","Pol-Apl","Plant-TvuHF"
"ct1","Pol-Par","Plant-TvuHF"
"ct1","Pol-Ame","Plant-Ech"
"ct1","Pol-Melig","Plant-Ech"
"ct1","Pol-Lmi","Plant-Ech"
"ct1","Pol-Bte","Plant-Ech"
"ct1","Pol-Eup","Plant-Ech"
"ct1","Pol-Das","Plant-Ech"
"ct1","Pol-And1","Plant-Ech"
"ct1","Pol-Gme","Plant-Ech"
"ct1","Pol-Eba","Plant-Ech"
"ct1","Pol-Ant3","Plant-Ech"
"ct1","Pol-Eer","Plant-Ech"
"ct1","Pol-Clan","Plant-Ech"
"ct1","Pol-Mst","Plant-Ech"
"ct1","Pol-Ccr","Plant-Ech"
"ct1","Pol-Mel","Plant-Ech"
"ct1","Pol-Ofu","Plant-Ech"
"ct1","Pol-Mal1","Plant-Ech"
"ct1","Pol-Ppy","Plant-Ech"
"ct1","Pol-Ani","Plant-Ech"
"ct1","Pol-Cur1","Plant-Ech"
"ct1","Pol-Pse","Plant-Ech"
"ct1","Pol-Bom2","Plant-Ech"
"ct1","Pol-Ppa","Plant-Ech"
"ct1","Pol-Nom1","Plant-Ech"
"ct1","Pol-Meg1","Plant-Ech"
"ct1","Pol-Call","Plant-Ech"
"ct1","Pol-Dan","Plant-Ech"
"ct1","Pol-Dip1","Plant-Ech"
"ct1","Pol-And2","Plant-Ech"
"ct1","Pol-Nom2","Plant-Ech"
"ct1","Pol-And3","Plant-Ech"
"ct1","Pol-Meg2","Plant-Ech"
"ct1","Pol-Ade","Plant-Ech"
"ct1","Pol-Ete","Plant-Ech"
"ct1","Pol-Het1","Plant-Ech"
"ct1","Pol-Bru1","Plant-Ech"
"ct1","Pol-Mor1","Plant-Ech"
"ct1","Pol-Het2","Plant-Ech"
"ct1","Pol-Apl","Plant-Ech"
"ct1","Pol-Par","Plant-Ech"
"ct1","Pol-Ame","Plant-Son"
"ct1","Pol-Melig","Plant-Son"
"ct1","Pol-Lmi","Plant-Son"
"ct1","Pol-Bte","Plant-Son"
"ct1","Pol-Eup","Plant-Son"
"ct1","Pol-Das","Plant-Son"
"ct1","Pol-And1","Plant-Son"
"ct1","Pol-Gme","Plant-Son"
"ct1","Pol-Eba","Plant-Son"
"ct1","Pol-Ant3","Plant-Son"
"ct1","Pol-Eer","Plant-Son"
"ct1","Pol-Clan","Plant-Son"
"ct1","Pol-Mst","Plant-Son"
"ct1","Pol-Ccr","Plant-Son"
"ct1","Pol-Mel","Plant-Son"
"ct1","Pol-Ofu","Plant-Son"
"ct1","Pol-Mal1","Plant-Son"
"ct1","Pol-Ppy","Plant-Son"
"ct1","Pol-Ani","Plant-Son"
"ct1","Pol-Cur1","Plant-Son"
"ct1","Pol-Pse","Plant-Son"
"ct1","Pol-Bom2","Plant-Son"
"ct1","Pol-Ppa","Plant-Son"
"ct1","Pol-Nom1","Plant-Son"
"ct1","Pol-Meg1","Plant-Son"
"ct1","Pol-Call","Plant-Son"
"ct1","Pol-Dan","Plant-Son"
"ct1","Pol-Dip1","Plant-Son"
"ct1","Pol-And2","Plant-Son"
"ct1","Pol-Nom2","Plant-Son"
"ct1","Pol-And3","Plant-Son"
"ct1","Pol-Meg2","Plant-Son"
"ct1","Pol-Ade","Plant-Son"
"ct1","Pol-Ete","Plant-Son"
"ct1","Pol-Het1","Plant-Son"
"ct1","Pol-Bru1","Plant-Son"
"ct1","Pol-Mor1","Plant-Son"
"ct1","Pol-Het2","Plant-Son"
"ct1","Pol-Apl","Plant-Son"
"ct1","Pol-Par","Plant-Son"
"ct1","Pol-Ame","Plant-Pbi"
"ct1","Pol-Melig","Plant-Pbi"
"ct1","Pol-Lmi","Plant-Pbi"
"ct1","Pol-Bte","Plant-Pbi"
"ct1","Pol-Eup","Plant-Pbi"
"ct1","Pol-Das","Plant-Pbi"
"ct1","Pol-And1","Plant-Pbi"
"ct1","Pol-Gme","Plant-Pbi"
"ct1","Pol-Eba","Plant-Pbi"
"ct1","Pol-Ant3","Plant-Pbi"
"ct1","Pol-Eer","Plant-Pbi"
"ct1","Pol-Clan","Plant-Pbi"
"ct1","Pol-Mst","Plant-Pbi"
"ct1","Pol-Ccr","Plant-Pbi"
"ct1","Pol-Mel","Plant-Pbi"
"ct1","Pol-Ofu","Plant-Pbi"
"ct1","Pol-Mal1","Plant-Pbi"
"ct1","Pol-Ppy","Plant-Pbi"
"ct1","Pol-Ani","Plant-Pbi"
"ct1","Pol-Cur1","Plant-Pbi"
"ct1","Pol-Pse","Plant-Pbi"
"ct1","Pol-Bom2","Plant-Pbi"
"ct1","Pol-Ppa","Plant-Pbi"
"ct1","Pol-Nom1","Plant-Pbi"
"ct1","Pol-Meg1","Plant-Pbi"
"ct1","Pol-Call","Plant-Pbi"
"ct1","Pol-Dan","Plant-Pbi"
"ct1","Pol-Dip1","Plant-Pbi"
"ct1","Pol-And2","Plant-Pbi"
"ct1","Pol-Nom2","Plant-Pbi"
"ct1","Pol-And3","Plant-Pbi"
"ct1","Pol-Meg2","Plant-Pbi"
"ct1","Pol-Ade","Plant-Pbi"
"ct1","Pol-Ete","Plant-Pbi"
"ct1","Pol-Het1","Plant-Pbi"
"ct1","Pol-Bru1","Plant-Pbi"
"ct1","Pol-Mor1","Plant-Pbi"
"ct1","Pol-Het2","Plant-Pbi"
"ct1","Pol-Apl","Plant-Pbi"
"ct1","Pol-Par","Plant-Pbi"
"cc1","Pol-Ant","Plant-Csa"
"cc1","Pol-Lmi","Plant-Csa"
"cc1","Pol-Eba","Plant-Csa"
"cc1","Pol-Eup","Plant-Csa"
"cc1","Pol-Mel","Plant-Csa"
"cc1","Pol-Dip1","Plant-Csa"
"cc1","Pol-Ofu","Plant-Csa"
"cc1","Pol-Ani","Plant-Csa"
"cc1","Pol-Adi","Plant-Csa"
"cc1","Pol-Ant3","Plant-Csa"
"cc1","Pol-Sca","Plant-Csa"
"cc1","Pol-Ase","Plant-Csa"
"cc1","Pol-Ete","Plant-Csa"
"cc1","Pol-Ahu","Plant-Csa"
"cc1","Pol-Bte","Plant-Csa"
"cc1","Pol-Apl","Plant-Csa"
"cc1","Pol-Mer1","Plant-Csa"
"cc1","Pol-Ssc","Plant-Csa"
"cc1","Pol-Mor1","Plant-Csa"
"cc1","Pol-Coll","Plant-Csa"
"cc1","Pol-Xan","Plant-Csa"
"cc1","Pol-Eri1","Plant-Csa"
"cc1","Pol-Ade","Plant-Csa"
"cc1","Pol-Hsc","Plant-Csa"
"cc1","Pol-Chr","Plant-Csa"
"cc1","Pol-Ole","Plant-Csa"
"cc1","Pol-Dip2","Plant-Csa"
"cc1","Pol-Afu","Plant-Csa"
"cc1","Pol-Tsq","Plant-Csa"
"cc1","Pol-Pae","Plant-Csa"
"cc1","Pol-Ame","Plant-Csa"
"cc1","Pol-Lae","Plant-Csa"
"cc1","Pol-Lpe","Plant-Csa"
"cc1","Pol-Call","Plant-Csa"
"cc1","Pol-Oca","Plant-Csa"
"cc1","Pol-Eer","Plant-Csa"
"cc1","Pol-Bom1","Plant-Csa"
"cc1","Pol-Melig","Plant-Csa"
"cc1","Pol-Das","Plant-Csa"
"cc1","Pol-Ppy","Plant-Csa"
"cc1","Pol-Csc","Plant-Csa"
"cc1","Pol-Ant","Plant-Lst"
"cc1","Pol-Lmi","Plant-Lst"
"cc1","Pol-Eba","Plant-Lst"
"cc1","Pol-Eup","Plant-Lst"
"cc1","Pol-Mel","Plant-Lst"
"cc1","Pol-Dip1","Plant-Lst"
"cc1","Pol-Ofu","Plant-Lst"
"cc1","Pol-Ani","Plant-Lst"
"cc1","Pol-Adi","Plant-Lst"
"cc1","Pol-Ant3","Plant-Lst"
"cc1","Pol-Sca","Plant-Lst"
"cc1","Pol-Ase","Plant-Lst"
"cc1","Pol-Ete","Plant-Lst"
"cc1","Pol-Ahu","Plant-Lst"
"cc1","Pol-Bte","Plant-Lst"
"cc1","Pol-Apl","Plant-Lst"
"cc1","Pol-Mer1","Plant-Lst"
"cc1","Pol-Ssc","Plant-Lst"
"cc1","Pol-Mor1","Plant-Lst"
"cc1","Pol-Coll","Plant-Lst"
"cc1","Pol-Xan","Plant-Lst"
"cc1","Pol-Eri1","Plant-Lst"
"cc1","Pol-Ade","Plant-Lst"
"cc1","Pol-Hsc","Plant-Lst"
"cc1","Pol-Chr","Plant-Lst"
"cc1","Pol-Ole","Plant-Lst"
"cc1","Pol-Dip2","Plant-Lst"
"cc1","Pol-Afu","Plant-Lst"
"cc1","Pol-Tsq","Plant-Lst"
"cc1","Pol-Pae","Plant-Lst"
"cc1","Pol-Ame","Plant-Lst"
"cc1","Pol-Lae","Plant-Lst"
"cc1","Pol-Lpe","Plant-Lst"
"cc1","Pol-Call","Plant-Lst"
"cc1","Pol-Oca","Plant-Lst"
"cc1","Pol-Eer","Plant-Lst"
"cc1","Pol-Bom1","Plant-Lst"
"cc1","Pol-Melig","Plant-Lst"
"cc1","Pol-Das","Plant-Lst"
"cc1","Pol-Ppy","Plant-Lst"
"cc1","Pol-Csc","Plant-Lst"
"cc1","Pol-Ant","Plant-TvuF"
"cc1","Pol-Lmi","Plant-TvuF"
"cc1","Pol-Eba","Plant-TvuF"
"cc1","Pol-Eup","Plant-TvuF"
"cc1","Pol-Mel","Plant-TvuF"
"cc1","Pol-Dip1","Plant-TvuF"
"cc1","Pol-Ofu","Plant-TvuF"
"cc1","Pol-Ani","Plant-TvuF"
"cc1","Pol-Adi","Plant-TvuF"
"cc1","Pol-Ant3","Plant-TvuF"
"cc1","Pol-Sca","Plant-TvuF"
"cc1","Pol-Ase","Plant-TvuF"
"cc1","Pol-Ete","Plant-TvuF"
"cc1","Pol-Ahu","Plant-TvuF"
"cc1","Pol-Bte","Plant-TvuF"
"cc1","Pol-Apl","Plant-TvuF"
"cc1","Pol-Mer1","Plant-TvuF"
"cc1","Pol-Ssc","Plant-TvuF"
"cc1","Pol-Mor1","Plant-TvuF"
"cc1","Pol-Coll","Plant-TvuF"
"cc1","Pol-Xan","Plant-TvuF"
"cc1","Pol-Eri1","Plant-TvuF"
"cc1","Pol-Ade","Plant-TvuF"
"cc1","Pol-Hsc","Plant-TvuF"
"cc1","Pol-Chr","Plant-TvuF"
"cc1","Pol-Ole","Plant-TvuF"
"cc1","Pol-Dip2","Plant-TvuF"
"cc1","Pol-Afu","Plant-TvuF"
"cc1","Pol-Tsq","Plant-TvuF"
"cc1","Pol-Pae","Plant-TvuF"
"cc1","Pol-Ame","Plant-TvuF"
"cc1","Pol-Lae","Plant-TvuF"
"cc1","Pol-Lpe","Plant-TvuF"
"cc1","Pol-Call","Plant-TvuF"
"cc1","Pol-Oca","Plant-TvuF"
"cc1","Pol-Eer","Plant-TvuF"
"cc1","Pol-Bom1","Plant-TvuF"
"cc1","Pol-Melig","Plant-TvuF"
"cc1","Pol-Das","Plant-TvuF"
"cc1","Pol-Ppy","Plant-TvuF"
"cc1","Pol-Csc","Plant-TvuF"
"cc1","Pol-Ant","Plant-TvuHF"
"cc1","Pol-Lmi","Plant-TvuHF"
"cc1","Pol-Eba","Plant-TvuHF"
"cc1","Pol-Eup","Plant-TvuHF"
"cc1","Pol-Mel","Plant-TvuHF"
"cc1","Pol-Dip1","Plant-TvuHF"
"cc1","Pol-Ofu","Plant-TvuHF"
"cc1","Pol-Ani","Plant-TvuHF"
"cc1","Pol-Adi","Plant-TvuHF"
"cc1","Pol-Ant3","Plant-TvuHF"
"cc1","Pol-Sca","Plant-TvuHF"
"cc1","Pol-Ase","Plant-TvuHF"
"cc1","Pol-Ete","Plant-TvuHF"
"cc1","Pol-Ahu","Plant-TvuHF"
"cc1","Pol-Bte","Plant-TvuHF"
"cc1","Pol-Apl","Plant-TvuHF"
"cc1","Pol-Mer1","Plant-TvuHF"
"cc1","Pol-Ssc","Plant-TvuHF"
"cc1","Pol-Mor1","Plant-TvuHF"
"cc1","Pol-Coll","Plant-TvuHF"
"cc1","Pol-Xan","Plant-TvuHF"
"cc1","Pol-Eri1","Plant-TvuHF"
"cc1","Pol-Ade","Plant-TvuHF"
"cc1","Pol-Hsc","Plant-TvuHF"
"cc1","Pol-Chr","Plant-TvuHF"
"cc1","Pol-Ole","Plant-TvuHF"
"cc1","Pol-Dip2","Plant-TvuHF"
"cc1","Pol-Afu","Plant-TvuHF"
"cc1","Pol-Tsq","Plant-TvuHF"
"cc1","Pol-Pae","Plant-TvuHF"
"cc1","Pol-Ame","Plant-TvuHF"
"cc1","Pol-Lae","Plant-TvuHF"
"cc1","Pol-Lpe","Plant-TvuHF"
"cc1","Pol-Call","Plant-TvuHF"
"cc1","Pol-Oca","Plant-TvuHF"
"cc1","Pol-Eer","Plant-TvuHF"
"cc1","Pol-Bom1","Plant-TvuHF"
"cc1","Pol-Melig","Plant-TvuHF"
"cc1","Pol-Das","Plant-TvuHF"
"cc1","Pol-Ppy","Plant-TvuHF"
"cc1","Pol-Csc","Plant-TvuHF"
"cc1","Pol-Ant","Plant-Upa"
"cc1","Pol-Lmi","Plant-Upa"
"cc1","Pol-Eba","Plant-Upa"
"cc1","Pol-Eup","Plant-Upa"
"cc1","Pol-Mel","Plant-Upa"
"cc1","Pol-Dip1","Plant-Upa"
"cc1","Pol-Ofu","Plant-Upa"
"cc1","Pol-Ani","Plant-Upa"
"cc1","Pol-Adi","Plant-Upa"
"cc1","Pol-Ant3","Plant-Upa"
"cc1","Pol-Sca","Plant-Upa"
"cc1","Pol-Ase","Plant-Upa"
"cc1","Pol-Ete","Plant-Upa"
"cc1","Pol-Ahu","Plant-Upa"
"cc1","Pol-Bte","Plant-Upa"
"cc1","Pol-Apl","Plant-Upa"
"cc1","Pol-Mer1","Plant-Upa"
"cc1","Pol-Ssc","Plant-Upa"
"cc1","Pol-Mor1","Plant-Upa"
"cc1","Pol-Coll","Plant-Upa"
"cc1","Pol-Xan","Plant-Upa"
"cc1","Pol-Eri1","Plant-Upa"
"cc1","Pol-Ade","Plant-Upa"
"cc1","Pol-Hsc","Plant-Upa"
"cc1","Pol-Chr","Plant-Upa"
"cc1","Pol-Ole","Plant-Upa"
"cc1","Pol-Dip2","Plant-Upa"
"cc1","Pol-Afu","Plant-Upa"
"cc1","Pol-Tsq","Plant-Upa"
"cc1","Pol-Pae","Plant-Upa"
"cc1","Pol-Ame","Plant-Upa"
"cc1","Pol-Lae","Plant-Upa"
"cc1","Pol-Lpe","Plant-Upa"
"cc1","Pol-Call","Plant-Upa"
"cc1","Pol-Oca","Plant-Upa"
"cc1","Pol-Eer","Plant-Upa"
"cc1","Pol-Bom1","Plant-Upa"
"cc1","Pol-Melig","Plant-Upa"
"cc1","Pol-Das","Plant-Upa"
"cc1","Pol-Ppy","Plant-Upa"
"cc1","Pol-Csc","Plant-Upa"
"cc1","Pol-Ant","Plant-Cmo"
"cc1","Pol-Lmi","Plant-Cmo"
"cc1","Pol-Eba","Plant-Cmo"
"cc1","Pol-Eup","Plant-Cmo"
"cc1","Pol-Mel","Plant-Cmo"
"cc1","Pol-Dip1","Plant-Cmo"
"cc1","Pol-Ofu","Plant-Cmo"
"cc1","Pol-Ani","Plant-Cmo"
"cc1","Pol-Adi","Plant-Cmo"
"cc1","Pol-Ant3","Plant-Cmo"
"cc1","Pol-Sca","Plant-Cmo"
"cc1","Pol-Ase","Plant-Cmo"
"cc1","Pol-Ete","Plant-Cmo"
"cc1","Pol-Ahu","Plant-Cmo"
"cc1","Pol-Bte","Plant-Cmo"
"cc1","Pol-Apl","Plant-Cmo"
"cc1","Pol-Mer1","Plant-Cmo"
"cc1","Pol-Ssc","Plant-Cmo"
"cc1","Pol-Mor1","Plant-Cmo"
"cc1","Pol-Coll","Plant-Cmo"
"cc1","Pol-Xan","Plant-Cmo"
"cc1","Pol-Eri1","Plant-Cmo"
"cc1","Pol-Ade","Plant-Cmo"
"cc1","Pol-Hsc","Plant-Cmo"
"cc1","Pol-Chr","Plant-Cmo"
"cc1","Pol-Ole","Plant-Cmo"
"cc1","Pol-Dip2","Plant-Cmo"
"cc1","Pol-Afu","Plant-Cmo"
"cc1","Pol-Tsq","Plant-Cmo"
"cc1","Pol-Pae","Plant-Cmo"
"cc1","Pol-Ame","Plant-Cmo"
"cc1","Pol-Lae","Plant-Cmo"
"cc1","Pol-Lpe","Plant-Cmo"
"cc1","Pol-Call","Plant-Cmo"
"cc1","Pol-Oca","Plant-Cmo"
"cc1","Pol-Eer","Plant-Cmo"
"cc1","Pol-Bom1","Plant-Cmo"
"cc1","Pol-Melig","Plant-Cmo"
"cc1","Pol-Das","Plant-Cmo"
"cc1","Pol-Ppy","Plant-Cmo"
"cc1","Pol-Csc","Plant-Cmo"
