"site","consumer","resource"
"Kühkopf, Mordhecke I","Eacicu","Ovimin"
"Kühkopf, Mordhecke I","Etorym","Ovimin"
"Kühkopf, Mordhecke I","Ilappo","Ovimin"
"Kühkopf, Mordhecke I","Ccruxx","Ovimin"
"Griesheim bei Darmstadt","Eacicu","Ovimin"
"Griesheim bei Darmstadt","Etorym","Ovimin"
"Griesheim bei Darmstadt","Pdolic","Ovimin"
"Griesheim bei Darmstadt","Chalci","Ovimin"
"Griesheim bei Darmstadt","Ccruxx","Ovimin"
"Griesheim bei Darmstadt","Eacicu","Ogalla"
"Griesheim bei Darmstadt","Pdolic","Ogalla"
"Griesheim bei Darmstadt","Ilappo","Ogalla"
"Griesheim bei Darmstadt","Aminim","Ogalla"
"Griesheim bei Darmstadt","Ccruxx","Ogalla"
"Griesheim bei Darmstadt","Pdolic","Obridg"
"Griesheim bei Darmstadt","Ilappo","Obridg"
"Griesheim bei Darmstadt","Aminim","Obridg"
"Griesheim bei Darmstadt","Ccruxx","Obridg"
"Griesheim bei Darmstadt","Binter","Ovesic"
"Kühkopf, Mordhecke I","Eacicu","Ovesic"
"Kühkopf, Mordhecke I","Pdolic","Ovesic"
"Kühkopf, Mordhecke I","Bdisco","Ovesic"
"Kühkopf, Mordhecke I","Binter","Ovesic"
"Kühkopf, Mordhecke I","Bpicti","Ovesic"
"Kühkopf, Mordhecke I","Ccruxx","Ovesic"
"Kühkopf, Mordhecke I","Eacicu","Opedun"
"Kühkopf, Mordhecke I","Pdolic","Opedun"
"Kühkopf, Mordhecke I","Ilappo","Opedun"
"Kühkopf, Mordhecke I","Aminim","Opedun"
"Kühkopf, Mordhecke I","Pdolic","Ovimin"
"Kühkopf, Mordhecke I","Mvesic","Ovesic"
"Kühkopf, Mordhecke I","Amorri","Ovesic"
"Kühkopf, Mordhecke I","Svesic","Ovesic"
"Karben","Pnemat","Otrian"
"Karben","Pdolic","Otrian"
"Karben","Lsubco","Otrian"
"Karben","Ccruxx","Otrian"
"Taunus, Waldems-Reichenbach","Pdolic","Oproxi"
"Taunus, Waldems-Reichenbach","Ccruxx","Oproxi"
"Taunus, Waldems-Reichenbach","Etoxon","Oproxi"
"Taunus, Waldems-Esch","Pdolic","Oproxi"
"Taunus, Waldems-Esch","Ccruxx","Oproxi"
"Taunus, Waldems-Esch","Etoxon","Oproxi"
"Taunus, Hunoldstal","Llugen","Oproxi"
"Taunus, Hunoldstal","Ccruxx","Oproxi"
"Taunus, Hunoldstal","Etoxon","Oproxi"
"Taunus, Hunoldstal","Pdolic","Ovimin"
"Frankfurt, Riedwiese","Eacicu","Opedun"
"Frankfurt, Riedwiese","Pdolic","Opedun"
"Frankfurt, Riedwiese","Dstram","Opedun"
"Frankfurt, Riedwiese","Ccruxx","Opedun"
"Frankfurt, Riedwiese","Etoxon","Opedun"
"Frankfurt, Riedwiese","Pdolic","Obridg"
"Frankfurt, Riedwiese","Binter","Obridg"
"Frankfurt, Riedwiese","Ccruxx","Obridg"
"Frankfurt, Riedwiese","Etoxon","Obridg"
"Frankfurt, Riedwiese","Eacicu","Ovimin"
"Frankfurt, Riedwiese","Etorym","Ovimin"
"Frankfurt, Riedwiese","Pdolic","Ovimin"
"Frankfurt, Riedwiese","Binter","Ovimin"
"Frankfurt, Riedwiese","Ccruxx","Ovimin"
"Frankfurt, Riedwiese","Etoxon","Ovimin"
"Kühkopf, Mordhecke I","Eacicu","Obella"
"Kühkopf, Mordhecke I","Pdolic","Obella"
"Kühkopf, Mordhecke I","Bdisco","Obella"
"Kühkopf, Mordhecke I","Binter","Obella"
"Kühkopf, Mordhecke I","Ilappo","Obella"
"Kühkopf, Mordhecke I","Ccruxx","Obella"
"Kühkopf, Mordhecke III","Pdolic","Oproxi"
"Kühkopf, Mordhecke III","Bdisco","Oproxi"
"Kühkopf, Mordhecke III","Llugen","Oproxi"
"Kühkopf, Mordhecke III","Ccruxx","Oproxi"
"Kühkopf, Mordhecke III","Etoxon","Oproxi"
"Ötztal, Sölden/ Rechenau","Etorym","Obridg"
"Ötztal, Sölden/ Rechenau","Olesic","Obridg"
"Ötztal, Sölden/ Rechenau","Hruber","Obridg"
"Ötztal, Vent/ Gample","Hruber","Ohasta"
"Ötztal, Vent/ Gample","Pdolic","Onigri"
"Ötztal, Vent/ Gample","Pdolic","Obridg"
"Kühkopf, Mordhecke I","Aalvea","Ovesic"
"Kühkopf, Mordhecke I","Ealbit","Ovesic"
"Kühkopf, Mordhecke I","Etorym","Ovesic"
"Kühkopf, Mordhecke I","Eurozo","Ovesic"
"Kühkopf, Mordhecke I","Chalci","Ovesic"
"Kühkopf, Mordhecke I","Ealbit","Ovimin"
"Kühkopf, Mordhecke I","Eurozo","Ovimin"
"Kühkopf, Mordhecke I","Chalci","Ovimin"
"Kühkopf, Mordhecke I","Binter","Ovimin"
"Kühkopf, Mordhecke III","Ealbit","Oproxi"
"Kühkopf, Mordhecke III","Eurozo","Oproxi"
"Kühkopf, Mordhecke III","Bracin","Oproxi"
"Zillertal, Hintertux/ Weitental","Eacicu","Ovaria"
"Zillertal, Hintertux/ Weitental","Chalci","Ovaria"
"Zillertal, Hintertux/ Weitental","Svesic","Ovaria"
"Zillertal, Hintertux/ Weitental","Cvitta","Onigri"
"Zillertal, Hintertux/ Weitental","Pdolic","Onigri"
"Zillertal, Hintertux/ Weitental","Binter","Onigri"
"Zillertal, Hintertux/ Weitental","Svesic","Onigri"
"Zillertal, Hintertux/ Weitental","Lalpio","Ovesic"
"Zillertal, Hintertux/ Weitental","Pdolic","Oobscu"
"Zillertal, Hintertux/ Weitental","Chalci","Oobscu"
"Zillertal, Hintertux/ Weitental","Broman","Oobscu"
"Zillertal, Hintertux/ Weitental","Bracin","Oobscu"
"Zillertal, Hintertux/ Weitental","Pdolic","Ovaria"
"Zillertal, Hintertux/ Weitental","Chalci","Obridg"
"Zillertal, Hintertux/ Weitental","Bracin","Obridg"
"Zillertal, Stumm/ Märzengrund","Slappo","Obridg"
"Olperer","Etorym","Oretus"
"Olperer","Pdolic","Oretus"
"Olperer","Pponta","Oretus"
"Olperer","Chalci","Oretus"
"Griesheim bei Darmstadt","Ealbit","Ovimin"
"Griesheim bei Darmstadt","Eurozo","Ovimin"
"Kühkopf, Mordhecke III","Etorym","Ovimin"
"Kühkopf, Mordhecke III","Pdolic","Ovimin"
"Kühkopf, Mordhecke III","Ccruxx","Ovimin"
"Kühkopf, Mordhecke I","Aalvea","Ovimin"
"Kühkopf, Mordhecke I","Svesic","Ovimin"
"Kühkopf, Mordhecke I","Broman","Oproxi"
"Kühkopf, Mordhecke I","Bracin","Oproxi"
"Kühkopf, Mordhecke I","Llugen","Oproxi"
"Kühkopf, Mordhecke I","Svesic","Oproxi"
"Kühkopf, Mordhecke I","Ccruxx","Oproxi"
"Kühkopf, Mordhecke I","Bracin","Ovesic"
"Kühkopf, Mordhecke I","Bdisco","Oproxi"
"Kühkopf, Mordhecke I","Pclavi","Oproxi"
"Zillertal, Hintertux/ Weitental","Chalci","Ofoeti"
"Zillertal, Hintertux/ Weitental","Broman","Ofoeti"
"Zillertal, Hintertux/ Weitental","Broman","Ovaria"
"Zillertal, Hintertux/ Weitental","Pponta","Oretus"
"Zillertal, Hintertux/ Weitental","Chalci","Oretus"
"Zillertal, Hintertux/ Weitental","Broman","Oretus"
"Zillertal, Hintertux/ Weitental","Ichnin","Oretus"
"Zillertal, Hintertux/ Weitental","Ichnin","Ovesic"
"Zillertal, Hintertux/ Weitental","Etorym","Ovimin"
"Zillertal, Hintertux/ Weitental","Lalpio","Ovimin"
"Ötztal, Vent/ Gample","Broman","Ohasta"
"Ötztal, Vent/ Gample","Svesic","Ohasta"
"Ötztal, Vent/ Gample","Chalci","Omacul"
"Zillertal, Hintertux/ Weitental","Pdolic","Ofoeti"
"Zillertal, Hintertux/ Weitental","Svesic","Ofoeti"
"Zillertal, Hintertux/ Weitental","Ichnin","Ofoeti"
"Zillertal, Hintertux/ Weitental","Chalci","Omonti"
"Zillertal, Hintertux/ Weitental","Broman","Omonti"
"Zillertal, Hintertux/ Weitental","Svesic","Omonti"
"Zillertal, Hintertux/ Weitental","Bracin","Omonti"
"Zillertal, Hintertux/ Weitental","Tspone","Oobscu"
"Taunus, Hunoldstal","Eacicu","Ovimin"
"Taunus, Hunoldstal","Etorym","Ovimin"
"Taunus, Hunoldstal","Chalci","Ovimin"
"Taunus, Hunoldstal","Broman","Ovimin"
"Taunus, Hunoldstal","Svesic","Ovimin"
"Taunus, Hunoldstal","Ccruxx","Ovimin"
"Taunus, Hunoldstal","Pnemat","Oproxi"
"Taunus, Hunoldstal","Chalci","Oproxi"
"Taunus, Hunoldstal","Bdisco","Oproxi"
"Taunus, Hunoldstal","Svesic","Oproxi"
"Taunus, Waldems-Reichenbach","Pnemat","Oproxi"
"Taunus, Waldems-Reichenbach","Chalci","Oproxi"
"Taunus, Waldems-Reichenbach","Llugen","Oproxi"
"Taunus, Waldems-Reichenbach","Svesic","Oproxi"
"Taunus, Waldems-Esch","Pnemat","Oproxi"
"Taunus, Waldems-Esch","Chalci","Oproxi"
"Taunus, Waldems-Esch","Llugen","Oproxi"
"Taunus, Waldems-Esch","Svesic","Oproxi"
"Kühkopf, Mordhecke I","Tspfiv","Obridg"
"Kühkopf, Mordhecke I","Chalci","Obridg"
"Kühkopf, Mordhecke I","Bdisco","Obridg"
"Kühkopf, Mordhecke I","Llugen","Obridg"
"Kühkopf, Mordhecke I","Pnemat","Oproxi"
"Kühkopf, Mordhecke I","Eurozo","Oproxi"
"Griesheim bei Darmstadt","Themip","Oviril"
"Griesheim bei Darmstadt","Eacicu","Opedun"
"Griesheim bei Darmstadt","Chalci","Opedun"
"Griesheim bei Darmstadt","Aminim","Opedun"
"Griesheim bei Darmstadt","Ccruxx","Opedun"
"Frankfurt, Riedwiese","Llugen","Obridg"
"Griesheim bei Darmstadt","Llugen","Obridg"
"Griesheim bei Darmstadt","Etoxon","Obridg"
"Griesheim bei Darmstadt","Pdolic","Opedun"
"Taunus, Usingen","Pnemat","Oproxi"
"Taunus, Usingen","Eacicu","Oproxi"
"Taunus, Usingen","Pdolic","Oproxi"
"Taunus, Usingen","Chalci","Oproxi"
"Taunus, Usingen","Llugen","Oproxi"
"Taunus, Usingen","Svesic","Oproxi"
"Taunus, Usingen","Ccruxx","Oproxi"
"Taunus, Usingen","Etoxon","Oproxi"
"Taunus, Usingen","Ccruxx","Ogalla"
"Ötztal, Vent/ Gample","Svesic","Ohelve"
"Ötztal, Vent/ Gample","Hruber","Ohelve"
"Zillertal, Hintertux/ Weitental","Hruber","Onigri"
"Zillertal, Lanersbach/ Geiselalm","Pdolic","Onigri"
"Zillertal, Lanersbach/ Geiselalm","Anigro","Onigri"
"Zillertal, Lanersbach/ Geiselalm","Svesic","Onigri"
"Zillertal, Lanersbach/ Geiselalm","Hruber","Onigri"
"Zillertal, Lanersbach","Pdolic","Onigri"
"Zillertal, Lanersbach","Svesic","Onigri"
"Zillertal, Lanersbach","Hruber","Onigri"
"Zillertal, Lanersbach","Etorym","Oadaph"
"Zillertal, Lanersbach","Hruber","Oadaph"
"Zillertal, Lanersbach","Eacicu","Ovaria"
"Zillertal, Lanersbach","Pcynip","Ovaria"
"Zillertal, Lanersbach","Pdolic","Ovaria"
"Zillertal, Lanersbach","Chalci","Ovaria"
"Zillertal, Lanersbach","Hruber","Ovaria"
"Ötztal, Obergurgl/ Gaisbergf.","Pdolic","Oretic"
"Ötztal, Obergurgl/ Gaisbergf.","Pponta","Oretic"
"Ötztal, Obergurgl/ Gaisbergf.","Chalci","Oretic"
"Ötztal, Obergurgl/ Gaisbergf.","Bkopel","Oretic"
"Ötztal, Obergurgl/ Gaisbergf.","Broman","Oretic"
"Ötztal, Vent/ Am Spiegel","Chalci","Omacul"
"Ötztal, Vent/ Am Spiegel","Broman","Omacul"
"Ötztal, Vent/ Am Spiegel","Hruber","Omacul"
"Ötztal, Vent/ Gample","Svesic","Onival"
"Ötztal, Vent/ Gample","Hruber","Onival"
"Ötztal, Vent/ Gample","Etorym","Ohasta"
"Ötztal, Vent/ Gample","Chalci","Ohasta"
"Ötztal, Obergurgl","Eacicu","Ohasta"
"Ötztal, Obergurgl","Pdolic","Ohasta"
"Ötztal, Obergurgl","Chalci","Ohasta"
"Ötztal, Obergurgl","Bracin","Ohasta"
"Ötztal, Obergurgl","Hruber","Ohasta"
"Ötztal, Obergurgl","Eacicu","Ovaria"
"Ötztal, Obergurgl","Chalci","Ovaria"
"Ötztal, Obergurgl","Broman","Ovaria"
"Ötztal, Obergurgl","Svesic","Ovaria"
"Zillertal, Hintertux/ Weitental","Eacicu","Ovesic"
"Zillertal, Hintertux/ Weitental","Etorym","Ovesic"
"Zillertal, Hintertux/ Weitental","Chalci","Ovesic"
"Zillertal, Hintertux/ Weitental","Bdisco","Ovesic"
"Zillertal, Hintertux/ Weitental","Svesic","Ovesic"
"Zillertal, Hintertux/ Weitental","Hruber","Ovesic"
"Zillertal, Hintertux/ Weitental","Bdisco","Ofoeti"
"Zillertal, Hintertux/ Weitental","Eacicu","Ovimin"
"Zillertal, Hintertux/ Weitental","Chalci","Ovimin"
"Zillertal, Hintertux/ Weitental","Bracin","Ovimin"
"Zillertal, Hintertux/ Weitental","Ppecti","Oobscu"
"Zillertal, Hintertux/ Weitental","Etorym","Oobscu"
"Zillertal, Hintertux/ Weitental","Cflavi","Oobscu"
"Zillertal, Hintertux/ Weitental","Svesic","Oobscu"
"Zillertal, Hintertux/ Weitental","Etorym","Ofoeti"
"Zillertal, Hintertux/ Weitental","Bracin","Ofoeti"
"Zillertal, Hintertux/ Weitental","Hruber","Ofoeti"
"Zillertal, Hintertux/ Weitental","Etorym","Ovaria"
"Zillertal, Hintertux/ Weitental","Pcynip","Ovaria"
"Zillertal, Hintertux/ Weitental","Pdolic","Oretus"
"Zillertal, Hintertux/ Weitental","Bracin","Oretus"
"Griesheim bei Darmstadt","Svesic","Ovimin"
"Griesheim bei Darmstadt","Ealbit","Obridg"
"Griesheim bei Darmstadt","Psauli","Obridg"
"Griesheim bei Darmstadt","Pnemat","Obridg"
"Griesheim bei Darmstadt","Chalci","Obridg"
"Griesheim bei Darmstadt","Bbrevi","Obridg"
"Griesheim bei Darmstadt","Bdisco","Obridg"
"Griesheim bei Darmstadt","Svesic","Obridg"
"Taunus, Hunoldstal","Bbrevi","Oproxi"
"Taunus, Waldems-Esch","Bdisco","Oproxi"
"Schwarzwald, Schluchsee","Eacicu","Ovaria"
"Schwarzwald, Schluchsee","Etorym","Ovaria"
"Schwarzwald, Schluchsee","Bdisco","Ovaria"
"Schwarzwald, Schluchsee","Svesic","Ovaria"
"Obergoms, Obergesteln","Anigro","Oviril"
"Frankfurt, Riedwiese","Chalci","Opedun"
"Frankfurt, Riedwiese","Csalic","Opedun"
"Taunus, Usingen","Eacicu","Ogalla"
"Taunus, Usingen","Pnemat","Obridg"
"Taunus, Usingen","Pdolic","Obridg"
"Taunus, Usingen","Svesic","Obridg"
"Taunus, Usingen","Ccruxx","Obridg"
"Taunus, Usingen","Etoxon","Obridg"
"Vogelsberg, Hoherodskopf","Pdolic","Obridg"
"Vogelsberg, Hoherodskopf","Ccruxx","Obridg"
"Vogelsberg, Hoherodskopf","Etoxon","Obridg"
"Griesheim bei Darmstadt","Tspfou","Hangli"
"Obergoms, Reckingen","Eacicu","Ovesic"
"Obergoms, Reckingen","Etorym","Ovesic"
"Obergoms, Reckingen","Pcynip","Ovesic"
"Obergoms, Reckingen","Pdolic","Ovesic"
"Obergoms, Reckingen","Chalci","Ovesic"
"Obergoms, Reckingen","Svesic","Ovesic"
"Obergoms, Reckingen","Ccruxx","Ovesic"
"Obergoms, Reckingen","Eacicu","Ovimin"
"Obergoms, Reckingen","Etorym","Ovimin"
"Obergoms, Reckingen","Pdolic","Ovimin"
"Obergoms, Reckingen","Bracin","Ovimin"
"Obergoms, Reckingen","Ccruxx","Ovimin"
"Obergoms, Reckingen","Eacicu","Oadaph"
"Obergoms, Reckingen","Etorym","Oadaph"
"Obergoms, Reckingen","Chalci","Oadaph"
"Obergoms, Reckingen","Anigro","Oadaph"
"Obergoms, Reckingen","Svesic","Oadaph"
"Obergoms, Reckingen","Ccruxx","Oadaph"
"Obergoms, Reckingen","Hruber","Oadaph"
"Obergoms, Reckingen","Etorym","Ohasta"
"Obergoms, Reckingen","Pdolic","Ohasta"
"Obergoms, Reckingen","Chalci","Ohasta"
"Obergoms, Reckingen","Hruber","Ohasta"
"Obergoms, Obergesteln","Etorym","Oadaph"
"Obergoms, Obergesteln","Pdolic","Oadaph"
"Obergoms, Obergesteln","Chalci","Oadaph"
"Obergoms, Obergesteln","Svesic","Oadaph"
"Obergoms, Obergesteln","Ccruxx","Oadaph"
"Obergoms, Gletsch","Pdolic","Ohelve"
"Obergoms, Gletsch","Salcal","Ohelve"
"Obergoms, Gletsch","Bracin","Ohelve"
"Obergoms, Gletsch","Anigro","Ohelve"
"Obergoms, Gletsch","Chalci","Ohelve"
"Obergoms, Gletsch","Etorym","Omacul"
"Obergoms, Gletsch","Chalci","Omacul"
"Obergoms, Gletsch","Svesic","Omacul"
"Obergoms, Gletsch","Hruber","Omacul"
"Arolla","Chalci","Ovimin"
"Leukerbad","Eacicu","Okriec"
"Leukerbad","Etorym","Okriec"
"Leukerbad","Chalci","Okriec"
"Les Hauderes","Eacicu","Ovaria"
"Les Hauderes","Chalci","Ovaria"
"Arolla","Pdolic","Ovaria"
"Arolla","Chalci","Ovaria"
"Arolla","Hruber","Ovaria"
"Saastal, Mattmark","Chalci","Omacul"
"Saastal, Mattmark","Hruber","Omacul"
"Saastal, Mattmark","Mymari","Ohasta"
"Saastal, Mattmark","Chalci","Ohasta"
"Saastal, Mattmark","Hruber","Ohasta"
"Saastal, Mattmark","Chalci","Ovaria"
"Saastal, Mattmark","Chalci","Obrevi"
"Saastal, Mattmark","Broman","Obrevi"
"Saastal, Mattmark","Spygid","Obrevi"
"Saastal, Mattmark","Chalci","Oviril"
"Saastal, Mattmark","Svesic","Oviril"
"Saastal, Mattmark","Themip","Oviril"
"Saastal, Mattmark","Chalci","Ovimin"
"Hospental","Eacicu","Oadaph"
"Hospental","Etorym","Oadaph"
"Hospental","Chalci","Oadaph"
"Hospental","Svesic","Oadaph"
"Hospental","Hruber","Oadaph"
"Nufenenpaß, Paßhöhe I","Pponta","Oretus"
"Nufenenpaß, Paßhöhe I","Chalci","Oretus"
"Nufenenpaß, Paßhöhe I","Broman","Oretus"
"Nufenenpaß, Paßhöhe I","Bracin","Oretus"
"Nufenenpaß, Paßhöhe I","Anigro","Oretus"
"Hospental","Eacicu","Ohasta"
"Hospental","Chalci","Ohasta"
"Hospental","Svesic","Ohasta"
"Hospental","Hruber","Ohasta"
"Nufenenpaß, Paßhöhe I","Etorym","Omacul"
"Nufenenpaß, Paßhöhe I","Chalci","Omacul"
"Hospental","Etorym","Ohasta"
"Hospental","Pcynip","Ohasta"
"Hospental","Eacicu","Ovimin"
"Hospental","Etorym","Ovimin"
"Hospental","Chalci","Ovimin"
"Binntal nr. Fiesch","Etorym","Ofoeti"
"Binntal nr. Fiesch","Chalci","Ofoeti"
"Binntal nr. Fiesch","Anigro","Ofoeti"
"Binntal nr. Fiesch","Llugen","Ofoeti"
"Binntal nr. Fiesch","Hruber","Ofoeti"
"Binntal nr. Fiesch","Eacicu","Ovaria"
"Binntal nr. Fiesch","Etorym","Ovaria"
"Binntal nr. Fiesch","Pdolic","Ovaria"
"Binntal nr. Fiesch","Chalci","Ovaria"
"Binntal nr. Fiesch","Ccruxx","Ovaria"
"Binntal nr. Fiesch","Hruber","Ovaria"
"Binntal nr. Fiesch","Eacicu","Ofoeti"
"Binntal nr. Fiesch","Pdolic","Ofoeti"
"Binntal nr. Fiesch","Svesic","Ofoeti"
"Binntal nr. Fiesch","Chalci","Oobscu"
"Binntal nr. Fiesch","Broman","Oobscu"
"Binntal nr. Fiesch","Cflavi","Oobscu"
"Binntal nr. Fiesch","Anigro","Oobscu"
"Binntal nr. Fiesch","Llugen","Oobscu"
"Binntal nr. Fiesch","Svesic","Oobscu"
"Binntal nr. Fiesch","Hruber","Oobscu"
"Binntal nr. Fiesch","Chalci","Omacul"
"Binntal nr. Fiesch","Bracin","Omacul"
"Obergoms, Gletsch","Chalci","Onival"
"Obergoms, Gletsch","Hruber","Onival"
"Saastal, Mattmark","Eacicu","Ovaria"
"Saastal, Mattmark","Pdolic","Ovaria"
"Saastal, Mattmark","Svesic","Ovaria"
"Saastal, Mattmark","Eacicu","Ohasta"
"Saastal, Mattmark","Broman","Ohasta"
"Saastal, Mattmark","Spygid","Ohasta"
"Saastal, Mattmark","Svesic","Ohasta"
"Grimselpaß, Räterichsbodensee","Etorym","Onival"
"Grimselpaß, Grimselsee","Peuura","Egemmh"
"Grimselpaß, Grimselsee","Geliss","Egemmh"
"Sustenpaß","Pponta","Oretus"
"Sustenpaß","Chalci","Oretus"
"Zillertal, Lanersbach","Eacicu","Oadaph"
"Zillertal, Lanersbach","Chalci","Oadaph"
"Zillertal, Lanersbach","Bracin","Oadaph"
"Zillertal, Lanersbach","Bracin","Ovaria"
"Zillertal, Lanersbach","Anigro","Ovaria"
"Nymindegab","Etorym","Ocolla"
"Nymindegab","Svesic","Ocolla"
"Nymindegab","Aminim","Ocolla"
"Brandbu","Chalci","Onigri"
"Brandbu","Epygma","Onigri"
"Brandbu","Svesic","Onigri"
"Dovrefjell","Eacicu","Odolic"
"Dovrefjell","Chalci","Odolic"
"Dovrefjell","Svesic","Odolic"
"Dovrefjell","Chalci","Oarcti"
"Dovrefjell","Hruber","Oarcti"
"Stiklestad","Pdolic","Onigri"
"Stiklestad","Chalci","Onigri"
"Stiklestad","Svesic","Onigri"
"Stiklestad","Ccruxx","Onigri"
"Stiklestad","Eacicu","Ovaria"
"Stiklestad","Pcynip","Ovaria"
"Stiklestad","Pdolic","Ovaria"
"Stiklestad","Chalci","Ovaria"
"Stiklestad","Ccruxx","Ovaria"
"Stiklestad","Pdolic","Obridg"
"Stiklestad","Chalci","Obridg"
"Stiklestad","Llugen","Obridg"
"Stiklestad","Ichnin","Obridg"
"Stiklestad","Ccruxx","Obridg"
"Stiklestad","Hruber","Obridg"
"Steinkjer","Pdolic","Onigri"
"Steinkjer","Chalci","Onigri"
"Steinkjer","Svesic","Onigri"
"Steinkjer","Ichnin","Onigri"
"Steinkjer","Ccruxx","Onigri"
"Steinkjer","Hruber","Onigri"
"Steinkjer","Chalci","Obridg"
"Steinkjer","Ccruxx","Obridg"
"Steinkjer","Chalci","Ovaria"
"Steinkjer","Ccruxx","Ovaria"
"Steinkjer","Hruber","Ovaria"
"Steinkjer","Aalvea","Ovaria"
"Korgfjellet","Pdolic","Oglauc"
"Korgfjellet","Chalci","Oglauc"
"Korgfjellet","Broman","Oglauc"
"Korgfjellet","Claevi","Oglauc"
"Korgfjellet","Bracin","Oglauc"
"Korgfjellet","Svesic","Oglauc"
"Korgfjellet","Chalci","Onival"
"Korgfjellet","Chalci","Oglabr"
"Korgfjellet","Chalci","Oretic"
"Lofot, Laubstad","Bracin","Oglauc"
"Lofot, Laubstad","Svesic","Oglauc"
"Lofot, Laubstad","Chalci","Onival"
"Lofot, Laubstad","Acubic","Olappo"
"Lofot, Laubstad","Chalci","Olappo"
"Lofot, Laubstad","Svesic","Olappo"
"Karasjok","Cvitta","Onorve"
"Karasjok","Etorym","Onorve"
"Karasjok","Celong","Olappl"
"Karasjok","Pdolic","Olappl"
"S.-Varanger, Vaggatem","Chalci","Oarcti"
"S.-Varanger, Vaggatem","Hruber","Oarcti"
"S.-Varanger, Vaggatem","Celong","Ospset"
"S.-Varanger, Vaggatem","Pdolic","Ospset"
"S.-Varanger, Vaggatem","Chalci","Ospset"
"S.-Varanger, Vaggatem","Svesic","Ospset"
"S.-Varanger, Vaggatem","Hruber","Ospset"
"S.-Varanger, Vaggatem","Celong","Odolic"
"S.-Varanger, Vaggatem","Etorym","Ospset"
"S.-Varanger, Vaggatem","Eacicu","Onorve"
"S.-Varanger, Vaggatem","Etorym","Onorve"
"S.-Varanger, Vaggatem","Chalci","Onorve"
"S.-Varanger, Vaggatem","Hruber","Onorve"
"S.-Varanger, Vaggatem","Eacicu","Onival"
"S.-Varanger, Vaggatem","Etorym","Onival"
"S.-Varanger, Vaggatem","Chalci","Onival"
"S.-Varanger, Vaggatem","Hruber","Onival"
"Kirkenes","Eacicu","Oarcti"
"Kirkenes","Chalci","Oarcti"
"Kirkenes","Eacicu","Onival"
"Kirkenes","Etorym","Onival"
"S.-Varanger, Vaggatem","Cvitta","Oarcti"
"S.-Varanger, Vaggatem","Eacicu","Oarcti"
"S.-Varanger, Vaggatem","Etorym","Oarcti"
"S.-Varanger, Vaggatem","Pdolic","Oarcti"
"S.-Varanger, Vaggatem","Eacicu","Osamol"
"S.-Varanger, Vaggatem","Etorym","Osamol"
"S.-Varanger, Vaggatem","Chalci","Osamol"
"S.-Varanger, Vaggatem","Hruber","Osamol"
"S.-Varanger, Vaggatem","Etorym","Omyrti"
"S.-Varanger, Vaggatem","Chalci","Omyrti"
"S.-Varanger, Vaggatem","Pdolic","Emyrti"
"S.-Varanger, Vaggatem","Svesic","Emyrti"
"S.-Varanger, Vaggatem","Sgranu","Onival"
"S.-Varanger, Vaggatem","Svesic","Onival"
"S.-Varanger, Vaggatem","Eacicu","Ovaria"
"S.-Varanger, Vaggatem","Etorym","Ovaria"
"S.-Varanger, Vaggatem","Chalci","Ovaria"
"S.-Varanger, Vaggatem","Hruber","Ovaria"
"S.-Varanger, Vaggatem","Pdolic","Osamol"
"S.-Varanger, Vaggatem","Eacicu","Oglabr"
"S.-Varanger, Vaggatem","Etorym","Oglabr"
"S.-Varanger, Vaggatem","Chalci","Oglabr"
"S.-Varanger, Vaggatem","Svesic","Oglabr"
"S.-Varanger, Vaggatem","Hruber","Oglabr"
"S.-Varanger, Vaggatem","Pdolic","Ovaria"
"S.-Varanger, Vaggatem","Eacicu","Omyrti"
"S.-Varanger, Vaggatem","Pdolic","Omyrti"
"Hauge, S.-Varanger","Chalci","Omyrsi"
"Hauge, S.-Varanger","Chalci","Ospeit"
"S.-Varanger, Nyrud","Eacicu","Ovaria"
"S.-Varanger, Nyrud","Etorym","Ovaria"
"S.-Varanger, Nyrud","Chalci","Ovaria"
"S.-Varanger, Nyrud","Hruber","Ovaria"
"S.-Varanger, Vaggatem","Pdolic","Elappo"
"S.-Varanger, Vaggatem","Pdolic","Elappc"
"S.-Varanger, Vaggatem","Chalci","Elappc"
"S.-Varanger, Vaggatem","Bracin","Omyrti"
"Kafjordbotn","Etorym","Onorve"
"Kafjordbotn","Chalci","Onorve"
"Kafjordbotn","Svesic","Onorve"
"Ramfjorden","Etorym","Onorve"
"Ramfjorden","Chalci","Onorve"
"Ramfjorden","Anigro","Onorve"
"Ramfjorden","Sgranu","Onorve"
"Ramfjorden","Svesic","Onorve"
"Polarkreis I","Bracin","Olappo"
"Polarkreis I","Acubic","Olappo"
"Polarkreis I","Anigro","Olappo"
"Polarkreis I","Chalci","Oherba"
"Polarkreis I","Acubic","Oherba"
"Korgfjellet","Chalci","Ohasta"
"Korgfjellet","Anigro","Ohasta"
"Korgfjellet","Sgranu","Ohasta"
"Frankfurt, Uni-Campus","Chalci","Oadaph"
"Leitenberg","Ealbit","Oproxi"
"Leitenberg","Pnemat","Oproxi"
"Leitenberg","Bbrevi","Oproxi"
"Leitenberg","Llugen","Oproxi"
"Leitenberg","Svesic","Oproxi"
"Leitenberg","Ccruxx","Oproxi"
"Herbertshausen","Chalci","Oproxi"
"Herbertshausen","Llugen","Oproxi"
"Herbertshausen","Ccruxx","Oproxi"
"Schwarzwald, Schluchsee","Enobbe","Emucro"
"Schwarzwald, Schluchsee","Pdolic","Emucro"
"Schwarzwald, Schluchsee","Chalci","Emucro"
"Schwarzwald, Schluchsee","Claevi","Emucro"
"Schwarzwald, Feldberg","Tsptwo","Okriec"
"Schwarzwald, Feldberg","Tspthr","Okriec"
"Schwarzwald, Feldberg","Eacicu","Okriec"
"Schwarzwald, Feldberg","Etorym","Okriec"
"Schwarzwald, Feldberg","Chalci","Okriec"
"Schwarzwald, Feldberg","Binter","Okriec"
"Schwarzwald, Feldberg","Bracin","Okriec"
"Schwarzwald, Feldberg","Svesic","Okriec"
"Schwarzwald, Schluchsee","Eacicu","Obella"
"Schwarzwald, Schluchsee","Etorym","Obella"
"Schwarzwald, Schluchsee","Bbrevi","Obella"
"Schwarzwald, Schluchsee","Binter","Obella"
"Schwarzwald, Schluchsee","Claevi","Obella"
"Schwarzwald, Schluchsee","Bracin","Obella"
"Schwarzwald, Schluchsee","Svesic","Obella"
"Schwarzwald, Feldberg","Etorym","Ogalla"
"Schwarzwald, Feldberg","Chalci","Ogalla"
"Schwarzwald, Feldberg","Bbrevi","Ogalla"
"Schwarzwald, Feldberg","Bracin","Ogalla"
"Schwarzwald, Feldberg","Svesic","Ogalla"
"Schwarzwald, Todtnau","Etorym","Ovimin"
"Schwarzwald, Todtnau","Chalci","Ovimin"
"Schwarzwald, Todtnau","Eacicu","Ovesic"
"Schwarzwald, Todtnau","Etorym","Ovesic"
"Schwarzwald, Todtnau","Binter","Ovesic"
"Schwarzwald, Todtnau","Svesic","Ovesic"
"Moorburg","Eacicu","Oadaph"
"Moorburg","Pcynip","Oadaph"
"Moorburg","Pdolic","Oadaph"
"Moorburg","Binter","Oadaph"
"Moorburg","Svesic","Oadaph"
"Lofot, Laubstad","Hruber","Olappo"
"Kirkenes, Flugplatz","Cvitta","Ohasta"
"S.-Varanger, Vaggatem","Etorym","Ohasta"
"Kühkopf, Mordhecke I","Pdolic","Oviril"
"Kühkopf, Mordhecke I","Svesic","Oviril"
"Kühkopf, Mordhecke I","Ccruxx","Oviril"
"Kühkopf, Mordhecke I","Etoxon","Ovesic"
"Kühkopf, Mordhecke I","Chalci","Opedun"
"Kühkopf, Mordhecke I","Ccruxx","Opedun"
"Kühkopf, Mordhecke I","Etoxon","Opedun"
"Limeshain, Rommelhausen","Eacicu","Opedun"
"Limeshain, Rommelhausen","Chalci","Opedun"
"Limeshain, Rommelhausen","Aminim","Opedun"
"Limeshain, Rommelhausen","Ccruxx","Opedun"
"Limeshain, Rommelhausen","Etoxon","Opedun"
"Griesheim bei Darmstadt","Etoxon","Opedun"
"Limeshain, Rommelhausen","Pdolic","Otrian"
"Limeshain, Rommelhausen","Chalci","Otrian"
"Limeshain, Rommelhausen","Ccruxx","Otrian"
"Vogelsberg, Hoherodskopf","Ccruxx","Opedun"
"Vogelsberg, Hoherodskopf","Etoxon","Opedun"
"Vogelsberg, Hoherodskopf","Llugen","Obridg"
"Taunus, Hunoldstal","Pdolic","Oproxi"
"Vogelsberg, Hoherodskopf","Chalci","Obridg"
"Vogelsberg, Hoherodskopf","Svesic","Obridg"
"Taunus, Usingen","Chalci","Obridg"
"Taunus, Usingen","Pdolic","Ogalla"
"Taunus, Usingen","Chalci","Ogalla"
"Vogelsberg, Hoherodskopf","Apusil","Hleuco"
"Kiel, Langsee","Eacicu","Opedun"
"Kiel, Langsee","Pdolic","Opedun"
"Kiel, Langsee","Ilappo","Opedun"
"Kiel, Langsee","Svesic","Opedun"
"Kiel, Langsee","Ccruxx","Opedun"
"Preetz, Postsee","Pdolic","Oadaph"
"Preetz, Postsee","Chalci","Oadaph"
"Preetz, Postsee","Bracin","Oadaph"
"Preetz, Postsee","Ccruxx","Oadaph"
"Kiel, Langsee","Pdolic","Obridg"
"Kiel, Langsee","Svesic","Obridg"
"Kiel, Langsee","Ccruxx","Obridg"
"Kiel, Langsee","Etoxon","Obridg"
"Preetz, Postsee","Eacicu","Opedun"
"Preetz, Postsee","Pdolic","Opedun"
"Preetz, Postsee","Chalci","Opedun"
"Preetz, Postsee","Bracin","Opedun"
"Preetz, Postsee","Ccruxx","Opedun"
"Howacht 1","Pdolic","Oproxi"
"Howacht 1","Ccruxx","Oproxi"
"Howacht 1","Etoxon","Oproxi"
"Howacht 3","Pdolic","Oproxi"
"Howacht 3","Chalci","Oproxi"
"Howacht 3","Bbrevi","Oproxi"
"Howacht 3","Llugen","Oproxi"
"Howacht 3","Svesic","Oproxi"
"Howacht 3","Ccruxx","Oproxi"
"Kiel, Dietrichsdorf","Eacicu","Ovimin"
"Kiel, Dietrichsdorf","Pdolic","Ovimin"
"Kiel, Dietrichsdorf","Ilappo","Ovimin"
"Kiel, Dietrichsdorf","Svesic","Ovimin"
"Kiel, Dietrichsdorf","Ccruxx","Ovimin"
"Kiel, Dietrichsdorf","Eacicu","Opedun"
"Kiel, Dietrichsdorf","Pdolic","Opedun"
"Kiel, Dietrichsdorf","Chalci","Opedun"
"Kiel, Dietrichsdorf","Ccruxx","Opedun"
"Kiel, Dietrichsdorf","Etoxon","Opedun"
"Kiel, Dietrichsdorf","Pdolic","Obridg"
"Kiel, Dietrichsdorf","Ccruxx","Obridg"
"Kiel, Dietrichsdorf","Etoxon","Obridg"
"Katinger Watt","Eacicu","Ovimin"
"Katinger Watt","Etorym","Ovimin"
"Katinger Watt","Pdolic","Ovimin"
"Katinger Watt","Ilappo","Ovimin"
"Katinger Watt","Svesic","Ovimin"
"Katinger Watt","Ccruxx","Ovimin"
"Katinger Watt","Pdolic","Oproxi"
"Katinger Watt","Llugen","Oproxi"
"Katinger Watt","Svesic","Oproxi"
"Katinger Watt","Ccruxx","Oproxi"
"Hennestrand","Eacicu","Ocolla"
"Hennestrand","Etorym","Ocolla"
"Hennestrand","Mvesic","Ocolla"
"Hennestrand","Pcynip","Ocolla"
"Hennestrand","Pdolic","Ocolla"
"Hennestrand","Chalci","Ocolla"
"Hennestrand","Aminim","Ocolla"
"Hennestrand","Ccruxx","Ocolla"
"Vejersstrand","Etorym","Ocolla"
"Vejersstrand","Mvesic","Ocolla"
"Vejersstrand","Pcynip","Ocolla"
"Vejersstrand","Pdolic","Ocolla"
"Vejersstrand","Chalci","Ocolla"
"Vejersstrand","Aminim","Ocolla"
"Vejersstrand","Ccruxx","Ocolla"
"Rogerfelde","Pdolic","Oproxi"
"Rogerfelde","Chalci","Oproxi"
"Rogerfelde","Llugen","Oproxi"
"Rogerfelde","Svesic","Oproxi"
"Rogerfelde","Ccruxx","Oproxi"
"Altenkrempe","Pdolic","Oproxi"
"Altenkrempe","Bbrevi","Oproxi"
"Altenkrempe","Llugen","Oproxi"
"Altenkrempe","Svesic","Oproxi"
"Altenkrempe","Ccruxx","Oproxi"
"Ritterhude","Chalci","Oadaph"
"Ritterhude","Ccruxx","Oadaph"
"Mellum","Pnemat","Oproxi"
"Mellum","Chalci","Oproxi"
"Mellum","Llugen","Oproxi"
"Mellum","Svesic","Oproxi"
"Mellum","Ccruxx","Oproxi"
"Stendorf","Pdolic","Oproxi"
"Stendorf","Chalci","Oproxi"
"Stendorf","Bbrevi","Oproxi"
"Stendorf","Svesic","Oproxi"
"Stendorf","Ccruxx","Oproxi"
"Norderney","Eacicu","Ocolla"
"Norderney","Etorym","Ocolla"
"Norderney","Pdolic","Ocolla"
"Norderney","Chalci","Ocolla"
"Norderney","Aminim","Ocolla"
"Norderney","Ccruxx","Ocolla"
"Norderney","Svesic","Ocolla"
"Norderney","Eacicu","Oadaph"
"Norderney","Pdolic","Oadaph"
"Norderney","Ilappo","Oadaph"
"Norderney","Aminim","Oadaph"
"Norderney","Ccruxx","Oadaph"
"Mellum","Pdolic","Oproxi"
"Borkum","Eheyer","Ocolla"
"Borkum","Pcynip","Ocolla"
"Borkum","Pdolic","Ocolla"
"Borkum","Chalci","Ocolla"
"Borkum","Svesic","Ocolla"
"Borkum","Aminim","Ocolla"
"Borkum","Ccruxx","Ocolla"
"Jechtingen","Eacicu","Oadaph"
"Jechtingen","Etorym","Oadaph"
"Jechtingen","Chalci","Oadaph"
"Jechtingen","Svesic","Oadaph"
"Jechtingen","Ccruxx","Oadaph"
"Mahndorf","Ealbit","Ocolla"
"Mahndorf","Eacicu","Ocolla"
"Mahndorf","Pdolic","Ocolla"
"Mahndorf","Chalci","Ocolla"
"Mahndorf","Svesic","Ocolla"
"Mahndorf","Ccruxx","Ocolla"
"Altenkrempe","Chalci","Oproxi"
"Kühkopf, Mordhecke I","Tspsix","Ovimin"
"Taunus, Waldems-Esch","Saotis","Oproxi"
"Griesheim bei Darmstadt","Pdolic","Oviril"
"Griesheim bei Darmstadt","Epygma","Oviril"
"Griesheim bei Darmstadt","Svesic","Oviril"
"Taunus, Waldems-Esch","Dstram","Oproxi"
"Gramai-Alm","Atymbe","Oelaea"
"Gramai-Alm","Cvitta","Oelaea"
"Gramai-Alm","Pdolic","Oelaea"
"Gramai-Alm","Chalci","Oelaea"
"Gramai-Alm","Svesic","Oelaea"
"Gramai-Alm","Ccruxx","Oelaea"
"Gramai-Alm","Hruber","Oelaea"
"Gramai-Alm","Eacicu","Okriec"
"Gramai-Alm","Etorym","Okriec"
"Gramai-Alm","Chalci","Okriec"
"Gramai-Alm","Eacicu","Oadaph"
"Gramai-Alm","Etorym","Oadaph"
"Gramai-Alm","Chalci","Oadaph"
"Falzthurn-Alm","Eacicu","Okriec"
"Falzthurn-Alm","Etorym","Okriec"
"Falzthurn-Alm","Chalci","Okriec"
"Falzthurn-Alm","Ccruxx","Okriec"
"Falzthurn-Alm","Pdolic","Oelaea"
"Falzthurn-Alm","Chalci","Oelaea"
"Falzthurn-Alm","Svesic","Oelaea"
"Falzthurn-Alm","Ccruxx","Oelaea"
"Falzthurn-Alm","Eacicu","Ovesic"
"Falzthurn-Alm","Etorym","Ovesic"
"Falzthurn-Alm","Pdolic","Ovesic"
"Falzthurn-Alm","Chalci","Ovesic"
"Falzthurn-Alm","Bepitr","Ovesic"
"Falzthurn-Alm","Hruber","Ovesic"
"Falzthurn-Alm","Eacicu","Ovimin"
"Falzthurn-Alm","Etorym","Ovimin"
"Falzthurn-Alm","Chalci","Ovimin"
"Falzthurn-Alm","Bepitr","Ovimin"
"Falzthurn-Alm","Etorym","Ovaria"
"Falzthurn-Alm","Chalci","Ovaria"
"Falzthurn-Alm","Svesic","Ovaria"
"Falzthurn-Alm","Ccruxx","Ovaria"
"Falzthurn-Alm","Eacicu","Oadaph"
"Falzthurn-Alm","Etorym","Oadaph"
"Falzthurn-Alm","Chalci","Oadaph"
"Falzthurn-Alm","Ccruxx","Oadaph"
"Gern-Alm","Eacicu","Ovaria"
"Gern-Alm","Etorym","Ovaria"
"Gern-Alm","Chalci","Ovaria"
"Gern-Alm","Ccruxx","Ovaria"
"Gern-Alm","Eacicu","Ovimin"
"Gern-Alm","Etorym","Ovimin"
"Gern-Alm","Chalci","Ovimin"
"Gern-Alm","Ccruxx","Ovimin"
"Gern-Alm","Hruber","Ovimin"
"Gern-Alm","Etorym","Ovesic"
"Gern-Alm","Chalci","Ovesic"
"Gern-Alm","Eacicu","Okriec"
"Gern-Alm","Etorym","Okriec"
"Gern-Alm","Pdolic","Okriec"
"Gern-Alm","Chalci","Okriec"
"Gern-Alm","Ccruxx","Okriec"
"Gern-Alm","Pdolic","Oelaea"
"Gern-Alm","Chalci","Oelaea"
"Gern-Alm","Svesic","Oelaea"
"Gern-Alm","Ccruxx","Oelaea"
"Gern-Alm","Hruber","Oelaea"
"Gern-Alm","Chalci","Obridg"
"Gern-Alm","Ccruxx","Obridg"
"Rofan Gebirge, Erfurter Hütte","Chalci","Oobscu"
"Zillertal, Hintertux/ Weitental","Hruber","Ovaria"
"Zillertal, Hintertux/ Weitental","Chalci","Onigri"
"Zillertal, Hintertux/ Weitental","Broman","Onigri"
"Ötztal, Vent/ Gample","Pdolic","Ohelve"
"Ötztal, Vent/ Gample","Chalci","Ohelve"
"Ötztal, Vent/ Gample","Chalci","Onival"
"Ötztal, Vent/ Gample","Eacicu","Ohasta"
"Saastal, Mattmark","Svesic","Obrevi"
"Saastal, Mattmark","Ichnin","Obrevi"
"Saastal, Mattmark","Hruber","Obrevi"
"Obergoms, Gletsch","Hruber","Oadaph"
"Obergoms, Gletsch","Pdolic","Omacul"
"Obergoms, Gletsch","Pterom","Omacul"
"Obergoms, Gletsch","Psoemi","Ohelve"
"Obergoms, Gletsch","Pponta","Ohelve"
"Obergoms, Gletsch","Svesic","Ohelve"
"Obergoms, Gletsch","Hruber","Ohelve"
"Obergoms, Gletsch","Hruber","Ovesic"
"Obergoms, Gletsch","Chalci","Oviril"
"Obergoms, Gletsch","Svesic","Oviril"
"Obergoms, Gletsch","Hruber","Oviril"
"Obergoms, Gletsch","Hruber","Ohasta"
"Obergoms, Gletsch","Chalci","Obridg"
"Obergoms, Gletsch","Llugen","Obridg"
"Obergoms, Gletsch","Hruber","Obridg"
"Obergoms, Reckingen","Eacicu","Ohasta"
"Obergoms, Reckingen","Svesic","Ohasta"
"Obergoms, Reckingen","Etoxon","Oadaph"
"Vogelsberg, Hoherodskopf","Chalci","Opedun"
"Gedern","Pdolic","Ogalla"
"Gedern","Ccruxx","Ogalla"
"Ketsch","Pdolic","Oproxi"
"Ketsch","Chalci","Oproxi"
"Ketsch","Svesic","Oproxi"
"Ketsch","Ccruxx","Oproxi"
"Ketsch","Eacicu","Ovimin"
"Ketsch","Etorym","Ovimin"
"Ketsch","Chalci","Ovimin"
"Torun","Pdolic","Otrian"
"Torun","Svesic","Otrian"
"Torun","Ccruxx","Otrian"
"Narewa","Svesic","Oproxi"
"Torun","Eacicu","Ovimin"
"Torun","Chalci","Ovimin"
"Torun","Svesic","Ovimin"
"Torun","Ccruxx","Ovimin"
"Tretten, Nordbu nr. Ringebu","Pdolic","Oarcti"
"Tretten, Nordbu nr. Ringebu","Chalci","Oarcti"
"Peer Gynt veien I","Chalci","Oglabr"
"Peer Gynt veien I","Epygma","Oglabr"
"Peer Gynt veien I","Eacicu","Onival"
"Peer Gynt veien I","Chalci","Onival"
"Peer Gynt veien I","Epygma","Onival"
"Peer Gynt veien I","Eacicu","Ohasta"
"Peer Gynt veien I","Chalci","Ohasta"
"Peer Gynt veien I","Lflexi","Ohasta"
"Peer Gynt veien II","Pdolic","Olappo"
"Peer Gynt veien II","Pponta","Olappo"
"Peer Gynt veien II","Ilappo","Olappo"
"Peer Gynt veien II","Epygma","Olappo"
"Peer Gynt veien II","Hruber","Olappo"
"Tretten, Nordbu nr. Ringebu","Epygma","Oarcti"
"Tretten, Nordbu nr. Ringebu","Hruber","Oarcti"
"Tretten, Nordbu nr. Ringebu","Pdolic","Onival"
"Tretten, Nordbu nr. Ringebu","Pponta","Onival"
"Tretten, Nordbu nr. Ringebu","Chalci","Onival"
"Tretten, Nordbu nr. Ringebu","Epygma","Onival"
"Tretten, Nordbu nr. Ringebu","Pdolic","Olappo"
"Tretten, Nordbu nr. Ringebu","Pponta","Olappo"
"Tretten, Nordbu nr. Ringebu","Chalci","Olappo"
"Tretten, Nordbu nr. Ringebu","Ilappo","Olappo"
"Tretten, Nordbu nr. Ringebu","Acubic","Olappo"
"Tretten, Nordbu nr. Ringebu","Celong","Olappl"
"Tretten, Nordbu nr. Ringebu","Chalci","Olappl"
"Peer Gynt veien II","Pponta","Onival"
"Peer Gynt veien II","Chalci","Onival"
"Peer Gynt veien II","Epygma","Onival"
"Peer Gynt veien II","Celong","Oglauc"
"Peer Gynt veien II","Pponta","Oglauc"
"Peer Gynt veien II","Chalci","Oglauc"
"Skoganvatnet","Eacicu","Opustu"
"Skoganvatnet","Pdolic","Opustu"
"Skoganvatnet","Chalci","Opustu"
"Skoganvatnet","Acubic","Opustu"
"Skoganvatnet","Svesic","Opustu"
"Skoganvatnet","Ichnin","Opustu"
"Skoganvatnet","Ccruxx","Opustu"
"Skoganvatnet","Hruber","Opustu"
"Skoganvatnet","Eacicu","Ovaria"
"Skoganvatnet","Chalci","Ovaria"
"Skoganvatnet","Ilappo","Ovaria"
"Skoganvatnet","Lflexi","Ovaria"
"Skoganvatnet","Hruber","Ovaria"
"Korgfjellet","Pdolic","Oretic"
"Korgfjellet","Broman","Oretic"
"Korgfjellet","Eacicu","Ohasta"
"Korgfjellet","Broman","Ohasta"
"Korgfjellet","Epygma","Ohasta"
"Korgfjellet","Eacicu","Oglabr"
"Korgfjellet","Pponta","Oglabr"
"Korgfjellet","Lflexi","Oglabr"
"Korgfjellet","Etorym","Olappo"
"Korgfjellet","Pdolic","Olappo"
"Korgfjellet","Pponta","Olappo"
"Korgfjellet","Chalci","Olappo"
"Korgfjellet","Ilappo","Olappo"
"Korgfjellet","Bracin","Olappo"
"Korgfjellet","Acubic","Olappo"
"Korgfjellet","Epygma","Olappo"
"Korgfjellet","Eacicu","Onival"
"Korgfjellet","Pponta","Onival"
"Korgfjellet","Broman","Onival"
"Korgfjellet","Ilappo","Onival"
"Korgfjellet","Epygma","Onival"
"Korgfjellet","Pponta","Oglauc"
"Polarkreis I","Eacicu","Oherba"
"Polarkreis I","Pdolic","Oherba"
"Polarkreis I","Pponta","Oherba"
"Polarkreis I","Broman","Oherba"
"Bardu","Eacicu","Oarcti"
"Bardu","Pdolic","Oarcti"
"Bardu","Pponta","Oarcti"
"Bardu","Chalci","Oarcti"
"Bardu","Epygma","Oarcti"
"Bardu","Ccruxx","Oarcti"
"Lofot, Sandsletta","Chalci","Ogalla"
"Lofot, Sandsletta","Hruber","Ogalla"
"Lofot, Sandsletta","Eacicu","Onival"
"Lofot, Sandsletta","Chalci","Onival"
"Lofot, Sandsletta","Epygma","Onival"
"Ramfjorden","Pdolic","Olappo"
"Ramfjorden","Chalci","Olappo"
"Ramfjorden","Epygma","Olappo"
"Ramfjorden","Svesic","Olappo"
"Ramfjorden","Celong","Olappl"
"Ramfjorden","Pdolic","Olappl"
"Ramfjorden","Pponta","Olappl"
"Ramfjorden","Broman","Olappl"
"Ramfjorden","Etorym","Osamol"
"Ramfjorden","Chalci","Osamol"
"Kvaenangsbotn","Pponta","Ehasta"
"Kvaenangsbotn","Chalci","Ehasta"
"Kvaenangsbotn","Etorym","Ohasta"
"Kvaenangsbotn","Pdolic","Ohasta"
"Kvaenangsbotn","Pponta","Ohasta"
"Kvaenangsbotn","Chalci","Ohasta"
"Alta, Baeskades","Etorym","Oglabr"
"Alta, Baeskades","Pponta","Oglabr"
"Alta, Baeskades","Chalci","Oglabr"
"Alta, Baeskades","Broman","Oglabr"
"Alta, Baeskades","Ilappo","Oglabr"
"Alta, Baeskades","Epygma","Oglabr"
"Alta, Baeskades","Eacicu","Onival"
"Alta, Baeskades","Etorym","Onival"
"Alta, Baeskades","Pponta","Onival"
"Alta, Baeskades","Chalci","Onival"
"Alta, Baeskades","Broman","Onival"
"Alta, Baeskades","Bracin","Onival"
"Alta, Baeskades","Lflexi","Onival"
"Alta, Baeskades","Etorym","Osamol"
"Alta, Baeskades","Pponta","Osamol"
"Alta, Baeskades","Chalci","Osamol"
"Alta, Baeskades","Broman","Osamol"
"Alta, Baeskades","Ichnin","Osamol"
"Alta, Baeskades","Etorym","Oarcti"
"Alta, Baeskades","Chalci","Oarcti"
"Alta, Baeskades","Broman","Oarcti"
"Alta, Baeskades","Epygma","Oarcti"
"Kilpisjärvi","Eacicu","Oarcti"
"Kilpisjärvi","Pponta","Oarcti"
"Kilpisjärvi","Chalci","Oarcti"
"Kilpisjärvi","Ilappo","Oarcti"
"Kilpisjärvi","Lflexi","Oarcti"
"Alta, Baeskades","Pponta","Oherba"
"Alta, Baeskades","Chalci","Oherba"
"Alta, Baeskades","Broman","Oherba"
"Kilpisjärvi","Celong","Ohasta"
"Kilpisjärvi","Eacicu","Ohasta"
"Kilpisjärvi","Etorym","Ohasta"
"Kilpisjärvi","Pponta","Ohasta"
"Kilpisjärvi","Chalci","Ohasta"
"Kilpisjärvi","Etorym","Osamol"
"Kilpisjärvi","Pponta","Osamol"
"Kilpisjärvi","Chalci","Osamol"
"Kilpisjärvi","Broman","Osamol"
"Kilpisjärvi","Acubic","Osamol"
"Kilpisjärvi","Lflexi","Osamol"
"Kilpisjärvi","Chalci","Ehasta"
"Kilpisjärvi","Lforti","Ehasta"
"Kilpisjärvi","Chalci","Olappo"
"Kilpisjärvi","Acubic","Olappo"
"Kilpisjärvi","Chalci","Elappo"
"Narvik, Björnfjell","Pdolic","Oherba"
"Narvik, Björnfjell","Pponta","Oherba"
"Narvik, Björnfjell","Chalci","Oherba"
"Narvik, Björnfjell","Broman","Oherba"
"Narvik, Björnfjell","Slappo","Oherba"
"Torne Träsk, Abisko","Pdolic","Oretic"
"Torne Träsk, Abisko","Pponta","Oretic"
"Torne Träsk, Abisko","Chalci","Oretic"
"Torne Träsk, Abisko","Broman","Oretic"
"Torne Träsk, Abisko","Slappo","Oretic"
"Torne Träsk, Abisko","Lflexi","Oretic"
"Torne Träsk, Abisko","Pponta","Oherba"
"Torne Träsk, Abisko","Broman","Oherba"
"Torne Träsk, Abisko","Slappo","Oherba"
"Torne Träsk, Abisko","Ichnin","Oherba"
"Polarkreis I","Pponta","Elappo"
"Polarkreis I","Chalci","Elappo"
"Oppdal","Eacicu","Onorve"
"Oppdal","Etorym","Onorve"
"Oppdal","Pcynip","Onorve"
"Oppdal","Chalci","Onorve"
"Oppdal","Bracin","Onorve"
"Oppdal","Sgranu","Onorve"
"Korgfjellet","Eacicu","Omyrsi"
"Korgfjellet","Chalci","Omyrsi"
"Korgfjellet","Broman","Omyrsi"
"Korgfjellet","Chalci","Ospeit"
"Korgfjellet","Broman","Ospeit"
"Korgfjellet","Broman","Elappc"
"Dovrefjell","Lflexi","Omyrsi"
"Jotunheimen, Breiseterdalen","Pponta","Omyrsi"
"Jotunheimen, Breiseterdalen","Chalci","Omyrsi"
"Jotunheimen, Breiseterdalen","Broman","Omyrsi"
"Tyssedal, Ringedalsvatn","Etorym","Ogalla"
"Tyssedal, Ringedalsvatn","Pcynip","Ogalla"
"Tyssedal, Ringedalsvatn","Pponta","Ogalla"
"Tyssedal, Ringedalsvatn","Chalci","Ogalla"
"Tyssedal, Ringedalsvatn","Campop","Ogalla"
"Tyssedal, Ringedalsvatn","Svesic","Ogalla"
"Tyssedal, Ringedalsvatn","Hruber","Ogalla"
"Röldal","Eacicu","Oherba"
"Röldal","Broman","Oherba"
"Röldal","Acubic","Oherba"
"Griesheim bei Darmstadt","Eacicu","Ovesic"
"Gießen, Staufenberger Forst","Chalci","Obella"
"Gießen, Staufenberger Forst","Bepitr","Obella"
"Gießen, Staufenberger Forst","Broman","Obella"
"Kühkopf, Mordhecke I","Apusil","Hpruss"
"Griesheim bei Darmstadt","Ilappo","Ovimin"
"Griesheim bei Darmstadt","Chalci","Oviril"
"Griesheim bei Darmstadt","Ccruxx","Oviril"
"Kühkopf, Mordhecke III","Chalci","Ovimin"
"Kühkopf, Mordhecke III","Chalci","Oviril"
"Kühkopf, Mordhecke III","Ccruxx","Oviril"
"Kühkopf, Mordhecke III","Chalci","Oproxi"
"Kühkopf, Mordhecke III","Apante","Oproxi"
"Gramai-Alm","Epygma","Oelaea"
"Zillertal, Lanersbach","Chalci","Onigri"
"Vernagt-Stausee","Chalci","Ovesic"
"Vernagt-Stausee","Svesic","Ovesic"
"Planneralm I","Pnemat","Obridg"
"Planneralm I","Pdolic","Obridg"
"Planneralm I","Chalci","Obridg"
"Planneralm II","Eacicu","Ovaria"
"Planneralm II","Chalci","Ovaria"
"Planneralm II","Spygid","Ovaria"
"Planneralm II","Ccruxx","Ovaria"
"Planneralm II","Etoxon","Ovaria"
"Planneralm II","Hruber","Ovaria"
"Planneralm II","Chalci","Obridg"
"Tauplitzalm","Eacicu","Ovimin"
"Tauplitzalm","Chalci","Ovimin"
"Tauplitzalm","Chalci","Ofoeti"
"Tauplitzalm","Broman","Ofoeti"
"Tauplitzalm","Hruber","Ofoeti"
"Bad Aussee","Eacicu","Ovaria"
"Bad Aussee","Etorym","Ovaria"
"Bad Aussee","Pdolic","Ovaria"
"Bad Aussee","Chalci","Ovaria"
"Bad Aussee","Ilappo","Ovaria"
"Bad Aussee","Svesic","Ovaria"
"Bad Aussee","Aminim","Ovaria"
"Bad Aussee","Ccruxx","Ovaria"
"Bad Aussee","Etoxon","Ovaria"
"Tauplitzalm","Chalci","Okriec"
"Bad Aussee","Eacicu","Okriec"
"Bad Aussee","Etorym","Okriec"
"Bad Aussee","Chalci","Okriec"
"Bad Aussee","Ilappo","Okriec"
"Bad Aussee","Ccruxx","Okriec"
"Obertauern I","Chalci","Onigri"
"Obertauern I","Svesic","Onigri"
"Obertauern I","Hruber","Onigri"
"Obertauern I","Eacicu","Ovaria"
"Obertauern I","Chalci","Ovaria"
"Obertauern I","Hruber","Ovaria"
"Obertauern I","Chalci","Omonti"
"Obertauern I","Pdolic","Ofoeti"
"Obertauern I","Chalci","Ofoeti"
"Obertauern I","Broman","Ofoeti"
"Obertauern I","Slappo","Ofoeti"
"Obertauern I","Svesic","Ofoeti"
"Obertauern I","Chalci","Oobscu"
"Zillertal, Hintertux/ Weitental","Spygid","Ovaria"
"Zillertal, Lanersbach","Ilappo","Ovaria"
"Ötztal, Vent/ Gample","Slappo","Ohasta"
"Ötztal, Vent/ Gample","Eacicu","Onival"
"Ötztal, Vent/ Gample","Broman","Onival"
"Ötztal, Vent/ Gample","Eacicu","Ovaria"
"Ötztal, Vent/ Gample","Chalci","Ovaria"
"Ötztal, Vent/ Gample","Bracin","Ovaria"
"Ötztal, Vent/ Gample","Hruber","Ovaria"
"Ötztal, Obergurgl","Pdolic","Onival"
"Ötztal, Obergurgl","Chalci","Onival"
"Ötztal, Obergurgl","Broman","Onival"
"Ötztal, Obergurgl","Slappo","Onival"
"Ötztal, Obergurgl","Svesic","Onival"
"Ötztal, Obergurgl","Hruber","Onival"
"Ötztal, Vent/ Gample","Pdolic","Omacul"
"Ötztal, Vent/ Gample","Slappo","Omacul"
"Ötztal, Vent/ Gample","Svesic","Omacul"
"Ötztal, Obergurgl","Spygid","Ovaria"
"Ötztal, Timmelsjoch","Chalci","Omacul"
"Ötztal, Timmelsjoch","Broman","Omacul"
"Spytkowo","Pdolic","Ovaria"
"Spytkowo","Chalci","Ovaria"
"Spytkowo","Ccruxx","Ovaria"
"Kruklanki","Etorym","Ovimin"
"Kruklanki","Chalci","Ovimin"
"Kruklanki","Svesic","Ovimin"
"Kruklanki","Ccruxx","Ovimin"
"Tretten, Nordbu nr. Ringebu","Celong","Olappo"
"Tretten, Nordbu nr. Ringebu","Eacicu","Olappo"
"Tretten, Nordbu nr. Ringebu","Svesic","Olappo"
"Peer Gynt veien I","Celong","Olappo"
"Peer Gynt veien I","Eacicu","Olappo"
"Peer Gynt veien I","Pdolic","Olappo"
"Peer Gynt veien I","Pponta","Olappo"
"Peer Gynt veien I","Celong","Olappl"
"Peer Gynt veien I","Eacicu","Opustu"
"Tretten, Nordbu nr. Ringebu","Eacicu","Olappl"
"Tretten, Nordbu nr. Ringebu","Pponta","Olappl"
"Tretten, Nordbu nr. Ringebu","Coreop","Olappl"
"Tretten, Nordbu nr. Ringebu","Croman","Olappl"
"Skoganvatnet","Ccruxx","Ovaria"
"Lapphaugen bei Bardu","Celong","Ohasta"
"Lapphaugen bei Bardu","Eacicu","Ohasta"
"Lapphaugen bei Bardu","Etorym","Ohasta"
"Lapphaugen bei Bardu","Pdolic","Ohasta"
"Lapphaugen bei Bardu","Pponta","Ohasta"
"Lapphaugen bei Bardu","Chalci","Ohasta"
"Lapphaugen bei Bardu","Broman","Ohasta"
"Lapphaugen bei Bardu","Pponta","Oglabr"
"Lapphaugen bei Bardu","Lflexi","Oglabr"
"Lapphaugen bei Bardu","Etorym","Onival"
"Lapphaugen bei Bardu","Pponta","Onival"
"Lapphaugen bei Bardu","Chalci","Onival"
"Lapphaugen bei Bardu","Ilappo","Onival"
"Lapphaugen bei Bardu","Etorym","Ovaria"
"Lapphaugen bei Bardu","Chalci","Ovaria"
"Lapphaugen bei Bardu","Pdolic","Onigri"
"Folldal, Dahlholen","Celong","Odolic"
"Folldal, Dahlholen","Eacicu","Odolic"
"Folldal, Dahlholen","Chalci","Odolic"
"Folldal, Dahlholen","Hruber","Odolic"
"Alta, Baeskades","Pcynip","Oherba"
"Alta, Baeskades","Ilappo","Oarcti"
"Alta, Baeskades","Acubic","Oarcti"
"Alta, Baeskades","Svesic","Oarcti"
"Garguluobbal, Karasjok","Eacicu","Oarcti"
"Garguluobbal, Karasjok","Pdolic","Oarcti"
"Garguluobbal, Karasjok","Ilappo","Oarcti"
"Garguluobbal, Karasjok","Bracin","Oarcti"
"Garguluobbal, Karasjok","Acubic","Oarcti"
"Garguluobbal, Karasjok","Svesic","Oarcti"
"N.-Varanger, Tanabru","Eacicu","Oarcti"
"N.-Varanger, Tanabru","Pponta","Oarcti"
"N.-Varanger, Tanabru","Eacicu","Osamol"
"N.-Varanger, Tanabru","Pdolic","Osamol"
"N.-Varanger, Tanabru","Chalci","Osamol"
"N.-Varanger, Tanabru","Eacicu","Olappl"
"N.-Varanger, Tanabru","Eacicu","Olappo"
"N.-Varanger, Tanabru","Pdolic","Olappo"
"N.-Varanger, Tanabru","Svesic","Olappo"
"N.-Varanger, Sandfjord","Celong","Omyrsi"
"N.-Varanger, Sandfjord","Eacicu","Omyrsi"
"N.-Varanger, Sandfjord","Pdolic","Omyrsi"
"N.-Varanger, Sandfjord","Eacicu","Ovaria"
"N.-Varanger, Sandfjord","Chalci","Ovaria"
"N.-Varanger, Sandfjord","Ilappo","Ovaria"
"N.-Varanger, Sandfjord, Fjell","Eacicu","Oherba"
"N.-Varanger, Sandfjord, Fjell","Pponta","Oherba"
"N.-Varanger, Sandfjord, Fjell","Chalci","Oherba"
"N.-Varanger, Sandfjord, Fjell","Bkopel","Oherba"
"N.-Varanger, Sandfjord, Fjell","Broman","Oherba"
"N.-Varanger, Sandfjord","Eacicu","Onival"
"N.-Varanger, Sandfjord","Chalci","Onival"
"N.-Varanger, Sandfjord","Lflexi","Onival"
"Ifjordfjellet / Gilojokka","Eacicu","Oglabr"
"Ifjordfjellet / Gilojokka","Pdolic","Oglabr"
"Ifjordfjellet / Gilojokka","Pponta","Oglabr"
"Ifjordfjellet / Gilojokka","Chalci","Oglabr"
"Ifjordfjellet / Gilojokka","Broman","Oglabr"
"Ifjordfjellet / Gilojokka","Ilappo","Oglabr"
"Ifjordfjellet / Gilojokka","Svesic","Oglabr"
"Ifjordfjellet / Gilojokka","Eacicu","Ovaria"
"Ifjordfjellet / Gilojokka","Pdolic","Ovaria"
"Ifjordfjellet / Gilojokka","Chalci","Ovaria"
"Ifjordfjellet / Gilojokka","Ilappo","Ovaria"
"Ifjordfjellet / Gilojokka","Lflexi","Ovaria"
"Ifjordfjellet / Gilojokka","Eacicu","Oarcti"
"Ifjordfjellet / Gilojokka","Chalci","Oarcti"
"Ifjordfjellet / Gilojokka","Ilappo","Oarcti"
"Ifjordfjellet / Gilojokka","Broman","Odolic"
"Ifjordfjellet / Gilojokka","Epygma","Odolic"
"Ifjordfjellet / Gilojokka","Svesic","Odolic"
"Kilpisjärvi","Etorym","Oarcti"
"Kilpisjärvi","Acubic","Oarcti"
"Ifjordfjellet / Gilojokka","Chalci","Olappo"
"Ifjordfjellet / Gilojokka","Chalci","Osamol"
"Ifjordfjellet / Gilojokka","Svesic","Olappl"
"Kilpisjärvi","Svesic","Osamol"
"Kilpisjärvi","Celong","Odolic"
"Kilpisjärvi","Broman","Odolic"
"Torne Träsk, Abisko","Chalci","Oherba"
"Torne Träsk, Abisko","Bkopel","Oherba"
"Torne Träsk, Abisko","Pponta","Oglabr"
"Torne Träsk, Abisko","Chalci","Oglabr"
"Torne Träsk, Abisko","Broman","Oglabr"
"Polarkreis, Krokstrand","Chalci","Oglabr"
"Polarkreis, Krokstrand","Broman","Oglabr"
"Polarkreis, Krokstrand","Sgranu","Oglabr"
"Polarkreis, Krokstrand","Svesic","Oglabr"
"Polarkreis, Krokstrand","Eacicu","Onival"
"Polarkreis, Krokstrand","Pponta","Onival"
"Polarkreis, Krokstrand","Chalci","Onival"
"Polarkreis, Krokstrand","Ilappo","Onival"
"Polarkreis, Krokstrand","Sgranu","Onival"
"Polarkreis, Krokstrand","Chalci","Ovaria"
"Polarkreis, Krokstrand","Ilappo","Ovaria"
"Polarkreis, Krokstrand","Sgranu","Ovaria"
"Polarkreis, Krokstrand","Chalci","Olappo"
"Polarkreis, Krokstrand","Bracin","Olappo"
"Polarkreis, Krokstrand","Acubic","Olappo"
"Polarkreis, Krokstrand","Pdolic","Osamol"
"Polarkreis, Krokstrand","Chalci","Osamol"
"Polarkreis, Krokstrand","Broman","Osamol"
"Polarkreis, Krokstrand","Ilappo","Osamol"
"Polarkreis, Krokstrand","Acubic","Osamol"
"Polarkreis, Krokstrand","Lflexi","Osamol"
"Polarkreis, Krokstrand","Svesic","Osamol"
"Polarkreis, Krokstrand","Broman","Olappl"
"Polarkreis, Krokstrand","Svesic","Olappl"
"Korgfjellet","Broman","Oglabr"
"Korgfjellet","Broman","Olappo"
"Korgfjellet","Etorym","Osamol"
"Korgfjellet","Chalci","Osamol"
"Korgfjellet","Acubic","Osamol"
"Korgfjellet","Pponta","Olappl"
"Korgfjellet","Chalci","Olappl"
"Korgfjellet","Broman","Olappl"
"Korgfjellet","Acubic","Onival"
"Korgfjellet","Eacicu","Oglauc"
"Dovrefjell","Eacicu","Olappo"
"Dovrefjell","Pdolic","Olappo"
"Dovrefjell","Chalci","Olappo"
"Dovrefjell","Broman","Olappo"
"Dovrefjell","Acubic","Olappo"
"Dovrefjell","Celong","Olappl"
"Dovrefjell","Eacicu","Olappl"
"Dovrefjell","Pponta","Olappl"
"Dovrefjell","Chalci","Olappl"
"Dovrefjell","Eacicu","Osamol"
"Dovrefjell","Pdolic","Osamol"
"Dovrefjell","Chalci","Osamol"
"Dovrefjell","Eacicu","Omyrsi"
"Dovrefjell","Pponta","Omyrsi"
"Dovrefjell","Broman","Omyrsi"
"Dovrefjell","Ilappo","Omyrsi"
"Dovrefjell","Eacicu","Oarcti"
"Dovrefjell","Etorym","Oarcti"
"Dovrefjell","Pponta","Oarcti"
"Dovrefjell","Bracin","Oarcti"
"Dovrefjell","Acubic","Oarcti"
"Dovrefjell","Svesic","Oarcti"
"Dovrefjell","Eacicu","Onival"
"Dovrefjell","Pdolic","Onival"
"Dovrefjell","Chalci","Onival"
"Jotunheimen, Breiseterdalen","Pponta","Eboreo"
"Jotunheimen, Breiseterdalen","Chalci","Eboreo"
"Jotunheimen, Breiseterdalen","Eacicu","Onival"
"Jotunheimen, Breiseterdalen","Pponta","Onival"
"Jotunheimen, Breiseterdalen","Chalci","Onival"
"Jotunheimen, Breiseterdalen","Celong","Oglauc"
"Jotunheimen, Breiseterdalen","Pponta","Oglauc"
"Jotunheimen, Breiseterdalen","Chalci","Oglauc"
"Jotunheimen, Breiseterdalen","Broman","Oglauc"
"Jotunheimen, Breiseterdalen","Claevi","Oglauc"
"Jotunheimen, Breiseterdalen","Pponta","Olappo"
"Jotunheimen, Breiseterdalen","Broman","Olappo"
"Jotunheimen, Breiseterdalen","Acubic","Olappo"
"Jotunheimen, Breiseterdalen","Celong","Olappl"
"Jotunheimen, Breiseterdalen","Pponta","Olappl"
"Jotunheimen, Breiseterdalen","Chalci","Olappl"
"Geilo","Celong","Onigri"
"Geilo","Chalci","Onigri"
"Geilo","Broman","Onigri"
"Geilo","Bracin","Onigri"
"Geilo","Enobbe","Emyrsi"
"Geilo","Chalci","Emyrsi"
"Geilo","Ilappo","Emyrsi"
"Geilo","Eacicu","Ovaria"
"Geilo","Pponta","Ovaria"
"Geilo","Chalci","Ovaria"
"Geilo","Ilappo","Ovaria"
"Geilo","Sgranu","Ovaria"
"Vogelsberg, Hoherodskopf","Pdolic","Ogalla"
"Vogelsberg, Hoherodskopf","Bpicti","Ogalla"
"Vogelsberg, Hoherodskopf","Broman","Ogalla"
"Vogelsberg, Hoherodskopf","Ilappo","Ogalla"
"Vogelsberg, Hoherodskopf","Etoxon","Ogalla"
"Taunus, Oberreiffenberg","Eacicu","Ogalla"
"Taunus, Oberreiffenberg","Chalci","Ogalla"
"Taunus, Oberreiffenberg","Bpicti","Ogalla"
"Obertauern I","Apusil","Hischn"
"Obertauern I","Croman","Hischn"
"Obertauern I","Strico","Hischn"
"Obertauern I","Peuura","Emyrsi"
"Obertauern I","Pponta","Onigri"
"Obertauern I","Claevi","Onigri"
"Obertauern I","Etorym","Ovaria"
"Obertauern I","Pdolic","Ovaria"
"Obertauern I","Bpicti","Ovaria"
"Obertauern I","Broman","Ovaria"
"Obertauern I","Svesic","Ovaria"
"Obertauern I","Peuura","Ehasta"
"Obertauern I","Peuura","Egemmf"
"Obertauern I","Svesic","Egemmf"
"Obertauern I","Hruber","Ofoeti"
"Obertauern I","Pdolic","Omonti"
"Obertauern I","Pponta","Oobscu"
"Obertauern I","Claevi","Oobscu"
"Zillertal, Hintertux/ Weitental","Pcynip","Ofoeti"
"Zillertal, Hintertux/ Weitental","Binter","Ofoeti"
"Zillertal, Hintertux/ Weitental","Claevi","Ofoeti"
"Zillertal, Hintertux/ Weitental","Pdolic","Omonti"
"Zillertal, Hintertux/ Weitental","Hruber","Omonti"
"Zillertal, Hintertux/ Weitental","Bepitr","Oobscu"
"Zillertal, Hintertux/ Weitental","Bkopel","Oobscu"
"Zillertal, Hintertux/ Weitental","Salpin","Oobscu"
"Falzthurn-Alm","Pcynip","Okriec"
"Falzthurn-Alm","Pdolic","Okriec"
"Falzthurn-Alm","Aacumi","Eelaea"
"Falzthurn-Alm","Esalic","Eelaea"
"Falzthurn-Alm","Peuura","Eelaea"
"Falzthurn-Alm","Torymu","Eelaea"
"Falzthurn-Alm","Chalci","Eelaea"
"Falzthurn-Alm","Ichnin","Eelaea"
"Gramai-Alm","Aacumi","Eelaea"
"Gramai-Alm","Enobbe","Eelaea"
"Gramai-Alm","Esalic","Eelaea"
"Gramai-Alm","Pdolic","Eelaea"
"Gern-Alm","Chalci","Eelaea"
"Gern-Alm","Bracin","Eelaea"
"Halltal","Eacicu","Okriec"
"Halltal","Etorym","Okriec"
"Halltal","Pcynip","Okriec"
"Halltal","Pdolic","Okriec"
"Halltal","Ilappo","Okriec"
"Halltal","Ccruxx","Okriec"
"Ötztal, Vent/ Gample","Celong","Hcarin"
"Ötztal, Vent/ Gample","Ctrifa","Hcarin"
"Ötztal, Vent/ Gample","Peuura","Ehasta"
"Ötztal, Vent/ Gample","Bepitr","Onival"
"Ötztal, Vent/ Gample","Peuura","Eboreo"
"Ötztal, Vent/ Gample","Chalci","Egemmh"
"Ötztal, Obergurgl","Celong","Hplicg"
"Ötztal, Obergurgl","Agalli","Hplicg"
"Ötztal, Obergurgl","Enobbe","Ehasta"
"Ötztal, Obergurgl","Peuura","Ehasta"
"Ötztal, Obergurgl","Chalci","Ehasta"
"Ötztal, Vent/ Am Spiegel","Eacicu","Omacul"
"Ötztal, Vent/ Am Spiegel","Eurozo","Omacul"
"Ötztal, Vent/ Am Spiegel","Pponta","Omacul"
"Ötztal, Vent/ Am Spiegel","Svesic","Omacul"
"Ötztal, Vent/ Am Spiegel","Chalci","Egemmh"
"Grimselpaß, Räterichsbodensee","Peuura","Egemmh"
"Grimselpaß, Räterichsbodensee","Chalci","Egemmh"
"Grimselpaß, Räterichsbodensee","Celong","Hspirh"
"Grimselpaß, Räterichsbodensee","Apusil","Hspirh"
"Grimselpaß, Räterichsbodensee","Smorle","Hspirh"
"Grimselpaß, Räterichsbodensee","Pdolic","Omacul"
"Grimselpaß, Räterichsbodensee","Broman","Omacul"
"Grimselpaß, Räterichsbodensee","Claevi","Omacul"
"Grimselpaß, Räterichsbodensee","Peuura","Ehasta"
"Grimselpaß, Räterichsbodensee","Chalci","Onival"
"Grimselpaß, Räterichsbodensee","Bracin","Onival"
"Grimselpaß, Räterichsbodensee","Svesic","Onival"
"Grimselpaß, Räterichsbodensee","Celong","Hplicg"
"Saastal, Mattmark","Peuura","Ehasta"
"Saastal, Mattmark","Ichnin","Ehasta"
"Grimselpaß, Räterichsbodensee","Svesic","Omacul"
"Saastal, Mattmark","Pdolic","Obrevi"
"Saastal, Mattmark","Geliss","Obrevi"
"Nufenenpaß, Paßhöhe I","Enobbe","Egemmh"
"Nufenenpaß, Paßhöhe I","Peuura","Egemmh"
"Nufenenpaß, Paßhöhe I","Chalci","Egemmh"
"Nufenenpaß, Paßhöhe I","Peuura","Oobscu"
"Nufenenpaß, Paßhöhe I","Chalci","Oobscu"
"Nufenenpaß, Paßhöhe I","Broman","Oobscu"
"Nufenenpaß, Paßhöhe I","Svesic","Oobscu"
"Nufenenpaß, Paßhöhe I","Broman","Oretic"
"Nufenenpaß, Paßhöhe I","Peuura","Egemmf"
"Nufenenpaß, Paßhöhe I","Chalci","Egemmf"
"Eberswalde","Esalic","Enigri"
"Eberswalde","Bbrevi","Enigri"
"Eberswalde","Ccruxx","Enigri"
"Plauer See","Chalci","Emucro"
"Taunus, Oberreiffenberg","Aacumi","Emucro"
"Taunus, Oberreiffenberg","Enobbe","Emucro"
"Taunus, Oberreiffenberg","Mvesic","Emucro"
"Taunus, Oberreiffenberg","Peuura","Emucro"
"Taunus, Oberreiffenberg","Lforti","Emucro"
"Taunus, Oberreiffenberg","Saotis","Emucro"
"Marköbel","Enobbe","Emucro"
"Marköbel","Ccruxx","Emucro"
"Obertauern I","Cnrsub","Onigri"
"Obertauern I","Eacicu","Ofoeti"
"Obertauern I","Pcynip","Ofoeti"
"Obertauern I","Pponta","Ofoeti"
"Obertauern I","Chalci","Emyrsi"
"Obertauern I","Pdolic","Onigri"
"Obertauern I","Broman","Onigri"
"Obertauern I","Pponta","Ovaria"
"Obertauern I","Chalci","Egemmf"
"Obertauern I","Dwestw","Ofoeti"
"Obertauern I","Bracin","Ofoeti"
"Obertauern I","Ichnin","Emyrsi"
"Falzthurn-Alm","Aprost","Eelaea"
"Falzthurn-Alm","Ealbit","Eelaea"
"Falzthurn-Alm","Pdolic","Eelaea"
"Falzthurn-Alm","Ccruxx","Eelaea"
"Ötztal, Vent/ Rofental","Peuura","Egemmh"
"Ötztal, Vent/ Rofental","Chalci","Egemmh"
"Ötztal, Obergurgl","Chalci","Eboreo"
"Ötztal, Obergurgl","Etorym","Onival"
"Ötztal, Obergurgl","Mesole","Onival"
"Ötztal, Obergurgl/ Bruggboden","Peuura","Egemmf"
"Ötztal, Obergurgl/ Bruggboden","Peuura","Ehasta"
"Ötztal, Obergurgl/ Bruggboden","Peuura","Egemmh"
"Ötztal, Obergurgl/ Bruggboden","Chalci","Egemmh"
"Ötztal, Vent/ Gample","Pdolic","Egemmh"
"Ötztal, Vent/ Gample","Peuura","Egemmh"
"Pitztal, Nähe Mittelberg","Peuura","Egemmh"
"Pitztal, Nähe Mittelberg","Celong","Hspira"
"Pitztal, Nähe Mittelberg","Pdolic","Obridg"
"Pitztal, Nähe Mittelberg","Broman","Obridg"
"Pitztal, Nähe Mittelberg","Slappo","Obridg"
"Pitztal, Nähe Mittelberg","Svesic","Obridg"
"Pitztal, Nähe Mittelberg","Hruber","Obridg"
"Saastal, Mattmark","Etorym","Ovaria"
"Saastal, Mattmark","Broman","Ovaria"
"Saastal, Mattmark","Peuura","Egemmf"
"Grimselpaß, Räterichsbodensee","Broman","Onival"
"Saastal, Mattmark","Peuura","Emyrsi"
"Grimselpaß, Räterichsbodensee","Broman","Egemmh"
"Nufenenpaß, Paßhöhe I","Pponta","Oretic"
"Arolla","Peuura","Egemmh"
"Arolla","Eacicu","Ovaria"
"Arolla","Broman","Ovaria"
"Arolla","Enobbe","Egemmf"
"Arolla","Peuura","Egemmf"
"Arolla","Celong","Hcarin"
"Arolla","Pdolic","Ofoeti"
"Arolla","Pdolic","Oobscu"
"Nufenenpaß, Paßhöhe I","Celong","Hspirh"
"Lapphaugen bei Bardu","Peuura","Ehasta"
"Lapphaugen bei Bardu","Peuura","Elanat"
"Lapphaugen bei Bardu","Chalci","Elappo"
"Lapphaugen bei Bardu","Ichnin","Ohasta"
"Lapphaugen bei Bardu","Pdolic","Onival"
"Neiden","Esalic","Elanat"
"Neiden","Chalci","Elanat"
"Lapphaugen bei Bardu","Pdolic","Osamol"
"Lapphaugen bei Bardu","Slappo","Osamol"
"Lapphaugen bei Bardu","Ichnin","Osamol"
"Lapphaugen bei Bardu","Broman","Olappl"
"Lapphaugen bei Bardu","Claevi","Olappl"
"Lapphaugen bei Bardu","Chalci","Eboreo"
"Neiden","Lflexi","Ovaria"
"Neiden","Hruber","Ovaria"
"Neiden","Hruber","Oglabr"
"Neiden","Etorym","Oarcti"
"Neiden","Hruber","Oarcti"
"S.-Varanger, Svanvik","Eacicu","Omyrti"
"S.-Varanger, Svanvik","Etorym","Omyrti"
"Ifjordfjellet / Gilojokka","Chalci","Elanat"
"S.-Varanger, Svanvik","Esalic","Elappo"
"S.-Varanger, Svanvik","Chalci","Elappo"
"N.-Varanger, Tanabru","Chalci","Ephyli"
"N.-Varanger, Tanabru","Pdolic","Oarcti"
"N.-Varanger, Tanabru","Etorym","Ohasta"
"N.-Varanger, Tanabru","Chalci","Elanat"
"N.-Varanger, Tanabru","Chalci","Ehasta"
"Kvalsund, Breidalsfjell","Chalci","Elanat"
"Alta, Baeskades","Chalci","Elappo"
"Alta, Baeskades","Lflexi","Osamol"
"Alta, Baeskades","Pdolic","Olappl"
"Alta, Baeskades","Chalci","Eboreo"
"Torne Träsk, Abisko","Peuura","Eboreo"
"Torne Träsk, Abisko","Chalci","Eboreo"
"Torne Träsk, Abisko","Etorym","Onival"
"Torne Träsk, Abisko","Chalci","Onival"
"Torne Träsk, Abisko","Svesic","Onival"
"Torne Träsk, Abisko","Peuura","Ehasta"
"Torne Träsk, Abisko","Eacicu","Ohasta"
"Torne Träsk, Abisko","Etorym","Ohasta"
"Torne Träsk, Abisko","Pdolic","Ohasta"
"Torne Träsk, Abisko","Chalci","Ohasta"
"Torne Träsk, Abisko","Eacicu","Oarcti"
"Torne Träsk, Abisko","Etorym","Oarcti"
"Torne Träsk, Abisko","Celong","Odolic"
"Torne Träsk, Abisko","Eacicu","Odolic"
"Torne Träsk, Abisko","Pdolic","Odolic"
"Torne Träsk, Abisko","Chalci","Odolic"
"Torne Träsk, Abisko","Svesic","Odolic"
"Torne Träsk, Abisko","Eacicu","Ovaria"
"Torne Träsk, Abisko","Pdolic","Ovaria"
"Torne Träsk, Abisko","Chalci","Ovaria"
"Torne Träsk, Abisko","Latole","Hischn"
"Torne Träsk, Abisko","Celong","Onigri"
"Torne Träsk, Abisko","Pdolic","Onigri"
"Torne Träsk, Abisko","Chalci","Onigri"
"Torne Träsk, Abisko","Svesic","Onigri"
"Lofot, Sandsletta","Pdolic","Obridg"
"Lofot, Sandsletta","Chalci","Obridg"
"Lofot, Sandsletta","Ichnin","Evenus"
"Polarkreis I","Pdolic","Oglauc"
"Polarkreis I","Chalci","Oglauc"
"Polarkreis I","Slappo","Oglauc"
"Polarkreis I","Ichnin","Oglauc"
"Polarkreis I","Chalci","Onival"
"Polarkreis I","Ichnin","Onival"
"Polarkreis I","Pdolic","Olappl"
"Polarkreis I","Chalci","Olappl"
"Polarkreis I","Svesic","Olappl"
"Polarkreis, Krokstrand","Pdolic","Elappc"
"Polarkreis, Krokstrand","Chalci","Elappc"
"Polarkreis, Krokstrand","Claevi","Elappc"
"Polarkreis, Krokstrand","Slappo","Elappc"
"Polarkreis, Krokstrand","Eacicu","Olappl"
"Polarkreis, Krokstrand","Pdolic","Olappl"
"Polarkreis, Krokstrand","Chalci","Olappl"
"Polarkreis, Krokstrand","Chalci","Eboreo"
"Polarkreis, Krokstrand","Lforti","Eboreo"
"Polarkreis, Krokstrand","Chalci","Elappo"
"Polarkreis, Krokstrand","Lforti","Elappo"
"Polarkreis, Krokstrand","Eacicu","Osamol"
"Polarkreis, Krokstrand","Etorym","Osamol"
"Polarkreis II","Chalci","Elappc"
"Polarkreis II","Chalci","Elappo"
"Polarkreis II","Pdolic","Olappl"
"Polarkreis II","Chalci","Olappl"
"Polarkreis II","Claevi","Olappl"
"Polarkreis II","Slappo","Olappl"
"Polarkreis II","Svesic","Olappl"
"Polarkreis II","Ichnin","Olappl"
"Polarkreis III","Pdolic","Olappl"
"Polarkreis III","Chalci","Olappl"
"Polarkreis III","Slappo","Olappl"
"Polarkreis IV","Chalci","Elappo"
"Korgfjellet","Chalci","Elanat"
"Polarkreis III","Chalci","Elappc"
"Polarkreis III","Llappo","Elappc"
"Polarkreis III","Olesic","Elappc"
"Korgfjellet","Etorym","Oglabr"
"Polarkreis III","Chalci","Odolic"
"Korgfjellet","Chalci","Elappc"
"Korgfjellet","Broman","Osamol"
"Namsskogan, Mellingsmoen","Pdolic","Evenus"
"Namsskogan, Mellingsmoen","Chalci","Evenus"
"Namsskogan, Mellingsmoen","Lforti","Evenus"
"Namsskogan, Mellingsmoen","Pdolic","Obridg"
"Namsskogan, Mellingsmoen","Chalci","Obridg"
"Namsskogan, Mellingsmoen","Claevi","Obridg"
"Jotunheimen, Breiseterdalen","Pdolic","Oglauc"
"Jotunheimen, Breiseterdalen","Chalci","Odolic"
"Jotunheimen, Breiseterdalen","Broman","Odolic"
"Jotunheimen, Breiseterdalen","Slappo","Odolic"
"Jotunheimen, Breiseterdalen","Chalci","Oarcti"
"Jotunheimen, Breiseterdalen","Ichnin","Onival"
"Jotunheimen, Breiseterdalen","Chalci","Elappc"
"Jotunheimen, Breiseterdalen","Broman","Elappc"
"Jotunheimen, Breiseterdalen","Lforti","Elappc"
"Jotunheimen, Breiseterdalen","Olesic","Elappc"
"Jotunheimen, Breiseterdalen","Chalci","Elanat"
"Jotunheimen, Breiseterdalen","Ichnin","Oglabr"
"Jotunheimen, Breiseterdalen","Chalci","Elappo"
"Jotunheimen, Breiseterdalen","Chalci","Olappo"
"Jotunheimen, Breiseterdalen","Ilappo","Olappo"
"Jotunheimen, Breiseterdalen","Claevi","Olappl"
"Jotunheimen, Breiseterdalen","Slappo","Olappl"
"Lusterfjord, Höyheimsvik","Enobbe","Evenus"
"Lusterfjord, Höyheimsvik","Pdolic","Evenus"
"Lusterfjord, Höyheimsvik","Pdolic","Ogalla"
"Lusterfjord, Höyheimsvik","Chalci","Ogalla"
"Vikafjell bei Viksöyri","Peuura","Eboreo"
"Vikafjell bei Viksöyri","Chalci","Eboreo"
"Vikafjell bei Viksöyri","Eacicu","Onival"
"Vikafjell bei Viksöyri","Acubic","Onival"
"Vikafjell bei Viksöyri","Ichnin","Onival"
"Vikafjell bei Viksöyri","Peuura","Elappo"
"Vikafjell bei Viksöyri","Chalci","Elappo"
"Vikafjell bei Viksöyri","Pdolic","Olappl"
"Vikafjell bei Viksöyri","Chalci","Olappl"
"Vikafjell bei Viksöyri","Broman","Olappl"
"Vikafjell bei Viksöyri","Chalci","Elappc"
"Vikafjell bei Viksöyri","Broman","Elappc"
"Vikafjell bei Viksöyri","Llappo","Elappc"
"Seljestad bei Odda","Chalci","Eboreo"
"Vikafjell bei Viksöyri","Etorym","Olappo"
"Vikafjell bei Viksöyri","Chalci","Olappo"
"Vikafjell bei Viksöyri","Slappo","Olappo"
"Seljestad bei Odda","Peuura","Elappo"
"Seljestad bei Odda","Chalci","Elappo"
"Seljestad bei Odda","Chalci","Osamol"
"Seljestad bei Odda","Slappo","Osamol"
"Seljestad bei Odda","Ichnin","Osamol"
"Seljestad bei Odda","Chalci","Elappc"
"Seljestad bei Odda","Llappo","Elappc"
"Seljestad bei Odda","Chalci","Olappl"
"Seljestad bei Odda","Claevi","Olappl"
"Seljestad bei Odda","Ichnin","Olappl"
"Seljestad bei Odda","Ichnin","Olappo"
"Seljestad bei Odda","Hruber","Olappo"
"Seljestad bei Odda","Celong","Hacuti"
"Altenstadt, Höchst","Celong","Hleuco"
"Kühkopf, Mordhecke I","Celong","Hpruss"
"Maltatal I","Celong","Hplicd"
"Maltatal I","Chalci","Edaphn"
"Maltatal I","Aminim","Edaphn"
"Maltatal I","Pdolic","Eelaea"
"Maltatal I","Aminim","Eelaea"
"Maltatal I","Eacicu","Oadaph"
"Maltatal I","Etorym","Oadaph"
"Maltatal I","Pdolic","Oadaph"
"Maltatal I","Chalci","Oadaph"
"Maltatal I","Bepitr","Oadaph"
"Maltatal I","Svesic","Oadaph"
"Maltatal I","Aminim","Oadaph"
"Maltatal II","Chalci","Eelaea"
"Maltatal II","Aminim","Eelaea"
"Obertauern I","Celong","Hischn"
"Obertauern I","Pdolic","Emyrsi"
"Obertauern I","Eacicu","Onigri"
"Obertauern I","Chalci","Ehasta"
"Obertauern I","Etorym","Ofoeti"
"Obertauern II","Celong","Hspira"
"Obertauern II","Adelog","Hspira"
"Obertauern I","Pdolic","Oobscu"
"Obertauern I","Bracin","Oobscu"
"Obertauern II","Eacicu","Ofoeti"
"Obertauern II","Etorym","Ofoeti"
"Obertauern II","Pdolic","Ofoeti"
"Obertauern II","Chalci","Ofoeti"
"Obertauern II","Svesic","Ofoeti"
"Preber See bei Tamsweg","Pdolic","Emyrsi"
"Preber See bei Tamsweg","Cincer","Emyrsi"
"Preber See bei Tamsweg","Ichnin","Emyrsi"
"Obertauern II","Bracin","Oobscu"
"Obertauern II","Svesic","Oobscu"
"Obertauern II","Ichnin","Oobscu"
"Obertauern II","Hruber","Oobscu"
"Obertauern II","Eacicu","Omonti"
"Obertauern II","Etorym","Omonti"
"Obertauern II","Pdolic","Omonti"
"Obertauern II","Chalci","Omonti"
"Obertauern II","Svesic","Omonti"
"Obertauern II","Ichnin","Omonti"
"Obertauern II","Hruber","Omonti"
"Obertauern II","Chalci","Egemmf"
"Obertauern II","Ichnin","Egemmf"
"Zederhaustal, Oberweißburg","Celong","Hplicd"
"Zederhaustal, Oberweißburg","Eacicu","Edaphn"
"Zederhaustal, Oberweißburg","Chalci","Oproxi"
"Zederhaustal, Oberweißburg","Llugen","Oproxi"
"Zederhaustal, Oberweißburg","Eacicu","Oadaph"
"Zederhaustal, Oberweißburg","Etorym","Oadaph"
"Zederhaustal, Oberweißburg","Pcynip","Oadaph"
"Zederhaustal, Oberweißburg","Pdolic","Oadaph"
"Zederhaustal, Oberweißburg","Chalci","Oadaph"
"Murtal, Muhr","Eacicu","Ovesic"
"Murtal, Muhr","Pdolic","Ovesic"
"Murtal, Muhr","Pponta","Ovesic"
"Murtal, Muhr","Chalci","Ovesic"
"Murtal, Muhr","Bepitr","Ovesic"
"Murtal, Muhr","Blivid","Ovesic"
"Murtal, Muhr","Bpulch","Ovesic"
"Murtal, Muhr","Svesic","Ovesic"
"Murtal, Muhr","Celong","Hpolit"
"Murtal, Muhr","Eacicu","Ovimin"
"Murtal, Muhr","Etorym","Ovimin"
"Murtal, Muhr","Chalci","Ovimin"
"Tauernpaß, Tweng","Celong","Hplicd"
"Tauernpaß, Tweng","Eacicu","Okriec"
"Tauernpaß, Tweng","Etorym","Okriec"
"Tauernpaß, Tweng","Chalci","Okriec"
"Tauernpaß, Tweng","Bracin","Okriec"
"Tauernpaß, Tweng","Hruber","Okriec"
"Obertauern I","Chalci","Obridg"
"Obertauern I","Slappo","Obridg"
"Tauernpaß, Tweng","Eacicu","Oadaph"
"Tauernpaß, Tweng","Chalci","Oadaph"
"Tauernpaß, Tweng","Ilappo","Oadaph"
"Tauernpaß, Tweng","Lalpic","Eelaea"
"Murtal, Muhr, Kraftwerk","Aacumi","Eelaea"
"Murtal, Muhr, Kraftwerk","Ccruxx","Eelaea"
"Obergoms, Oberwald","Enobbe","Epurpu"
"Obergoms, Oberwald","Ichnin","Epurpu"
"Obergoms, Gletsch","Eacicu","Ovimin"
"Obergoms, Gletsch","Etorym","Ovimin"
"Obergoms, Gletsch","Pdolic","Ovimin"
"Obergoms, Gletsch","Chalci","Ovimin"
"Obergoms, Gletsch","Ilappo","Ovimin"
"Obergoms, Gletsch","Hruber","Ovimin"
"Obergoms, Oberwald","Etorym","Ovesic"
"Obergoms, Oberwald","Svesic","Ovesic"
"Obergoms, Gletsch","Pponta","Ovesic"
"Obergoms, Gletsch","Chalci","Ovesic"
"Obergoms, Gletsch","Svesic","Ovesic"
"Grimselpaß, Grimselsee","Chalci","Egemmh"
"Grimselpaß, Grimselsee","Broman","Egemmh"
"Grimselpaß, Grimselsee","Chalci","Omacul"
"Grimselpaß, Grimselsee","Slappo","Omacul"
"Grimselpaß, Grimselsee","Ichnin","Omacul"
"Grimselpaß, Grimselsee","Peuura","Eboreo"
"Grimselpaß, Grimselsee","Chalci","Eboreo"
"Grimselpaß, Grimselsee","Chalci","Onival"
"Grimselpaß, Grimselsee","Broman","Onival"
"Grimselpaß, Grimselsee","Ilappo","Onival"
"Grimselpaß, Grimselsee","Svesic","Onival"
"Grimselpaß, Grimselsee","Chalci","Ohasta"
"Grimselpaß, Grimselsee","Broman","Ohasta"
"Saastal, Mattmark","Peuura","Egemmh"
"Grimselpaß, Grimselsee","Peuura","Ehasta"
"Grimselpaß, Grimselsee","Chalci","Ehasta"
"Saastal, Mattmark","Ichnin","Ohasta"
"Saastal, Mattmark","Pdolic","Egemmf"
"Saastal, Mattmark","Chalci","Egemmf"
"Saastal, Mattmark","Pdolic","Ehasta"
"Saastal, Mattmark","Chalci","Ehasta"
"Mattertal, Täsch","Eacicu","Ovimin"
"Mattertal, Täsch","Etorym","Ovimin"
"Mattertal, Täsch","Pdolic","Ovimin"
"Mattertal, Täsch","Chalci","Ovimin"
"Mattertal, Täsch","Ccruxx","Ovimin"
"Saastal, Mattmark","Pdolic","Ofoeti"
"Saastal, Mattmark","Chalci","Ofoeti"
"Saastal, Mattmark","Svesic","Ofoeti"
"Mattertal, Täsch","Aacumi","Epurpu"
"Mattertal, Täsch","Esalic","Epurpu"
"Mattertal, Täsch","Pdolic","Epurpu"
"Mattertal, Täsch","Lalpic","Epurpu"
"Mattertal, Täsch","Eacicu","Oadaph"
"Mattertal, Täsch","Chalci","Oadaph"
"Mattertal, Täsch","Ccruxx","Oadaph"
"Obergoms, Obergesteln","Chalci","Edaphn"
"Obergoms, Obergesteln","Eacicu","Oadaph"
"Obergoms, Obergesteln","Eacicu","Ovesic"
"Obergoms, Obergesteln","Chalci","Ovesic"
"Obergoms, Obergesteln","Svesic","Ovesic"
"Nufenenpaß, Paßhöhe II","Chalci","Ohasta"
"Nufenenpaß, Paßhöhe II","Broman","Ohasta"
"Obergoms, Obergesteln","Aacumi","Epurpu"
"Obergoms, Obergesteln","Esalic","Epurpu"
"Obergoms, Obergesteln","Pdolic","Epurpu"
"Nufenenpaß, Paßhöhe II","Pponta","Oretus"
"Nufenenpaß, Paßhöhe II","Chalci","Oretus"
"Nufenenpaß, Paßhöhe II","Broman","Oretus"
"Nufenenpaß, Paßhöhe II","Pdolic","Ofoeti"
"Nufenenpaß, Paßhöhe II","Broman","Ofoeti"
"Nufenenpaß, Paßhöhe II","Bracin","Ofoeti"
"Nufenenpaß, Paßhöhe II","Pdolic","Oobscu"
"Nufenenpaß, Paßhöhe II","Chalci","Oobscu"
"Nufenenpaß, Paßhöhe II","Broman","Oobscu"
"Nufenenpaß, Paßhöhe II","Slappo","Oobscu"
"Nufenenpaß, Paßhöhe II","Svesic","Oobscu"
"Nufenenpaß, Paßhöhe II","Ichnin","Oobscu"
"Nufenenpaß, Val de Bedretto I","Svesic","Okriec"
"Nufenenpaß, Val de Bedretto I","Pdolic","Ovesic"
"Nufenenpaß, Val de Bedretto I","Peuura","Ovesic"
"Nufenenpaß, Val de Bedretto I","Chalci","Ovesic"
"Nufenenpaß, Val de Bedretto I","Svesic","Ovesic"
"Nufenenpaß, Val de Bedretto I","Ccruxx","Ovesic"
"Nufenenpaß, Val de Bedretto I","Aacumi","Eelaea"
"Nufenenpaß, Val de Bedretto I","Pdolic","Eelaea"
"Nufenenpaß, Val de Bedretto I","Chalci","Epurpu"
"Nufenenpaß, Val de Bedretto I","Ichnin","Epurpu"
"Nufenenpaß, Val de Bedretto I","Eacicu","Ovimin"
"Nufenenpaß, Val de Bedretto I","Etorym","Ovimin"
"Nufenenpaß, Val de Bedretto I","Pdolic","Ovimin"
"Nufenenpaß, Val de Bedretto I","Chalci","Ovimin"
"Val Divedro, Domodossola","Eacicu","Ovimin"
"Val Divedro, Domodossola","Chalci","Ovimin"
"Val Divedro, Domodossola","Blivid","Ovimin"
"Val Divedro, Domodossola","Aminim","Ovimin"
"Nufenenpaß, Val de Bedretto II","Aacumi","Eelaea"
"Nufenenpaß, Val de Bedretto II","Esalic","Eelaea"
"Nufenenpaß, Val de Bedretto II","Mlongi","Eelaea"
"Nufenenpaß, Val de Bedretto II","Chalci","Eelaea"
"Nufenenpaß, Val de Bedretto II","Ccruxx","Eelaea"
"Nufenenpaß, Val de Bedretto II","Etorym","Okriec"
"Nufenenpaß, Val de Bedretto II","Bpulch","Okriec"
"Nufenenpaß, Val de Bedretto II","Ccruxx","Okriec"
"Obergoms, Oberwald","Enobbe","Edaphn"
"Obergoms, Oberwald","Pdolic","Edaphn"
"Obergoms, Oberwald","Peuura","Edaphn"
"Obergoms, Oberwald","Chalci","Edaphn"
"Obergoms, Oberwald","Aacumi","Epurpu"
"Obergoms, Oberwald","Esalic","Epurpu"
"Obergoms, Oberwald","Eacicu","Oadaph"
"Taunus, Oberreiffenberg","Pdolic","Emucro"
"Kühkopf, Mordhecke I","Esalic","Eatraa"
"Kühkopf, Mordhecke III","Aacumi","Eatraa"
"Kühkopf, Mordhecke III","Esalic","Eatraa"
"Kühkopf, Mordhecke III","Peuura","Eatraa"
"Kühkopf, Mordhecke III","Ichnin","Eatraa"
"Griesheim bei Darmstadt","Aacumi","Epurpu"
"Griesheim bei Darmstadt","Esalic","Epurpu"
"Griesheim bei Darmstadt","Mspone","Epurpu"
"Kühkopf, Mordhecke I","Celong","Hpolit"
"Griesheim bei Darmstadt","Celong","Hpolit"
"Griesheim bei Darmstadt","Ibrevi","Hpolit"
"Altenstadt, Höchst","Celong","Hleuca"
"Mörfelden, Baggersee","Celong","Hleuca"
"Mörfelden, Baggersee","Adelog","Hleuca"
"Limeshain, Rommelhausen","Celong","Hpolit"
"Limeshain, Rommelhausen","Adelog","Hpolit"
"Limeshain, Rommelhausen","Celong","Halien"
"Ortenberg I","Adelog","Hpolit"
"Vogelsberg, Hoherodskopf","Celong","Hleuco"
"Ortenberg III","Adelog","Hangli"
"Vogelsberg, Hoherodskopf","Svesic","Ogalla"
"Vogelsberg, Hoherodskopf","Ccruxx","Ogalla"
"Taunus, Dorfweil","Chalci","Obridg"
"Taunus, Dorfweil","Ccruxx","Obridg"
"Taunus, Dorfweil","Etoxon","Obridg"
"Val di Egro, Mt. Tremalzo II","Chalci","Ohasta"
"Val di Egro, Mt. Tremalzo II","Chalci","Ehasta"
"Paso di Gavia, Pezzo","Eacicu","Ovimin"
"Paso di Gavia, Pezzo","Etorym","Ovimin"
"Paso di Gavia, Pezzo","Chalci","Ovimin"
"Val di Egro, Mt. Tremalzo II","Chalci","Oobscu"
"Val di Egro, Mt. Tremalzo II","Broman","Oobscu"
"Val di Egro, Mt. Tremalzo II","Ichnin","Oobscu"
"Paso del Maniva, Dosso Alto","Chalci","Obridg"
"Paso del Maniva, Dosso Alto","Etoxon","Obridg"
"Paso del Tonale","Chalci","Ovesic"
"Val di Egro, Mt. Tremalzo II","Chalci","Obridg"
"Val di Egro, Mt. Tremalzo II","Svesic","Obridg"
"Ötztal, Vent/ Gample","Chalci","Obridg"
"Paso del Tonale","Eacicu","Ovimin"
"Paso del Tonale","Chalci","Ovimin"
"Val di Egro, Mt. Tremalzo II","Cincer","Obridg"
"Val di Egro, Mt. Tremalzo II","Llugen","Obridg"
"Grimselpaß, Grimselsee","Pdolic","Omacul"
"Grimselpaß, Grimselsee","Ichnin","Onival"
"Nufenenpaß, Aegtnental","Eacicu","Ovimin"
"Nufenenpaß, Aegtnental","Chalci","Ovesic"
"Nufenenpaß, Paßhöhe I","Slappo","Oobscu"
"Nufenenpaß, Paßhöhe I","Chalci","Ofoeti"
"Nufenenpaß, Paßhöhe I","Pdolic","Ohasta"
"Nufenenpaß, Paßhöhe I","Chalci","Ohasta"
"Nufenenpaß, Paßhöhe I","Svesic","Ohasta"
"Nufenenpaß, Val de Bedretto II","Chalci","Okriec"
"Nufenenpaß, Val de Bedretto II","Ichnin","Okriec"
"Obergoms, Reckingen","Ichnin","Oadaph"
"Obertauern I","Eacicu","Oadaph"
"Obertauern I","Chalci","Oadaph"
"Mörfelden, Baggersee","Celong","Hpolit"
"Mörfelden, Baggersee","Ibrevi","Hpolit"
"Taunus, Hunoldstal","Celong","Hleuca"
"Nufenenpaß, Val de Bedretto I","Esalic","Eelaea"
"Nufenenpaß, Val de Bedretto I","Chalci","Eelaea"
"Taunus, Usingen","Celong","Halien"
"Kilianstätten","Adelog","Hpolit"
"Kilianstätten","Strico","Hpolit"
"Obergoms, Obergesteln","Enobbe","Epurpu"
"Obergoms, Obergesteln","Chalci","Epurpu"
"Taunus, Dorfweil","Dcoleo","Hpruss"
"Taunus, Dorfweil","Adelog","Hpruss"
"Taunus, Usingen","Aacumi","Eatraa"
"Taunus, Usingen","Enobbe","Eatraa"
"Taunus, Usingen","Esalic","Eatraa"
"Taunus, Usingen","Chalci","Eatraa"
"Taunus, Dorfweil","Celong","Hleuca"
"Taunus, Dorfweil","Apusil","Hleuca"
"Taunus, Dorfweil","Ichnin","Hleuca"
"Kühkopf, Mordhecke III","Enobbe","Eatraa"
"Kühkopf, Mordhecke III","Chalci","Eatraa"
"Mt. Altissimo di Nago","Adelog","Hsglab"
"Mörfelden, Baggersee","Aacumi","Eatraa"
"Mörfelden, Baggersee","Esalic","Eatraa"
"Mörfelden, Baggersee","Chalci","Eatraa"
"Val di Egro, Mt. Tremalzo I","Adelog","Hsglab"
"Paso del Maniva, Dosso Alto","Adelog","Hsglab"
"Val Vermiglio, Pellizano","Adelog","Hpolit"
"Paso di Gavia, Pezzo","Adelog","Hischn"
"Ötztal, Obergurgl","Adelog","Hplicg"
"Ötztal, Vent/ Gample","Celong","Hplicg"
"Ötztal, Vent/ Gample","Adelog","Hplicg"
"Mt. Altissimo di Nago","Adelog","Hspira"
"Ötztal, Vent/ Gample","Celong","Hspira"
"Ötztal, Vent/ Gample","Adelog","Hcarin"
"Grimselpaß, Grimselsee","Adelog","Hspirh"
"Grimselpaß, Grimselsee","Celong","Hplicg"
"Grimselpaß, Grimselsee","Chalci","Hplicg"
"Grimselpaß, Grimselsee","Adelog","Hplicg"
"Grimselpaß, Grimselsee","Agalli","Hplicg"
"Nufenenpaß, Paßhöhe I","Adelog","Htuber"
"Obertauern I","Chalci","Hischn"
"Obergoms, Obergesteln","Celong","Hplicd"
"Obergoms, Obergesteln","Adelog","Hplicd"
"Obertauern I","Celong","Hplicd"
"Obertauern I","Strico","Hplicd"
"Preetz, Postsee","Aminim","Etesta"
"St. Peter-Ording","Esalic","Eweiff"
"St. Peter-Ording","Pdolic","Eweiff"
"St. Peter-Ording","Svesic","Eweiff"
"St. Peter-Ording","Chalci","Ocolla"
"St. Peter-Ording","Svesic","Ocolla"
"St. Peter-Ording","Ccruxx","Ocolla"
"St. Peter-Ording","Pdolic","Ocolla"
"Kiel, Dietrichsdorf","Chalci","Esubge"
"Preetz, Postsee","Pdolic","Oproxi"
"Preetz, Postsee","Chalci","Oproxi"
"Preetz, Postsee","Ccruxx","Oproxi"
"Ötztal, Vent/ Rofental","Chalci","Ovaria"
"Ötztal, Vent/ Rofental","Svesic","Ovaria"
"Preetz, Postsee","Pdolic","Etesta"
"Preetz, Postsee","Chalci","Etesta"
"Preetz, Postsee","Ccruxx","Etesta"
"Obertauern I","Spygid","Ofoeti"
"Obertauern I","Svesic","Oobscu"
"Tauernpaß, Untertauern II","Pdolic","Oobscu"
"Preetz, Postsee","Enobbe","Eatraa"
"Preetz, Postsee","Esalic","Eatraa"
"Preetz, Postsee","Chalci","Eatraa"
"Ortenberg I","Apusil","Hpolit"
"Ortenberg I","Svesic","Hpolit"
"Kühkopf, Mordhecke II","Adelog","Hpolit"
"Kühkopf, Mordhecke II","Adelog","Hpruss"
"Kilianstätten","Ibrevi","Hpolit"
"Kühkopf, Mordhecke II","Bracin","Hoblit"
"Kilianstätten","Celong","Hangli"
"Kilianstätten","Dlongi","Hangli"
"Nidderau-Heldenbergen","Adelog","Hangli"
"Ortenberg II","Celong","Hangli"
"Ortenberg II","Chalci","Hangli"
"Griesheim bei Darmstadt","Ichnin","Hleuca"
"Limeshain, Rommelhausen","Chalci","Halien"
"Limeshain, Rommelhausen","Adelog","Halien"
"Limeshain, Rommelhausen","Adelog","Heryth"
"Obertauern I","Adelog","Hischn"
"Ötztal, Vent/ Gample","Celong","Hischn"
"Ötztal, Vent/ Gample","Strico","Hischn"
"Obertauern I","Adelog","Hplicd"
"Ötztal, Vent/ Gample","Chalci","Ehasta"
"Ötztal, Vent/ Gample","Bracin","Eboreo"
"Pitztal, Nähe Mittelberg","Adelog","Hspira"
"Tauernpaß, Untertauern II","Esalic","Eelaea"
"Ötztal, Obergurgl","Aacumi","Epurpu"
"Ötztal, Obergurgl","Enobbe","Epurpu"
"Ötztal, Obergurgl","Esalic","Epurpu"
"Nufenenpaß, Val de Bedretto I","Aacumi","Epurpu"
"Nufenenpaß, Val de Bedretto I","Enobbe","Epurpu"
"Obergoms, Obergesteln","Enobbe","Edaphn"
"Obergoms, Obergesteln","Peuura","Edaphn"
"Hospental","Enobbe","Emyrsi"
"Nufenenpaß, E-Werk","Peuura","Egemmh"
"Nufenenpaß, E-Werk","Chalci","Egemmh"
"Grimselpaß, Räterichsbodensee","Enobbe","Egemmc"
"Obergoms, Gletsch","Pdolic","Egemmh"
"Schwarzwald, Altglashütten","Enobbe","Emucro"
"Schwarzwald, Altglashütten","Peuura","Emucro"
"Etzen","Enobbe","Eweiff"
"Korgfjellet","Slappo","Ospeit"
"Namsskogan, Mellingsmoen","Ichnin","Evenus"
"S.-Varanger, Svanvik","Chalci","Omyrti"
"Kilpisjärvi","Ccruxx","Oarcti"
"S.-Varanger, Nyrud","Celong","Ospset"
"S.-Varanger, Nyrud","Pcynip","Ospset"
"S.-Varanger, Nyrud","Pdolic","Ospset"
"S.-Varanger, Nyrud","Chalci","Ospset"
"S.-Varanger, Nyrud","Bracin","Ospset"
"S.-Varanger, Nyrud","Svesic","Ospset"
"Ifjordfjellet II","Celong","Odolic"
"Ifjordfjellet II","Pponta","Odolic"
"Ifjordfjellet II","Chalci","Odolic"
"Ifjordfjellet II","Bracin","Odolic"
"Ifjordfjellet II","Eridol","Odolic"
"Ifjordfjellet II","Pdolic","Oglauc"
"Ifjordfjellet II","Pponta","Oglauc"
"Ifjordfjellet II","Slappo","Oglauc"
"Namsskogan, Mellingsmoen","Pdolic","Ogalla"
"Namsskogan, Mellingsmoen","Chalci","Ogalla"
"Namsskogan, Mellingsmoen","Pdolic","Ovaria"
"Namsskogan, Mellingsmoen","Chalci","Ovaria"
"Namsskogan, Mellingsmoen","Svesic","Ovaria"
"Korgfjellet","Bkopel","Oglauc"
"Korgfjellet","Slappo","Oglauc"
"Grong","Pdolic","Omyrsi"
"Grong","Pponta","Omyrsi"
"Grong","Chalci","Omyrsi"
"S.-Varanger, Nyelv","Eacicu","Omyrsi"
"S.-Varanger, Nyelv","Pdolic","Omyrsi"
"S.-Varanger, Nyelv","Pponta","Omyrsi"
"S.-Varanger, Nyelv","Chalci","Omyrsi"
"Kilpisjärvi","Eacicu","Osamol"
"Kilpisjärvi","Pdolic","Osamol"
"N.-Varanger, Sandfjord","Pdolic","Oherba"
"N.-Varanger, Sandfjord","Pponta","Oherba"
"N.-Varanger, Sandfjord","Bkopel","Oherba"
"N.-Varanger, Sandfjord","Broman","Oherba"
"N.-Varanger, Sandfjord","Svesic","Oherba"
"N.-Varanger, Sandfjord","Eacicu","Oretic"
"N.-Varanger, Sandfjord","Pdolic","Oretic"
"N.-Varanger, Sandfjord","Pponta","Oretic"
"N.-Varanger, Sandfjord","Chalci","Oretic"
"N.-Varanger, Sandfjord","Broman","Oretic"
"Lavangsdalen","Pdolic","Obridg"
"Lavangsdalen","Slappo","Obridg"
"Lavangsdalen","Etorym","Ogalla"
"Skagen","Eacicu","Ocolla"
"Skagen","Pdolic","Ocolla"
"Skagen","Chalci","Ocolla"
"Skagen","Aminim","Ocolla"
"Fauske","Eacicu","Evenus"
"Preetz, Postsee","Eacicu","Etesta"
"Polarkreis I","Celong","Odolic"
"Polarkreis I","Pdolic","Odolic"
"Polarkreis I","Pponta","Odolic"
"Polarkreis I","Chalci","Odolic"
"Polarkreis I","Broman","Odolic"
"Polarkreis I","Ilappo","Odolic"
"Polarkreis I","Slappo","Odolic"
"Polarkreis I","Ichnin","Odolic"
"N.-Varanger, Sandfjord","Etorym","Omyrsi"
"N.-Varanger, Sandfjord","Chalci","Omyrsi"
"N.-Varanger, Sandfjord","Broman","Omyrsi"
"N.-Varanger, Sandfjord","Ichnin","Omyrsi"
"Lofot, Sandsletta","Pponta","Obridg"
"Lofot, Sandsletta","Svesic","Obridg"
"Polarkreis II","Pdolic","Oherba"
"Polarkreis II","Pponta","Oherba"
"Polarkreis II","Bkopel","Oherba"
"Polarkreis II","Broman","Oherba"
"Jotunheimen, Breiseterdalen","Pdolic","Olappo"
"Jostedalen","Pdolic","Evenus"
"Jostedalen","Pponta","Evenus"
"Stiklestad","Pdolic","Otrian"
"Stiklestad","Llugen","Otrian"
"Heimhulhatten","Svesic","Obridg"
"Kilpisjärvi","Pdolic","Olappo"
"Kilpisjärvi","Broman","Olappo"
"Korgfjellet","Pdolic","Ohasta"
"Polarkreis II","Pdolic","Olappo"
"Polarkreis II","Pponta","Olappo"
"Polarkreis II","Broman","Olappo"
"Polarkreis II","Acubic","Olappo"
"Fauske","Pdolic","Ohasta"
"Fauske","Broman","Ohasta"
"Fauske","Sgranu","Ohasta"
"Fauske","Svesic","Ohasta"
"Taernaby / Tjamerev.","Eacicu","Osamol"
"Taernaby / Tjamerev.","Pdolic","Osamol"
"Taernaby / Tjamerev.","Pponta","Osamol"
"Taernaby / Tjamerev.","Chalci","Osamol"
"Taernaby / Tjamerev.","Slappo","Osamol"
"Taernaby / Tjamerev.","Acubic","Osamol"
"Taernaby / Tjamerev.","Svesic","Osamol"
"Ortenberg I","Eacicu","Oproxi"
"Ortenberg I","Chalci","Oproxi"
"Ortenberg I","Bconju","Oproxi"
"Ortenberg I","Llugen","Oproxi"
"Ortenberg I","Svesic","Oproxi"
"Ortenberg I","Ccruxx","Oproxi"
"Schrems-Pürbach","Chalci","Evenus"
"Schrems-Pürbach","Eacicu","Evenus"
"Ortenberg I","Eacicu","Ovimin"
"Ortenberg I","Etorym","Ovimin"
"Ortenberg I","Pdolic","Ovimin"
"Ortenberg I","Broman","Ovimin"
"Ortenberg I","Ccruxx","Ovimin"
"Riu di Pula, bei Cagliari","Eacicu","Ovimin"
"Riu di Pula, bei Cagliari","Euryto","Ovimin"
"Riu di Pula, bei Cagliari","Etorym","Ovimin"
"Riu di Pula, bei Cagliari","Pdolic","Ovimin"
"Riu di Pula, bei Cagliari","Chalci","Ovimin"
"Riu Malliu, bei Cagliari","Chalci","Ovimin"
"Riu Malliu, bei Cagliari","Broman","Ovimin"
"F. Corogiu, Tortoli","Eacicu","Ovimin"
"F. Corogiu, Tortoli","Chalci","Ovimin"
"N.-Varanger, Tanabru","Chalci","Elappo"
"S.-Varanger, Nyelv","Chalci","Eboreo"
"S.-Varanger, Vaggatem","Enobbe","Emyrti"
"S.-Varanger, Vaggatem","Peuura","Emyrti"
"S.-Varanger, Vaggatem","Chalci","Emyrti"
"S.-Varanger, Vaggatem, Elentj.","Enobbe","Emyrti"
"S.-Varanger, Vaggatem, Elentj.","Chalci","Emyrti"
"S.-Varanger, Vaggatem, Elentj.","Chalci","Esmyrt"
"S.-Varanger, Vaggatem","Chalci","Esmyrt"
"S.-Varanger, Nyrud","Enobbe","Elappo"
"S.-Varanger, Nyrud","Chalci","Elappo"
"S.-Varanger, Vaggatem, Elentj.","Enobbe","Elappo"
"S.-Varanger, Vaggatem, Elentj.","Chalci","Elappo"
"S.-Varanger, Svanvik","Enobbe","Esmyrt"
"S.-Varanger, Svanvik","Chalci","Esmyrt"
"S.-Varanger, Svanvik","Enobbe","Esmyrs"
"S.-Varanger, Svanvik","Chalci","Esmyrs"
"S.-Varanger, Svanvik","Peuura","Emyrti"
"S.-Varanger, Svanvik","Chalci","Emyrti"
"Kafjordbotn","Chalci","Ehasta"
"Kvaenangen, Gildetun","Chalci","Eboreo"
"Kilpisjärvi","Chalci","Elanat"
"Kilpisjärvi","Chalci","Eboreo"
"Kilpisjärvi","Chalci","Elappc"
"Kilpisjärvi","Ichnin","Elappc"
"Torne Träsk, Abisko","Chalci","Ephyli"
"Torne Träsk, Abisko","Chalci","Esmyrs"
"Torne Träsk, Abisko","Peuura","Esmyrs"
"Torne Träsk, Abisko","Chalci","Ehasta"
"Torne Träsk, Abisko","Chalci","Emyrsi"
"Lapphaugen bei Bardu","Chalci","Ehasta"
"Lapphaugen bei Bardu","Chalci","Emyrsi"
"Lapphaugen bei Bardu","Chalci","Elanat"
"Lofot, Laukvik","Chalci","Elappo"
"Lofot, Hadselsand","Chalci","Enigri"
"Fauske","Enobbe","Ehasta"
"Fauske","Peuura","Ehasta"
"Fauske","Chalci","Ehasta"
"Polarkreis II","Chalci","Eboreo"
"Korgfjellet","Chalci","Eboreo"
"Grane","Chalci","Emyrsi"
"Korgfjellet","Enobbe","Elappc"
"Korgfjellet","Ichnin","Elappc"
"Nordfjorden","Chalci","Emucro"
"Haugsdalen","Enobbe","Emucro"
"Haugsdalen","Chalci","Emucro"
"Nordfjorden","Chalci","Eaurit"
"Nordfjorden","Ccruxx","Eaurit"
"Heimhulhatten","Chalci","Emucro"
"Heimhulhatten","Chalci","Eaurit"
"Malm","Enobbe","Eaurit"
"Malm","Chalci","Eaurit"
"Hegra","Enobbe","Eaurit"
"Hegra","Chalci","Eaurit"
"Jotunheimen, Breiseterdalen","Ichnin","Elappc"
"Jostedalen","Chalci","Emyrsi"
"Jostedalen","Chalci","Elappo"
"Skjelingen","Chalci","Elappc"
"Skutevik","Chalci","Eciner"
"Skutevik","Enobbe","Emucro"
"Skutevik","Chalci","Emucro"
"Skjelingen","Pdolic","Eboreo"
"Skjelingen","Chalci","Eboreo"
"Skutevik","Chalci","Egemmc"
"Skagen","Enobbe","Eweiff"
"Skagen","Chalci","Eweiff"
"Lavangsdalen","Chalci","Ehasta"
"Ifjordfjellet II","Celong","Hplicg"
"Ifjordfjellet II","Ichnin","Hplicg"
"Jotunheimen, Breiseterdalen","Celong","Hplicg"
"Kühkopf, Mordhecke II","Celong","Hoblit"
"Kühkopf, Mordhecke II","Adelog","Hoblit"
"Kühkopf, Mordhecke II","Mesole","Hoblit"
"Kilianstätten","Apusil","Hpolit"
"Kilianstätten","Ichnin","Hpolit"
"Kilianstätten","Adelog","Hangli"
"Limeshain, Rommelhausen","Ichnin","Halien"
"Limeshain, Rommelhausen","Esalic","Emucro"
"Limeshain, Rommelhausen","Chalci","Emucro"
"Kiel, Dietrichsdorf","Pdolic","Egemmc"
"Kiel, Dietrichsdorf","Chalci","Egemmc"
"Kiel, Dietrichsdorf","Chalci","Eciner"
"Etzen","Chalci","Eaurit"
"Etzen","Eurozo","Eweiff"
"Etzen","Pcynip","Eweiff"
"Etzen","Chalci","Eweiff"
"Etzen","Eridol","Eweiff"
"Etzen","Mesole","Eweiff"
"Etzen","Svesic","Eweiff"
"Vejersstrand","Eacicu","Ocolla"
"Vejersstrand","Bracin","Ocolla"
"Vejersstrand","Svesic","Ocolla"
"Vejersstrand","Ichnin","Ocolla"
"Dachsteingebirge, Hoferalm b. Filzmos","Eacicu","Okriec"
"Dachsteingebirge, Hoferalm b. Filzmos","Etorym","Okriec"
"Dachsteingebirge, Hoferalm b. Filzmos","Pdolic","Okriec"
"Dachsteingebirge, Hoferalm b. Filzmos","Chalci","Okriec"
"Dachsteingebirge, Hoferalm b. Filzmos","Bracin","Okriec"
"Dachsteingebirge, Hoferalm b. Filzmos","Hruber","Okriec"
"Obertauern III","Chalci","Ofoeti"
"Obertauern III","Svesic","Ofoeti"
"Obertauern III","Ccruxx","Ofoeti"
"Etzen","Etorym","Ocolla"
"Etzen","Chalci","Ocolla"
"Annaberg, Tennengau","Etorym","Ovaria"
"Annaberg, Tennengau","Chalci","Ovaria"
"Annaberg, Tennengau","Broman","Ovaria"
"Dachsteinstraße, Ramsau","Chalci","Ogalla"
"Dachsteinstraße, Ramsau","Svesic","Ogalla"
"Dachsteinstraße, Ramsau","Hruber","Ogalla"
"Grimselpaß, Grimselsee","Etorym","Ohasta"
"Grimselpaß, Grimselsee","Svesic","Ohasta"
"Dachsteinstraße, Ramsau","Pdolic","Obridg"
"Dachsteinstraße, Ramsau","Chalci","Obridg"
"Dachsteinstraße, Ramsau","Olesic","Obridg"
"Dachsteinstraße, Ramsau","Svesic","Obridg"
"Dachsteinstraße, Ramsau","Hruber","Obridg"
"Schremser Moor","Etorym","Obella"
"Schremser Moor","Chalci","Obella"
"Obertauern III","Chalci","Obridg"
"Obertauern III","Svesic","Obridg"
"Obertauern III","Hruber","Obridg"
"Schrems-Pürbach","Pdolic","Obella"
"Schrems-Pürbach","Chalci","Obella"
"Schrems-Pürbach","Aminim","Obella"
"Rappottenstein, Edmühle, (Kamputer)","Aacumi","Etesta"
"Rappottenstein, Edmühle, (Kamputer)","Chalci","Etesta"
"Obertauern III","Pdolic","Oobscu"
"Obertauern III","Chalci","Oobscu"
"Obertauern III","Svesic","Oobscu"
"Schrems-Pürbach","Esalic","Evenus"
"Schrems-Pürbach","Aminim","Evenus"
"Schrems-Pürbach","Ccruxx","Evenus"
"Bad Ischl","Aacumi","Etesta"
"Bad Ischl","Eacicu","Etesta"
"Bad Ischl","Chalci","Etesta"
"Bad Ischl","Svesic","Etesta"
"Bad Ischl","Ccruxx","Etesta"
"Kilianstätten","Celong","Hpolit"
"Kilianstätten","Bracin","Hpolit"
"Kilianstätten","Espone","Hangli"
"Limeshain, Rommelhausen","Celong","Heryth"
"Limeshain, Rommelhausen","Acubic","Heryth"
"Ortenberg III","Apusil","Hangli"
"Rappottenstein, Edmühle","Esalic","Eatraa"
"Rappottenstein, Edmühle","Chalci","Eatraa"
"Dachsteinstraße, Ramsau","Chalci","Epurpu"
"Dachsteinstraße, Ramsau","Ichnin","Epurpu"
"Annaberg","Aacumi","Eelaea"
"Annaberg","Esalic","Eelaea"
"Annaberg","Chalci","Eelaea"
"Obertauern III","Aacumi","Eappen"
"Obertauern III","Pdolic","Eappen"
"Obertauern III","Peuura","Eappen"
"Obertauern III","Chalci","Eappen"
"Tauernpaß, Tweng","Chalci","Edaphn"
"Tauernpaß, Tweng","Enobbe","Eappen"
"Tauernpaß, Tweng","Chalci","Eappen"
"Obertauern I","Aacumi","Hischn"
"Ötztal, Vent/ Rofental","Aacumi","Egemmh"
"Schrems-Pürbach","Chalci","Emucro"
"Schrems-Pürbach","Ccruxx","Emucro"
"Purath nr. Arbesbach","Enobbe","Emucro"
"Purath nr. Arbesbach","Esalic","Emucro"
"Purath nr. Arbesbach","Pdolic","Emucro"
"Purath nr. Arbesbach","Peuura","Emucro"
"Purath nr. Arbesbach","Chalci","Emucro"
"Obertauern II","Chalci","Eelaea"
"Dachsteingebirge, Hoferalm b. Filzmos","Celong","Hpolit"
"Dachsteingebirge, Hoferalm b. Filzmos","Bracin","Hpolit"
"Dachsteingebirge, Hoferalm b. Filzmos","Apusil","Hpolit"
"Dachsteingebirge, Hoferalm b. Filzmos","Strico","Hpolit"
"Obertauern I","Acubic","Hplicd"
"Obertauern I","Apusil","Hplicd"
"Ötztal, Vent/ Gample","Chalci","Hcarin"
"Ötztal, Vent/ Gample","Ichnin","Hcarin"
"Traismauer an der Donau","Ichnin","Hoblit"
"Schremser Moor","Celong","Heryth"
"Grimselpaß, Grimselsee","Smorle","Hplicg"
"Grimselpaß, Grimselsee","Svesic","Hplicg"
"Grimselpaß, Grimselsee","Smorle","Hspirh"
"Arbesbach I","Aacumi","Eaurit"
"Arbesbach I","Enobbe","Eaurit"
"Arbesbach I","Esalic","Eaurit"
"Arbesbach I","Peuura","Eaurit"
"Arbesbach I","Chalci","Eaurit"
"Arbesbach I","Enobbe","Emucro"
"Arbesbach II","Aacumi","Eaurit"
"Arbesbach II","Enobbe","Eaurit"
"Arbesbach II","Esalic","Eaurit"
"Arbesbach II","Chalci","Eaurit"
"Arbesbach II","Enobbe","Emucro"
"Arbesbach III","Aacumi","Eaurit"
"Arbesbach III","Enobbe","Eaurit"
"Arbesbach III","Chalci","Eaurit"
"Arbesbach III","Aacumi","Emucro"
"Arbesbach III","Enobbe","Emucro"
"Arbesbach III","Chalci","Emucro"
"Altenstadt, Nidder","Enobbe","Eatraa"
"Altenstadt, Nidder","Chalci","Eatraa"
"Rheinau (Jungwuchs)","Chalci","Ovimin"
"Rheinau (Jungwuchs)","Bracin","Ovimin"
"Rheinau (Jungwuchs)","Svesic","Ovimin"
"Rheinau (Jungwuchs)","Aminim","Ovimin"
"Rheinau (Jungwuchs)","Ccruxx","Ovimin"
"Rheinau (Jungwuchs)","Tspone","Ovesic"
"Rheinau (Jungwuchs)","Eacicu","Ovesic"
"Rheinau (Jungwuchs)","Pdolic","Ovesic"
"Rheinau (Jungwuchs)","Chalci","Ovesic"
"Rheinau (Jungwuchs)","Axanth","Ovesic"
"Rheinau (Jungwuchs)","Bconju","Ovesic"
"Rheinau (Jungwuchs)","Bdisco","Ovesic"
"Rheinau (Jungwuchs)","Bepitr","Ovesic"
"Rheinau (Jungwuchs)","Bpicti","Ovesic"
"Rheinau (Jungwuchs)","Bpulch","Ovesic"
"Rheinau (Jungwuchs)","Bracin","Ovesic"
"Rheinau (Jungwuchs)","Svesic","Ovesic"
"Rheinau (Jungwuchs)","Aminim","Ovesic"
"Rheinau (Jungwuchs)","Ccruxx","Ovesic"
"Urdenbach, Urdenbacher Kämpe","Chalci","Oproxi"
"Urdenbach, Urdenbacher Kämpe","Bracin","Oproxi"
"Urdenbach, Urdenbacher Kämpe","Svesic","Oproxi"
"Urdenbach, Urdenbacher Kämpe","Ccruxx","Oproxi"
"Grietherbusch / Dornick","Pnemat","Oproxi"
"Grietherbusch / Dornick","Chalci","Oproxi"
"Grietherbusch / Dornick","Llugen","Oproxi"
"Grietherbusch / Dornick","Svesic","Oproxi"
"Grietherbusch / Dornick","Ichnin","Oproxi"
"Grietherbusch / Dornick","Ccruxx","Oproxi"
"Grietherbusch / Dornick","Etoxon","Oproxi"
"Zillis","Eacicu","Okriec"
"Zillis","Etorym","Okriec"
"Zillis","Pdolic","Okriec"
"Zillis","Chalci","Okriec"
"Zillis","Broman","Okriec"
"Zillis","Svesic","Okriec"
"Zillis","Ccruxx","Okriec"
"Zillis","Csalic","Okriec"
"Zillis","Hruber","Okriec"
"Zillis","Eacicu","Ovimin"
"Zillis","Etorym","Ovimin"
"Zillis","Pdolic","Ovimin"
"Zillis","Chalci","Ovimin"
"Zillis","Bepitr","Ovimin"
"Zillis","Bpicti","Ovimin"
"Zillis","Ibrevi","Ovimin"
"Zillis","Svesic","Ovimin"
"Zillis","Ccruxx","Ovimin"
"Rheinau","Ealbit","Ovimin"
"Rheinau","Chalci","Ovimin"
"Rheinau","Ccruxx","Ovimin"
"Hartheim","Chalci","Ovimin"
"Hartheim","Ccruxx","Ovimin"
"Rheinau","Chalci","Oproxi"
"Rheinau","Svesic","Oproxi"
"Rheinau","Ccruxx","Oproxi"
"Honau","Eacicu","Ovaria"
"Honau","Chalci","Ovaria"
"Hartheim","Etorym","Ovimin"
"Hartheim","Pdolic","Ovimin"
"Honau","Etorym","Ovimin"
"Honau","Chalci","Ovimin"
"Honau","Aminim","Ovimin"
"Honau","Ccruxx","Ovimin"
"Zillis","Broman","Ovesic"
"Zillis","Ccruxx","Ovesic"
"Obertauern I","Mesole","Onigri"
"Zillis","Pcynip","Ovimin"
"Zillis","Tspfiv","Okriec"
"Zillis","Broman","Ovimin"
"Zillis","Hruber","Ovimin"
"Zillis","Bbrevi","Okriec"
"Zillis","Svesic","Ovesic"
"Zillis","Chalci","Evenus"
"Zillis","Ccruxx","Evenus"
"Zillis","Bpicti","Okriec"
"Zillis","Bracin","Okriec"
"Zillis","Mesole","Okriec"
"Juppa","Chalci","Obrevi"
"Juppa","Broman","Obrevi"
"Juppa","Bracin","Obrevi"
"Juppa","Ichnin","Obrevi"
"Zillis","Tspfiv","Ovimin"
"Zillis","Eacicu","Ovesic"
"Zillis","Chalci","Ovesic"
"Zillis","Bpicti","Ovesic"
"Zillis","Hruber","Ovesic"
"Juppa","Pdolic","Ovaria"
"Juppa","Chalci","Ovaria"
"Juppa","Bobscu","Ovaria"
"Juppa","Broman","Ovaria"
"Juppa","Bracin","Ovaria"
"Juppa","Mesole","Ovaria"
"Juppa","Svesic","Ovaria"
"Juppa","Ccruxx","Ovaria"
"Juppa","Etorym","Ofoeti"
"Juppa","Pdolic","Ofoeti"
"Juppa","Pponta","Ofoeti"
"Juppa","Chalci","Ofoeti"
"Juppa","Svesic","Ofoeti"
"Juppa","Pponta","Oobscu"
"Juppa","Chalci","Oobscu"
"Juppa","Bracin","Oobscu"
"Juppa","Svesic","Oobscu"
"Juppa","Pcynip","Ofoeti"
"Juppa","Bracin","Ofoeti"
"Juppa","Hruber","Ofoeti"
"Juppa","Pdolic","Oobscu"
"Juppa","Mesole","Oobscu"
"Juppa","Ichnin","Oobscu"
"Juppa","Pponta","Obrevi"
"Juppa","Mesole","Obrevi"
"Juppa","Hruber","Obrevi"
"Lago di Lei","Chalci","Obridg"
"Lago di Lei","Ichnin","Obridg"
"Lago di Lei","Hruber","Obridg"
"Lago di Lei","Pdolic","Ofoeti"
"Lago di Lei","Broman","Ofoeti"
"Lago di Lei","Svesic","Ofoeti"
"Juppa","Broman","Oobscu"
"Julierpaß bei Bivio","Eacicu","Ofoeti"
"Julierpaß bei Bivio","Pponta","Ofoeti"
"Julierpaß bei Bivio","Chalci","Ofoeti"
"Julierpaß bei Bivio","Svesic","Ofoeti"
"Julierpaß bei Bivio","Pdolic","Oobscu"
"Julierpaß bei Bivio","Chalci","Oobscu"
"Julierpaß bei Bivio","Bracin","Oobscu"
"Julierpaß bei Bivio","Svesic","Oobscu"
"Albulapaß nr. Paßhöhe","Pponta","Oretus"
"Albulapaß nr. Paßhöhe","Chalci","Oretus"
"Albulapaß nr. Paßhöhe","Broman","Oretus"
"Albulapaß nr. Paßhöhe","Mesole","Oretus"
"Julierpaß bei Bivio","Chalci","Obrevi"
"Julierpaß bei Bivio","Bobscu","Obrevi"
"Julierpaß bei Bivio","Broman","Obrevi"
"Julierpaß bei Bivio","Bracin","Obrevi"
"Julierpaß bei Bivio","Ichnin","Obrevi"
"Julierpaß bei Bivio","Hruber","Ofoeti"
"La Massane","Chalci","Opedun"
"La Massane","Ichnin","Opedun"
"La Massane","Ccruxx","Opedun"
"Julierpaß bei Bivio","Hruber","Oobscu"
"Albulapaß nr. Paßhöhe","Chalci","Oretic"
"Albulapaß nr. Paßhöhe","Broman","Oretic"
"Albulapaß nr. Paßhöhe","Ichnin","Oretic"
"Albulapaß nr. Paßhöhe","Hruber","Oretic"
"Julierpaß bei Bivio","Chalci","Egemmf"
"Juppa","Peuura","Egemmf"
"Juppa","Chalci","Egemmf"
"Zillis","Enobbe","Edaphn"
"Zillis","Chalci","Edaphn"
"Zillis","Chalci","Enigri"
"Urdenbach, Urdenbacher Kämpe","Ealbit","Oproxi"
"Urdenbach, Urdenbacher Kämpe","Pnemat","Oproxi"
"Urdenbach, Urdenbacher Kämpe","Bdisco","Oproxi"
"Urdenbach, Urdenbacher Kämpe","Llugen","Oproxi"
"Grietherbusch / Dornick","Pdolic","Oproxi"
"Grietherbusch / Dornick","Bconju","Oproxi"
"Grietherbusch / Dornick","Bdisco","Oproxi"
"Grietherbusch / Dornick","Bracin","Oproxi"
"Grietherbusch / Dornick","Chalci","Otrian"
"Grietherbusch / Dornick","Svesic","Otrian"
"Hartheim","Pdolic","Oproxi"
"Hartheim","Chalci","Oproxi"
"Hartheim","Bdisco","Oproxi"
"Hartheim","Llugen","Oproxi"
"Hartheim","Svesic","Oproxi"
"Urdenbach, Urdenbacher Kämpe","Celong","Hangli"
"Urdenbach, Urdenbacher Kämpe","Eanali","Hangli"
"Urdenbach, Urdenbacher Kämpe","Ichnin","Hangli"
"Urdenbach, Urdenbacher Kämpe","Chalci","Hoblit"
"Grietherbusch / Dornick","Celong","Hoblit"
"Urdenbach, Urdenbacher Kämpe","Polybl","Hangli"
"Grietherbusch / Dornick","Chalci","Hangli"
"Honau","Ichnin","Hoblit"
"Honau","Ibrevi","Hpolit"
"Honau","Ichnin","Hpolit"
"Etzen","Esalic","Eweiff"
"Etzen","Mvesic","Eweiff"
"Rheinau","Ibrevi","Hpolit"
"Honau","Chalci","Hpruss"
"Honau","Adelog","Hpruss"
"Honau","Apusil","Hpolit"
"Honau","Celong","Hpruss"
"Zillis","Ialter","Hischn"
"Zillis","Chalci","Eelaea"
"Zillis","Aacumi","Enigri"
"Zillis","Bimmut","Enigri"
"Zillis","Bracin","Enigri"
"Zillis","Ichnin","Enigri"
"Zillis","Csalic","Enigri"
"Zillis","Esalic","Enigri"
"Hartheim","Eacicu","Oproxi"
"Hartheim","Bbrevi","Oproxi"
"Hartheim","Bimmut","Oproxi"
"Hartheim","Bracin","Oproxi"
"Hartheim","Ccruxx","Oproxi"
"Hartheim","Pnemat","Oproxi"
"Hartheim","Eurozo","Oproxi"
"Hartheim","Aminim","Oproxi"
"Hartheim","Eacicu","Ovimin"
"Hartheim","Bracin","Ovimin"
"Hartheim","Svesic","Ovimin"
"Hartheim","Aminim","Ovimin"
"Rheinau","Bepitr","Ovimin"
"Rheinau","Aminim","Ovimin"
"Rheinau","Bconju","Ovimin"
"Rheinau","Binter","Ovimin"
"Honau","Chalci","Oproxi"
"Honau","Bdisco","Oproxi"
"Honau","Llugen","Oproxi"
"Honau","Aminim","Ovaria"
"Ried / Oberinntal","Aacumi","Etesta"
"Ried / Oberinntal","Esalic","Etesta"
"Ried / Oberinntal","Pdolic","Etesta"
"Ried / Oberinntal","Chalci","Etesta"
"Ried / Oberinntal","Svesic","Etesta"
"Zillis","Bepitr","Okriec"
"Zillis","Aalvea","Ovimin"
"Juppa","Hruber","Oobscu"
"Montespluga","Pdolic","Obridg"
"Montespluga","Chalci","Obridg"
"Montespluga","Bkopel","Obridg"
"Montespluga","Broman","Obridg"
"Montespluga","Svesic","Obridg"
"Lago di Lei","Chalci","Oobscu"
"Lago di Lei","Hruber","Oobscu"
"Lago di Lei","Pponta","Ofoeti"
"Lago di Lei","Chalci","Ofoeti"
"Lago di Lei","Hruber","Ofoeti"
"Julierpaß bei Bivio","Bkopel","Oobscu"
"Fluela-Paß","Chalci","Oobscu"
"Fluela-Paß","Llugen","Oobscu"
"Albulapaß nr. Paßhöhe","Ichnin","Oretus"
"Julierpaß bei Bivio","Bkopel","Obrevi"
"Julierpaß bei Bivio","Broman","Ofoeti"
"Julierpaß bei Bivio","Bkopel","Ofoeti"
"Juppa","Bkopel","Obrevi"
"Juppa","Bimmut","Obrevi"
"Juppa","Ichnin","Ovaria"
"Juppa","Bkopel","Ovaria"
"Juppa","Hruber","Ovaria"
"Juppa","Spygid","Ovaria"
"Juppa","Chalci","Oretic"
"Juppa","Bkopel","Oretic"
"Juppa","Broman","Oretic"
"Julierpaß bei Bivio","Peuura","Egemmf"
"Lago di Lei","Chalci","Egemmf"
"Hartheim","Bkopel","Oproxi"
"Hartheim","Bracin","Ovesic"
"Hartheim","Svesic","Ovesic"
"Hartheim","Celong","Hangli"
"Hartheim","Ichnin","Hangli"
"Zillis","Celong","Hleuco"
"Zwettl","Strico","Hoblit"
"Honau","Bracin","Hpolit"
"Honau","Ichnin","Hangli"
"Hartheim","Bracin","Hangli"
"N.-Varanger, Sandfjord, Fjell","Ichnin","Oherba"
"S.-Varanger, Nyrud","Etorym","Omyrti"
"S.-Varanger, Nyrud","Chalci","Omyrti"
"S.-Varanger, Nyrud","Svesic","Omyrti"
"Lofot, Grunnfjord","Pdolic","Obridg"
"Lofot, Grunnfjord","Chalci","Obridg"
"Lofot, Grunnfjord","Svesic","Obridg"
"Lofot, Grunnfjord","Hruber","Obridg"
"S.-Varanger, Nyrud","Chalci","Ogalla"
"S.-Varanger, Vaggatem, Gjökasen","Pdolic","Ospset"
"S.-Varanger, Vaggatem, Gjökasen","Chalci","Ospset"
"S.-Varanger, Vaggatem, Gjökasen","Svesic","Ospset"
"Skutevik","Chalci","Oarcti"
"Skutevik","Svesic","Oarcti"
"S.-Varanger, Vaggatem","Eacicu","Emyrti"
"S.-Varanger, Vaggatem, Gjökasen","Eacicu","Esmyrt"
"S.-Varanger, Vaggatem, Gjökasen","Chalci","Esmyrt"
"S.-Varanger, Nyrud","Eacicu","Emyrti"
"S.-Varanger, Nyrud","Pdolic","Emyrti"
"S.-Varanger, Nyrud","Chalci","Emyrti"
"S.-Varanger, Vaggatem, Gjökasen","Eacicu","Emyrti"
"S.-Varanger, Vaggatem, Gjökasen","Pdolic","Emyrti"
"S.-Varanger, Vaggatem, Gjökasen","Chalci","Emyrti"
"Polarkreis I","Peuura","Elappo"
"Polarkreis I","Bracin","Elappo"
"Polarkreis I","Ichnin","Elappo"
"Lapphaugen bei Bardu","Ichnin","Ehasta"
"Lofot, Austvagoya, Moksnes","Chalci","Eboreo"
"Vikafjell bei Viksöyri II","Chalci","Eboreo"
"Großgerungs","Esalic","Eciner"
"Großgerungs","Pdolic","Eciner"
"Großgerungs","Peuura","Eciner"
"Großgerungs","Chalci","Eciner"
"Dovrefjell","Ssubar","Hnudip"
"Karasjok","Celong","Hplicp"
"Karasjok","Celong","Hnudip"
"Lakselv / Stabursnes","Lpunct","Hischn"
"Lakselv / Stabursnes","Bracin","Hplicp"
"Lakselv / Stabursnes","Ssubar","Hplicp"
"Alta","Strico","Hischn"
"Lakselv / Stabursnes","Sborea","Hnudip"
"Lakselv / Stabursnes","Ssubar","Hnudip"
"N.-Varanger, Tanabru","Celong","Hnudip"
"N.-Varanger, Tanabru","Lpunct","Hischn"
"S.-Varanger, Ferdesmyra","Eanali","Hplicl"
"N.-Varanger, Reppen","Celong","Hplicg"
"N.-Varanger, Reppen","Lpunct","Hplicg"
"S.-Varanger, Storskog","Celong","Hnudip"
"S.-Varanger, Storskog","Atroch","Hnudip"
"S.-Varanger, Storskog","Ichnin","Hnudip"
"S.-Varanger, Nyrud","Chalci","Hleuco"
"S.-Varanger, Nyrud","Lalpiu","Hleuco"
"S.-Varanger, Vaggatem, Elentj.","Celong","Hnudip"
"S.-Varanger, Vaggatem, Elentj.","Ichnin","Hischn"
"S.-Varanger, Nyrud","Celong","Hnudip"
"S.-Varanger, Nyrud","Celong","Htuber"
"S.-Varanger, Nyrud","Bracin","Hnudip"
"S.-Varanger, Nyrud","Strico","Hnudip"
"S.-Varanger, Vaggatem","Celong","Hscapr"
"S.-Varanger, Vaggatem","Apusil","Hscapr"
"S.-Varanger, Vaggatem","Mesole","Hscapr"
"S.-Varanger, Vaggatem","Smorle","Hscapr"
"S.-Varanger, Vaggatem","Srenov","Hscapr"
"S.-Varanger, Vaggatem","Celong","Hnudip"
"Lapphaugen bei Bardu","Celong","Htuber"
"Lapphaugen bei Bardu","Atroch","Htuber"
"Lapphaugen bei Bardu","Etaige","Htuber"
"Ifjordfjellet / Gilojokka","Celong","Hplicg"
"Ifjordfjellet / Gilojokka","Eclytu","Hplicg"
"Ifjordfjellet / Gilojokka","Ssubar","Hnudip"
"Lofot, Austvagoya, Morfjord","Celong","Htuber"
"Lofot, Austvagoya, Morfjord","Apusil","Htuber"
"Kilpisjärvi","Ssubar","Hnudip"
"Kilpisjärvi","Celong","Hacuti"
"Kilpisjärvi","Celong","Hplicg"
"Polarkreis I","Bracin","Hplicg"
"Polarkreis I","Ichnin","Hplicg"
"Lapphaugen bei Bardu","Atroch","Hnudip"
"Lapphaugen bei Bardu","Ichnin","Hnudip"
"Lofot, Austvagoya, Rörvika","Srenov","Hanoma"
"Vikafjell bei Viksöyri II","Ichnin","Hplicg"
"Vikafjell bei Viksöyri","Apusil","Hplicg"
"Skogan","Celong","Hnudip"
"Skogan","Ssubar","Hnudip"
"Seljestad bei Odda","Apusil","Hacuti"
"Lofot, Flakstad, Flakstad","Apusil","Hplicg"
"Lofot, Flakstad, Flakstad","Coreop","Hplicg"
"Polarkreis I","Celong","Hacuti"
"Polarkreis I","Apusil","Hacuti"
"Polarkreis I","Snigri","Hacuti"
"Skutevik","Cdorsa","Heryth"
"Seljestad bei Odda","Lpunct","Hplicl"
"Skutevik","Cdorsa","Halien"
"Skutevik","Lpunct","Halien"
"Olderfjord / Hatter","Chalci","Elappo"
"Ifjordfjellet / Gilojokka","Chalci","Eboreo"
"Skutevik","Chalci","Eaurit"
"Altenstadt, Nidder","Esalic","Eatraa"
"Hartheim","Ealbit","Oproxi"
"Obertauern I","Pdolic","Obridg"
"Obertauern I","Svesic","Obridg"
"Defereggental, Stalleralm","Cgraci","Obridg"
"Defereggental, Stalleralm","Slappo","Obridg"
"Hohe Tauern, Kals","Chalci","Omonti"
"Hohe Tauern, Kals","Chalci","Oobscu"
"Defereggental, St. Jakob, Trojer Alm","Ichnin","Obridg"
"Defereggental, St. Jakob, Trojer Alm","Hruber","Obridg"
"Luxembourg","Chalci","Oaacut"
"Luxembourg","Broman","Oaacut"
"Luxembourg","Bracin","Oaacut"
"Kiel, Dietrichsdorf","Celong","Hangli"
"Kiel, Dietrichsdorf","Celong","Hleuca"
"Kiel, Dietrichsdorf","Smorle","Hleuca"
"Defereggental, Erlsbach","Apusil","Hpolit"
"Defereggental, Erlsbach","Apusil","Hspira"
"Defereggental, Erlsbach","Ichnin","Hspira"
"Defereggental, St. Jakob, Trojer Alm","Celong","Hpurpu"
"Defereggental, Erlsbach","Celong","Hplicd"
"Defereggental, St. Jakob, Trojer Alm","Celong","Hpolit"
"Defereggental, St. Jakob, Trojer Alm","Adelog","Hpolit"
"Defereggental, St. Jakob, Trojer Alm","Celong","Hspira"
"Defereggental, St. Jakob, Trojer Alm","Adelog","Hspira"
"Defereggental, Oberhausalpe","Adelog","Hspira"
"Defereggental, Erlsbach","Adelog","Hplicd"
"Hohe Tauern, Kals","Adelog","Hspira"
"Defereggental, Erlsbach","Celong","Hspira"
"Defereggental, Erlsbach","Adelog","Hspira"
"Defereggental, Stalleralm","Adelog","Hspira"
"Weißenbach","Chalci","Oproxi"
"Weißenbach","Ccruxx","Oproxi"
"Ramsau, Silberklamm","Etorym","Ovaria"
"Ramsau, Silberklamm","Chalci","Ovaria"
"Ramsau, Silberklamm","Eacicu","Okriec"
"Ramsau, Silberklamm","Etorym","Okriec"
"Ramsau, Silberklamm","Svesic","Okriec"
"Ramsau, Silberklamm","Ccruxx","Okriec"
"Obertauern I","Slappo","Onigri"
"Schönfeld, Dr. Josef Mehrlhütte","Pdolic","Onigri"
"Schönfeld, Dr. Josef Mehrlhütte","Chalci","Onigri"
"Schönfeld, Dr. Josef Mehrlhütte","Svesic","Onigri"
"Schönfeld, Dr. Josef Mehrlhütte","Bracin","Onigri"
"Schönfeld, Dr. Josef Mehrlhütte","Pdolic","Odolic"
"Schönfeld, Dr. Josef Mehrlhütte","Chalci","Odolic"
"Schönfeld, Dr. Josef Mehrlhütte","Bracin","Odolic"
"Schönfeld, Dr. Josef Mehrlhütte","Svesic","Odolic"
"Usedom, Görmitz","Chalci","Ogalla"
"Usedom, Görmitz","Bepitr","Ogalla"
"Usedom, Ziemitz","Pdolic","Otrian"
"Usedom, Ziemitz","Chalci","Otrian"
"Usedom, Ziemitz","Bracin","Otrian"
"Usedom, Ziemitz","Svesic","Otrian"
"Usedom, Ziemitz","Ccruxx","Otrian"
"Wüstensachsen, NWR Stirnberg","Celong","Hanoma"
"Wüstensachsen, NWR Stirnberg","Celong","Halien"
"Wüstensachsen, NWR Stirnberg","Apusil","Halien"
"Wüstensachsen, NWR Stirnberg","Celong","Hleuca"
"Wüstensachsen, NWR Stirnberg","Smorle","Hleuca"
"Waldverchs","Celong","Hpolit"
"Waldverchs","Adelog","Hpolit"
"Waldverchs","Ichnin","Hpolit"
"Waldverchs","Celong","Hpurpu"
"Waldverchs","Celong","Hpruss"
"Waldverchs","Apusil","Hpruss"
"Waldverchs","Celong","Hleuca"
"Waldverchs","Bracin","Hleuca"
"Waldverchs","Adelog","Hleuca"
"Waldverchs","Celong","Hangli"
"Waldverchs","Bracin","Hangli"
"Schladming, Untertal","Celong","Hleuco"
"Ramsau, Silberklamm","Celong","Hpolit"
"Ramsau, Silberklamm","Adelog","Hpolit"
"Ramsau, Silberklamm","Smorle","Hpolit"
"Ramsau, Silberklamm","Celong","Hischn"
"Schladming, Untertal, Riesachfälle","Celong","Hleuco"
"Schladming, Untertal, Riesachfälle","Celong","Hspira"
"Schladming, Untertal, Riesachfälle","Adelog","Hspira"
"Ramsau, Silberklamm","Celong","Hspira"
"Ramsau, Silberklamm","Celong","Hpurpu"
"Weißenbach","Celong","Hpurpu"
"Weißenbach","Ppumil","Hpurpu"
"Schladming, Untertal","Celong","Hpscho"
"Ramsau, Silberklamm","Strico","Hpscho"
"Usedom, Trassenheide","Celong","Hpruss"
"Usedom, Trassenheide","Bracin","Hpruss"
"Usedom, Zempin, Lüttendorf","Strico","Hoblit"
"Möggingen","Celong","Hleuca"
"Möggingen","Chalci","Hleuca"
"Dettingen","Celong","Hleuco"
"Hegne nr. Allensbach","Celong","Hleuca"
"Hegne nr. Allensbach","Celong","Hpruss"
"Kiel, Dietrichsdorf","Eanali","Hangli"
"Schwarzwald, Altglashütten","Celong","Heryth"
"Schwarzwald, Altglashütten","Apusil","Heryth"
"Schwarzwald, Altglashütten","Celong","Halien"
"Schwarzwald, Altglashütten","Apusil","Halien"
"Hartheim","Apusil","Hangli"
"Hartheim","Ppumil","Hangli"
"Wüstensachsen, NWR Stirnberg","Etoxon","Obridg"
"Östersund","Ichnin","Hleuca"
"Östersund","Celong","Hpruss"
"Storuman","Ichnin","Hacuti"
"Storuman","Eacicu","Opustu"
"Storuman","Pdolic","Opustu"
"Storuman","Bracin","Opustu"
"Storuman","Acubic","Opustu"
"Storuman","Ppumil","Opustu"
"Storuman","Adelog","Hleuco"
"Fauske","Ichnin","Hcarin"
"Polarkreis I","Chalci","Hacuti"
"Polarkreis I","Ichnin","Hacuti"
"Polarkreis I","Celong","Hplicl"
"Polarkreis I","Eacicu","Opolar"
"Lofot, Austvagoya, Morfjord","Pdolic","Ohasta"
"Lofot, Austvagoya, Morfjord","Chalci","Ohasta"
"Lofot, Austvagoya, Morfjord","Svesic","Ohasta"
"Lofot, Austvagoya, Morfjord","Chalci","Ehasta"
"Lofot, Austvagoya, Morfjord","Ichnin","Ehasta"
"Lofot, Austvagoya, Morfjord","Chalci","Hplicg"
"Lofot, Austvagoya, Morfjord","Bracin","Hplicg"
"Lofot, Austvagoya, Morfjord","Apusil","Hplicg"
"Lofot, Austvagoya, Morfjord","Ichnin","Hplicg"
"Lofot, Austvagoya, Delp","Apusil","Hplicg"
"Lofot, Austvagoya, Delp","Croman","Hplicg"
"Lofot, Austvagoya, Delp","Chalci","Onival"
"Lofot, Flakstad, Flakstad","Ichnin","Hplicg"
"Misvaerfjorden, Misvaer","Etorym","Ovaria"
"Misvaerfjorden, Misvaer","Pdolic","Ovaria"
"Tennholmfjorden, Gimstad","Ichnin","Hplicg"
"Lofot, Vestvagoy, Torvdalen","Eacicu","Eboreo"
"Lofot, Vestvagoy, Torvdalen","Chalci","Eboreo"
"Steinamoen","Chalci","Emyrsi"
"Steinamoen","Chalci","Ovaria"
"Steinamoen","Celong","Onigri"
"Steinamoen","Chalci","Onigri"
"Hammer","Lpunct","Halien"
"Leira nr. Trondheim","Cdorsa","Halien"
"Leira nr. Trondheim","Croman","Halien"
"Leira nr. Trondheim","Lpunct","Halien"
"Leira nr. Trondheim","Ichnin","Heryth"
"Leira nr. Trondheim","Chalci","Obella"
"Leira nr. Trondheim","Svesic","Obella"
"Berkak","Bracin","Hischn"
"Berkak","Smorle","Hischn"
"Berkak","Strico","Hischn"
"Dovrefjell, Grönbakken","Eacicu","Omyrsi"
"Dovrefjell, Grönbakken","Etorym","Omyrsi"
"Dovrefjell, Grönbakken","Chalci","Omyrsi"
"Dovrefjell, Grönbakken","Ichnin","Omyrsi"
"Dovrefjell, Grönbakken","Celong","Hacuti"
"Dovrefjell, Grönbakken","Bracin","Hacuti"
"Dovrefjell, Grönbakken","Celong","Hplicp"
"Dovrefjell, Grönbakken","Chalci","Odolic"
"Dovrefjell, Grönbakken","Broman","Odolic"
"Dovrefjell, Grönbakken","Chalci","Oarcti"
"Dovrefjell, Grönbakken","Chalci","Ephyli"
"Tretten, Nordbu nr. Ringebu","Chalci","Eboreo"
"Tretten, Nordbu nr. Ringebu","Ichnin","Eboreo"
"Peer Gynt veien I","Chalci","Osamol"
"Peer Gynt veien I","Broman","Osamol"
"Peer Gynt veien I","Acubic","Osamol"
"Peer Gynt veien I","Svesic","Osamol"
"Peer Gynt veien I","Chalci","Olappo"
"Peer Gynt veien I","Acubic","Olappo"
"Peer Gynt veien I","Chalci","Elappo"
"Peer Gynt veien I","Ichnin","Elappo"
"Peer Gynt veien II","Cflavi","Hplicp"
"Peer Gynt veien III","Eacicu","Oglabr"
"Peer Gynt veien III","Chalci","Oglabr"
"Peer Gynt veien III","Bracin","Oglabr"
"Peer Gynt veien III","Svesic","Oglabr"
"Peer Gynt veien III","Chalci","Elanat"
"Peer Gynt veien III","Ichnin","Elanat"
"Kjölen nr. Halden","Peuura","Eweiff"
"Kjölen nr. Halden","Chalci","Eweiff"
"Kjölen nr. Halden","Ichnin","Eweiff"
"Kjölen nr. Halden","Chalci","Ocolla"
"Kjölen nr. Halden","Celong","Halien"
"Kjölen nr. Halden","Chalci","Obella"
"Kjölen nr. Halden","Broman","Obella"
"Tretten, Nordbu nr. Ringebu","Chalci","Elappo"
"Süder-Friedrichs-Koog","Chalci","Ovimin"
"Süder-Friedrichs-Koog","Chalci","Ovesic"
"Süder-Friedrichs-Koog","Ccruxx","Ovesic"
"Süder-Friedrichs-Koog","Chalci","Obridg"
"Katinger Watt","Bracin","Opedun"
"Katinger Watt","Ccruxx","Opedun"
"Horn / Bodensee / Gnadensee","Chalci","Oviril"
"Horn / Bodensee / Gnadensee","Svesic","Oviril"
"Horn / Bodensee / Gnadensee","Ccruxx","Oviril"
"Neuwilen, Bommer Weiher","Pdolic","Oviril"
"Neuwilen, Bommer Weiher","Chalci","Oviril"
"Neuwilen, Bommer Weiher","Ccruxx","Oviril"
"Radolfzell, Mettnau","Chalci","Oviril"
"Radolfzell, Mettnau","Ccruxx","Oviril"
"Andelshofen","Chalci","Oviril"
"Andelshofen","Ccruxx","Oviril"
"Rügen, Bergen / Kaiseritz","Chalci","Oproxi"
"Rügen, Bergen / Kaiseritz","Ccruxx","Oproxi"
"Rügen, Glowitz","Chalci","Opprox"
"Rügen, Glowitz","Bimmut","Opprox"
"Rügen, Glowitz","Ccruxx","Opprox"
"Rügen, Neukamp","Chalci","Opprox"
"Rügen, Neukamp","Bimmut","Opprox"
"Rügen, Neukamp","Bkopel","Opprox"
"Rügen, Neukamp","Bracin","Opprox"
"Rügen, Neukamp","Ccruxx","Opprox"
"Modrus","Eacicu","Ovimin"
"Modrus","Chalci","Ovimin"
"Modrus","Eacicu","Ovesic"
"Modrus","Chalci","Ovesic"
"Modrus","Ichnin","Ovesic"
"St. Ulrichs","Aacumi","Eciner"
"St. Ulrichs","Esalic","Eciner"
"St. Ulrichs","Chalci","Eciner"
"Etzen","Aacumi","Eaurit"
"Pretrobruck","Aacumi","Eaurit"
"Pretrobruck","Chalci","Eaurit"
"Rastenfeld","Esalic","Epurpu"
"Rastenfeld","Chalci","Epurpu"
"St. Peter-Ording","Eurozo","Eweiff"
"St. Peter-Ording","Pcynip","Eweiff"
"St. Peter-Ording","Torymu","Eweiff"
"St. Peter-Ording","Chalci","Eweiff"
"St. Peter-Ording","Gornat","Eweiff"
"Weinfelden / Thur","Ireuni","Hpolit"
"Radolfzell, Mettnau","Ireuni","Hpurpu"
"Radolfzell, Mettnau","Ireuni","Hpolit"
"Weinfelden / Thur","Celong","Hpurpu"
"Radolfzell, Mindelsee","Ireuni","Hleuca"
"Radolfzell, Mindelsee","Smorle","Hleuca"
"Markelfingen / Schlafbach","Celong","Hpolit"
"Hegne nr. Allensbach","Apusil","Hpruss"
"Radolfzell, Mindelsee","Celong","Hpruss"
"Neuwilen, Bommer Weiher","Celong","Hpruss"
"Kattenhorn nr. Wangen / Bodensee /Untersee","Celong","Hleuca"
"Kattenhorn nr. Wangen / Bodensee /Untersee","Ireuni","Hleuca"
"Hegne nr. Allensbach","Chalci","Hleuca"
"Hegne nr. Allensbach","Ireuni","Hleuca"
"Markelfingen / Schlafbach","Chalci","Hleuca"
"Skaerbaek","Celong","Hleuca"
"Tondern","Celong","Hleuca"
"Rastenfeld","Celong","Hpurpu"
"Rügen, Glowitz","Apusil","Hleuco"
"Rügen, Bergen / Kaiseritz","Cvarie","Heryth"
"Rügen, Bergen / Kaiseritz","Celong","Hpruss"
"Rügen, Bergen / Kaiseritz","Smorle","Hpruss"
"Rügen, Zittvitz","Apusil","Hleuca"
"Rügen, Neuensien","Apusil","Hleuco"
"Rügen, Bergen / Kaiseritz","Apusil","Heryth"
"Rügen, Bergen / Kaiseritz","Ichnin","Heryth"
"Rügen, Neuensien","Celong","Hpruss"
"Rügen, Neuensien","Apusil","Hpruss"
"Rügen, Dolgemost","Celong","Hpruss"
"Rügen, Dolgemost","Ireuni","Hpruss"
"Rügen, Bergen / Nonnenweiher","Celong","Heryth"
"Rügen, Kiekut","Celong","Hpruss"
"Rügen, Kiekut","Apusil","Hpruss"
"Rügen, Glowitz","Ecalca","Hoblit"
"Rügen, Glowitz","Strico","Hoblit"
"Rügen, Stedar","Celong","Hleuca"
"Rügen, Stedar","Apusil","Hleuca"
"Rügen, Neukamp","Celong","Hleuca"
"Rügen, Neukamp","Apusil","Hleuca"
"Rügen, Stedar","Smorle","Hangli"
"Rügen, Bergen / Kaiseritz","Celong","Hleuca"
"Rügen, Bergen / Kaiseritz","Apusil","Hleuca"
"Rügen, Bergen / Nonnenweiher","Celong","Halien"
"Rügen, Bergen / Nonnenweiher","Apusil","Halien"
"Rügen, Dolgemost","Celong","Hleuca"
"Waldreichs","Celong","Hleuca"
"Waldreichs","Apusil","Hleuca"
"Waldreichs","Ichnin","Hleuca"
"Palanga","Eacicu","Oadaph"
"Palanga","Chalci","Oadaph"
"Palanga","Bracin","Oadaph"
"Kiduliai nr. Jurbarkas","Svesic","Oaacut"
"Kiduliai nr. Jurbarkas","Eacicu","Ovimin"
"nr. Rociskiai","Chalci","Etesta"
"Nymindegab","Esalic","Eweiff"
"Nymindegab","Chalci","Eweiff"
"Nymindegab","Svesic","Eweiff"
"Vejersstrand","Esalic","Eweiff"
"Vejersstrand","Svesic","Eweiff"
"Markelfingen","Celong","Hoblit"
"Markelfingen / Schlafbach","Celong","Hoblit"
"Markelfingen / Schlafbach","Ichnin","Hpolit"
"Radolfzell, Mettnau","Celong","Hoblit"
"Radolfzell, Mettnau","Celong","Hpolit"
"Markelfingen","Chalci","Hleuca"
"Markelfingen","Adelog","Hleuca"
"Hegne nr. Allensbach","Adelog","Hleuca"
"Grafenschlag","Celong","Hpurpu"
"Grafenschlag","Adelog","Hpurpu"
"nr. Grabnik","Celong","Hpurpu"
"nr. Grabnik","Celong","Hpolit"
"nr. Grabnik","Ichnin","Hpolit"
"nr. Grabnik","Celong","Hanoma"
"Siluva","Celong","Hanoma"
"Siluva","Celong","Hleuca"
"Sudargas","Celong","Hleuca"
"Jurbarkas","Celong","Hangli"
"Kiduliai nr. Jurbarkas","Celong","Hangli"
"Jurbarkas","Adelog","Hleuca"
"Sudargas","Celong","Hpruss"
"Sudargas","Adelog","Hpruss"
"Sudargas","Celong","Hanoma"
"Sudargas","Celong","Heryth"
"Sudargas","Adelog","Heryth"
"nr. Rociskiai","Adelog","Hpruss"
"Palanga","Celong","Hpruss"
"Palanga","Adelog","Hpruss"
"Raudone","Celong","Hoblit"
"Walcz","Celong","Hanoma"
"Walcz","Adelog","Hanoma"
"Dabrowka nr. Mikolaiken","Celong","Hanoma"
"Dabrowka nr. Mikolaiken","Adelog","Hanoma"
"Sudargas","Celong","Halien"
"nr. Rociskiai","Celong","Hleuca"
"nr. Rociskiai","Adelog","Hleuca"
"Palanga","Celong","Hischn"
"Neringa, Juodkrante","Celong","Hpruss"
"Neringa, Juodkrante","Adelog","Hpruss"
"Raudone","Celong","Hangli"
"Palanga","Celong","Hanoma"
"Palanga","Adelog","Hanoma"
"Nemirseta nr. Palanga","Adelog","Hleuca"
"Palanga","Celong","Hleuca"
"Palanga","Adelog","Hleuca"
"Skagen","Svesic","Eweiff"
"St. Peter-Ording","Bracin","Eweiff"
"Langen-Bergheim","Celong","Hleuca"
"Langen-Bergheim","Apusil","Hleuca"
"Langen-Bergheim","Celong","Halien"
"Langen-Bergheim","Celong","Heryth"
"Langen-Bergheim","Celong","Hpruss"
"Langen-Bergheim","Celong","Hleuco"
"Langen-Bergheim","Apusil","Hleuco"
"Kiel, Dietrichsdorf","Celong","Hpruss"
"Bodman, Stockenloch","Apusil","Hleuco"
"Radolfzell, Markelfingen, Hornhalde","Celong","Hspecc"
"Radolfzell, Mettnau","Apusil","Hpruss"
"Radolfzell, Mettnau","Celong","Hleuca"
"Radolfzell, Mindelsee","Strico","Hpruss"
"Radolfzell, Markelfingen, Hornhalde","Apusil","Hleuco"
"Mühlhofen, Alseweiher","Celong","Hleuca"
"Gebhardsweiler, Mühlhofen","Apusil","Hleuco"
"Mühlhofen, Alseweiher","Celong","Hpruss"
"Eigeltingen","Apusil","Hleuco"
"Ötztal, Vent/ Gample","Apusil","Hspira"
"Ötztal, Zwieselstein","Celong","Hspira"
"Ötztal, Sölden/ Windache","Celong","Hspira"
"Sulztal, Gries","Apusil","Hspira"
"Sulztal, Gries","Celong","Hspira"
"Ötztal, Hochgurgl","Celong","Hplicg"
"Ötztal, Hochgurgl","Strico","Hplicg"
"Klausdorf, Schwentine","Pdolic","Oproxi"
"Klausdorf, Schwentine","Ccruxx","Oproxi"
"Langen-Bergheim","Pdolic","Oproxi"
"Langen-Bergheim","Bracin","Oproxi"
"Langen-Bergheim","Svesic","Oproxi"
"Langen-Bergheim","Ccruxx","Oproxi"
"Röros","Pdolic","Obridg"
"Röros","Ichnsp","Obridg"
"Röros","Svesic","Obridg"
"Röros","Latole","Obridg"
"Skjölden","Pdolic","Ovaria"
"Skjölden","Sgranu","Ovaria"
"Kvamskogen","Chalci","Opustu"
"Kvamskogen","Svesic","Opustu"
"Röros","Eacicu","Ohasta"
"Röros","Pdolic","Ohasta"
"Röros","Svesic","Ohasta"
"Nigardsbreen nr. Gaupne","Esalic","Emyrsi"
"Nigardsbreen nr. Gaupne","Chalci","Emyrsi"
"Oppdal","Chalci","Evenus"
"Jotunheimen, Krossbu","Pdolic","Elappc"
"Jotunheimen, Krossbu","Chalci","Elappc"
"Jotunheimen, Krossbu","Svesic","Elappc"
"St. Peter-Ording","Bracsp","Eweiff"
"Nymindegab","Torymu","Eweiff"
"Limeshain, Rommelhausen","Celong","Hpruss"
"Limeshain, Rommelhausen","Apusil","Hpruss"
"Limeshain, Rommelhausen","Celong","Hleuca"
"Limeshain, Rommelhausen","Apusil","Halien"
"Meldal, Resvatnet","Celong","Hplicg"
"Meldal, Resvatnet","Efront","Hplicg"
"Meldal, Resvatnet","Rbrach","Hplicg"
"Rondane Nationalpark, Solvang","Celong","Hnudip"
"Tretten, Nordbu nr. Ringebu","Celong","Hplicg"
"Meldal, Resvatnet","Celong","Hsglau"
"Rondane Nationalpark, Solvang","Celong","Hplicg"
"Peer Gynt veien III","Slappo","Hischn"
"Röros","Celong","Hplicg"
"Röros","Chalci","Hplicg"
"Kvamskogen","Celong","Halien"
"Kvamskogen","Adelog","Halien"
"Kvamskogen","Smorle","Halien"
"Kvamskogen","Saotis","Halien"
"Kvamskogen","Latole","Halien"
"Hordalia nr. Röldal","Lpunct","Hplicl"
"Meldal, Resvatnet","Celong","Hplicl"
"Meldal, Resvatnet","Ctenoc","Hplicl"
"Meldal, Resvatnet","Rbrach","Hplicl"
"Skutevik","Adelog","Halien"
"Kvamskogen","Celong","Hnudip"
"Kvamskogen","Celong","Hplicl"
"Kvamskogen","Smorle","Hplicl"
"Aldino","Chalci","Oviril"
"Aldino","Svesic","Oviril"
"Aldino","Aminim","Oviril"
"Nymindegab","Tetras","Eweiff"
"Nymindegab","Bracsp","Eweiff"
"Truden","Celong","Hanoma"
"Passo di Mendola nr. Kaltern","Bracin","Hanoma"
"Passo di Mendola nr. Kaltern","Cflavi","Hleuco"
"Bletterbachschlucht nr.Aldino","Chalci","Hspira"
"Aldino","Celong","Hpurpu"
"Aldino","Chalci","Hpurpu"
"Preetz, Postsee","Celong","Hleuca"
"Klausdorf, Schwentine","Smorle","Hleuca"
"Kiel, Langsee","Apusil","Hangli"
"Preetz, Postsee","Celong","Hpruss"
"Preetz, Postsee","Apusil","Hpruss"
"Kiel, Langsee","Celong","Hleuca"
"Limeshain, Rommelhausen","Apusil","Hleuca"
"Langen-Bergheim","Apusil","Halien"
"Langen-Bergheim","Chalci","Heryth"
"Langen-Bergheim","Ichnin","Heryth"
"Born, Darß","Celong","Heryth"
"Born, Darß","Apusil","Heryth"
"Born, Darß","Dstram","Heryth"
"Blavand","Celong","Hleuca"
"Nymindegab","Celong","Hpruss"
"Nymindegab","Celong","Hleuca"
"Vejersstrand","Celong","Hleuca"
"Vejersstrand","Ichnin","Hangli"
"Peer Gynt veien, Hattal","Celong","Hplicg"
"Tretten, Nordbu nr. Ringebu","Celong","Hacuti"
"Peer Gynt veien III","Apusil","Hischn"
"Meldal, Resvatnet","Apusil","Hplicl"
"Meldal, Resvatnet","Ichnin","Hplicl"
"Peer Gynt veien, Gala","Celong","Hplicl"
"Peer Gynt veien, Gala","Apusil","Hplicl"
"Peer Gynt veien III","Celong","Hplicg"
"Peer Gynt veien III","Apusil","Hplicg"
"Tretten, Nordbu nr. Ringebu","Celong","Hsglau"
"Tretten, Nordbu nr. Ringebu","Celong","Hplicl"
"Meldal, Resvatnet","Sborea","Hnudip"
"Meldal, Resvatnet","Snigri","Hnudip"
"Meldal, Resvatnet","Ichnin","Hnudip"
"Meldal, Resvatnet","Ichnin","Hsglau"
"Meldal, Resvatnet","Ichnin","Hplicg"
"Peer Gynt veien, Gala","Celong","Hplicg"
"Vikafjell bei Viksöyri","Chalci","Hplicg"
"Hordalia nr. Röldal","Celong","Hplicg"
"Hordalia nr. Röldal","Apusil","Hplicg"
"Hordalia nr. Röldal","Ichnin","Hplicg"
"Store Bjornvatn","Apusil","Hplicl"
"Peer Gynt veien III","Celong","Hacuti"
"Sunnylvsfjorden nr Royr, Stranda","Ichnin","Hnudip"
"Hordalia nr. Röldal","Ichnin","Hplicl"
