"site","consumer","resource"
"Griesheim bei Darmstadt","Aacumi","Ovimin"
"Griesheim bei Darmstadt","Aacumi","Ogalla"
"Griesheim bei Darmstadt","Aacumi","Obridg"
"Griesheim bei Darmstadt","Aacumi","Ovesic"
"Kühkopf, Mordhecke III","Aacumi","Oproxi"
"Kühkopf, Mordhecke III","Aacumi","Ovimin"
"Griesheim bei Darmstadt","Aacumi","Oviril"
"Griesheim bei Darmstadt","Aacumi","Opedun"
"Taunus, Usingen","Aacumi","Oproxi"
"Taunus, Usingen","Aacumi","Ogalla"
"Ötztal, Obergurgl","Aacumi","Ohasta"
"Ötztal, Obergurgl","Aacumi","Ovaria"
"Obergoms, Obergesteln","Aacumi","Oviril"
"Taunus, Usingen","Aacumi","Obridg"
"Griesheim bei Darmstadt","Aacumi","Hangli"
"Obergoms, Obergesteln","Aacumi","Otrian"
"Obergoms, Obergesteln","Aacumi","Oadaph"
"Gramai-Alm","Aacumi","Oelaea"
"Gramai-Alm","Aacumi","Okriec"
"Gramai-Alm","Aacumi","Oadaph"
"Falzthurn-Alm","Aacumi","Okriec"
"Falzthurn-Alm","Aacumi","Oelaea"
"Falzthurn-Alm","Aacumi","Ovesic"
"Falzthurn-Alm","Aacumi","Ovimin"
"Falzthurn-Alm","Aacumi","Ovaria"
"Falzthurn-Alm","Aacumi","Oadaph"
"Kühkopf, Mordhecke III","Aacumi","Oviril"
"Obertauern I","Aacumi","Onigri"
"Obertauern I","Aacumi","Ovaria"
"Obertauern I","Aacumi","Omonti"
"Obertauern I","Aacumi","Ofoeti"
"Obertauern I","Aacumi","Oobscu"
"Obertauern I","Aacumi","Egemmf"
"Ötztal, Obergurgl","Aacumi","Onival"
"Taunus, Oberreiffenberg","Aacumi","Ogalla"
"Obertauern I","Aacumi","Hischn"
"Obertauern I","Aacumi","Emyrsi"
"Obertauern I","Aacumi","Ehasta"
"Falzthurn-Alm","Aacumi","Eelaea"
"Gramai-Alm","Aacumi","Eelaea"
"Ötztal, Obergurgl","Aacumi","Hplicg"
"Ötztal, Obergurgl","Aacumi","Ehasta"
"Taunus, Oberreiffenberg","Aacumi","Emucro"
"Ötztal, Vent/ Rofental","Aacumi","Egemmh"
"Ötztal, Obergurgl","Aacumi","Eboreo"
"Obertauern I","Aacumi","Obridg"
"Murtal, Muhr, Kraftwerk","Aacumi","Eelaea"
"Obergoms, Oberwald","Aacumi","Epurpu"
"Obergoms, Oberwald","Aacumi","Ovesic"
"Mattertal, Täsch","Aacumi","Ovimin"
"Mattertal, Täsch","Aacumi","Epurpu"
"Mattertal, Täsch","Aacumi","Oadaph"
"Obergoms, Obergesteln","Aacumi","Edaphn"
"Obergoms, Obergesteln","Aacumi","Ovesic"
"Obergoms, Obergesteln","Aacumi","Epurpu"
"Nufenenpaß, Val de Bedretto I","Aacumi","Okriec"
"Nufenenpaß, Val de Bedretto I","Aacumi","Ovesic"
"Nufenenpaß, Val de Bedretto I","Aacumi","Eelaea"
"Nufenenpaß, Val de Bedretto I","Aacumi","Epurpu"
"Nufenenpaß, Val de Bedretto I","Aacumi","Ovimin"
"Nufenenpaß, Val de Bedretto II","Aacumi","Eelaea"
"Nufenenpaß, Val de Bedretto II","Aacumi","Okriec"
"Obergoms, Oberwald","Aacumi","Edaphn"
"Obergoms, Oberwald","Aacumi","Oadaph"
"Kühkopf, Mordhecke III","Aacumi","Eatraa"
"Kühkopf, Mordhecke III","Aacumi","Eangus"
"Griesheim bei Darmstadt","Aacumi","Epurpu"
"Mörfelden, Baggersee","Aacumi","Hpolit"
"Griesheim bei Darmstadt","Aacumi","Hpolit"
"Mörfelden, Baggersee","Aacumi","Hoblit"
"Mörfelden, Baggersee","Aacumi","Hleuca"
"Obertauern I","Aacumi","Oadaph"
"Obergoms, Obergesteln","Aacumi","Hpolit"
"Taunus, Usingen","Aacumi","Halien"
"Taunus, Usingen","Aacumi","Hleuca"
"Taunus, Usingen","Aacumi","Eatraa"
"Mörfelden, Baggersee","Aacumi","Eatraa"
"Obergoms, Obergesteln","Aacumi","Hplicd"
"Obertauern I","Aacumi","Hplicd"
"Ötztal, Vent/ Rofental","Aacumi","Ovaria"
"Griesheim bei Darmstadt","Aacumi","Hpruss"
"Griesheim bei Darmstadt","Aacumi","Hleuca"
"Ötztal, Obergurgl","Aacumi","Epurpu"
"Etzen","Aacumi","Eweiff"
"Etzen","Aacumi","Eaurit"
"Obertauern III","Aacumi","Ofoeti"
"Etzen","Aacumi","Ocolla"
"Obertauern III","Aacumi","Obridg"
"Rappottenstein, Edmühle, (Kamputer)","Aacumi","Etesta"
"Obertauern III","Aacumi","Oobscu"
"Bad Ischl","Aacumi","Etesta"
"Annaberg","Aacumi","Eelaea"
"Ötztal, Vent/ Rofental","Aacumi","Omacul"
"Obertauern III","Aacumi","Eappen"
"Arbesbach I","Aacumi","Eaurit"
"Arbesbach I","Aacumi","Emucro"
"Arbesbach II","Aacumi","Eaurit"
"Arbesbach II","Aacumi","Emucro"
"Arbesbach III","Aacumi","Eaurit"
"Arbesbach III","Aacumi","Emucro"
"Zillis","Aacumi","Okriec"
"Zillis","Aacumi","Ovimin"
"Zillis","Aacumi","Ovesic"
"Zillis","Aacumi","Evenus"
"Zillis","Aacumi","Edaphn"
"Zillis","Aacumi","Enigri"
"Zillis","Aacumi","Hischn"
"Zillis","Aacumi","Eelaea"
"Ried / Oberinntal","Aacumi","Etesta"
"Zillis","Aacumi","Hleuco"
"St. Ulrichs","Aacumi","Eciner"
"Pretrobruck","Aacumi","Eaurit"
"Kühkopf, Mordhecke I","Aalvea","Ovimin"
"Kühkopf, Mordhecke I","Aalvea","Ovesic"
"Kühkopf, Mordhecke I","Aalvea","Opedun"
"Kühkopf, Mordhecke I","Aalvea","Obella"
"Kühkopf, Mordhecke I","Aalvea","Oproxi"
"Kühkopf, Mordhecke I","Aalvea","Obridg"
"Steinkjer","Aalvea","Onigri"
"Steinkjer","Aalvea","Obridg"
"Steinkjer","Aalvea","Ovaria"
"Kühkopf, Mordhecke I","Aalvea","Oviril"
"Kühkopf, Mordhecke I","Aalvea","Hpruss"
"Kühkopf, Mordhecke I","Aalvea","Eatraa"
"Kühkopf, Mordhecke I","Aalvea","Hpolit"
"Zillis","Aalvea","Okriec"
"Zillis","Aalvea","Ovimin"
"Zillis","Aalvea","Ovesic"
"Zillis","Aalvea","Evenus"
"Zillis","Aalvea","Edaphn"
"Zillis","Aalvea","Enigri"
"Zillis","Aalvea","Hischn"
"Zillis","Aalvea","Eelaea"
"Zillis","Aalvea","Hleuco"
"Dovrefjell","Acubic","Odolic"
"Dovrefjell","Acubic","Oarcti"
"Korgfjellet","Acubic","Oglauc"
"Korgfjellet","Acubic","Onival"
"Korgfjellet","Acubic","Oglabr"
"Korgfjellet","Acubic","Oretic"
"Lofot, Laubstad","Acubic","Oglauc"
"Lofot, Laubstad","Acubic","Onival"
"Lofot, Laubstad","Acubic","Olappo"
"Polarkreis I","Acubic","Olappo"
"Polarkreis I","Acubic","Oherba"
"Korgfjellet","Acubic","Ohasta"
"Limeshain, Rommelhausen","Acubic","Opedun"
"Limeshain, Rommelhausen","Acubic","Otrian"
"Tretten, Nordbu nr. Ringebu","Acubic","Oarcti"
"Peer Gynt veien I","Acubic","Oglabr"
"Peer Gynt veien I","Acubic","Onival"
"Peer Gynt veien I","Acubic","Ohasta"
"Tretten, Nordbu nr. Ringebu","Acubic","Onival"
"Tretten, Nordbu nr. Ringebu","Acubic","Olappo"
"Tretten, Nordbu nr. Ringebu","Acubic","Olappl"
"Skoganvatnet","Acubic","Opustu"
"Skoganvatnet","Acubic","Ovaria"
"Korgfjellet","Acubic","Olappo"
"Alta, Baeskades","Acubic","Oglabr"
"Alta, Baeskades","Acubic","Onival"
"Alta, Baeskades","Acubic","Osamol"
"Alta, Baeskades","Acubic","Oarcti"
"Kilpisjärvi","Acubic","Oarcti"
"Alta, Baeskades","Acubic","Oherba"
"Kilpisjärvi","Acubic","Ohasta"
"Kilpisjärvi","Acubic","Osamol"
"Kilpisjärvi","Acubic","Ehasta"
"Kilpisjärvi","Acubic","Olappo"
"Kilpisjärvi","Acubic","Elappo"
"Polarkreis I","Acubic","Elappo"
"Polarkreis I","Acubic","Elappc"
"Korgfjellet","Acubic","Omyrsi"
"Korgfjellet","Acubic","Ospeit"
"Korgfjellet","Acubic","Elappc"
"Korgfjellet","Acubic","Elappo"
"Dovrefjell","Acubic","Omyrsi"
"Jotunheimen, Breiseterdalen","Acubic","Omyrsi"
"Röldal","Acubic","Oherba"
"Obertauern I","Acubic","Onigri"
"Obertauern I","Acubic","Ovaria"
"Obertauern I","Acubic","Omonti"
"Obertauern I","Acubic","Ofoeti"
"Obertauern I","Acubic","Oobscu"
"Obertauern I","Acubic","Egemmf"
"Peer Gynt veien I","Acubic","Olappo"
"Peer Gynt veien I","Acubic","Olappl"
"Peer Gynt veien I","Acubic","Opustu"
"Garguluobbal, Karasjok","Acubic","Oarcti"
"Kilpisjärvi","Acubic","Odolic"
"Polarkreis, Krokstrand","Acubic","Oglabr"
"Polarkreis, Krokstrand","Acubic","Onival"
"Polarkreis, Krokstrand","Acubic","Ovaria"
"Polarkreis, Krokstrand","Acubic","Olappo"
"Polarkreis, Krokstrand","Acubic","Osamol"
"Polarkreis, Krokstrand","Acubic","Elappo"
"Polarkreis, Krokstrand","Acubic","Olappl"
"Korgfjellet","Acubic","Osamol"
"Korgfjellet","Acubic","Olappl"
"Korgfjellet","Acubic","Eboreo"
"Dovrefjell","Acubic","Elappo"
"Dovrefjell","Acubic","Olappo"
"Dovrefjell","Acubic","Olappl"
"Dovrefjell","Acubic","Osamol"
"Dovrefjell","Acubic","Onival"
"Jotunheimen, Breiseterdalen","Acubic","Eboreo"
"Jotunheimen, Breiseterdalen","Acubic","Onival"
"Jotunheimen, Breiseterdalen","Acubic","Oglauc"
"Jotunheimen, Breiseterdalen","Acubic","Elappo"
"Jotunheimen, Breiseterdalen","Acubic","Elappc"
"Jotunheimen, Breiseterdalen","Acubic","Osamol"
"Jotunheimen, Breiseterdalen","Acubic","Olappo"
"Jotunheimen, Breiseterdalen","Acubic","Olappl"
"Obertauern I","Acubic","Hischn"
"Obertauern I","Acubic","Emyrsi"
"Obertauern I","Acubic","Ehasta"
"Alta, Baeskades","Acubic","Elappo"
"Alta, Baeskades","Acubic","Olappl"
"Alta, Baeskades","Acubic","Eboreo"
"Polarkreis II","Acubic","Hacuti"
"Polarkreis I","Acubic","Oglauc"
"Polarkreis I","Acubic","Onival"
"Polarkreis I","Acubic","Olappl"
"Polarkreis I","Acubic","Hplicl"
"Polarkreis, Krokstrand","Acubic","Elappc"
"Polarkreis, Krokstrand","Acubic","Eboreo"
"Polarkreis II","Acubic","Elappc"
"Polarkreis II","Acubic","Elappo"
"Polarkreis II","Acubic","Olappl"
"Korgfjellet","Acubic","Elanat"
"Jotunheimen, Breiseterdalen","Acubic","Odolic"
"Jotunheimen, Breiseterdalen","Acubic","Oarcti"
"Jotunheimen, Breiseterdalen","Acubic","Elanat"
"Jotunheimen, Breiseterdalen","Acubic","Oglabr"
"Jotunheimen, Breiseterdalen","Acubic","Etesta"
"Vikafjell bei Viksöyri","Acubic","Eboreo"
"Vikafjell bei Viksöyri","Acubic","Onival"
"Vikafjell bei Viksöyri","Acubic","Elappo"
"Vikafjell bei Viksöyri","Acubic","Osamol"
"Vikafjell bei Viksöyri","Acubic","Olappl"
"Vikafjell bei Viksöyri","Acubic","Elappc"
"Vikafjell bei Viksöyri","Acubic","Olappo"
"Obertauern I","Acubic","Obridg"
"Limeshain, Rommelhausen","Acubic","Hpolit"
"Limeshain, Rommelhausen","Acubic","Heryth"
"Limeshain, Rommelhausen","Acubic","Halien"
"Obertauern I","Acubic","Oadaph"
"Obertauern I","Acubic","Hplicd"
"Polarkreis I","Acubic","Odolic"
"Polarkreis II","Acubic","Oherba"
"Polarkreis II","Acubic","Olappo"
"Taernaby / Tjamerev.","Acubic","Osamol"
"Kilpisjärvi","Acubic","Elanat"
"Kilpisjärvi","Acubic","Eboreo"
"Kilpisjärvi","Acubic","Elappc"
"Kilpisjärvi","Acubic","Ephyli"
"Polarkreis, Krokstrand","Acubic","Elanat"
"Polarkreis II","Acubic","Eboreo"
"Jotunheimen, Breiseterdalen","Acubic","Hplicg"
"Korgfjellet","Acubic","Hplicg"
"Limeshain, Rommelhausen","Acubic","Emucro"
"Dovrefjell","Acubic","Hnudip"
"Vikafjell bei Viksöyri","Acubic","Hacuti"
"Kilpisjärvi","Acubic","Hnudip"
"Kilpisjärvi","Acubic","Hacuti"
"Kilpisjärvi","Acubic","Hplicg"
"Polarkreis I","Acubic","Hplicg"
"Kilpisjärvi","Acubic","Hischn"
"Kilpisjärvi","Acubic","Htuber"
"Vikafjell bei Viksöyri","Acubic","Hplicg"
"Polarkreis I","Acubic","Hacuti"
"Storuman","Acubic","Hnudip"
"Storuman","Acubic","Hacuti"
"Storuman","Acubic","Opustu"
"Storuman","Acubic","Hleuco"
"Polarkreis I","Acubic","Opolar"
"Tretten, Nordbu nr. Ringebu","Acubic","Eboreo"
"Peer Gynt veien I","Acubic","Osamol"
"Peer Gynt veien I","Acubic","Elappo"
"Tretten, Nordbu nr. Ringebu","Acubic","Elappo"
"Limeshain, Rommelhausen","Acubic","Hpruss"
"Limeshain, Rommelhausen","Acubic","Hleuca"
"Tretten, Nordbu nr. Ringebu","Acubic","Hacuti"
"Tretten, Nordbu nr. Ringebu","Acubic","Hplicg"
"Vikafjell bei Viksöyri","Acubic","Hsglau"
"Tretten, Nordbu nr. Ringebu","Acubic","Hsglau"
"Tretten, Nordbu nr. Ringebu","Acubic","Hplicl"
"Vikafjell bei Viksöyri","Acubic","Hslana"
"Vikafjell bei Viksöyri","Acubic","Hplicl"
"Ötztal, Vent/ Gample","Adelog","Ohasta"
"Ötztal, Vent/ Gample","Adelog","Onigri"
"Ötztal, Vent/ Gample","Adelog","Ovaria"
"Ötztal, Vent/ Gample","Adelog","Obridg"
"Ötztal, Vent/ Gample","Adelog","Onival"
"Ötztal, Vent/ Gample","Adelog","Omacul"
"Ötztal, Vent/ Gample","Adelog","Ohelve"
"Ötztal, Obergurgl","Adelog","Ohasta"
"Ötztal, Obergurgl","Adelog","Ovaria"
"Obergoms, Obergesteln","Adelog","Oviril"
"Obergoms, Obergesteln","Adelog","Otrian"
"Obergoms, Obergesteln","Adelog","Oadaph"
"Nufenenpaß, Paßhöhe I","Adelog","Oretus"
"Nufenenpaß, Paßhöhe I","Adelog","Omacul"
"Grimselpaß, Grimselsee","Adelog","Egemmh"
"Limeshain, Rommelhausen","Adelog","Opedun"
"Limeshain, Rommelhausen","Adelog","Otrian"
"Obertauern I","Adelog","Onigri"
"Obertauern I","Adelog","Ovaria"
"Obertauern I","Adelog","Omonti"
"Obertauern I","Adelog","Ofoeti"
"Obertauern I","Adelog","Oobscu"
"Obertauern I","Adelog","Egemmf"
"Ötztal, Obergurgl","Adelog","Onival"
"Obertauern I","Adelog","Hischn"
"Obertauern I","Adelog","Emyrsi"
"Obertauern I","Adelog","Ehasta"
"Ötztal, Vent/ Gample","Adelog","Hcarin"
"Ötztal, Vent/ Gample","Adelog","Ehasta"
"Ötztal, Vent/ Gample","Adelog","Eboreo"
"Ötztal, Vent/ Gample","Adelog","Egemmh"
"Ötztal, Obergurgl","Adelog","Hplicg"
"Ötztal, Obergurgl","Adelog","Ehasta"
"Nufenenpaß, Paßhöhe I","Adelog","Egemmh"
"Nufenenpaß, Paßhöhe I","Adelog","Oobscu"
"Nufenenpaß, Paßhöhe I","Adelog","Oretic"
"Nufenenpaß, Paßhöhe I","Adelog","Egemmf"
"Ötztal, Obergurgl","Adelog","Eboreo"
"Pitztal, Nähe Mittelberg","Adelog","Egemmh"
"Pitztal, Nähe Mittelberg","Adelog","Hspira"
"Pitztal, Nähe Mittelberg","Adelog","Obridg"
"Nufenenpaß, Paßhöhe I","Adelog","Hspirh"
"Obertauern II","Adelog","Hspira"
"Obertauern II","Adelog","Ofoeti"
"Obertauern II","Adelog","Oobscu"
"Obertauern II","Adelog","Omonti"
"Obertauern II","Adelog","Egemmf"
"Obertauern I","Adelog","Obridg"
"Grimselpaß, Grimselsee","Adelog","Omacul"
"Grimselpaß, Grimselsee","Adelog","Eboreo"
"Grimselpaß, Grimselsee","Adelog","Onival"
"Grimselpaß, Grimselsee","Adelog","Ohasta"
"Grimselpaß, Grimselsee","Adelog","Ehasta"
"Obergoms, Obergesteln","Adelog","Edaphn"
"Obergoms, Obergesteln","Adelog","Ovesic"
"Obergoms, Obergesteln","Adelog","Epurpu"
"Mörfelden, Baggersee","Adelog","Hpolit"
"Mörfelden, Baggersee","Adelog","Hoblit"
"Mörfelden, Baggersee","Adelog","Hleuca"
"Limeshain, Rommelhausen","Adelog","Hpolit"
"Ortenberg I","Adelog","Hoblit"
"Limeshain, Rommelhausen","Adelog","Heryth"
"Ortenberg I","Adelog","Hangli"
"Limeshain, Rommelhausen","Adelog","Halien"
"Ortenberg I","Adelog","Hpolit"
"Ortenberg III","Adelog","Hangli"
"Ortenberg III","Adelog","Hleuca"
"Taunus, Dorfweil","Adelog","Obridg"
"Paso di Gavia, Pezzo","Adelog","Ovimin"
"Paso del Maniva, Dosso Alto","Adelog","Obridg"
"Nufenenpaß, Paßhöhe I","Adelog","Ofoeti"
"Nufenenpaß, Paßhöhe I","Adelog","Ohasta"
"Obertauern I","Adelog","Oadaph"
"Obergoms, Obergesteln","Adelog","Hpolit"
"Nufenenpaß, Paßhöhe I","Adelog","Epurpu"
"Kilianstätten","Adelog","Hpolit"
"Taunus, Dorfweil","Adelog","Hpruss"
"Taunus, Dorfweil","Adelog","Hleuca"
"Mt. Altissimo di Nago","Adelog","Hsglab"
"Mörfelden, Baggersee","Adelog","Eatraa"
"Val di Egro, Mt. Tremalzo I","Adelog","Hsglab"
"Paso del Maniva, Dosso Alto","Adelog","Hsglab"
"Val Vermiglio, Pellizano","Adelog","Hpolit"
"Paso di Gavia, Pezzo","Adelog","Hischn"
"Ötztal, Vent/ Gample","Adelog","Hplicg"
"Paso di Gavia, Pezzo","Adelog","Hpolit"
"Mt. Altissimo di Nago","Adelog","Hspira"
"Ötztal, Vent/ Gample","Adelog","Hspira"
"Grimselpaß, Grimselsee","Adelog","Hspirh"
"Grimselpaß, Grimselsee","Adelog","Hplicg"
"Nufenenpaß, Paßhöhe I","Adelog","Htuber"
"Obergoms, Obergesteln","Adelog","Hplicd"
"Obertauern I","Adelog","Hplicd"
"Kühkopf, Mordhecke II","Adelog","Hpolit"
"Kühkopf, Mordhecke II","Adelog","Hpruss"
"Kühkopf, Mordhecke II","Adelog","Hoblit"
"Kilianstätten","Adelog","Hangli"
"Nidderau-Heldenbergen","Adelog","Hangli"
"Ötztal, Vent/ Gample","Adelog","Hischn"
"Ötztal, Vent/ Gample","Adelog","Egemmf"
"Pitztal, Nähe Mittelberg","Adelog","Ehasta"
"Ötztal, Obergurgl","Adelog","Epurpu"
"Ortenberg I","Adelog","Oproxi"
"Ortenberg I","Adelog","Ovimin"
"Skutevik","Adelog","Eciner"
"Skutevik","Adelog","Emucro"
"Skutevik","Adelog","Egemmc"
"Limeshain, Rommelhausen","Adelog","Emucro"
"Obertauern II","Adelog","Eelaea"
"Honau","Adelog","Ovaria"
"Honau","Adelog","Ovimin"
"Honau","Adelog","Hoblit"
"Honau","Adelog","Hpolit"
"Honau","Adelog","Hpruss"
"Honau","Adelog","Oproxi"
"Honau","Adelog","Hangli"
"Skutevik","Adelog","Oarcti"
"Skutevik","Adelog","Hanoma"
"Skutevik","Adelog","Heryth"
"Skutevik","Adelog","Halien"
"Skutevik","Adelog","Eaurit"
"Defereggental, Stalleralm","Adelog","Obridg"
"Hohe Tauern, Kals","Adelog","Omonti"
"Hohe Tauern, Kals","Adelog","Oobscu"
"Defereggental, St. Jakob, Trojer Alm","Adelog","Obridg"
"Defereggental, Erlsbach","Adelog","Hpolit"
"Defereggental, Erlsbach","Adelog","Hpurpu"
"Defereggental, Erlsbach","Adelog","Hspira"
"Defereggental, St. Jakob, Trojer Alm","Adelog","Hpurpu"
"Defereggental, Erlsbach","Adelog","Hplicd"
"Defereggental, St. Jakob, Trojer Alm","Adelog","Hpolit"
"Defereggental, St. Jakob, Trojer Alm","Adelog","Hspira"
"Defereggental, Oberhausalpe","Adelog","Hspira"
"Defereggental, St. Jakob, Trojer Alm","Adelog","Hpscho"
"Hohe Tauern, Kals","Adelog","Hspira"
"Defereggental, Stalleralm","Adelog","Hspira"
"Defereggental, Erlsbach","Adelog","Hischn"
"Ramsau, Silberklamm","Adelog","Ovaria"
"Ramsau, Silberklamm","Adelog","Okriec"
"Waldverchs","Adelog","Hpolit"
"Waldverchs","Adelog","Hpurpu"
"Waldverchs","Adelog","Hpruss"
"Waldverchs","Adelog","Hleuca"
"Waldverchs","Adelog","Hangli"
"Ramsau, Silberklamm","Adelog","Hpolit"
"Ramsau, Silberklamm","Adelog","Hischn"
"Schladming, Untertal, Riesachfälle","Adelog","Halien"
"Schladming, Untertal, Riesachfälle","Adelog","Hleuco"
"Schladming, Untertal, Riesachfälle","Adelog","Hspira"
"Ramsau, Silberklamm","Adelog","Hspira"
"Ramsau, Silberklamm","Adelog","Hpurpu"
"Ramsau, Silberklamm","Adelog","Hplicd"
"Ramsau, Silberklamm","Adelog","Hpscho"
"Markelfingen","Adelog","Hpruss"
"Hegne nr. Allensbach","Adelog","Hleuca"
"Markelfingen","Adelog","Hleuca"
"Hegne nr. Allensbach","Adelog","Hpruss"
"Storuman","Adelog","Hnudip"
"Storuman","Adelog","Hacuti"
"Storuman","Adelog","Opustu"
"Storuman","Adelog","Hleuco"
"Palanga","Adelog","Oadaph"
"nr. Rociskiai","Adelog","Etesta"
"Markelfingen","Adelog","Hleuco"
"Markelfingen","Adelog","Hoblit"
"Markelfingen","Adelog","Hpolit"
"Markelfingen","Adelog","Hanoma"
"Grafenschlag","Adelog","Hpurpu"
"Sudargas","Adelog","Hleuca"
"nr. Rociskiai","Adelog","Hoblit"
"Jurbarkas","Adelog","Hangli"
"Jurbarkas","Adelog","Hleuca"
"Sudargas","Adelog","Hleuco"
"Sudargas","Adelog","Hpruss"
"Jurbarkas","Adelog","Hpruss"
"Sudargas","Adelog","Hanoma"
"Sudargas","Adelog","Heryth"
"nr. Rociskiai","Adelog","Hpruss"
"Palanga","Adelog","Hpruss"
"Walcz","Adelog","Hanoma"
"Dabrowka nr. Mikolaiken","Adelog","Hanoma"
"Sudargas","Adelog","Halien"
"nr. Rociskiai","Adelog","Hleuca"
"Palanga","Adelog","Hischn"
"Nemirseta nr. Palanga","Adelog","Hoblit"
"Neringa, Juodkrante","Adelog","Hpruss"
"Palanga","Adelog","Hanoma"
"Nemirseta nr. Palanga","Adelog","Hleuca"
"Palanga","Adelog","Hleuca"
"Ötztal, Vent/ Gample","Adelog","Htuber"
"Kvamskogen","Adelog","Opustu"
"Limeshain, Rommelhausen","Adelog","Hpruss"
"Limeshain, Rommelhausen","Adelog","Hleuca"
"Kvamskogen","Adelog","Halien"
"Kvamskogen","Adelog","Hnudip"
"Kvamskogen","Adelog","Hleuco"
"Kvamskogen","Adelog","Hplicl"
"Ötztal, Obergurgl","Agalli","Ohasta"
"Ötztal, Obergurgl","Agalli","Ovaria"
"Grimselpaß, Grimselsee","Agalli","Egemmh"
"Ötztal, Obergurgl","Agalli","Onival"
"Ötztal, Obergurgl","Agalli","Hplicg"
"Ötztal, Obergurgl","Agalli","Ehasta"
"Ötztal, Obergurgl","Agalli","Eboreo"
"Grimselpaß, Grimselsee","Agalli","Omacul"
"Grimselpaß, Grimselsee","Agalli","Eboreo"
"Grimselpaß, Grimselsee","Agalli","Onival"
"Grimselpaß, Grimselsee","Agalli","Ohasta"
"Grimselpaß, Grimselsee","Agalli","Ehasta"
"Grimselpaß, Grimselsee","Agalli","Hspirh"
"Grimselpaß, Grimselsee","Agalli","Hplicg"
"Ötztal, Obergurgl","Agalli","Epurpu"
"Kühkopf, Mordhecke I","Aminim","Ovimin"
"Griesheim bei Darmstadt","Aminim","Ovimin"
"Griesheim bei Darmstadt","Aminim","Ogalla"
"Griesheim bei Darmstadt","Aminim","Obridg"
"Griesheim bei Darmstadt","Aminim","Ovesic"
"Kühkopf, Mordhecke I","Aminim","Ovesic"
"Kühkopf, Mordhecke I","Aminim","Opedun"
"Kühkopf, Mordhecke I","Aminim","Obella"
"Kühkopf, Mordhecke I","Aminim","Oproxi"
"Kühkopf, Mordhecke I","Aminim","Obridg"
"Griesheim bei Darmstadt","Aminim","Oviril"
"Griesheim bei Darmstadt","Aminim","Opedun"
"Griesheim bei Darmstadt","Aminim","Hangli"
"Nymindegab","Aminim","Ocolla"
"Nymindegab","Aminim","Obridg"
"Nymindegab","Aminim","Opedun"
"Kühkopf, Mordhecke I","Aminim","Oviril"
"Limeshain, Rommelhausen","Aminim","Opedun"
"Limeshain, Rommelhausen","Aminim","Otrian"
"Preetz, Postsee","Aminim","Oadaph"
"Preetz, Postsee","Aminim","Opedun"
"Hennestrand","Aminim","Ocolla"
"Vejersstrand","Aminim","Ocolla"
"Norderney","Aminim","Ocolla"
"Norderney","Aminim","Oadaph"
"Borkum","Aminim","Ocolla"
"Kühkopf, Mordhecke I","Aminim","Hpruss"
"Bad Aussee","Aminim","Ovaria"
"Bad Aussee","Aminim","Okriec"
"Maltatal I","Aminim","Hplicd"
"Maltatal I","Aminim","Edaphn"
"Maltatal I","Aminim","Eelaea"
"Maltatal I","Aminim","Oadaph"
"Maltatal II","Aminim","Eelaea"
"Val Divedro, Domodossola","Aminim","Ovimin"
"Kühkopf, Mordhecke I","Aminim","Eatraa"
"Griesheim bei Darmstadt","Aminim","Epurpu"
"Kühkopf, Mordhecke I","Aminim","Hpolit"
"Griesheim bei Darmstadt","Aminim","Hpolit"
"Limeshain, Rommelhausen","Aminim","Hpolit"
"Limeshain, Rommelhausen","Aminim","Heryth"
"Limeshain, Rommelhausen","Aminim","Halien"
"Preetz, Postsee","Aminim","Etesta"
"Preetz, Postsee","Aminim","Oproxi"
"Preetz, Postsee","Aminim","Eatraa"
"Griesheim bei Darmstadt","Aminim","Hpruss"
"Griesheim bei Darmstadt","Aminim","Hleuca"
"Schrems-Pürbach","Aminim","Evenus"
"Schrems-Pürbach","Aminim","Emucro"
"Preetz, Postsee","Aminim","Esubge"
"Preetz, Postsee","Aminim","Egemmc"
"Skagen","Aminim","Ocolla"
"Skagen","Aminim","Eweiff"
"Limeshain, Rommelhausen","Aminim","Emucro"
"Schrems-Pürbach","Aminim","Eaurit"
"Schrems-Pürbach","Aminim","Obella"
"Rheinau (Jungwuchs)","Aminim","Ovimin"
"Rheinau (Jungwuchs)","Aminim","Ovesic"
"Rheinau","Aminim","Ovimin"
"Hartheim","Aminim","Ovimin"
"Rheinau","Aminim","Oproxi"
"Honau","Aminim","Ovaria"
"Honau","Aminim","Ovimin"
"Hartheim","Aminim","Oproxi"
"Hartheim","Aminim","Hangli"
"Rheinau","Aminim","Hpolit"
"Honau","Aminim","Hoblit"
"Honau","Aminim","Hpolit"
"Rheinau","Aminim","Hoblit"
"Honau","Aminim","Hpruss"
"Hartheim","Aminim","Ovesic"
"Honau","Aminim","Oproxi"
"Hartheim","Aminim","Hoblit"
"Honau","Aminim","Hangli"
"Nymindegab","Aminim","Eweiff"
"Vejersstrand","Aminim","Eweiff"
"Limeshain, Rommelhausen","Aminim","Hpruss"
"Limeshain, Rommelhausen","Aminim","Hleuca"
"Aldino","Aminim","Oviril"
"Aldino","Aminim","Hpurpu"
"Preetz, Postsee","Aminim","Hleuca"
"Preetz, Postsee","Aminim","Hpruss"
"Vejersstrand","Aminim","Hpruss"
"Nymindegab","Aminim","Hpruss"
"Nymindegab","Aminim","Hleuca"
"Nymindegab","Aminim","Hangli"
"Vejersstrand","Aminim","Hleuca"
"Vejersstrand","Aminim","Hangli"
"Kühkopf, Mordhecke I","Amorri","Ovimin"
"Kühkopf, Mordhecke I","Amorri","Ovesic"
"Kühkopf, Mordhecke I","Amorri","Opedun"
"Kühkopf, Mordhecke I","Amorri","Obella"
"Kühkopf, Mordhecke I","Amorri","Oproxi"
"Kühkopf, Mordhecke I","Amorri","Obridg"
"Kühkopf, Mordhecke I","Amorri","Oviril"
"Kühkopf, Mordhecke I","Amorri","Hpruss"
"Kühkopf, Mordhecke I","Amorri","Eatraa"
"Kühkopf, Mordhecke I","Amorri","Hpolit"
"Zillertal, Lanersbach/ Geiselalm","Anigro","Onigri"
"Zillertal, Lanersbach","Anigro","Onigri"
"Zillertal, Lanersbach","Anigro","Oadaph"
"Zillertal, Lanersbach","Anigro","Ovaria"
"Obergoms, Obergesteln","Anigro","Oviril"
"Obergoms, Reckingen","Anigro","Ovesic"
"Obergoms, Reckingen","Anigro","Ovimin"
"Obergoms, Reckingen","Anigro","Oadaph"
"Obergoms, Reckingen","Anigro","Ohasta"
"Obergoms, Obergesteln","Anigro","Otrian"
"Obergoms, Obergesteln","Anigro","Oadaph"
"Obergoms, Gletsch","Anigro","Ohelve"
"Obergoms, Gletsch","Anigro","Omacul"
"Nufenenpaß, Paßhöhe I","Anigro","Oretus"
"Nufenenpaß, Paßhöhe I","Anigro","Omacul"
"Binntal nr. Fiesch","Anigro","Ofoeti"
"Binntal nr. Fiesch","Anigro","Ovaria"
"Binntal nr. Fiesch","Anigro","Oobscu"
"Binntal nr. Fiesch","Anigro","Omacul"
"Obergoms, Gletsch","Anigro","Onival"
"Obergoms, Gletsch","Anigro","Ohasta"
"Korgfjellet","Anigro","Oglauc"
"Korgfjellet","Anigro","Onival"
"Korgfjellet","Anigro","Oglabr"
"Korgfjellet","Anigro","Oretic"
"Ramfjorden","Anigro","Onorve"
"Polarkreis I","Anigro","Olappo"
"Polarkreis I","Anigro","Oherba"
"Korgfjellet","Anigro","Ohasta"
"Obergoms, Gletsch","Anigro","Oadaph"
"Obergoms, Gletsch","Anigro","Ovesic"
"Obergoms, Gletsch","Anigro","Ovimin"
"Obergoms, Gletsch","Anigro","Oviril"
"Obergoms, Gletsch","Anigro","Obridg"
"Korgfjellet","Anigro","Olappo"
"Ramfjorden","Anigro","Olappo"
"Ramfjorden","Anigro","Olappl"
"Ramfjorden","Anigro","Osamol"
"Polarkreis I","Anigro","Elappo"
"Polarkreis I","Anigro","Elappc"
"Korgfjellet","Anigro","Omyrsi"
"Korgfjellet","Anigro","Ospeit"
"Korgfjellet","Anigro","Elappc"
"Korgfjellet","Anigro","Elappo"
"Korgfjellet","Anigro","Osamol"
"Korgfjellet","Anigro","Olappl"
"Korgfjellet","Anigro","Eboreo"
"Nufenenpaß, Paßhöhe I","Anigro","Egemmh"
"Nufenenpaß, Paßhöhe I","Anigro","Oobscu"
"Nufenenpaß, Paßhöhe I","Anigro","Oretic"
"Nufenenpaß, Paßhöhe I","Anigro","Egemmf"
"Nufenenpaß, Paßhöhe I","Anigro","Hspirh"
"Polarkreis I","Anigro","Oglauc"
"Polarkreis I","Anigro","Onival"
"Polarkreis I","Anigro","Olappl"
"Polarkreis I","Anigro","Hplicl"
"Korgfjellet","Anigro","Elanat"
"Obergoms, Gletsch","Anigro","Egemmh"
"Obergoms, Obergesteln","Anigro","Edaphn"
"Obergoms, Obergesteln","Anigro","Ovesic"
"Obergoms, Obergesteln","Anigro","Epurpu"
"Nufenenpaß, Paßhöhe I","Anigro","Ofoeti"
"Nufenenpaß, Paßhöhe I","Anigro","Ohasta"
"Obergoms, Obergesteln","Anigro","Hpolit"
"Nufenenpaß, Paßhöhe I","Anigro","Epurpu"
"Nufenenpaß, Paßhöhe I","Anigro","Htuber"
"Obergoms, Obergesteln","Anigro","Hplicd"
"Polarkreis I","Anigro","Odolic"
"Korgfjellet","Anigro","Hplicg"
"Polarkreis I","Anigro","Hplicg"
"Polarkreis I","Anigro","Hacuti"
"Polarkreis I","Anigro","Opolar"
"Kühkopf, Mordhecke III","Apante","Oproxi"
"Kühkopf, Mordhecke III","Apante","Ovimin"
"Kühkopf, Mordhecke III","Apante","Oviril"
"Kühkopf, Mordhecke III","Apante","Eatraa"
"Kühkopf, Mordhecke III","Apante","Eangus"
"Falzthurn-Alm","Aprost","Okriec"
"Falzthurn-Alm","Aprost","Oelaea"
"Falzthurn-Alm","Aprost","Ovesic"
"Falzthurn-Alm","Aprost","Ovimin"
"Falzthurn-Alm","Aprost","Ovaria"
"Falzthurn-Alm","Aprost","Oadaph"
"Falzthurn-Alm","Aprost","Eelaea"
"Kühkopf, Mordhecke I","Apusil","Ovimin"
"Kühkopf, Mordhecke I","Apusil","Ovesic"
"Kühkopf, Mordhecke I","Apusil","Opedun"
"Kühkopf, Mordhecke I","Apusil","Obella"
"Ötztal, Vent/ Gample","Apusil","Ohasta"
"Ötztal, Vent/ Gample","Apusil","Onigri"
"Ötztal, Vent/ Gample","Apusil","Ovaria"
"Ötztal, Vent/ Gample","Apusil","Obridg"
"Ötztal, Vent/ Gample","Apusil","Onival"
"Kühkopf, Mordhecke I","Apusil","Oproxi"
"Ötztal, Vent/ Gample","Apusil","Omacul"
"Kühkopf, Mordhecke I","Apusil","Obridg"
"Ötztal, Vent/ Gample","Apusil","Ohelve"
"Vogelsberg, Hoherodskopf","Apusil","Obridg"
"Grimselpaß, Räterichsbodensee","Apusil","Onival"
"S.-Varanger, Vaggatem","Apusil","Oarcti"
"S.-Varanger, Vaggatem","Apusil","Ospset"
"S.-Varanger, Vaggatem","Apusil","Odolic"
"S.-Varanger, Vaggatem","Apusil","Onorve"
"S.-Varanger, Vaggatem","Apusil","Onival"
"S.-Varanger, Vaggatem","Apusil","Osamol"
"S.-Varanger, Vaggatem","Apusil","Omyrti"
"S.-Varanger, Vaggatem","Apusil","Emyrti"
"S.-Varanger, Vaggatem","Apusil","Ovaria"
"S.-Varanger, Vaggatem","Apusil","Oglabr"
"S.-Varanger, Vaggatem","Apusil","Elappo"
"S.-Varanger, Vaggatem","Apusil","Elappc"
"Polarkreis I","Apusil","Olappo"
"Polarkreis I","Apusil","Oherba"
"S.-Varanger, Vaggatem","Apusil","Ohasta"
"Kühkopf, Mordhecke I","Apusil","Oviril"
"Limeshain, Rommelhausen","Apusil","Opedun"
"Limeshain, Rommelhausen","Apusil","Otrian"
"Vogelsberg, Hoherodskopf","Apusil","Opedun"
"Vogelsberg, Hoherodskopf","Apusil","Hleuco"
"Kiel, Langsee","Apusil","Opedun"
"Preetz, Postsee","Apusil","Oadaph"
"Kiel, Langsee","Apusil","Obridg"
"Preetz, Postsee","Apusil","Opedun"
"Polarkreis I","Apusil","Elappo"
"Polarkreis I","Apusil","Elappc"
"Kühkopf, Mordhecke I","Apusil","Hpruss"
"Obertauern I","Apusil","Onigri"
"Obertauern I","Apusil","Ovaria"
"Obertauern I","Apusil","Omonti"
"Obertauern I","Apusil","Ofoeti"
"Obertauern I","Apusil","Oobscu"
"Obertauern I","Apusil","Egemmf"
"Vogelsberg, Hoherodskopf","Apusil","Ogalla"
"Obertauern I","Apusil","Hischn"
"Obertauern I","Apusil","Emyrsi"
"Obertauern I","Apusil","Ehasta"
"Ötztal, Vent/ Gample","Apusil","Hcarin"
"Ötztal, Vent/ Gample","Apusil","Ehasta"
"Ötztal, Vent/ Gample","Apusil","Eboreo"
"Ötztal, Vent/ Gample","Apusil","Egemmh"
"Grimselpaß, Räterichsbodensee","Apusil","Egemmh"
"Grimselpaß, Räterichsbodensee","Apusil","Hspirh"
"Grimselpaß, Räterichsbodensee","Apusil","Omacul"
"Grimselpaß, Räterichsbodensee","Apusil","Ehasta"
"Grimselpaß, Räterichsbodensee","Apusil","Ohasta"
"Grimselpaß, Räterichsbodensee","Apusil","Hplicg"
"Polarkreis I","Apusil","Oglauc"
"Polarkreis I","Apusil","Onival"
"Polarkreis I","Apusil","Olappl"
"Polarkreis I","Apusil","Hplicl"
"Vikafjell bei Viksöyri","Apusil","Eboreo"
"Vikafjell bei Viksöyri","Apusil","Onival"
"Vikafjell bei Viksöyri","Apusil","Elappo"
"Vikafjell bei Viksöyri","Apusil","Osamol"
"Vikafjell bei Viksöyri","Apusil","Olappl"
"Vikafjell bei Viksöyri","Apusil","Elappc"
"Seljestad bei Odda","Apusil","Eboreo"
"Vikafjell bei Viksöyri","Apusil","Olappo"
"Seljestad bei Odda","Apusil","Elappo"
"Seljestad bei Odda","Apusil","Osamol"
"Seljestad bei Odda","Apusil","Elappc"
"Seljestad bei Odda","Apusil","Olappl"
"Seljestad bei Odda","Apusil","Olappo"
"Seljestad bei Odda","Apusil","Hacuti"
"Obertauern I","Apusil","Obridg"
"Kühkopf, Mordhecke I","Apusil","Eatraa"
"Kühkopf, Mordhecke I","Apusil","Hpolit"
"Limeshain, Rommelhausen","Apusil","Hpolit"
"Ortenberg I","Apusil","Hoblit"
"Limeshain, Rommelhausen","Apusil","Heryth"
"Ortenberg I","Apusil","Hangli"
"Limeshain, Rommelhausen","Apusil","Halien"
"Ortenberg I","Apusil","Hpolit"
"Ortenberg III","Apusil","Hangli"
"Ortenberg III","Apusil","Hleuca"
"Vogelsberg, Hoherodskopf","Apusil","Halien"
"Taunus, Dorfweil","Apusil","Obridg"
"Obertauern I","Apusil","Oadaph"
"Kilianstätten","Apusil","Hpolit"
"Taunus, Dorfweil","Apusil","Hpruss"
"Taunus, Dorfweil","Apusil","Hleuca"
"Ötztal, Vent/ Gample","Apusil","Hplicg"
"Ötztal, Vent/ Gample","Apusil","Hspira"
"Obertauern I","Apusil","Hplicd"
"Preetz, Postsee","Apusil","Etesta"
"Preetz, Postsee","Apusil","Oproxi"
"Preetz, Postsee","Apusil","Eatraa"
"Kilianstätten","Apusil","Hangli"
"Ötztal, Vent/ Gample","Apusil","Hischn"
"Ötztal, Vent/ Gample","Apusil","Egemmf"
"Grimselpaß, Räterichsbodensee","Apusil","Egemmc"
"Schwarzwald, Altglashütten","Apusil","Emucro"
"Schwarzwald, Altglashütten","Apusil","Eaurit"
"Schwarzwald, Altglashütten","Apusil","Obella"
"Preetz, Postsee","Apusil","Esubge"
"Preetz, Postsee","Apusil","Egemmc"
"Polarkreis I","Apusil","Odolic"
"Ortenberg I","Apusil","Oproxi"
"Ortenberg I","Apusil","Ovimin"
"S.-Varanger, Vaggatem","Apusil","Esmyrt"
"Limeshain, Rommelhausen","Apusil","Emucro"
"Dachsteingebirge, Hoferalm b. Filzmos","Apusil","Okriec"
"Dachsteingebirge, Hoferalm b. Filzmos","Apusil","Hpolit"
"Hartheim","Apusil","Ovimin"
"Honau","Apusil","Ovaria"
"Honau","Apusil","Ovimin"
"Hartheim","Apusil","Oproxi"
"Hartheim","Apusil","Hangli"
"Honau","Apusil","Hoblit"
"Honau","Apusil","Hpolit"
"Honau","Apusil","Hpruss"
"Hartheim","Apusil","Ovesic"
"Honau","Apusil","Oproxi"
"Hartheim","Apusil","Hoblit"
"Honau","Apusil","Hangli"
"Vikafjell bei Viksöyri","Apusil","Hacuti"
"S.-Varanger, Vaggatem","Apusil","Hscapr"
"S.-Varanger, Vaggatem","Apusil","Hnudip"
"Lofot, Austvagoya, Morfjord","Apusil","Htuber"
"Polarkreis I","Apusil","Hplicg"
"Vikafjell bei Viksöyri","Apusil","Hplicg"
"Lofot, Flakstad, Flakstad","Apusil","Hplicg"
"Polarkreis I","Apusil","Hacuti"
"Seljestad bei Odda","Apusil","Hplicl"
"Defereggental, Erlsbach","Apusil","Hpolit"
"Defereggental, Erlsbach","Apusil","Hpurpu"
"Defereggental, Erlsbach","Apusil","Hspira"
"Defereggental, Erlsbach","Apusil","Hplicd"
"Defereggental, Erlsbach","Apusil","Hischn"
"Wüstensachsen, NWR Stirnberg","Apusil","Hpruss"
"Wüstensachsen, NWR Stirnberg","Apusil","Hanoma"
"Wüstensachsen, NWR Stirnberg","Apusil","Hleuco"
"Wüstensachsen, NWR Stirnberg","Apusil","Halien"
"Wüstensachsen, NWR Stirnberg","Apusil","Hleuca"
"Wüstensachsen, NWR Stirnberg","Apusil","Heryth"
"Waldverchs","Apusil","Hpolit"
"Waldverchs","Apusil","Hpurpu"
"Waldverchs","Apusil","Hpruss"
"Waldverchs","Apusil","Hleuca"
"Waldverchs","Apusil","Hangli"
"Hegne nr. Allensbach","Apusil","Hleuca"
"Hegne nr. Allensbach","Apusil","Hpruss"
"Schwarzwald, Altglashütten","Apusil","Heryth"
"Schwarzwald, Altglashütten","Apusil","Halien"
"Wüstensachsen, NWR Stirnberg","Apusil","Obridg"
"Polarkreis I","Apusil","Opolar"
"Lofot, Austvagoya, Morfjord","Apusil","Ohasta"
"Lofot, Austvagoya, Morfjord","Apusil","Ehasta"
"Lofot, Austvagoya, Morfjord","Apusil","Hplicg"
"Lofot, Austvagoya, Delp","Apusil","Hplicg"
"Lofot, Austvagoya, Delp","Apusil","Onival"
"Peer Gynt veien III","Apusil","Oglabr"
"Peer Gynt veien III","Apusil","Elanat"
"Radolfzell, Mettnau","Apusil","Oviril"
"Rügen, Bergen / Kaiseritz","Apusil","Oproxi"
"Rügen, Glowitz","Apusil","Opprox"
"Rügen, Neukamp","Apusil","Opprox"
"Radolfzell, Mettnau","Apusil","Hpurpu"
"Radolfzell, Mettnau","Apusil","Hpolit"
"Radolfzell, Mettnau","Apusil","Halien"
"Radolfzell, Mettnau","Apusil","Heryth"
"Rügen, Glowitz","Apusil","Hleuco"
"Rügen, Neukamp","Apusil","Hpruss"
"Rügen, Bergen / Kaiseritz","Apusil","Heryth"
"Rügen, Glowitz","Apusil","Hpruss"
"Rügen, Bergen / Kaiseritz","Apusil","Hanoma"
"Rügen, Zittvitz","Apusil","Hpruss"
"Rügen, Bergen / Kaiseritz","Apusil","Hpruss"
"Rügen, Zittvitz","Apusil","Hleuca"
"Rügen, Neuensien","Apusil","Heryth"
"Rügen, Glowitz","Apusil","Hleuca"
"Rügen, Neuensien","Apusil","Hleuco"
"Rügen, Glowitz","Apusil","Hanoma"
"Rügen, Zittvitz","Apusil","Hleuco"
"Rügen, Neuensien","Apusil","Hpruss"
"Rügen, Neukamp","Apusil","Hanoma"
"Rügen, Bergen / Nonnenweiher","Apusil","Heryth"
"Rügen, Kiekut","Apusil","Hpruss"
"Rügen, Neuensien","Apusil","Hanoma"
"Rügen, Zittvitz","Apusil","Hanoma"
"Rügen, Neuensien","Apusil","Hleuca"
"Rügen, Glowitz","Apusil","Hoblit"
"Rügen, Bergen / Nonnenweiher","Apusil","Hpruss"
"Rügen, Stedar","Apusil","Hpruss"
"Rügen, Bergen / Nonnenweiher","Apusil","Hangli"
"Rügen, Bergen / Nonnenweiher","Apusil","Hleuca"
"Rügen, Kiekut","Apusil","Hleuca"
"Rügen, Stedar","Apusil","Hleuca"
"Rügen, Neukamp","Apusil","Hleuca"
"Rügen, Stedar","Apusil","Hangli"
"Rügen, Bergen / Kaiseritz","Apusil","Hleuca"
"Rügen, Bergen / Nonnenweiher","Apusil","Halien"
"Waldreichs","Apusil","Hleuca"
"Radolfzell, Mettnau","Apusil","Hoblit"
"Langen-Bergheim","Apusil","Hleuca"
"Langen-Bergheim","Apusil","Halien"
"Langen-Bergheim","Apusil","Heryth"
"Langen-Bergheim","Apusil","Hpruss"
"Langen-Bergheim","Apusil","Hspecc"
"Langen-Bergheim","Apusil","Hleuco"
"Langen-Bergheim","Apusil","Hanoma"
"Bodman, Stockenloch","Apusil","Hleuco"
"Bodman, Stockenloch","Apusil","Hpruss"
"Radolfzell, Markelfingen, Hornhalde","Apusil","Hspecc"
"Radolfzell, Mettnau","Apusil","Hspecc"
"Radolfzell, Mettnau","Apusil","Hpruss"
"Radolfzell, Markelfingen, Hornhalde","Apusil","Hanoma"
"Radolfzell, Mettnau","Apusil","Hleuca"
"Radolfzell, Markelfingen, Hornhalde","Apusil","Hleuco"
"Gebhardsweiler, Mühlhofen","Apusil","Hleuco"
"Eigeltingen","Apusil","Hleuco"
"Eigeltingen","Apusil","Hanoma"
"Ötztal, Vent/ Gample","Apusil","Htuber"
"Sulztal, Gries","Apusil","Hspira"
"Langen-Bergheim","Apusil","Oproxi"
"Limeshain, Rommelhausen","Apusil","Hpruss"
"Limeshain, Rommelhausen","Apusil","Hleuca"
"Meldal, Resvatnet","Apusil","Hplicg"
"Peer Gynt veien III","Apusil","Hnudip"
"Meldal, Resvatnet","Apusil","Hsglau"
"Vikafjell bei Viksöyri","Apusil","Hsglau"
"Hordalia nr. Röldal","Apusil","Hplicg"
"Meldal, Resvatnet","Apusil","Hacuti"
"Peer Gynt veien III","Apusil","Hischn"
"Hordalia nr. Röldal","Apusil","Hplicl"
"Meldal, Resvatnet","Apusil","Hplicl"
"Meldal, Resvatnet","Apusil","Hischn"
"Preetz, Postsee","Apusil","Hleuca"
"Kiel, Langsee","Apusil","Hpruss"
"Kiel, Langsee","Apusil","Hangli"
"Preetz, Postsee","Apusil","Hpruss"
"Kiel, Langsee","Apusil","Hleuca"
"Born, Darß","Apusil","Halien"
"Born, Darß","Apusil","Heryth"
"Peer Gynt veien, Gala","Apusil","Hplicl"
"Peer Gynt veien III","Apusil","Hplicg"
"Meldal, Resvatnet","Apusil","Hnudip"
"Hordalia nr. Röldal","Apusil","Hsglau"
"Peer Gynt veien, Gala","Apusil","Hplicg"
"Vikafjell bei Viksöyri","Apusil","Hslana"
"Vikafjell bei Viksöyri","Apusil","Hplicl"
"Store Bjornvatn","Apusil","Hplicl"
"Peer Gynt veien III","Apusil","Hacuti"
"Meldal, Resvatnet","Apusil","Hleuco"
"Store Bjornvatn","Apusil","Hplicg"
"Lapphaugen bei Bardu","Atroch","Ohasta"
"Lapphaugen bei Bardu","Atroch","Oglabr"
"Lapphaugen bei Bardu","Atroch","Onival"
"Lapphaugen bei Bardu","Atroch","Ovaria"
"Lapphaugen bei Bardu","Atroch","Onigri"
"Lapphaugen bei Bardu","Atroch","Ehasta"
"Lapphaugen bei Bardu","Atroch","Elanat"
"Lapphaugen bei Bardu","Atroch","Elappo"
"Lapphaugen bei Bardu","Atroch","Osamol"
"Lapphaugen bei Bardu","Atroch","Olappl"
"Lapphaugen bei Bardu","Atroch","Eboreo"
"Lapphaugen bei Bardu","Atroch","Emyrsi"
"S.-Varanger, Storskog","Atroch","Hnudip"
"Lapphaugen bei Bardu","Atroch","Hplicg"
"Lapphaugen bei Bardu","Atroch","Htuber"
"Lapphaugen bei Bardu","Atroch","Hnudip"
"Gramai-Alm","Atymbe","Oelaea"
"Gramai-Alm","Atymbe","Okriec"
"Gramai-Alm","Atymbe","Oadaph"
"Gramai-Alm","Atymbe","Eelaea"
"Rheinau (Jungwuchs)","Axanth","Ovimin"
"Rheinau (Jungwuchs)","Axanth","Ovesic"
"Griesheim bei Darmstadt","Bbrevi","Ovimin"
"Griesheim bei Darmstadt","Bbrevi","Ogalla"
"Griesheim bei Darmstadt","Bbrevi","Obridg"
"Griesheim bei Darmstadt","Bbrevi","Ovesic"
"Taunus, Hunoldstal","Bbrevi","Oproxi"
"Taunus, Hunoldstal","Bbrevi","Ovimin"
"Griesheim bei Darmstadt","Bbrevi","Oviril"
"Griesheim bei Darmstadt","Bbrevi","Opedun"
"Schwarzwald, Schluchsee","Bbrevi","Ovaria"
"Griesheim bei Darmstadt","Bbrevi","Hangli"
"Leitenberg","Bbrevi","Oproxi"
"Schwarzwald, Schluchsee","Bbrevi","Emucro"
"Schwarzwald, Feldberg","Bbrevi","Okriec"
"Schwarzwald, Schluchsee","Bbrevi","Obella"
"Schwarzwald, Feldberg","Bbrevi","Ogalla"
"Howacht 3","Bbrevi","Oproxi"
"Altenkrempe","Bbrevi","Oproxi"
"Stendorf","Bbrevi","Oproxi"
"Eberswalde","Bbrevi","Enigri"
"Griesheim bei Darmstadt","Bbrevi","Epurpu"
"Griesheim bei Darmstadt","Bbrevi","Hpolit"
"Taunus, Hunoldstal","Bbrevi","Hleuca"
"Griesheim bei Darmstadt","Bbrevi","Hpruss"
"Griesheim bei Darmstadt","Bbrevi","Hleuca"
"Zillis","Bbrevi","Okriec"
"Zillis","Bbrevi","Ovimin"
"Hartheim","Bbrevi","Ovimin"
"Zillis","Bbrevi","Ovesic"
"Zillis","Bbrevi","Evenus"
"Zillis","Bbrevi","Edaphn"
"Zillis","Bbrevi","Enigri"
"Hartheim","Bbrevi","Oproxi"
"Hartheim","Bbrevi","Hangli"
"Zillis","Bbrevi","Hischn"
"Zillis","Bbrevi","Eelaea"
"Hartheim","Bbrevi","Ovesic"
"Hartheim","Bbrevi","Hoblit"
"Zillis","Bbrevi","Hleuco"
"Ortenberg I","Bconju","Hoblit"
"Ortenberg I","Bconju","Hangli"
"Ortenberg I","Bconju","Hpolit"
"Ortenberg I","Bconju","Oproxi"
"Ortenberg I","Bconju","Ovimin"
"Rheinau (Jungwuchs)","Bconju","Ovimin"
"Rheinau (Jungwuchs)","Bconju","Ovesic"
"Grietherbusch / Dornick","Bconju","Oproxi"
"Rheinau","Bconju","Ovimin"
"Rheinau","Bconju","Oproxi"
"Grietherbusch / Dornick","Bconju","Otrian"
"Grietherbusch / Dornick","Bconju","Hangli"
"Grietherbusch / Dornick","Bconju","Hoblit"
"Rheinau","Bconju","Hpolit"
"Rheinau","Bconju","Hoblit"
"Kühkopf, Mordhecke I","Bdisco","Ovimin"
"Griesheim bei Darmstadt","Bdisco","Ovimin"
"Griesheim bei Darmstadt","Bdisco","Ogalla"
"Griesheim bei Darmstadt","Bdisco","Obridg"
"Griesheim bei Darmstadt","Bdisco","Ovesic"
"Kühkopf, Mordhecke I","Bdisco","Ovesic"
"Kühkopf, Mordhecke I","Bdisco","Opedun"
"Taunus, Waldems-Esch","Bdisco","Oproxi"
"Taunus, Hunoldstal","Bdisco","Oproxi"
"Taunus, Hunoldstal","Bdisco","Ovimin"
"Kühkopf, Mordhecke I","Bdisco","Obella"
"Kühkopf, Mordhecke III","Bdisco","Oproxi"
"Zillertal, Hintertux/ Weitental","Bdisco","Ovaria"
"Zillertal, Hintertux/ Weitental","Bdisco","Onigri"
"Zillertal, Hintertux/ Weitental","Bdisco","Ovesic"
"Zillertal, Hintertux/ Weitental","Bdisco","Oobscu"
"Zillertal, Hintertux/ Weitental","Bdisco","Ofoeti"
"Zillertal, Hintertux/ Weitental","Bdisco","Obridg"
"Kühkopf, Mordhecke III","Bdisco","Ovimin"
"Kühkopf, Mordhecke I","Bdisco","Oproxi"
"Zillertal, Hintertux/ Weitental","Bdisco","Oretus"
"Zillertal, Hintertux/ Weitental","Bdisco","Ovimin"
"Zillertal, Hintertux/ Weitental","Bdisco","Oretic"
"Zillertal, Hintertux/ Weitental","Bdisco","Omonti"
"Zillertal, Hintertux/ Weitental","Bdisco","Eelaea"
"Kühkopf, Mordhecke I","Bdisco","Obridg"
"Griesheim bei Darmstadt","Bdisco","Oviril"
"Griesheim bei Darmstadt","Bdisco","Opedun"
"Schwarzwald, Schluchsee","Bdisco","Ovaria"
"Griesheim bei Darmstadt","Bdisco","Hangli"
"Schwarzwald, Schluchsee","Bdisco","Emucro"
"Schwarzwald, Schluchsee","Bdisco","Obella"
"Kühkopf, Mordhecke I","Bdisco","Oviril"
"Zillertal, Hintertux/ Weitental","Bdisco","Ohasta"
"Kühkopf, Mordhecke I","Bdisco","Hpruss"
"Kühkopf, Mordhecke III","Bdisco","Oviril"
"Zillertal, Hintertux/ Weitental","Bdisco","Egemmf"
"Kühkopf, Mordhecke I","Bdisco","Eatraa"
"Kühkopf, Mordhecke III","Bdisco","Eatraa"
"Kühkopf, Mordhecke III","Bdisco","Eangus"
"Griesheim bei Darmstadt","Bdisco","Epurpu"
"Kühkopf, Mordhecke I","Bdisco","Hpolit"
"Griesheim bei Darmstadt","Bdisco","Hpolit"
"Taunus, Hunoldstal","Bdisco","Hleuca"
"Griesheim bei Darmstadt","Bdisco","Hpruss"
"Griesheim bei Darmstadt","Bdisco","Hleuca"
"Rheinau (Jungwuchs)","Bdisco","Ovimin"
"Rheinau (Jungwuchs)","Bdisco","Ovesic"
"Urdenbach, Urdenbacher Kämpe","Bdisco","Oproxi"
"Grietherbusch / Dornick","Bdisco","Oproxi"
"Hartheim","Bdisco","Ovimin"
"Honau","Bdisco","Ovaria"
"Honau","Bdisco","Ovimin"
"Grietherbusch / Dornick","Bdisco","Otrian"
"Hartheim","Bdisco","Oproxi"
"Grietherbusch / Dornick","Bdisco","Hangli"
"Urdenbach, Urdenbacher Kämpe","Bdisco","Hoblit"
"Grietherbusch / Dornick","Bdisco","Hoblit"
"Urdenbach, Urdenbacher Kämpe","Bdisco","Hangli"
"Hartheim","Bdisco","Hangli"
"Honau","Bdisco","Hoblit"
"Honau","Bdisco","Hpolit"
"Honau","Bdisco","Hpruss"
"Hartheim","Bdisco","Ovesic"
"Honau","Bdisco","Oproxi"
"Hartheim","Bdisco","Hoblit"
"Honau","Bdisco","Hangli"
"Ötztal, Vent/ Gample","Bepitr","Ohasta"
"Ötztal, Vent/ Gample","Bepitr","Onigri"
"Ötztal, Vent/ Gample","Bepitr","Ovaria"
"Ötztal, Vent/ Gample","Bepitr","Obridg"
"Ötztal, Vent/ Gample","Bepitr","Onival"
"Zillertal, Hintertux/ Weitental","Bepitr","Ovaria"
"Zillertal, Hintertux/ Weitental","Bepitr","Onigri"
"Zillertal, Hintertux/ Weitental","Bepitr","Ovesic"
"Zillertal, Hintertux/ Weitental","Bepitr","Oobscu"
"Zillertal, Hintertux/ Weitental","Bepitr","Ofoeti"
"Zillertal, Hintertux/ Weitental","Bepitr","Obridg"
"Zillertal, Hintertux/ Weitental","Bepitr","Oretus"
"Zillertal, Hintertux/ Weitental","Bepitr","Ovimin"
"Zillertal, Hintertux/ Weitental","Bepitr","Oretic"
"Ötztal, Vent/ Gample","Bepitr","Omacul"
"Zillertal, Hintertux/ Weitental","Bepitr","Omonti"
"Zillertal, Hintertux/ Weitental","Bepitr","Eelaea"
"Ötztal, Vent/ Gample","Bepitr","Ohelve"
"Falzthurn-Alm","Bepitr","Okriec"
"Falzthurn-Alm","Bepitr","Oelaea"
"Falzthurn-Alm","Bepitr","Ovesic"
"Falzthurn-Alm","Bepitr","Ovimin"
"Falzthurn-Alm","Bepitr","Ovaria"
"Falzthurn-Alm","Bepitr","Oadaph"
"Zillertal, Hintertux/ Weitental","Bepitr","Ohasta"
"Gießen, Staufenberger Forst","Bepitr","Obella"
"Zillertal, Hintertux/ Weitental","Bepitr","Egemmf"
"Falzthurn-Alm","Bepitr","Eelaea"
"Ötztal, Vent/ Gample","Bepitr","Hcarin"
"Ötztal, Vent/ Gample","Bepitr","Ehasta"
"Ötztal, Vent/ Gample","Bepitr","Eboreo"
"Ötztal, Vent/ Gample","Bepitr","Egemmh"
"Maltatal I","Bepitr","Hplicd"
"Maltatal I","Bepitr","Edaphn"
"Maltatal I","Bepitr","Eelaea"
"Maltatal I","Bepitr","Oadaph"
"Murtal, Muhr","Bepitr","Ovesic"
"Murtal, Muhr","Bepitr","Hpolit"
"Murtal, Muhr","Bepitr","Ovimin"
"Ötztal, Vent/ Gample","Bepitr","Hplicg"
"Ötztal, Vent/ Gample","Bepitr","Hspira"
"Ötztal, Vent/ Gample","Bepitr","Hischn"
"Ötztal, Vent/ Gample","Bepitr","Egemmf"
"Rheinau (Jungwuchs)","Bepitr","Ovimin"
"Rheinau (Jungwuchs)","Bepitr","Ovesic"
"Zillis","Bepitr","Okriec"
"Zillis","Bepitr","Ovimin"
"Rheinau","Bepitr","Ovimin"
"Rheinau","Bepitr","Oproxi"
"Zillis","Bepitr","Ovesic"
"Zillis","Bepitr","Evenus"
"Zillis","Bepitr","Edaphn"
"Zillis","Bepitr","Enigri"
"Rheinau","Bepitr","Hpolit"
"Rheinau","Bepitr","Hoblit"
"Zillis","Bepitr","Hischn"
"Zillis","Bepitr","Eelaea"
"Zillis","Bepitr","Hleuco"
"Usedom, Görmitz","Bepitr","Ogalla"
"Ötztal, Vent/ Gample","Bepitr","Htuber"
"Zillis","Bimmut","Okriec"
"Zillis","Bimmut","Ovimin"
"Hartheim","Bimmut","Ovimin"
"Zillis","Bimmut","Ovesic"
"Zillis","Bimmut","Evenus"
"Juppa","Bimmut","Obrevi"
"Juppa","Bimmut","Ovaria"
"Juppa","Bimmut","Ofoeti"
"Juppa","Bimmut","Oobscu"
"Juppa","Bimmut","Egemmf"
"Zillis","Bimmut","Edaphn"
"Zillis","Bimmut","Enigri"
"Hartheim","Bimmut","Oproxi"
"Hartheim","Bimmut","Hangli"
"Zillis","Bimmut","Hischn"
"Juppa","Bimmut","Hischn"
"Zillis","Bimmut","Eelaea"
"Hartheim","Bimmut","Ovesic"
"Juppa","Bimmut","Oretic"
"Hartheim","Bimmut","Hoblit"
"Zillis","Bimmut","Hleuco"
"Rügen, Glowitz","Bimmut","Opprox"
"Rügen, Neukamp","Bimmut","Opprox"
"Rügen, Glowitz","Bimmut","Hleuco"
"Rügen, Neukamp","Bimmut","Hpruss"
"Rügen, Glowitz","Bimmut","Hpruss"
"Rügen, Glowitz","Bimmut","Hleuca"
"Rügen, Glowitz","Bimmut","Hanoma"
"Rügen, Neukamp","Bimmut","Hanoma"
"Rügen, Glowitz","Bimmut","Hoblit"
"Rügen, Neukamp","Bimmut","Hleuca"
"Kühkopf, Mordhecke I","Binter","Ovimin"
"Griesheim bei Darmstadt","Binter","Ovimin"
"Griesheim bei Darmstadt","Binter","Ogalla"
"Griesheim bei Darmstadt","Binter","Obridg"
"Griesheim bei Darmstadt","Binter","Ovesic"
"Kühkopf, Mordhecke I","Binter","Ovesic"
"Kühkopf, Mordhecke I","Binter","Opedun"
"Frankfurt, Riedwiese","Binter","Opedun"
"Frankfurt, Riedwiese","Binter","Obridg"
"Frankfurt, Riedwiese","Binter","Ovimin"
"Kühkopf, Mordhecke I","Binter","Obella"
"Zillertal, Hintertux/ Weitental","Binter","Ovaria"
"Zillertal, Hintertux/ Weitental","Binter","Onigri"
"Zillertal, Hintertux/ Weitental","Binter","Ovesic"
"Zillertal, Hintertux/ Weitental","Binter","Oobscu"
"Zillertal, Hintertux/ Weitental","Binter","Ofoeti"
"Zillertal, Hintertux/ Weitental","Binter","Obridg"
"Kühkopf, Mordhecke I","Binter","Oproxi"
"Zillertal, Hintertux/ Weitental","Binter","Oretus"
"Zillertal, Hintertux/ Weitental","Binter","Ovimin"
"Zillertal, Hintertux/ Weitental","Binter","Oretic"
"Zillertal, Hintertux/ Weitental","Binter","Omonti"
"Zillertal, Hintertux/ Weitental","Binter","Eelaea"
"Kühkopf, Mordhecke I","Binter","Obridg"
"Griesheim bei Darmstadt","Binter","Oviril"
"Griesheim bei Darmstadt","Binter","Opedun"
"Schwarzwald, Schluchsee","Binter","Ovaria"
"Griesheim bei Darmstadt","Binter","Hangli"
"Schwarzwald, Schluchsee","Binter","Emucro"
"Schwarzwald, Feldberg","Binter","Okriec"
"Schwarzwald, Schluchsee","Binter","Obella"
"Schwarzwald, Feldberg","Binter","Ogalla"
"Schwarzwald, Todtnau","Binter","Ovimin"
"Schwarzwald, Todtnau","Binter","Ovesic"
"Moorburg","Binter","Oadaph"
"Kühkopf, Mordhecke I","Binter","Oviril"
"Zillertal, Hintertux/ Weitental","Binter","Ohasta"
"Kühkopf, Mordhecke I","Binter","Hpruss"
"Zillertal, Hintertux/ Weitental","Binter","Egemmf"
"Kühkopf, Mordhecke I","Binter","Eatraa"
"Griesheim bei Darmstadt","Binter","Epurpu"
"Kühkopf, Mordhecke I","Binter","Hpolit"
"Griesheim bei Darmstadt","Binter","Hpolit"
"Griesheim bei Darmstadt","Binter","Hpruss"
"Griesheim bei Darmstadt","Binter","Hleuca"
"Rheinau","Binter","Ovimin"
"Rheinau","Binter","Oproxi"
"Rheinau","Binter","Hpolit"
"Rheinau","Binter","Hoblit"
"Zillertal, Hintertux/ Weitental","Bkopel","Ovaria"
"Zillertal, Hintertux/ Weitental","Bkopel","Onigri"
"Zillertal, Hintertux/ Weitental","Bkopel","Ovesic"
"Zillertal, Hintertux/ Weitental","Bkopel","Oobscu"
"Zillertal, Hintertux/ Weitental","Bkopel","Ofoeti"
"Zillertal, Hintertux/ Weitental","Bkopel","Obridg"
"Zillertal, Hintertux/ Weitental","Bkopel","Oretus"
"Zillertal, Hintertux/ Weitental","Bkopel","Ovimin"
"Zillertal, Hintertux/ Weitental","Bkopel","Oretic"
"Zillertal, Hintertux/ Weitental","Bkopel","Omonti"
"Zillertal, Hintertux/ Weitental","Bkopel","Eelaea"
"Ötztal, Obergurgl/ Gaisbergf.","Bkopel","Oretic"
"Korgfjellet","Bkopel","Oglauc"
"Korgfjellet","Bkopel","Onival"
"Korgfjellet","Bkopel","Oglabr"
"Korgfjellet","Bkopel","Oretic"
"Korgfjellet","Bkopel","Ohasta"
"Zillertal, Hintertux/ Weitental","Bkopel","Ohasta"
"Korgfjellet","Bkopel","Olappo"
"Torne Träsk, Abisko","Bkopel","Oretic"
"Torne Träsk, Abisko","Bkopel","Oherba"
"Korgfjellet","Bkopel","Omyrsi"
"Korgfjellet","Bkopel","Ospeit"
"Korgfjellet","Bkopel","Elappc"
"Korgfjellet","Bkopel","Elappo"
"N.-Varanger, Sandfjord","Bkopel","Omyrsi"
"N.-Varanger, Sandfjord","Bkopel","Ovaria"
"N.-Varanger, Sandfjord, Fjell","Bkopel","Oherba"
"N.-Varanger, Sandfjord","Bkopel","Onival"
"Torne Träsk, Abisko","Bkopel","Oglabr"
"Korgfjellet","Bkopel","Osamol"
"Korgfjellet","Bkopel","Olappl"
"Korgfjellet","Bkopel","Eboreo"
"Zillertal, Hintertux/ Weitental","Bkopel","Egemmf"
"Torne Träsk, Abisko","Bkopel","Eboreo"
"Torne Träsk, Abisko","Bkopel","Onival"
"Torne Träsk, Abisko","Bkopel","Ehasta"
"Torne Träsk, Abisko","Bkopel","Ohasta"
"Torne Träsk, Abisko","Bkopel","Oarcti"
"Torne Träsk, Abisko","Bkopel","Ephyli"
"Torne Träsk, Abisko","Bkopel","Hnudip"
"Torne Träsk, Abisko","Bkopel","Odolic"
"Torne Träsk, Abisko","Bkopel","Emyrsi"
"Torne Träsk, Abisko","Bkopel","Ovaria"
"Torne Träsk, Abisko","Bkopel","Hischn"
"Torne Träsk, Abisko","Bkopel","Onigri"
"Polarkreis II","Bkopel","Hacuti"
"Polarkreis II","Bkopel","Elappc"
"Polarkreis II","Bkopel","Elappo"
"Polarkreis II","Bkopel","Olappl"
"Korgfjellet","Bkopel","Elanat"
"N.-Varanger, Sandfjord","Bkopel","Oherba"
"N.-Varanger, Sandfjord","Bkopel","Oretic"
"Polarkreis II","Bkopel","Oherba"
"Polarkreis II","Bkopel","Olappo"
"Torne Träsk, Abisko","Bkopel","Esmyrs"
"Polarkreis II","Bkopel","Eboreo"
"Korgfjellet","Bkopel","Hplicg"
"Hartheim","Bkopel","Ovimin"
"Juppa","Bkopel","Obrevi"
"Juppa","Bkopel","Ovaria"
"Juppa","Bkopel","Ofoeti"
"Juppa","Bkopel","Oobscu"
"Julierpaß bei Bivio","Bkopel","Ofoeti"
"Julierpaß bei Bivio","Bkopel","Oobscu"
"Julierpaß bei Bivio","Bkopel","Obrevi"
"Julierpaß bei Bivio","Bkopel","Egemmf"
"Juppa","Bkopel","Egemmf"
"Hartheim","Bkopel","Oproxi"
"Hartheim","Bkopel","Hangli"
"Juppa","Bkopel","Hischn"
"Hartheim","Bkopel","Ovesic"
"Montespluga","Bkopel","Obridg"
"Juppa","Bkopel","Oretic"
"Hartheim","Bkopel","Hoblit"
"N.-Varanger, Sandfjord","Bkopel","Hplicg"
"Rügen, Neukamp","Bkopel","Opprox"
"Rügen, Neukamp","Bkopel","Hpruss"
"Rügen, Neukamp","Bkopel","Hanoma"
"Rügen, Neukamp","Bkopel","Hleuca"
"Murtal, Muhr","Blivid","Ovesic"
"Murtal, Muhr","Blivid","Hpolit"
"Murtal, Muhr","Blivid","Ovimin"
"Val Divedro, Domodossola","Blivid","Ovimin"
"Juppa","Bobscu","Obrevi"
"Juppa","Bobscu","Ovaria"
"Juppa","Bobscu","Ofoeti"
"Juppa","Bobscu","Oobscu"
"Julierpaß bei Bivio","Bobscu","Ofoeti"
"Julierpaß bei Bivio","Bobscu","Oobscu"
"Julierpaß bei Bivio","Bobscu","Obrevi"
"Julierpaß bei Bivio","Bobscu","Egemmf"
"Juppa","Bobscu","Egemmf"
"Juppa","Bobscu","Hischn"
"Juppa","Bobscu","Oretic"
"Kühkopf, Mordhecke I","Bpicti","Ovimin"
"Kühkopf, Mordhecke I","Bpicti","Ovesic"
"Kühkopf, Mordhecke I","Bpicti","Opedun"
"Kühkopf, Mordhecke I","Bpicti","Obella"
"Kühkopf, Mordhecke I","Bpicti","Oproxi"
"Kühkopf, Mordhecke I","Bpicti","Obridg"
"Vogelsberg, Hoherodskopf","Bpicti","Obridg"
"Kühkopf, Mordhecke I","Bpicti","Oviril"
"Vogelsberg, Hoherodskopf","Bpicti","Opedun"
"Vogelsberg, Hoherodskopf","Bpicti","Hleuco"
"Kühkopf, Mordhecke I","Bpicti","Hpruss"
"Obertauern I","Bpicti","Onigri"
"Obertauern I","Bpicti","Ovaria"
"Obertauern I","Bpicti","Omonti"
"Obertauern I","Bpicti","Ofoeti"
"Obertauern I","Bpicti","Oobscu"
"Obertauern I","Bpicti","Egemmf"
"Vogelsberg, Hoherodskopf","Bpicti","Ogalla"
"Taunus, Oberreiffenberg","Bpicti","Ogalla"
"Obertauern I","Bpicti","Hischn"
"Obertauern I","Bpicti","Emyrsi"
"Obertauern I","Bpicti","Ehasta"
"Taunus, Oberreiffenberg","Bpicti","Emucro"
"Obertauern I","Bpicti","Obridg"
"Kühkopf, Mordhecke I","Bpicti","Eatraa"
"Kühkopf, Mordhecke I","Bpicti","Hpolit"
"Vogelsberg, Hoherodskopf","Bpicti","Halien"
"Obertauern I","Bpicti","Oadaph"
"Obertauern I","Bpicti","Hplicd"
"Rheinau (Jungwuchs)","Bpicti","Ovimin"
"Rheinau (Jungwuchs)","Bpicti","Ovesic"
"Zillis","Bpicti","Okriec"
"Zillis","Bpicti","Ovimin"
"Zillis","Bpicti","Ovesic"
"Zillis","Bpicti","Evenus"
"Zillis","Bpicti","Edaphn"
"Zillis","Bpicti","Enigri"
"Zillis","Bpicti","Hischn"
"Zillis","Bpicti","Eelaea"
"Zillis","Bpicti","Hleuco"
"Murtal, Muhr","Bpulch","Ovesic"
"Murtal, Muhr","Bpulch","Hpolit"
"Murtal, Muhr","Bpulch","Ovimin"
"Nufenenpaß, Val de Bedretto II","Bpulch","Eelaea"
"Nufenenpaß, Val de Bedretto II","Bpulch","Okriec"
"Rheinau (Jungwuchs)","Bpulch","Ovimin"
"Rheinau (Jungwuchs)","Bpulch","Ovesic"
"Kühkopf, Mordhecke I","Bracin","Ovimin"
"Kühkopf, Mordhecke I","Bracin","Ovesic"
"Kühkopf, Mordhecke I","Bracin","Opedun"
"Kühkopf, Mordhecke I","Bracin","Obella"
"Kühkopf, Mordhecke III","Bracin","Oproxi"
"Ötztal, Vent/ Gample","Bracin","Ohasta"
"Ötztal, Vent/ Gample","Bracin","Onigri"
"Ötztal, Vent/ Gample","Bracin","Ovaria"
"Ötztal, Vent/ Gample","Bracin","Obridg"
"Ötztal, Vent/ Gample","Bracin","Onival"
"Zillertal, Hintertux/ Weitental","Bracin","Ovaria"
"Zillertal, Hintertux/ Weitental","Bracin","Onigri"
"Zillertal, Hintertux/ Weitental","Bracin","Ovesic"
"Zillertal, Hintertux/ Weitental","Bracin","Oobscu"
"Zillertal, Hintertux/ Weitental","Bracin","Ofoeti"
"Zillertal, Hintertux/ Weitental","Bracin","Obridg"
"Kühkopf, Mordhecke III","Bracin","Ovimin"
"Kühkopf, Mordhecke I","Bracin","Oproxi"
"Zillertal, Hintertux/ Weitental","Bracin","Oretus"
"Zillertal, Hintertux/ Weitental","Bracin","Ovimin"
"Zillertal, Hintertux/ Weitental","Bracin","Oretic"
"Ötztal, Vent/ Gample","Bracin","Omacul"
"Zillertal, Hintertux/ Weitental","Bracin","Omonti"
"Zillertal, Hintertux/ Weitental","Bracin","Eelaea"
"Kühkopf, Mordhecke I","Bracin","Obridg"
"Ötztal, Vent/ Gample","Bracin","Ohelve"
"Zillertal, Lanersbach","Bracin","Onigri"
"Zillertal, Lanersbach","Bracin","Oadaph"
"Zillertal, Lanersbach","Bracin","Ovaria"
"Ötztal, Obergurgl","Bracin","Ohasta"
"Ötztal, Obergurgl","Bracin","Ovaria"
"Schwarzwald, Schluchsee","Bracin","Ovaria"
"Obergoms, Reckingen","Bracin","Ovesic"
"Obergoms, Reckingen","Bracin","Ovimin"
"Obergoms, Reckingen","Bracin","Oadaph"
"Obergoms, Reckingen","Bracin","Ohasta"
"Obergoms, Gletsch","Bracin","Ohelve"
"Obergoms, Gletsch","Bracin","Omacul"
"Nufenenpaß, Paßhöhe I","Bracin","Oretus"
"Nufenenpaß, Paßhöhe I","Bracin","Omacul"
"Binntal nr. Fiesch","Bracin","Ofoeti"
"Binntal nr. Fiesch","Bracin","Ovaria"
"Binntal nr. Fiesch","Bracin","Oobscu"
"Binntal nr. Fiesch","Bracin","Omacul"
"Obergoms, Gletsch","Bracin","Onival"
"Obergoms, Gletsch","Bracin","Ohasta"
"Grimselpaß, Räterichsbodensee","Bracin","Onival"
"Dovrefjell","Bracin","Odolic"
"Dovrefjell","Bracin","Oarcti"
"Korgfjellet","Bracin","Oglauc"
"Korgfjellet","Bracin","Onival"
"Korgfjellet","Bracin","Oglabr"
"Korgfjellet","Bracin","Oretic"
"Lofot, Laubstad","Bracin","Oglauc"
"Lofot, Laubstad","Bracin","Onival"
"Lofot, Laubstad","Bracin","Olappo"
"S.-Varanger, Vaggatem","Bracin","Oarcti"
"S.-Varanger, Vaggatem","Bracin","Ospset"
"S.-Varanger, Vaggatem","Bracin","Odolic"
"S.-Varanger, Vaggatem","Bracin","Onorve"
"S.-Varanger, Vaggatem","Bracin","Onival"
"S.-Varanger, Vaggatem","Bracin","Osamol"
"S.-Varanger, Vaggatem","Bracin","Omyrti"
"S.-Varanger, Vaggatem","Bracin","Emyrti"
"S.-Varanger, Vaggatem","Bracin","Ovaria"
"S.-Varanger, Vaggatem","Bracin","Oglabr"
"S.-Varanger, Nyrud","Bracin","Ovaria"
"S.-Varanger, Vaggatem","Bracin","Elappo"
"S.-Varanger, Vaggatem","Bracin","Elappc"
"Polarkreis I","Bracin","Olappo"
"Polarkreis I","Bracin","Oherba"
"Korgfjellet","Bracin","Ohasta"
"Schwarzwald, Schluchsee","Bracin","Emucro"
"Schwarzwald, Feldberg","Bracin","Okriec"
"Schwarzwald, Schluchsee","Bracin","Obella"
"Schwarzwald, Feldberg","Bracin","Ogalla"
"S.-Varanger, Nyrud","Bracin","Oarcti"
"S.-Varanger, Vaggatem","Bracin","Ohasta"
"Kühkopf, Mordhecke I","Bracin","Oviril"
"Preetz, Postsee","Bracin","Oadaph"
"Preetz, Postsee","Bracin","Opedun"
"Katinger Watt","Bracin","Ovimin"
"Katinger Watt","Bracin","Oproxi"
"Vejersstrand","Bracin","Ocolla"
"Gern-Alm","Bracin","Ovaria"
"Gern-Alm","Bracin","Ovimin"
"Gern-Alm","Bracin","Ovesic"
"Gern-Alm","Bracin","Okriec"
"Gern-Alm","Bracin","Oelaea"
"Gern-Alm","Bracin","Obridg"
"Zillertal, Hintertux/ Weitental","Bracin","Ohasta"
"Obergoms, Gletsch","Bracin","Oadaph"
"Obergoms, Gletsch","Bracin","Ovesic"
"Obergoms, Gletsch","Bracin","Ovimin"
"Obergoms, Gletsch","Bracin","Oviril"
"Obergoms, Gletsch","Bracin","Obridg"
"Korgfjellet","Bracin","Olappo"
"Alta, Baeskades","Bracin","Oglabr"
"Alta, Baeskades","Bracin","Onival"
"Alta, Baeskades","Bracin","Osamol"
"Alta, Baeskades","Bracin","Oarcti"
"Alta, Baeskades","Bracin","Oherba"
"Polarkreis I","Bracin","Elappo"
"Polarkreis I","Bracin","Elappc"
"Oppdal","Bracin","Onorve"
"Oppdal","Bracin","Ephyli"
"Korgfjellet","Bracin","Omyrsi"
"Korgfjellet","Bracin","Ospeit"
"Korgfjellet","Bracin","Elappc"
"Korgfjellet","Bracin","Elappo"
"Dovrefjell","Bracin","Omyrsi"
"Kühkopf, Mordhecke I","Bracin","Hpruss"
"Kühkopf, Mordhecke III","Bracin","Oviril"
"Obertauern I","Bracin","Onigri"
"Obertauern I","Bracin","Ovaria"
"Obertauern I","Bracin","Omonti"
"Obertauern I","Bracin","Ofoeti"
"Obertauern I","Bracin","Oobscu"
"Obertauern I","Bracin","Egemmf"
"Ötztal, Obergurgl","Bracin","Onival"
"Garguluobbal, Karasjok","Bracin","Oarcti"
"Polarkreis, Krokstrand","Bracin","Oglabr"
"Polarkreis, Krokstrand","Bracin","Onival"
"Polarkreis, Krokstrand","Bracin","Ovaria"
"Polarkreis, Krokstrand","Bracin","Olappo"
"Polarkreis, Krokstrand","Bracin","Osamol"
"Polarkreis, Krokstrand","Bracin","Elappo"
"Polarkreis, Krokstrand","Bracin","Olappl"
"Korgfjellet","Bracin","Osamol"
"Korgfjellet","Bracin","Olappl"
"Korgfjellet","Bracin","Eboreo"
"Dovrefjell","Bracin","Elappo"
"Dovrefjell","Bracin","Olappo"
"Dovrefjell","Bracin","Olappl"
"Dovrefjell","Bracin","Osamol"
"Dovrefjell","Bracin","Onival"
"Geilo","Bracin","Onigri"
"Geilo","Bracin","Emyrsi"
"Geilo","Bracin","Ovaria"
"Obertauern I","Bracin","Hischn"
"Obertauern I","Bracin","Emyrsi"
"Obertauern I","Bracin","Ehasta"
"Zillertal, Hintertux/ Weitental","Bracin","Egemmf"
"Gern-Alm","Bracin","Eelaea"
"Ötztal, Vent/ Gample","Bracin","Hcarin"
"Ötztal, Vent/ Gample","Bracin","Ehasta"
"Ötztal, Vent/ Gample","Bracin","Eboreo"
"Ötztal, Vent/ Gample","Bracin","Egemmh"
"Ötztal, Obergurgl","Bracin","Hplicg"
"Ötztal, Obergurgl","Bracin","Ehasta"
"Grimselpaß, Räterichsbodensee","Bracin","Egemmh"
"Grimselpaß, Räterichsbodensee","Bracin","Hspirh"
"Grimselpaß, Räterichsbodensee","Bracin","Omacul"
"Grimselpaß, Räterichsbodensee","Bracin","Ehasta"
"Grimselpaß, Räterichsbodensee","Bracin","Ohasta"
"Grimselpaß, Räterichsbodensee","Bracin","Hplicg"
"Nufenenpaß, Paßhöhe I","Bracin","Egemmh"
"Nufenenpaß, Paßhöhe I","Bracin","Oobscu"
"Nufenenpaß, Paßhöhe I","Bracin","Oretic"
"Nufenenpaß, Paßhöhe I","Bracin","Egemmf"
"Ötztal, Obergurgl","Bracin","Eboreo"
"Nufenenpaß, Paßhöhe I","Bracin","Hspirh"
"Alta, Baeskades","Bracin","Elappo"
"Alta, Baeskades","Bracin","Olappl"
"Alta, Baeskades","Bracin","Eboreo"
"Polarkreis I","Bracin","Oglauc"
"Polarkreis I","Bracin","Onival"
"Polarkreis I","Bracin","Olappl"
"Polarkreis I","Bracin","Hplicl"
"Polarkreis, Krokstrand","Bracin","Elappc"
"Polarkreis, Krokstrand","Bracin","Eboreo"
"Korgfjellet","Bracin","Elanat"
"Obertauern II","Bracin","Hspira"
"Obertauern II","Bracin","Ofoeti"
"Obertauern II","Bracin","Oobscu"
"Obertauern II","Bracin","Omonti"
"Obertauern II","Bracin","Egemmf"
"Tauernpaß, Tweng","Bracin","Hplicd"
"Tauernpaß, Tweng","Bracin","Okriec"
"Obertauern I","Bracin","Obridg"
"Tauernpaß, Tweng","Bracin","Oadaph"
"Tauernpaß, Tweng","Bracin","Eelaea"
"Obergoms, Gletsch","Bracin","Egemmh"
"Nufenenpaß, Paßhöhe II","Bracin","Ohasta"
"Nufenenpaß, Paßhöhe II","Bracin","Oretus"
"Nufenenpaß, Paßhöhe II","Bracin","Ofoeti"
"Nufenenpaß, Paßhöhe II","Bracin","Oobscu"
"Kühkopf, Mordhecke I","Bracin","Eatraa"
"Kühkopf, Mordhecke III","Bracin","Eatraa"
"Kühkopf, Mordhecke III","Bracin","Eangus"
"Kühkopf, Mordhecke I","Bracin","Hpolit"
"Nufenenpaß, Paßhöhe I","Bracin","Ofoeti"
"Nufenenpaß, Paßhöhe I","Bracin","Ohasta"
"Obertauern I","Bracin","Oadaph"
"Nufenenpaß, Paßhöhe I","Bracin","Epurpu"
"Kilianstätten","Bracin","Hpolit"
"Ötztal, Vent/ Gample","Bracin","Hplicg"
"Ötztal, Vent/ Gample","Bracin","Hspira"
"Nufenenpaß, Paßhöhe I","Bracin","Htuber"
"Obertauern I","Bracin","Hplicd"
"Preetz, Postsee","Bracin","Etesta"
"St. Peter-Ording","Bracin","Eweiff"
"St. Peter-Ording","Bracin","Ocolla"
"Preetz, Postsee","Bracin","Oproxi"
"Preetz, Postsee","Bracin","Eatraa"
"Kühkopf, Mordhecke II","Bracin","Hpolit"
"Kühkopf, Mordhecke II","Bracin","Hpruss"
"Kühkopf, Mordhecke II","Bracin","Hoblit"
"Kilianstätten","Bracin","Hangli"
"Ötztal, Vent/ Gample","Bracin","Hischn"
"Ötztal, Vent/ Gample","Bracin","Egemmf"
"Ötztal, Obergurgl","Bracin","Epurpu"
"Grimselpaß, Räterichsbodensee","Bracin","Egemmc"
"Preetz, Postsee","Bracin","Esubge"
"Preetz, Postsee","Bracin","Egemmc"
"S.-Varanger, Nyrud","Bracin","Evenus"
"S.-Varanger, Nyrud","Bracin","Ospset"
"Ifjordfjellet II","Bracin","Odolic"
"Ifjordfjellet II","Bracin","Oglauc"
"Polarkreis I","Bracin","Odolic"
"S.-Varanger, Vaggatem","Bracin","Esmyrt"
"S.-Varanger, Nyrud","Bracin","Elappo"
"Polarkreis, Krokstrand","Bracin","Elanat"
"Ifjordfjellet II","Bracin","Hplicg"
"Korgfjellet","Bracin","Hplicg"
"Dachsteingebirge, Hoferalm b. Filzmos","Bracin","Okriec"
"Tauernpaß, Tweng","Bracin","Edaphn"
"Tauernpaß, Tweng","Bracin","Eappen"
"Obertauern II","Bracin","Eelaea"
"Dachsteingebirge, Hoferalm b. Filzmos","Bracin","Hpolit"
"Rheinau (Jungwuchs)","Bracin","Ovimin"
"Rheinau (Jungwuchs)","Bracin","Ovesic"
"Urdenbach, Urdenbacher Kämpe","Bracin","Oproxi"
"Grietherbusch / Dornick","Bracin","Oproxi"
"Zillis","Bracin","Okriec"
"Zillis","Bracin","Ovimin"
"Hartheim","Bracin","Ovimin"
"Honau","Bracin","Ovaria"
"Honau","Bracin","Ovimin"
"Zillis","Bracin","Ovesic"
"Zillis","Bracin","Evenus"
"Juppa","Bracin","Obrevi"
"Juppa","Bracin","Ovaria"
"Juppa","Bracin","Ofoeti"
"Juppa","Bracin","Oobscu"
"Julierpaß bei Bivio","Bracin","Ofoeti"
"Julierpaß bei Bivio","Bracin","Oobscu"
"Julierpaß bei Bivio","Bracin","Obrevi"
"Julierpaß bei Bivio","Bracin","Egemmf"
"Juppa","Bracin","Egemmf"
"Zillis","Bracin","Edaphn"
"Zillis","Bracin","Enigri"
"Grietherbusch / Dornick","Bracin","Otrian"
"Hartheim","Bracin","Oproxi"
"Grietherbusch / Dornick","Bracin","Hangli"
"Urdenbach, Urdenbacher Kämpe","Bracin","Hoblit"
"Grietherbusch / Dornick","Bracin","Hoblit"
"Urdenbach, Urdenbacher Kämpe","Bracin","Hangli"
"Hartheim","Bracin","Hangli"
"Honau","Bracin","Hoblit"
"Honau","Bracin","Hpolit"
"Honau","Bracin","Hpruss"
"Zillis","Bracin","Hischn"
"Juppa","Bracin","Hischn"
"Zillis","Bracin","Eelaea"
"Hartheim","Bracin","Ovesic"
"Honau","Bracin","Oproxi"
"Juppa","Bracin","Oretic"
"Hartheim","Bracin","Hoblit"
"Zillis","Bracin","Hleuco"
"Honau","Bracin","Hangli"
"S.-Varanger, Nyrud","Bracin","Omyrti"
"S.-Varanger, Nyrud","Bracin","Ogalla"
"S.-Varanger, Nyrud","Bracin","Emyrti"
"Dovrefjell","Bracin","Hnudip"
"Lakselv / Stabursnes","Bracin","Hischn"
"Lakselv / Stabursnes","Bracin","Hplicp"
"Lakselv / Stabursnes","Bracin","Hnudip"
"S.-Varanger, Nyrud","Bracin","Hscapr"
"S.-Varanger, Nyrud","Bracin","Hleuco"
"S.-Varanger, Nyrud","Bracin","Hischn"
"S.-Varanger, Nyrud","Bracin","Hnudip"
"S.-Varanger, Nyrud","Bracin","Htuber"
"S.-Varanger, Vaggatem","Bracin","Hscapr"
"S.-Varanger, Vaggatem","Bracin","Hnudip"
"Lofot, Austvagoya, Morfjord","Bracin","Htuber"
"Polarkreis I","Bracin","Hplicg"
"Polarkreis I","Bracin","Hacuti"
"Luxembourg","Bracin","Oaacut"
"Schönfeld, Dr. Josef Mehrlhütte","Bracin","Onigri"
"Schönfeld, Dr. Josef Mehrlhütte","Bracin","Odolic"
"Usedom, Ziemitz","Bracin","Otrian"
"Waldverchs","Bracin","Hpolit"
"Waldverchs","Bracin","Hpurpu"
"Waldverchs","Bracin","Hpruss"
"Waldverchs","Bracin","Hleuca"
"Waldverchs","Bracin","Hangli"
"Usedom, Trassenheide","Bracin","Hpruss"
"Storuman","Bracin","Hnudip"
"Storuman","Bracin","Hacuti"
"Storuman","Bracin","Opustu"
"Storuman","Bracin","Hleuco"
"Polarkreis I","Bracin","Opolar"
"Lofot, Austvagoya, Morfjord","Bracin","Ohasta"
"Lofot, Austvagoya, Morfjord","Bracin","Ehasta"
"Lofot, Austvagoya, Morfjord","Bracin","Hplicg"
"Berkak","Bracin","Hischn"
"Dovrefjell, Grönbakken","Bracin","Omyrsi"
"Dovrefjell, Grönbakken","Bracin","Esmyrs"
"Dovrefjell, Grönbakken","Bracin","Hacuti"
"Dovrefjell, Grönbakken","Bracin","Hplicp"
"Dovrefjell, Grönbakken","Bracin","Odolic"
"Dovrefjell, Grönbakken","Bracin","Oarcti"
"Dovrefjell, Grönbakken","Bracin","Ephyli"
"Peer Gynt veien III","Bracin","Oglabr"
"Peer Gynt veien III","Bracin","Elanat"
"Katinger Watt","Bracin","Opedun"
"Rügen, Neukamp","Bracin","Opprox"
"Katinger Watt","Bracin","Hleuca"
"Katinger Watt","Bracin","Hpruss"
"Rügen, Neukamp","Bracin","Hpruss"
"Rügen, Neukamp","Bracin","Hanoma"
"Rügen, Neukamp","Bracin","Hleuca"
"Palanga","Bracin","Oadaph"
"Vejersstrand","Bracin","Eweiff"
"Palanga","Bracin","Hpruss"
"Palanga","Bracin","Hischn"
"Palanga","Bracin","Hanoma"
"Palanga","Bracin","Hleuca"
"Langen-Bergheim","Bracin","Hleuca"
"Langen-Bergheim","Bracin","Halien"
"Langen-Bergheim","Bracin","Heryth"
"Langen-Bergheim","Bracin","Hpruss"
"Langen-Bergheim","Bracin","Hspecc"
"Langen-Bergheim","Bracin","Hleuco"
"Langen-Bergheim","Bracin","Hanoma"
"Ötztal, Vent/ Gample","Bracin","Htuber"
"Langen-Bergheim","Bracin","Oproxi"
"Oppdal","Bracin","Evenus"
"Peer Gynt veien III","Bracin","Hnudip"
"Peer Gynt veien III","Bracin","Hischn"
"Passo di Mendola nr. Kaltern","Bracin","Hanoma"
"Passo di Mendola nr. Kaltern","Bracin","Hleuco"
"Preetz, Postsee","Bracin","Hleuca"
"Preetz, Postsee","Bracin","Hpruss"
"Vejersstrand","Bracin","Hpruss"
"Vejersstrand","Bracin","Hleuca"
"Vejersstrand","Bracin","Hangli"
"Peer Gynt veien III","Bracin","Hplicg"
"Peer Gynt veien III","Bracin","Hacuti"
"Nymindegab","Bracsp","Ocolla"
"Nymindegab","Bracsp","Obridg"
"Nymindegab","Bracsp","Opedun"
"St. Peter-Ording","Bracsp","Eweiff"
"St. Peter-Ording","Bracsp","Ocolla"
"Nymindegab","Bracsp","Eweiff"
"Nymindegab","Bracsp","Hpruss"
"Nymindegab","Bracsp","Hleuca"
"Nymindegab","Bracsp","Hangli"
"Kühkopf, Mordhecke I","Broman","Ovimin"
"Kühkopf, Mordhecke I","Broman","Ovesic"
"Kühkopf, Mordhecke I","Broman","Opedun"
"Taunus, Hunoldstal","Broman","Oproxi"
"Taunus, Hunoldstal","Broman","Ovimin"
"Kühkopf, Mordhecke I","Broman","Obella"
"Ötztal, Vent/ Gample","Broman","Ohasta"
"Ötztal, Vent/ Gample","Broman","Onigri"
"Ötztal, Vent/ Gample","Broman","Ovaria"
"Ötztal, Vent/ Gample","Broman","Obridg"
"Ötztal, Vent/ Gample","Broman","Onival"
"Zillertal, Hintertux/ Weitental","Broman","Ovaria"
"Zillertal, Hintertux/ Weitental","Broman","Onigri"
"Zillertal, Hintertux/ Weitental","Broman","Ovesic"
"Zillertal, Hintertux/ Weitental","Broman","Oobscu"
"Zillertal, Hintertux/ Weitental","Broman","Ofoeti"
"Zillertal, Hintertux/ Weitental","Broman","Obridg"
"Kühkopf, Mordhecke I","Broman","Oproxi"
"Zillertal, Hintertux/ Weitental","Broman","Oretus"
"Zillertal, Hintertux/ Weitental","Broman","Ovimin"
"Zillertal, Hintertux/ Weitental","Broman","Oretic"
"Ötztal, Vent/ Gample","Broman","Omacul"
"Zillertal, Hintertux/ Weitental","Broman","Omonti"
"Zillertal, Hintertux/ Weitental","Broman","Eelaea"
"Kühkopf, Mordhecke I","Broman","Obridg"
"Ötztal, Vent/ Gample","Broman","Ohelve"
"Ötztal, Obergurgl/ Gaisbergf.","Broman","Oretic"
"Ötztal, Vent/ Am Spiegel","Broman","Omacul"
"Ötztal, Obergurgl","Broman","Ohasta"
"Ötztal, Obergurgl","Broman","Ovaria"
"Vogelsberg, Hoherodskopf","Broman","Obridg"
"Arolla","Broman","Ovimin"
"Arolla","Broman","Ovaria"
"Saastal, Mattmark","Broman","Omacul"
"Saastal, Mattmark","Broman","Ohasta"
"Saastal, Mattmark","Broman","Ovaria"
"Saastal, Mattmark","Broman","Obrevi"
"Saastal, Mattmark","Broman","Oviril"
"Saastal, Mattmark","Broman","Ovimin"
"Nufenenpaß, Paßhöhe I","Broman","Oretus"
"Nufenenpaß, Paßhöhe I","Broman","Omacul"
"Binntal nr. Fiesch","Broman","Ofoeti"
"Binntal nr. Fiesch","Broman","Ovaria"
"Binntal nr. Fiesch","Broman","Oobscu"
"Binntal nr. Fiesch","Broman","Omacul"
"Grimselpaß, Räterichsbodensee","Broman","Onival"
"Grimselpaß, Grimselsee","Broman","Egemmh"
"Dovrefjell","Broman","Odolic"
"Dovrefjell","Broman","Oarcti"
"Korgfjellet","Broman","Oglauc"
"Korgfjellet","Broman","Onival"
"Korgfjellet","Broman","Oglabr"
"Korgfjellet","Broman","Oretic"
"Ramfjorden","Broman","Onorve"
"Polarkreis I","Broman","Olappo"
"Polarkreis I","Broman","Oherba"
"Korgfjellet","Broman","Ohasta"
"Kühkopf, Mordhecke I","Broman","Oviril"
"Vogelsberg, Hoherodskopf","Broman","Opedun"
"Vogelsberg, Hoherodskopf","Broman","Hleuco"
"Zillertal, Hintertux/ Weitental","Broman","Ohasta"
"Ötztal, Vent/ Am Spiegel","Broman","Ohelve"
"Peer Gynt veien I","Broman","Oglabr"
"Peer Gynt veien I","Broman","Onival"
"Peer Gynt veien I","Broman","Ohasta"
"Korgfjellet","Broman","Olappo"
"Ramfjorden","Broman","Olappo"
"Ramfjorden","Broman","Olappl"
"Ramfjorden","Broman","Osamol"
"Alta, Baeskades","Broman","Oglabr"
"Alta, Baeskades","Broman","Onival"
"Alta, Baeskades","Broman","Osamol"
"Alta, Baeskades","Broman","Oarcti"
"Kilpisjärvi","Broman","Oarcti"
"Alta, Baeskades","Broman","Oherba"
"Kilpisjärvi","Broman","Ohasta"
"Kilpisjärvi","Broman","Osamol"
"Kilpisjärvi","Broman","Ehasta"
"Kilpisjärvi","Broman","Olappo"
"Kilpisjärvi","Broman","Elappo"
"Narvik, Björnfjell","Broman","Oherba"
"Torne Träsk, Abisko","Broman","Oretic"
"Torne Träsk, Abisko","Broman","Oherba"
"Polarkreis I","Broman","Elappo"
"Polarkreis I","Broman","Elappc"
"Korgfjellet","Broman","Omyrsi"
"Korgfjellet","Broman","Ospeit"
"Korgfjellet","Broman","Elappc"
"Korgfjellet","Broman","Elappo"
"Dovrefjell","Broman","Omyrsi"
"Jotunheimen, Breiseterdalen","Broman","Omyrsi"
"Röldal","Broman","Oherba"
"Gießen, Staufenberger Forst","Broman","Obella"
"Kühkopf, Mordhecke I","Broman","Hpruss"
"Tauplitzalm","Broman","Ovimin"
"Tauplitzalm","Broman","Ofoeti"
"Tauplitzalm","Broman","Okriec"
"Obertauern I","Broman","Onigri"
"Obertauern I","Broman","Ovaria"
"Obertauern I","Broman","Omonti"
"Obertauern I","Broman","Ofoeti"
"Obertauern I","Broman","Oobscu"
"Obertauern I","Broman","Egemmf"
"Ötztal, Obergurgl","Broman","Onival"
"Ötztal, Timmelsjoch","Broman","Omacul"
"Peer Gynt veien I","Broman","Olappo"
"Peer Gynt veien I","Broman","Olappl"
"Peer Gynt veien I","Broman","Opustu"
"Lapphaugen bei Bardu","Broman","Ohasta"
"Lapphaugen bei Bardu","Broman","Oglabr"
"Lapphaugen bei Bardu","Broman","Onival"
"Lapphaugen bei Bardu","Broman","Ovaria"
"Lapphaugen bei Bardu","Broman","Onigri"
"N.-Varanger, Sandfjord","Broman","Omyrsi"
"N.-Varanger, Sandfjord","Broman","Ovaria"
"N.-Varanger, Sandfjord, Fjell","Broman","Oherba"
"N.-Varanger, Sandfjord","Broman","Onival"
"Ifjordfjellet / Gilojokka","Broman","Oglabr"
"Ifjordfjellet / Gilojokka","Broman","Ovaria"
"Ifjordfjellet / Gilojokka","Broman","Onival"
"Ifjordfjellet / Gilojokka","Broman","Oarcti"
"Ifjordfjellet / Gilojokka","Broman","Odolic"
"Ifjordfjellet / Gilojokka","Broman","Olappo"
"Ifjordfjellet / Gilojokka","Broman","Osamol"
"Ifjordfjellet / Gilojokka","Broman","Olappl"
"Kilpisjärvi","Broman","Odolic"
"Torne Träsk, Abisko","Broman","Oglabr"
"Polarkreis, Krokstrand","Broman","Oglabr"
"Polarkreis, Krokstrand","Broman","Onival"
"Polarkreis, Krokstrand","Broman","Ovaria"
"Polarkreis, Krokstrand","Broman","Olappo"
"Polarkreis, Krokstrand","Broman","Osamol"
"Polarkreis, Krokstrand","Broman","Elappo"
"Polarkreis, Krokstrand","Broman","Olappl"
"Korgfjellet","Broman","Osamol"
"Korgfjellet","Broman","Olappl"
"Korgfjellet","Broman","Eboreo"
"Dovrefjell","Broman","Elappo"
"Dovrefjell","Broman","Olappo"
"Dovrefjell","Broman","Olappl"
"Dovrefjell","Broman","Osamol"
"Dovrefjell","Broman","Onival"
"Jotunheimen, Breiseterdalen","Broman","Eboreo"
"Jotunheimen, Breiseterdalen","Broman","Onival"
"Jotunheimen, Breiseterdalen","Broman","Oglauc"
"Jotunheimen, Breiseterdalen","Broman","Elappo"
"Jotunheimen, Breiseterdalen","Broman","Elappc"
"Jotunheimen, Breiseterdalen","Broman","Osamol"
"Jotunheimen, Breiseterdalen","Broman","Olappo"
"Jotunheimen, Breiseterdalen","Broman","Olappl"
"Geilo","Broman","Onigri"
"Geilo","Broman","Emyrsi"
"Geilo","Broman","Ovaria"
"Vogelsberg, Hoherodskopf","Broman","Ogalla"
"Obertauern I","Broman","Hischn"
"Obertauern I","Broman","Emyrsi"
"Obertauern I","Broman","Ehasta"
"Zillertal, Hintertux/ Weitental","Broman","Egemmf"
"Ötztal, Vent/ Gample","Broman","Hcarin"
"Ötztal, Vent/ Gample","Broman","Ehasta"
"Ötztal, Vent/ Gample","Broman","Eboreo"
"Ötztal, Vent/ Gample","Broman","Egemmh"
"Ötztal, Obergurgl","Broman","Hplicg"
"Ötztal, Obergurgl","Broman","Ehasta"
"Ötztal, Vent/ Am Spiegel","Broman","Egemmh"
"Grimselpaß, Räterichsbodensee","Broman","Egemmh"
"Grimselpaß, Räterichsbodensee","Broman","Hspirh"
"Grimselpaß, Räterichsbodensee","Broman","Omacul"
"Grimselpaß, Räterichsbodensee","Broman","Ehasta"
"Grimselpaß, Räterichsbodensee","Broman","Ohasta"
"Grimselpaß, Räterichsbodensee","Broman","Hplicg"
"Saastal, Mattmark","Broman","Ehasta"
"Nufenenpaß, Paßhöhe I","Broman","Egemmh"
"Nufenenpaß, Paßhöhe I","Broman","Oobscu"
"Nufenenpaß, Paßhöhe I","Broman","Oretic"
"Nufenenpaß, Paßhöhe I","Broman","Egemmf"
"Ötztal, Obergurgl","Broman","Eboreo"
"Pitztal, Nähe Mittelberg","Broman","Egemmh"
"Pitztal, Nähe Mittelberg","Broman","Hspira"
"Pitztal, Nähe Mittelberg","Broman","Obridg"
"Saastal, Mattmark","Broman","Egemmf"
"Saastal, Mattmark","Broman","Emyrsi"
"Arolla","Broman","Egemmh"
"Arolla","Broman","Egemmf"
"Arolla","Broman","Hcarin"
"Arolla","Broman","Ofoeti"
"Arolla","Broman","Oobscu"
"Nufenenpaß, Paßhöhe I","Broman","Hspirh"
"Lapphaugen bei Bardu","Broman","Ehasta"
"Lapphaugen bei Bardu","Broman","Elanat"
"Lapphaugen bei Bardu","Broman","Elappo"
"Lapphaugen bei Bardu","Broman","Osamol"
"Lapphaugen bei Bardu","Broman","Olappl"
"Lapphaugen bei Bardu","Broman","Eboreo"
"Ifjordfjellet / Gilojokka","Broman","Elanat"
"Alta, Baeskades","Broman","Elappo"
"Alta, Baeskades","Broman","Olappl"
"Alta, Baeskades","Broman","Eboreo"
"Torne Träsk, Abisko","Broman","Eboreo"
"Torne Träsk, Abisko","Broman","Onival"
"Torne Träsk, Abisko","Broman","Ehasta"
"Torne Träsk, Abisko","Broman","Ohasta"
"Torne Träsk, Abisko","Broman","Oarcti"
"Torne Träsk, Abisko","Broman","Ephyli"
"Torne Träsk, Abisko","Broman","Hnudip"
"Torne Träsk, Abisko","Broman","Odolic"
"Torne Träsk, Abisko","Broman","Emyrsi"
"Torne Träsk, Abisko","Broman","Ovaria"
"Torne Träsk, Abisko","Broman","Hischn"
"Torne Träsk, Abisko","Broman","Onigri"
"Polarkreis II","Broman","Hacuti"
"Polarkreis I","Broman","Oglauc"
"Polarkreis I","Broman","Onival"
"Polarkreis I","Broman","Olappl"
"Polarkreis I","Broman","Hplicl"
"Polarkreis, Krokstrand","Broman","Elappc"
"Polarkreis, Krokstrand","Broman","Eboreo"
"Polarkreis II","Broman","Elappc"
"Polarkreis II","Broman","Elappo"
"Polarkreis II","Broman","Olappl"
"Korgfjellet","Broman","Elanat"
"Jotunheimen, Breiseterdalen","Broman","Odolic"
"Jotunheimen, Breiseterdalen","Broman","Oarcti"
"Jotunheimen, Breiseterdalen","Broman","Elanat"
"Jotunheimen, Breiseterdalen","Broman","Oglabr"
"Jotunheimen, Breiseterdalen","Broman","Etesta"
"Vikafjell bei Viksöyri","Broman","Eboreo"
"Vikafjell bei Viksöyri","Broman","Onival"
"Vikafjell bei Viksöyri","Broman","Elappo"
"Vikafjell bei Viksöyri","Broman","Osamol"
"Vikafjell bei Viksöyri","Broman","Olappl"
"Vikafjell bei Viksöyri","Broman","Elappc"
"Vikafjell bei Viksöyri","Broman","Olappo"
"Obertauern I","Broman","Obridg"
"Grimselpaß, Grimselsee","Broman","Omacul"
"Grimselpaß, Grimselsee","Broman","Eboreo"
"Grimselpaß, Grimselsee","Broman","Onival"
"Grimselpaß, Grimselsee","Broman","Ohasta"
"Saastal, Mattmark","Broman","Egemmh"
"Grimselpaß, Grimselsee","Broman","Ehasta"
"Saastal, Mattmark","Broman","Ofoeti"
"Nufenenpaß, Paßhöhe II","Broman","Ohasta"
"Nufenenpaß, Paßhöhe II","Broman","Oretus"
"Nufenenpaß, Paßhöhe II","Broman","Ofoeti"
"Nufenenpaß, Paßhöhe II","Broman","Oobscu"
"Kühkopf, Mordhecke I","Broman","Eatraa"
"Kühkopf, Mordhecke I","Broman","Hpolit"
"Ortenberg I","Broman","Hoblit"
"Ortenberg I","Broman","Hangli"
"Ortenberg I","Broman","Hpolit"
"Vogelsberg, Hoherodskopf","Broman","Halien"
"Val di Egro, Mt. Tremalzo II","Broman","Ohasta"
"Val di Egro, Mt. Tremalzo II","Broman","Ehasta"
"Val di Egro, Mt. Tremalzo II","Broman","Oobscu"
"Val di Egro, Mt. Tremalzo II","Broman","Obridg"
"Nufenenpaß, Paßhöhe I","Broman","Ofoeti"
"Nufenenpaß, Paßhöhe I","Broman","Ohasta"
"Obertauern I","Broman","Oadaph"
"Taunus, Hunoldstal","Broman","Hleuca"
"Nufenenpaß, Paßhöhe I","Broman","Epurpu"
"Ötztal, Vent/ Gample","Broman","Hplicg"
"Ötztal, Vent/ Gample","Broman","Hspira"
"Grimselpaß, Grimselsee","Broman","Hspirh"
"Grimselpaß, Grimselsee","Broman","Hplicg"
"Nufenenpaß, Paßhöhe I","Broman","Htuber"
"Obertauern I","Broman","Hplicd"
"Ötztal, Vent/ Gample","Broman","Hischn"
"Ötztal, Vent/ Gample","Broman","Egemmf"
"Pitztal, Nähe Mittelberg","Broman","Ehasta"
"Ötztal, Obergurgl","Broman","Epurpu"
"Grimselpaß, Räterichsbodensee","Broman","Egemmc"
"N.-Varanger, Sandfjord","Broman","Oherba"
"N.-Varanger, Sandfjord","Broman","Oretic"
"Fauske","Broman","Evenus"
"Polarkreis I","Broman","Odolic"
"Polarkreis II","Broman","Oherba"
"Polarkreis II","Broman","Olappo"
"Fauske","Broman","Ohasta"
"Ortenberg I","Broman","Oproxi"
"Ortenberg I","Broman","Ovimin"
"Riu Malliu, bei Cagliari","Broman","Ovimin"
"Kilpisjärvi","Broman","Elanat"
"Kilpisjärvi","Broman","Eboreo"
"Kilpisjärvi","Broman","Elappc"
"Kilpisjärvi","Broman","Ephyli"
"Torne Träsk, Abisko","Broman","Esmyrs"
"Lapphaugen bei Bardu","Broman","Emyrsi"
"Fauske","Broman","Ehasta"
"Polarkreis, Krokstrand","Broman","Elanat"
"Polarkreis II","Broman","Eboreo"
"Jotunheimen, Breiseterdalen","Broman","Hplicg"
"Korgfjellet","Broman","Hplicg"
"Annaberg, Tennengau","Broman","Ovaria"
"Zillis","Broman","Okriec"
"Zillis","Broman","Ovimin"
"Zillis","Broman","Ovesic"
"Zillis","Broman","Evenus"
"Juppa","Broman","Obrevi"
"Juppa","Broman","Ovaria"
"Juppa","Broman","Ofoeti"
"Juppa","Broman","Oobscu"
"Lago di Lei","Broman","Obridg"
"Lago di Lei","Broman","Ofoeti"
"Julierpaß bei Bivio","Broman","Ofoeti"
"Julierpaß bei Bivio","Broman","Oobscu"
"Albulapaß nr. Paßhöhe","Broman","Oretus"
"Julierpaß bei Bivio","Broman","Obrevi"
"Albulapaß nr. Paßhöhe","Broman","Oretic"
"Julierpaß bei Bivio","Broman","Egemmf"
"Juppa","Broman","Egemmf"
"Zillis","Broman","Edaphn"
"Zillis","Broman","Enigri"
"Zillis","Broman","Hischn"
"Juppa","Broman","Hischn"
"Zillis","Broman","Eelaea"
"Montespluga","Broman","Obridg"
"Lago di Lei","Broman","Oobscu"
"Juppa","Broman","Oretic"
"Lago di Lei","Broman","Egemmf"
"Lago di Lei","Broman","Hpscho"
"Zillis","Broman","Hleuco"
"Dovrefjell","Broman","Hnudip"
"N.-Varanger, Sandfjord","Broman","Hplicg"
"Vikafjell bei Viksöyri","Broman","Hacuti"
"Lapphaugen bei Bardu","Broman","Hplicg"
"Lapphaugen bei Bardu","Broman","Htuber"
"Ifjordfjellet / Gilojokka","Broman","Hplicg"
"Ifjordfjellet / Gilojokka","Broman","Hnudip"
"Kilpisjärvi","Broman","Hnudip"
"Kilpisjärvi","Broman","Hacuti"
"Kilpisjärvi","Broman","Hplicg"
"Polarkreis I","Broman","Hplicg"
"Kilpisjärvi","Broman","Hischn"
"Kilpisjärvi","Broman","Htuber"
"Lapphaugen bei Bardu","Broman","Hnudip"
"Vikafjell bei Viksöyri","Broman","Hplicg"
"Polarkreis I","Broman","Hacuti"
"Ifjordfjellet / Gilojokka","Broman","Eboreo"
"Luxembourg","Broman","Oaacut"
"Fauske","Broman","Hcarin"
"Polarkreis I","Broman","Opolar"
"Dovrefjell, Grönbakken","Broman","Omyrsi"
"Dovrefjell, Grönbakken","Broman","Esmyrs"
"Dovrefjell, Grönbakken","Broman","Hacuti"
"Dovrefjell, Grönbakken","Broman","Hplicp"
"Dovrefjell, Grönbakken","Broman","Odolic"
"Dovrefjell, Grönbakken","Broman","Oarcti"
"Dovrefjell, Grönbakken","Broman","Ephyli"
"Peer Gynt veien I","Broman","Osamol"
"Peer Gynt veien I","Broman","Elappo"
"Kjölen nr. Halden","Broman","Eweiff"
"Kjölen nr. Halden","Broman","Ocolla"
"Kjölen nr. Halden","Broman","Halien"
"Kjölen nr. Halden","Broman","Obella"
"Ötztal, Vent/ Gample","Broman","Htuber"
"Vikafjell bei Viksöyri","Broman","Hsglau"
"Vikafjell bei Viksöyri","Broman","Hslana"
"Vikafjell bei Viksöyri","Broman","Hplicl"
"Tyssedal, Ringedalsvatn","Campop","Ogalla"
"Kühkopf, Mordhecke I","Ccruxx","Ovimin"
"Griesheim bei Darmstadt","Ccruxx","Ovimin"
"Griesheim bei Darmstadt","Ccruxx","Ogalla"
"Griesheim bei Darmstadt","Ccruxx","Obridg"
"Griesheim bei Darmstadt","Ccruxx","Ovesic"
"Kühkopf, Mordhecke I","Ccruxx","Ovesic"
"Kühkopf, Mordhecke I","Ccruxx","Opedun"
"Karben","Ccruxx","Otrian"
"Taunus, Waldems-Reichenbach","Ccruxx","Oproxi"
"Taunus, Waldems-Esch","Ccruxx","Oproxi"
"Taunus, Hunoldstal","Ccruxx","Oproxi"
"Taunus, Hunoldstal","Ccruxx","Ovimin"
"Frankfurt, Riedwiese","Ccruxx","Opedun"
"Frankfurt, Riedwiese","Ccruxx","Obridg"
"Frankfurt, Riedwiese","Ccruxx","Ovimin"
"Kühkopf, Mordhecke I","Ccruxx","Obella"
"Kühkopf, Mordhecke III","Ccruxx","Oproxi"
"Kühkopf, Mordhecke III","Ccruxx","Ovimin"
"Kühkopf, Mordhecke I","Ccruxx","Oproxi"
"Kühkopf, Mordhecke I","Ccruxx","Obridg"
"Griesheim bei Darmstadt","Ccruxx","Oviril"
"Griesheim bei Darmstadt","Ccruxx","Opedun"
"Taunus, Usingen","Ccruxx","Oproxi"
"Taunus, Usingen","Ccruxx","Ogalla"
"Obergoms, Obergesteln","Ccruxx","Oviril"
"Vogelsberg, Hoherodskopf","Ccruxx","Obridg"
"Taunus, Usingen","Ccruxx","Obridg"
"Griesheim bei Darmstadt","Ccruxx","Hangli"
"Obergoms, Reckingen","Ccruxx","Ovesic"
"Obergoms, Reckingen","Ccruxx","Ovimin"
"Obergoms, Reckingen","Ccruxx","Oadaph"
"Obergoms, Reckingen","Ccruxx","Ohasta"
"Obergoms, Obergesteln","Ccruxx","Otrian"
"Obergoms, Obergesteln","Ccruxx","Oadaph"
"Binntal nr. Fiesch","Ccruxx","Ofoeti"
"Binntal nr. Fiesch","Ccruxx","Ovaria"
"Binntal nr. Fiesch","Ccruxx","Oobscu"
"Binntal nr. Fiesch","Ccruxx","Omacul"
"Stiklestad","Ccruxx","Onigri"
"Stiklestad","Ccruxx","Ovaria"
"Stiklestad","Ccruxx","Obridg"
"Steinkjer","Ccruxx","Onigri"
"Steinkjer","Ccruxx","Obridg"
"Steinkjer","Ccruxx","Ovaria"
"Leitenberg","Ccruxx","Oproxi"
"Herbertshausen","Ccruxx","Oproxi"
"Kühkopf, Mordhecke I","Ccruxx","Oviril"
"Limeshain, Rommelhausen","Ccruxx","Opedun"
"Limeshain, Rommelhausen","Ccruxx","Otrian"
"Vogelsberg, Hoherodskopf","Ccruxx","Opedun"
"Vogelsberg, Hoherodskopf","Ccruxx","Hleuco"
"Kiel, Langsee","Ccruxx","Opedun"
"Preetz, Postsee","Ccruxx","Oadaph"
"Kiel, Langsee","Ccruxx","Obridg"
"Preetz, Postsee","Ccruxx","Opedun"
"Howacht 1","Ccruxx","Oproxi"
"Howacht 3","Ccruxx","Oproxi"
"Kiel, Dietrichsdorf","Ccruxx","Ovimin"
"Kiel, Dietrichsdorf","Ccruxx","Opedun"
"Kiel, Dietrichsdorf","Ccruxx","Obridg"
"Katinger Watt","Ccruxx","Ovimin"
"Katinger Watt","Ccruxx","Oproxi"
"Hennestrand","Ccruxx","Ocolla"
"Vejersstrand","Ccruxx","Ocolla"
"Rogerfelde","Ccruxx","Oproxi"
"Altenkrempe","Ccruxx","Oproxi"
"Ritterhude","Ccruxx","Oadaph"
"Mellum","Ccruxx","Oproxi"
"Stendorf","Ccruxx","Oproxi"
"Norderney","Ccruxx","Ocolla"
"Norderney","Ccruxx","Oadaph"
"Borkum","Ccruxx","Ocolla"
"Jechtingen","Ccruxx","Oadaph"
"Mahndorf","Ccruxx","Ocolla"
"Gramai-Alm","Ccruxx","Oelaea"
"Gramai-Alm","Ccruxx","Okriec"
"Gramai-Alm","Ccruxx","Oadaph"
"Falzthurn-Alm","Ccruxx","Okriec"
"Falzthurn-Alm","Ccruxx","Oelaea"
"Falzthurn-Alm","Ccruxx","Ovesic"
"Falzthurn-Alm","Ccruxx","Ovimin"
"Falzthurn-Alm","Ccruxx","Ovaria"
"Falzthurn-Alm","Ccruxx","Oadaph"
"Gern-Alm","Ccruxx","Ovaria"
"Gern-Alm","Ccruxx","Ovimin"
"Gern-Alm","Ccruxx","Ovesic"
"Gern-Alm","Ccruxx","Okriec"
"Gern-Alm","Ccruxx","Oelaea"
"Gern-Alm","Ccruxx","Obridg"
"Gedern","Ccruxx","Ogalla"
"Ketsch","Ccruxx","Oproxi"
"Ketsch","Ccruxx","Ovimin"
"Torun","Ccruxx","Otrian"
"Torun","Ccruxx","Ovimin"
"Skoganvatnet","Ccruxx","Opustu"
"Skoganvatnet","Ccruxx","Ovaria"
"Bardu","Ccruxx","Oarcti"
"Kilpisjärvi","Ccruxx","Oarcti"
"Kilpisjärvi","Ccruxx","Ohasta"
"Kilpisjärvi","Ccruxx","Osamol"
"Kilpisjärvi","Ccruxx","Ehasta"
"Kilpisjärvi","Ccruxx","Olappo"
"Kilpisjärvi","Ccruxx","Elappo"
"Kühkopf, Mordhecke I","Ccruxx","Hpruss"
"Kühkopf, Mordhecke III","Ccruxx","Oviril"
"Planneralm II","Ccruxx","Ovaria"
"Planneralm II","Ccruxx","Obridg"
"Bad Aussee","Ccruxx","Ovaria"
"Bad Aussee","Ccruxx","Okriec"
"Spytkowo","Ccruxx","Ovaria"
"Kruklanki","Ccruxx","Ovimin"
"Kilpisjärvi","Ccruxx","Odolic"
"Vogelsberg, Hoherodskopf","Ccruxx","Ogalla"
"Falzthurn-Alm","Ccruxx","Eelaea"
"Gramai-Alm","Ccruxx","Eelaea"
"Gern-Alm","Ccruxx","Eelaea"
"Halltal","Ccruxx","Okriec"
"Eberswalde","Ccruxx","Enigri"
"Marköbel","Ccruxx","Emucro"
"Murtal, Muhr, Kraftwerk","Ccruxx","Eelaea"
"Mattertal, Täsch","Ccruxx","Ovimin"
"Mattertal, Täsch","Ccruxx","Epurpu"
"Mattertal, Täsch","Ccruxx","Oadaph"
"Obergoms, Obergesteln","Ccruxx","Edaphn"
"Obergoms, Obergesteln","Ccruxx","Ovesic"
"Obergoms, Obergesteln","Ccruxx","Epurpu"
"Nufenenpaß, Val de Bedretto I","Ccruxx","Okriec"
"Nufenenpaß, Val de Bedretto I","Ccruxx","Ovesic"
"Nufenenpaß, Val de Bedretto I","Ccruxx","Eelaea"
"Nufenenpaß, Val de Bedretto I","Ccruxx","Epurpu"
"Nufenenpaß, Val de Bedretto I","Ccruxx","Ovimin"
"Nufenenpaß, Val de Bedretto II","Ccruxx","Eelaea"
"Nufenenpaß, Val de Bedretto II","Ccruxx","Okriec"
"Kühkopf, Mordhecke I","Ccruxx","Eatraa"
"Kühkopf, Mordhecke III","Ccruxx","Eatraa"
"Kühkopf, Mordhecke III","Ccruxx","Eangus"
"Griesheim bei Darmstadt","Ccruxx","Epurpu"
"Kühkopf, Mordhecke I","Ccruxx","Hpolit"
"Griesheim bei Darmstadt","Ccruxx","Hpolit"
"Limeshain, Rommelhausen","Ccruxx","Hpolit"
"Ortenberg I","Ccruxx","Hoblit"
"Limeshain, Rommelhausen","Ccruxx","Heryth"
"Ortenberg I","Ccruxx","Hangli"
"Limeshain, Rommelhausen","Ccruxx","Halien"
"Ortenberg I","Ccruxx","Hpolit"
"Vogelsberg, Hoherodskopf","Ccruxx","Halien"
"Taunus, Dorfweil","Ccruxx","Obridg"
"Obergoms, Obergesteln","Ccruxx","Hpolit"
"Taunus, Hunoldstal","Ccruxx","Hleuca"
"Taunus, Usingen","Ccruxx","Halien"
"Taunus, Usingen","Ccruxx","Hleuca"
"Taunus, Dorfweil","Ccruxx","Hpruss"
"Taunus, Usingen","Ccruxx","Eatraa"
"Taunus, Dorfweil","Ccruxx","Hleuca"
"Obergoms, Obergesteln","Ccruxx","Hplicd"
"Preetz, Postsee","Ccruxx","Etesta"
"St. Peter-Ording","Ccruxx","Eweiff"
"St. Peter-Ording","Ccruxx","Ocolla"
"Kiel, Dietrichsdorf","Ccruxx","Esubge"
"Preetz, Postsee","Ccruxx","Oproxi"
"Preetz, Postsee","Ccruxx","Eatraa"
"Griesheim bei Darmstadt","Ccruxx","Hpruss"
"Griesheim bei Darmstadt","Ccruxx","Hleuca"
"Schrems-Pürbach","Ccruxx","Evenus"
"Schrems-Pürbach","Ccruxx","Emucro"
"Preetz, Postsee","Ccruxx","Esubge"
"Preetz, Postsee","Ccruxx","Egemmc"
"Stiklestad","Ccruxx","Otrian"
"Ortenberg I","Ccruxx","Oproxi"
"Ortenberg I","Ccruxx","Ovimin"
"Kilpisjärvi","Ccruxx","Elanat"
"Kilpisjärvi","Ccruxx","Eboreo"
"Kilpisjärvi","Ccruxx","Elappc"
"Kilpisjärvi","Ccruxx","Ephyli"
"Nordfjorden","Ccruxx","Emucro"
"Nordfjorden","Ccruxx","Eaurit"
"Nordfjorden","Ccruxx","Halien"
"Limeshain, Rommelhausen","Ccruxx","Emucro"
"Schrems-Pürbach","Ccruxx","Eaurit"
"Kiel, Dietrichsdorf","Ccruxx","Egemmc"
"Kiel, Dietrichsdorf","Ccruxx","Eciner"
"Obertauern III","Ccruxx","Ofoeti"
"Obertauern III","Ccruxx","Obridg"
"Schrems-Pürbach","Ccruxx","Obella"
"Obertauern III","Ccruxx","Oobscu"
"Bad Ischl","Ccruxx","Etesta"
"Obertauern III","Ccruxx","Eappen"
"Rheinau (Jungwuchs)","Ccruxx","Ovimin"
"Rheinau (Jungwuchs)","Ccruxx","Ovesic"
"Urdenbach, Urdenbacher Kämpe","Ccruxx","Oproxi"
"Grietherbusch / Dornick","Ccruxx","Oproxi"
"Zillis","Ccruxx","Okriec"
"Zillis","Ccruxx","Ovimin"
"Rheinau","Ccruxx","Ovimin"
"Hartheim","Ccruxx","Ovimin"
"Rheinau","Ccruxx","Oproxi"
"Honau","Ccruxx","Ovaria"
"Honau","Ccruxx","Ovimin"
"Zillis","Ccruxx","Ovesic"
"Zillis","Ccruxx","Evenus"
"Juppa","Ccruxx","Obrevi"
"Juppa","Ccruxx","Ovaria"
"Juppa","Ccruxx","Ofoeti"
"Juppa","Ccruxx","Oobscu"
"La Massane","Ccruxx","Opedun"
"Juppa","Ccruxx","Egemmf"
"Zillis","Ccruxx","Edaphn"
"Zillis","Ccruxx","Enigri"
"Grietherbusch / Dornick","Ccruxx","Otrian"
"Hartheim","Ccruxx","Oproxi"
"Grietherbusch / Dornick","Ccruxx","Hangli"
"Urdenbach, Urdenbacher Kämpe","Ccruxx","Hoblit"
"Grietherbusch / Dornick","Ccruxx","Hoblit"
"Urdenbach, Urdenbacher Kämpe","Ccruxx","Hangli"
"Hartheim","Ccruxx","Hangli"
"Rheinau","Ccruxx","Hpolit"
"Honau","Ccruxx","Hoblit"
"Honau","Ccruxx","Hpolit"
"Rheinau","Ccruxx","Hoblit"
"Honau","Ccruxx","Hpruss"
"Zillis","Ccruxx","Hischn"
"Juppa","Ccruxx","Hischn"
"Zillis","Ccruxx","Eelaea"
"Hartheim","Ccruxx","Ovesic"
"Honau","Ccruxx","Oproxi"
"Juppa","Ccruxx","Oretic"
"Hartheim","Ccruxx","Hoblit"
"Zillis","Ccruxx","Hleuco"
"Honau","Ccruxx","Hangli"
"Kilpisjärvi","Ccruxx","Hnudip"
"Kilpisjärvi","Ccruxx","Hacuti"
"Kilpisjärvi","Ccruxx","Hplicg"
"Kilpisjärvi","Ccruxx","Hischn"
"Kilpisjärvi","Ccruxx","Htuber"
"Kiel, Dietrichsdorf","Ccruxx","Hangli"
"Kiel, Dietrichsdorf","Ccruxx","Hleuca"
"Weißenbach","Ccruxx","Oproxi"
"Ramsau, Silberklamm","Ccruxx","Ovaria"
"Ramsau, Silberklamm","Ccruxx","Okriec"
"Usedom, Ziemitz","Ccruxx","Otrian"
"Kiel, Dietrichsdorf","Ccruxx","Hpruss"
"Ramsau, Silberklamm","Ccruxx","Hpolit"
"Ramsau, Silberklamm","Ccruxx","Hischn"
"Ramsau, Silberklamm","Ccruxx","Hspira"
"Ramsau, Silberklamm","Ccruxx","Hpurpu"
"Weißenbach","Ccruxx","Hpurpu"
"Ramsau, Silberklamm","Ccruxx","Hplicd"
"Ramsau, Silberklamm","Ccruxx","Hpscho"
"Süder-Friedrichs-Koog","Ccruxx","Ovimin"
"Süder-Friedrichs-Koog","Ccruxx","Ovesic"
"Süder-Friedrichs-Koog","Ccruxx","Obridg"
"Katinger Watt","Ccruxx","Opedun"
"Horn / Bodensee / Gnadensee","Ccruxx","Oviril"
"Neuwilen, Bommer Weiher","Ccruxx","Oviril"
"Radolfzell, Mettnau","Ccruxx","Oviril"
"Andelshofen","Ccruxx","Oviril"
"Rügen, Bergen / Kaiseritz","Ccruxx","Oproxi"
"Rügen, Glowitz","Ccruxx","Opprox"
"Rügen, Neukamp","Ccruxx","Opprox"
"Neuwilen, Bommer Weiher","Ccruxx","Hangli"
"Radolfzell, Mettnau","Ccruxx","Hpurpu"
"Radolfzell, Mettnau","Ccruxx","Hpolit"
"Neuwilen, Bommer Weiher","Ccruxx","Hpolit"
"Neuwilen, Bommer Weiher","Ccruxx","Hpruss"
"Neuwilen, Bommer Weiher","Ccruxx","Hleuca"
"Horn / Bodensee / Gnadensee","Ccruxx","Hleuca"
"Radolfzell, Mettnau","Ccruxx","Halien"
"Radolfzell, Mettnau","Ccruxx","Heryth"
"Neuwilen, Bommer Weiher","Ccruxx","Hpurpu"
"Katinger Watt","Ccruxx","Hleuca"
"Katinger Watt","Ccruxx","Hpruss"
"Rügen, Glowitz","Ccruxx","Hleuco"
"Rügen, Neukamp","Ccruxx","Hpruss"
"Rügen, Bergen / Kaiseritz","Ccruxx","Heryth"
"Rügen, Glowitz","Ccruxx","Hpruss"
"Rügen, Bergen / Kaiseritz","Ccruxx","Hanoma"
"Rügen, Bergen / Kaiseritz","Ccruxx","Hpruss"
"Rügen, Glowitz","Ccruxx","Hleuca"
"Rügen, Glowitz","Ccruxx","Hanoma"
"Rügen, Neukamp","Ccruxx","Hanoma"
"Rügen, Glowitz","Ccruxx","Hoblit"
"Rügen, Neukamp","Ccruxx","Hleuca"
"Rügen, Bergen / Kaiseritz","Ccruxx","Hleuca"
"Vejersstrand","Ccruxx","Eweiff"
"Radolfzell, Mettnau","Ccruxx","Hoblit"
"Klausdorf, Schwentine","Ccruxx","Hleuca"
"Langen-Bergheim","Ccruxx","Hleuca"
"Langen-Bergheim","Ccruxx","Halien"
"Langen-Bergheim","Ccruxx","Heryth"
"Klausdorf, Schwentine","Ccruxx","Hpruss"
"Langen-Bergheim","Ccruxx","Hpruss"
"Langen-Bergheim","Ccruxx","Hspecc"
"Langen-Bergheim","Ccruxx","Hleuco"
"Langen-Bergheim","Ccruxx","Hanoma"
"Radolfzell, Mettnau","Ccruxx","Hspecc"
"Radolfzell, Mettnau","Ccruxx","Hpruss"
"Radolfzell, Mettnau","Ccruxx","Hleuca"
"Klausdorf, Schwentine","Ccruxx","Oproxi"
"Langen-Bergheim","Ccruxx","Oproxi"
"Klausdorf, Schwentine","Ccruxx","Hanoma"
"Klausdorf, Schwentine","Ccruxx","Hleuco"
"Limeshain, Rommelhausen","Ccruxx","Hpruss"
"Limeshain, Rommelhausen","Ccruxx","Hleuca"
"Preetz, Postsee","Ccruxx","Hleuca"
"Kiel, Dietrichsdorf","Ccruxx","Hpolit"
"Kiel, Langsee","Ccruxx","Hpruss"
"Kiel, Langsee","Ccruxx","Hangli"
"Preetz, Postsee","Ccruxx","Hpruss"
"Kiel, Langsee","Ccruxx","Hleuca"
"Vejersstrand","Ccruxx","Hpruss"
"Vejersstrand","Ccruxx","Hleuca"
"Vejersstrand","Ccruxx","Hangli"
"Skutevik","Cdorsa","Eciner"
"Skutevik","Cdorsa","Emucro"
"Skutevik","Cdorsa","Egemmc"
"Skutevik","Cdorsa","Oarcti"
"Skutevik","Cdorsa","Hanoma"
"Skutevik","Cdorsa","Heryth"
"Skutevik","Cdorsa","Halien"
"Skutevik","Cdorsa","Eaurit"
"Leira nr. Trondheim","Cdorsa","Halien"
"Leira nr. Trondheim","Cdorsa","Heryth"
"Leira nr. Trondheim","Cdorsa","Obella"
"Kühkopf, Mordhecke I","Celong","Ovimin"
"Griesheim bei Darmstadt","Celong","Ovimin"
"Griesheim bei Darmstadt","Celong","Ogalla"
"Griesheim bei Darmstadt","Celong","Obridg"
"Griesheim bei Darmstadt","Celong","Ovesic"
"Kühkopf, Mordhecke I","Celong","Ovesic"
"Kühkopf, Mordhecke I","Celong","Opedun"
"Taunus, Hunoldstal","Celong","Oproxi"
"Taunus, Hunoldstal","Celong","Ovimin"
"Kühkopf, Mordhecke I","Celong","Obella"
"Ötztal, Vent/ Gample","Celong","Ohasta"
"Ötztal, Vent/ Gample","Celong","Onigri"
"Ötztal, Vent/ Gample","Celong","Ovaria"
"Ötztal, Vent/ Gample","Celong","Obridg"
"Ötztal, Vent/ Gample","Celong","Onival"
"Kühkopf, Mordhecke I","Celong","Oproxi"
"Ötztal, Vent/ Gample","Celong","Omacul"
"Kühkopf, Mordhecke I","Celong","Obridg"
"Griesheim bei Darmstadt","Celong","Oviril"
"Griesheim bei Darmstadt","Celong","Opedun"
"Taunus, Usingen","Celong","Oproxi"
"Taunus, Usingen","Celong","Ogalla"
"Ötztal, Vent/ Gample","Celong","Ohelve"
"Ötztal, Obergurgl","Celong","Ohasta"
"Ötztal, Obergurgl","Celong","Ovaria"
"Obergoms, Obergesteln","Celong","Oviril"
"Vogelsberg, Hoherodskopf","Celong","Obridg"
"Taunus, Usingen","Celong","Obridg"
"Griesheim bei Darmstadt","Celong","Hangli"
"Obergoms, Obergesteln","Celong","Otrian"
"Obergoms, Obergesteln","Celong","Oadaph"
"Arolla","Celong","Ovimin"
"Arolla","Celong","Ovaria"
"Nufenenpaß, Paßhöhe I","Celong","Oretus"
"Nufenenpaß, Paßhöhe I","Celong","Omacul"
"Grimselpaß, Räterichsbodensee","Celong","Onival"
"Grimselpaß, Grimselsee","Celong","Egemmh"
"Nymindegab","Celong","Ocolla"
"Nymindegab","Celong","Obridg"
"Nymindegab","Celong","Opedun"
"Dovrefjell","Celong","Odolic"
"Dovrefjell","Celong","Oarcti"
"Karasjok","Celong","Onorve"
"Karasjok","Celong","Olappl"
"S.-Varanger, Vaggatem","Celong","Oarcti"
"S.-Varanger, Vaggatem","Celong","Ospset"
"S.-Varanger, Vaggatem","Celong","Odolic"
"S.-Varanger, Vaggatem","Celong","Onorve"
"S.-Varanger, Vaggatem","Celong","Onival"
"S.-Varanger, Vaggatem","Celong","Osamol"
"S.-Varanger, Vaggatem","Celong","Omyrti"
"S.-Varanger, Vaggatem","Celong","Emyrti"
"S.-Varanger, Vaggatem","Celong","Ovaria"
"S.-Varanger, Vaggatem","Celong","Oglabr"
"S.-Varanger, Nyrud","Celong","Ovaria"
"S.-Varanger, Vaggatem","Celong","Elappo"
"S.-Varanger, Vaggatem","Celong","Elappc"
"Ramfjorden","Celong","Onorve"
"Polarkreis I","Celong","Olappo"
"Polarkreis I","Celong","Oherba"
"S.-Varanger, Nyrud","Celong","Oarcti"
"S.-Varanger, Vaggatem","Celong","Ohasta"
"Kühkopf, Mordhecke I","Celong","Oviril"
"Limeshain, Rommelhausen","Celong","Opedun"
"Limeshain, Rommelhausen","Celong","Otrian"
"Vogelsberg, Hoherodskopf","Celong","Opedun"
"Vogelsberg, Hoherodskopf","Celong","Hleuco"
"Kiel, Langsee","Celong","Opedun"
"Preetz, Postsee","Celong","Oadaph"
"Kiel, Langsee","Celong","Obridg"
"Preetz, Postsee","Celong","Opedun"
"Kiel, Dietrichsdorf","Celong","Ovimin"
"Kiel, Dietrichsdorf","Celong","Opedun"
"Kiel, Dietrichsdorf","Celong","Obridg"
"Vejersstrand","Celong","Ocolla"
"Tretten, Nordbu nr. Ringebu","Celong","Oarcti"
"Peer Gynt veien I","Celong","Oglabr"
"Peer Gynt veien I","Celong","Onival"
"Peer Gynt veien I","Celong","Ohasta"
"Peer Gynt veien II","Celong","Olappo"
"Tretten, Nordbu nr. Ringebu","Celong","Onival"
"Tretten, Nordbu nr. Ringebu","Celong","Olappo"
"Tretten, Nordbu nr. Ringebu","Celong","Olappl"
"Peer Gynt veien II","Celong","Onival"
"Peer Gynt veien II","Celong","Oglauc"
"Ramfjorden","Celong","Olappo"
"Ramfjorden","Celong","Olappl"
"Ramfjorden","Celong","Osamol"
"Kilpisjärvi","Celong","Oarcti"
"Kilpisjärvi","Celong","Ohasta"
"Kilpisjärvi","Celong","Osamol"
"Kilpisjärvi","Celong","Ehasta"
"Kilpisjärvi","Celong","Olappo"
"Kilpisjärvi","Celong","Elappo"
"Torne Träsk, Abisko","Celong","Oretic"
"Torne Träsk, Abisko","Celong","Oherba"
"Polarkreis I","Celong","Elappo"
"Polarkreis I","Celong","Elappc"
"Dovrefjell","Celong","Omyrsi"
"Jotunheimen, Breiseterdalen","Celong","Omyrsi"
"Kühkopf, Mordhecke I","Celong","Hpruss"
"Obertauern I","Celong","Onigri"
"Obertauern I","Celong","Ovaria"
"Obertauern I","Celong","Omonti"
"Obertauern I","Celong","Ofoeti"
"Obertauern I","Celong","Oobscu"
"Obertauern I","Celong","Egemmf"
"Ötztal, Obergurgl","Celong","Onival"
"Peer Gynt veien I","Celong","Olappo"
"Peer Gynt veien I","Celong","Olappl"
"Peer Gynt veien I","Celong","Opustu"
"Lapphaugen bei Bardu","Celong","Ohasta"
"Lapphaugen bei Bardu","Celong","Oglabr"
"Lapphaugen bei Bardu","Celong","Onival"
"Lapphaugen bei Bardu","Celong","Ovaria"
"Lapphaugen bei Bardu","Celong","Onigri"
"Folldal, Dahlholen","Celong","Odolic"
"N.-Varanger, Tanabru","Celong","Oarcti"
"N.-Varanger, Tanabru","Celong","Osamol"
"N.-Varanger, Tanabru","Celong","Olappl"
"N.-Varanger, Tanabru","Celong","Olappo"
"N.-Varanger, Sandfjord","Celong","Omyrsi"
"N.-Varanger, Sandfjord","Celong","Ovaria"
"N.-Varanger, Sandfjord","Celong","Onival"
"Ifjordfjellet / Gilojokka","Celong","Oglabr"
"Ifjordfjellet / Gilojokka","Celong","Ovaria"
"Ifjordfjellet / Gilojokka","Celong","Onival"
"Ifjordfjellet / Gilojokka","Celong","Oarcti"
"Ifjordfjellet / Gilojokka","Celong","Odolic"
"Ifjordfjellet / Gilojokka","Celong","Olappo"
"Ifjordfjellet / Gilojokka","Celong","Osamol"
"Ifjordfjellet / Gilojokka","Celong","Olappl"
"Kilpisjärvi","Celong","Odolic"
"Torne Träsk, Abisko","Celong","Oglabr"
"Dovrefjell","Celong","Elappo"
"Dovrefjell","Celong","Olappo"
"Dovrefjell","Celong","Olappl"
"Dovrefjell","Celong","Osamol"
"Dovrefjell","Celong","Onival"
"Jotunheimen, Breiseterdalen","Celong","Eboreo"
"Jotunheimen, Breiseterdalen","Celong","Onival"
"Jotunheimen, Breiseterdalen","Celong","Oglauc"
"Jotunheimen, Breiseterdalen","Celong","Elappo"
"Jotunheimen, Breiseterdalen","Celong","Elappc"
"Jotunheimen, Breiseterdalen","Celong","Osamol"
"Jotunheimen, Breiseterdalen","Celong","Olappo"
"Jotunheimen, Breiseterdalen","Celong","Olappl"
"Geilo","Celong","Onigri"
"Geilo","Celong","Emyrsi"
"Geilo","Celong","Ovaria"
"Vogelsberg, Hoherodskopf","Celong","Ogalla"
"Obertauern I","Celong","Hischn"
"Obertauern I","Celong","Emyrsi"
"Obertauern I","Celong","Ehasta"
"Ötztal, Vent/ Gample","Celong","Hcarin"
"Ötztal, Vent/ Gample","Celong","Ehasta"
"Ötztal, Vent/ Gample","Celong","Eboreo"
"Ötztal, Vent/ Gample","Celong","Egemmh"
"Ötztal, Obergurgl","Celong","Hplicg"
"Ötztal, Obergurgl","Celong","Ehasta"
"Grimselpaß, Räterichsbodensee","Celong","Egemmh"
"Grimselpaß, Räterichsbodensee","Celong","Hspirh"
"Grimselpaß, Räterichsbodensee","Celong","Omacul"
"Grimselpaß, Räterichsbodensee","Celong","Ehasta"
"Grimselpaß, Räterichsbodensee","Celong","Ohasta"
"Grimselpaß, Räterichsbodensee","Celong","Hplicg"
"Nufenenpaß, Paßhöhe I","Celong","Egemmh"
"Nufenenpaß, Paßhöhe I","Celong","Oobscu"
"Nufenenpaß, Paßhöhe I","Celong","Oretic"
"Nufenenpaß, Paßhöhe I","Celong","Egemmf"
"Ötztal, Obergurgl","Celong","Eboreo"
"Pitztal, Nähe Mittelberg","Celong","Egemmh"
"Pitztal, Nähe Mittelberg","Celong","Hspira"
"Pitztal, Nähe Mittelberg","Celong","Obridg"
"Arolla","Celong","Egemmh"
"Arolla","Celong","Egemmf"
"Arolla","Celong","Hcarin"
"Arolla","Celong","Ofoeti"
"Arolla","Celong","Oobscu"
"Nufenenpaß, Paßhöhe I","Celong","Hspirh"
"Lapphaugen bei Bardu","Celong","Ehasta"
"Lapphaugen bei Bardu","Celong","Elanat"
"Lapphaugen bei Bardu","Celong","Elappo"
"Lapphaugen bei Bardu","Celong","Osamol"
"Lapphaugen bei Bardu","Celong","Olappl"
"Lapphaugen bei Bardu","Celong","Eboreo"
"Ifjordfjellet / Gilojokka","Celong","Elanat"
"N.-Varanger, Tanabru","Celong","Ephyli"
"N.-Varanger, Tanabru","Celong","Ohasta"
"N.-Varanger, Tanabru","Celong","Elanat"
"N.-Varanger, Tanabru","Celong","Odolic"
"N.-Varanger, Tanabru","Celong","Ehasta"
"Torne Träsk, Abisko","Celong","Eboreo"
"Torne Träsk, Abisko","Celong","Onival"
"Torne Träsk, Abisko","Celong","Ehasta"
"Torne Träsk, Abisko","Celong","Ohasta"
"Torne Träsk, Abisko","Celong","Oarcti"
"Torne Träsk, Abisko","Celong","Ephyli"
"Torne Träsk, Abisko","Celong","Hnudip"
"Torne Träsk, Abisko","Celong","Odolic"
"Torne Träsk, Abisko","Celong","Emyrsi"
"Torne Träsk, Abisko","Celong","Ovaria"
"Torne Träsk, Abisko","Celong","Hischn"
"Torne Träsk, Abisko","Celong","Onigri"
"Polarkreis I","Celong","Oglauc"
"Polarkreis I","Celong","Onival"
"Polarkreis I","Celong","Olappl"
"Polarkreis I","Celong","Hplicl"
"Jotunheimen, Breiseterdalen","Celong","Odolic"
"Jotunheimen, Breiseterdalen","Celong","Oarcti"
"Jotunheimen, Breiseterdalen","Celong","Elanat"
"Jotunheimen, Breiseterdalen","Celong","Oglabr"
"Jotunheimen, Breiseterdalen","Celong","Etesta"
"Seljestad bei Odda","Celong","Eboreo"
"Seljestad bei Odda","Celong","Elappo"
"Seljestad bei Odda","Celong","Osamol"
"Seljestad bei Odda","Celong","Elappc"
"Seljestad bei Odda","Celong","Olappl"
"Seljestad bei Odda","Celong","Olappo"
"Seljestad bei Odda","Celong","Hacuti"
"Altenstadt, Höchst","Celong","Hleuco"
"Maltatal I","Celong","Hplicd"
"Maltatal I","Celong","Edaphn"
"Maltatal I","Celong","Eelaea"
"Maltatal I","Celong","Oadaph"
"Obertauern II","Celong","Hspira"
"Obertauern II","Celong","Ofoeti"
"Obertauern II","Celong","Oobscu"
"Obertauern II","Celong","Omonti"
"Obertauern II","Celong","Egemmf"
"Zederhaustal, Oberweißburg","Celong","Hplicd"
"Zederhaustal, Oberweißburg","Celong","Edaphn"
"Zederhaustal, Oberweißburg","Celong","Oproxi"
"Zederhaustal, Oberweißburg","Celong","Oadaph"
"Murtal, Muhr","Celong","Ovesic"
"Murtal, Muhr","Celong","Hpolit"
"Murtal, Muhr","Celong","Ovimin"
"Tauernpaß, Tweng","Celong","Hplicd"
"Tauernpaß, Tweng","Celong","Okriec"
"Obertauern I","Celong","Obridg"
"Tauernpaß, Tweng","Celong","Oadaph"
"Tauernpaß, Tweng","Celong","Eelaea"
"Grimselpaß, Grimselsee","Celong","Omacul"
"Grimselpaß, Grimselsee","Celong","Eboreo"
"Grimselpaß, Grimselsee","Celong","Onival"
"Grimselpaß, Grimselsee","Celong","Ohasta"
"Grimselpaß, Grimselsee","Celong","Ehasta"
"Obergoms, Obergesteln","Celong","Edaphn"
"Obergoms, Obergesteln","Celong","Ovesic"
"Obergoms, Obergesteln","Celong","Epurpu"
"Kühkopf, Mordhecke I","Celong","Eatraa"
"Griesheim bei Darmstadt","Celong","Epurpu"
"Mörfelden, Baggersee","Celong","Hpolit"
"Kühkopf, Mordhecke I","Celong","Hpolit"
"Griesheim bei Darmstadt","Celong","Hpolit"
"Altenstadt, Höchst","Celong","Hleuca"
"Mörfelden, Baggersee","Celong","Hoblit"
"Mörfelden, Baggersee","Celong","Hleuca"
"Limeshain, Rommelhausen","Celong","Hpolit"
"Limeshain, Rommelhausen","Celong","Heryth"
"Limeshain, Rommelhausen","Celong","Halien"
"Vogelsberg, Hoherodskopf","Celong","Halien"
"Taunus, Dorfweil","Celong","Obridg"
"Nufenenpaß, Paßhöhe I","Celong","Ofoeti"
"Nufenenpaß, Paßhöhe I","Celong","Ohasta"
"Obertauern I","Celong","Oadaph"
"Obergoms, Obergesteln","Celong","Hpolit"
"Taunus, Hunoldstal","Celong","Hleuca"
"Taunus, Usingen","Celong","Halien"
"Nufenenpaß, Paßhöhe I","Celong","Epurpu"
"Kilianstätten","Celong","Hpolit"
"Taunus, Usingen","Celong","Hleuca"
"Taunus, Dorfweil","Celong","Hpruss"
"Taunus, Usingen","Celong","Eatraa"
"Taunus, Dorfweil","Celong","Hleuca"
"Mörfelden, Baggersee","Celong","Eatraa"
"Ötztal, Vent/ Gample","Celong","Hplicg"
"Ötztal, Vent/ Gample","Celong","Hspira"
"Grimselpaß, Grimselsee","Celong","Hspirh"
"Grimselpaß, Grimselsee","Celong","Hplicg"
"Nufenenpaß, Paßhöhe I","Celong","Htuber"
"Obergoms, Obergesteln","Celong","Hplicd"
"Obertauern I","Celong","Hplicd"
"Preetz, Postsee","Celong","Etesta"
"Kiel, Dietrichsdorf","Celong","Esubge"
"Preetz, Postsee","Celong","Oproxi"
"Preetz, Postsee","Celong","Eatraa"
"Kühkopf, Mordhecke II","Celong","Hpolit"
"Kühkopf, Mordhecke II","Celong","Hpruss"
"Griesheim bei Darmstadt","Celong","Hpruss"
"Kühkopf, Mordhecke II","Celong","Hoblit"
"Kilianstätten","Celong","Hangli"
"Ortenberg II","Celong","Hangli"
"Griesheim bei Darmstadt","Celong","Hleuca"
"Ötztal, Vent/ Gample","Celong","Hischn"
"Ötztal, Vent/ Gample","Celong","Egemmf"
"Pitztal, Nähe Mittelberg","Celong","Ehasta"
"Ötztal, Obergurgl","Celong","Epurpu"
"Grimselpaß, Räterichsbodensee","Celong","Egemmc"
"Schwarzwald, Altglashütten","Celong","Emucro"
"Schwarzwald, Altglashütten","Celong","Eaurit"
"Schwarzwald, Altglashütten","Celong","Obella"
"Preetz, Postsee","Celong","Esubge"
"Preetz, Postsee","Celong","Egemmc"
"S.-Varanger, Nyrud","Celong","Evenus"
"S.-Varanger, Nyrud","Celong","Ospset"
"Ifjordfjellet II","Celong","Odolic"
"Ifjordfjellet II","Celong","Oglauc"
"N.-Varanger, Sandfjord","Celong","Oherba"
"N.-Varanger, Sandfjord","Celong","Oretic"
"Polarkreis I","Celong","Odolic"
"N.-Varanger, Tanabru","Celong","Elappo"
"S.-Varanger, Vaggatem, Elentj.","Celong","Emyrti"
"S.-Varanger, Vaggatem, Elentj.","Celong","Esmyrt"
"S.-Varanger, Vaggatem","Celong","Esmyrt"
"S.-Varanger, Nyrud","Celong","Elappo"
"S.-Varanger, Vaggatem, Elentj.","Celong","Elappo"
"Kilpisjärvi","Celong","Elanat"
"Kilpisjärvi","Celong","Eboreo"
"Kilpisjärvi","Celong","Elappc"
"Kilpisjärvi","Celong","Ephyli"
"Torne Träsk, Abisko","Celong","Esmyrs"
"Lapphaugen bei Bardu","Celong","Emyrsi"
"Ifjordfjellet II","Celong","Hplicg"
"Jotunheimen, Breiseterdalen","Celong","Hplicg"
"Limeshain, Rommelhausen","Celong","Emucro"
"Kiel, Dietrichsdorf","Celong","Egemmc"
"Kiel, Dietrichsdorf","Celong","Eciner"
"Dachsteingebirge, Hoferalm b. Filzmos","Celong","Okriec"
"Schremser Moor","Celong","Obella"
"Tauernpaß, Tweng","Celong","Edaphn"
"Tauernpaß, Tweng","Celong","Eappen"
"Obertauern II","Celong","Eelaea"
"Dachsteingebirge, Hoferalm b. Filzmos","Celong","Hpolit"
"Schremser Moor","Celong","Heryth"
"Urdenbach, Urdenbacher Kämpe","Celong","Oproxi"
"Grietherbusch / Dornick","Celong","Oproxi"
"Zillis","Celong","Okriec"
"Zillis","Celong","Ovimin"
"Hartheim","Celong","Ovimin"
"Honau","Celong","Ovaria"
"Honau","Celong","Ovimin"
"Zillis","Celong","Ovesic"
"Zillis","Celong","Evenus"
"Zillis","Celong","Edaphn"
"Zillis","Celong","Enigri"
"Grietherbusch / Dornick","Celong","Otrian"
"Hartheim","Celong","Oproxi"
"Grietherbusch / Dornick","Celong","Hangli"
"Urdenbach, Urdenbacher Kämpe","Celong","Hoblit"
"Grietherbusch / Dornick","Celong","Hoblit"
"Urdenbach, Urdenbacher Kämpe","Celong","Hangli"
"Hartheim","Celong","Hangli"
"Honau","Celong","Hoblit"
"Honau","Celong","Hpolit"
"Honau","Celong","Hpruss"
"Zillis","Celong","Hischn"
"Zillis","Celong","Eelaea"
"Hartheim","Celong","Ovesic"
"Honau","Celong","Oproxi"
"Hartheim","Celong","Hoblit"
"Zillis","Celong","Hleuco"
"Honau","Celong","Hangli"
"S.-Varanger, Nyrud","Celong","Omyrti"
"S.-Varanger, Nyrud","Celong","Ogalla"
"S.-Varanger, Nyrud","Celong","Emyrti"
"Dovrefjell","Celong","Hnudip"
"N.-Varanger, Sandfjord","Celong","Hplicg"
"Karasjok","Celong","Hplicp"
"Karasjok","Celong","Hnudip"
"N.-Varanger, Tanabru","Celong","Hnudip"
"N.-Varanger, Tanabru","Celong","Hischn"
"N.-Varanger, Reppen","Celong","Hplicp"
"N.-Varanger, Reppen","Celong","Hischn"
"N.-Varanger, Reppen","Celong","Hplicg"
"S.-Varanger, Storskog","Celong","Hnudip"
"S.-Varanger, Nyrud","Celong","Hscapr"
"S.-Varanger, Nyrud","Celong","Hleuco"
"S.-Varanger, Vaggatem, Elentj.","Celong","Hnudip"
"S.-Varanger, Vaggatem, Elentj.","Celong","Hischn"
"S.-Varanger, Nyrud","Celong","Hischn"
"S.-Varanger, Nyrud","Celong","Hnudip"
"S.-Varanger, Nyrud","Celong","Htuber"
"S.-Varanger, Vaggatem","Celong","Hscapr"
"S.-Varanger, Vaggatem","Celong","Hnudip"
"Lapphaugen bei Bardu","Celong","Hplicg"
"Lapphaugen bei Bardu","Celong","Htuber"
"Ifjordfjellet / Gilojokka","Celong","Hplicg"
"Ifjordfjellet / Gilojokka","Celong","Hnudip"
"Lofot, Austvagoya, Morfjord","Celong","Htuber"
"Kilpisjärvi","Celong","Hnudip"
"Kilpisjärvi","Celong","Hacuti"
"Kilpisjärvi","Celong","Hplicg"
"Polarkreis I","Celong","Hplicg"
"Kilpisjärvi","Celong","Hischn"
"Kilpisjärvi","Celong","Htuber"
"Lapphaugen bei Bardu","Celong","Hnudip"
"Skogan","Celong","Hnudip"
"Polarkreis I","Celong","Hacuti"
"Seljestad bei Odda","Celong","Hplicl"
"Ifjordfjellet / Gilojokka","Celong","Eboreo"
"Defereggental, St. Jakob, Trojer Alm","Celong","Obridg"
"Kiel, Dietrichsdorf","Celong","Hangli"
"Kiel, Dietrichsdorf","Celong","Hleuca"
"Defereggental, Erlsbach","Celong","Hpolit"
"Defereggental, Erlsbach","Celong","Hpurpu"
"Defereggental, Erlsbach","Celong","Hspira"
"Defereggental, St. Jakob, Trojer Alm","Celong","Hpurpu"
"Defereggental, Erlsbach","Celong","Hplicd"
"Defereggental, St. Jakob, Trojer Alm","Celong","Hpolit"
"Defereggental, St. Jakob, Trojer Alm","Celong","Hspira"
"Defereggental, St. Jakob, Trojer Alm","Celong","Hpscho"
"Defereggental, Erlsbach","Celong","Hischn"
"Weißenbach","Celong","Oproxi"
"Ramsau, Silberklamm","Celong","Ovaria"
"Ramsau, Silberklamm","Celong","Okriec"
"Kiel, Dietrichsdorf","Celong","Hpruss"
"Wüstensachsen, NWR Stirnberg","Celong","Hpruss"
"Wüstensachsen, NWR Stirnberg","Celong","Hanoma"
"Wüstensachsen, NWR Stirnberg","Celong","Hleuco"
"Wüstensachsen, NWR Stirnberg","Celong","Halien"
"Wüstensachsen, NWR Stirnberg","Celong","Hleuca"
"Wüstensachsen, NWR Stirnberg","Celong","Heryth"
"Waldverchs","Celong","Hpolit"
"Waldverchs","Celong","Hpurpu"
"Waldverchs","Celong","Hpruss"
"Waldverchs","Celong","Hleuca"
"Waldverchs","Celong","Hangli"
"Schladming, Untertal","Celong","Hleuco"
"Ramsau, Silberklamm","Celong","Hpolit"
"Ramsau, Silberklamm","Celong","Hischn"
"Schladming, Untertal, Riesachfälle","Celong","Halien"
"Schladming, Untertal, Riesachfälle","Celong","Hleuco"
"Schladming, Untertal, Riesachfälle","Celong","Hspira"
"Ramsau, Silberklamm","Celong","Hspira"
"Ramsau, Silberklamm","Celong","Hpurpu"
"Weißenbach","Celong","Hpurpu"
"Ramsau, Silberklamm","Celong","Hplicd"
"Schladming, Untertal","Celong","Hpscho"
"Ramsau, Silberklamm","Celong","Hpscho"
"Usedom, Trassenheide","Celong","Hpruss"
"Möggingen","Celong","Hleuca"
"Dettingen","Celong","Hleuco"
"Dettingen","Celong","Hanoma"
"Markelfingen","Celong","Hpruss"
"Möggingen","Celong","Hpruss"
"Hegne nr. Allensbach","Celong","Hleuca"
"Markelfingen","Celong","Hleuca"
"Kattenhorn nr. Wangen / Bodensee /Untersee","Celong","Hpruss"
"Hegne nr. Allensbach","Celong","Hpruss"
"Kattenhorn nr. Wangen / Bodensee /Untersee","Celong","Hleuca"
"Schwarzwald, Altglashütten","Celong","Heryth"
"Schwarzwald, Altglashütten","Celong","Halien"
"Wüstensachsen, NWR Stirnberg","Celong","Obridg"
"Östersund","Celong","Hleuca"
"Östersund","Celong","Hpruss"
"Polarkreis I","Celong","Opolar"
"Lofot, Austvagoya, Morfjord","Celong","Ohasta"
"Lofot, Austvagoya, Morfjord","Celong","Ehasta"
"Lofot, Austvagoya, Morfjord","Celong","Hplicg"
"Steinamoen","Celong","Emyrsi"
"Steinamoen","Celong","Ovaria"
"Steinamoen","Celong","Onigri"
"Steinamoen","Celong","Hischn"
"Dovrefjell, Grönbakken","Celong","Omyrsi"
"Dovrefjell, Grönbakken","Celong","Esmyrs"
"Dovrefjell, Grönbakken","Celong","Hacuti"
"Dovrefjell, Grönbakken","Celong","Hplicp"
"Dovrefjell, Grönbakken","Celong","Odolic"
"Dovrefjell, Grönbakken","Celong","Oarcti"
"Dovrefjell, Grönbakken","Celong","Ephyli"
"Tretten, Nordbu nr. Ringebu","Celong","Eboreo"
"Peer Gynt veien I","Celong","Osamol"
"Peer Gynt veien I","Celong","Elappo"
"Peer Gynt veien II","Celong","Hplicp"
"Peer Gynt veien III","Celong","Oglabr"
"Peer Gynt veien III","Celong","Elanat"
"Kjölen nr. Halden","Celong","Eweiff"
"Kjölen nr. Halden","Celong","Ocolla"
"Kjölen nr. Halden","Celong","Halien"
"Kjölen nr. Halden","Celong","Obella"
"Tretten, Nordbu nr. Ringebu","Celong","Elappo"
"Neuwilen, Bommer Weiher","Celong","Oviril"
"Radolfzell, Mettnau","Celong","Oviril"
"Rügen, Bergen / Kaiseritz","Celong","Oproxi"
"Rügen, Neukamp","Celong","Opprox"
"Rastenfeld","Celong","Epurpu"
"Neuwilen, Bommer Weiher","Celong","Hangli"
"Weinfelden / Thur","Celong","Hangli"
"Markelfingen / Schlafbach","Celong","Hpurpu"
"Weinfelden / Thur","Celong","Hpolit"
"Radolfzell, Mettnau","Celong","Hpurpu"
"Radolfzell, Mettnau","Celong","Hpolit"
"Neuwilen, Bommer Weiher","Celong","Hpolit"
"Weinfelden / Thur","Celong","Hpurpu"
"Radolfzell, Mindelsee","Celong","Hleuca"
"Markelfingen / Schlafbach","Celong","Hpolit"
"Radolfzell, Mindelsee","Celong","Hpruss"
"Neuwilen, Bommer Weiher","Celong","Hpruss"
"Neuwilen, Bommer Weiher","Celong","Hleuca"
"Markelfingen / Schlafbach","Celong","Hleuca"
"Radolfzell, Mettnau","Celong","Halien"
"Markelfingen / Schlafbach","Celong","Hpruss"
"Radolfzell, Mettnau","Celong","Heryth"
"Weinfelden / Thur","Celong","Hleuco"
"Neuwilen, Bommer Weiher","Celong","Hpurpu"
"Skaerbaek","Celong","Hleuca"
"Skaerbaek","Celong","Halien"
"Skaerbaek","Celong","Heryth"
"Tondern","Celong","Hleuca"
"Tondern","Celong","Hpruss"
"Rastenfeld","Celong","Hpurpu"
"Rügen, Neukamp","Celong","Hpruss"
"Rügen, Bergen / Kaiseritz","Celong","Heryth"
"Rügen, Bergen / Kaiseritz","Celong","Hanoma"
"Rügen, Bergen / Kaiseritz","Celong","Hpruss"
"Rügen, Neuensien","Celong","Heryth"
"Rügen, Neuensien","Celong","Hleuco"
"Rügen, Neuensien","Celong","Hpruss"
"Rügen, Neukamp","Celong","Hanoma"
"Rügen, Dolgemost","Celong","Hpruss"
"Rügen, Bergen / Nonnenweiher","Celong","Heryth"
"Rügen, Kiekut","Celong","Hpruss"
"Rügen, Neuensien","Celong","Hanoma"
"Rügen, Neuensien","Celong","Hleuca"
"Rügen, Bergen / Nonnenweiher","Celong","Hpruss"
"Rügen, Stedar","Celong","Hpruss"
"Rügen, Bergen / Nonnenweiher","Celong","Hangli"
"Rügen, Bergen / Nonnenweiher","Celong","Hleuca"
"Rügen, Kiekut","Celong","Hleuca"
"Rügen, Stedar","Celong","Hleuca"
"Rügen, Neukamp","Celong","Hleuca"
"Rügen, Stedar","Celong","Hangli"
"Rügen, Bergen / Kaiseritz","Celong","Hleuca"
"Rügen, Bergen / Nonnenweiher","Celong","Halien"
"Rügen, Dolgemost","Celong","Hleuca"
"Waldreichs","Celong","Hleuca"
"Palanga","Celong","Oadaph"
"Kiduliai nr. Jurbarkas","Celong","Oaacut"
"Kiduliai nr. Jurbarkas","Celong","Ovimin"
"nr. Rociskiai","Celong","Etesta"
"Nymindegab","Celong","Eweiff"
"Vejersstrand","Celong","Eweiff"
"Markelfingen","Celong","Hleuco"
"Markelfingen","Celong","Hoblit"
"Markelfingen / Schlafbach","Celong","Hoblit"
"Markelfingen","Celong","Hpolit"
"Markelfingen","Celong","Hanoma"
"Radolfzell, Mettnau","Celong","Hoblit"
"Grafenschlag","Celong","Hpurpu"
"nr. Grabnik","Celong","Hpurpu"
"nr. Grabnik","Celong","Hpolit"
"nr. Grabnik","Celong","Hanoma"
"Siluva","Celong","Hanoma"
"Siluva","Celong","Hleuco"
"Siluva","Celong","Hleuca"
"Sudargas","Celong","Hleuca"
"nr. Rociskiai","Celong","Hoblit"
"Jurbarkas","Celong","Hangli"
"Kiduliai nr. Jurbarkas","Celong","Hangli"
"Jurbarkas","Celong","Hleuca"
"Sudargas","Celong","Hleuco"
"Sudargas","Celong","Hpruss"
"Jurbarkas","Celong","Hpruss"
"Sudargas","Celong","Hanoma"
"Sudargas","Celong","Heryth"
"nr. Rociskiai","Celong","Hpruss"
"Palanga","Celong","Hpruss"
"Raudone","Celong","Hoblit"
"Walcz","Celong","Hanoma"
"Dabrowka nr. Mikolaiken","Celong","Hanoma"
"Sudargas","Celong","Halien"
"nr. Rociskiai","Celong","Hleuca"
"Palanga","Celong","Hischn"
"Neringa, Juodkrante","Celong","Hpruss"
"Raudone","Celong","Hangli"
"Palanga","Celong","Hanoma"
"Palanga","Celong","Hleuca"
"Langen-Bergheim","Celong","Hleuca"
"Langen-Bergheim","Celong","Halien"
"Langen-Bergheim","Celong","Heryth"
"Langen-Bergheim","Celong","Hpruss"
"Langen-Bergheim","Celong","Hspecc"
"Langen-Bergheim","Celong","Hleuco"
"Langen-Bergheim","Celong","Hanoma"
"Radolfzell, Markelfingen, Hornhalde","Celong","Hspecc"
"Radolfzell, Mettnau","Celong","Hspecc"
"Radolfzell, Mettnau","Celong","Hpruss"
"Radolfzell, Markelfingen, Hornhalde","Celong","Hanoma"
"Radolfzell, Mettnau","Celong","Hleuca"
"Radolfzell, Markelfingen, Hornhalde","Celong","Hleuco"
"Mühlhofen, Alseweiher","Celong","Hpolit"
"Mühlhofen, Alseweiher","Celong","Hleuca"
"Mühlhofen, Alseweiher","Celong","Hpruss"
"Ötztal, Vent/ Gample","Celong","Htuber"
"Ötztal, Sölden/ Windache","Celong","Hpscho"
"Ötztal, Zwieselstein","Celong","Hspira"
"Ötztal, Zwieselstein","Celong","Hpscho"
"Ötztal, Sölden/ Windache","Celong","Hspira"
"Sulztal, Gries","Celong","Hspira"
"Ötztal, Hochgurgl","Celong","Hplicg"
"Langen-Bergheim","Celong","Oproxi"
"Röros","Celong","Obridg"
"Kvamskogen","Celong","Opustu"
"Röros","Celong","Ohasta"
"Limeshain, Rommelhausen","Celong","Hpruss"
"Limeshain, Rommelhausen","Celong","Hleuca"
"Meldal, Resvatnet","Celong","Hplicg"
"Rondane Nationalpark, Solvang","Celong","Hnudip"
"Peer Gynt veien III","Celong","Hnudip"
"Röros","Celong","Hanoma"
"Rondane Nationalpark, Solvang","Celong","Hischn"
"Röros","Celong","Hsglau"
"Tretten, Nordbu nr. Ringebu","Celong","Hacuti"
"Tretten, Nordbu nr. Ringebu","Celong","Hplicg"
"Meldal, Resvatnet","Celong","Hsglau"
"Rondane Nationalpark, Solvang","Celong","Hplicg"
"Hordalia nr. Röldal","Celong","Hplicg"
"Meldal, Resvatnet","Celong","Hacuti"
"Peer Gynt veien III","Celong","Hischn"
"Röros","Celong","Hplicg"
"Kvamskogen","Celong","Halien"
"Hordalia nr. Röldal","Celong","Hplicl"
"Meldal, Resvatnet","Celong","Hplicl"
"Kvamskogen","Celong","Hnudip"
"Meldal, Resvatnet","Celong","Hischn"
"Kvamskogen","Celong","Hleuco"
"Kvamskogen","Celong","Hplicl"
"Aldino","Celong","Oviril"
"Truden","Celong","Hleuco"
"Truden","Celong","Hanoma"
"Aldino","Celong","Hpurpu"
"Preetz, Postsee","Celong","Hleuca"
"Kiel, Dietrichsdorf","Celong","Hpolit"
"Kiel, Langsee","Celong","Hpruss"
"Kiel, Langsee","Celong","Hangli"
"Preetz, Postsee","Celong","Hpruss"
"Kiel, Langsee","Celong","Hleuca"
"Born, Darß","Celong","Halien"
"Born, Darß","Celong","Heryth"
"Blavand","Celong","Hleuca"
"Vejersstrand","Celong","Hpruss"
"Nymindegab","Celong","Hpruss"
"Nymindegab","Celong","Hleuca"
"Nymindegab","Celong","Hangli"
"Vejersstrand","Celong","Hleuca"
"Vejersstrand","Celong","Hangli"
"Peer Gynt veien, Hattal","Celong","Hplicg"
"Peer Gynt veien, Hattal","Celong","Hacuti"
"Peer Gynt veien, Gala","Celong","Hplicl"
"Peer Gynt veien III","Celong","Hplicg"
"Tretten, Nordbu nr. Ringebu","Celong","Hsglau"
"Tretten, Nordbu nr. Ringebu","Celong","Hplicl"
"Meldal, Resvatnet","Celong","Hnudip"
"Hordalia nr. Röldal","Celong","Hsglau"
"Peer Gynt veien, Gala","Celong","Hplicg"
"Peer Gynt veien III","Celong","Hacuti"
"Meldal, Resvatnet","Celong","Hleuco"
"Zillertal, Hintertux/ Weitental","Cflavi","Ovaria"
"Zillertal, Hintertux/ Weitental","Cflavi","Onigri"
"Zillertal, Hintertux/ Weitental","Cflavi","Ovesic"
"Zillertal, Hintertux/ Weitental","Cflavi","Oobscu"
"Zillertal, Hintertux/ Weitental","Cflavi","Ofoeti"
"Zillertal, Hintertux/ Weitental","Cflavi","Obridg"
"Zillertal, Hintertux/ Weitental","Cflavi","Oretus"
"Zillertal, Hintertux/ Weitental","Cflavi","Ovimin"
"Zillertal, Hintertux/ Weitental","Cflavi","Oretic"
"Zillertal, Hintertux/ Weitental","Cflavi","Omonti"
"Zillertal, Hintertux/ Weitental","Cflavi","Eelaea"
"Binntal nr. Fiesch","Cflavi","Ofoeti"
"Binntal nr. Fiesch","Cflavi","Ovaria"
"Binntal nr. Fiesch","Cflavi","Oobscu"
"Binntal nr. Fiesch","Cflavi","Omacul"
"Zillertal, Hintertux/ Weitental","Cflavi","Ohasta"
"Peer Gynt veien II","Cflavi","Olappo"
"Peer Gynt veien II","Cflavi","Onival"
"Peer Gynt veien II","Cflavi","Oglauc"
"Zillertal, Hintertux/ Weitental","Cflavi","Egemmf"
"Peer Gynt veien II","Cflavi","Hplicp"
"Passo di Mendola nr. Kaltern","Cflavi","Hanoma"
"Passo di Mendola nr. Kaltern","Cflavi","Hleuco"
"Defereggental, Stalleralm","Cgraci","Obridg"
"Defereggental, Stalleralm","Cgraci","Hspira"
"Kühkopf, Mordhecke I","Chalci","Ovimin"
"Griesheim bei Darmstadt","Chalci","Ovimin"
"Griesheim bei Darmstadt","Chalci","Ogalla"
"Griesheim bei Darmstadt","Chalci","Obridg"
"Griesheim bei Darmstadt","Chalci","Ovesic"
"Kühkopf, Mordhecke I","Chalci","Ovesic"
"Kühkopf, Mordhecke I","Chalci","Opedun"
"Taunus, Waldems-Reichenbach","Chalci","Oproxi"
"Taunus, Waldems-Esch","Chalci","Oproxi"
"Taunus, Hunoldstal","Chalci","Oproxi"
"Taunus, Hunoldstal","Chalci","Ovimin"
"Frankfurt, Riedwiese","Chalci","Opedun"
"Frankfurt, Riedwiese","Chalci","Obridg"
"Frankfurt, Riedwiese","Chalci","Ovimin"
"Kühkopf, Mordhecke I","Chalci","Obella"
"Kühkopf, Mordhecke III","Chalci","Oproxi"
"Ötztal, Vent/ Gample","Chalci","Ohasta"
"Ötztal, Vent/ Gample","Chalci","Onigri"
"Ötztal, Vent/ Gample","Chalci","Ovaria"
"Ötztal, Vent/ Gample","Chalci","Obridg"
"Ötztal, Vent/ Gample","Chalci","Onival"
"Zillertal, Hintertux/ Weitental","Chalci","Ovaria"
"Zillertal, Hintertux/ Weitental","Chalci","Onigri"
"Zillertal, Hintertux/ Weitental","Chalci","Ovesic"
"Zillertal, Hintertux/ Weitental","Chalci","Oobscu"
"Zillertal, Hintertux/ Weitental","Chalci","Ofoeti"
"Zillertal, Hintertux/ Weitental","Chalci","Obridg"
"Olperer","Chalci","Oretus"
"Kühkopf, Mordhecke III","Chalci","Ovimin"
"Kühkopf, Mordhecke I","Chalci","Oproxi"
"Zillertal, Hintertux/ Weitental","Chalci","Oretus"
"Zillertal, Hintertux/ Weitental","Chalci","Ovimin"
"Zillertal, Hintertux/ Weitental","Chalci","Oretic"
"Ötztal, Vent/ Gample","Chalci","Omacul"
"Zillertal, Hintertux/ Weitental","Chalci","Omonti"
"Zillertal, Hintertux/ Weitental","Chalci","Eelaea"
"Kühkopf, Mordhecke I","Chalci","Obridg"
"Griesheim bei Darmstadt","Chalci","Oviril"
"Griesheim bei Darmstadt","Chalci","Opedun"
"Taunus, Usingen","Chalci","Oproxi"
"Taunus, Usingen","Chalci","Ogalla"
"Ötztal, Vent/ Gample","Chalci","Ohelve"
"Zillertal, Lanersbach","Chalci","Onigri"
"Zillertal, Lanersbach","Chalci","Oadaph"
"Zillertal, Lanersbach","Chalci","Ovaria"
"Ötztal, Obergurgl/ Gaisbergf.","Chalci","Oretic"
"Ötztal, Vent/ Am Spiegel","Chalci","Omacul"
"Ötztal, Obergurgl","Chalci","Ohasta"
"Ötztal, Obergurgl","Chalci","Ovaria"
"Schwarzwald, Schluchsee","Chalci","Ovaria"
"Obergoms, Obergesteln","Chalci","Oviril"
"Vogelsberg, Hoherodskopf","Chalci","Obridg"
"Taunus, Usingen","Chalci","Obridg"
"Griesheim bei Darmstadt","Chalci","Hangli"
"Obergoms, Reckingen","Chalci","Ovesic"
"Obergoms, Reckingen","Chalci","Ovimin"
"Obergoms, Reckingen","Chalci","Oadaph"
"Obergoms, Reckingen","Chalci","Ohasta"
"Obergoms, Obergesteln","Chalci","Otrian"
"Obergoms, Obergesteln","Chalci","Oadaph"
"Obergoms, Gletsch","Chalci","Ohelve"
"Obergoms, Gletsch","Chalci","Omacul"
"Arolla","Chalci","Ovimin"
"Leukerbad","Chalci","Okriec"
"Les Hauderes","Chalci","Ovaria"
"Arolla","Chalci","Ovaria"
"Saastal, Mattmark","Chalci","Omacul"
"Saastal, Mattmark","Chalci","Ohasta"
"Saastal, Mattmark","Chalci","Ovaria"
"Saastal, Mattmark","Chalci","Obrevi"
"Saastal, Mattmark","Chalci","Oviril"
"Saastal, Mattmark","Chalci","Ovimin"
"Hospental","Chalci","Oadaph"
"Nufenenpaß, Paßhöhe I","Chalci","Oretus"
"Hospental","Chalci","Ohasta"
"Nufenenpaß, Paßhöhe I","Chalci","Omacul"
"Hospental","Chalci","Ovimin"
"Binntal nr. Fiesch","Chalci","Ofoeti"
"Binntal nr. Fiesch","Chalci","Ovaria"
"Binntal nr. Fiesch","Chalci","Oobscu"
"Binntal nr. Fiesch","Chalci","Omacul"
"Obergoms, Gletsch","Chalci","Onival"
"Obergoms, Gletsch","Chalci","Ohasta"
"Grimselpaß, Räterichsbodensee","Chalci","Onival"
"Grimselpaß, Grimselsee","Chalci","Egemmh"
"Sustenpaß","Chalci","Oretus"
"Nymindegab","Chalci","Ocolla"
"Nymindegab","Chalci","Obridg"
"Nymindegab","Chalci","Opedun"
"Brandbu","Chalci","Onigri"
"Dovrefjell","Chalci","Odolic"
"Dovrefjell","Chalci","Oarcti"
"Stiklestad","Chalci","Onigri"
"Stiklestad","Chalci","Ovaria"
"Stiklestad","Chalci","Obridg"
"Steinkjer","Chalci","Onigri"
"Steinkjer","Chalci","Obridg"
"Steinkjer","Chalci","Ovaria"
"Korgfjellet","Chalci","Oglauc"
"Korgfjellet","Chalci","Onival"
"Korgfjellet","Chalci","Oglabr"
"Korgfjellet","Chalci","Oretic"
"Lofot, Laubstad","Chalci","Oglauc"
"Lofot, Laubstad","Chalci","Onival"
"Lofot, Laubstad","Chalci","Olappo"
"S.-Varanger, Vaggatem","Chalci","Oarcti"
"S.-Varanger, Vaggatem","Chalci","Ospset"
"S.-Varanger, Vaggatem","Chalci","Odolic"
"S.-Varanger, Vaggatem","Chalci","Onorve"
"S.-Varanger, Vaggatem","Chalci","Onival"
"Kirkenes","Chalci","Oarcti"
"Kirkenes","Chalci","Onival"
"S.-Varanger, Vaggatem","Chalci","Osamol"
"S.-Varanger, Vaggatem","Chalci","Omyrti"
"S.-Varanger, Vaggatem","Chalci","Emyrti"
"S.-Varanger, Vaggatem","Chalci","Ovaria"
"S.-Varanger, Vaggatem","Chalci","Oglabr"
"Hauge, S.-Varanger","Chalci","Omyrsi"
"Hauge, S.-Varanger","Chalci","Ospeit"
"S.-Varanger, Nyrud","Chalci","Ovaria"
"S.-Varanger, Vaggatem","Chalci","Elappo"
"S.-Varanger, Vaggatem","Chalci","Elappc"
"Kafjordbotn","Chalci","Onorve"
"Ramfjorden","Chalci","Onorve"
"Polarkreis I","Chalci","Olappo"
"Polarkreis I","Chalci","Oherba"
"Korgfjellet","Chalci","Ohasta"
"Frankfurt, Uni-Campus","Chalci","Oadaph"
"Herbertshausen","Chalci","Oproxi"
"Schwarzwald, Schluchsee","Chalci","Emucro"
"Schwarzwald, Feldberg","Chalci","Okriec"
"Schwarzwald, Schluchsee","Chalci","Obella"
"Schwarzwald, Feldberg","Chalci","Ogalla"
"Schwarzwald, Todtnau","Chalci","Ovimin"
"Schwarzwald, Todtnau","Chalci","Ovesic"
"S.-Varanger, Nyrud","Chalci","Oarcti"
"S.-Varanger, Vaggatem","Chalci","Ohasta"
"Kühkopf, Mordhecke I","Chalci","Oviril"
"Limeshain, Rommelhausen","Chalci","Opedun"
"Limeshain, Rommelhausen","Chalci","Otrian"
"Vogelsberg, Hoherodskopf","Chalci","Opedun"
"Vogelsberg, Hoherodskopf","Chalci","Hleuco"
"Preetz, Postsee","Chalci","Oadaph"
"Preetz, Postsee","Chalci","Opedun"
"Howacht 3","Chalci","Oproxi"
"Kiel, Dietrichsdorf","Chalci","Ovimin"
"Kiel, Dietrichsdorf","Chalci","Opedun"
"Kiel, Dietrichsdorf","Chalci","Obridg"
"Hennestrand","Chalci","Ocolla"
"Vejersstrand","Chalci","Ocolla"
"Rogerfelde","Chalci","Oproxi"
"Altenkrempe","Chalci","Oproxi"
"Ritterhude","Chalci","Oadaph"
"Mellum","Chalci","Oproxi"
"Stendorf","Chalci","Oproxi"
"Norderney","Chalci","Ocolla"
"Norderney","Chalci","Oadaph"
"Borkum","Chalci","Ocolla"
"Jechtingen","Chalci","Oadaph"
"Mahndorf","Chalci","Ocolla"
"Gramai-Alm","Chalci","Oelaea"
"Gramai-Alm","Chalci","Okriec"
"Gramai-Alm","Chalci","Oadaph"
"Falzthurn-Alm","Chalci","Okriec"
"Falzthurn-Alm","Chalci","Oelaea"
"Falzthurn-Alm","Chalci","Ovesic"
"Falzthurn-Alm","Chalci","Ovimin"
"Falzthurn-Alm","Chalci","Ovaria"
"Falzthurn-Alm","Chalci","Oadaph"
"Gern-Alm","Chalci","Ovaria"
"Gern-Alm","Chalci","Ovimin"
"Gern-Alm","Chalci","Ovesic"
"Gern-Alm","Chalci","Okriec"
"Gern-Alm","Chalci","Oelaea"
"Gern-Alm","Chalci","Obridg"
"Rofan Gebirge, Erfurter Hütte","Chalci","Oobscu"
"Zillertal, Hintertux/ Weitental","Chalci","Ohasta"
"Ötztal, Vent/ Am Spiegel","Chalci","Ohelve"
"Obergoms, Gletsch","Chalci","Oadaph"
"Obergoms, Gletsch","Chalci","Ovesic"
"Obergoms, Gletsch","Chalci","Ovimin"
"Obergoms, Gletsch","Chalci","Oviril"
"Obergoms, Gletsch","Chalci","Obridg"
"Ketsch","Chalci","Oproxi"
"Ketsch","Chalci","Ovimin"
"Torun","Chalci","Otrian"
"Torun","Chalci","Ovimin"
"Tretten, Nordbu nr. Ringebu","Chalci","Oarcti"
"Peer Gynt veien I","Chalci","Oglabr"
"Peer Gynt veien I","Chalci","Onival"
"Peer Gynt veien I","Chalci","Ohasta"
"Peer Gynt veien II","Chalci","Olappo"
"Tretten, Nordbu nr. Ringebu","Chalci","Onival"
"Tretten, Nordbu nr. Ringebu","Chalci","Olappo"
"Tretten, Nordbu nr. Ringebu","Chalci","Olappl"
"Peer Gynt veien II","Chalci","Onival"
"Peer Gynt veien II","Chalci","Oglauc"
"Skoganvatnet","Chalci","Opustu"
"Skoganvatnet","Chalci","Ovaria"
"Korgfjellet","Chalci","Olappo"
"Lofot, Sandsletta","Chalci","Evenus"
"Bardu","Chalci","Oarcti"
"Lofot, Sandsletta","Chalci","Ogalla"
"Lofot, Sandsletta","Chalci","Onival"
"Ramfjorden","Chalci","Olappo"
"Ramfjorden","Chalci","Olappl"
"Ramfjorden","Chalci","Osamol"
"Kvaenangsbotn","Chalci","Ehasta"
"Kvaenangsbotn","Chalci","Ohasta"
"Alta, Baeskades","Chalci","Oglabr"
"Alta, Baeskades","Chalci","Onival"
"Alta, Baeskades","Chalci","Osamol"
"Alta, Baeskades","Chalci","Oarcti"
"Kilpisjärvi","Chalci","Oarcti"
"Alta, Baeskades","Chalci","Oherba"
"Kilpisjärvi","Chalci","Ohasta"
"Kilpisjärvi","Chalci","Osamol"
"Kilpisjärvi","Chalci","Ehasta"
"Kilpisjärvi","Chalci","Olappo"
"Kilpisjärvi","Chalci","Elappo"
"Narvik, Björnfjell","Chalci","Oherba"
"Torne Träsk, Abisko","Chalci","Oretic"
"Torne Träsk, Abisko","Chalci","Oherba"
"Polarkreis I","Chalci","Elappo"
"Polarkreis I","Chalci","Elappc"
"Oppdal","Chalci","Onorve"
"Oppdal","Chalci","Ephyli"
"Korgfjellet","Chalci","Omyrsi"
"Korgfjellet","Chalci","Ospeit"
"Korgfjellet","Chalci","Elappc"
"Korgfjellet","Chalci","Elappo"
"Dovrefjell","Chalci","Omyrsi"
"Jotunheimen, Breiseterdalen","Chalci","Omyrsi"
"Tyssedal, Ringedalsvatn","Chalci","Ogalla"
"Gießen, Staufenberger Forst","Chalci","Obella"
"Kühkopf, Mordhecke I","Chalci","Hpruss"
"Kühkopf, Mordhecke III","Chalci","Oviril"
"Vernagt-Stausee","Chalci","Ovesic"
"Planneralm I","Chalci","Obridg"
"Planneralm II","Chalci","Ovaria"
"Planneralm II","Chalci","Obridg"
"Tauplitzalm","Chalci","Ovimin"
"Tauplitzalm","Chalci","Ofoeti"
"Bad Aussee","Chalci","Ovaria"
"Tauplitzalm","Chalci","Okriec"
"Bad Aussee","Chalci","Okriec"
"Obertauern I","Chalci","Onigri"
"Obertauern I","Chalci","Ovaria"
"Obertauern I","Chalci","Omonti"
"Obertauern I","Chalci","Ofoeti"
"Obertauern I","Chalci","Oobscu"
"Obertauern I","Chalci","Egemmf"
"Ötztal, Obergurgl","Chalci","Onival"
"Ötztal, Timmelsjoch","Chalci","Omacul"
"Spytkowo","Chalci","Ovaria"
"Kruklanki","Chalci","Ovimin"
"Peer Gynt veien I","Chalci","Olappo"
"Peer Gynt veien I","Chalci","Olappl"
"Peer Gynt veien I","Chalci","Opustu"
"Lapphaugen bei Bardu","Chalci","Ohasta"
"Lapphaugen bei Bardu","Chalci","Oglabr"
"Lapphaugen bei Bardu","Chalci","Onival"
"Lapphaugen bei Bardu","Chalci","Ovaria"
"Lapphaugen bei Bardu","Chalci","Onigri"
"Folldal, Dahlholen","Chalci","Odolic"
"N.-Varanger, Tanabru","Chalci","Oarcti"
"N.-Varanger, Tanabru","Chalci","Osamol"
"N.-Varanger, Tanabru","Chalci","Olappl"
"N.-Varanger, Tanabru","Chalci","Olappo"
"N.-Varanger, Sandfjord","Chalci","Omyrsi"
"N.-Varanger, Sandfjord","Chalci","Ovaria"
"N.-Varanger, Sandfjord, Fjell","Chalci","Oherba"
"N.-Varanger, Sandfjord","Chalci","Onival"
"Ifjordfjellet / Gilojokka","Chalci","Oglabr"
"Ifjordfjellet / Gilojokka","Chalci","Ovaria"
"Ifjordfjellet / Gilojokka","Chalci","Onival"
"Ifjordfjellet / Gilojokka","Chalci","Oarcti"
"Ifjordfjellet / Gilojokka","Chalci","Odolic"
"Ifjordfjellet / Gilojokka","Chalci","Olappo"
"Ifjordfjellet / Gilojokka","Chalci","Osamol"
"Ifjordfjellet / Gilojokka","Chalci","Olappl"
"Kilpisjärvi","Chalci","Odolic"
"Torne Träsk, Abisko","Chalci","Oglabr"
"Polarkreis, Krokstrand","Chalci","Oglabr"
"Polarkreis, Krokstrand","Chalci","Onival"
"Polarkreis, Krokstrand","Chalci","Ovaria"
"Polarkreis, Krokstrand","Chalci","Olappo"
"Polarkreis, Krokstrand","Chalci","Osamol"
"Polarkreis, Krokstrand","Chalci","Elappo"
"Polarkreis, Krokstrand","Chalci","Olappl"
"Korgfjellet","Chalci","Osamol"
"Korgfjellet","Chalci","Olappl"
"Korgfjellet","Chalci","Eboreo"
"Dovrefjell","Chalci","Elappo"
"Dovrefjell","Chalci","Olappo"
"Dovrefjell","Chalci","Olappl"
"Dovrefjell","Chalci","Osamol"
"Dovrefjell","Chalci","Onival"
"Jotunheimen, Breiseterdalen","Chalci","Eboreo"
"Jotunheimen, Breiseterdalen","Chalci","Onival"
"Jotunheimen, Breiseterdalen","Chalci","Oglauc"
"Jotunheimen, Breiseterdalen","Chalci","Elappo"
"Jotunheimen, Breiseterdalen","Chalci","Elappc"
"Jotunheimen, Breiseterdalen","Chalci","Osamol"
"Jotunheimen, Breiseterdalen","Chalci","Olappo"
"Jotunheimen, Breiseterdalen","Chalci","Olappl"
"Geilo","Chalci","Onigri"
"Geilo","Chalci","Emyrsi"
"Geilo","Chalci","Ovaria"
"Vogelsberg, Hoherodskopf","Chalci","Ogalla"
"Taunus, Oberreiffenberg","Chalci","Ogalla"
"Obertauern I","Chalci","Hischn"
"Obertauern I","Chalci","Emyrsi"
"Obertauern I","Chalci","Ehasta"
"Zillertal, Hintertux/ Weitental","Chalci","Egemmf"
"Falzthurn-Alm","Chalci","Eelaea"
"Gramai-Alm","Chalci","Eelaea"
"Gern-Alm","Chalci","Eelaea"
"Ötztal, Vent/ Gample","Chalci","Hcarin"
"Ötztal, Vent/ Gample","Chalci","Ehasta"
"Ötztal, Vent/ Gample","Chalci","Eboreo"
"Ötztal, Vent/ Gample","Chalci","Egemmh"
"Ötztal, Obergurgl","Chalci","Hplicg"
"Ötztal, Obergurgl","Chalci","Ehasta"
"Ötztal, Vent/ Am Spiegel","Chalci","Egemmh"
"Grimselpaß, Räterichsbodensee","Chalci","Egemmh"
"Grimselpaß, Räterichsbodensee","Chalci","Hspirh"
"Grimselpaß, Räterichsbodensee","Chalci","Omacul"
"Grimselpaß, Räterichsbodensee","Chalci","Ehasta"
"Grimselpaß, Räterichsbodensee","Chalci","Ohasta"
"Grimselpaß, Räterichsbodensee","Chalci","Hplicg"
"Saastal, Mattmark","Chalci","Ehasta"
"Nufenenpaß, Paßhöhe I","Chalci","Egemmh"
"Nufenenpaß, Paßhöhe I","Chalci","Oobscu"
"Nufenenpaß, Paßhöhe I","Chalci","Oretic"
"Nufenenpaß, Paßhöhe I","Chalci","Egemmf"
"Plauer See","Chalci","Emucro"
"Taunus, Oberreiffenberg","Chalci","Emucro"
"Ötztal, Vent/ Rofental","Chalci","Egemmh"
"Ötztal, Obergurgl","Chalci","Eboreo"
"Ötztal, Obergurgl/ Bruggboden","Chalci","Egemmf"
"Ötztal, Obergurgl/ Bruggboden","Chalci","Ehasta"
"Ötztal, Obergurgl/ Bruggboden","Chalci","Egemmh"
"Saastal, Mattmark","Chalci","Egemmf"
"Saastal, Mattmark","Chalci","Emyrsi"
"Arolla","Chalci","Egemmh"
"Arolla","Chalci","Egemmf"
"Arolla","Chalci","Hcarin"
"Arolla","Chalci","Ofoeti"
"Arolla","Chalci","Oobscu"
"Nufenenpaß, Paßhöhe I","Chalci","Hspirh"
"Lapphaugen bei Bardu","Chalci","Ehasta"
"Lapphaugen bei Bardu","Chalci","Elanat"
"Lapphaugen bei Bardu","Chalci","Elappo"
"Neiden","Chalci","Elanat"
"Lapphaugen bei Bardu","Chalci","Osamol"
"Lapphaugen bei Bardu","Chalci","Olappl"
"Lapphaugen bei Bardu","Chalci","Eboreo"
"Neiden","Chalci","Ovaria"
"Neiden","Chalci","Oglabr"
"Neiden","Chalci","Oarcti"
"S.-Varanger, Svanvik","Chalci","Omyrti"
"Neiden","Chalci","Hischn"
"Ifjordfjellet / Gilojokka","Chalci","Elanat"
"S.-Varanger, Svanvik","Chalci","Elappo"
"N.-Varanger, Tanabru","Chalci","Ephyli"
"N.-Varanger, Tanabru","Chalci","Ohasta"
"N.-Varanger, Tanabru","Chalci","Elanat"
"N.-Varanger, Tanabru","Chalci","Odolic"
"N.-Varanger, Tanabru","Chalci","Ehasta"
"Kvalsund, Breidalsfjell","Chalci","Elanat"
"Kvalsund, Breidalsfjell","Chalci","Oglabr"
"Alta, Baeskades","Chalci","Elappo"
"Alta, Baeskades","Chalci","Olappl"
"Alta, Baeskades","Chalci","Eboreo"
"Torne Träsk, Abisko","Chalci","Eboreo"
"Torne Träsk, Abisko","Chalci","Onival"
"Torne Träsk, Abisko","Chalci","Ehasta"
"Torne Träsk, Abisko","Chalci","Ohasta"
"Torne Träsk, Abisko","Chalci","Oarcti"
"Torne Träsk, Abisko","Chalci","Ephyli"
"Torne Träsk, Abisko","Chalci","Hnudip"
"Torne Träsk, Abisko","Chalci","Odolic"
"Torne Träsk, Abisko","Chalci","Emyrsi"
"Torne Träsk, Abisko","Chalci","Ovaria"
"Lofot, Sandsletta","Chalci","Hleuco"
"Torne Träsk, Abisko","Chalci","Hischn"
"Torne Träsk, Abisko","Chalci","Onigri"
"Lofot, Sandsletta","Chalci","Obridg"
"Lofot, Sandsletta","Chalci","Elappo"
"Lofot, Sandsletta","Chalci","Elappc"
"Polarkreis II","Chalci","Hacuti"
"Polarkreis I","Chalci","Oglauc"
"Polarkreis I","Chalci","Onival"
"Polarkreis I","Chalci","Olappl"
"Polarkreis I","Chalci","Hplicl"
"Polarkreis, Krokstrand","Chalci","Elappc"
"Polarkreis, Krokstrand","Chalci","Eboreo"
"Polarkreis II","Chalci","Elappc"
"Polarkreis II","Chalci","Elappo"
"Polarkreis II","Chalci","Olappl"
"Polarkreis III","Chalci","Olappl"
"Polarkreis IV","Chalci","Elappo"
"Korgfjellet","Chalci","Elanat"
"Polarkreis III","Chalci","Elappc"
"Polarkreis III","Chalci","Odolic"
"Namsskogan, Mellingsmoen","Chalci","Evenus"
"Namsskogan, Mellingsmoen","Chalci","Ogalla"
"Namsskogan, Mellingsmoen","Chalci","Hleuco"
"Namsskogan, Mellingsmoen","Chalci","Enigri"
"Namsskogan, Mellingsmoen","Chalci","Obridg"
"Jotunheimen, Breiseterdalen","Chalci","Odolic"
"Jotunheimen, Breiseterdalen","Chalci","Oarcti"
"Jotunheimen, Breiseterdalen","Chalci","Elanat"
"Jotunheimen, Breiseterdalen","Chalci","Oglabr"
"Jotunheimen, Breiseterdalen","Chalci","Etesta"
"Lusterfjord, Höyheimsvik","Chalci","Evenus"
"Lusterfjord, Höyheimsvik","Chalci","Ogalla"
"Vikafjell bei Viksöyri","Chalci","Eboreo"
"Vikafjell bei Viksöyri","Chalci","Onival"
"Vikafjell bei Viksöyri","Chalci","Elappo"
"Vikafjell bei Viksöyri","Chalci","Osamol"
"Vikafjell bei Viksöyri","Chalci","Olappl"
"Vikafjell bei Viksöyri","Chalci","Elappc"
"Seljestad bei Odda","Chalci","Eboreo"
"Vikafjell bei Viksöyri","Chalci","Olappo"
"Seljestad bei Odda","Chalci","Elappo"
"Seljestad bei Odda","Chalci","Osamol"
"Seljestad bei Odda","Chalci","Elappc"
"Seljestad bei Odda","Chalci","Olappl"
"Seljestad bei Odda","Chalci","Olappo"
"Seljestad bei Odda","Chalci","Hacuti"
"Maltatal I","Chalci","Hplicd"
"Maltatal I","Chalci","Edaphn"
"Maltatal I","Chalci","Eelaea"
"Maltatal I","Chalci","Oadaph"
"Maltatal II","Chalci","Eelaea"
"Obertauern II","Chalci","Hspira"
"Obertauern II","Chalci","Ofoeti"
"Obertauern II","Chalci","Oobscu"
"Obertauern II","Chalci","Omonti"
"Obertauern II","Chalci","Egemmf"
"Zederhaustal, Oberweißburg","Chalci","Hplicd"
"Zederhaustal, Oberweißburg","Chalci","Edaphn"
"Zederhaustal, Oberweißburg","Chalci","Oproxi"
"Zederhaustal, Oberweißburg","Chalci","Oadaph"
"Murtal, Muhr","Chalci","Ovesic"
"Murtal, Muhr","Chalci","Hpolit"
"Murtal, Muhr","Chalci","Ovimin"
"Tauernpaß, Tweng","Chalci","Hplicd"
"Tauernpaß, Tweng","Chalci","Okriec"
"Obertauern I","Chalci","Obridg"
"Tauernpaß, Tweng","Chalci","Oadaph"
"Tauernpaß, Tweng","Chalci","Eelaea"
"Obergoms, Oberwald","Chalci","Epurpu"
"Obergoms, Oberwald","Chalci","Ovesic"
"Obergoms, Gletsch","Chalci","Egemmh"
"Grimselpaß, Grimselsee","Chalci","Omacul"
"Grimselpaß, Grimselsee","Chalci","Eboreo"
"Grimselpaß, Grimselsee","Chalci","Onival"
"Grimselpaß, Grimselsee","Chalci","Ohasta"
"Saastal, Mattmark","Chalci","Egemmh"
"Grimselpaß, Grimselsee","Chalci","Ehasta"
"Mattertal, Täsch","Chalci","Ovimin"
"Saastal, Mattmark","Chalci","Ofoeti"
"Mattertal, Täsch","Chalci","Epurpu"
"Mattertal, Täsch","Chalci","Oadaph"
"Obergoms, Obergesteln","Chalci","Edaphn"
"Obergoms, Obergesteln","Chalci","Ovesic"
"Nufenenpaß, Paßhöhe II","Chalci","Ohasta"
"Obergoms, Obergesteln","Chalci","Epurpu"
"Nufenenpaß, Paßhöhe II","Chalci","Oretus"
"Nufenenpaß, Paßhöhe II","Chalci","Ofoeti"
"Nufenenpaß, Paßhöhe II","Chalci","Oobscu"
"Nufenenpaß, Val de Bedretto I","Chalci","Okriec"
"Nufenenpaß, Val de Bedretto I","Chalci","Ovesic"
"Nufenenpaß, Val de Bedretto I","Chalci","Eelaea"
"Nufenenpaß, Val de Bedretto I","Chalci","Epurpu"
"Nufenenpaß, Val de Bedretto I","Chalci","Ovimin"
"Val Divedro, Domodossola","Chalci","Ovimin"
"Nufenenpaß, Val de Bedretto II","Chalci","Eelaea"
"Nufenenpaß, Val de Bedretto II","Chalci","Okriec"
"Obergoms, Oberwald","Chalci","Edaphn"
"Obergoms, Oberwald","Chalci","Oadaph"
"Kühkopf, Mordhecke I","Chalci","Eatraa"
"Kühkopf, Mordhecke III","Chalci","Eatraa"
"Kühkopf, Mordhecke III","Chalci","Eangus"
"Griesheim bei Darmstadt","Chalci","Epurpu"
"Mörfelden, Baggersee","Chalci","Hpolit"
"Kühkopf, Mordhecke I","Chalci","Hpolit"
"Griesheim bei Darmstadt","Chalci","Hpolit"
"Mörfelden, Baggersee","Chalci","Hoblit"
"Mörfelden, Baggersee","Chalci","Hleuca"
"Limeshain, Rommelhausen","Chalci","Hpolit"
"Ortenberg I","Chalci","Hoblit"
"Limeshain, Rommelhausen","Chalci","Heryth"
"Ortenberg I","Chalci","Hangli"
"Limeshain, Rommelhausen","Chalci","Halien"
"Ortenberg I","Chalci","Hpolit"
"Vogelsberg, Hoherodskopf","Chalci","Halien"
"Taunus, Dorfweil","Chalci","Obridg"
"Val di Egro, Mt. Tremalzo II","Chalci","Ohasta"
"Val di Egro, Mt. Tremalzo II","Chalci","Ehasta"
"Paso di Gavia, Pezzo","Chalci","Ovimin"
"Val di Egro, Mt. Tremalzo II","Chalci","Oobscu"
"Paso del Maniva, Dosso Alto","Chalci","Obridg"
"Paso del Tonale","Chalci","Ovesic"
"Val di Egro, Mt. Tremalzo II","Chalci","Obridg"
"Paso del Tonale","Chalci","Ovimin"
"Nufenenpaß, Aegtnental","Chalci","Ovimin"
"Nufenenpaß, Aegtnental","Chalci","Ovesic"
"Nufenenpaß, Paßhöhe I","Chalci","Ofoeti"
"Nufenenpaß, Paßhöhe I","Chalci","Ohasta"
"Obertauern I","Chalci","Oadaph"
"Obergoms, Obergesteln","Chalci","Hpolit"
"Taunus, Hunoldstal","Chalci","Hleuca"
"Taunus, Usingen","Chalci","Halien"
"Nufenenpaß, Paßhöhe I","Chalci","Epurpu"
"Taunus, Usingen","Chalci","Hleuca"
"Taunus, Dorfweil","Chalci","Hpruss"
"Taunus, Usingen","Chalci","Eatraa"
"Taunus, Dorfweil","Chalci","Hleuca"
"Mörfelden, Baggersee","Chalci","Eatraa"
"Paso del Maniva, Dosso Alto","Chalci","Hsglab"
"Paso di Gavia, Pezzo","Chalci","Hischn"
"Ötztal, Vent/ Gample","Chalci","Hplicg"
"Paso di Gavia, Pezzo","Chalci","Hpolit"
"Ötztal, Vent/ Gample","Chalci","Hspira"
"Grimselpaß, Grimselsee","Chalci","Hspirh"
"Grimselpaß, Grimselsee","Chalci","Hplicg"
"Nufenenpaß, Paßhöhe I","Chalci","Htuber"
"Obergoms, Obergesteln","Chalci","Hplicd"
"Obertauern I","Chalci","Hplicd"
"Preetz, Postsee","Chalci","Etesta"
"St. Peter-Ording","Chalci","Eweiff"
"St. Peter-Ording","Chalci","Ocolla"
"Kiel, Dietrichsdorf","Chalci","Esubge"
"Preetz, Postsee","Chalci","Oproxi"
"Ötztal, Vent/ Rofental","Chalci","Ovaria"
"Preetz, Postsee","Chalci","Eatraa"
"Griesheim bei Darmstadt","Chalci","Hpruss"
"Ortenberg II","Chalci","Hangli"
"Griesheim bei Darmstadt","Chalci","Hleuca"
"Ötztal, Vent/ Gample","Chalci","Hischn"
"Ötztal, Vent/ Gample","Chalci","Egemmf"
"Nufenenpaß, Aegtnental","Chalci","Epurpu"
"Ötztal, Obergurgl","Chalci","Epurpu"
"Hospental","Chalci","Emyrsi"
"Nufenenpaß, E-Werk","Chalci","Egemmh"
"Grimselpaß, Räterichsbodensee","Chalci","Egemmc"
"Schrems-Pürbach","Chalci","Evenus"
"Schrems-Pürbach","Chalci","Emucro"
"Preetz, Postsee","Chalci","Esubge"
"Preetz, Postsee","Chalci","Egemmc"
"Etzen","Chalci","Eweiff"
"S.-Varanger, Nyrud","Chalci","Evenus"
"S.-Varanger, Nyrud","Chalci","Ospset"
"Ifjordfjellet II","Chalci","Odolic"
"Ifjordfjellet II","Chalci","Oglauc"
"Namsskogan, Mellingsmoen","Chalci","Ovaria"
"Grong","Chalci","Omyrsi"
"S.-Varanger, Nyelv","Chalci","Omyrsi"
"N.-Varanger, Sandfjord","Chalci","Oherba"
"N.-Varanger, Sandfjord","Chalci","Oretic"
"Lavangsdalen","Chalci","Obridg"
"Lavangsdalen","Chalci","Ogalla"
"Lavangsdalen","Chalci","Evenus"
"Lofot, Laukvik","Chalci","Evenus"
"Skagen","Chalci","Ocolla"
"Fauske","Chalci","Evenus"
"Polarkreis I","Chalci","Odolic"
"Polarkreis II","Chalci","Oherba"
"Jostedalen","Chalci","Evenus"
"Stiklestad","Chalci","Otrian"
"Heimhulhatten","Chalci","Obridg"
"Heimhulhatten","Chalci","Obella"
"Polarkreis II","Chalci","Olappo"
"Fauske","Chalci","Ohasta"
"Taernaby / Tjamerev.","Chalci","Osamol"
"Ortenberg I","Chalci","Oproxi"
"Ortenberg I","Chalci","Ovimin"
"Riu di Pula, bei Cagliari","Chalci","Ovimin"
"Riu Malliu, bei Cagliari","Chalci","Ovimin"
"F. Corogiu, Tortoli","Chalci","Ovimin"
"N.-Varanger, Tanabru","Chalci","Elappo"
"S.-Varanger, Nyelv","Chalci","Eboreo"
"S.-Varanger, Vaggatem, Elentj.","Chalci","Emyrti"
"S.-Varanger, Vaggatem, Elentj.","Chalci","Esmyrt"
"S.-Varanger, Vaggatem","Chalci","Esmyrt"
"S.-Varanger, Nyrud","Chalci","Elappo"
"S.-Varanger, Vaggatem, Elentj.","Chalci","Elappo"
"S.-Varanger, Svanvik","Chalci","Esmyrt"
"S.-Varanger, Svanvik","Chalci","Esmyrs"
"S.-Varanger, Svanvik","Chalci","Emyrti"
"Kafjordbotn","Chalci","Ehasta"
"Kvaenangen, Gildetun","Chalci","Eboreo"
"Kilpisjärvi","Chalci","Elanat"
"Kilpisjärvi","Chalci","Eboreo"
"Kilpisjärvi","Chalci","Elappc"
"Kilpisjärvi","Chalci","Ephyli"
"Torne Träsk, Abisko","Chalci","Esmyrs"
"Lapphaugen bei Bardu","Chalci","Emyrsi"
"Lofot, Laukvik","Chalci","Elappo"
"Lofot, Hadselsand","Chalci","Enigri"
"Fauske","Chalci","Ehasta"
"Polarkreis, Krokstrand","Chalci","Elanat"
"Polarkreis II","Chalci","Eboreo"
"Grane","Chalci","Emyrsi"
"Nordfjorden","Chalci","Emucro"
"Haugsdalen","Chalci","Emucro"
"Nordfjorden","Chalci","Eaurit"
"Heimhulhatten","Chalci","Emucro"
"Heimhulhatten","Chalci","Eaurit"
"Malm","Chalci","Eaurit"
"Hegra","Chalci","Eaurit"
"Jostedalen","Chalci","Emyrsi"
"Jostedalen","Chalci","Elappo"
"Skjelingen","Chalci","Elappc"
"Skutevik","Chalci","Eciner"
"Skutevik","Chalci","Emucro"
"Skjelingen","Chalci","Eboreo"
"Skutevik","Chalci","Egemmc"
"Skagen","Chalci","Eweiff"
"Lavangsdalen","Chalci","Ehasta"
"Lofot, Laukvik","Chalci","Hleuco"
"Ifjordfjellet II","Chalci","Hplicg"
"Jotunheimen, Breiseterdalen","Chalci","Hplicg"
"Nordfjorden","Chalci","Halien"
"Korgfjellet","Chalci","Hplicg"
"Grane","Chalci","Hischn"
"Heimhulhatten","Chalci","Hcarin"
"Limeshain, Rommelhausen","Chalci","Emucro"
"Schrems-Pürbach","Chalci","Eaurit"
"Kiel, Dietrichsdorf","Chalci","Egemmc"
"Kiel, Dietrichsdorf","Chalci","Eciner"
"Etzen","Chalci","Eaurit"
"Dachsteingebirge, Hoferalm b. Filzmos","Chalci","Okriec"
"Obertauern III","Chalci","Ofoeti"
"Etzen","Chalci","Ocolla"
"Annaberg, Tennengau","Chalci","Ovaria"
"Dachsteinstraße, Ramsau","Chalci","Ogalla"
"Dachsteinstraße, Ramsau","Chalci","Obridg"
"Schremser Moor","Chalci","Obella"
"Obertauern III","Chalci","Obridg"
"Schrems-Pürbach","Chalci","Obella"
"Rappottenstein, Edmühle, (Kamputer)","Chalci","Etesta"
"Obertauern III","Chalci","Oobscu"
"Bad Ischl","Chalci","Etesta"
"Rappottenstein, Edmühle","Chalci","Eatraa"
"Dachsteinstraße, Ramsau","Chalci","Epurpu"
"Annaberg","Chalci","Eelaea"
"Ötztal, Vent/ Rofental","Chalci","Omacul"
"Obertauern III","Chalci","Eappen"
"Tauernpaß, Tweng","Chalci","Edaphn"
"Tauernpaß, Tweng","Chalci","Eappen"
"Purath nr. Arbesbach","Chalci","Emucro"
"Obertauern II","Chalci","Eelaea"
"Dachsteingebirge, Hoferalm b. Filzmos","Chalci","Hpolit"
"Schremser Moor","Chalci","Heryth"
"Arbesbach I","Chalci","Eaurit"
"Arbesbach I","Chalci","Emucro"
"Arbesbach II","Chalci","Eaurit"
"Arbesbach II","Chalci","Emucro"
"Arbesbach III","Chalci","Eaurit"
"Arbesbach III","Chalci","Emucro"
"Altenstadt, Nidder","Chalci","Eatraa"
"Rheinau (Jungwuchs)","Chalci","Ovimin"
"Rheinau (Jungwuchs)","Chalci","Ovesic"
"Urdenbach, Urdenbacher Kämpe","Chalci","Oproxi"
"Grietherbusch / Dornick","Chalci","Oproxi"
"Zillis","Chalci","Okriec"
"Zillis","Chalci","Ovimin"
"Rheinau","Chalci","Ovimin"
"Hartheim","Chalci","Ovimin"
"Rheinau","Chalci","Oproxi"
"Honau","Chalci","Ovaria"
"Honau","Chalci","Ovimin"
"Zillis","Chalci","Ovesic"
"Zillis","Chalci","Evenus"
"Juppa","Chalci","Obrevi"
"Juppa","Chalci","Ovaria"
"Juppa","Chalci","Ofoeti"
"Juppa","Chalci","Oobscu"
"Lago di Lei","Chalci","Obridg"
"Lago di Lei","Chalci","Ofoeti"
"Julierpaß bei Bivio","Chalci","Ofoeti"
"Julierpaß bei Bivio","Chalci","Oobscu"
"Albulapaß nr. Paßhöhe","Chalci","Oretus"
"Julierpaß bei Bivio","Chalci","Obrevi"
"La Massane","Chalci","Opedun"
"Albulapaß nr. Paßhöhe","Chalci","Oretic"
"Julierpaß bei Bivio","Chalci","Egemmf"
"Juppa","Chalci","Egemmf"
"Zillis","Chalci","Edaphn"
"Zillis","Chalci","Enigri"
"Grietherbusch / Dornick","Chalci","Otrian"
"Hartheim","Chalci","Oproxi"
"Grietherbusch / Dornick","Chalci","Hangli"
"Urdenbach, Urdenbacher Kämpe","Chalci","Hoblit"
"Grietherbusch / Dornick","Chalci","Hoblit"
"Urdenbach, Urdenbacher Kämpe","Chalci","Hangli"
"Hartheim","Chalci","Hangli"
"Rheinau","Chalci","Hpolit"
"Honau","Chalci","Hoblit"
"Honau","Chalci","Hpolit"
"Rheinau","Chalci","Hoblit"
"Honau","Chalci","Hpruss"
"Zillis","Chalci","Hischn"
"Juppa","Chalci","Hischn"
"Zillis","Chalci","Eelaea"
"Hartheim","Chalci","Ovesic"
"Honau","Chalci","Oproxi"
"Ried / Oberinntal","Chalci","Etesta"
"Montespluga","Chalci","Obridg"
"Lago di Lei","Chalci","Oobscu"
"Fluela-Paß","Chalci","Oobscu"
"Juppa","Chalci","Oretic"
"Lago di Lei","Chalci","Egemmf"
"Hartheim","Chalci","Hoblit"
"Lago di Lei","Chalci","Hpscho"
"Zillis","Chalci","Hleuco"
"Honau","Chalci","Hangli"
"S.-Varanger, Nyrud","Chalci","Omyrti"
"Lofot, Grunnfjord","Chalci","Obridg"
"S.-Varanger, Nyrud","Chalci","Ogalla"
"S.-Varanger, Vaggatem, Gjökasen","Chalci","Ospset"
"Skutevik","Chalci","Oarcti"
"S.-Varanger, Vaggatem, Gjökasen","Chalci","Esmyrt"
"S.-Varanger, Vaggatem, Gjökasen","Chalci","Emyrti"
"S.-Varanger, Nyrud","Chalci","Emyrti"
"Lofot, Austvagoya, Moksnes","Chalci","Eboreo"
"Vikafjell bei Viksöyri II","Chalci","Eboreo"
"Großgerungs","Chalci","Eciner"
"Dovrefjell","Chalci","Hnudip"
"N.-Varanger, Sandfjord","Chalci","Hplicg"
"N.-Varanger, Tanabru","Chalci","Hnudip"
"N.-Varanger, Tanabru","Chalci","Hischn"
"S.-Varanger, Nyrud","Chalci","Hscapr"
"S.-Varanger, Nyrud","Chalci","Hleuco"
"S.-Varanger, Vaggatem, Elentj.","Chalci","Hnudip"
"S.-Varanger, Vaggatem, Elentj.","Chalci","Hischn"
"S.-Varanger, Nyrud","Chalci","Hischn"
"S.-Varanger, Nyrud","Chalci","Hnudip"
"S.-Varanger, Nyrud","Chalci","Htuber"
"Vikafjell bei Viksöyri","Chalci","Hacuti"
"S.-Varanger, Vaggatem","Chalci","Hscapr"
"S.-Varanger, Vaggatem","Chalci","Hnudip"
"Lapphaugen bei Bardu","Chalci","Hplicg"
"Lapphaugen bei Bardu","Chalci","Htuber"
"Ifjordfjellet / Gilojokka","Chalci","Hplicg"
"Ifjordfjellet / Gilojokka","Chalci","Hnudip"
"Lofot, Austvagoya, Morfjord","Chalci","Htuber"
"Lofot, Sandsletta","Chalci","Hplicg"
"Olderfjord / Hatter","Chalci","Hacuti"
"Kilpisjärvi","Chalci","Hnudip"
"Kilpisjärvi","Chalci","Hacuti"
"Kilpisjärvi","Chalci","Hplicg"
"Polarkreis I","Chalci","Hplicg"
"Kilpisjärvi","Chalci","Hischn"
"Kilpisjärvi","Chalci","Htuber"
"Lapphaugen bei Bardu","Chalci","Hnudip"
"Vikafjell bei Viksöyri II","Chalci","Hplicg"
"Vikafjell bei Viksöyri","Chalci","Hplicg"
"Skutevik","Chalci","Hanoma"
"Polarkreis I","Chalci","Hacuti"
"Skutevik","Chalci","Heryth"
"Seljestad bei Odda","Chalci","Hplicl"
"Skutevik","Chalci","Halien"
"Olderfjord / Hatter","Chalci","Elappo"
"Ifjordfjellet / Gilojokka","Chalci","Eboreo"
"Skutevik","Chalci","Eaurit"
"Hohe Tauern, Kals","Chalci","Omonti"
"Hohe Tauern, Kals","Chalci","Oobscu"
"Luxembourg","Chalci","Oaacut"
"Kiel, Dietrichsdorf","Chalci","Hangli"
"Kiel, Dietrichsdorf","Chalci","Hleuca"
"Hohe Tauern, Kals","Chalci","Hspira"
"Weißenbach","Chalci","Oproxi"
"Ramsau, Silberklamm","Chalci","Ovaria"
"Ramsau, Silberklamm","Chalci","Okriec"
"Schönfeld, Dr. Josef Mehrlhütte","Chalci","Onigri"
"Schönfeld, Dr. Josef Mehrlhütte","Chalci","Odolic"
"Usedom, Görmitz","Chalci","Ogalla"
"Usedom, Ziemitz","Chalci","Otrian"
"Kiel, Dietrichsdorf","Chalci","Hpruss"
"Ramsau, Silberklamm","Chalci","Hpolit"
"Ramsau, Silberklamm","Chalci","Hischn"
"Ramsau, Silberklamm","Chalci","Hspira"
"Ramsau, Silberklamm","Chalci","Hpurpu"
"Weißenbach","Chalci","Hpurpu"
"Ramsau, Silberklamm","Chalci","Hplicd"
"Ramsau, Silberklamm","Chalci","Hpscho"
"Möggingen","Chalci","Hleuca"
"Markelfingen","Chalci","Hpruss"
"Möggingen","Chalci","Hpruss"
"Hegne nr. Allensbach","Chalci","Hleuca"
"Markelfingen","Chalci","Hleuca"
"Hegne nr. Allensbach","Chalci","Hpruss"
"Fauske","Chalci","Hcarin"
"Polarkreis I","Chalci","Opolar"
"Lofot, Austvagoya, Morfjord","Chalci","Ohasta"
"Lofot, Austvagoya, Morfjord","Chalci","Ehasta"
"Lofot, Austvagoya, Morfjord","Chalci","Hplicg"
"Lofot, Austvagoya, Delp","Chalci","Hplicg"
"Lofot, Austvagoya, Delp","Chalci","Onival"
"Lofot, Vestvagoy, Torvdalen","Chalci","Eboreo"
"Steinamoen","Chalci","Emyrsi"
"Steinamoen","Chalci","Ovaria"
"Steinamoen","Chalci","Onigri"
"Steinamoen","Chalci","Hischn"
"Leira nr. Trondheim","Chalci","Halien"
"Leira nr. Trondheim","Chalci","Heryth"
"Leira nr. Trondheim","Chalci","Obella"
"Dovrefjell, Grönbakken","Chalci","Omyrsi"
"Dovrefjell, Grönbakken","Chalci","Esmyrs"
"Dovrefjell, Grönbakken","Chalci","Hacuti"
"Dovrefjell, Grönbakken","Chalci","Hplicp"
"Dovrefjell, Grönbakken","Chalci","Odolic"
"Dovrefjell, Grönbakken","Chalci","Oarcti"
"Dovrefjell, Grönbakken","Chalci","Ephyli"
"Tretten, Nordbu nr. Ringebu","Chalci","Eboreo"
"Peer Gynt veien I","Chalci","Osamol"
"Peer Gynt veien I","Chalci","Elappo"
"Peer Gynt veien II","Chalci","Hplicp"
"Peer Gynt veien III","Chalci","Oglabr"
"Peer Gynt veien III","Chalci","Elanat"
"Kjölen nr. Halden","Chalci","Eweiff"
"Kjölen nr. Halden","Chalci","Ocolla"
"Kjölen nr. Halden","Chalci","Halien"
"Kjölen nr. Halden","Chalci","Obella"
"Tretten, Nordbu nr. Ringebu","Chalci","Elappo"
"Süder-Friedrichs-Koog","Chalci","Ovimin"
"Süder-Friedrichs-Koog","Chalci","Ovesic"
"Süder-Friedrichs-Koog","Chalci","Obridg"
"Horn / Bodensee / Gnadensee","Chalci","Oviril"
"Neuwilen, Bommer Weiher","Chalci","Oviril"
"Radolfzell, Mettnau","Chalci","Oviril"
"Andelshofen","Chalci","Oviril"
"Rügen, Bergen / Kaiseritz","Chalci","Oproxi"
"Rügen, Glowitz","Chalci","Opprox"
"Rügen, Neukamp","Chalci","Opprox"
"Modrus","Chalci","Ovimin"
"Modrus","Chalci","Ovesic"
"St. Ulrichs","Chalci","Eciner"
"Pretrobruck","Chalci","Eaurit"
"Rastenfeld","Chalci","Epurpu"
"Neuwilen, Bommer Weiher","Chalci","Hangli"
"Markelfingen / Schlafbach","Chalci","Hpurpu"
"Radolfzell, Mettnau","Chalci","Hpurpu"
"Radolfzell, Mettnau","Chalci","Hpolit"
"Neuwilen, Bommer Weiher","Chalci","Hpolit"
"Markelfingen / Schlafbach","Chalci","Hpolit"
"Neuwilen, Bommer Weiher","Chalci","Hpruss"
"Neuwilen, Bommer Weiher","Chalci","Hleuca"
"Horn / Bodensee / Gnadensee","Chalci","Hleuca"
"Markelfingen / Schlafbach","Chalci","Hleuca"
"Radolfzell, Mettnau","Chalci","Halien"
"Markelfingen / Schlafbach","Chalci","Hpruss"
"Radolfzell, Mettnau","Chalci","Heryth"
"Neuwilen, Bommer Weiher","Chalci","Hpurpu"
"Rastenfeld","Chalci","Hpurpu"
"Rügen, Glowitz","Chalci","Hleuco"
"Rügen, Neukamp","Chalci","Hpruss"
"Rügen, Bergen / Kaiseritz","Chalci","Heryth"
"Rügen, Glowitz","Chalci","Hpruss"
"Rügen, Bergen / Kaiseritz","Chalci","Hanoma"
"Rügen, Bergen / Kaiseritz","Chalci","Hpruss"
"Rügen, Glowitz","Chalci","Hleuca"
"Rügen, Glowitz","Chalci","Hanoma"
"Rügen, Neukamp","Chalci","Hanoma"
"Rügen, Glowitz","Chalci","Hoblit"
"Rügen, Neukamp","Chalci","Hleuca"
"Rügen, Bergen / Kaiseritz","Chalci","Hleuca"
"Palanga","Chalci","Oadaph"
"nr. Rociskiai","Chalci","Etesta"
"Nymindegab","Chalci","Eweiff"
"Vejersstrand","Chalci","Eweiff"
"Markelfingen","Chalci","Hleuco"
"Markelfingen","Chalci","Hoblit"
"Markelfingen / Schlafbach","Chalci","Hoblit"
"Markelfingen","Chalci","Hpolit"
"Markelfingen","Chalci","Hanoma"
"Radolfzell, Mettnau","Chalci","Hoblit"
"nr. Rociskiai","Chalci","Hoblit"
"nr. Rociskiai","Chalci","Hpruss"
"Palanga","Chalci","Hpruss"
"nr. Rociskiai","Chalci","Hleuca"
"Palanga","Chalci","Hischn"
"Palanga","Chalci","Hanoma"
"Palanga","Chalci","Hleuca"
"Langen-Bergheim","Chalci","Hleuca"
"Langen-Bergheim","Chalci","Halien"
"Langen-Bergheim","Chalci","Heryth"
"Langen-Bergheim","Chalci","Hpruss"
"Langen-Bergheim","Chalci","Hspecc"
"Langen-Bergheim","Chalci","Hleuco"
"Langen-Bergheim","Chalci","Hanoma"
"Radolfzell, Mettnau","Chalci","Hspecc"
"Radolfzell, Mettnau","Chalci","Hpruss"
"Radolfzell, Mettnau","Chalci","Hleuca"
"Ötztal, Vent/ Gample","Chalci","Htuber"
"Langen-Bergheim","Chalci","Oproxi"
"Röros","Chalci","Obridg"
"Kvamskogen","Chalci","Opustu"
"Röros","Chalci","Ohasta"
"Nigardsbreen nr. Gaupne","Chalci","Emyrsi"
"Oppdal","Chalci","Evenus"
"Jotunheimen, Krossbu","Chalci","Elappc"
"Limeshain, Rommelhausen","Chalci","Hpruss"
"Limeshain, Rommelhausen","Chalci","Hleuca"
"Peer Gynt veien III","Chalci","Hnudip"
"Röros","Chalci","Hanoma"
"Röros","Chalci","Hsglau"
"Tretten, Nordbu nr. Ringebu","Chalci","Hacuti"
"Tretten, Nordbu nr. Ringebu","Chalci","Hplicg"
"Vikafjell bei Viksöyri","Chalci","Hsglau"
"Peer Gynt veien III","Chalci","Hischn"
"Röros","Chalci","Hplicg"
"Kvamskogen","Chalci","Halien"
"Kvamskogen","Chalci","Hnudip"
"Kvamskogen","Chalci","Hleuco"
"Kvamskogen","Chalci","Hplicl"
"Aldino","Chalci","Oviril"
"Bletterbachschlucht nr.Aldino","Chalci","Hspira"
"Aldino","Chalci","Hpurpu"
"Preetz, Postsee","Chalci","Hleuca"
"Kiel, Dietrichsdorf","Chalci","Hpolit"
"Preetz, Postsee","Chalci","Hpruss"
"Vejersstrand","Chalci","Hpruss"
"Nymindegab","Chalci","Hpruss"
"Nymindegab","Chalci","Hleuca"
"Nymindegab","Chalci","Hangli"
"Vejersstrand","Chalci","Hleuca"
"Vejersstrand","Chalci","Hangli"
"Peer Gynt veien III","Chalci","Hplicg"
"Tretten, Nordbu nr. Ringebu","Chalci","Hsglau"
"Tretten, Nordbu nr. Ringebu","Chalci","Hplicl"
"Vikafjell bei Viksöyri","Chalci","Hslana"
"Vikafjell bei Viksöyri","Chalci","Hplicl"
"Peer Gynt veien III","Chalci","Hacuti"
"Preber See bei Tamsweg","Cincer","Emyrsi"
"Val di Egro, Mt. Tremalzo II","Cincer","Ohasta"
"Val di Egro, Mt. Tremalzo II","Cincer","Ehasta"
"Val di Egro, Mt. Tremalzo II","Cincer","Oobscu"
"Val di Egro, Mt. Tremalzo II","Cincer","Obridg"
"Zillertal, Hintertux/ Weitental","Claevi","Ovaria"
"Zillertal, Hintertux/ Weitental","Claevi","Onigri"
"Zillertal, Hintertux/ Weitental","Claevi","Ovesic"
"Zillertal, Hintertux/ Weitental","Claevi","Oobscu"
"Zillertal, Hintertux/ Weitental","Claevi","Ofoeti"
"Zillertal, Hintertux/ Weitental","Claevi","Obridg"
"Zillertal, Hintertux/ Weitental","Claevi","Oretus"
"Zillertal, Hintertux/ Weitental","Claevi","Ovimin"
"Zillertal, Hintertux/ Weitental","Claevi","Oretic"
"Zillertal, Hintertux/ Weitental","Claevi","Omonti"
"Zillertal, Hintertux/ Weitental","Claevi","Eelaea"
"Schwarzwald, Schluchsee","Claevi","Ovaria"
"Grimselpaß, Räterichsbodensee","Claevi","Onival"
"Korgfjellet","Claevi","Oglauc"
"Korgfjellet","Claevi","Onival"
"Korgfjellet","Claevi","Oglabr"
"Korgfjellet","Claevi","Oretic"
"Korgfjellet","Claevi","Ohasta"
"Schwarzwald, Schluchsee","Claevi","Emucro"
"Schwarzwald, Schluchsee","Claevi","Obella"
"Zillertal, Hintertux/ Weitental","Claevi","Ohasta"
"Korgfjellet","Claevi","Olappo"
"Korgfjellet","Claevi","Omyrsi"
"Korgfjellet","Claevi","Ospeit"
"Korgfjellet","Claevi","Elappc"
"Korgfjellet","Claevi","Elappo"
"Jotunheimen, Breiseterdalen","Claevi","Omyrsi"
"Obertauern I","Claevi","Onigri"
"Obertauern I","Claevi","Ovaria"
"Obertauern I","Claevi","Omonti"
"Obertauern I","Claevi","Ofoeti"
"Obertauern I","Claevi","Oobscu"
"Obertauern I","Claevi","Egemmf"
"Lapphaugen bei Bardu","Claevi","Ohasta"
"Lapphaugen bei Bardu","Claevi","Oglabr"
"Lapphaugen bei Bardu","Claevi","Onival"
"Lapphaugen bei Bardu","Claevi","Ovaria"
"Lapphaugen bei Bardu","Claevi","Onigri"
"Polarkreis, Krokstrand","Claevi","Oglabr"
"Polarkreis, Krokstrand","Claevi","Onival"
"Polarkreis, Krokstrand","Claevi","Ovaria"
"Polarkreis, Krokstrand","Claevi","Olappo"
"Polarkreis, Krokstrand","Claevi","Osamol"
"Polarkreis, Krokstrand","Claevi","Elappo"
"Polarkreis, Krokstrand","Claevi","Olappl"
"Korgfjellet","Claevi","Osamol"
"Korgfjellet","Claevi","Olappl"
"Korgfjellet","Claevi","Eboreo"
"Jotunheimen, Breiseterdalen","Claevi","Eboreo"
"Jotunheimen, Breiseterdalen","Claevi","Onival"
"Jotunheimen, Breiseterdalen","Claevi","Oglauc"
"Jotunheimen, Breiseterdalen","Claevi","Elappo"
"Jotunheimen, Breiseterdalen","Claevi","Elappc"
"Jotunheimen, Breiseterdalen","Claevi","Osamol"
"Jotunheimen, Breiseterdalen","Claevi","Olappo"
"Jotunheimen, Breiseterdalen","Claevi","Olappl"
"Obertauern I","Claevi","Hischn"
"Obertauern I","Claevi","Emyrsi"
"Obertauern I","Claevi","Ehasta"
"Zillertal, Hintertux/ Weitental","Claevi","Egemmf"
"Grimselpaß, Räterichsbodensee","Claevi","Egemmh"
"Grimselpaß, Räterichsbodensee","Claevi","Hspirh"
"Grimselpaß, Räterichsbodensee","Claevi","Omacul"
"Grimselpaß, Räterichsbodensee","Claevi","Ehasta"
"Grimselpaß, Räterichsbodensee","Claevi","Ohasta"
"Grimselpaß, Räterichsbodensee","Claevi","Hplicg"
"Lapphaugen bei Bardu","Claevi","Ehasta"
"Lapphaugen bei Bardu","Claevi","Elanat"
"Lapphaugen bei Bardu","Claevi","Elappo"
"Lapphaugen bei Bardu","Claevi","Osamol"
"Lapphaugen bei Bardu","Claevi","Olappl"
"Lapphaugen bei Bardu","Claevi","Eboreo"
"Polarkreis II","Claevi","Hacuti"
"Polarkreis, Krokstrand","Claevi","Elappc"
"Polarkreis, Krokstrand","Claevi","Eboreo"
"Polarkreis II","Claevi","Elappc"
"Polarkreis II","Claevi","Elappo"
"Polarkreis II","Claevi","Olappl"
"Korgfjellet","Claevi","Elanat"
"Namsskogan, Mellingsmoen","Claevi","Evenus"
"Namsskogan, Mellingsmoen","Claevi","Ogalla"
"Namsskogan, Mellingsmoen","Claevi","Hleuco"
"Namsskogan, Mellingsmoen","Claevi","Enigri"
"Namsskogan, Mellingsmoen","Claevi","Obridg"
"Jotunheimen, Breiseterdalen","Claevi","Odolic"
"Jotunheimen, Breiseterdalen","Claevi","Oarcti"
"Jotunheimen, Breiseterdalen","Claevi","Elanat"
"Jotunheimen, Breiseterdalen","Claevi","Oglabr"
"Jotunheimen, Breiseterdalen","Claevi","Etesta"
"Seljestad bei Odda","Claevi","Eboreo"
"Seljestad bei Odda","Claevi","Elappo"
"Seljestad bei Odda","Claevi","Osamol"
"Seljestad bei Odda","Claevi","Elappc"
"Seljestad bei Odda","Claevi","Olappl"
"Seljestad bei Odda","Claevi","Olappo"
"Seljestad bei Odda","Claevi","Hacuti"
"Obertauern I","Claevi","Obridg"
"Obertauern I","Claevi","Oadaph"
"Obertauern I","Claevi","Hplicd"
"Grimselpaß, Räterichsbodensee","Claevi","Egemmc"
"Namsskogan, Mellingsmoen","Claevi","Ovaria"
"Polarkreis II","Claevi","Oherba"
"Polarkreis II","Claevi","Olappo"
"Lapphaugen bei Bardu","Claevi","Emyrsi"
"Polarkreis, Krokstrand","Claevi","Elanat"
"Polarkreis II","Claevi","Eboreo"
"Jotunheimen, Breiseterdalen","Claevi","Hplicg"
"Korgfjellet","Claevi","Hplicg"
"Lapphaugen bei Bardu","Claevi","Hplicg"
"Lapphaugen bei Bardu","Claevi","Htuber"
"Lapphaugen bei Bardu","Claevi","Hnudip"
"Seljestad bei Odda","Claevi","Hplicl"
"Obertauern I","Cnrsub","Onigri"
"Obertauern I","Cnrsub","Ovaria"
"Obertauern I","Cnrsub","Omonti"
"Obertauern I","Cnrsub","Ofoeti"
"Obertauern I","Cnrsub","Oobscu"
"Obertauern I","Cnrsub","Egemmf"
"Obertauern I","Cnrsub","Hischn"
"Obertauern I","Cnrsub","Emyrsi"
"Obertauern I","Cnrsub","Ehasta"
"Obertauern I","Cnrsub","Obridg"
"Obertauern I","Cnrsub","Oadaph"
"Obertauern I","Cnrsub","Hplicd"
"Tretten, Nordbu nr. Ringebu","Coreop","Oarcti"
"Tretten, Nordbu nr. Ringebu","Coreop","Onival"
"Tretten, Nordbu nr. Ringebu","Coreop","Olappo"
"Tretten, Nordbu nr. Ringebu","Coreop","Olappl"
"Lofot, Flakstad, Flakstad","Coreop","Hplicg"
"Tretten, Nordbu nr. Ringebu","Coreop","Eboreo"
"Tretten, Nordbu nr. Ringebu","Coreop","Elappo"
"Tretten, Nordbu nr. Ringebu","Coreop","Hacuti"
"Tretten, Nordbu nr. Ringebu","Coreop","Hplicg"
"Tretten, Nordbu nr. Ringebu","Coreop","Hsglau"
"Tretten, Nordbu nr. Ringebu","Coreop","Hplicl"
"Tretten, Nordbu nr. Ringebu","Croman","Oarcti"
"Tretten, Nordbu nr. Ringebu","Croman","Onival"
"Tretten, Nordbu nr. Ringebu","Croman","Olappo"
"Tretten, Nordbu nr. Ringebu","Croman","Olappl"
"Obertauern I","Croman","Onigri"
"Obertauern I","Croman","Ovaria"
"Obertauern I","Croman","Omonti"
"Obertauern I","Croman","Ofoeti"
"Obertauern I","Croman","Oobscu"
"Obertauern I","Croman","Egemmf"
"Obertauern I","Croman","Hischn"
"Obertauern I","Croman","Emyrsi"
"Obertauern I","Croman","Ehasta"
"Obertauern I","Croman","Obridg"
"Obertauern I","Croman","Oadaph"
"Obertauern I","Croman","Hplicd"
"Lofot, Austvagoya, Delp","Croman","Hplicg"
"Lofot, Austvagoya, Delp","Croman","Onival"
"Leira nr. Trondheim","Croman","Halien"
"Leira nr. Trondheim","Croman","Heryth"
"Leira nr. Trondheim","Croman","Obella"
"Tretten, Nordbu nr. Ringebu","Croman","Eboreo"
"Tretten, Nordbu nr. Ringebu","Croman","Elappo"
"Tretten, Nordbu nr. Ringebu","Croman","Hacuti"
"Tretten, Nordbu nr. Ringebu","Croman","Hplicg"
"Tretten, Nordbu nr. Ringebu","Croman","Hsglau"
"Tretten, Nordbu nr. Ringebu","Croman","Hplicl"
"Frankfurt, Riedwiese","Csalic","Opedun"
"Frankfurt, Riedwiese","Csalic","Obridg"
"Frankfurt, Riedwiese","Csalic","Ovimin"
"Zillis","Csalic","Okriec"
"Zillis","Csalic","Ovimin"
"Zillis","Csalic","Ovesic"
"Zillis","Csalic","Evenus"
"Zillis","Csalic","Edaphn"
"Zillis","Csalic","Enigri"
"Zillis","Csalic","Hischn"
"Zillis","Csalic","Eelaea"
"Zillis","Csalic","Hleuco"
"Meldal, Resvatnet","Ctenoc","Hplicg"
"Meldal, Resvatnet","Ctenoc","Hsglau"
"Meldal, Resvatnet","Ctenoc","Hacuti"
"Meldal, Resvatnet","Ctenoc","Hplicl"
"Meldal, Resvatnet","Ctenoc","Hischn"
"Meldal, Resvatnet","Ctenoc","Hnudip"
"Meldal, Resvatnet","Ctenoc","Hleuco"
"Ötztal, Vent/ Gample","Ctrifa","Ohasta"
"Ötztal, Vent/ Gample","Ctrifa","Onigri"
"Ötztal, Vent/ Gample","Ctrifa","Ovaria"
"Ötztal, Vent/ Gample","Ctrifa","Obridg"
"Ötztal, Vent/ Gample","Ctrifa","Onival"
"Ötztal, Vent/ Gample","Ctrifa","Omacul"
"Ötztal, Vent/ Gample","Ctrifa","Ohelve"
"Ötztal, Vent/ Gample","Ctrifa","Hcarin"
"Ötztal, Vent/ Gample","Ctrifa","Ehasta"
"Ötztal, Vent/ Gample","Ctrifa","Eboreo"
"Ötztal, Vent/ Gample","Ctrifa","Egemmh"
"Ötztal, Vent/ Gample","Ctrifa","Hplicg"
"Ötztal, Vent/ Gample","Ctrifa","Hspira"
"Ötztal, Vent/ Gample","Ctrifa","Hischn"
"Ötztal, Vent/ Gample","Ctrifa","Egemmf"
"Ötztal, Vent/ Gample","Ctrifa","Htuber"
"Rügen, Bergen / Kaiseritz","Cvarie","Oproxi"
"Rügen, Bergen / Kaiseritz","Cvarie","Heryth"
"Rügen, Bergen / Kaiseritz","Cvarie","Hanoma"
"Rügen, Bergen / Kaiseritz","Cvarie","Hpruss"
"Rügen, Bergen / Kaiseritz","Cvarie","Hleuca"
"Zillertal, Hintertux/ Weitental","Cvitta","Ovaria"
"Zillertal, Hintertux/ Weitental","Cvitta","Onigri"
"Zillertal, Hintertux/ Weitental","Cvitta","Ovesic"
"Zillertal, Hintertux/ Weitental","Cvitta","Oobscu"
"Zillertal, Hintertux/ Weitental","Cvitta","Ofoeti"
"Zillertal, Hintertux/ Weitental","Cvitta","Obridg"
"Zillertal, Hintertux/ Weitental","Cvitta","Oretus"
"Zillertal, Hintertux/ Weitental","Cvitta","Ovimin"
"Zillertal, Hintertux/ Weitental","Cvitta","Oretic"
"Zillertal, Hintertux/ Weitental","Cvitta","Omonti"
"Zillertal, Hintertux/ Weitental","Cvitta","Eelaea"
"Karasjok","Cvitta","Onorve"
"Karasjok","Cvitta","Olappl"
"S.-Varanger, Vaggatem","Cvitta","Oarcti"
"S.-Varanger, Vaggatem","Cvitta","Ospset"
"S.-Varanger, Vaggatem","Cvitta","Odolic"
"S.-Varanger, Vaggatem","Cvitta","Onorve"
"S.-Varanger, Vaggatem","Cvitta","Onival"
"S.-Varanger, Vaggatem","Cvitta","Osamol"
"S.-Varanger, Vaggatem","Cvitta","Omyrti"
"S.-Varanger, Vaggatem","Cvitta","Emyrti"
"S.-Varanger, Vaggatem","Cvitta","Ovaria"
"S.-Varanger, Vaggatem","Cvitta","Oglabr"
"S.-Varanger, Vaggatem","Cvitta","Elappo"
"S.-Varanger, Vaggatem","Cvitta","Elappc"
"Kirkenes, Flugplatz","Cvitta","Ohasta"
"S.-Varanger, Vaggatem","Cvitta","Ohasta"
"Gramai-Alm","Cvitta","Oelaea"
"Gramai-Alm","Cvitta","Okriec"
"Gramai-Alm","Cvitta","Oadaph"
"Zillertal, Hintertux/ Weitental","Cvitta","Ohasta"
"Zillertal, Hintertux/ Weitental","Cvitta","Egemmf"
"Gramai-Alm","Cvitta","Eelaea"
"S.-Varanger, Vaggatem","Cvitta","Esmyrt"
"Karasjok","Cvitta","Hplicp"
"Karasjok","Cvitta","Hnudip"
"S.-Varanger, Vaggatem","Cvitta","Hscapr"
"S.-Varanger, Vaggatem","Cvitta","Hnudip"
"Taunus, Dorfweil","Dcoleo","Obridg"
"Taunus, Dorfweil","Dcoleo","Hpruss"
"Taunus, Dorfweil","Dcoleo","Hleuca"
"Kilianstätten","Dlongi","Hpolit"
"Kilianstätten","Dlongi","Hangli"
"Taunus, Waldems-Esch","Dstram","Oproxi"
"Frankfurt, Riedwiese","Dstram","Opedun"
"Frankfurt, Riedwiese","Dstram","Obridg"
"Frankfurt, Riedwiese","Dstram","Ovimin"
"Born, Darß","Dstram","Halien"
"Born, Darß","Dstram","Heryth"
"Obertauern I","Dwestw","Onigri"
"Obertauern I","Dwestw","Ovaria"
"Obertauern I","Dwestw","Omonti"
"Obertauern I","Dwestw","Ofoeti"
"Obertauern I","Dwestw","Oobscu"
"Obertauern I","Dwestw","Egemmf"
"Obertauern I","Dwestw","Hischn"
"Obertauern I","Dwestw","Emyrsi"
"Obertauern I","Dwestw","Ehasta"
"Obertauern I","Dwestw","Obridg"
"Obertauern I","Dwestw","Oadaph"
"Obertauern I","Dwestw","Hplicd"
"Kühkopf, Mordhecke I","Eacicu","Ovimin"
"Griesheim bei Darmstadt","Eacicu","Ovimin"
"Griesheim bei Darmstadt","Eacicu","Ogalla"
"Griesheim bei Darmstadt","Eacicu","Obridg"
"Griesheim bei Darmstadt","Eacicu","Ovesic"
"Kühkopf, Mordhecke I","Eacicu","Ovesic"
"Kühkopf, Mordhecke I","Eacicu","Opedun"
"Taunus, Hunoldstal","Eacicu","Oproxi"
"Taunus, Hunoldstal","Eacicu","Ovimin"
"Frankfurt, Riedwiese","Eacicu","Opedun"
"Frankfurt, Riedwiese","Eacicu","Obridg"
"Frankfurt, Riedwiese","Eacicu","Ovimin"
"Kühkopf, Mordhecke I","Eacicu","Obella"
"Ötztal, Vent/ Gample","Eacicu","Ohasta"
"Ötztal, Vent/ Gample","Eacicu","Onigri"
"Ötztal, Vent/ Gample","Eacicu","Ovaria"
"Ötztal, Vent/ Gample","Eacicu","Obridg"
"Ötztal, Vent/ Gample","Eacicu","Onival"
"Zillertal, Hintertux/ Weitental","Eacicu","Ovaria"
"Zillertal, Hintertux/ Weitental","Eacicu","Onigri"
"Zillertal, Hintertux/ Weitental","Eacicu","Ovesic"
"Zillertal, Hintertux/ Weitental","Eacicu","Oobscu"
"Zillertal, Hintertux/ Weitental","Eacicu","Ofoeti"
"Zillertal, Hintertux/ Weitental","Eacicu","Obridg"
"Kühkopf, Mordhecke I","Eacicu","Oproxi"
"Zillertal, Hintertux/ Weitental","Eacicu","Oretus"
"Zillertal, Hintertux/ Weitental","Eacicu","Ovimin"
"Zillertal, Hintertux/ Weitental","Eacicu","Oretic"
"Ötztal, Vent/ Gample","Eacicu","Omacul"
"Zillertal, Hintertux/ Weitental","Eacicu","Omonti"
"Zillertal, Hintertux/ Weitental","Eacicu","Eelaea"
"Kühkopf, Mordhecke I","Eacicu","Obridg"
"Griesheim bei Darmstadt","Eacicu","Oviril"
"Griesheim bei Darmstadt","Eacicu","Opedun"
"Taunus, Usingen","Eacicu","Oproxi"
"Taunus, Usingen","Eacicu","Ogalla"
"Ötztal, Vent/ Gample","Eacicu","Ohelve"
"Zillertal, Lanersbach","Eacicu","Onigri"
"Zillertal, Lanersbach","Eacicu","Oadaph"
"Zillertal, Lanersbach","Eacicu","Ovaria"
"Ötztal, Vent/ Am Spiegel","Eacicu","Omacul"
"Ötztal, Obergurgl","Eacicu","Ohasta"
"Ötztal, Obergurgl","Eacicu","Ovaria"
"Schwarzwald, Schluchsee","Eacicu","Ovaria"
"Obergoms, Obergesteln","Eacicu","Oviril"
"Taunus, Usingen","Eacicu","Obridg"
"Griesheim bei Darmstadt","Eacicu","Hangli"
"Obergoms, Reckingen","Eacicu","Ovesic"
"Obergoms, Reckingen","Eacicu","Ovimin"
"Obergoms, Reckingen","Eacicu","Oadaph"
"Obergoms, Reckingen","Eacicu","Ohasta"
"Obergoms, Obergesteln","Eacicu","Otrian"
"Obergoms, Obergesteln","Eacicu","Oadaph"
"Obergoms, Gletsch","Eacicu","Ohelve"
"Obergoms, Gletsch","Eacicu","Omacul"
"Arolla","Eacicu","Ovimin"
"Leukerbad","Eacicu","Okriec"
"Les Hauderes","Eacicu","Ovaria"
"Arolla","Eacicu","Ovaria"
"Saastal, Mattmark","Eacicu","Omacul"
"Saastal, Mattmark","Eacicu","Ohasta"
"Saastal, Mattmark","Eacicu","Ovaria"
"Saastal, Mattmark","Eacicu","Obrevi"
"Saastal, Mattmark","Eacicu","Oviril"
"Saastal, Mattmark","Eacicu","Ovimin"
"Hospental","Eacicu","Oadaph"
"Hospental","Eacicu","Ohasta"
"Hospental","Eacicu","Ovimin"
"Binntal nr. Fiesch","Eacicu","Ofoeti"
"Binntal nr. Fiesch","Eacicu","Ovaria"
"Binntal nr. Fiesch","Eacicu","Oobscu"
"Binntal nr. Fiesch","Eacicu","Omacul"
"Obergoms, Gletsch","Eacicu","Onival"
"Obergoms, Gletsch","Eacicu","Ohasta"
"Dovrefjell","Eacicu","Odolic"
"Dovrefjell","Eacicu","Oarcti"
"Stiklestad","Eacicu","Onigri"
"Stiklestad","Eacicu","Ovaria"
"Stiklestad","Eacicu","Obridg"
"Korgfjellet","Eacicu","Oglauc"
"Korgfjellet","Eacicu","Onival"
"Korgfjellet","Eacicu","Oglabr"
"Korgfjellet","Eacicu","Oretic"
"S.-Varanger, Vaggatem","Eacicu","Oarcti"
"S.-Varanger, Vaggatem","Eacicu","Ospset"
"S.-Varanger, Vaggatem","Eacicu","Odolic"
"S.-Varanger, Vaggatem","Eacicu","Onorve"
"S.-Varanger, Vaggatem","Eacicu","Onival"
"Kirkenes","Eacicu","Oarcti"
"Kirkenes","Eacicu","Onival"
"S.-Varanger, Vaggatem","Eacicu","Osamol"
"S.-Varanger, Vaggatem","Eacicu","Omyrti"
"S.-Varanger, Vaggatem","Eacicu","Emyrti"
"S.-Varanger, Vaggatem","Eacicu","Ovaria"
"S.-Varanger, Vaggatem","Eacicu","Oglabr"
"S.-Varanger, Nyrud","Eacicu","Ovaria"
"S.-Varanger, Vaggatem","Eacicu","Elappo"
"S.-Varanger, Vaggatem","Eacicu","Elappc"
"Polarkreis I","Eacicu","Olappo"
"Polarkreis I","Eacicu","Oherba"
"Korgfjellet","Eacicu","Ohasta"
"Schwarzwald, Schluchsee","Eacicu","Emucro"
"Schwarzwald, Feldberg","Eacicu","Okriec"
"Schwarzwald, Schluchsee","Eacicu","Obella"
"Schwarzwald, Feldberg","Eacicu","Ogalla"
"Schwarzwald, Todtnau","Eacicu","Ovimin"
"Schwarzwald, Todtnau","Eacicu","Ovesic"
"Moorburg","Eacicu","Oadaph"
"S.-Varanger, Nyrud","Eacicu","Oarcti"
"S.-Varanger, Vaggatem","Eacicu","Ohasta"
"Kühkopf, Mordhecke I","Eacicu","Oviril"
"Limeshain, Rommelhausen","Eacicu","Opedun"
"Limeshain, Rommelhausen","Eacicu","Otrian"
"Kiel, Langsee","Eacicu","Opedun"
"Preetz, Postsee","Eacicu","Oadaph"
"Kiel, Langsee","Eacicu","Obridg"
"Preetz, Postsee","Eacicu","Opedun"
"Kiel, Dietrichsdorf","Eacicu","Ovimin"
"Kiel, Dietrichsdorf","Eacicu","Opedun"
"Kiel, Dietrichsdorf","Eacicu","Obridg"
"Katinger Watt","Eacicu","Ovimin"
"Katinger Watt","Eacicu","Oproxi"
"Hennestrand","Eacicu","Ocolla"
"Vejersstrand","Eacicu","Ocolla"
"Norderney","Eacicu","Ocolla"
"Norderney","Eacicu","Oadaph"
"Jechtingen","Eacicu","Oadaph"
"Mahndorf","Eacicu","Ocolla"
"Gramai-Alm","Eacicu","Oelaea"
"Gramai-Alm","Eacicu","Okriec"
"Gramai-Alm","Eacicu","Oadaph"
"Falzthurn-Alm","Eacicu","Okriec"
"Falzthurn-Alm","Eacicu","Oelaea"
"Falzthurn-Alm","Eacicu","Ovesic"
"Falzthurn-Alm","Eacicu","Ovimin"
"Falzthurn-Alm","Eacicu","Ovaria"
"Falzthurn-Alm","Eacicu","Oadaph"
"Gern-Alm","Eacicu","Ovaria"
"Gern-Alm","Eacicu","Ovimin"
"Gern-Alm","Eacicu","Ovesic"
"Gern-Alm","Eacicu","Okriec"
"Gern-Alm","Eacicu","Oelaea"
"Gern-Alm","Eacicu","Obridg"
"Zillertal, Hintertux/ Weitental","Eacicu","Ohasta"
"Ötztal, Vent/ Am Spiegel","Eacicu","Ohelve"
"Obergoms, Gletsch","Eacicu","Oadaph"
"Obergoms, Gletsch","Eacicu","Ovesic"
"Obergoms, Gletsch","Eacicu","Ovimin"
"Obergoms, Gletsch","Eacicu","Oviril"
"Obergoms, Gletsch","Eacicu","Obridg"
"Ketsch","Eacicu","Oproxi"
"Ketsch","Eacicu","Ovimin"
"Torun","Eacicu","Otrian"
"Torun","Eacicu","Ovimin"
"Tretten, Nordbu nr. Ringebu","Eacicu","Oarcti"
"Peer Gynt veien I","Eacicu","Oglabr"
"Peer Gynt veien I","Eacicu","Onival"
"Peer Gynt veien I","Eacicu","Ohasta"
"Tretten, Nordbu nr. Ringebu","Eacicu","Onival"
"Tretten, Nordbu nr. Ringebu","Eacicu","Olappo"
"Tretten, Nordbu nr. Ringebu","Eacicu","Olappl"
"Skoganvatnet","Eacicu","Opustu"
"Skoganvatnet","Eacicu","Ovaria"
"Korgfjellet","Eacicu","Olappo"
"Lofot, Sandsletta","Eacicu","Evenus"
"Bardu","Eacicu","Oarcti"
"Lofot, Sandsletta","Eacicu","Ogalla"
"Lofot, Sandsletta","Eacicu","Onival"
"Alta, Baeskades","Eacicu","Oglabr"
"Alta, Baeskades","Eacicu","Onival"
"Alta, Baeskades","Eacicu","Osamol"
"Alta, Baeskades","Eacicu","Oarcti"
"Kilpisjärvi","Eacicu","Oarcti"
"Alta, Baeskades","Eacicu","Oherba"
"Kilpisjärvi","Eacicu","Ohasta"
"Kilpisjärvi","Eacicu","Osamol"
"Kilpisjärvi","Eacicu","Ehasta"
"Kilpisjärvi","Eacicu","Olappo"
"Kilpisjärvi","Eacicu","Elappo"
"Torne Träsk, Abisko","Eacicu","Oretic"
"Torne Träsk, Abisko","Eacicu","Oherba"
"Polarkreis I","Eacicu","Elappo"
"Polarkreis I","Eacicu","Elappc"
"Oppdal","Eacicu","Onorve"
"Oppdal","Eacicu","Ephyli"
"Korgfjellet","Eacicu","Omyrsi"
"Korgfjellet","Eacicu","Ospeit"
"Korgfjellet","Eacicu","Elappc"
"Korgfjellet","Eacicu","Elappo"
"Dovrefjell","Eacicu","Omyrsi"
"Jotunheimen, Breiseterdalen","Eacicu","Omyrsi"
"Röldal","Eacicu","Oherba"
"Kühkopf, Mordhecke I","Eacicu","Hpruss"
"Planneralm II","Eacicu","Ovaria"
"Planneralm II","Eacicu","Obridg"
"Tauplitzalm","Eacicu","Ovimin"
"Tauplitzalm","Eacicu","Ofoeti"
"Bad Aussee","Eacicu","Ovaria"
"Tauplitzalm","Eacicu","Okriec"
"Bad Aussee","Eacicu","Okriec"
"Obertauern I","Eacicu","Onigri"
"Obertauern I","Eacicu","Ovaria"
"Obertauern I","Eacicu","Omonti"
"Obertauern I","Eacicu","Ofoeti"
"Obertauern I","Eacicu","Oobscu"
"Obertauern I","Eacicu","Egemmf"
"Ötztal, Obergurgl","Eacicu","Onival"
"Peer Gynt veien I","Eacicu","Olappo"
"Peer Gynt veien I","Eacicu","Olappl"
"Peer Gynt veien I","Eacicu","Opustu"
"Lapphaugen bei Bardu","Eacicu","Ohasta"
"Lapphaugen bei Bardu","Eacicu","Oglabr"
"Lapphaugen bei Bardu","Eacicu","Onival"
"Lapphaugen bei Bardu","Eacicu","Ovaria"
"Lapphaugen bei Bardu","Eacicu","Onigri"
"Folldal, Dahlholen","Eacicu","Odolic"
"Garguluobbal, Karasjok","Eacicu","Oarcti"
"N.-Varanger, Tanabru","Eacicu","Oarcti"
"N.-Varanger, Tanabru","Eacicu","Osamol"
"N.-Varanger, Tanabru","Eacicu","Olappl"
"N.-Varanger, Tanabru","Eacicu","Olappo"
"N.-Varanger, Sandfjord","Eacicu","Omyrsi"
"N.-Varanger, Sandfjord","Eacicu","Ovaria"
"N.-Varanger, Sandfjord, Fjell","Eacicu","Oherba"
"N.-Varanger, Sandfjord","Eacicu","Onival"
"Ifjordfjellet / Gilojokka","Eacicu","Oglabr"
"Ifjordfjellet / Gilojokka","Eacicu","Ovaria"
"Ifjordfjellet / Gilojokka","Eacicu","Onival"
"Ifjordfjellet / Gilojokka","Eacicu","Oarcti"
"Ifjordfjellet / Gilojokka","Eacicu","Odolic"
"Ifjordfjellet / Gilojokka","Eacicu","Olappo"
"Ifjordfjellet / Gilojokka","Eacicu","Osamol"
"Ifjordfjellet / Gilojokka","Eacicu","Olappl"
"Kilpisjärvi","Eacicu","Odolic"
"Torne Träsk, Abisko","Eacicu","Oglabr"
"Polarkreis, Krokstrand","Eacicu","Oglabr"
"Polarkreis, Krokstrand","Eacicu","Onival"
"Polarkreis, Krokstrand","Eacicu","Ovaria"
"Polarkreis, Krokstrand","Eacicu","Olappo"
"Polarkreis, Krokstrand","Eacicu","Osamol"
"Polarkreis, Krokstrand","Eacicu","Elappo"
"Polarkreis, Krokstrand","Eacicu","Olappl"
"Korgfjellet","Eacicu","Osamol"
"Korgfjellet","Eacicu","Olappl"
"Korgfjellet","Eacicu","Eboreo"
"Dovrefjell","Eacicu","Elappo"
"Dovrefjell","Eacicu","Olappo"
"Dovrefjell","Eacicu","Olappl"
"Dovrefjell","Eacicu","Osamol"
"Dovrefjell","Eacicu","Onival"
"Jotunheimen, Breiseterdalen","Eacicu","Eboreo"
"Jotunheimen, Breiseterdalen","Eacicu","Onival"
"Jotunheimen, Breiseterdalen","Eacicu","Oglauc"
"Jotunheimen, Breiseterdalen","Eacicu","Elappo"
"Jotunheimen, Breiseterdalen","Eacicu","Elappc"
"Jotunheimen, Breiseterdalen","Eacicu","Osamol"
"Jotunheimen, Breiseterdalen","Eacicu","Olappo"
"Jotunheimen, Breiseterdalen","Eacicu","Olappl"
"Geilo","Eacicu","Onigri"
"Geilo","Eacicu","Emyrsi"
"Geilo","Eacicu","Ovaria"
"Taunus, Oberreiffenberg","Eacicu","Ogalla"
"Obertauern I","Eacicu","Hischn"
"Obertauern I","Eacicu","Emyrsi"
"Obertauern I","Eacicu","Ehasta"
"Zillertal, Hintertux/ Weitental","Eacicu","Egemmf"
"Falzthurn-Alm","Eacicu","Eelaea"
"Gramai-Alm","Eacicu","Eelaea"
"Gern-Alm","Eacicu","Eelaea"
"Halltal","Eacicu","Okriec"
"Ötztal, Vent/ Gample","Eacicu","Hcarin"
"Ötztal, Vent/ Gample","Eacicu","Ehasta"
"Ötztal, Vent/ Gample","Eacicu","Eboreo"
"Ötztal, Vent/ Gample","Eacicu","Egemmh"
"Ötztal, Obergurgl","Eacicu","Hplicg"
"Ötztal, Obergurgl","Eacicu","Ehasta"
"Ötztal, Vent/ Am Spiegel","Eacicu","Egemmh"
"Saastal, Mattmark","Eacicu","Ehasta"
"Taunus, Oberreiffenberg","Eacicu","Emucro"
"Ötztal, Obergurgl","Eacicu","Eboreo"
"Saastal, Mattmark","Eacicu","Egemmf"
"Saastal, Mattmark","Eacicu","Emyrsi"
"Arolla","Eacicu","Egemmh"
"Arolla","Eacicu","Egemmf"
"Arolla","Eacicu","Hcarin"
"Arolla","Eacicu","Ofoeti"
"Arolla","Eacicu","Oobscu"
"Lapphaugen bei Bardu","Eacicu","Ehasta"
"Lapphaugen bei Bardu","Eacicu","Elanat"
"Lapphaugen bei Bardu","Eacicu","Elappo"
"Lapphaugen bei Bardu","Eacicu","Osamol"
"Lapphaugen bei Bardu","Eacicu","Olappl"
"Lapphaugen bei Bardu","Eacicu","Eboreo"
"S.-Varanger, Svanvik","Eacicu","Omyrti"
"Ifjordfjellet / Gilojokka","Eacicu","Elanat"
"S.-Varanger, Svanvik","Eacicu","Elappo"
"N.-Varanger, Tanabru","Eacicu","Ephyli"
"N.-Varanger, Tanabru","Eacicu","Ohasta"
"N.-Varanger, Tanabru","Eacicu","Elanat"
"N.-Varanger, Tanabru","Eacicu","Odolic"
"N.-Varanger, Tanabru","Eacicu","Ehasta"
"Alta, Baeskades","Eacicu","Elappo"
"Alta, Baeskades","Eacicu","Olappl"
"Alta, Baeskades","Eacicu","Eboreo"
"Torne Träsk, Abisko","Eacicu","Eboreo"
"Torne Träsk, Abisko","Eacicu","Onival"
"Torne Träsk, Abisko","Eacicu","Ehasta"
"Torne Träsk, Abisko","Eacicu","Ohasta"
"Torne Träsk, Abisko","Eacicu","Oarcti"
"Torne Träsk, Abisko","Eacicu","Ephyli"
"Torne Träsk, Abisko","Eacicu","Hnudip"
"Torne Träsk, Abisko","Eacicu","Odolic"
"Torne Träsk, Abisko","Eacicu","Emyrsi"
"Torne Träsk, Abisko","Eacicu","Ovaria"
"Lofot, Sandsletta","Eacicu","Hleuco"
"Torne Träsk, Abisko","Eacicu","Hischn"
"Torne Träsk, Abisko","Eacicu","Onigri"
"Lofot, Sandsletta","Eacicu","Obridg"
"Lofot, Sandsletta","Eacicu","Elappo"
"Lofot, Sandsletta","Eacicu","Elappc"
"Polarkreis I","Eacicu","Oglauc"
"Polarkreis I","Eacicu","Onival"
"Polarkreis I","Eacicu","Olappl"
"Polarkreis I","Eacicu","Hplicl"
"Polarkreis, Krokstrand","Eacicu","Elappc"
"Polarkreis, Krokstrand","Eacicu","Eboreo"
"Korgfjellet","Eacicu","Elanat"
"Jotunheimen, Breiseterdalen","Eacicu","Odolic"
"Jotunheimen, Breiseterdalen","Eacicu","Oarcti"
"Jotunheimen, Breiseterdalen","Eacicu","Elanat"
"Jotunheimen, Breiseterdalen","Eacicu","Oglabr"
"Jotunheimen, Breiseterdalen","Eacicu","Etesta"
"Vikafjell bei Viksöyri","Eacicu","Eboreo"
"Vikafjell bei Viksöyri","Eacicu","Onival"
"Vikafjell bei Viksöyri","Eacicu","Elappo"
"Vikafjell bei Viksöyri","Eacicu","Osamol"
"Vikafjell bei Viksöyri","Eacicu","Olappl"
"Vikafjell bei Viksöyri","Eacicu","Elappc"
"Vikafjell bei Viksöyri","Eacicu","Olappo"
"Maltatal I","Eacicu","Hplicd"
"Maltatal I","Eacicu","Edaphn"
"Maltatal I","Eacicu","Eelaea"
"Maltatal I","Eacicu","Oadaph"
"Obertauern II","Eacicu","Hspira"
"Obertauern II","Eacicu","Ofoeti"
"Obertauern II","Eacicu","Oobscu"
"Obertauern II","Eacicu","Omonti"
"Obertauern II","Eacicu","Egemmf"
"Zederhaustal, Oberweißburg","Eacicu","Hplicd"
"Zederhaustal, Oberweißburg","Eacicu","Edaphn"
"Zederhaustal, Oberweißburg","Eacicu","Oproxi"
"Zederhaustal, Oberweißburg","Eacicu","Oadaph"
"Murtal, Muhr","Eacicu","Ovesic"
"Murtal, Muhr","Eacicu","Hpolit"
"Murtal, Muhr","Eacicu","Ovimin"
"Tauernpaß, Tweng","Eacicu","Hplicd"
"Tauernpaß, Tweng","Eacicu","Okriec"
"Obertauern I","Eacicu","Obridg"
"Tauernpaß, Tweng","Eacicu","Oadaph"
"Tauernpaß, Tweng","Eacicu","Eelaea"
"Obergoms, Oberwald","Eacicu","Epurpu"
"Obergoms, Oberwald","Eacicu","Ovesic"
"Obergoms, Gletsch","Eacicu","Egemmh"
"Saastal, Mattmark","Eacicu","Egemmh"
"Mattertal, Täsch","Eacicu","Ovimin"
"Saastal, Mattmark","Eacicu","Ofoeti"
"Mattertal, Täsch","Eacicu","Epurpu"
"Mattertal, Täsch","Eacicu","Oadaph"
"Obergoms, Obergesteln","Eacicu","Edaphn"
"Obergoms, Obergesteln","Eacicu","Ovesic"
"Obergoms, Obergesteln","Eacicu","Epurpu"
"Nufenenpaß, Val de Bedretto I","Eacicu","Okriec"
"Nufenenpaß, Val de Bedretto I","Eacicu","Ovesic"
"Nufenenpaß, Val de Bedretto I","Eacicu","Eelaea"
"Nufenenpaß, Val de Bedretto I","Eacicu","Epurpu"
"Nufenenpaß, Val de Bedretto I","Eacicu","Ovimin"
"Val Divedro, Domodossola","Eacicu","Ovimin"
"Obergoms, Oberwald","Eacicu","Edaphn"
"Obergoms, Oberwald","Eacicu","Oadaph"
"Kühkopf, Mordhecke I","Eacicu","Eatraa"
"Griesheim bei Darmstadt","Eacicu","Epurpu"
"Kühkopf, Mordhecke I","Eacicu","Hpolit"
"Griesheim bei Darmstadt","Eacicu","Hpolit"
"Limeshain, Rommelhausen","Eacicu","Hpolit"
"Ortenberg I","Eacicu","Hoblit"
"Limeshain, Rommelhausen","Eacicu","Heryth"
"Ortenberg I","Eacicu","Hangli"
"Limeshain, Rommelhausen","Eacicu","Halien"
"Ortenberg I","Eacicu","Hpolit"
"Paso di Gavia, Pezzo","Eacicu","Ovimin"
"Paso del Tonale","Eacicu","Ovesic"
"Paso del Tonale","Eacicu","Ovimin"
"Nufenenpaß, Aegtnental","Eacicu","Ovimin"
"Nufenenpaß, Aegtnental","Eacicu","Ovesic"
"Obertauern I","Eacicu","Oadaph"
"Obergoms, Obergesteln","Eacicu","Hpolit"
"Taunus, Hunoldstal","Eacicu","Hleuca"
"Taunus, Usingen","Eacicu","Halien"
"Taunus, Usingen","Eacicu","Hleuca"
"Taunus, Usingen","Eacicu","Eatraa"
"Paso di Gavia, Pezzo","Eacicu","Hischn"
"Ötztal, Vent/ Gample","Eacicu","Hplicg"
"Paso di Gavia, Pezzo","Eacicu","Hpolit"
"Ötztal, Vent/ Gample","Eacicu","Hspira"
"Obergoms, Obergesteln","Eacicu","Hplicd"
"Obertauern I","Eacicu","Hplicd"
"Preetz, Postsee","Eacicu","Etesta"
"Kiel, Dietrichsdorf","Eacicu","Esubge"
"Preetz, Postsee","Eacicu","Oproxi"
"Preetz, Postsee","Eacicu","Eatraa"
"Griesheim bei Darmstadt","Eacicu","Hpruss"
"Griesheim bei Darmstadt","Eacicu","Hleuca"
"Ötztal, Vent/ Gample","Eacicu","Hischn"
"Ötztal, Vent/ Gample","Eacicu","Egemmf"
"Nufenenpaß, Aegtnental","Eacicu","Epurpu"
"Ötztal, Obergurgl","Eacicu","Epurpu"
"Hospental","Eacicu","Emyrsi"
"Schrems-Pürbach","Eacicu","Evenus"
"Schrems-Pürbach","Eacicu","Emucro"
"Preetz, Postsee","Eacicu","Esubge"
"Preetz, Postsee","Eacicu","Egemmc"
"S.-Varanger, Nyrud","Eacicu","Evenus"
"S.-Varanger, Nyrud","Eacicu","Ospset"
"S.-Varanger, Nyelv","Eacicu","Omyrsi"
"N.-Varanger, Sandfjord","Eacicu","Oherba"
"N.-Varanger, Sandfjord","Eacicu","Oretic"
"Skagen","Eacicu","Ocolla"
"Fauske","Eacicu","Evenus"
"Polarkreis I","Eacicu","Odolic"
"Stiklestad","Eacicu","Otrian"
"Fauske","Eacicu","Ohasta"
"Taernaby / Tjamerev.","Eacicu","Osamol"
"Ortenberg I","Eacicu","Oproxi"
"Ortenberg I","Eacicu","Ovimin"
"Riu di Pula, bei Cagliari","Eacicu","Ovimin"
"F. Corogiu, Tortoli","Eacicu","Ovimin"
"N.-Varanger, Tanabru","Eacicu","Elappo"
"S.-Varanger, Nyelv","Eacicu","Eboreo"
"S.-Varanger, Vaggatem","Eacicu","Esmyrt"
"S.-Varanger, Nyrud","Eacicu","Elappo"
"S.-Varanger, Svanvik","Eacicu","Esmyrt"
"S.-Varanger, Svanvik","Eacicu","Esmyrs"
"S.-Varanger, Svanvik","Eacicu","Emyrti"
"Kilpisjärvi","Eacicu","Elanat"
"Kilpisjärvi","Eacicu","Eboreo"
"Kilpisjärvi","Eacicu","Elappc"
"Kilpisjärvi","Eacicu","Ephyli"
"Torne Träsk, Abisko","Eacicu","Esmyrs"
"Lapphaugen bei Bardu","Eacicu","Emyrsi"
"Fauske","Eacicu","Ehasta"
"Polarkreis, Krokstrand","Eacicu","Elanat"
"Skagen","Eacicu","Eweiff"
"Jotunheimen, Breiseterdalen","Eacicu","Hplicg"
"Korgfjellet","Eacicu","Hplicg"
"Limeshain, Rommelhausen","Eacicu","Emucro"
"Schrems-Pürbach","Eacicu","Eaurit"
"Kiel, Dietrichsdorf","Eacicu","Egemmc"
"Kiel, Dietrichsdorf","Eacicu","Eciner"
"Dachsteingebirge, Hoferalm b. Filzmos","Eacicu","Okriec"
"Schrems-Pürbach","Eacicu","Obella"
"Bad Ischl","Eacicu","Etesta"
"Tauernpaß, Tweng","Eacicu","Edaphn"
"Tauernpaß, Tweng","Eacicu","Eappen"
"Obertauern II","Eacicu","Eelaea"
"Dachsteingebirge, Hoferalm b. Filzmos","Eacicu","Hpolit"
"Rheinau (Jungwuchs)","Eacicu","Ovimin"
"Rheinau (Jungwuchs)","Eacicu","Ovesic"
"Zillis","Eacicu","Okriec"
"Zillis","Eacicu","Ovimin"
"Hartheim","Eacicu","Ovimin"
"Honau","Eacicu","Ovaria"
"Honau","Eacicu","Ovimin"
"Zillis","Eacicu","Ovesic"
"Zillis","Eacicu","Evenus"
"Julierpaß bei Bivio","Eacicu","Ofoeti"
"Julierpaß bei Bivio","Eacicu","Oobscu"
"Julierpaß bei Bivio","Eacicu","Obrevi"
"Julierpaß bei Bivio","Eacicu","Egemmf"
"Zillis","Eacicu","Edaphn"
"Zillis","Eacicu","Enigri"
"Hartheim","Eacicu","Oproxi"
"Hartheim","Eacicu","Hangli"
"Honau","Eacicu","Hoblit"
"Honau","Eacicu","Hpolit"
"Honau","Eacicu","Hpruss"
"Zillis","Eacicu","Hischn"
"Zillis","Eacicu","Eelaea"
"Hartheim","Eacicu","Ovesic"
"Honau","Eacicu","Oproxi"
"Hartheim","Eacicu","Hoblit"
"Zillis","Eacicu","Hleuco"
"Honau","Eacicu","Hangli"
"S.-Varanger, Nyrud","Eacicu","Omyrti"
"S.-Varanger, Nyrud","Eacicu","Ogalla"
"S.-Varanger, Vaggatem, Gjökasen","Eacicu","Ospset"
"S.-Varanger, Vaggatem, Gjökasen","Eacicu","Esmyrt"
"S.-Varanger, Vaggatem, Gjökasen","Eacicu","Emyrti"
"S.-Varanger, Nyrud","Eacicu","Emyrti"
"Dovrefjell","Eacicu","Hnudip"
"N.-Varanger, Sandfjord","Eacicu","Hplicg"
"N.-Varanger, Tanabru","Eacicu","Hnudip"
"N.-Varanger, Tanabru","Eacicu","Hischn"
"S.-Varanger, Nyrud","Eacicu","Hscapr"
"S.-Varanger, Nyrud","Eacicu","Hleuco"
"S.-Varanger, Nyrud","Eacicu","Hischn"
"S.-Varanger, Nyrud","Eacicu","Hnudip"
"S.-Varanger, Nyrud","Eacicu","Htuber"
"Vikafjell bei Viksöyri","Eacicu","Hacuti"
"S.-Varanger, Vaggatem","Eacicu","Hscapr"
"S.-Varanger, Vaggatem","Eacicu","Hnudip"
"Lapphaugen bei Bardu","Eacicu","Hplicg"
"Lapphaugen bei Bardu","Eacicu","Htuber"
"Ifjordfjellet / Gilojokka","Eacicu","Hplicg"
"Ifjordfjellet / Gilojokka","Eacicu","Hnudip"
"Lofot, Sandsletta","Eacicu","Hplicg"
"Kilpisjärvi","Eacicu","Hnudip"
"Kilpisjärvi","Eacicu","Hacuti"
"Kilpisjärvi","Eacicu","Hplicg"
"Polarkreis I","Eacicu","Hplicg"
"Kilpisjärvi","Eacicu","Hischn"
"Kilpisjärvi","Eacicu","Htuber"
"Lapphaugen bei Bardu","Eacicu","Hnudip"
"Vikafjell bei Viksöyri","Eacicu","Hplicg"
"Polarkreis I","Eacicu","Hacuti"
"Ifjordfjellet / Gilojokka","Eacicu","Eboreo"
"Kiel, Dietrichsdorf","Eacicu","Hangli"
"Kiel, Dietrichsdorf","Eacicu","Hleuca"
"Ramsau, Silberklamm","Eacicu","Ovaria"
"Ramsau, Silberklamm","Eacicu","Okriec"
"Kiel, Dietrichsdorf","Eacicu","Hpruss"
"Ramsau, Silberklamm","Eacicu","Hpolit"
"Ramsau, Silberklamm","Eacicu","Hischn"
"Ramsau, Silberklamm","Eacicu","Hspira"
"Ramsau, Silberklamm","Eacicu","Hpurpu"
"Ramsau, Silberklamm","Eacicu","Hplicd"
"Ramsau, Silberklamm","Eacicu","Hpscho"
"Storuman","Eacicu","Hnudip"
"Storuman","Eacicu","Hacuti"
"Storuman","Eacicu","Opustu"
"Storuman","Eacicu","Hleuco"
"Fauske","Eacicu","Hcarin"
"Polarkreis I","Eacicu","Opolar"
"Lofot, Vestvagoy, Torvdalen","Eacicu","Eboreo"
"Dovrefjell, Grönbakken","Eacicu","Omyrsi"
"Dovrefjell, Grönbakken","Eacicu","Esmyrs"
"Dovrefjell, Grönbakken","Eacicu","Hacuti"
"Dovrefjell, Grönbakken","Eacicu","Hplicp"
"Dovrefjell, Grönbakken","Eacicu","Odolic"
"Dovrefjell, Grönbakken","Eacicu","Oarcti"
"Dovrefjell, Grönbakken","Eacicu","Ephyli"
"Tretten, Nordbu nr. Ringebu","Eacicu","Eboreo"
"Peer Gynt veien I","Eacicu","Osamol"
"Peer Gynt veien I","Eacicu","Elappo"
"Peer Gynt veien III","Eacicu","Oglabr"
"Peer Gynt veien III","Eacicu","Elanat"
"Tretten, Nordbu nr. Ringebu","Eacicu","Elappo"
"Katinger Watt","Eacicu","Opedun"
"Modrus","Eacicu","Ovimin"
"Modrus","Eacicu","Ovesic"
"Katinger Watt","Eacicu","Hleuca"
"Katinger Watt","Eacicu","Hpruss"
"Palanga","Eacicu","Oadaph"
"Kiduliai nr. Jurbarkas","Eacicu","Oaacut"
"Kiduliai nr. Jurbarkas","Eacicu","Ovimin"
"Vejersstrand","Eacicu","Eweiff"
"Kiduliai nr. Jurbarkas","Eacicu","Hangli"
"Palanga","Eacicu","Hpruss"
"Palanga","Eacicu","Hischn"
"Palanga","Eacicu","Hanoma"
"Palanga","Eacicu","Hleuca"
"Ötztal, Vent/ Gample","Eacicu","Htuber"
"Röros","Eacicu","Obridg"
"Röros","Eacicu","Ohasta"
"Oppdal","Eacicu","Evenus"
"Limeshain, Rommelhausen","Eacicu","Hpruss"
"Limeshain, Rommelhausen","Eacicu","Hleuca"
"Peer Gynt veien III","Eacicu","Hnudip"
"Röros","Eacicu","Hanoma"
"Röros","Eacicu","Hsglau"
"Tretten, Nordbu nr. Ringebu","Eacicu","Hacuti"
"Tretten, Nordbu nr. Ringebu","Eacicu","Hplicg"
"Vikafjell bei Viksöyri","Eacicu","Hsglau"
"Peer Gynt veien III","Eacicu","Hischn"
"Röros","Eacicu","Hplicg"
"Preetz, Postsee","Eacicu","Hleuca"
"Kiel, Dietrichsdorf","Eacicu","Hpolit"
"Kiel, Langsee","Eacicu","Hpruss"
"Kiel, Langsee","Eacicu","Hangli"
"Preetz, Postsee","Eacicu","Hpruss"
"Kiel, Langsee","Eacicu","Hleuca"
"Vejersstrand","Eacicu","Hpruss"
"Vejersstrand","Eacicu","Hleuca"
"Vejersstrand","Eacicu","Hangli"
"Peer Gynt veien III","Eacicu","Hplicg"
"Tretten, Nordbu nr. Ringebu","Eacicu","Hsglau"
"Tretten, Nordbu nr. Ringebu","Eacicu","Hplicl"
"Vikafjell bei Viksöyri","Eacicu","Hslana"
"Vikafjell bei Viksöyri","Eacicu","Hplicl"
"Peer Gynt veien III","Eacicu","Hacuti"
"Kühkopf, Mordhecke I","Ealbit","Ovimin"
"Griesheim bei Darmstadt","Ealbit","Ovimin"
"Griesheim bei Darmstadt","Ealbit","Ogalla"
"Griesheim bei Darmstadt","Ealbit","Obridg"
"Griesheim bei Darmstadt","Ealbit","Ovesic"
"Kühkopf, Mordhecke I","Ealbit","Ovesic"
"Kühkopf, Mordhecke I","Ealbit","Opedun"
"Kühkopf, Mordhecke I","Ealbit","Obella"
"Kühkopf, Mordhecke III","Ealbit","Oproxi"
"Kühkopf, Mordhecke III","Ealbit","Ovimin"
"Kühkopf, Mordhecke I","Ealbit","Oproxi"
"Kühkopf, Mordhecke I","Ealbit","Obridg"
"Griesheim bei Darmstadt","Ealbit","Oviril"
"Griesheim bei Darmstadt","Ealbit","Opedun"
"Griesheim bei Darmstadt","Ealbit","Hangli"
"Leitenberg","Ealbit","Oproxi"
"Kühkopf, Mordhecke I","Ealbit","Oviril"
"Mahndorf","Ealbit","Ocolla"
"Falzthurn-Alm","Ealbit","Okriec"
"Falzthurn-Alm","Ealbit","Oelaea"
"Falzthurn-Alm","Ealbit","Ovesic"
"Falzthurn-Alm","Ealbit","Ovimin"
"Falzthurn-Alm","Ealbit","Ovaria"
"Falzthurn-Alm","Ealbit","Oadaph"
"Kühkopf, Mordhecke I","Ealbit","Hpruss"
"Kühkopf, Mordhecke III","Ealbit","Oviril"
"Falzthurn-Alm","Ealbit","Eelaea"
"Kühkopf, Mordhecke I","Ealbit","Eatraa"
"Kühkopf, Mordhecke III","Ealbit","Eatraa"
"Kühkopf, Mordhecke III","Ealbit","Eangus"
"Griesheim bei Darmstadt","Ealbit","Epurpu"
"Kühkopf, Mordhecke I","Ealbit","Hpolit"
"Griesheim bei Darmstadt","Ealbit","Hpolit"
"Griesheim bei Darmstadt","Ealbit","Hpruss"
"Griesheim bei Darmstadt","Ealbit","Hleuca"
"Urdenbach, Urdenbacher Kämpe","Ealbit","Oproxi"
"Rheinau","Ealbit","Ovimin"
"Hartheim","Ealbit","Ovimin"
"Rheinau","Ealbit","Oproxi"
"Hartheim","Ealbit","Oproxi"
"Urdenbach, Urdenbacher Kämpe","Ealbit","Hoblit"
"Urdenbach, Urdenbacher Kämpe","Ealbit","Hangli"
"Hartheim","Ealbit","Hangli"
"Rheinau","Ealbit","Hpolit"
"Rheinau","Ealbit","Hoblit"
"Hartheim","Ealbit","Ovesic"
"Hartheim","Ealbit","Hoblit"
"Kiel, Dietrichsdorf","Eanali","Ovimin"
"Kiel, Dietrichsdorf","Eanali","Opedun"
"Kiel, Dietrichsdorf","Eanali","Obridg"
"Kiel, Dietrichsdorf","Eanali","Esubge"
"Kiel, Dietrichsdorf","Eanali","Egemmc"
"Kiel, Dietrichsdorf","Eanali","Eciner"
"Urdenbach, Urdenbacher Kämpe","Eanali","Oproxi"
"Urdenbach, Urdenbacher Kämpe","Eanali","Hoblit"
"Urdenbach, Urdenbacher Kämpe","Eanali","Hangli"
"S.-Varanger, Ferdesmyra","Eanali","Hacuti"
"S.-Varanger, Ferdesmyra","Eanali","Hplicl"
"Kiel, Dietrichsdorf","Eanali","Hangli"
"Kiel, Dietrichsdorf","Eanali","Hleuca"
"Kiel, Dietrichsdorf","Eanali","Hpruss"
"Kiel, Dietrichsdorf","Eanali","Hpolit"
"Rügen, Glowitz","Ecalca","Opprox"
"Rügen, Glowitz","Ecalca","Hleuco"
"Rügen, Glowitz","Ecalca","Hpruss"
"Rügen, Glowitz","Ecalca","Hleuca"
"Rügen, Glowitz","Ecalca","Hanoma"
"Rügen, Glowitz","Ecalca","Hoblit"
"Ifjordfjellet / Gilojokka","Eclytu","Oglabr"
"Ifjordfjellet / Gilojokka","Eclytu","Ovaria"
"Ifjordfjellet / Gilojokka","Eclytu","Onival"
"Ifjordfjellet / Gilojokka","Eclytu","Oarcti"
"Ifjordfjellet / Gilojokka","Eclytu","Odolic"
"Ifjordfjellet / Gilojokka","Eclytu","Olappo"
"Ifjordfjellet / Gilojokka","Eclytu","Osamol"
"Ifjordfjellet / Gilojokka","Eclytu","Olappl"
"Ifjordfjellet / Gilojokka","Eclytu","Elanat"
"Ifjordfjellet / Gilojokka","Eclytu","Hplicg"
"Ifjordfjellet / Gilojokka","Eclytu","Hnudip"
"Ifjordfjellet / Gilojokka","Eclytu","Eboreo"
"Meldal, Resvatnet","Efront","Hplicg"
"Meldal, Resvatnet","Efront","Hsglau"
"Meldal, Resvatnet","Efront","Hacuti"
"Meldal, Resvatnet","Efront","Hplicl"
"Meldal, Resvatnet","Efront","Hischn"
"Meldal, Resvatnet","Efront","Hnudip"
"Meldal, Resvatnet","Efront","Hleuco"
"Borkum","Eheyer","Ocolla"
"Kühkopf, Mordhecke III","Enobbe","Oproxi"
"Kühkopf, Mordhecke III","Enobbe","Ovimin"
"Taunus, Usingen","Enobbe","Oproxi"
"Taunus, Usingen","Enobbe","Ogalla"
"Ötztal, Obergurgl","Enobbe","Ohasta"
"Ötztal, Obergurgl","Enobbe","Ovaria"
"Schwarzwald, Schluchsee","Enobbe","Ovaria"
"Obergoms, Obergesteln","Enobbe","Oviril"
"Taunus, Usingen","Enobbe","Obridg"
"Obergoms, Obergesteln","Enobbe","Otrian"
"Obergoms, Obergesteln","Enobbe","Oadaph"
"Arolla","Enobbe","Ovimin"
"Arolla","Enobbe","Ovaria"
"Hospental","Enobbe","Oadaph"
"Nufenenpaß, Paßhöhe I","Enobbe","Oretus"
"Hospental","Enobbe","Ohasta"
"Nufenenpaß, Paßhöhe I","Enobbe","Omacul"
"Hospental","Enobbe","Ovimin"
"Grimselpaß, Räterichsbodensee","Enobbe","Onival"
"Korgfjellet","Enobbe","Oglauc"
"Korgfjellet","Enobbe","Onival"
"Korgfjellet","Enobbe","Oglabr"
"Korgfjellet","Enobbe","Oretic"
"S.-Varanger, Vaggatem","Enobbe","Oarcti"
"S.-Varanger, Vaggatem","Enobbe","Ospset"
"S.-Varanger, Vaggatem","Enobbe","Odolic"
"S.-Varanger, Vaggatem","Enobbe","Onorve"
"S.-Varanger, Vaggatem","Enobbe","Onival"
"S.-Varanger, Vaggatem","Enobbe","Osamol"
"S.-Varanger, Vaggatem","Enobbe","Omyrti"
"S.-Varanger, Vaggatem","Enobbe","Emyrti"
"S.-Varanger, Vaggatem","Enobbe","Ovaria"
"S.-Varanger, Vaggatem","Enobbe","Oglabr"
"S.-Varanger, Nyrud","Enobbe","Ovaria"
"S.-Varanger, Vaggatem","Enobbe","Elappo"
"S.-Varanger, Vaggatem","Enobbe","Elappc"
"Korgfjellet","Enobbe","Ohasta"
"Schwarzwald, Schluchsee","Enobbe","Emucro"
"Schwarzwald, Schluchsee","Enobbe","Obella"
"S.-Varanger, Nyrud","Enobbe","Oarcti"
"S.-Varanger, Vaggatem","Enobbe","Ohasta"
"Preetz, Postsee","Enobbe","Oadaph"
"Preetz, Postsee","Enobbe","Opedun"
"Gramai-Alm","Enobbe","Oelaea"
"Gramai-Alm","Enobbe","Okriec"
"Gramai-Alm","Enobbe","Oadaph"
"Korgfjellet","Enobbe","Olappo"
"Korgfjellet","Enobbe","Omyrsi"
"Korgfjellet","Enobbe","Ospeit"
"Korgfjellet","Enobbe","Elappc"
"Korgfjellet","Enobbe","Elappo"
"Kühkopf, Mordhecke III","Enobbe","Oviril"
"Ötztal, Obergurgl","Enobbe","Onival"
"Korgfjellet","Enobbe","Osamol"
"Korgfjellet","Enobbe","Olappl"
"Korgfjellet","Enobbe","Eboreo"
"Geilo","Enobbe","Onigri"
"Geilo","Enobbe","Emyrsi"
"Geilo","Enobbe","Ovaria"
"Taunus, Oberreiffenberg","Enobbe","Ogalla"
"Gramai-Alm","Enobbe","Eelaea"
"Ötztal, Obergurgl","Enobbe","Hplicg"
"Ötztal, Obergurgl","Enobbe","Ehasta"
"Grimselpaß, Räterichsbodensee","Enobbe","Egemmh"
"Grimselpaß, Räterichsbodensee","Enobbe","Hspirh"
"Grimselpaß, Räterichsbodensee","Enobbe","Omacul"
"Grimselpaß, Räterichsbodensee","Enobbe","Ehasta"
"Grimselpaß, Räterichsbodensee","Enobbe","Ohasta"
"Grimselpaß, Räterichsbodensee","Enobbe","Hplicg"
"Nufenenpaß, Paßhöhe I","Enobbe","Egemmh"
"Nufenenpaß, Paßhöhe I","Enobbe","Oobscu"
"Nufenenpaß, Paßhöhe I","Enobbe","Oretic"
"Nufenenpaß, Paßhöhe I","Enobbe","Egemmf"
"Taunus, Oberreiffenberg","Enobbe","Emucro"
"Marköbel","Enobbe","Emucro"
"Ötztal, Obergurgl","Enobbe","Eboreo"
"Arolla","Enobbe","Egemmh"
"Arolla","Enobbe","Egemmf"
"Arolla","Enobbe","Hcarin"
"Arolla","Enobbe","Ofoeti"
"Arolla","Enobbe","Oobscu"
"Nufenenpaß, Paßhöhe I","Enobbe","Hspirh"
"S.-Varanger, Svanvik","Enobbe","Omyrti"
"S.-Varanger, Svanvik","Enobbe","Elappo"
"Korgfjellet","Enobbe","Elanat"
"Lusterfjord, Höyheimsvik","Enobbe","Evenus"
"Lusterfjord, Höyheimsvik","Enobbe","Ogalla"
"Tauernpaß, Tweng","Enobbe","Hplicd"
"Tauernpaß, Tweng","Enobbe","Okriec"
"Tauernpaß, Tweng","Enobbe","Oadaph"
"Tauernpaß, Tweng","Enobbe","Eelaea"
"Obergoms, Oberwald","Enobbe","Epurpu"
"Obergoms, Oberwald","Enobbe","Ovesic"
"Obergoms, Obergesteln","Enobbe","Edaphn"
"Obergoms, Obergesteln","Enobbe","Ovesic"
"Obergoms, Obergesteln","Enobbe","Epurpu"
"Nufenenpaß, Val de Bedretto I","Enobbe","Okriec"
"Nufenenpaß, Val de Bedretto I","Enobbe","Ovesic"
"Nufenenpaß, Val de Bedretto I","Enobbe","Eelaea"
"Nufenenpaß, Val de Bedretto I","Enobbe","Epurpu"
"Nufenenpaß, Val de Bedretto I","Enobbe","Ovimin"
"Obergoms, Oberwald","Enobbe","Edaphn"
"Obergoms, Oberwald","Enobbe","Oadaph"
"Kühkopf, Mordhecke III","Enobbe","Eatraa"
"Kühkopf, Mordhecke III","Enobbe","Eangus"
"Nufenenpaß, Paßhöhe I","Enobbe","Ofoeti"
"Nufenenpaß, Paßhöhe I","Enobbe","Ohasta"
"Obergoms, Obergesteln","Enobbe","Hpolit"
"Taunus, Usingen","Enobbe","Halien"
"Nufenenpaß, Paßhöhe I","Enobbe","Epurpu"
"Taunus, Usingen","Enobbe","Hleuca"
"Taunus, Usingen","Enobbe","Eatraa"
"Nufenenpaß, Paßhöhe I","Enobbe","Htuber"
"Obergoms, Obergesteln","Enobbe","Hplicd"
"Preetz, Postsee","Enobbe","Etesta"
"Preetz, Postsee","Enobbe","Oproxi"
"Preetz, Postsee","Enobbe","Eatraa"
"Ötztal, Obergurgl","Enobbe","Epurpu"
"Hospental","Enobbe","Emyrsi"
"Grimselpaß, Räterichsbodensee","Enobbe","Egemmc"
"Schwarzwald, Altglashütten","Enobbe","Emucro"
"Schwarzwald, Altglashütten","Enobbe","Eaurit"
"Schwarzwald, Altglashütten","Enobbe","Obella"
"Preetz, Postsee","Enobbe","Esubge"
"Preetz, Postsee","Enobbe","Egemmc"
"Etzen","Enobbe","Eweiff"
"S.-Varanger, Nyrud","Enobbe","Evenus"
"S.-Varanger, Nyrud","Enobbe","Ospset"
"Skagen","Enobbe","Ocolla"
"Fauske","Enobbe","Evenus"
"Fauske","Enobbe","Ohasta"
"S.-Varanger, Vaggatem, Elentj.","Enobbe","Emyrti"
"S.-Varanger, Vaggatem, Elentj.","Enobbe","Esmyrt"
"S.-Varanger, Vaggatem","Enobbe","Esmyrt"
"S.-Varanger, Nyrud","Enobbe","Elappo"
"S.-Varanger, Vaggatem, Elentj.","Enobbe","Elappo"
"S.-Varanger, Svanvik","Enobbe","Esmyrt"
"S.-Varanger, Svanvik","Enobbe","Esmyrs"
"S.-Varanger, Svanvik","Enobbe","Emyrti"
"Fauske","Enobbe","Ehasta"
"Haugsdalen","Enobbe","Emucro"
"Malm","Enobbe","Eaurit"
"Hegra","Enobbe","Eaurit"
"Skutevik","Enobbe","Eciner"
"Skutevik","Enobbe","Emucro"
"Skutevik","Enobbe","Egemmc"
"Skagen","Enobbe","Eweiff"
"Korgfjellet","Enobbe","Hplicg"
"Etzen","Enobbe","Eaurit"
"Etzen","Enobbe","Ocolla"
"Tauernpaß, Tweng","Enobbe","Edaphn"
"Tauernpaß, Tweng","Enobbe","Eappen"
"Purath nr. Arbesbach","Enobbe","Emucro"
"Arbesbach I","Enobbe","Eaurit"
"Arbesbach I","Enobbe","Emucro"
"Arbesbach II","Enobbe","Eaurit"
"Arbesbach II","Enobbe","Emucro"
"Arbesbach III","Enobbe","Eaurit"
"Arbesbach III","Enobbe","Emucro"
"Altenstadt, Nidder","Enobbe","Eatraa"
"Zillis","Enobbe","Okriec"
"Zillis","Enobbe","Ovimin"
"Zillis","Enobbe","Ovesic"
"Zillis","Enobbe","Evenus"
"Zillis","Enobbe","Edaphn"
"Zillis","Enobbe","Enigri"
"Zillis","Enobbe","Hischn"
"Zillis","Enobbe","Eelaea"
"Zillis","Enobbe","Hleuco"
"S.-Varanger, Nyrud","Enobbe","Omyrti"
"S.-Varanger, Nyrud","Enobbe","Ogalla"
"Skutevik","Enobbe","Oarcti"
"S.-Varanger, Nyrud","Enobbe","Emyrti"
"S.-Varanger, Nyrud","Enobbe","Hscapr"
"S.-Varanger, Nyrud","Enobbe","Hleuco"
"S.-Varanger, Vaggatem, Elentj.","Enobbe","Hnudip"
"S.-Varanger, Vaggatem, Elentj.","Enobbe","Hischn"
"S.-Varanger, Nyrud","Enobbe","Hischn"
"S.-Varanger, Nyrud","Enobbe","Hnudip"
"S.-Varanger, Nyrud","Enobbe","Htuber"
"S.-Varanger, Vaggatem","Enobbe","Hscapr"
"S.-Varanger, Vaggatem","Enobbe","Hnudip"
"Skutevik","Enobbe","Hanoma"
"Skutevik","Enobbe","Heryth"
"Skutevik","Enobbe","Halien"
"Skutevik","Enobbe","Eaurit"
"Schwarzwald, Altglashütten","Enobbe","Heryth"
"Schwarzwald, Altglashütten","Enobbe","Halien"
"Fauske","Enobbe","Hcarin"
"Preetz, Postsee","Enobbe","Hleuca"
"Preetz, Postsee","Enobbe","Hpruss"
"Griesheim bei Darmstadt","Epygma","Ovimin"
"Griesheim bei Darmstadt","Epygma","Ogalla"
"Griesheim bei Darmstadt","Epygma","Obridg"
"Griesheim bei Darmstadt","Epygma","Ovesic"
"Griesheim bei Darmstadt","Epygma","Oviril"
"Griesheim bei Darmstadt","Epygma","Opedun"
"Griesheim bei Darmstadt","Epygma","Hangli"
"Brandbu","Epygma","Onigri"
"Korgfjellet","Epygma","Oglauc"
"Korgfjellet","Epygma","Onival"
"Korgfjellet","Epygma","Oglabr"
"Korgfjellet","Epygma","Oretic"
"Ramfjorden","Epygma","Onorve"
"Korgfjellet","Epygma","Ohasta"
"Gramai-Alm","Epygma","Oelaea"
"Gramai-Alm","Epygma","Okriec"
"Gramai-Alm","Epygma","Oadaph"
"Tretten, Nordbu nr. Ringebu","Epygma","Oarcti"
"Peer Gynt veien I","Epygma","Oglabr"
"Peer Gynt veien I","Epygma","Onival"
"Peer Gynt veien I","Epygma","Ohasta"
"Peer Gynt veien II","Epygma","Olappo"
"Tretten, Nordbu nr. Ringebu","Epygma","Onival"
"Tretten, Nordbu nr. Ringebu","Epygma","Olappo"
"Tretten, Nordbu nr. Ringebu","Epygma","Olappl"
"Peer Gynt veien II","Epygma","Onival"
"Peer Gynt veien II","Epygma","Oglauc"
"Korgfjellet","Epygma","Olappo"
"Lofot, Sandsletta","Epygma","Evenus"
"Bardu","Epygma","Oarcti"
"Lofot, Sandsletta","Epygma","Ogalla"
"Lofot, Sandsletta","Epygma","Onival"
"Ramfjorden","Epygma","Olappo"
"Ramfjorden","Epygma","Olappl"
"Ramfjorden","Epygma","Osamol"
"Alta, Baeskades","Epygma","Oglabr"
"Alta, Baeskades","Epygma","Onival"
"Alta, Baeskades","Epygma","Osamol"
"Alta, Baeskades","Epygma","Oarcti"
"Alta, Baeskades","Epygma","Oherba"
"Korgfjellet","Epygma","Omyrsi"
"Korgfjellet","Epygma","Ospeit"
"Korgfjellet","Epygma","Elappc"
"Korgfjellet","Epygma","Elappo"
"Peer Gynt veien I","Epygma","Olappo"
"Peer Gynt veien I","Epygma","Olappl"
"Peer Gynt veien I","Epygma","Opustu"
"Ifjordfjellet / Gilojokka","Epygma","Oglabr"
"Ifjordfjellet / Gilojokka","Epygma","Ovaria"
"Ifjordfjellet / Gilojokka","Epygma","Onival"
"Ifjordfjellet / Gilojokka","Epygma","Oarcti"
"Ifjordfjellet / Gilojokka","Epygma","Odolic"
"Ifjordfjellet / Gilojokka","Epygma","Olappo"
"Ifjordfjellet / Gilojokka","Epygma","Osamol"
"Ifjordfjellet / Gilojokka","Epygma","Olappl"
"Korgfjellet","Epygma","Osamol"
"Korgfjellet","Epygma","Olappl"
"Korgfjellet","Epygma","Eboreo"
"Gramai-Alm","Epygma","Eelaea"
"Ifjordfjellet / Gilojokka","Epygma","Elanat"
"Alta, Baeskades","Epygma","Elappo"
"Alta, Baeskades","Epygma","Olappl"
"Alta, Baeskades","Epygma","Eboreo"
"Lofot, Sandsletta","Epygma","Hleuco"
"Lofot, Sandsletta","Epygma","Obridg"
"Lofot, Sandsletta","Epygma","Elappo"
"Lofot, Sandsletta","Epygma","Elappc"
"Korgfjellet","Epygma","Elanat"
"Griesheim bei Darmstadt","Epygma","Epurpu"
"Griesheim bei Darmstadt","Epygma","Hpolit"
"Griesheim bei Darmstadt","Epygma","Hpruss"
"Griesheim bei Darmstadt","Epygma","Hleuca"
"Korgfjellet","Epygma","Hplicg"
"Ifjordfjellet / Gilojokka","Epygma","Hplicg"
"Ifjordfjellet / Gilojokka","Epygma","Hnudip"
"Lofot, Sandsletta","Epygma","Hplicg"
"Ifjordfjellet / Gilojokka","Epygma","Eboreo"
"Tretten, Nordbu nr. Ringebu","Epygma","Eboreo"
"Peer Gynt veien I","Epygma","Osamol"
"Peer Gynt veien I","Epygma","Elappo"
"Peer Gynt veien II","Epygma","Hplicp"
"Tretten, Nordbu nr. Ringebu","Epygma","Elappo"
"Tretten, Nordbu nr. Ringebu","Epygma","Hacuti"
"Tretten, Nordbu nr. Ringebu","Epygma","Hplicg"
"Tretten, Nordbu nr. Ringebu","Epygma","Hsglau"
"Tretten, Nordbu nr. Ringebu","Epygma","Hplicl"
"Etzen","Eridol","Eweiff"
"Ifjordfjellet II","Eridol","Odolic"
"Ifjordfjellet II","Eridol","Oglauc"
"Ifjordfjellet II","Eridol","Hplicg"
"Etzen","Eridol","Eaurit"
"Etzen","Eridol","Ocolla"
"Kühkopf, Mordhecke I","Esalic","Ovimin"
"Griesheim bei Darmstadt","Esalic","Ovimin"
"Griesheim bei Darmstadt","Esalic","Ogalla"
"Griesheim bei Darmstadt","Esalic","Obridg"
"Griesheim bei Darmstadt","Esalic","Ovesic"
"Kühkopf, Mordhecke I","Esalic","Ovesic"
"Kühkopf, Mordhecke I","Esalic","Opedun"
"Kühkopf, Mordhecke I","Esalic","Obella"
"Kühkopf, Mordhecke III","Esalic","Oproxi"
"Kühkopf, Mordhecke III","Esalic","Ovimin"
"Kühkopf, Mordhecke I","Esalic","Oproxi"
"Kühkopf, Mordhecke I","Esalic","Obridg"
"Griesheim bei Darmstadt","Esalic","Oviril"
"Griesheim bei Darmstadt","Esalic","Opedun"
"Taunus, Usingen","Esalic","Oproxi"
"Taunus, Usingen","Esalic","Ogalla"
"Ötztal, Obergurgl","Esalic","Ohasta"
"Ötztal, Obergurgl","Esalic","Ovaria"
"Obergoms, Obergesteln","Esalic","Oviril"
"Taunus, Usingen","Esalic","Obridg"
"Griesheim bei Darmstadt","Esalic","Hangli"
"Obergoms, Obergesteln","Esalic","Otrian"
"Obergoms, Obergesteln","Esalic","Oadaph"
"Nymindegab","Esalic","Ocolla"
"Nymindegab","Esalic","Obridg"
"Nymindegab","Esalic","Opedun"
"Kühkopf, Mordhecke I","Esalic","Oviril"
"Limeshain, Rommelhausen","Esalic","Opedun"
"Limeshain, Rommelhausen","Esalic","Otrian"
"Preetz, Postsee","Esalic","Oadaph"
"Preetz, Postsee","Esalic","Opedun"
"Vejersstrand","Esalic","Ocolla"
"Gramai-Alm","Esalic","Oelaea"
"Gramai-Alm","Esalic","Okriec"
"Gramai-Alm","Esalic","Oadaph"
"Falzthurn-Alm","Esalic","Okriec"
"Falzthurn-Alm","Esalic","Oelaea"
"Falzthurn-Alm","Esalic","Ovesic"
"Falzthurn-Alm","Esalic","Ovimin"
"Falzthurn-Alm","Esalic","Ovaria"
"Falzthurn-Alm","Esalic","Oadaph"
"Kühkopf, Mordhecke I","Esalic","Hpruss"
"Kühkopf, Mordhecke III","Esalic","Oviril"
"Ötztal, Obergurgl","Esalic","Onival"
"Falzthurn-Alm","Esalic","Eelaea"
"Gramai-Alm","Esalic","Eelaea"
"Ötztal, Obergurgl","Esalic","Hplicg"
"Ötztal, Obergurgl","Esalic","Ehasta"
"Eberswalde","Esalic","Enigri"
"Ötztal, Obergurgl","Esalic","Eboreo"
"Neiden","Esalic","Elanat"
"Neiden","Esalic","Ovaria"
"Neiden","Esalic","Oglabr"
"Neiden","Esalic","Oarcti"
"S.-Varanger, Svanvik","Esalic","Omyrti"
"Neiden","Esalic","Hischn"
"S.-Varanger, Svanvik","Esalic","Elappo"
"Obergoms, Oberwald","Esalic","Epurpu"
"Obergoms, Oberwald","Esalic","Ovesic"
"Mattertal, Täsch","Esalic","Ovimin"
"Mattertal, Täsch","Esalic","Epurpu"
"Mattertal, Täsch","Esalic","Oadaph"
"Obergoms, Obergesteln","Esalic","Edaphn"
"Obergoms, Obergesteln","Esalic","Ovesic"
"Obergoms, Obergesteln","Esalic","Epurpu"
"Nufenenpaß, Val de Bedretto I","Esalic","Okriec"
"Nufenenpaß, Val de Bedretto I","Esalic","Ovesic"
"Nufenenpaß, Val de Bedretto I","Esalic","Eelaea"
"Nufenenpaß, Val de Bedretto I","Esalic","Epurpu"
"Nufenenpaß, Val de Bedretto I","Esalic","Ovimin"
"Nufenenpaß, Val de Bedretto II","Esalic","Eelaea"
"Nufenenpaß, Val de Bedretto II","Esalic","Okriec"
"Obergoms, Oberwald","Esalic","Edaphn"
"Obergoms, Oberwald","Esalic","Oadaph"
"Kühkopf, Mordhecke I","Esalic","Eatraa"
"Kühkopf, Mordhecke III","Esalic","Eatraa"
"Kühkopf, Mordhecke III","Esalic","Eangus"
"Griesheim bei Darmstadt","Esalic","Epurpu"
"Mörfelden, Baggersee","Esalic","Hpolit"
"Kühkopf, Mordhecke I","Esalic","Hpolit"
"Griesheim bei Darmstadt","Esalic","Hpolit"
"Mörfelden, Baggersee","Esalic","Hoblit"
"Mörfelden, Baggersee","Esalic","Hleuca"
"Limeshain, Rommelhausen","Esalic","Hpolit"
"Limeshain, Rommelhausen","Esalic","Heryth"
"Limeshain, Rommelhausen","Esalic","Halien"
"Obergoms, Obergesteln","Esalic","Hpolit"
"Taunus, Usingen","Esalic","Halien"
"Taunus, Usingen","Esalic","Hleuca"
"Taunus, Usingen","Esalic","Eatraa"
"Mörfelden, Baggersee","Esalic","Eatraa"
"Obergoms, Obergesteln","Esalic","Hplicd"
"Preetz, Postsee","Esalic","Etesta"
"St. Peter-Ording","Esalic","Eweiff"
"St. Peter-Ording","Esalic","Ocolla"
"Preetz, Postsee","Esalic","Oproxi"
"Tauernpaß, Untertauern II","Esalic","Oobscu"
"Preetz, Postsee","Esalic","Eatraa"
"Griesheim bei Darmstadt","Esalic","Hpruss"
"Griesheim bei Darmstadt","Esalic","Hleuca"
"Tauernpaß, Untertauern II","Esalic","Hischn"
"Tauernpaß, Untertauern II","Esalic","Eelaea"
"Ötztal, Obergurgl","Esalic","Epurpu"
"Schrems-Pürbach","Esalic","Evenus"
"Schrems-Pürbach","Esalic","Emucro"
"Preetz, Postsee","Esalic","Esubge"
"Preetz, Postsee","Esalic","Egemmc"
"Etzen","Esalic","Eweiff"
"S.-Varanger, Svanvik","Esalic","Esmyrt"
"S.-Varanger, Svanvik","Esalic","Esmyrs"
"S.-Varanger, Svanvik","Esalic","Emyrti"
"Limeshain, Rommelhausen","Esalic","Emucro"
"Schrems-Pürbach","Esalic","Eaurit"
"Etzen","Esalic","Eaurit"
"Etzen","Esalic","Ocolla"
"Schrems-Pürbach","Esalic","Obella"
"Rappottenstein, Edmühle","Esalic","Eatraa"
"Annaberg","Esalic","Eelaea"
"Purath nr. Arbesbach","Esalic","Emucro"
"Arbesbach I","Esalic","Eaurit"
"Arbesbach I","Esalic","Emucro"
"Arbesbach II","Esalic","Eaurit"
"Arbesbach II","Esalic","Emucro"
"Altenstadt, Nidder","Esalic","Eatraa"
"Zillis","Esalic","Okriec"
"Zillis","Esalic","Ovimin"
"Zillis","Esalic","Ovesic"
"Zillis","Esalic","Evenus"
"Zillis","Esalic","Edaphn"
"Zillis","Esalic","Enigri"
"Zillis","Esalic","Hischn"
"Zillis","Esalic","Eelaea"
"Ried / Oberinntal","Esalic","Etesta"
"Zillis","Esalic","Hleuco"
"Großgerungs","Esalic","Eciner"
"St. Ulrichs","Esalic","Eciner"
"Rastenfeld","Esalic","Epurpu"
"Rastenfeld","Esalic","Hpurpu"
"Nymindegab","Esalic","Eweiff"
"Vejersstrand","Esalic","Eweiff"
"Nigardsbreen nr. Gaupne","Esalic","Emyrsi"
"Limeshain, Rommelhausen","Esalic","Hpruss"
"Limeshain, Rommelhausen","Esalic","Hleuca"
"Preetz, Postsee","Esalic","Hleuca"
"Preetz, Postsee","Esalic","Hpruss"
"Vejersstrand","Esalic","Hpruss"
"Nymindegab","Esalic","Hpruss"
"Nymindegab","Esalic","Hleuca"
"Nymindegab","Esalic","Hangli"
"Vejersstrand","Esalic","Hleuca"
"Vejersstrand","Esalic","Hangli"
"Kilianstätten","Espone","Hpolit"
"Kilianstätten","Espone","Hangli"
"Lapphaugen bei Bardu","Etaige","Ohasta"
"Lapphaugen bei Bardu","Etaige","Oglabr"
"Lapphaugen bei Bardu","Etaige","Onival"
"Lapphaugen bei Bardu","Etaige","Ovaria"
"Lapphaugen bei Bardu","Etaige","Onigri"
"Lapphaugen bei Bardu","Etaige","Ehasta"
"Lapphaugen bei Bardu","Etaige","Elanat"
"Lapphaugen bei Bardu","Etaige","Elappo"
"Lapphaugen bei Bardu","Etaige","Osamol"
"Lapphaugen bei Bardu","Etaige","Olappl"
"Lapphaugen bei Bardu","Etaige","Eboreo"
"Lapphaugen bei Bardu","Etaige","Emyrsi"
"Lapphaugen bei Bardu","Etaige","Hplicg"
"Lapphaugen bei Bardu","Etaige","Htuber"
"Lapphaugen bei Bardu","Etaige","Hnudip"
"Kühkopf, Mordhecke I","Etorym","Ovimin"
"Griesheim bei Darmstadt","Etorym","Ovimin"
"Griesheim bei Darmstadt","Etorym","Ogalla"
"Griesheim bei Darmstadt","Etorym","Obridg"
"Griesheim bei Darmstadt","Etorym","Ovesic"
"Kühkopf, Mordhecke I","Etorym","Ovesic"
"Kühkopf, Mordhecke I","Etorym","Opedun"
"Taunus, Hunoldstal","Etorym","Oproxi"
"Taunus, Hunoldstal","Etorym","Ovimin"
"Frankfurt, Riedwiese","Etorym","Opedun"
"Frankfurt, Riedwiese","Etorym","Obridg"
"Frankfurt, Riedwiese","Etorym","Ovimin"
"Kühkopf, Mordhecke I","Etorym","Obella"
"Kühkopf, Mordhecke III","Etorym","Oproxi"
"Ötztal, Sölden/ Rechenau","Etorym","Obridg"
"Ötztal, Vent/ Gample","Etorym","Ohasta"
"Ötztal, Vent/ Gample","Etorym","Onigri"
"Ötztal, Vent/ Gample","Etorym","Ovaria"
"Ötztal, Vent/ Gample","Etorym","Obridg"
"Ötztal, Vent/ Gample","Etorym","Onival"
"Zillertal, Hintertux/ Weitental","Etorym","Ovaria"
"Zillertal, Hintertux/ Weitental","Etorym","Onigri"
"Zillertal, Hintertux/ Weitental","Etorym","Ovesic"
"Zillertal, Hintertux/ Weitental","Etorym","Oobscu"
"Zillertal, Hintertux/ Weitental","Etorym","Ofoeti"
"Zillertal, Hintertux/ Weitental","Etorym","Obridg"
"Olperer","Etorym","Oretus"
"Kühkopf, Mordhecke III","Etorym","Ovimin"
"Kühkopf, Mordhecke I","Etorym","Oproxi"
"Zillertal, Hintertux/ Weitental","Etorym","Oretus"
"Zillertal, Hintertux/ Weitental","Etorym","Ovimin"
"Zillertal, Hintertux/ Weitental","Etorym","Oretic"
"Ötztal, Vent/ Gample","Etorym","Omacul"
"Zillertal, Hintertux/ Weitental","Etorym","Omonti"
"Zillertal, Hintertux/ Weitental","Etorym","Eelaea"
"Kühkopf, Mordhecke I","Etorym","Obridg"
"Griesheim bei Darmstadt","Etorym","Oviril"
"Griesheim bei Darmstadt","Etorym","Opedun"
"Ötztal, Vent/ Gample","Etorym","Ohelve"
"Zillertal, Lanersbach","Etorym","Onigri"
"Zillertal, Lanersbach","Etorym","Oadaph"
"Zillertal, Lanersbach","Etorym","Ovaria"
"Ötztal, Obergurgl","Etorym","Ohasta"
"Ötztal, Obergurgl","Etorym","Ovaria"
"Schwarzwald, Schluchsee","Etorym","Ovaria"
"Obergoms, Obergesteln","Etorym","Oviril"
"Griesheim bei Darmstadt","Etorym","Hangli"
"Obergoms, Reckingen","Etorym","Ovesic"
"Obergoms, Reckingen","Etorym","Ovimin"
"Obergoms, Reckingen","Etorym","Oadaph"
"Obergoms, Reckingen","Etorym","Ohasta"
"Obergoms, Obergesteln","Etorym","Otrian"
"Obergoms, Obergesteln","Etorym","Oadaph"
"Obergoms, Gletsch","Etorym","Ohelve"
"Obergoms, Gletsch","Etorym","Omacul"
"Leukerbad","Etorym","Okriec"
"Saastal, Mattmark","Etorym","Omacul"
"Saastal, Mattmark","Etorym","Ohasta"
"Saastal, Mattmark","Etorym","Ovaria"
"Saastal, Mattmark","Etorym","Obrevi"
"Saastal, Mattmark","Etorym","Oviril"
"Saastal, Mattmark","Etorym","Ovimin"
"Hospental","Etorym","Oadaph"
"Nufenenpaß, Paßhöhe I","Etorym","Oretus"
"Hospental","Etorym","Ohasta"
"Nufenenpaß, Paßhöhe I","Etorym","Omacul"
"Hospental","Etorym","Ovimin"
"Binntal nr. Fiesch","Etorym","Ofoeti"
"Binntal nr. Fiesch","Etorym","Ovaria"
"Binntal nr. Fiesch","Etorym","Oobscu"
"Binntal nr. Fiesch","Etorym","Omacul"
"Obergoms, Gletsch","Etorym","Onival"
"Obergoms, Gletsch","Etorym","Ohasta"
"Grimselpaß, Räterichsbodensee","Etorym","Onival"
"Grimselpaß, Grimselsee","Etorym","Egemmh"
"Nymindegab","Etorym","Ocolla"
"Nymindegab","Etorym","Obridg"
"Nymindegab","Etorym","Opedun"
"Dovrefjell","Etorym","Odolic"
"Dovrefjell","Etorym","Oarcti"
"Korgfjellet","Etorym","Oglauc"
"Korgfjellet","Etorym","Onival"
"Korgfjellet","Etorym","Oglabr"
"Korgfjellet","Etorym","Oretic"
"Karasjok","Etorym","Onorve"
"Karasjok","Etorym","Olappl"
"S.-Varanger, Vaggatem","Etorym","Oarcti"
"S.-Varanger, Vaggatem","Etorym","Ospset"
"S.-Varanger, Vaggatem","Etorym","Odolic"
"S.-Varanger, Vaggatem","Etorym","Onorve"
"S.-Varanger, Vaggatem","Etorym","Onival"
"Kirkenes","Etorym","Oarcti"
"Kirkenes","Etorym","Onival"
"S.-Varanger, Vaggatem","Etorym","Osamol"
"S.-Varanger, Vaggatem","Etorym","Omyrti"
"S.-Varanger, Vaggatem","Etorym","Emyrti"
"S.-Varanger, Vaggatem","Etorym","Ovaria"
"S.-Varanger, Vaggatem","Etorym","Oglabr"
"S.-Varanger, Nyrud","Etorym","Ovaria"
"S.-Varanger, Vaggatem","Etorym","Elappo"
"S.-Varanger, Vaggatem","Etorym","Elappc"
"Kafjordbotn","Etorym","Onorve"
"Ramfjorden","Etorym","Onorve"
"Korgfjellet","Etorym","Ohasta"
"Schwarzwald, Schluchsee","Etorym","Emucro"
"Schwarzwald, Feldberg","Etorym","Okriec"
"Schwarzwald, Schluchsee","Etorym","Obella"
"Schwarzwald, Feldberg","Etorym","Ogalla"
"Schwarzwald, Todtnau","Etorym","Ovimin"
"Schwarzwald, Todtnau","Etorym","Ovesic"
"S.-Varanger, Nyrud","Etorym","Oarcti"
"S.-Varanger, Vaggatem","Etorym","Ohasta"
"Kühkopf, Mordhecke I","Etorym","Oviril"
"Katinger Watt","Etorym","Ovimin"
"Katinger Watt","Etorym","Oproxi"
"Hennestrand","Etorym","Ocolla"
"Vejersstrand","Etorym","Ocolla"
"Norderney","Etorym","Ocolla"
"Norderney","Etorym","Oadaph"
"Jechtingen","Etorym","Oadaph"
"Gramai-Alm","Etorym","Oelaea"
"Gramai-Alm","Etorym","Okriec"
"Gramai-Alm","Etorym","Oadaph"
"Falzthurn-Alm","Etorym","Okriec"
"Falzthurn-Alm","Etorym","Oelaea"
"Falzthurn-Alm","Etorym","Ovesic"
"Falzthurn-Alm","Etorym","Ovimin"
"Falzthurn-Alm","Etorym","Ovaria"
"Falzthurn-Alm","Etorym","Oadaph"
"Gern-Alm","Etorym","Ovaria"
"Gern-Alm","Etorym","Ovimin"
"Gern-Alm","Etorym","Ovesic"
"Gern-Alm","Etorym","Okriec"
"Gern-Alm","Etorym","Oelaea"
"Gern-Alm","Etorym","Obridg"
"Zillertal, Hintertux/ Weitental","Etorym","Ohasta"
"Obergoms, Gletsch","Etorym","Oadaph"
"Obergoms, Gletsch","Etorym","Ovesic"
"Obergoms, Gletsch","Etorym","Ovimin"
"Obergoms, Gletsch","Etorym","Oviril"
"Obergoms, Gletsch","Etorym","Obridg"
"Ketsch","Etorym","Oproxi"
"Ketsch","Etorym","Ovimin"
"Korgfjellet","Etorym","Olappo"
"Ramfjorden","Etorym","Olappo"
"Ramfjorden","Etorym","Olappl"
"Ramfjorden","Etorym","Osamol"
"Kvaenangsbotn","Etorym","Ehasta"
"Kvaenangsbotn","Etorym","Ohasta"
"Alta, Baeskades","Etorym","Oglabr"
"Alta, Baeskades","Etorym","Onival"
"Alta, Baeskades","Etorym","Osamol"
"Alta, Baeskades","Etorym","Oarcti"
"Kilpisjärvi","Etorym","Oarcti"
"Alta, Baeskades","Etorym","Oherba"
"Kilpisjärvi","Etorym","Ohasta"
"Kilpisjärvi","Etorym","Osamol"
"Kilpisjärvi","Etorym","Ehasta"
"Kilpisjärvi","Etorym","Olappo"
"Kilpisjärvi","Etorym","Elappo"
"Torne Träsk, Abisko","Etorym","Oretic"
"Torne Träsk, Abisko","Etorym","Oherba"
"Oppdal","Etorym","Onorve"
"Oppdal","Etorym","Ephyli"
"Korgfjellet","Etorym","Omyrsi"
"Korgfjellet","Etorym","Ospeit"
"Korgfjellet","Etorym","Elappc"
"Korgfjellet","Etorym","Elappo"
"Dovrefjell","Etorym","Omyrsi"
"Tyssedal, Ringedalsvatn","Etorym","Ogalla"
"Kühkopf, Mordhecke I","Etorym","Hpruss"
"Kühkopf, Mordhecke III","Etorym","Oviril"
"Bad Aussee","Etorym","Ovaria"
"Bad Aussee","Etorym","Okriec"
"Obertauern I","Etorym","Onigri"
"Obertauern I","Etorym","Ovaria"
"Obertauern I","Etorym","Omonti"
"Obertauern I","Etorym","Ofoeti"
"Obertauern I","Etorym","Oobscu"
"Obertauern I","Etorym","Egemmf"
"Ötztal, Obergurgl","Etorym","Onival"
"Kruklanki","Etorym","Ovimin"
"Lapphaugen bei Bardu","Etorym","Ohasta"
"Lapphaugen bei Bardu","Etorym","Oglabr"
"Lapphaugen bei Bardu","Etorym","Onival"
"Lapphaugen bei Bardu","Etorym","Ovaria"
"Lapphaugen bei Bardu","Etorym","Onigri"
"N.-Varanger, Tanabru","Etorym","Oarcti"
"N.-Varanger, Tanabru","Etorym","Osamol"
"N.-Varanger, Tanabru","Etorym","Olappl"
"N.-Varanger, Tanabru","Etorym","Olappo"
"N.-Varanger, Sandfjord","Etorym","Omyrsi"
"N.-Varanger, Sandfjord","Etorym","Ovaria"
"N.-Varanger, Sandfjord","Etorym","Onival"
"Kilpisjärvi","Etorym","Odolic"
"Torne Träsk, Abisko","Etorym","Oglabr"
"Polarkreis, Krokstrand","Etorym","Oglabr"
"Polarkreis, Krokstrand","Etorym","Onival"
"Polarkreis, Krokstrand","Etorym","Ovaria"
"Polarkreis, Krokstrand","Etorym","Olappo"
"Polarkreis, Krokstrand","Etorym","Osamol"
"Polarkreis, Krokstrand","Etorym","Elappo"
"Polarkreis, Krokstrand","Etorym","Olappl"
"Korgfjellet","Etorym","Osamol"
"Korgfjellet","Etorym","Olappl"
"Korgfjellet","Etorym","Eboreo"
"Dovrefjell","Etorym","Elappo"
"Dovrefjell","Etorym","Olappo"
"Dovrefjell","Etorym","Olappl"
"Dovrefjell","Etorym","Osamol"
"Dovrefjell","Etorym","Onival"
"Obertauern I","Etorym","Hischn"
"Obertauern I","Etorym","Emyrsi"
"Obertauern I","Etorym","Ehasta"
"Zillertal, Hintertux/ Weitental","Etorym","Egemmf"
"Falzthurn-Alm","Etorym","Eelaea"
"Gramai-Alm","Etorym","Eelaea"
"Gern-Alm","Etorym","Eelaea"
"Halltal","Etorym","Okriec"
"Ötztal, Vent/ Gample","Etorym","Hcarin"
"Ötztal, Vent/ Gample","Etorym","Ehasta"
"Ötztal, Vent/ Gample","Etorym","Eboreo"
"Ötztal, Vent/ Gample","Etorym","Egemmh"
"Ötztal, Obergurgl","Etorym","Hplicg"
"Ötztal, Obergurgl","Etorym","Ehasta"
"Grimselpaß, Räterichsbodensee","Etorym","Egemmh"
"Grimselpaß, Räterichsbodensee","Etorym","Hspirh"
"Grimselpaß, Räterichsbodensee","Etorym","Omacul"
"Grimselpaß, Räterichsbodensee","Etorym","Ehasta"
"Grimselpaß, Räterichsbodensee","Etorym","Ohasta"
"Grimselpaß, Räterichsbodensee","Etorym","Hplicg"
"Saastal, Mattmark","Etorym","Ehasta"
"Nufenenpaß, Paßhöhe I","Etorym","Egemmh"
"Nufenenpaß, Paßhöhe I","Etorym","Oobscu"
"Nufenenpaß, Paßhöhe I","Etorym","Oretic"
"Nufenenpaß, Paßhöhe I","Etorym","Egemmf"
"Ötztal, Obergurgl","Etorym","Eboreo"
"Saastal, Mattmark","Etorym","Egemmf"
"Saastal, Mattmark","Etorym","Emyrsi"
"Nufenenpaß, Paßhöhe I","Etorym","Hspirh"
"Lapphaugen bei Bardu","Etorym","Ehasta"
"Lapphaugen bei Bardu","Etorym","Elanat"
"Lapphaugen bei Bardu","Etorym","Elappo"
"Neiden","Etorym","Elanat"
"Lapphaugen bei Bardu","Etorym","Osamol"
"Lapphaugen bei Bardu","Etorym","Olappl"
"Lapphaugen bei Bardu","Etorym","Eboreo"
"Neiden","Etorym","Ovaria"
"Neiden","Etorym","Oglabr"
"Neiden","Etorym","Oarcti"
"S.-Varanger, Svanvik","Etorym","Omyrti"
"Neiden","Etorym","Hischn"
"S.-Varanger, Svanvik","Etorym","Elappo"
"N.-Varanger, Tanabru","Etorym","Ephyli"
"N.-Varanger, Tanabru","Etorym","Ohasta"
"N.-Varanger, Tanabru","Etorym","Elanat"
"N.-Varanger, Tanabru","Etorym","Odolic"
"N.-Varanger, Tanabru","Etorym","Ehasta"
"Alta, Baeskades","Etorym","Elappo"
"Alta, Baeskades","Etorym","Olappl"
"Alta, Baeskades","Etorym","Eboreo"
"Torne Träsk, Abisko","Etorym","Eboreo"
"Torne Träsk, Abisko","Etorym","Onival"
"Torne Träsk, Abisko","Etorym","Ehasta"
"Torne Träsk, Abisko","Etorym","Ohasta"
"Torne Träsk, Abisko","Etorym","Oarcti"
"Torne Träsk, Abisko","Etorym","Ephyli"
"Torne Träsk, Abisko","Etorym","Hnudip"
"Torne Träsk, Abisko","Etorym","Odolic"
"Torne Träsk, Abisko","Etorym","Emyrsi"
"Torne Träsk, Abisko","Etorym","Ovaria"
"Torne Träsk, Abisko","Etorym","Hischn"
"Torne Träsk, Abisko","Etorym","Onigri"
"Polarkreis, Krokstrand","Etorym","Elappc"
"Polarkreis, Krokstrand","Etorym","Eboreo"
"Korgfjellet","Etorym","Elanat"
"Vikafjell bei Viksöyri","Etorym","Eboreo"
"Vikafjell bei Viksöyri","Etorym","Onival"
"Vikafjell bei Viksöyri","Etorym","Elappo"
"Vikafjell bei Viksöyri","Etorym","Osamol"
"Vikafjell bei Viksöyri","Etorym","Olappl"
"Vikafjell bei Viksöyri","Etorym","Elappc"
"Vikafjell bei Viksöyri","Etorym","Olappo"
"Maltatal I","Etorym","Hplicd"
"Maltatal I","Etorym","Edaphn"
"Maltatal I","Etorym","Eelaea"
"Maltatal I","Etorym","Oadaph"
"Obertauern II","Etorym","Hspira"
"Obertauern II","Etorym","Ofoeti"
"Obertauern II","Etorym","Oobscu"
"Obertauern II","Etorym","Omonti"
"Obertauern II","Etorym","Egemmf"
"Zederhaustal, Oberweißburg","Etorym","Hplicd"
"Zederhaustal, Oberweißburg","Etorym","Edaphn"
"Zederhaustal, Oberweißburg","Etorym","Oproxi"
"Zederhaustal, Oberweißburg","Etorym","Oadaph"
"Murtal, Muhr","Etorym","Ovesic"
"Murtal, Muhr","Etorym","Hpolit"
"Murtal, Muhr","Etorym","Ovimin"
"Tauernpaß, Tweng","Etorym","Hplicd"
"Tauernpaß, Tweng","Etorym","Okriec"
"Obertauern I","Etorym","Obridg"
"Tauernpaß, Tweng","Etorym","Oadaph"
"Tauernpaß, Tweng","Etorym","Eelaea"
"Obergoms, Oberwald","Etorym","Epurpu"
"Obergoms, Oberwald","Etorym","Ovesic"
"Obergoms, Gletsch","Etorym","Egemmh"
"Grimselpaß, Grimselsee","Etorym","Omacul"
"Grimselpaß, Grimselsee","Etorym","Eboreo"
"Grimselpaß, Grimselsee","Etorym","Onival"
"Grimselpaß, Grimselsee","Etorym","Ohasta"
"Saastal, Mattmark","Etorym","Egemmh"
"Grimselpaß, Grimselsee","Etorym","Ehasta"
"Mattertal, Täsch","Etorym","Ovimin"
"Saastal, Mattmark","Etorym","Ofoeti"
"Mattertal, Täsch","Etorym","Epurpu"
"Mattertal, Täsch","Etorym","Oadaph"
"Obergoms, Obergesteln","Etorym","Edaphn"
"Obergoms, Obergesteln","Etorym","Ovesic"
"Obergoms, Obergesteln","Etorym","Epurpu"
"Nufenenpaß, Val de Bedretto I","Etorym","Okriec"
"Nufenenpaß, Val de Bedretto I","Etorym","Ovesic"
"Nufenenpaß, Val de Bedretto I","Etorym","Eelaea"
"Nufenenpaß, Val de Bedretto I","Etorym","Epurpu"
"Nufenenpaß, Val de Bedretto I","Etorym","Ovimin"
"Nufenenpaß, Val de Bedretto II","Etorym","Eelaea"
"Nufenenpaß, Val de Bedretto II","Etorym","Okriec"
"Obergoms, Oberwald","Etorym","Edaphn"
"Obergoms, Oberwald","Etorym","Oadaph"
"Kühkopf, Mordhecke I","Etorym","Eatraa"
"Kühkopf, Mordhecke III","Etorym","Eatraa"
"Kühkopf, Mordhecke III","Etorym","Eangus"
"Griesheim bei Darmstadt","Etorym","Epurpu"
"Kühkopf, Mordhecke I","Etorym","Hpolit"
"Griesheim bei Darmstadt","Etorym","Hpolit"
"Ortenberg I","Etorym","Hoblit"
"Ortenberg I","Etorym","Hangli"
"Ortenberg I","Etorym","Hpolit"
"Paso di Gavia, Pezzo","Etorym","Ovimin"
"Nufenenpaß, Paßhöhe I","Etorym","Ofoeti"
"Nufenenpaß, Paßhöhe I","Etorym","Ohasta"
"Obertauern I","Etorym","Oadaph"
"Obergoms, Obergesteln","Etorym","Hpolit"
"Taunus, Hunoldstal","Etorym","Hleuca"
"Nufenenpaß, Paßhöhe I","Etorym","Epurpu"
"Paso di Gavia, Pezzo","Etorym","Hischn"
"Ötztal, Vent/ Gample","Etorym","Hplicg"
"Paso di Gavia, Pezzo","Etorym","Hpolit"
"Ötztal, Vent/ Gample","Etorym","Hspira"
"Grimselpaß, Grimselsee","Etorym","Hspirh"
"Grimselpaß, Grimselsee","Etorym","Hplicg"
"Nufenenpaß, Paßhöhe I","Etorym","Htuber"
"Obergoms, Obergesteln","Etorym","Hplicd"
"Obertauern I","Etorym","Hplicd"
"Griesheim bei Darmstadt","Etorym","Hpruss"
"Griesheim bei Darmstadt","Etorym","Hleuca"
"Ötztal, Vent/ Gample","Etorym","Hischn"
"Ötztal, Vent/ Gample","Etorym","Egemmf"
"Ötztal, Obergurgl","Etorym","Epurpu"
"Hospental","Etorym","Emyrsi"
"Grimselpaß, Räterichsbodensee","Etorym","Egemmc"
"Etzen","Etorym","Eweiff"
"S.-Varanger, Nyrud","Etorym","Evenus"
"S.-Varanger, Nyrud","Etorym","Ospset"
"N.-Varanger, Sandfjord","Etorym","Oherba"
"N.-Varanger, Sandfjord","Etorym","Oretic"
"Lavangsdalen","Etorym","Obridg"
"Lavangsdalen","Etorym","Ogalla"
"Lavangsdalen","Etorym","Evenus"
"Ortenberg I","Etorym","Oproxi"
"Ortenberg I","Etorym","Ovimin"
"Riu di Pula, bei Cagliari","Etorym","Ovimin"
"N.-Varanger, Tanabru","Etorym","Elappo"
"S.-Varanger, Vaggatem","Etorym","Esmyrt"
"S.-Varanger, Nyrud","Etorym","Elappo"
"S.-Varanger, Svanvik","Etorym","Esmyrt"
"S.-Varanger, Svanvik","Etorym","Esmyrs"
"S.-Varanger, Svanvik","Etorym","Emyrti"
"Kafjordbotn","Etorym","Ehasta"
"Kilpisjärvi","Etorym","Elanat"
"Kilpisjärvi","Etorym","Eboreo"
"Kilpisjärvi","Etorym","Elappc"
"Kilpisjärvi","Etorym","Ephyli"
"Torne Träsk, Abisko","Etorym","Esmyrs"
"Lapphaugen bei Bardu","Etorym","Emyrsi"
"Polarkreis, Krokstrand","Etorym","Elanat"
"Lavangsdalen","Etorym","Ehasta"
"Korgfjellet","Etorym","Hplicg"
"Etzen","Etorym","Eaurit"
"Dachsteingebirge, Hoferalm b. Filzmos","Etorym","Okriec"
"Etzen","Etorym","Ocolla"
"Annaberg, Tennengau","Etorym","Ovaria"
"Schremser Moor","Etorym","Obella"
"Tauernpaß, Tweng","Etorym","Edaphn"
"Tauernpaß, Tweng","Etorym","Eappen"
"Obertauern II","Etorym","Eelaea"
"Dachsteingebirge, Hoferalm b. Filzmos","Etorym","Hpolit"
"Schremser Moor","Etorym","Heryth"
"Zillis","Etorym","Okriec"
"Zillis","Etorym","Ovimin"
"Hartheim","Etorym","Ovimin"
"Honau","Etorym","Ovaria"
"Honau","Etorym","Ovimin"
"Zillis","Etorym","Ovesic"
"Zillis","Etorym","Evenus"
"Juppa","Etorym","Obrevi"
"Juppa","Etorym","Ovaria"
"Juppa","Etorym","Ofoeti"
"Juppa","Etorym","Oobscu"
"Juppa","Etorym","Egemmf"
"Zillis","Etorym","Edaphn"
"Zillis","Etorym","Enigri"
"Hartheim","Etorym","Oproxi"
"Hartheim","Etorym","Hangli"
"Honau","Etorym","Hoblit"
"Honau","Etorym","Hpolit"
"Honau","Etorym","Hpruss"
"Zillis","Etorym","Hischn"
"Juppa","Etorym","Hischn"
"Zillis","Etorym","Eelaea"
"Hartheim","Etorym","Ovesic"
"Honau","Etorym","Oproxi"
"Juppa","Etorym","Oretic"
"Hartheim","Etorym","Hoblit"
"Zillis","Etorym","Hleuco"
"Honau","Etorym","Hangli"
"S.-Varanger, Nyrud","Etorym","Omyrti"
"S.-Varanger, Nyrud","Etorym","Ogalla"
"S.-Varanger, Nyrud","Etorym","Emyrti"
"Dovrefjell","Etorym","Hnudip"
"N.-Varanger, Sandfjord","Etorym","Hplicg"
"Karasjok","Etorym","Hplicp"
"Karasjok","Etorym","Hnudip"
"N.-Varanger, Tanabru","Etorym","Hnudip"
"N.-Varanger, Tanabru","Etorym","Hischn"
"S.-Varanger, Nyrud","Etorym","Hscapr"
"S.-Varanger, Nyrud","Etorym","Hleuco"
"S.-Varanger, Nyrud","Etorym","Hischn"
"S.-Varanger, Nyrud","Etorym","Hnudip"
"S.-Varanger, Nyrud","Etorym","Htuber"
"Vikafjell bei Viksöyri","Etorym","Hacuti"
"S.-Varanger, Vaggatem","Etorym","Hscapr"
"S.-Varanger, Vaggatem","Etorym","Hnudip"
"Lapphaugen bei Bardu","Etorym","Hplicg"
"Lapphaugen bei Bardu","Etorym","Htuber"
"Kilpisjärvi","Etorym","Hnudip"
"Kilpisjärvi","Etorym","Hacuti"
"Kilpisjärvi","Etorym","Hplicg"
"Kilpisjärvi","Etorym","Hischn"
"Kilpisjärvi","Etorym","Htuber"
"Lapphaugen bei Bardu","Etorym","Hnudip"
"Vikafjell bei Viksöyri","Etorym","Hplicg"
"Ramsau, Silberklamm","Etorym","Ovaria"
"Ramsau, Silberklamm","Etorym","Okriec"
"Ramsau, Silberklamm","Etorym","Hpolit"
"Ramsau, Silberklamm","Etorym","Hischn"
"Ramsau, Silberklamm","Etorym","Hspira"
"Ramsau, Silberklamm","Etorym","Hpurpu"
"Ramsau, Silberklamm","Etorym","Hplicd"
"Ramsau, Silberklamm","Etorym","Hpscho"
"Misvaerfjorden, Misvaer","Etorym","Ovaria"
"Dovrefjell, Grönbakken","Etorym","Omyrsi"
"Dovrefjell, Grönbakken","Etorym","Esmyrs"
"Dovrefjell, Grönbakken","Etorym","Hacuti"
"Dovrefjell, Grönbakken","Etorym","Hplicp"
"Dovrefjell, Grönbakken","Etorym","Odolic"
"Dovrefjell, Grönbakken","Etorym","Oarcti"
"Dovrefjell, Grönbakken","Etorym","Ephyli"
"Katinger Watt","Etorym","Opedun"
"Katinger Watt","Etorym","Hleuca"
"Katinger Watt","Etorym","Hpruss"
"Nymindegab","Etorym","Eweiff"
"Vejersstrand","Etorym","Eweiff"
"Ötztal, Vent/ Gample","Etorym","Htuber"
"Oppdal","Etorym","Evenus"
"Vikafjell bei Viksöyri","Etorym","Hsglau"
"Vejersstrand","Etorym","Hpruss"
"Nymindegab","Etorym","Hpruss"
"Nymindegab","Etorym","Hleuca"
"Nymindegab","Etorym","Hangli"
"Vejersstrand","Etorym","Hleuca"
"Vejersstrand","Etorym","Hangli"
"Vikafjell bei Viksöyri","Etorym","Hslana"
"Vikafjell bei Viksöyri","Etorym","Hplicl"
"Kühkopf, Mordhecke I","Etoxon","Ovimin"
"Griesheim bei Darmstadt","Etoxon","Ovimin"
"Griesheim bei Darmstadt","Etoxon","Ogalla"
"Griesheim bei Darmstadt","Etoxon","Obridg"
"Griesheim bei Darmstadt","Etoxon","Ovesic"
"Kühkopf, Mordhecke I","Etoxon","Ovesic"
"Kühkopf, Mordhecke I","Etoxon","Opedun"
"Taunus, Waldems-Reichenbach","Etoxon","Oproxi"
"Taunus, Waldems-Esch","Etoxon","Oproxi"
"Taunus, Hunoldstal","Etoxon","Oproxi"
"Taunus, Hunoldstal","Etoxon","Ovimin"
"Frankfurt, Riedwiese","Etoxon","Opedun"
"Frankfurt, Riedwiese","Etoxon","Obridg"
"Frankfurt, Riedwiese","Etoxon","Ovimin"
"Kühkopf, Mordhecke I","Etoxon","Obella"
"Kühkopf, Mordhecke III","Etoxon","Oproxi"
"Kühkopf, Mordhecke III","Etoxon","Ovimin"
"Kühkopf, Mordhecke I","Etoxon","Oproxi"
"Kühkopf, Mordhecke I","Etoxon","Obridg"
"Griesheim bei Darmstadt","Etoxon","Oviril"
"Griesheim bei Darmstadt","Etoxon","Opedun"
"Taunus, Usingen","Etoxon","Oproxi"
"Taunus, Usingen","Etoxon","Ogalla"
"Vogelsberg, Hoherodskopf","Etoxon","Obridg"
"Taunus, Usingen","Etoxon","Obridg"
"Griesheim bei Darmstadt","Etoxon","Hangli"
"Obergoms, Reckingen","Etoxon","Ovesic"
"Obergoms, Reckingen","Etoxon","Ovimin"
"Obergoms, Reckingen","Etoxon","Oadaph"
"Obergoms, Reckingen","Etoxon","Ohasta"
"Kühkopf, Mordhecke I","Etoxon","Oviril"
"Limeshain, Rommelhausen","Etoxon","Opedun"
"Limeshain, Rommelhausen","Etoxon","Otrian"
"Vogelsberg, Hoherodskopf","Etoxon","Opedun"
"Vogelsberg, Hoherodskopf","Etoxon","Hleuco"
"Kiel, Langsee","Etoxon","Opedun"
"Kiel, Langsee","Etoxon","Obridg"
"Howacht 1","Etoxon","Oproxi"
"Kiel, Dietrichsdorf","Etoxon","Ovimin"
"Kiel, Dietrichsdorf","Etoxon","Opedun"
"Kiel, Dietrichsdorf","Etoxon","Obridg"
"Kühkopf, Mordhecke I","Etoxon","Hpruss"
"Kühkopf, Mordhecke III","Etoxon","Oviril"
"Planneralm II","Etoxon","Ovaria"
"Planneralm II","Etoxon","Obridg"
"Bad Aussee","Etoxon","Ovaria"
"Bad Aussee","Etoxon","Okriec"
"Vogelsberg, Hoherodskopf","Etoxon","Ogalla"
"Kühkopf, Mordhecke I","Etoxon","Eatraa"
"Kühkopf, Mordhecke III","Etoxon","Eatraa"
"Kühkopf, Mordhecke III","Etoxon","Eangus"
"Griesheim bei Darmstadt","Etoxon","Epurpu"
"Kühkopf, Mordhecke I","Etoxon","Hpolit"
"Griesheim bei Darmstadt","Etoxon","Hpolit"
"Limeshain, Rommelhausen","Etoxon","Hpolit"
"Limeshain, Rommelhausen","Etoxon","Heryth"
"Limeshain, Rommelhausen","Etoxon","Halien"
"Vogelsberg, Hoherodskopf","Etoxon","Halien"
"Taunus, Dorfweil","Etoxon","Obridg"
"Paso del Maniva, Dosso Alto","Etoxon","Obridg"
"Taunus, Hunoldstal","Etoxon","Hleuca"
"Taunus, Usingen","Etoxon","Halien"
"Taunus, Usingen","Etoxon","Hleuca"
"Taunus, Dorfweil","Etoxon","Hpruss"
"Taunus, Usingen","Etoxon","Eatraa"
"Taunus, Dorfweil","Etoxon","Hleuca"
"Paso del Maniva, Dosso Alto","Etoxon","Hsglab"
"Kiel, Dietrichsdorf","Etoxon","Esubge"
"Griesheim bei Darmstadt","Etoxon","Hpruss"
"Griesheim bei Darmstadt","Etoxon","Hleuca"
"Limeshain, Rommelhausen","Etoxon","Emucro"
"Kiel, Dietrichsdorf","Etoxon","Egemmc"
"Kiel, Dietrichsdorf","Etoxon","Eciner"
"Grietherbusch / Dornick","Etoxon","Oproxi"
"Grietherbusch / Dornick","Etoxon","Otrian"
"Grietherbusch / Dornick","Etoxon","Hangli"
"Grietherbusch / Dornick","Etoxon","Hoblit"
"Kiel, Dietrichsdorf","Etoxon","Hangli"
"Kiel, Dietrichsdorf","Etoxon","Hleuca"
"Kiel, Dietrichsdorf","Etoxon","Hpruss"
"Wüstensachsen, NWR Stirnberg","Etoxon","Hpruss"
"Wüstensachsen, NWR Stirnberg","Etoxon","Hanoma"
"Wüstensachsen, NWR Stirnberg","Etoxon","Hleuco"
"Wüstensachsen, NWR Stirnberg","Etoxon","Halien"
"Wüstensachsen, NWR Stirnberg","Etoxon","Hleuca"
"Wüstensachsen, NWR Stirnberg","Etoxon","Heryth"
"Wüstensachsen, NWR Stirnberg","Etoxon","Obridg"
"Limeshain, Rommelhausen","Etoxon","Hpruss"
"Limeshain, Rommelhausen","Etoxon","Hleuca"
"Kiel, Dietrichsdorf","Etoxon","Hpolit"
"Kiel, Langsee","Etoxon","Hpruss"
"Kiel, Langsee","Etoxon","Hangli"
"Kiel, Langsee","Etoxon","Hleuca"
"Kühkopf, Mordhecke I","Eurozo","Ovimin"
"Griesheim bei Darmstadt","Eurozo","Ovimin"
"Griesheim bei Darmstadt","Eurozo","Ogalla"
"Griesheim bei Darmstadt","Eurozo","Obridg"
"Griesheim bei Darmstadt","Eurozo","Ovesic"
"Kühkopf, Mordhecke I","Eurozo","Ovesic"
"Kühkopf, Mordhecke I","Eurozo","Opedun"
"Kühkopf, Mordhecke I","Eurozo","Obella"
"Kühkopf, Mordhecke III","Eurozo","Oproxi"
"Kühkopf, Mordhecke III","Eurozo","Ovimin"
"Kühkopf, Mordhecke I","Eurozo","Oproxi"
"Kühkopf, Mordhecke I","Eurozo","Obridg"
"Griesheim bei Darmstadt","Eurozo","Oviril"
"Griesheim bei Darmstadt","Eurozo","Opedun"
"Ötztal, Vent/ Am Spiegel","Eurozo","Omacul"
"Griesheim bei Darmstadt","Eurozo","Hangli"
"Kühkopf, Mordhecke I","Eurozo","Oviril"
"Ötztal, Vent/ Am Spiegel","Eurozo","Ohelve"
"Kühkopf, Mordhecke I","Eurozo","Hpruss"
"Kühkopf, Mordhecke III","Eurozo","Oviril"
"Ötztal, Vent/ Am Spiegel","Eurozo","Egemmh"
"Kühkopf, Mordhecke I","Eurozo","Eatraa"
"Kühkopf, Mordhecke III","Eurozo","Eatraa"
"Kühkopf, Mordhecke III","Eurozo","Eangus"
"Griesheim bei Darmstadt","Eurozo","Epurpu"
"Kühkopf, Mordhecke I","Eurozo","Hpolit"
"Griesheim bei Darmstadt","Eurozo","Hpolit"
"St. Peter-Ording","Eurozo","Eweiff"
"St. Peter-Ording","Eurozo","Ocolla"
"Griesheim bei Darmstadt","Eurozo","Hpruss"
"Griesheim bei Darmstadt","Eurozo","Hleuca"
"Etzen","Eurozo","Eweiff"
"Etzen","Eurozo","Eaurit"
"Etzen","Eurozo","Ocolla"
"Hartheim","Eurozo","Ovimin"
"Hartheim","Eurozo","Oproxi"
"Hartheim","Eurozo","Hangli"
"Hartheim","Eurozo","Ovesic"
"Hartheim","Eurozo","Hoblit"
"Riu di Pula, bei Cagliari","Euryto","Ovimin"
"Saastal, Mattmark","Geliss","Omacul"
"Saastal, Mattmark","Geliss","Ohasta"
"Saastal, Mattmark","Geliss","Ovaria"
"Saastal, Mattmark","Geliss","Obrevi"
"Saastal, Mattmark","Geliss","Oviril"
"Saastal, Mattmark","Geliss","Ovimin"
"Grimselpaß, Grimselsee","Geliss","Egemmh"
"Saastal, Mattmark","Geliss","Ehasta"
"Saastal, Mattmark","Geliss","Egemmf"
"Saastal, Mattmark","Geliss","Emyrsi"
"Grimselpaß, Grimselsee","Geliss","Omacul"
"Grimselpaß, Grimselsee","Geliss","Eboreo"
"Grimselpaß, Grimselsee","Geliss","Onival"
"Grimselpaß, Grimselsee","Geliss","Ohasta"
"Saastal, Mattmark","Geliss","Egemmh"
"Grimselpaß, Grimselsee","Geliss","Ehasta"
"Saastal, Mattmark","Geliss","Ofoeti"
"Grimselpaß, Grimselsee","Geliss","Hspirh"
"Grimselpaß, Grimselsee","Geliss","Hplicg"
"St. Peter-Ording","Gornat","Eweiff"
"St. Peter-Ording","Gornat","Ocolla"
"Ötztal, Sölden/ Rechenau","Hruber","Obridg"
"Ötztal, Vent/ Gample","Hruber","Ohasta"
"Ötztal, Vent/ Gample","Hruber","Onigri"
"Ötztal, Vent/ Gample","Hruber","Ovaria"
"Ötztal, Vent/ Gample","Hruber","Obridg"
"Ötztal, Vent/ Gample","Hruber","Onival"
"Zillertal, Hintertux/ Weitental","Hruber","Ovaria"
"Zillertal, Hintertux/ Weitental","Hruber","Onigri"
"Zillertal, Hintertux/ Weitental","Hruber","Ovesic"
"Zillertal, Hintertux/ Weitental","Hruber","Oobscu"
"Zillertal, Hintertux/ Weitental","Hruber","Ofoeti"
"Zillertal, Hintertux/ Weitental","Hruber","Obridg"
"Zillertal, Hintertux/ Weitental","Hruber","Oretus"
"Zillertal, Hintertux/ Weitental","Hruber","Ovimin"
"Zillertal, Hintertux/ Weitental","Hruber","Oretic"
"Ötztal, Vent/ Gample","Hruber","Omacul"
"Zillertal, Hintertux/ Weitental","Hruber","Omonti"
"Zillertal, Hintertux/ Weitental","Hruber","Eelaea"
"Ötztal, Vent/ Gample","Hruber","Ohelve"
"Zillertal, Lanersbach/ Geiselalm","Hruber","Onigri"
"Zillertal, Lanersbach","Hruber","Onigri"
"Zillertal, Lanersbach","Hruber","Oadaph"
"Zillertal, Lanersbach","Hruber","Ovaria"
"Ötztal, Vent/ Am Spiegel","Hruber","Omacul"
"Ötztal, Obergurgl","Hruber","Ohasta"
"Ötztal, Obergurgl","Hruber","Ovaria"
"Obergoms, Reckingen","Hruber","Ovesic"
"Obergoms, Reckingen","Hruber","Ovimin"
"Obergoms, Reckingen","Hruber","Oadaph"
"Obergoms, Reckingen","Hruber","Ohasta"
"Obergoms, Gletsch","Hruber","Ohelve"
"Obergoms, Gletsch","Hruber","Omacul"
"Arolla","Hruber","Ovimin"
"Arolla","Hruber","Ovaria"
"Saastal, Mattmark","Hruber","Omacul"
"Saastal, Mattmark","Hruber","Ohasta"
"Saastal, Mattmark","Hruber","Ovaria"
"Saastal, Mattmark","Hruber","Obrevi"
"Saastal, Mattmark","Hruber","Oviril"
"Saastal, Mattmark","Hruber","Ovimin"
"Hospental","Hruber","Oadaph"
"Hospental","Hruber","Ohasta"
"Hospental","Hruber","Ovimin"
"Binntal nr. Fiesch","Hruber","Ofoeti"
"Binntal nr. Fiesch","Hruber","Ovaria"
"Binntal nr. Fiesch","Hruber","Oobscu"
"Binntal nr. Fiesch","Hruber","Omacul"
"Obergoms, Gletsch","Hruber","Onival"
"Obergoms, Gletsch","Hruber","Ohasta"
"Dovrefjell","Hruber","Odolic"
"Dovrefjell","Hruber","Oarcti"
"Stiklestad","Hruber","Onigri"
"Stiklestad","Hruber","Ovaria"
"Stiklestad","Hruber","Obridg"
"Steinkjer","Hruber","Onigri"
"Steinkjer","Hruber","Obridg"
"Steinkjer","Hruber","Ovaria"
"Lofot, Laubstad","Hruber","Oglauc"
"Lofot, Laubstad","Hruber","Onival"
"Lofot, Laubstad","Hruber","Olappo"
"S.-Varanger, Vaggatem","Hruber","Oarcti"
"S.-Varanger, Vaggatem","Hruber","Ospset"
"S.-Varanger, Vaggatem","Hruber","Odolic"
"S.-Varanger, Vaggatem","Hruber","Onorve"
"S.-Varanger, Vaggatem","Hruber","Onival"
"S.-Varanger, Vaggatem","Hruber","Osamol"
"S.-Varanger, Vaggatem","Hruber","Omyrti"
"S.-Varanger, Vaggatem","Hruber","Emyrti"
"S.-Varanger, Vaggatem","Hruber","Ovaria"
"S.-Varanger, Vaggatem","Hruber","Oglabr"
"S.-Varanger, Nyrud","Hruber","Ovaria"
"S.-Varanger, Vaggatem","Hruber","Elappo"
"S.-Varanger, Vaggatem","Hruber","Elappc"
"S.-Varanger, Nyrud","Hruber","Oarcti"
"S.-Varanger, Vaggatem","Hruber","Ohasta"
"Gramai-Alm","Hruber","Oelaea"
"Gramai-Alm","Hruber","Okriec"
"Gramai-Alm","Hruber","Oadaph"
"Falzthurn-Alm","Hruber","Okriec"
"Falzthurn-Alm","Hruber","Oelaea"
"Falzthurn-Alm","Hruber","Ovesic"
"Falzthurn-Alm","Hruber","Ovimin"
"Falzthurn-Alm","Hruber","Ovaria"
"Falzthurn-Alm","Hruber","Oadaph"
"Gern-Alm","Hruber","Ovaria"
"Gern-Alm","Hruber","Ovimin"
"Gern-Alm","Hruber","Ovesic"
"Gern-Alm","Hruber","Okriec"
"Gern-Alm","Hruber","Oelaea"
"Gern-Alm","Hruber","Obridg"
"Zillertal, Hintertux/ Weitental","Hruber","Ohasta"
"Ötztal, Vent/ Am Spiegel","Hruber","Ohelve"
"Obergoms, Gletsch","Hruber","Oadaph"
"Obergoms, Gletsch","Hruber","Ovesic"
"Obergoms, Gletsch","Hruber","Ovimin"
"Obergoms, Gletsch","Hruber","Oviril"
"Obergoms, Gletsch","Hruber","Obridg"
"Tretten, Nordbu nr. Ringebu","Hruber","Oarcti"
"Peer Gynt veien II","Hruber","Olappo"
"Tretten, Nordbu nr. Ringebu","Hruber","Onival"
"Tretten, Nordbu nr. Ringebu","Hruber","Olappo"
"Tretten, Nordbu nr. Ringebu","Hruber","Olappl"
"Peer Gynt veien II","Hruber","Onival"
"Peer Gynt veien II","Hruber","Oglauc"
"Skoganvatnet","Hruber","Opustu"
"Skoganvatnet","Hruber","Ovaria"
"Lofot, Sandsletta","Hruber","Evenus"
"Lofot, Sandsletta","Hruber","Ogalla"
"Lofot, Sandsletta","Hruber","Onival"
"Dovrefjell","Hruber","Omyrsi"
"Tyssedal, Ringedalsvatn","Hruber","Ogalla"
"Planneralm II","Hruber","Ovaria"
"Planneralm II","Hruber","Obridg"
"Tauplitzalm","Hruber","Ovimin"
"Tauplitzalm","Hruber","Ofoeti"
"Tauplitzalm","Hruber","Okriec"
"Obertauern I","Hruber","Onigri"
"Obertauern I","Hruber","Ovaria"
"Obertauern I","Hruber","Omonti"
"Obertauern I","Hruber","Ofoeti"
"Obertauern I","Hruber","Oobscu"
"Obertauern I","Hruber","Egemmf"
"Ötztal, Obergurgl","Hruber","Onival"
"Folldal, Dahlholen","Hruber","Odolic"
"Dovrefjell","Hruber","Elappo"
"Dovrefjell","Hruber","Olappo"
"Dovrefjell","Hruber","Olappl"
"Dovrefjell","Hruber","Osamol"
"Dovrefjell","Hruber","Onival"
"Obertauern I","Hruber","Hischn"
"Obertauern I","Hruber","Emyrsi"
"Obertauern I","Hruber","Ehasta"
"Zillertal, Hintertux/ Weitental","Hruber","Egemmf"
"Falzthurn-Alm","Hruber","Eelaea"
"Gramai-Alm","Hruber","Eelaea"
"Gern-Alm","Hruber","Eelaea"
"Ötztal, Vent/ Gample","Hruber","Hcarin"
"Ötztal, Vent/ Gample","Hruber","Ehasta"
"Ötztal, Vent/ Gample","Hruber","Eboreo"
"Ötztal, Vent/ Gample","Hruber","Egemmh"
"Ötztal, Obergurgl","Hruber","Hplicg"
"Ötztal, Obergurgl","Hruber","Ehasta"
"Ötztal, Vent/ Am Spiegel","Hruber","Egemmh"
"Saastal, Mattmark","Hruber","Ehasta"
"Ötztal, Obergurgl","Hruber","Eboreo"
"Pitztal, Nähe Mittelberg","Hruber","Egemmh"
"Pitztal, Nähe Mittelberg","Hruber","Hspira"
"Pitztal, Nähe Mittelberg","Hruber","Obridg"
"Saastal, Mattmark","Hruber","Egemmf"
"Saastal, Mattmark","Hruber","Emyrsi"
"Arolla","Hruber","Egemmh"
"Arolla","Hruber","Egemmf"
"Arolla","Hruber","Hcarin"
"Arolla","Hruber","Ofoeti"
"Arolla","Hruber","Oobscu"
"Neiden","Hruber","Elanat"
"Neiden","Hruber","Ovaria"
"Neiden","Hruber","Oglabr"
"Neiden","Hruber","Oarcti"
"Neiden","Hruber","Hischn"
"Lofot, Sandsletta","Hruber","Hleuco"
"Lofot, Sandsletta","Hruber","Obridg"
"Lofot, Sandsletta","Hruber","Elappo"
"Lofot, Sandsletta","Hruber","Elappc"
"Seljestad bei Odda","Hruber","Eboreo"
"Seljestad bei Odda","Hruber","Elappo"
"Seljestad bei Odda","Hruber","Osamol"
"Seljestad bei Odda","Hruber","Elappc"
"Seljestad bei Odda","Hruber","Olappl"
"Seljestad bei Odda","Hruber","Olappo"
"Seljestad bei Odda","Hruber","Hacuti"
"Obertauern II","Hruber","Hspira"
"Obertauern II","Hruber","Ofoeti"
"Obertauern II","Hruber","Oobscu"
"Obertauern II","Hruber","Omonti"
"Obertauern II","Hruber","Egemmf"
"Tauernpaß, Tweng","Hruber","Hplicd"
"Tauernpaß, Tweng","Hruber","Okriec"
"Obertauern I","Hruber","Obridg"
"Tauernpaß, Tweng","Hruber","Oadaph"
"Tauernpaß, Tweng","Hruber","Eelaea"
"Obergoms, Gletsch","Hruber","Egemmh"
"Saastal, Mattmark","Hruber","Egemmh"
"Saastal, Mattmark","Hruber","Ofoeti"
"Obertauern I","Hruber","Oadaph"
"Ötztal, Vent/ Gample","Hruber","Hplicg"
"Ötztal, Vent/ Gample","Hruber","Hspira"
"Obertauern I","Hruber","Hplicd"
"Ötztal, Vent/ Gample","Hruber","Hischn"
"Ötztal, Vent/ Gample","Hruber","Egemmf"
"Pitztal, Nähe Mittelberg","Hruber","Ehasta"
"Ötztal, Obergurgl","Hruber","Epurpu"
"Hospental","Hruber","Emyrsi"
"S.-Varanger, Nyrud","Hruber","Evenus"
"S.-Varanger, Nyrud","Hruber","Ospset"
"Stiklestad","Hruber","Otrian"
"S.-Varanger, Vaggatem","Hruber","Esmyrt"
"S.-Varanger, Nyrud","Hruber","Elappo"
"Dachsteingebirge, Hoferalm b. Filzmos","Hruber","Okriec"
"Obertauern III","Hruber","Ofoeti"
"Dachsteinstraße, Ramsau","Hruber","Ogalla"
"Dachsteinstraße, Ramsau","Hruber","Obridg"
"Obertauern III","Hruber","Obridg"
"Obertauern III","Hruber","Oobscu"
"Dachsteinstraße, Ramsau","Hruber","Epurpu"
"Obertauern III","Hruber","Eappen"
"Tauernpaß, Tweng","Hruber","Edaphn"
"Tauernpaß, Tweng","Hruber","Eappen"
"Obertauern II","Hruber","Eelaea"
"Dachsteingebirge, Hoferalm b. Filzmos","Hruber","Hpolit"
"Zillis","Hruber","Okriec"
"Zillis","Hruber","Ovimin"
"Zillis","Hruber","Ovesic"
"Zillis","Hruber","Evenus"
"Juppa","Hruber","Obrevi"
"Juppa","Hruber","Ovaria"
"Juppa","Hruber","Ofoeti"
"Juppa","Hruber","Oobscu"
"Lago di Lei","Hruber","Obridg"
"Lago di Lei","Hruber","Ofoeti"
"Julierpaß bei Bivio","Hruber","Ofoeti"
"Julierpaß bei Bivio","Hruber","Oobscu"
"Albulapaß nr. Paßhöhe","Hruber","Oretus"
"Julierpaß bei Bivio","Hruber","Obrevi"
"Albulapaß nr. Paßhöhe","Hruber","Oretic"
"Julierpaß bei Bivio","Hruber","Egemmf"
"Juppa","Hruber","Egemmf"
"Zillis","Hruber","Edaphn"
"Zillis","Hruber","Enigri"
"Zillis","Hruber","Hischn"
"Juppa","Hruber","Hischn"
"Zillis","Hruber","Eelaea"
"Lago di Lei","Hruber","Oobscu"
"Juppa","Hruber","Oretic"
"Lago di Lei","Hruber","Egemmf"
"Lago di Lei","Hruber","Hpscho"
"Zillis","Hruber","Hleuco"
"S.-Varanger, Nyrud","Hruber","Omyrti"
"Lofot, Grunnfjord","Hruber","Obridg"
"S.-Varanger, Nyrud","Hruber","Ogalla"
"S.-Varanger, Nyrud","Hruber","Emyrti"
"Dovrefjell","Hruber","Hnudip"
"S.-Varanger, Nyrud","Hruber","Hscapr"
"S.-Varanger, Nyrud","Hruber","Hleuco"
"S.-Varanger, Nyrud","Hruber","Hischn"
"S.-Varanger, Nyrud","Hruber","Hnudip"
"S.-Varanger, Nyrud","Hruber","Htuber"
"S.-Varanger, Vaggatem","Hruber","Hscapr"
"S.-Varanger, Vaggatem","Hruber","Hnudip"
"Lofot, Sandsletta","Hruber","Hplicg"
"Seljestad bei Odda","Hruber","Hplicl"
"Defereggental, St. Jakob, Trojer Alm","Hruber","Obridg"
"Defereggental, St. Jakob, Trojer Alm","Hruber","Hpurpu"
"Defereggental, St. Jakob, Trojer Alm","Hruber","Hpolit"
"Defereggental, St. Jakob, Trojer Alm","Hruber","Hspira"
"Defereggental, St. Jakob, Trojer Alm","Hruber","Hpscho"
"Tretten, Nordbu nr. Ringebu","Hruber","Eboreo"
"Peer Gynt veien II","Hruber","Hplicp"
"Tretten, Nordbu nr. Ringebu","Hruber","Elappo"
"Ötztal, Vent/ Gample","Hruber","Htuber"
"Tretten, Nordbu nr. Ringebu","Hruber","Hacuti"
"Tretten, Nordbu nr. Ringebu","Hruber","Hplicg"
"Tretten, Nordbu nr. Ringebu","Hruber","Hsglau"
"Tretten, Nordbu nr. Ringebu","Hruber","Hplicl"
"Zillis","Ialter","Okriec"
"Zillis","Ialter","Ovimin"
"Zillis","Ialter","Ovesic"
"Zillis","Ialter","Evenus"
"Zillis","Ialter","Edaphn"
"Zillis","Ialter","Enigri"
"Zillis","Ialter","Hischn"
"Zillis","Ialter","Eelaea"
"Zillis","Ialter","Hleuco"
"Griesheim bei Darmstadt","Ibrevi","Ovimin"
"Griesheim bei Darmstadt","Ibrevi","Ogalla"
"Griesheim bei Darmstadt","Ibrevi","Obridg"
"Griesheim bei Darmstadt","Ibrevi","Ovesic"
"Griesheim bei Darmstadt","Ibrevi","Oviril"
"Griesheim bei Darmstadt","Ibrevi","Opedun"
"Griesheim bei Darmstadt","Ibrevi","Hangli"
"Griesheim bei Darmstadt","Ibrevi","Epurpu"
"Mörfelden, Baggersee","Ibrevi","Hpolit"
"Griesheim bei Darmstadt","Ibrevi","Hpolit"
"Mörfelden, Baggersee","Ibrevi","Hoblit"
"Mörfelden, Baggersee","Ibrevi","Hleuca"
"Kilianstätten","Ibrevi","Hpolit"
"Mörfelden, Baggersee","Ibrevi","Eatraa"
"Griesheim bei Darmstadt","Ibrevi","Hpruss"
"Kilianstätten","Ibrevi","Hangli"
"Griesheim bei Darmstadt","Ibrevi","Hleuca"
"Zillis","Ibrevi","Okriec"
"Zillis","Ibrevi","Ovimin"
"Rheinau","Ibrevi","Ovimin"
"Rheinau","Ibrevi","Oproxi"
"Honau","Ibrevi","Ovaria"
"Honau","Ibrevi","Ovimin"
"Zillis","Ibrevi","Ovesic"
"Zillis","Ibrevi","Evenus"
"Zillis","Ibrevi","Edaphn"
"Zillis","Ibrevi","Enigri"
"Rheinau","Ibrevi","Hpolit"
"Honau","Ibrevi","Hoblit"
"Honau","Ibrevi","Hpolit"
"Rheinau","Ibrevi","Hoblit"
"Honau","Ibrevi","Hpruss"
"Zillis","Ibrevi","Hischn"
"Zillis","Ibrevi","Eelaea"
"Honau","Ibrevi","Oproxi"
"Zillis","Ibrevi","Hleuco"
"Honau","Ibrevi","Hangli"
"Griesheim bei Darmstadt","Ichnin","Ovimin"
"Griesheim bei Darmstadt","Ichnin","Ogalla"
"Griesheim bei Darmstadt","Ichnin","Obridg"
"Griesheim bei Darmstadt","Ichnin","Ovesic"
"Kühkopf, Mordhecke III","Ichnin","Oproxi"
"Ötztal, Vent/ Gample","Ichnin","Ohasta"
"Ötztal, Vent/ Gample","Ichnin","Onigri"
"Ötztal, Vent/ Gample","Ichnin","Ovaria"
"Ötztal, Vent/ Gample","Ichnin","Obridg"
"Ötztal, Vent/ Gample","Ichnin","Onival"
"Zillertal, Hintertux/ Weitental","Ichnin","Ovaria"
"Zillertal, Hintertux/ Weitental","Ichnin","Onigri"
"Zillertal, Hintertux/ Weitental","Ichnin","Ovesic"
"Zillertal, Hintertux/ Weitental","Ichnin","Oobscu"
"Zillertal, Hintertux/ Weitental","Ichnin","Ofoeti"
"Zillertal, Hintertux/ Weitental","Ichnin","Obridg"
"Kühkopf, Mordhecke III","Ichnin","Ovimin"
"Zillertal, Hintertux/ Weitental","Ichnin","Oretus"
"Zillertal, Hintertux/ Weitental","Ichnin","Ovimin"
"Zillertal, Hintertux/ Weitental","Ichnin","Oretic"
"Ötztal, Vent/ Gample","Ichnin","Omacul"
"Zillertal, Hintertux/ Weitental","Ichnin","Omonti"
"Zillertal, Hintertux/ Weitental","Ichnin","Eelaea"
"Griesheim bei Darmstadt","Ichnin","Oviril"
"Griesheim bei Darmstadt","Ichnin","Opedun"
"Ötztal, Vent/ Gample","Ichnin","Ohelve"
"Griesheim bei Darmstadt","Ichnin","Hangli"
"Obergoms, Reckingen","Ichnin","Ovesic"
"Obergoms, Reckingen","Ichnin","Ovimin"
"Obergoms, Reckingen","Ichnin","Oadaph"
"Obergoms, Reckingen","Ichnin","Ohasta"
"Saastal, Mattmark","Ichnin","Omacul"
"Saastal, Mattmark","Ichnin","Ohasta"
"Saastal, Mattmark","Ichnin","Ovaria"
"Saastal, Mattmark","Ichnin","Obrevi"
"Saastal, Mattmark","Ichnin","Oviril"
"Saastal, Mattmark","Ichnin","Ovimin"
"Grimselpaß, Grimselsee","Ichnin","Egemmh"
"Stiklestad","Ichnin","Onigri"
"Stiklestad","Ichnin","Ovaria"
"Stiklestad","Ichnin","Obridg"
"Steinkjer","Ichnin","Onigri"
"Steinkjer","Ichnin","Obridg"
"Steinkjer","Ichnin","Ovaria"
"Korgfjellet","Ichnin","Oglauc"
"Korgfjellet","Ichnin","Onival"
"Korgfjellet","Ichnin","Oglabr"
"Korgfjellet","Ichnin","Oretic"
"Polarkreis I","Ichnin","Olappo"
"Polarkreis I","Ichnin","Oherba"
"Korgfjellet","Ichnin","Ohasta"
"Limeshain, Rommelhausen","Ichnin","Opedun"
"Limeshain, Rommelhausen","Ichnin","Otrian"
"Vejersstrand","Ichnin","Ocolla"
"Falzthurn-Alm","Ichnin","Okriec"
"Falzthurn-Alm","Ichnin","Oelaea"
"Falzthurn-Alm","Ichnin","Ovesic"
"Falzthurn-Alm","Ichnin","Ovimin"
"Falzthurn-Alm","Ichnin","Ovaria"
"Falzthurn-Alm","Ichnin","Oadaph"
"Zillertal, Hintertux/ Weitental","Ichnin","Ohasta"
"Tretten, Nordbu nr. Ringebu","Ichnin","Oarcti"
"Peer Gynt veien I","Ichnin","Oglabr"
"Peer Gynt veien I","Ichnin","Onival"
"Peer Gynt veien I","Ichnin","Ohasta"
"Tretten, Nordbu nr. Ringebu","Ichnin","Onival"
"Tretten, Nordbu nr. Ringebu","Ichnin","Olappo"
"Tretten, Nordbu nr. Ringebu","Ichnin","Olappl"
"Skoganvatnet","Ichnin","Opustu"
"Skoganvatnet","Ichnin","Ovaria"
"Korgfjellet","Ichnin","Olappo"
"Lofot, Sandsletta","Ichnin","Evenus"
"Lofot, Sandsletta","Ichnin","Ogalla"
"Lofot, Sandsletta","Ichnin","Onival"
"Alta, Baeskades","Ichnin","Oglabr"
"Alta, Baeskades","Ichnin","Onival"
"Alta, Baeskades","Ichnin","Osamol"
"Alta, Baeskades","Ichnin","Oarcti"
"Kilpisjärvi","Ichnin","Oarcti"
"Alta, Baeskades","Ichnin","Oherba"
"Kilpisjärvi","Ichnin","Ohasta"
"Kilpisjärvi","Ichnin","Osamol"
"Kilpisjärvi","Ichnin","Ehasta"
"Kilpisjärvi","Ichnin","Olappo"
"Kilpisjärvi","Ichnin","Elappo"
"Torne Träsk, Abisko","Ichnin","Oretic"
"Torne Träsk, Abisko","Ichnin","Oherba"
"Polarkreis I","Ichnin","Elappo"
"Polarkreis I","Ichnin","Elappc"
"Korgfjellet","Ichnin","Omyrsi"
"Korgfjellet","Ichnin","Ospeit"
"Korgfjellet","Ichnin","Elappc"
"Korgfjellet","Ichnin","Elappo"
"Jotunheimen, Breiseterdalen","Ichnin","Omyrsi"
"Kühkopf, Mordhecke III","Ichnin","Oviril"
"Obertauern I","Ichnin","Onigri"
"Obertauern I","Ichnin","Ovaria"
"Obertauern I","Ichnin","Omonti"
"Obertauern I","Ichnin","Ofoeti"
"Obertauern I","Ichnin","Oobscu"
"Obertauern I","Ichnin","Egemmf"
"Peer Gynt veien I","Ichnin","Olappo"
"Peer Gynt veien I","Ichnin","Olappl"
"Peer Gynt veien I","Ichnin","Opustu"
"Lapphaugen bei Bardu","Ichnin","Ohasta"
"Lapphaugen bei Bardu","Ichnin","Oglabr"
"Lapphaugen bei Bardu","Ichnin","Onival"
"Lapphaugen bei Bardu","Ichnin","Ovaria"
"Lapphaugen bei Bardu","Ichnin","Onigri"
"N.-Varanger, Sandfjord","Ichnin","Omyrsi"
"N.-Varanger, Sandfjord","Ichnin","Ovaria"
"N.-Varanger, Sandfjord, Fjell","Ichnin","Oherba"
"N.-Varanger, Sandfjord","Ichnin","Onival"
"Kilpisjärvi","Ichnin","Odolic"
"Torne Träsk, Abisko","Ichnin","Oglabr"
"Korgfjellet","Ichnin","Osamol"
"Korgfjellet","Ichnin","Olappl"
"Korgfjellet","Ichnin","Eboreo"
"Jotunheimen, Breiseterdalen","Ichnin","Eboreo"
"Jotunheimen, Breiseterdalen","Ichnin","Onival"
"Jotunheimen, Breiseterdalen","Ichnin","Oglauc"
"Jotunheimen, Breiseterdalen","Ichnin","Elappo"
"Jotunheimen, Breiseterdalen","Ichnin","Elappc"
"Jotunheimen, Breiseterdalen","Ichnin","Osamol"
"Jotunheimen, Breiseterdalen","Ichnin","Olappo"
"Jotunheimen, Breiseterdalen","Ichnin","Olappl"
"Obertauern I","Ichnin","Hischn"
"Obertauern I","Ichnin","Emyrsi"
"Obertauern I","Ichnin","Ehasta"
"Zillertal, Hintertux/ Weitental","Ichnin","Egemmf"
"Falzthurn-Alm","Ichnin","Eelaea"
"Ötztal, Vent/ Gample","Ichnin","Hcarin"
"Ötztal, Vent/ Gample","Ichnin","Ehasta"
"Ötztal, Vent/ Gample","Ichnin","Eboreo"
"Ötztal, Vent/ Gample","Ichnin","Egemmh"
"Saastal, Mattmark","Ichnin","Ehasta"
"Saastal, Mattmark","Ichnin","Egemmf"
"Saastal, Mattmark","Ichnin","Emyrsi"
"Lapphaugen bei Bardu","Ichnin","Ehasta"
"Lapphaugen bei Bardu","Ichnin","Elanat"
"Lapphaugen bei Bardu","Ichnin","Elappo"
"Lapphaugen bei Bardu","Ichnin","Osamol"
"Lapphaugen bei Bardu","Ichnin","Olappl"
"Lapphaugen bei Bardu","Ichnin","Eboreo"
"Alta, Baeskades","Ichnin","Elappo"
"Alta, Baeskades","Ichnin","Olappl"
"Alta, Baeskades","Ichnin","Eboreo"
"Torne Träsk, Abisko","Ichnin","Eboreo"
"Torne Träsk, Abisko","Ichnin","Onival"
"Torne Träsk, Abisko","Ichnin","Ehasta"
"Torne Träsk, Abisko","Ichnin","Ohasta"
"Torne Träsk, Abisko","Ichnin","Oarcti"
"Torne Träsk, Abisko","Ichnin","Ephyli"
"Torne Träsk, Abisko","Ichnin","Hnudip"
"Torne Träsk, Abisko","Ichnin","Odolic"
"Torne Träsk, Abisko","Ichnin","Emyrsi"
"Torne Träsk, Abisko","Ichnin","Ovaria"
"Lofot, Sandsletta","Ichnin","Hleuco"
"Torne Träsk, Abisko","Ichnin","Hischn"
"Torne Träsk, Abisko","Ichnin","Onigri"
"Lofot, Sandsletta","Ichnin","Obridg"
"Lofot, Sandsletta","Ichnin","Elappo"
"Lofot, Sandsletta","Ichnin","Elappc"
"Polarkreis II","Ichnin","Hacuti"
"Polarkreis I","Ichnin","Oglauc"
"Polarkreis I","Ichnin","Onival"
"Polarkreis I","Ichnin","Olappl"
"Polarkreis I","Ichnin","Hplicl"
"Polarkreis II","Ichnin","Elappc"
"Polarkreis II","Ichnin","Elappo"
"Polarkreis II","Ichnin","Olappl"
"Korgfjellet","Ichnin","Elanat"
"Namsskogan, Mellingsmoen","Ichnin","Evenus"
"Namsskogan, Mellingsmoen","Ichnin","Ogalla"
"Namsskogan, Mellingsmoen","Ichnin","Hleuco"
"Namsskogan, Mellingsmoen","Ichnin","Enigri"
"Namsskogan, Mellingsmoen","Ichnin","Obridg"
"Jotunheimen, Breiseterdalen","Ichnin","Odolic"
"Jotunheimen, Breiseterdalen","Ichnin","Oarcti"
"Jotunheimen, Breiseterdalen","Ichnin","Elanat"
"Jotunheimen, Breiseterdalen","Ichnin","Oglabr"
"Jotunheimen, Breiseterdalen","Ichnin","Etesta"
"Vikafjell bei Viksöyri","Ichnin","Eboreo"
"Vikafjell bei Viksöyri","Ichnin","Onival"
"Vikafjell bei Viksöyri","Ichnin","Elappo"
"Vikafjell bei Viksöyri","Ichnin","Osamol"
"Vikafjell bei Viksöyri","Ichnin","Olappl"
"Vikafjell bei Viksöyri","Ichnin","Elappc"
"Seljestad bei Odda","Ichnin","Eboreo"
"Vikafjell bei Viksöyri","Ichnin","Olappo"
"Seljestad bei Odda","Ichnin","Elappo"
"Seljestad bei Odda","Ichnin","Osamol"
"Seljestad bei Odda","Ichnin","Elappc"
"Seljestad bei Odda","Ichnin","Olappl"
"Seljestad bei Odda","Ichnin","Olappo"
"Seljestad bei Odda","Ichnin","Hacuti"
"Obertauern II","Ichnin","Hspira"
"Obertauern II","Ichnin","Ofoeti"
"Preber See bei Tamsweg","Ichnin","Emyrsi"
"Obertauern II","Ichnin","Oobscu"
"Obertauern II","Ichnin","Omonti"
"Obertauern II","Ichnin","Egemmf"
"Obertauern I","Ichnin","Obridg"
"Obergoms, Oberwald","Ichnin","Epurpu"
"Obergoms, Oberwald","Ichnin","Ovesic"
"Grimselpaß, Grimselsee","Ichnin","Omacul"
"Grimselpaß, Grimselsee","Ichnin","Eboreo"
"Grimselpaß, Grimselsee","Ichnin","Onival"
"Grimselpaß, Grimselsee","Ichnin","Ohasta"
"Saastal, Mattmark","Ichnin","Egemmh"
"Grimselpaß, Grimselsee","Ichnin","Ehasta"
"Saastal, Mattmark","Ichnin","Ofoeti"
"Nufenenpaß, Paßhöhe II","Ichnin","Ohasta"
"Nufenenpaß, Paßhöhe II","Ichnin","Oretus"
"Nufenenpaß, Paßhöhe II","Ichnin","Ofoeti"
"Nufenenpaß, Paßhöhe II","Ichnin","Oobscu"
"Nufenenpaß, Val de Bedretto I","Ichnin","Okriec"
"Nufenenpaß, Val de Bedretto I","Ichnin","Ovesic"
"Nufenenpaß, Val de Bedretto I","Ichnin","Eelaea"
"Nufenenpaß, Val de Bedretto I","Ichnin","Epurpu"
"Nufenenpaß, Val de Bedretto I","Ichnin","Ovimin"
"Nufenenpaß, Val de Bedretto II","Ichnin","Eelaea"
"Nufenenpaß, Val de Bedretto II","Ichnin","Okriec"
"Obergoms, Oberwald","Ichnin","Edaphn"
"Obergoms, Oberwald","Ichnin","Oadaph"
"Kühkopf, Mordhecke III","Ichnin","Eatraa"
"Kühkopf, Mordhecke III","Ichnin","Eangus"
"Griesheim bei Darmstadt","Ichnin","Epurpu"
"Griesheim bei Darmstadt","Ichnin","Hpolit"
"Limeshain, Rommelhausen","Ichnin","Hpolit"
"Limeshain, Rommelhausen","Ichnin","Heryth"
"Limeshain, Rommelhausen","Ichnin","Halien"
"Taunus, Dorfweil","Ichnin","Obridg"
"Val di Egro, Mt. Tremalzo II","Ichnin","Ohasta"
"Val di Egro, Mt. Tremalzo II","Ichnin","Ehasta"
"Val di Egro, Mt. Tremalzo II","Ichnin","Oobscu"
"Val di Egro, Mt. Tremalzo II","Ichnin","Obridg"
"Obertauern I","Ichnin","Oadaph"
"Kilianstätten","Ichnin","Hpolit"
"Taunus, Dorfweil","Ichnin","Hpruss"
"Taunus, Dorfweil","Ichnin","Hleuca"
"Ötztal, Vent/ Gample","Ichnin","Hplicg"
"Ötztal, Vent/ Gample","Ichnin","Hspira"
"Grimselpaß, Grimselsee","Ichnin","Hspirh"
"Grimselpaß, Grimselsee","Ichnin","Hplicg"
"Obertauern I","Ichnin","Hplicd"
"Griesheim bei Darmstadt","Ichnin","Hpruss"
"Kilianstätten","Ichnin","Hangli"
"Griesheim bei Darmstadt","Ichnin","Hleuca"
"Ötztal, Vent/ Gample","Ichnin","Hischn"
"Ötztal, Vent/ Gample","Ichnin","Egemmf"
"Ifjordfjellet II","Ichnin","Odolic"
"Ifjordfjellet II","Ichnin","Oglauc"
"Namsskogan, Mellingsmoen","Ichnin","Ovaria"
"N.-Varanger, Sandfjord","Ichnin","Oherba"
"N.-Varanger, Sandfjord","Ichnin","Oretic"
"Fauske","Ichnin","Evenus"
"Polarkreis I","Ichnin","Odolic"
"Polarkreis II","Ichnin","Oherba"
"Stiklestad","Ichnin","Otrian"
"Polarkreis II","Ichnin","Olappo"
"Fauske","Ichnin","Ohasta"
"S.-Varanger, Vaggatem, Elentj.","Ichnin","Emyrti"
"S.-Varanger, Vaggatem, Elentj.","Ichnin","Esmyrt"
"S.-Varanger, Vaggatem, Elentj.","Ichnin","Elappo"
"Kilpisjärvi","Ichnin","Elanat"
"Kilpisjärvi","Ichnin","Eboreo"
"Kilpisjärvi","Ichnin","Elappc"
"Kilpisjärvi","Ichnin","Ephyli"
"Torne Träsk, Abisko","Ichnin","Esmyrs"
"Lapphaugen bei Bardu","Ichnin","Emyrsi"
"Fauske","Ichnin","Ehasta"
"Polarkreis II","Ichnin","Eboreo"
"Ifjordfjellet II","Ichnin","Hplicg"
"Jotunheimen, Breiseterdalen","Ichnin","Hplicg"
"Korgfjellet","Ichnin","Hplicg"
"Limeshain, Rommelhausen","Ichnin","Emucro"
"Dachsteinstraße, Ramsau","Ichnin","Ogalla"
"Dachsteinstraße, Ramsau","Ichnin","Obridg"
"Traismauer an der Donau","Ichnin","Eatraa"
"Dachsteinstraße, Ramsau","Ichnin","Epurpu"
"Obertauern II","Ichnin","Eelaea"
"Traismauer an der Donau","Ichnin","Hoblit"
"Urdenbach, Urdenbacher Kämpe","Ichnin","Oproxi"
"Grietherbusch / Dornick","Ichnin","Oproxi"
"Zillis","Ichnin","Okriec"
"Zillis","Ichnin","Ovimin"
"Hartheim","Ichnin","Ovimin"
"Honau","Ichnin","Ovaria"
"Honau","Ichnin","Ovimin"
"Zillis","Ichnin","Ovesic"
"Zillis","Ichnin","Evenus"
"Juppa","Ichnin","Obrevi"
"Juppa","Ichnin","Ovaria"
"Juppa","Ichnin","Ofoeti"
"Juppa","Ichnin","Oobscu"
"Lago di Lei","Ichnin","Obridg"
"Lago di Lei","Ichnin","Ofoeti"
"Julierpaß bei Bivio","Ichnin","Ofoeti"
"Julierpaß bei Bivio","Ichnin","Oobscu"
"Albulapaß nr. Paßhöhe","Ichnin","Oretus"
"Julierpaß bei Bivio","Ichnin","Obrevi"
"La Massane","Ichnin","Opedun"
"Albulapaß nr. Paßhöhe","Ichnin","Oretic"
"Julierpaß bei Bivio","Ichnin","Egemmf"
"Juppa","Ichnin","Egemmf"
"Zillis","Ichnin","Edaphn"
"Zillis","Ichnin","Enigri"
"Grietherbusch / Dornick","Ichnin","Otrian"
"Hartheim","Ichnin","Oproxi"
"Grietherbusch / Dornick","Ichnin","Hangli"
"Urdenbach, Urdenbacher Kämpe","Ichnin","Hoblit"
"Grietherbusch / Dornick","Ichnin","Hoblit"
"Urdenbach, Urdenbacher Kämpe","Ichnin","Hangli"
"Hartheim","Ichnin","Hangli"
"Honau","Ichnin","Hoblit"
"Honau","Ichnin","Hpolit"
"Honau","Ichnin","Hpruss"
"Zillis","Ichnin","Hischn"
"Juppa","Ichnin","Hischn"
"Zillis","Ichnin","Eelaea"
"Hartheim","Ichnin","Ovesic"
"Honau","Ichnin","Oproxi"
"Lago di Lei","Ichnin","Oobscu"
"Juppa","Ichnin","Oretic"
"Lago di Lei","Ichnin","Egemmf"
"Hartheim","Ichnin","Hoblit"
"Lago di Lei","Ichnin","Hpscho"
"Zillis","Ichnin","Hleuco"
"Honau","Ichnin","Hangli"
"Vikafjell bei Viksöyri II","Ichnin","Eboreo"
"N.-Varanger, Sandfjord","Ichnin","Hplicg"
"S.-Varanger, Storskog","Ichnin","Hnudip"
"S.-Varanger, Vaggatem, Elentj.","Ichnin","Hnudip"
"S.-Varanger, Vaggatem, Elentj.","Ichnin","Hischn"
"Vikafjell bei Viksöyri","Ichnin","Hacuti"
"Lapphaugen bei Bardu","Ichnin","Hplicg"
"Lapphaugen bei Bardu","Ichnin","Htuber"
"Lofot, Austvagoya, Morfjord","Ichnin","Htuber"
"Lofot, Sandsletta","Ichnin","Hplicg"
"Kilpisjärvi","Ichnin","Hnudip"
"Kilpisjärvi","Ichnin","Hacuti"
"Kilpisjärvi","Ichnin","Hplicg"
"Polarkreis I","Ichnin","Hplicg"
"Kilpisjärvi","Ichnin","Hischn"
"Kilpisjärvi","Ichnin","Htuber"
"Lapphaugen bei Bardu","Ichnin","Hnudip"
"Vikafjell bei Viksöyri II","Ichnin","Hplicg"
"Vikafjell bei Viksöyri","Ichnin","Hplicg"
"Lofot, Flakstad, Flakstad","Ichnin","Hplicg"
"Polarkreis I","Ichnin","Hacuti"
"Seljestad bei Odda","Ichnin","Hplicl"
"Defereggental, St. Jakob, Trojer Alm","Ichnin","Obridg"
"Defereggental, Erlsbach","Ichnin","Hpolit"
"Defereggental, Erlsbach","Ichnin","Hpurpu"
"Defereggental, Erlsbach","Ichnin","Hspira"
"Defereggental, St. Jakob, Trojer Alm","Ichnin","Hpurpu"
"Defereggental, Erlsbach","Ichnin","Hplicd"
"Defereggental, St. Jakob, Trojer Alm","Ichnin","Hpolit"
"Defereggental, St. Jakob, Trojer Alm","Ichnin","Hspira"
"Defereggental, St. Jakob, Trojer Alm","Ichnin","Hpscho"
"Defereggental, Erlsbach","Ichnin","Hischn"
"Waldverchs","Ichnin","Hpolit"
"Waldverchs","Ichnin","Hpurpu"
"Waldverchs","Ichnin","Hpruss"
"Waldverchs","Ichnin","Hleuca"
"Waldverchs","Ichnin","Hangli"
"Östersund","Ichnin","Hleuca"
"Östersund","Ichnin","Hpruss"
"Storuman","Ichnin","Hnudip"
"Storuman","Ichnin","Hacuti"
"Storuman","Ichnin","Opustu"
"Storuman","Ichnin","Hleuco"
"Fauske","Ichnin","Hcarin"
"Polarkreis I","Ichnin","Opolar"
"Lofot, Austvagoya, Morfjord","Ichnin","Ohasta"
"Lofot, Austvagoya, Morfjord","Ichnin","Ehasta"
"Lofot, Austvagoya, Morfjord","Ichnin","Hplicg"
"Tennholmfjorden, Gimstad","Ichnin","Hplicg"
"Leira nr. Trondheim","Ichnin","Halien"
"Leira nr. Trondheim","Ichnin","Heryth"
"Leira nr. Trondheim","Ichnin","Obella"
"Dovrefjell, Grönbakken","Ichnin","Omyrsi"
"Dovrefjell, Grönbakken","Ichnin","Esmyrs"
"Dovrefjell, Grönbakken","Ichnin","Hacuti"
"Dovrefjell, Grönbakken","Ichnin","Hplicp"
"Dovrefjell, Grönbakken","Ichnin","Odolic"
"Dovrefjell, Grönbakken","Ichnin","Oarcti"
"Dovrefjell, Grönbakken","Ichnin","Ephyli"
"Tretten, Nordbu nr. Ringebu","Ichnin","Eboreo"
"Peer Gynt veien I","Ichnin","Osamol"
"Peer Gynt veien I","Ichnin","Elappo"
"Peer Gynt veien III","Ichnin","Oglabr"
"Peer Gynt veien III","Ichnin","Elanat"
"Kjölen nr. Halden","Ichnin","Eweiff"
"Kjölen nr. Halden","Ichnin","Ocolla"
"Kjölen nr. Halden","Ichnin","Halien"
"Kjölen nr. Halden","Ichnin","Obella"
"Tretten, Nordbu nr. Ringebu","Ichnin","Elappo"
"Rügen, Bergen / Kaiseritz","Ichnin","Oproxi"
"Modrus","Ichnin","Ovimin"
"Modrus","Ichnin","Ovesic"
"Markelfingen / Schlafbach","Ichnin","Hpurpu"
"Markelfingen / Schlafbach","Ichnin","Hpolit"
"Markelfingen / Schlafbach","Ichnin","Hleuca"
"Markelfingen / Schlafbach","Ichnin","Hpruss"
"Rügen, Bergen / Kaiseritz","Ichnin","Heryth"
"Rügen, Bergen / Kaiseritz","Ichnin","Hanoma"
"Rügen, Bergen / Kaiseritz","Ichnin","Hpruss"
"Rügen, Bergen / Kaiseritz","Ichnin","Hleuca"
"Waldreichs","Ichnin","Hleuca"
"Vejersstrand","Ichnin","Eweiff"
"Markelfingen / Schlafbach","Ichnin","Hoblit"
"nr. Grabnik","Ichnin","Hpurpu"
"nr. Grabnik","Ichnin","Hpolit"
"nr. Grabnik","Ichnin","Hanoma"
"Langen-Bergheim","Ichnin","Hleuca"
"Langen-Bergheim","Ichnin","Halien"
"Langen-Bergheim","Ichnin","Heryth"
"Langen-Bergheim","Ichnin","Hpruss"
"Langen-Bergheim","Ichnin","Hspecc"
"Langen-Bergheim","Ichnin","Hleuco"
"Langen-Bergheim","Ichnin","Hanoma"
"Ötztal, Vent/ Gample","Ichnin","Htuber"
"Langen-Bergheim","Ichnin","Oproxi"
"Limeshain, Rommelhausen","Ichnin","Hpruss"
"Limeshain, Rommelhausen","Ichnin","Hleuca"
"Meldal, Resvatnet","Ichnin","Hplicg"
"Peer Gynt veien III","Ichnin","Hnudip"
"Tretten, Nordbu nr. Ringebu","Ichnin","Hacuti"
"Tretten, Nordbu nr. Ringebu","Ichnin","Hplicg"
"Meldal, Resvatnet","Ichnin","Hsglau"
"Vikafjell bei Viksöyri","Ichnin","Hsglau"
"Hordalia nr. Röldal","Ichnin","Hplicg"
"Meldal, Resvatnet","Ichnin","Hacuti"
"Peer Gynt veien III","Ichnin","Hischn"
"Hordalia nr. Röldal","Ichnin","Hplicl"
"Meldal, Resvatnet","Ichnin","Hplicl"
"Meldal, Resvatnet","Ichnin","Hischn"
"Vejersstrand","Ichnin","Hpruss"
"Vejersstrand","Ichnin","Hleuca"
"Vejersstrand","Ichnin","Hangli"
"Peer Gynt veien III","Ichnin","Hplicg"
"Tretten, Nordbu nr. Ringebu","Ichnin","Hsglau"
"Tretten, Nordbu nr. Ringebu","Ichnin","Hplicl"
"Meldal, Resvatnet","Ichnin","Hnudip"
"Hordalia nr. Röldal","Ichnin","Hsglau"
"Vikafjell bei Viksöyri","Ichnin","Hslana"
"Vikafjell bei Viksöyri","Ichnin","Hplicl"
"Peer Gynt veien III","Ichnin","Hacuti"
"Meldal, Resvatnet","Ichnin","Hleuco"
"Sunnylvsfjorden nr Royr, Stranda","Ichnin","Hnudip"
"Röros","Ichnsp","Obridg"
"Röros","Ichnsp","Ohasta"
"Röros","Ichnsp","Hanoma"
"Röros","Ichnsp","Hsglau"
"Röros","Ichnsp","Hplicg"
"Kühkopf, Mordhecke I","Ilappo","Ovimin"
"Griesheim bei Darmstadt","Ilappo","Ovimin"
"Griesheim bei Darmstadt","Ilappo","Ogalla"
"Griesheim bei Darmstadt","Ilappo","Obridg"
"Griesheim bei Darmstadt","Ilappo","Ovesic"
"Kühkopf, Mordhecke I","Ilappo","Ovesic"
"Kühkopf, Mordhecke I","Ilappo","Opedun"
"Kühkopf, Mordhecke I","Ilappo","Obella"
"Kühkopf, Mordhecke I","Ilappo","Oproxi"
"Kühkopf, Mordhecke I","Ilappo","Obridg"
"Griesheim bei Darmstadt","Ilappo","Oviril"
"Griesheim bei Darmstadt","Ilappo","Opedun"
"Zillertal, Lanersbach","Ilappo","Onigri"
"Zillertal, Lanersbach","Ilappo","Oadaph"
"Zillertal, Lanersbach","Ilappo","Ovaria"
"Vogelsberg, Hoherodskopf","Ilappo","Obridg"
"Griesheim bei Darmstadt","Ilappo","Hangli"
"Obergoms, Gletsch","Ilappo","Ohelve"
"Obergoms, Gletsch","Ilappo","Omacul"
"Obergoms, Gletsch","Ilappo","Onival"
"Obergoms, Gletsch","Ilappo","Ohasta"
"Grimselpaß, Grimselsee","Ilappo","Egemmh"
"Dovrefjell","Ilappo","Odolic"
"Dovrefjell","Ilappo","Oarcti"
"Korgfjellet","Ilappo","Oglauc"
"Korgfjellet","Ilappo","Onival"
"Korgfjellet","Ilappo","Oglabr"
"Korgfjellet","Ilappo","Oretic"
"Polarkreis I","Ilappo","Olappo"
"Polarkreis I","Ilappo","Oherba"
"Korgfjellet","Ilappo","Ohasta"
"Kühkopf, Mordhecke I","Ilappo","Oviril"
"Vogelsberg, Hoherodskopf","Ilappo","Opedun"
"Vogelsberg, Hoherodskopf","Ilappo","Hleuco"
"Kiel, Langsee","Ilappo","Opedun"
"Kiel, Langsee","Ilappo","Obridg"
"Kiel, Dietrichsdorf","Ilappo","Ovimin"
"Kiel, Dietrichsdorf","Ilappo","Opedun"
"Kiel, Dietrichsdorf","Ilappo","Obridg"
"Katinger Watt","Ilappo","Ovimin"
"Katinger Watt","Ilappo","Oproxi"
"Norderney","Ilappo","Ocolla"
"Norderney","Ilappo","Oadaph"
"Obergoms, Gletsch","Ilappo","Oadaph"
"Obergoms, Gletsch","Ilappo","Ovesic"
"Obergoms, Gletsch","Ilappo","Ovimin"
"Obergoms, Gletsch","Ilappo","Oviril"
"Obergoms, Gletsch","Ilappo","Obridg"
"Tretten, Nordbu nr. Ringebu","Ilappo","Oarcti"
"Peer Gynt veien II","Ilappo","Olappo"
"Tretten, Nordbu nr. Ringebu","Ilappo","Onival"
"Tretten, Nordbu nr. Ringebu","Ilappo","Olappo"
"Tretten, Nordbu nr. Ringebu","Ilappo","Olappl"
"Peer Gynt veien II","Ilappo","Onival"
"Peer Gynt veien II","Ilappo","Oglauc"
"Skoganvatnet","Ilappo","Opustu"
"Skoganvatnet","Ilappo","Ovaria"
"Korgfjellet","Ilappo","Olappo"
"Alta, Baeskades","Ilappo","Oglabr"
"Alta, Baeskades","Ilappo","Onival"
"Alta, Baeskades","Ilappo","Osamol"
"Alta, Baeskades","Ilappo","Oarcti"
"Kilpisjärvi","Ilappo","Oarcti"
"Alta, Baeskades","Ilappo","Oherba"
"Kilpisjärvi","Ilappo","Ohasta"
"Kilpisjärvi","Ilappo","Osamol"
"Kilpisjärvi","Ilappo","Ehasta"
"Kilpisjärvi","Ilappo","Olappo"
"Kilpisjärvi","Ilappo","Elappo"
"Polarkreis I","Ilappo","Elappo"
"Polarkreis I","Ilappo","Elappc"
"Korgfjellet","Ilappo","Omyrsi"
"Korgfjellet","Ilappo","Ospeit"
"Korgfjellet","Ilappo","Elappc"
"Korgfjellet","Ilappo","Elappo"
"Dovrefjell","Ilappo","Omyrsi"
"Jotunheimen, Breiseterdalen","Ilappo","Omyrsi"
"Kühkopf, Mordhecke I","Ilappo","Hpruss"
"Bad Aussee","Ilappo","Ovaria"
"Bad Aussee","Ilappo","Okriec"
"Lapphaugen bei Bardu","Ilappo","Ohasta"
"Lapphaugen bei Bardu","Ilappo","Oglabr"
"Lapphaugen bei Bardu","Ilappo","Onival"
"Lapphaugen bei Bardu","Ilappo","Ovaria"
"Lapphaugen bei Bardu","Ilappo","Onigri"
"Garguluobbal, Karasjok","Ilappo","Oarcti"
"N.-Varanger, Sandfjord","Ilappo","Omyrsi"
"N.-Varanger, Sandfjord","Ilappo","Ovaria"
"N.-Varanger, Sandfjord","Ilappo","Onival"
"Ifjordfjellet / Gilojokka","Ilappo","Oglabr"
"Ifjordfjellet / Gilojokka","Ilappo","Ovaria"
"Ifjordfjellet / Gilojokka","Ilappo","Onival"
"Ifjordfjellet / Gilojokka","Ilappo","Oarcti"
"Ifjordfjellet / Gilojokka","Ilappo","Odolic"
"Ifjordfjellet / Gilojokka","Ilappo","Olappo"
"Ifjordfjellet / Gilojokka","Ilappo","Osamol"
"Ifjordfjellet / Gilojokka","Ilappo","Olappl"
"Kilpisjärvi","Ilappo","Odolic"
"Polarkreis, Krokstrand","Ilappo","Oglabr"
"Polarkreis, Krokstrand","Ilappo","Onival"
"Polarkreis, Krokstrand","Ilappo","Ovaria"
"Polarkreis, Krokstrand","Ilappo","Olappo"
"Polarkreis, Krokstrand","Ilappo","Osamol"
"Polarkreis, Krokstrand","Ilappo","Elappo"
"Polarkreis, Krokstrand","Ilappo","Olappl"
"Korgfjellet","Ilappo","Osamol"
"Korgfjellet","Ilappo","Olappl"
"Korgfjellet","Ilappo","Eboreo"
"Dovrefjell","Ilappo","Elappo"
"Dovrefjell","Ilappo","Olappo"
"Dovrefjell","Ilappo","Olappl"
"Dovrefjell","Ilappo","Osamol"
"Dovrefjell","Ilappo","Onival"
"Jotunheimen, Breiseterdalen","Ilappo","Eboreo"
"Jotunheimen, Breiseterdalen","Ilappo","Onival"
"Jotunheimen, Breiseterdalen","Ilappo","Oglauc"
"Jotunheimen, Breiseterdalen","Ilappo","Elappo"
"Jotunheimen, Breiseterdalen","Ilappo","Elappc"
"Jotunheimen, Breiseterdalen","Ilappo","Osamol"
"Jotunheimen, Breiseterdalen","Ilappo","Olappo"
"Jotunheimen, Breiseterdalen","Ilappo","Olappl"
"Geilo","Ilappo","Onigri"
"Geilo","Ilappo","Emyrsi"
"Geilo","Ilappo","Ovaria"
"Vogelsberg, Hoherodskopf","Ilappo","Ogalla"
"Halltal","Ilappo","Okriec"
"Lapphaugen bei Bardu","Ilappo","Ehasta"
"Lapphaugen bei Bardu","Ilappo","Elanat"
"Lapphaugen bei Bardu","Ilappo","Elappo"
"Lapphaugen bei Bardu","Ilappo","Osamol"
"Lapphaugen bei Bardu","Ilappo","Olappl"
"Lapphaugen bei Bardu","Ilappo","Eboreo"
"Ifjordfjellet / Gilojokka","Ilappo","Elanat"
"Alta, Baeskades","Ilappo","Elappo"
"Alta, Baeskades","Ilappo","Olappl"
"Alta, Baeskades","Ilappo","Eboreo"
"Polarkreis I","Ilappo","Oglauc"
"Polarkreis I","Ilappo","Onival"
"Polarkreis I","Ilappo","Olappl"
"Polarkreis I","Ilappo","Hplicl"
"Polarkreis, Krokstrand","Ilappo","Elappc"
"Polarkreis, Krokstrand","Ilappo","Eboreo"
"Korgfjellet","Ilappo","Elanat"
"Jotunheimen, Breiseterdalen","Ilappo","Odolic"
"Jotunheimen, Breiseterdalen","Ilappo","Oarcti"
"Jotunheimen, Breiseterdalen","Ilappo","Elanat"
"Jotunheimen, Breiseterdalen","Ilappo","Oglabr"
"Jotunheimen, Breiseterdalen","Ilappo","Etesta"
"Tauernpaß, Tweng","Ilappo","Hplicd"
"Tauernpaß, Tweng","Ilappo","Okriec"
"Tauernpaß, Tweng","Ilappo","Oadaph"
"Tauernpaß, Tweng","Ilappo","Eelaea"
"Obergoms, Gletsch","Ilappo","Egemmh"
"Grimselpaß, Grimselsee","Ilappo","Omacul"
"Grimselpaß, Grimselsee","Ilappo","Eboreo"
"Grimselpaß, Grimselsee","Ilappo","Onival"
"Grimselpaß, Grimselsee","Ilappo","Ohasta"
"Grimselpaß, Grimselsee","Ilappo","Ehasta"
"Kühkopf, Mordhecke I","Ilappo","Eatraa"
"Griesheim bei Darmstadt","Ilappo","Epurpu"
"Kühkopf, Mordhecke I","Ilappo","Hpolit"
"Griesheim bei Darmstadt","Ilappo","Hpolit"
"Vogelsberg, Hoherodskopf","Ilappo","Halien"
"Grimselpaß, Grimselsee","Ilappo","Hspirh"
"Grimselpaß, Grimselsee","Ilappo","Hplicg"
"Kiel, Dietrichsdorf","Ilappo","Esubge"
"Griesheim bei Darmstadt","Ilappo","Hpruss"
"Griesheim bei Darmstadt","Ilappo","Hleuca"
"N.-Varanger, Sandfjord","Ilappo","Oherba"
"N.-Varanger, Sandfjord","Ilappo","Oretic"
"Polarkreis I","Ilappo","Odolic"
"Kilpisjärvi","Ilappo","Elanat"
"Kilpisjärvi","Ilappo","Eboreo"
"Kilpisjärvi","Ilappo","Elappc"
"Kilpisjärvi","Ilappo","Ephyli"
"Lapphaugen bei Bardu","Ilappo","Emyrsi"
"Polarkreis, Krokstrand","Ilappo","Elanat"
"Jotunheimen, Breiseterdalen","Ilappo","Hplicg"
"Korgfjellet","Ilappo","Hplicg"
"Kiel, Dietrichsdorf","Ilappo","Egemmc"
"Kiel, Dietrichsdorf","Ilappo","Eciner"
"Tauernpaß, Tweng","Ilappo","Edaphn"
"Tauernpaß, Tweng","Ilappo","Eappen"
"Dovrefjell","Ilappo","Hnudip"
"N.-Varanger, Sandfjord","Ilappo","Hplicg"
"Lapphaugen bei Bardu","Ilappo","Hplicg"
"Lapphaugen bei Bardu","Ilappo","Htuber"
"Ifjordfjellet / Gilojokka","Ilappo","Hplicg"
"Ifjordfjellet / Gilojokka","Ilappo","Hnudip"
"Kilpisjärvi","Ilappo","Hnudip"
"Kilpisjärvi","Ilappo","Hacuti"
"Kilpisjärvi","Ilappo","Hplicg"
"Polarkreis I","Ilappo","Hplicg"
"Kilpisjärvi","Ilappo","Hischn"
"Kilpisjärvi","Ilappo","Htuber"
"Lapphaugen bei Bardu","Ilappo","Hnudip"
"Polarkreis I","Ilappo","Hacuti"
"Ifjordfjellet / Gilojokka","Ilappo","Eboreo"
"Kiel, Dietrichsdorf","Ilappo","Hangli"
"Kiel, Dietrichsdorf","Ilappo","Hleuca"
"Kiel, Dietrichsdorf","Ilappo","Hpruss"
"Polarkreis I","Ilappo","Opolar"
"Tretten, Nordbu nr. Ringebu","Ilappo","Eboreo"
"Peer Gynt veien II","Ilappo","Hplicp"
"Tretten, Nordbu nr. Ringebu","Ilappo","Elappo"
"Katinger Watt","Ilappo","Opedun"
"Katinger Watt","Ilappo","Hleuca"
"Katinger Watt","Ilappo","Hpruss"
"Tretten, Nordbu nr. Ringebu","Ilappo","Hacuti"
"Tretten, Nordbu nr. Ringebu","Ilappo","Hplicg"
"Kiel, Dietrichsdorf","Ilappo","Hpolit"
"Kiel, Langsee","Ilappo","Hpruss"
"Kiel, Langsee","Ilappo","Hangli"
"Kiel, Langsee","Ilappo","Hleuca"
"Tretten, Nordbu nr. Ringebu","Ilappo","Hsglau"
"Tretten, Nordbu nr. Ringebu","Ilappo","Hplicl"
"Hegne nr. Allensbach","Ireuni","Hleuca"
"Kattenhorn nr. Wangen / Bodensee /Untersee","Ireuni","Hpruss"
"Hegne nr. Allensbach","Ireuni","Hpruss"
"Kattenhorn nr. Wangen / Bodensee /Untersee","Ireuni","Hleuca"
"Radolfzell, Mettnau","Ireuni","Oviril"
"Weinfelden / Thur","Ireuni","Hangli"
"Weinfelden / Thur","Ireuni","Hpolit"
"Radolfzell, Mettnau","Ireuni","Hpurpu"
"Radolfzell, Mettnau","Ireuni","Hpolit"
"Weinfelden / Thur","Ireuni","Hpurpu"
"Radolfzell, Mindelsee","Ireuni","Hleuca"
"Radolfzell, Mindelsee","Ireuni","Hpruss"
"Radolfzell, Mettnau","Ireuni","Halien"
"Radolfzell, Mettnau","Ireuni","Heryth"
"Weinfelden / Thur","Ireuni","Hleuco"
"Rügen, Dolgemost","Ireuni","Hpruss"
"Rügen, Dolgemost","Ireuni","Hleuca"
"Radolfzell, Mettnau","Ireuni","Hoblit"
"Radolfzell, Mettnau","Ireuni","Hspecc"
"Radolfzell, Mettnau","Ireuni","Hpruss"
"Radolfzell, Mettnau","Ireuni","Hleuca"
"Tauernpaß, Tweng","Lalpic","Hplicd"
"Tauernpaß, Tweng","Lalpic","Okriec"
"Tauernpaß, Tweng","Lalpic","Oadaph"
"Tauernpaß, Tweng","Lalpic","Eelaea"
"Mattertal, Täsch","Lalpic","Ovimin"
"Mattertal, Täsch","Lalpic","Epurpu"
"Mattertal, Täsch","Lalpic","Oadaph"
"Tauernpaß, Tweng","Lalpic","Edaphn"
"Tauernpaß, Tweng","Lalpic","Eappen"
"Zillertal, Hintertux/ Weitental","Lalpio","Ovaria"
"Zillertal, Hintertux/ Weitental","Lalpio","Onigri"
"Zillertal, Hintertux/ Weitental","Lalpio","Ovesic"
"Zillertal, Hintertux/ Weitental","Lalpio","Oobscu"
"Zillertal, Hintertux/ Weitental","Lalpio","Ofoeti"
"Zillertal, Hintertux/ Weitental","Lalpio","Obridg"
"Zillertal, Hintertux/ Weitental","Lalpio","Oretus"
"Zillertal, Hintertux/ Weitental","Lalpio","Ovimin"
"Zillertal, Hintertux/ Weitental","Lalpio","Oretic"
"Zillertal, Hintertux/ Weitental","Lalpio","Omonti"
"Zillertal, Hintertux/ Weitental","Lalpio","Eelaea"
"Zillertal, Hintertux/ Weitental","Lalpio","Ohasta"
"Zillertal, Hintertux/ Weitental","Lalpio","Egemmf"
"S.-Varanger, Nyrud","Lalpiu","Ovaria"
"S.-Varanger, Nyrud","Lalpiu","Oarcti"
"S.-Varanger, Nyrud","Lalpiu","Evenus"
"S.-Varanger, Nyrud","Lalpiu","Ospset"
"S.-Varanger, Nyrud","Lalpiu","Elappo"
"S.-Varanger, Nyrud","Lalpiu","Omyrti"
"S.-Varanger, Nyrud","Lalpiu","Ogalla"
"S.-Varanger, Nyrud","Lalpiu","Emyrti"
"S.-Varanger, Nyrud","Lalpiu","Hscapr"
"S.-Varanger, Nyrud","Lalpiu","Hleuco"
"S.-Varanger, Nyrud","Lalpiu","Hischn"
"S.-Varanger, Nyrud","Lalpiu","Hnudip"
"S.-Varanger, Nyrud","Lalpiu","Htuber"
"Torne Träsk, Abisko","Latole","Oretic"
"Torne Träsk, Abisko","Latole","Oherba"
"Torne Träsk, Abisko","Latole","Oglabr"
"Torne Träsk, Abisko","Latole","Eboreo"
"Torne Träsk, Abisko","Latole","Onival"
"Torne Träsk, Abisko","Latole","Ehasta"
"Torne Träsk, Abisko","Latole","Ohasta"
"Torne Träsk, Abisko","Latole","Oarcti"
"Torne Träsk, Abisko","Latole","Ephyli"
"Torne Träsk, Abisko","Latole","Hnudip"
"Torne Träsk, Abisko","Latole","Odolic"
"Torne Träsk, Abisko","Latole","Emyrsi"
"Torne Träsk, Abisko","Latole","Ovaria"
"Torne Träsk, Abisko","Latole","Hischn"
"Torne Träsk, Abisko","Latole","Onigri"
"Torne Träsk, Abisko","Latole","Esmyrs"
"Röros","Latole","Obridg"
"Kvamskogen","Latole","Opustu"
"Röros","Latole","Ohasta"
"Röros","Latole","Hanoma"
"Röros","Latole","Hsglau"
"Röros","Latole","Hplicg"
"Kvamskogen","Latole","Halien"
"Kvamskogen","Latole","Hnudip"
"Kvamskogen","Latole","Hleuco"
"Kvamskogen","Latole","Hplicl"
"Dovrefjell","Lflexi","Odolic"
"Dovrefjell","Lflexi","Oarcti"
"Korgfjellet","Lflexi","Oglauc"
"Korgfjellet","Lflexi","Onival"
"Korgfjellet","Lflexi","Oglabr"
"Korgfjellet","Lflexi","Oretic"
"Korgfjellet","Lflexi","Ohasta"
"Peer Gynt veien I","Lflexi","Oglabr"
"Peer Gynt veien I","Lflexi","Onival"
"Peer Gynt veien I","Lflexi","Ohasta"
"Skoganvatnet","Lflexi","Opustu"
"Skoganvatnet","Lflexi","Ovaria"
"Korgfjellet","Lflexi","Olappo"
"Alta, Baeskades","Lflexi","Oglabr"
"Alta, Baeskades","Lflexi","Onival"
"Alta, Baeskades","Lflexi","Osamol"
"Alta, Baeskades","Lflexi","Oarcti"
"Kilpisjärvi","Lflexi","Oarcti"
"Alta, Baeskades","Lflexi","Oherba"
"Kilpisjärvi","Lflexi","Ohasta"
"Kilpisjärvi","Lflexi","Osamol"
"Kilpisjärvi","Lflexi","Ehasta"
"Kilpisjärvi","Lflexi","Olappo"
"Kilpisjärvi","Lflexi","Elappo"
"Torne Träsk, Abisko","Lflexi","Oretic"
"Torne Träsk, Abisko","Lflexi","Oherba"
"Korgfjellet","Lflexi","Omyrsi"
"Korgfjellet","Lflexi","Ospeit"
"Korgfjellet","Lflexi","Elappc"
"Korgfjellet","Lflexi","Elappo"
"Dovrefjell","Lflexi","Omyrsi"
"Peer Gynt veien I","Lflexi","Olappo"
"Peer Gynt veien I","Lflexi","Olappl"
"Peer Gynt veien I","Lflexi","Opustu"
"Lapphaugen bei Bardu","Lflexi","Ohasta"
"Lapphaugen bei Bardu","Lflexi","Oglabr"
"Lapphaugen bei Bardu","Lflexi","Onival"
"Lapphaugen bei Bardu","Lflexi","Ovaria"
"Lapphaugen bei Bardu","Lflexi","Onigri"
"N.-Varanger, Sandfjord","Lflexi","Omyrsi"
"N.-Varanger, Sandfjord","Lflexi","Ovaria"
"N.-Varanger, Sandfjord","Lflexi","Onival"
"Ifjordfjellet / Gilojokka","Lflexi","Oglabr"
"Ifjordfjellet / Gilojokka","Lflexi","Ovaria"
"Ifjordfjellet / Gilojokka","Lflexi","Onival"
"Ifjordfjellet / Gilojokka","Lflexi","Oarcti"
"Ifjordfjellet / Gilojokka","Lflexi","Odolic"
"Ifjordfjellet / Gilojokka","Lflexi","Olappo"
"Ifjordfjellet / Gilojokka","Lflexi","Osamol"
"Ifjordfjellet / Gilojokka","Lflexi","Olappl"
"Kilpisjärvi","Lflexi","Odolic"
"Torne Träsk, Abisko","Lflexi","Oglabr"
"Polarkreis, Krokstrand","Lflexi","Oglabr"
"Polarkreis, Krokstrand","Lflexi","Onival"
"Polarkreis, Krokstrand","Lflexi","Ovaria"
"Polarkreis, Krokstrand","Lflexi","Olappo"
"Polarkreis, Krokstrand","Lflexi","Osamol"
"Polarkreis, Krokstrand","Lflexi","Elappo"
"Polarkreis, Krokstrand","Lflexi","Olappl"
"Korgfjellet","Lflexi","Osamol"
"Korgfjellet","Lflexi","Olappl"
"Korgfjellet","Lflexi","Eboreo"
"Dovrefjell","Lflexi","Elappo"
"Dovrefjell","Lflexi","Olappo"
"Dovrefjell","Lflexi","Olappl"
"Dovrefjell","Lflexi","Osamol"
"Dovrefjell","Lflexi","Onival"
"Lapphaugen bei Bardu","Lflexi","Ehasta"
"Lapphaugen bei Bardu","Lflexi","Elanat"
"Lapphaugen bei Bardu","Lflexi","Elappo"
"Neiden","Lflexi","Elanat"
"Lapphaugen bei Bardu","Lflexi","Osamol"
"Lapphaugen bei Bardu","Lflexi","Olappl"
"Lapphaugen bei Bardu","Lflexi","Eboreo"
"Neiden","Lflexi","Ovaria"
"Neiden","Lflexi","Oglabr"
"Neiden","Lflexi","Oarcti"
"Neiden","Lflexi","Hischn"
"Ifjordfjellet / Gilojokka","Lflexi","Elanat"
"Alta, Baeskades","Lflexi","Elappo"
"Alta, Baeskades","Lflexi","Olappl"
"Alta, Baeskades","Lflexi","Eboreo"
"Torne Träsk, Abisko","Lflexi","Eboreo"
"Torne Träsk, Abisko","Lflexi","Onival"
"Torne Träsk, Abisko","Lflexi","Ehasta"
"Torne Träsk, Abisko","Lflexi","Ohasta"
"Torne Träsk, Abisko","Lflexi","Oarcti"
"Torne Träsk, Abisko","Lflexi","Ephyli"
"Torne Träsk, Abisko","Lflexi","Hnudip"
"Torne Träsk, Abisko","Lflexi","Odolic"
"Torne Träsk, Abisko","Lflexi","Emyrsi"
"Torne Träsk, Abisko","Lflexi","Ovaria"
"Torne Träsk, Abisko","Lflexi","Hischn"
"Torne Träsk, Abisko","Lflexi","Onigri"
"Polarkreis, Krokstrand","Lflexi","Elappc"
"Polarkreis, Krokstrand","Lflexi","Eboreo"
"Korgfjellet","Lflexi","Elanat"
"N.-Varanger, Sandfjord","Lflexi","Oherba"
"N.-Varanger, Sandfjord","Lflexi","Oretic"
"Kilpisjärvi","Lflexi","Elanat"
"Kilpisjärvi","Lflexi","Eboreo"
"Kilpisjärvi","Lflexi","Elappc"
"Kilpisjärvi","Lflexi","Ephyli"
"Torne Träsk, Abisko","Lflexi","Esmyrs"
"Lapphaugen bei Bardu","Lflexi","Emyrsi"
"Polarkreis, Krokstrand","Lflexi","Elanat"
"Korgfjellet","Lflexi","Hplicg"
"Dovrefjell","Lflexi","Hnudip"
"N.-Varanger, Sandfjord","Lflexi","Hplicg"
"Lapphaugen bei Bardu","Lflexi","Hplicg"
"Lapphaugen bei Bardu","Lflexi","Htuber"
"Ifjordfjellet / Gilojokka","Lflexi","Hplicg"
"Ifjordfjellet / Gilojokka","Lflexi","Hnudip"
"Kilpisjärvi","Lflexi","Hnudip"
"Kilpisjärvi","Lflexi","Hacuti"
"Kilpisjärvi","Lflexi","Hplicg"
"Kilpisjärvi","Lflexi","Hischn"
"Kilpisjärvi","Lflexi","Htuber"
"Lapphaugen bei Bardu","Lflexi","Hnudip"
"Ifjordfjellet / Gilojokka","Lflexi","Eboreo"
"Peer Gynt veien I","Lflexi","Osamol"
"Peer Gynt veien I","Lflexi","Elappo"
"Kilpisjärvi","Lforti","Oarcti"
"Kilpisjärvi","Lforti","Ohasta"
"Kilpisjärvi","Lforti","Osamol"
"Kilpisjärvi","Lforti","Ehasta"
"Kilpisjärvi","Lforti","Olappo"
"Kilpisjärvi","Lforti","Elappo"
"Jotunheimen, Breiseterdalen","Lforti","Omyrsi"
"Kilpisjärvi","Lforti","Odolic"
"Polarkreis, Krokstrand","Lforti","Oglabr"
"Polarkreis, Krokstrand","Lforti","Onival"
"Polarkreis, Krokstrand","Lforti","Ovaria"
"Polarkreis, Krokstrand","Lforti","Olappo"
"Polarkreis, Krokstrand","Lforti","Osamol"
"Polarkreis, Krokstrand","Lforti","Elappo"
"Polarkreis, Krokstrand","Lforti","Olappl"
"Jotunheimen, Breiseterdalen","Lforti","Eboreo"
"Jotunheimen, Breiseterdalen","Lforti","Onival"
"Jotunheimen, Breiseterdalen","Lforti","Oglauc"
"Jotunheimen, Breiseterdalen","Lforti","Elappo"
"Jotunheimen, Breiseterdalen","Lforti","Elappc"
"Jotunheimen, Breiseterdalen","Lforti","Osamol"
"Jotunheimen, Breiseterdalen","Lforti","Olappo"
"Jotunheimen, Breiseterdalen","Lforti","Olappl"
"Taunus, Oberreiffenberg","Lforti","Ogalla"
"Taunus, Oberreiffenberg","Lforti","Emucro"
"Polarkreis, Krokstrand","Lforti","Elappc"
"Polarkreis, Krokstrand","Lforti","Eboreo"
"Namsskogan, Mellingsmoen","Lforti","Evenus"
"Namsskogan, Mellingsmoen","Lforti","Ogalla"
"Namsskogan, Mellingsmoen","Lforti","Hleuco"
"Namsskogan, Mellingsmoen","Lforti","Enigri"
"Namsskogan, Mellingsmoen","Lforti","Obridg"
"Jotunheimen, Breiseterdalen","Lforti","Odolic"
"Jotunheimen, Breiseterdalen","Lforti","Oarcti"
"Jotunheimen, Breiseterdalen","Lforti","Elanat"
"Jotunheimen, Breiseterdalen","Lforti","Oglabr"
"Jotunheimen, Breiseterdalen","Lforti","Etesta"
"Namsskogan, Mellingsmoen","Lforti","Ovaria"
"Kilpisjärvi","Lforti","Elanat"
"Kilpisjärvi","Lforti","Eboreo"
"Kilpisjärvi","Lforti","Elappc"
"Kilpisjärvi","Lforti","Ephyli"
"Polarkreis, Krokstrand","Lforti","Elanat"
"Jotunheimen, Breiseterdalen","Lforti","Hplicg"
"Kilpisjärvi","Lforti","Hnudip"
"Kilpisjärvi","Lforti","Hacuti"
"Kilpisjärvi","Lforti","Hplicg"
"Kilpisjärvi","Lforti","Hischn"
"Kilpisjärvi","Lforti","Htuber"
"Polarkreis III","Llappo","Olappl"
"Polarkreis III","Llappo","Elappc"
"Polarkreis III","Llappo","Odolic"
"Vikafjell bei Viksöyri","Llappo","Eboreo"
"Vikafjell bei Viksöyri","Llappo","Onival"
"Vikafjell bei Viksöyri","Llappo","Elappo"
"Vikafjell bei Viksöyri","Llappo","Osamol"
"Vikafjell bei Viksöyri","Llappo","Olappl"
"Vikafjell bei Viksöyri","Llappo","Elappc"
"Seljestad bei Odda","Llappo","Eboreo"
"Vikafjell bei Viksöyri","Llappo","Olappo"
"Seljestad bei Odda","Llappo","Elappo"
"Seljestad bei Odda","Llappo","Osamol"
"Seljestad bei Odda","Llappo","Elappc"
"Seljestad bei Odda","Llappo","Olappl"
"Seljestad bei Odda","Llappo","Olappo"
"Seljestad bei Odda","Llappo","Hacuti"
"Vikafjell bei Viksöyri","Llappo","Hacuti"
"Vikafjell bei Viksöyri","Llappo","Hplicg"
"Seljestad bei Odda","Llappo","Hplicl"
"Vikafjell bei Viksöyri","Llappo","Hsglau"
"Vikafjell bei Viksöyri","Llappo","Hslana"
"Vikafjell bei Viksöyri","Llappo","Hplicl"
"Kühkopf, Mordhecke I","Llugen","Ovimin"
"Griesheim bei Darmstadt","Llugen","Ovimin"
"Griesheim bei Darmstadt","Llugen","Ogalla"
"Griesheim bei Darmstadt","Llugen","Obridg"
"Griesheim bei Darmstadt","Llugen","Ovesic"
"Kühkopf, Mordhecke I","Llugen","Ovesic"
"Kühkopf, Mordhecke I","Llugen","Opedun"
"Taunus, Waldems-Reichenbach","Llugen","Oproxi"
"Taunus, Waldems-Esch","Llugen","Oproxi"
"Taunus, Hunoldstal","Llugen","Oproxi"
"Taunus, Hunoldstal","Llugen","Ovimin"
"Frankfurt, Riedwiese","Llugen","Opedun"
"Frankfurt, Riedwiese","Llugen","Obridg"
"Frankfurt, Riedwiese","Llugen","Ovimin"
"Kühkopf, Mordhecke I","Llugen","Obella"
"Kühkopf, Mordhecke III","Llugen","Oproxi"
"Kühkopf, Mordhecke III","Llugen","Ovimin"
"Kühkopf, Mordhecke I","Llugen","Oproxi"
"Kühkopf, Mordhecke I","Llugen","Obridg"
"Griesheim bei Darmstadt","Llugen","Oviril"
"Griesheim bei Darmstadt","Llugen","Opedun"
"Taunus, Usingen","Llugen","Oproxi"
"Taunus, Usingen","Llugen","Ogalla"
"Vogelsberg, Hoherodskopf","Llugen","Obridg"
"Taunus, Usingen","Llugen","Obridg"
"Griesheim bei Darmstadt","Llugen","Hangli"
"Obergoms, Gletsch","Llugen","Ohelve"
"Obergoms, Gletsch","Llugen","Omacul"
"Binntal nr. Fiesch","Llugen","Ofoeti"
"Binntal nr. Fiesch","Llugen","Ovaria"
"Binntal nr. Fiesch","Llugen","Oobscu"
"Binntal nr. Fiesch","Llugen","Omacul"
"Obergoms, Gletsch","Llugen","Onival"
"Obergoms, Gletsch","Llugen","Ohasta"
"Stiklestad","Llugen","Onigri"
"Stiklestad","Llugen","Ovaria"
"Stiklestad","Llugen","Obridg"
"Leitenberg","Llugen","Oproxi"
"Herbertshausen","Llugen","Oproxi"
"Kühkopf, Mordhecke I","Llugen","Oviril"
"Vogelsberg, Hoherodskopf","Llugen","Opedun"
"Vogelsberg, Hoherodskopf","Llugen","Hleuco"
"Howacht 3","Llugen","Oproxi"
"Katinger Watt","Llugen","Ovimin"
"Katinger Watt","Llugen","Oproxi"
"Rogerfelde","Llugen","Oproxi"
"Altenkrempe","Llugen","Oproxi"
"Mellum","Llugen","Oproxi"
"Obergoms, Gletsch","Llugen","Oadaph"
"Obergoms, Gletsch","Llugen","Ovesic"
"Obergoms, Gletsch","Llugen","Ovimin"
"Obergoms, Gletsch","Llugen","Oviril"
"Obergoms, Gletsch","Llugen","Obridg"
"Kühkopf, Mordhecke I","Llugen","Hpruss"
"Kühkopf, Mordhecke III","Llugen","Oviril"
"Vogelsberg, Hoherodskopf","Llugen","Ogalla"
"Zederhaustal, Oberweißburg","Llugen","Hplicd"
"Zederhaustal, Oberweißburg","Llugen","Edaphn"
"Zederhaustal, Oberweißburg","Llugen","Oproxi"
"Zederhaustal, Oberweißburg","Llugen","Oadaph"
"Obergoms, Gletsch","Llugen","Egemmh"
"Kühkopf, Mordhecke I","Llugen","Eatraa"
"Kühkopf, Mordhecke III","Llugen","Eatraa"
"Kühkopf, Mordhecke III","Llugen","Eangus"
"Griesheim bei Darmstadt","Llugen","Epurpu"
"Kühkopf, Mordhecke I","Llugen","Hpolit"
"Griesheim bei Darmstadt","Llugen","Hpolit"
"Ortenberg I","Llugen","Hoblit"
"Ortenberg I","Llugen","Hangli"
"Ortenberg I","Llugen","Hpolit"
"Vogelsberg, Hoherodskopf","Llugen","Halien"
"Val di Egro, Mt. Tremalzo II","Llugen","Ohasta"
"Val di Egro, Mt. Tremalzo II","Llugen","Ehasta"
"Val di Egro, Mt. Tremalzo II","Llugen","Oobscu"
"Val di Egro, Mt. Tremalzo II","Llugen","Obridg"
"Taunus, Hunoldstal","Llugen","Hleuca"
"Taunus, Usingen","Llugen","Halien"
"Taunus, Usingen","Llugen","Hleuca"
"Taunus, Usingen","Llugen","Eatraa"
"Griesheim bei Darmstadt","Llugen","Hpruss"
"Griesheim bei Darmstadt","Llugen","Hleuca"
"Stiklestad","Llugen","Otrian"
"Ortenberg I","Llugen","Oproxi"
"Ortenberg I","Llugen","Ovimin"
"Urdenbach, Urdenbacher Kämpe","Llugen","Oproxi"
"Grietherbusch / Dornick","Llugen","Oproxi"
"Hartheim","Llugen","Ovimin"
"Honau","Llugen","Ovaria"
"Honau","Llugen","Ovimin"
"Grietherbusch / Dornick","Llugen","Otrian"
"Hartheim","Llugen","Oproxi"
"Grietherbusch / Dornick","Llugen","Hangli"
"Urdenbach, Urdenbacher Kämpe","Llugen","Hoblit"
"Grietherbusch / Dornick","Llugen","Hoblit"
"Urdenbach, Urdenbacher Kämpe","Llugen","Hangli"
"Hartheim","Llugen","Hangli"
"Honau","Llugen","Hoblit"
"Honau","Llugen","Hpolit"
"Honau","Llugen","Hpruss"
"Hartheim","Llugen","Ovesic"
"Honau","Llugen","Oproxi"
"Fluela-Paß","Llugen","Oobscu"
"Hartheim","Llugen","Hoblit"
"Honau","Llugen","Hangli"
"Katinger Watt","Llugen","Opedun"
"Katinger Watt","Llugen","Hleuca"
"Katinger Watt","Llugen","Hpruss"
"N.-Varanger, Tanabru","Lpunct","Oarcti"
"N.-Varanger, Tanabru","Lpunct","Osamol"
"N.-Varanger, Tanabru","Lpunct","Olappl"
"N.-Varanger, Tanabru","Lpunct","Olappo"
"N.-Varanger, Tanabru","Lpunct","Ephyli"
"N.-Varanger, Tanabru","Lpunct","Ohasta"
"N.-Varanger, Tanabru","Lpunct","Elanat"
"N.-Varanger, Tanabru","Lpunct","Odolic"
"N.-Varanger, Tanabru","Lpunct","Ehasta"
"Seljestad bei Odda","Lpunct","Eboreo"
"Seljestad bei Odda","Lpunct","Elappo"
"Seljestad bei Odda","Lpunct","Osamol"
"Seljestad bei Odda","Lpunct","Elappc"
"Seljestad bei Odda","Lpunct","Olappl"
"Seljestad bei Odda","Lpunct","Olappo"
"Seljestad bei Odda","Lpunct","Hacuti"
"N.-Varanger, Tanabru","Lpunct","Elappo"
"Skutevik","Lpunct","Eciner"
"Skutevik","Lpunct","Emucro"
"Skutevik","Lpunct","Egemmc"
"Skutevik","Lpunct","Oarcti"
"Lakselv / Stabursnes","Lpunct","Hischn"
"Lakselv / Stabursnes","Lpunct","Hplicp"
"Lakselv / Stabursnes","Lpunct","Hnudip"
"N.-Varanger, Tanabru","Lpunct","Hnudip"
"N.-Varanger, Tanabru","Lpunct","Hischn"
"N.-Varanger, Reppen","Lpunct","Hplicp"
"N.-Varanger, Reppen","Lpunct","Hischn"
"N.-Varanger, Reppen","Lpunct","Hplicg"
"Skutevik","Lpunct","Hanoma"
"Skutevik","Lpunct","Heryth"
"Seljestad bei Odda","Lpunct","Hplicl"
"Skutevik","Lpunct","Halien"
"Skutevik","Lpunct","Eaurit"
"Hammer","Lpunct","Hcarin"
"Hammer","Lpunct","Hischn"
"Hammer","Lpunct","Halien"
"Leira nr. Trondheim","Lpunct","Halien"
"Leira nr. Trondheim","Lpunct","Heryth"
"Leira nr. Trondheim","Lpunct","Obella"
"Hordalia nr. Röldal","Lpunct","Hplicg"
"Hordalia nr. Röldal","Lpunct","Hplicl"
"Hordalia nr. Röldal","Lpunct","Hsglau"
"Karben","Lsubco","Otrian"
"Ötztal, Obergurgl","Mesole","Ohasta"
"Ötztal, Obergurgl","Mesole","Ovaria"
"S.-Varanger, Vaggatem","Mesole","Oarcti"
"S.-Varanger, Vaggatem","Mesole","Ospset"
"S.-Varanger, Vaggatem","Mesole","Odolic"
"S.-Varanger, Vaggatem","Mesole","Onorve"
"S.-Varanger, Vaggatem","Mesole","Onival"
"S.-Varanger, Vaggatem","Mesole","Osamol"
"S.-Varanger, Vaggatem","Mesole","Omyrti"
"S.-Varanger, Vaggatem","Mesole","Emyrti"
"S.-Varanger, Vaggatem","Mesole","Ovaria"
"S.-Varanger, Vaggatem","Mesole","Oglabr"
"S.-Varanger, Vaggatem","Mesole","Elappo"
"S.-Varanger, Vaggatem","Mesole","Elappc"
"S.-Varanger, Vaggatem","Mesole","Ohasta"
"Obertauern I","Mesole","Onigri"
"Obertauern I","Mesole","Ovaria"
"Obertauern I","Mesole","Omonti"
"Obertauern I","Mesole","Ofoeti"
"Obertauern I","Mesole","Oobscu"
"Obertauern I","Mesole","Egemmf"
"Ötztal, Obergurgl","Mesole","Onival"
"Obertauern I","Mesole","Hischn"
"Obertauern I","Mesole","Emyrsi"
"Obertauern I","Mesole","Ehasta"
"Ötztal, Obergurgl","Mesole","Hplicg"
"Ötztal, Obergurgl","Mesole","Ehasta"
"Ötztal, Obergurgl","Mesole","Eboreo"
"Obertauern I","Mesole","Obridg"
"Obertauern I","Mesole","Oadaph"
"Obertauern I","Mesole","Hplicd"
"Kühkopf, Mordhecke II","Mesole","Hpolit"
"Kühkopf, Mordhecke II","Mesole","Hpruss"
"Kühkopf, Mordhecke II","Mesole","Hoblit"
"Ötztal, Obergurgl","Mesole","Epurpu"
"Etzen","Mesole","Eweiff"
"S.-Varanger, Vaggatem","Mesole","Esmyrt"
"Etzen","Mesole","Eaurit"
"Etzen","Mesole","Ocolla"
"Zillis","Mesole","Okriec"
"Zillis","Mesole","Ovimin"
"Zillis","Mesole","Ovesic"
"Zillis","Mesole","Evenus"
"Juppa","Mesole","Obrevi"
"Juppa","Mesole","Ovaria"
"Juppa","Mesole","Ofoeti"
"Juppa","Mesole","Oobscu"
"Albulapaß nr. Paßhöhe","Mesole","Oretus"
"Albulapaß nr. Paßhöhe","Mesole","Oretic"
"Juppa","Mesole","Egemmf"
"Zillis","Mesole","Edaphn"
"Zillis","Mesole","Enigri"
"Zillis","Mesole","Hischn"
"Juppa","Mesole","Hischn"
"Zillis","Mesole","Eelaea"
"Juppa","Mesole","Oretic"
"Zillis","Mesole","Hleuco"
"S.-Varanger, Vaggatem","Mesole","Hscapr"
"S.-Varanger, Vaggatem","Mesole","Hnudip"
"Nufenenpaß, Val de Bedretto II","Mlongi","Eelaea"
"Nufenenpaß, Val de Bedretto II","Mlongi","Okriec"
"Griesheim bei Darmstadt","Mspone","Ovimin"
"Griesheim bei Darmstadt","Mspone","Ogalla"
"Griesheim bei Darmstadt","Mspone","Obridg"
"Griesheim bei Darmstadt","Mspone","Ovesic"
"Griesheim bei Darmstadt","Mspone","Oviril"
"Griesheim bei Darmstadt","Mspone","Opedun"
"Griesheim bei Darmstadt","Mspone","Hangli"
"Griesheim bei Darmstadt","Mspone","Epurpu"
"Griesheim bei Darmstadt","Mspone","Hpolit"
"Griesheim bei Darmstadt","Mspone","Hpruss"
"Griesheim bei Darmstadt","Mspone","Hleuca"
"Kühkopf, Mordhecke I","Mvesic","Ovimin"
"Kühkopf, Mordhecke I","Mvesic","Ovesic"
"Kühkopf, Mordhecke I","Mvesic","Opedun"
"Kühkopf, Mordhecke I","Mvesic","Obella"
"Kühkopf, Mordhecke I","Mvesic","Oproxi"
"Kühkopf, Mordhecke I","Mvesic","Obridg"
"Kühkopf, Mordhecke I","Mvesic","Oviril"
"Hennestrand","Mvesic","Ocolla"
"Vejersstrand","Mvesic","Ocolla"
"Kühkopf, Mordhecke I","Mvesic","Hpruss"
"Taunus, Oberreiffenberg","Mvesic","Ogalla"
"Taunus, Oberreiffenberg","Mvesic","Emucro"
"Kühkopf, Mordhecke I","Mvesic","Eatraa"
"Kühkopf, Mordhecke I","Mvesic","Hpolit"
"Etzen","Mvesic","Eweiff"
"Etzen","Mvesic","Eaurit"
"Etzen","Mvesic","Ocolla"
"Vejersstrand","Mvesic","Eweiff"
"Vejersstrand","Mvesic","Hpruss"
"Vejersstrand","Mvesic","Hleuca"
"Vejersstrand","Mvesic","Hangli"
"Saastal, Mattmark","Mymari","Omacul"
"Saastal, Mattmark","Mymari","Ohasta"
"Saastal, Mattmark","Mymari","Ovaria"
"Saastal, Mattmark","Mymari","Obrevi"
"Saastal, Mattmark","Mymari","Oviril"
"Saastal, Mattmark","Mymari","Ovimin"
"Saastal, Mattmark","Mymari","Ehasta"
"Saastal, Mattmark","Mymari","Egemmf"
"Saastal, Mattmark","Mymari","Emyrsi"
"Saastal, Mattmark","Mymari","Egemmh"
"Saastal, Mattmark","Mymari","Ofoeti"
"Ötztal, Sölden/ Rechenau","Olesic","Obridg"
"Jotunheimen, Breiseterdalen","Olesic","Omyrsi"
"Jotunheimen, Breiseterdalen","Olesic","Eboreo"
"Jotunheimen, Breiseterdalen","Olesic","Onival"
"Jotunheimen, Breiseterdalen","Olesic","Oglauc"
"Jotunheimen, Breiseterdalen","Olesic","Elappo"
"Jotunheimen, Breiseterdalen","Olesic","Elappc"
"Jotunheimen, Breiseterdalen","Olesic","Osamol"
"Jotunheimen, Breiseterdalen","Olesic","Olappo"
"Jotunheimen, Breiseterdalen","Olesic","Olappl"
"Polarkreis III","Olesic","Olappl"
"Polarkreis III","Olesic","Elappc"
"Polarkreis III","Olesic","Odolic"
"Jotunheimen, Breiseterdalen","Olesic","Odolic"
"Jotunheimen, Breiseterdalen","Olesic","Oarcti"
"Jotunheimen, Breiseterdalen","Olesic","Elanat"
"Jotunheimen, Breiseterdalen","Olesic","Oglabr"
"Jotunheimen, Breiseterdalen","Olesic","Etesta"
"Jotunheimen, Breiseterdalen","Olesic","Hplicg"
"Dachsteinstraße, Ramsau","Olesic","Ogalla"
"Dachsteinstraße, Ramsau","Olesic","Obridg"
"Dachsteinstraße, Ramsau","Olesic","Epurpu"
"Kühkopf, Mordhecke I","Pclavi","Ovimin"
"Kühkopf, Mordhecke I","Pclavi","Ovesic"
"Kühkopf, Mordhecke I","Pclavi","Opedun"
"Kühkopf, Mordhecke I","Pclavi","Obella"
"Kühkopf, Mordhecke I","Pclavi","Oproxi"
"Kühkopf, Mordhecke I","Pclavi","Obridg"
"Kühkopf, Mordhecke I","Pclavi","Oviril"
"Kühkopf, Mordhecke I","Pclavi","Hpruss"
"Kühkopf, Mordhecke I","Pclavi","Eatraa"
"Kühkopf, Mordhecke I","Pclavi","Hpolit"
"Zillertal, Hintertux/ Weitental","Pcynip","Ovaria"
"Zillertal, Hintertux/ Weitental","Pcynip","Onigri"
"Zillertal, Hintertux/ Weitental","Pcynip","Ovesic"
"Zillertal, Hintertux/ Weitental","Pcynip","Oobscu"
"Zillertal, Hintertux/ Weitental","Pcynip","Ofoeti"
"Zillertal, Hintertux/ Weitental","Pcynip","Obridg"
"Zillertal, Hintertux/ Weitental","Pcynip","Oretus"
"Zillertal, Hintertux/ Weitental","Pcynip","Ovimin"
"Zillertal, Hintertux/ Weitental","Pcynip","Oretic"
"Zillertal, Hintertux/ Weitental","Pcynip","Omonti"
"Zillertal, Hintertux/ Weitental","Pcynip","Eelaea"
"Zillertal, Lanersbach","Pcynip","Onigri"
"Zillertal, Lanersbach","Pcynip","Oadaph"
"Zillertal, Lanersbach","Pcynip","Ovaria"
"Obergoms, Reckingen","Pcynip","Ovesic"
"Obergoms, Reckingen","Pcynip","Ovimin"
"Obergoms, Reckingen","Pcynip","Oadaph"
"Obergoms, Reckingen","Pcynip","Ohasta"
"Hospental","Pcynip","Oadaph"
"Hospental","Pcynip","Ohasta"
"Hospental","Pcynip","Ovimin"
"Stiklestad","Pcynip","Onigri"
"Stiklestad","Pcynip","Ovaria"
"Stiklestad","Pcynip","Obridg"
"S.-Varanger, Nyrud","Pcynip","Ovaria"
"Moorburg","Pcynip","Oadaph"
"S.-Varanger, Nyrud","Pcynip","Oarcti"
"Hennestrand","Pcynip","Ocolla"
"Vejersstrand","Pcynip","Ocolla"
"Borkum","Pcynip","Ocolla"
"Falzthurn-Alm","Pcynip","Okriec"
"Falzthurn-Alm","Pcynip","Oelaea"
"Falzthurn-Alm","Pcynip","Ovesic"
"Falzthurn-Alm","Pcynip","Ovimin"
"Falzthurn-Alm","Pcynip","Ovaria"
"Falzthurn-Alm","Pcynip","Oadaph"
"Zillertal, Hintertux/ Weitental","Pcynip","Ohasta"
"Alta, Baeskades","Pcynip","Oglabr"
"Alta, Baeskades","Pcynip","Onival"
"Alta, Baeskades","Pcynip","Osamol"
"Alta, Baeskades","Pcynip","Oarcti"
"Alta, Baeskades","Pcynip","Oherba"
"Oppdal","Pcynip","Onorve"
"Oppdal","Pcynip","Ephyli"
"Tyssedal, Ringedalsvatn","Pcynip","Ogalla"
"Obertauern I","Pcynip","Onigri"
"Obertauern I","Pcynip","Ovaria"
"Obertauern I","Pcynip","Omonti"
"Obertauern I","Pcynip","Ofoeti"
"Obertauern I","Pcynip","Oobscu"
"Obertauern I","Pcynip","Egemmf"
"Obertauern I","Pcynip","Hischn"
"Obertauern I","Pcynip","Emyrsi"
"Obertauern I","Pcynip","Ehasta"
"Zillertal, Hintertux/ Weitental","Pcynip","Egemmf"
"Falzthurn-Alm","Pcynip","Eelaea"
"Halltal","Pcynip","Okriec"
"Alta, Baeskades","Pcynip","Elappo"
"Alta, Baeskades","Pcynip","Olappl"
"Alta, Baeskades","Pcynip","Eboreo"
"Zederhaustal, Oberweißburg","Pcynip","Hplicd"
"Zederhaustal, Oberweißburg","Pcynip","Edaphn"
"Zederhaustal, Oberweißburg","Pcynip","Oproxi"
"Zederhaustal, Oberweißburg","Pcynip","Oadaph"
"Obertauern I","Pcynip","Obridg"
"Obertauern I","Pcynip","Oadaph"
"Obertauern I","Pcynip","Hplicd"
"St. Peter-Ording","Pcynip","Eweiff"
"St. Peter-Ording","Pcynip","Ocolla"
"Hospental","Pcynip","Emyrsi"
"Etzen","Pcynip","Eweiff"
"S.-Varanger, Nyrud","Pcynip","Evenus"
"S.-Varanger, Nyrud","Pcynip","Ospset"
"Stiklestad","Pcynip","Otrian"
"S.-Varanger, Nyrud","Pcynip","Elappo"
"Etzen","Pcynip","Eaurit"
"Etzen","Pcynip","Ocolla"
"Zillis","Pcynip","Okriec"
"Zillis","Pcynip","Ovimin"
"Zillis","Pcynip","Ovesic"
"Zillis","Pcynip","Evenus"
"Juppa","Pcynip","Obrevi"
"Juppa","Pcynip","Ovaria"
"Juppa","Pcynip","Ofoeti"
"Juppa","Pcynip","Oobscu"
"Juppa","Pcynip","Egemmf"
"Zillis","Pcynip","Edaphn"
"Zillis","Pcynip","Enigri"
"Zillis","Pcynip","Hischn"
"Juppa","Pcynip","Hischn"
"Zillis","Pcynip","Eelaea"
"Juppa","Pcynip","Oretic"
"Zillis","Pcynip","Hleuco"
"S.-Varanger, Nyrud","Pcynip","Omyrti"
"S.-Varanger, Nyrud","Pcynip","Ogalla"
"S.-Varanger, Nyrud","Pcynip","Emyrti"
"S.-Varanger, Nyrud","Pcynip","Hscapr"
"S.-Varanger, Nyrud","Pcynip","Hleuco"
"S.-Varanger, Nyrud","Pcynip","Hischn"
"S.-Varanger, Nyrud","Pcynip","Hnudip"
"S.-Varanger, Nyrud","Pcynip","Htuber"
"Vejersstrand","Pcynip","Eweiff"
"Oppdal","Pcynip","Evenus"
"Vejersstrand","Pcynip","Hpruss"
"Vejersstrand","Pcynip","Hleuca"
"Vejersstrand","Pcynip","Hangli"
"Kühkopf, Mordhecke I","Pdolic","Ovimin"
"Griesheim bei Darmstadt","Pdolic","Ovimin"
"Griesheim bei Darmstadt","Pdolic","Ogalla"
"Griesheim bei Darmstadt","Pdolic","Obridg"
"Griesheim bei Darmstadt","Pdolic","Ovesic"
"Kühkopf, Mordhecke I","Pdolic","Ovesic"
"Kühkopf, Mordhecke I","Pdolic","Opedun"
"Karben","Pdolic","Otrian"
"Taunus, Waldems-Reichenbach","Pdolic","Oproxi"
"Taunus, Waldems-Esch","Pdolic","Oproxi"
"Taunus, Hunoldstal","Pdolic","Oproxi"
"Taunus, Hunoldstal","Pdolic","Ovimin"
"Frankfurt, Riedwiese","Pdolic","Opedun"
"Frankfurt, Riedwiese","Pdolic","Obridg"
"Frankfurt, Riedwiese","Pdolic","Ovimin"
"Kühkopf, Mordhecke I","Pdolic","Obella"
"Kühkopf, Mordhecke III","Pdolic","Oproxi"
"Ötztal, Vent/ Gample","Pdolic","Ohasta"
"Ötztal, Vent/ Gample","Pdolic","Onigri"
"Ötztal, Vent/ Gample","Pdolic","Ovaria"
"Ötztal, Vent/ Gample","Pdolic","Obridg"
"Ötztal, Vent/ Gample","Pdolic","Onival"
"Zillertal, Hintertux/ Weitental","Pdolic","Ovaria"
"Zillertal, Hintertux/ Weitental","Pdolic","Onigri"
"Zillertal, Hintertux/ Weitental","Pdolic","Ovesic"
"Zillertal, Hintertux/ Weitental","Pdolic","Oobscu"
"Zillertal, Hintertux/ Weitental","Pdolic","Ofoeti"
"Zillertal, Hintertux/ Weitental","Pdolic","Obridg"
"Olperer","Pdolic","Oretus"
"Kühkopf, Mordhecke III","Pdolic","Ovimin"
"Kühkopf, Mordhecke I","Pdolic","Oproxi"
"Zillertal, Hintertux/ Weitental","Pdolic","Oretus"
"Zillertal, Hintertux/ Weitental","Pdolic","Ovimin"
"Zillertal, Hintertux/ Weitental","Pdolic","Oretic"
"Ötztal, Vent/ Gample","Pdolic","Omacul"
"Zillertal, Hintertux/ Weitental","Pdolic","Omonti"
"Zillertal, Hintertux/ Weitental","Pdolic","Eelaea"
"Kühkopf, Mordhecke I","Pdolic","Obridg"
"Griesheim bei Darmstadt","Pdolic","Oviril"
"Griesheim bei Darmstadt","Pdolic","Opedun"
"Taunus, Usingen","Pdolic","Oproxi"
"Taunus, Usingen","Pdolic","Ogalla"
"Ötztal, Vent/ Gample","Pdolic","Ohelve"
"Zillertal, Lanersbach/ Geiselalm","Pdolic","Onigri"
"Zillertal, Lanersbach","Pdolic","Onigri"
"Zillertal, Lanersbach","Pdolic","Oadaph"
"Zillertal, Lanersbach","Pdolic","Ovaria"
"Ötztal, Obergurgl/ Gaisbergf.","Pdolic","Oretic"
"Ötztal, Obergurgl","Pdolic","Ohasta"
"Ötztal, Obergurgl","Pdolic","Ovaria"
"Schwarzwald, Schluchsee","Pdolic","Ovaria"
"Obergoms, Obergesteln","Pdolic","Oviril"
"Vogelsberg, Hoherodskopf","Pdolic","Obridg"
"Taunus, Usingen","Pdolic","Obridg"
"Griesheim bei Darmstadt","Pdolic","Hangli"
"Obergoms, Reckingen","Pdolic","Ovesic"
"Obergoms, Reckingen","Pdolic","Ovimin"
"Obergoms, Reckingen","Pdolic","Oadaph"
"Obergoms, Reckingen","Pdolic","Ohasta"
"Obergoms, Obergesteln","Pdolic","Otrian"
"Obergoms, Obergesteln","Pdolic","Oadaph"
"Obergoms, Gletsch","Pdolic","Ohelve"
"Obergoms, Gletsch","Pdolic","Omacul"
"Arolla","Pdolic","Ovimin"
"Arolla","Pdolic","Ovaria"
"Saastal, Mattmark","Pdolic","Omacul"
"Saastal, Mattmark","Pdolic","Ohasta"
"Saastal, Mattmark","Pdolic","Ovaria"
"Saastal, Mattmark","Pdolic","Obrevi"
"Saastal, Mattmark","Pdolic","Oviril"
"Saastal, Mattmark","Pdolic","Ovimin"
"Nufenenpaß, Paßhöhe I","Pdolic","Oretus"
"Nufenenpaß, Paßhöhe I","Pdolic","Omacul"
"Binntal nr. Fiesch","Pdolic","Ofoeti"
"Binntal nr. Fiesch","Pdolic","Ovaria"
"Binntal nr. Fiesch","Pdolic","Oobscu"
"Binntal nr. Fiesch","Pdolic","Omacul"
"Obergoms, Gletsch","Pdolic","Onival"
"Obergoms, Gletsch","Pdolic","Ohasta"
"Grimselpaß, Räterichsbodensee","Pdolic","Onival"
"Grimselpaß, Grimselsee","Pdolic","Egemmh"
"Dovrefjell","Pdolic","Odolic"
"Dovrefjell","Pdolic","Oarcti"
"Stiklestad","Pdolic","Onigri"
"Stiklestad","Pdolic","Ovaria"
"Stiklestad","Pdolic","Obridg"
"Steinkjer","Pdolic","Onigri"
"Steinkjer","Pdolic","Obridg"
"Steinkjer","Pdolic","Ovaria"
"Korgfjellet","Pdolic","Oglauc"
"Korgfjellet","Pdolic","Onival"
"Korgfjellet","Pdolic","Oglabr"
"Korgfjellet","Pdolic","Oretic"
"Karasjok","Pdolic","Onorve"
"Karasjok","Pdolic","Olappl"
"S.-Varanger, Vaggatem","Pdolic","Oarcti"
"S.-Varanger, Vaggatem","Pdolic","Ospset"
"S.-Varanger, Vaggatem","Pdolic","Odolic"
"S.-Varanger, Vaggatem","Pdolic","Onorve"
"S.-Varanger, Vaggatem","Pdolic","Onival"
"S.-Varanger, Vaggatem","Pdolic","Osamol"
"S.-Varanger, Vaggatem","Pdolic","Omyrti"
"S.-Varanger, Vaggatem","Pdolic","Emyrti"
"S.-Varanger, Vaggatem","Pdolic","Ovaria"
"S.-Varanger, Vaggatem","Pdolic","Oglabr"
"S.-Varanger, Nyrud","Pdolic","Ovaria"
"S.-Varanger, Vaggatem","Pdolic","Elappo"
"S.-Varanger, Vaggatem","Pdolic","Elappc"
"Ramfjorden","Pdolic","Onorve"
"Polarkreis I","Pdolic","Olappo"
"Polarkreis I","Pdolic","Oherba"
"Korgfjellet","Pdolic","Ohasta"
"Schwarzwald, Schluchsee","Pdolic","Emucro"
"Schwarzwald, Schluchsee","Pdolic","Obella"
"Moorburg","Pdolic","Oadaph"
"S.-Varanger, Nyrud","Pdolic","Oarcti"
"S.-Varanger, Vaggatem","Pdolic","Ohasta"
"Kühkopf, Mordhecke I","Pdolic","Oviril"
"Limeshain, Rommelhausen","Pdolic","Opedun"
"Limeshain, Rommelhausen","Pdolic","Otrian"
"Vogelsberg, Hoherodskopf","Pdolic","Opedun"
"Vogelsberg, Hoherodskopf","Pdolic","Hleuco"
"Kiel, Langsee","Pdolic","Opedun"
"Preetz, Postsee","Pdolic","Oadaph"
"Kiel, Langsee","Pdolic","Obridg"
"Preetz, Postsee","Pdolic","Opedun"
"Howacht 1","Pdolic","Oproxi"
"Howacht 3","Pdolic","Oproxi"
"Kiel, Dietrichsdorf","Pdolic","Ovimin"
"Kiel, Dietrichsdorf","Pdolic","Opedun"
"Kiel, Dietrichsdorf","Pdolic","Obridg"
"Katinger Watt","Pdolic","Ovimin"
"Katinger Watt","Pdolic","Oproxi"
"Hennestrand","Pdolic","Ocolla"
"Vejersstrand","Pdolic","Ocolla"
"Rogerfelde","Pdolic","Oproxi"
"Altenkrempe","Pdolic","Oproxi"
"Mellum","Pdolic","Oproxi"
"Stendorf","Pdolic","Oproxi"
"Norderney","Pdolic","Ocolla"
"Norderney","Pdolic","Oadaph"
"Borkum","Pdolic","Ocolla"
"Mahndorf","Pdolic","Ocolla"
"Gramai-Alm","Pdolic","Oelaea"
"Gramai-Alm","Pdolic","Okriec"
"Gramai-Alm","Pdolic","Oadaph"
"Falzthurn-Alm","Pdolic","Okriec"
"Falzthurn-Alm","Pdolic","Oelaea"
"Falzthurn-Alm","Pdolic","Ovesic"
"Falzthurn-Alm","Pdolic","Ovimin"
"Falzthurn-Alm","Pdolic","Ovaria"
"Falzthurn-Alm","Pdolic","Oadaph"
"Gern-Alm","Pdolic","Ovaria"
"Gern-Alm","Pdolic","Ovimin"
"Gern-Alm","Pdolic","Ovesic"
"Gern-Alm","Pdolic","Okriec"
"Gern-Alm","Pdolic","Oelaea"
"Gern-Alm","Pdolic","Obridg"
"Zillertal, Hintertux/ Weitental","Pdolic","Ohasta"
"Obergoms, Gletsch","Pdolic","Oadaph"
"Obergoms, Gletsch","Pdolic","Ovesic"
"Obergoms, Gletsch","Pdolic","Ovimin"
"Obergoms, Gletsch","Pdolic","Oviril"
"Obergoms, Gletsch","Pdolic","Obridg"
"Gedern","Pdolic","Ogalla"
"Ketsch","Pdolic","Oproxi"
"Ketsch","Pdolic","Ovimin"
"Torun","Pdolic","Otrian"
"Torun","Pdolic","Ovimin"
"Tretten, Nordbu nr. Ringebu","Pdolic","Oarcti"
"Peer Gynt veien I","Pdolic","Oglabr"
"Peer Gynt veien I","Pdolic","Onival"
"Peer Gynt veien I","Pdolic","Ohasta"
"Peer Gynt veien II","Pdolic","Olappo"
"Tretten, Nordbu nr. Ringebu","Pdolic","Onival"
"Tretten, Nordbu nr. Ringebu","Pdolic","Olappo"
"Tretten, Nordbu nr. Ringebu","Pdolic","Olappl"
"Peer Gynt veien II","Pdolic","Onival"
"Peer Gynt veien II","Pdolic","Oglauc"
"Skoganvatnet","Pdolic","Opustu"
"Skoganvatnet","Pdolic","Ovaria"
"Korgfjellet","Pdolic","Olappo"
"Lofot, Sandsletta","Pdolic","Evenus"
"Bardu","Pdolic","Oarcti"
"Lofot, Sandsletta","Pdolic","Ogalla"
"Lofot, Sandsletta","Pdolic","Onival"
"Ramfjorden","Pdolic","Olappo"
"Ramfjorden","Pdolic","Olappl"
"Ramfjorden","Pdolic","Osamol"
"Kvaenangsbotn","Pdolic","Ehasta"
"Kvaenangsbotn","Pdolic","Ohasta"
"Alta, Baeskades","Pdolic","Oglabr"
"Alta, Baeskades","Pdolic","Onival"
"Alta, Baeskades","Pdolic","Osamol"
"Alta, Baeskades","Pdolic","Oarcti"
"Kilpisjärvi","Pdolic","Oarcti"
"Alta, Baeskades","Pdolic","Oherba"
"Kilpisjärvi","Pdolic","Ohasta"
"Kilpisjärvi","Pdolic","Osamol"
"Kilpisjärvi","Pdolic","Ehasta"
"Kilpisjärvi","Pdolic","Olappo"
"Kilpisjärvi","Pdolic","Elappo"
"Narvik, Björnfjell","Pdolic","Oherba"
"Torne Träsk, Abisko","Pdolic","Oretic"
"Torne Träsk, Abisko","Pdolic","Oherba"
"Polarkreis I","Pdolic","Elappo"
"Polarkreis I","Pdolic","Elappc"
"Korgfjellet","Pdolic","Omyrsi"
"Korgfjellet","Pdolic","Ospeit"
"Korgfjellet","Pdolic","Elappc"
"Korgfjellet","Pdolic","Elappo"
"Dovrefjell","Pdolic","Omyrsi"
"Jotunheimen, Breiseterdalen","Pdolic","Omyrsi"
"Kühkopf, Mordhecke I","Pdolic","Hpruss"
"Kühkopf, Mordhecke III","Pdolic","Oviril"
"Planneralm I","Pdolic","Obridg"
"Bad Aussee","Pdolic","Ovaria"
"Bad Aussee","Pdolic","Okriec"
"Obertauern I","Pdolic","Onigri"
"Obertauern I","Pdolic","Ovaria"
"Obertauern I","Pdolic","Omonti"
"Obertauern I","Pdolic","Ofoeti"
"Obertauern I","Pdolic","Oobscu"
"Obertauern I","Pdolic","Egemmf"
"Ötztal, Obergurgl","Pdolic","Onival"
"Spytkowo","Pdolic","Ovaria"
"Peer Gynt veien I","Pdolic","Olappo"
"Peer Gynt veien I","Pdolic","Olappl"
"Peer Gynt veien I","Pdolic","Opustu"
"Lapphaugen bei Bardu","Pdolic","Ohasta"
"Lapphaugen bei Bardu","Pdolic","Oglabr"
"Lapphaugen bei Bardu","Pdolic","Onival"
"Lapphaugen bei Bardu","Pdolic","Ovaria"
"Lapphaugen bei Bardu","Pdolic","Onigri"
"Garguluobbal, Karasjok","Pdolic","Oarcti"
"N.-Varanger, Tanabru","Pdolic","Oarcti"
"N.-Varanger, Tanabru","Pdolic","Osamol"
"N.-Varanger, Tanabru","Pdolic","Olappl"
"N.-Varanger, Tanabru","Pdolic","Olappo"
"N.-Varanger, Sandfjord","Pdolic","Omyrsi"
"N.-Varanger, Sandfjord","Pdolic","Ovaria"
"N.-Varanger, Sandfjord","Pdolic","Onival"
"Ifjordfjellet / Gilojokka","Pdolic","Oglabr"
"Ifjordfjellet / Gilojokka","Pdolic","Ovaria"
"Ifjordfjellet / Gilojokka","Pdolic","Onival"
"Ifjordfjellet / Gilojokka","Pdolic","Oarcti"
"Ifjordfjellet / Gilojokka","Pdolic","Odolic"
"Ifjordfjellet / Gilojokka","Pdolic","Olappo"
"Ifjordfjellet / Gilojokka","Pdolic","Osamol"
"Ifjordfjellet / Gilojokka","Pdolic","Olappl"
"Kilpisjärvi","Pdolic","Odolic"
"Torne Träsk, Abisko","Pdolic","Oglabr"
"Polarkreis, Krokstrand","Pdolic","Oglabr"
"Polarkreis, Krokstrand","Pdolic","Onival"
"Polarkreis, Krokstrand","Pdolic","Ovaria"
"Polarkreis, Krokstrand","Pdolic","Olappo"
"Polarkreis, Krokstrand","Pdolic","Osamol"
"Polarkreis, Krokstrand","Pdolic","Elappo"
"Polarkreis, Krokstrand","Pdolic","Olappl"
"Korgfjellet","Pdolic","Osamol"
"Korgfjellet","Pdolic","Olappl"
"Korgfjellet","Pdolic","Eboreo"
"Dovrefjell","Pdolic","Elappo"
"Dovrefjell","Pdolic","Olappo"
"Dovrefjell","Pdolic","Olappl"
"Dovrefjell","Pdolic","Osamol"
"Dovrefjell","Pdolic","Onival"
"Jotunheimen, Breiseterdalen","Pdolic","Eboreo"
"Jotunheimen, Breiseterdalen","Pdolic","Onival"
"Jotunheimen, Breiseterdalen","Pdolic","Oglauc"
"Jotunheimen, Breiseterdalen","Pdolic","Elappo"
"Jotunheimen, Breiseterdalen","Pdolic","Elappc"
"Jotunheimen, Breiseterdalen","Pdolic","Osamol"
"Jotunheimen, Breiseterdalen","Pdolic","Olappo"
"Jotunheimen, Breiseterdalen","Pdolic","Olappl"
"Vogelsberg, Hoherodskopf","Pdolic","Ogalla"
"Taunus, Oberreiffenberg","Pdolic","Ogalla"
"Obertauern I","Pdolic","Hischn"
"Obertauern I","Pdolic","Emyrsi"
"Obertauern I","Pdolic","Ehasta"
"Zillertal, Hintertux/ Weitental","Pdolic","Egemmf"
"Falzthurn-Alm","Pdolic","Eelaea"
"Gramai-Alm","Pdolic","Eelaea"
"Gern-Alm","Pdolic","Eelaea"
"Halltal","Pdolic","Okriec"
"Ötztal, Vent/ Gample","Pdolic","Hcarin"
"Ötztal, Vent/ Gample","Pdolic","Ehasta"
"Ötztal, Vent/ Gample","Pdolic","Eboreo"
"Ötztal, Vent/ Gample","Pdolic","Egemmh"
"Ötztal, Obergurgl","Pdolic","Hplicg"
"Ötztal, Obergurgl","Pdolic","Ehasta"
"Grimselpaß, Räterichsbodensee","Pdolic","Egemmh"
"Grimselpaß, Räterichsbodensee","Pdolic","Hspirh"
"Grimselpaß, Räterichsbodensee","Pdolic","Omacul"
"Grimselpaß, Räterichsbodensee","Pdolic","Ehasta"
"Grimselpaß, Räterichsbodensee","Pdolic","Ohasta"
"Grimselpaß, Räterichsbodensee","Pdolic","Hplicg"
"Saastal, Mattmark","Pdolic","Ehasta"
"Nufenenpaß, Paßhöhe I","Pdolic","Egemmh"
"Nufenenpaß, Paßhöhe I","Pdolic","Oobscu"
"Nufenenpaß, Paßhöhe I","Pdolic","Oretic"
"Nufenenpaß, Paßhöhe I","Pdolic","Egemmf"
"Taunus, Oberreiffenberg","Pdolic","Emucro"
"Ötztal, Obergurgl","Pdolic","Eboreo"
"Pitztal, Nähe Mittelberg","Pdolic","Egemmh"
"Pitztal, Nähe Mittelberg","Pdolic","Hspira"
"Pitztal, Nähe Mittelberg","Pdolic","Obridg"
"Saastal, Mattmark","Pdolic","Egemmf"
"Saastal, Mattmark","Pdolic","Emyrsi"
"Arolla","Pdolic","Egemmh"
"Arolla","Pdolic","Egemmf"
"Arolla","Pdolic","Hcarin"
"Arolla","Pdolic","Ofoeti"
"Arolla","Pdolic","Oobscu"
"Nufenenpaß, Paßhöhe I","Pdolic","Hspirh"
"Lapphaugen bei Bardu","Pdolic","Ehasta"
"Lapphaugen bei Bardu","Pdolic","Elanat"
"Lapphaugen bei Bardu","Pdolic","Elappo"
"Lapphaugen bei Bardu","Pdolic","Osamol"
"Lapphaugen bei Bardu","Pdolic","Olappl"
"Lapphaugen bei Bardu","Pdolic","Eboreo"
"Ifjordfjellet / Gilojokka","Pdolic","Elanat"
"N.-Varanger, Tanabru","Pdolic","Ephyli"
"N.-Varanger, Tanabru","Pdolic","Ohasta"
"N.-Varanger, Tanabru","Pdolic","Elanat"
"N.-Varanger, Tanabru","Pdolic","Odolic"
"N.-Varanger, Tanabru","Pdolic","Ehasta"
"Alta, Baeskades","Pdolic","Elappo"
"Alta, Baeskades","Pdolic","Olappl"
"Alta, Baeskades","Pdolic","Eboreo"
"Torne Träsk, Abisko","Pdolic","Eboreo"
"Torne Träsk, Abisko","Pdolic","Onival"
"Torne Träsk, Abisko","Pdolic","Ehasta"
"Torne Träsk, Abisko","Pdolic","Ohasta"
"Torne Träsk, Abisko","Pdolic","Oarcti"
"Torne Träsk, Abisko","Pdolic","Ephyli"
"Torne Träsk, Abisko","Pdolic","Hnudip"
"Torne Träsk, Abisko","Pdolic","Odolic"
"Torne Träsk, Abisko","Pdolic","Emyrsi"
"Torne Träsk, Abisko","Pdolic","Ovaria"
"Lofot, Sandsletta","Pdolic","Hleuco"
"Torne Träsk, Abisko","Pdolic","Hischn"
"Torne Träsk, Abisko","Pdolic","Onigri"
"Lofot, Sandsletta","Pdolic","Obridg"
"Lofot, Sandsletta","Pdolic","Elappo"
"Lofot, Sandsletta","Pdolic","Elappc"
"Polarkreis II","Pdolic","Hacuti"
"Polarkreis I","Pdolic","Oglauc"
"Polarkreis I","Pdolic","Onival"
"Polarkreis I","Pdolic","Olappl"
"Polarkreis I","Pdolic","Hplicl"
"Polarkreis, Krokstrand","Pdolic","Elappc"
"Polarkreis, Krokstrand","Pdolic","Eboreo"
"Polarkreis II","Pdolic","Elappc"
"Polarkreis II","Pdolic","Elappo"
"Polarkreis II","Pdolic","Olappl"
"Polarkreis III","Pdolic","Olappl"
"Korgfjellet","Pdolic","Elanat"
"Polarkreis III","Pdolic","Elappc"
"Polarkreis III","Pdolic","Odolic"
"Namsskogan, Mellingsmoen","Pdolic","Evenus"
"Namsskogan, Mellingsmoen","Pdolic","Ogalla"
"Namsskogan, Mellingsmoen","Pdolic","Hleuco"
"Namsskogan, Mellingsmoen","Pdolic","Enigri"
"Namsskogan, Mellingsmoen","Pdolic","Obridg"
"Jotunheimen, Breiseterdalen","Pdolic","Odolic"
"Jotunheimen, Breiseterdalen","Pdolic","Oarcti"
"Jotunheimen, Breiseterdalen","Pdolic","Elanat"
"Jotunheimen, Breiseterdalen","Pdolic","Oglabr"
"Jotunheimen, Breiseterdalen","Pdolic","Etesta"
"Lusterfjord, Höyheimsvik","Pdolic","Evenus"
"Lusterfjord, Höyheimsvik","Pdolic","Ogalla"
"Vikafjell bei Viksöyri","Pdolic","Eboreo"
"Vikafjell bei Viksöyri","Pdolic","Onival"
"Vikafjell bei Viksöyri","Pdolic","Elappo"
"Vikafjell bei Viksöyri","Pdolic","Osamol"
"Vikafjell bei Viksöyri","Pdolic","Olappl"
"Vikafjell bei Viksöyri","Pdolic","Elappc"
"Vikafjell bei Viksöyri","Pdolic","Olappo"
"Maltatal I","Pdolic","Hplicd"
"Maltatal I","Pdolic","Edaphn"
"Maltatal I","Pdolic","Eelaea"
"Maltatal I","Pdolic","Oadaph"
"Obertauern II","Pdolic","Hspira"
"Obertauern II","Pdolic","Ofoeti"
"Preber See bei Tamsweg","Pdolic","Emyrsi"
"Obertauern II","Pdolic","Oobscu"
"Obertauern II","Pdolic","Omonti"
"Obertauern II","Pdolic","Egemmf"
"Zederhaustal, Oberweißburg","Pdolic","Hplicd"
"Zederhaustal, Oberweißburg","Pdolic","Edaphn"
"Zederhaustal, Oberweißburg","Pdolic","Oproxi"
"Zederhaustal, Oberweißburg","Pdolic","Oadaph"
"Murtal, Muhr","Pdolic","Ovesic"
"Murtal, Muhr","Pdolic","Hpolit"
"Murtal, Muhr","Pdolic","Ovimin"
"Obertauern I","Pdolic","Obridg"
"Obergoms, Oberwald","Pdolic","Epurpu"
"Obergoms, Oberwald","Pdolic","Ovesic"
"Obergoms, Gletsch","Pdolic","Egemmh"
"Grimselpaß, Grimselsee","Pdolic","Omacul"
"Grimselpaß, Grimselsee","Pdolic","Eboreo"
"Grimselpaß, Grimselsee","Pdolic","Onival"
"Grimselpaß, Grimselsee","Pdolic","Ohasta"
"Saastal, Mattmark","Pdolic","Egemmh"
"Grimselpaß, Grimselsee","Pdolic","Ehasta"
"Mattertal, Täsch","Pdolic","Ovimin"
"Saastal, Mattmark","Pdolic","Ofoeti"
"Mattertal, Täsch","Pdolic","Epurpu"
"Mattertal, Täsch","Pdolic","Oadaph"
"Obergoms, Obergesteln","Pdolic","Edaphn"
"Obergoms, Obergesteln","Pdolic","Ovesic"
"Nufenenpaß, Paßhöhe II","Pdolic","Ohasta"
"Obergoms, Obergesteln","Pdolic","Epurpu"
"Nufenenpaß, Paßhöhe II","Pdolic","Oretus"
"Nufenenpaß, Paßhöhe II","Pdolic","Ofoeti"
"Nufenenpaß, Paßhöhe II","Pdolic","Oobscu"
"Nufenenpaß, Val de Bedretto I","Pdolic","Okriec"
"Nufenenpaß, Val de Bedretto I","Pdolic","Ovesic"
"Nufenenpaß, Val de Bedretto I","Pdolic","Eelaea"
"Nufenenpaß, Val de Bedretto I","Pdolic","Epurpu"
"Nufenenpaß, Val de Bedretto I","Pdolic","Ovimin"
"Obergoms, Oberwald","Pdolic","Edaphn"
"Obergoms, Oberwald","Pdolic","Oadaph"
"Kühkopf, Mordhecke I","Pdolic","Eatraa"
"Kühkopf, Mordhecke III","Pdolic","Eatraa"
"Kühkopf, Mordhecke III","Pdolic","Eangus"
"Griesheim bei Darmstadt","Pdolic","Epurpu"
"Kühkopf, Mordhecke I","Pdolic","Hpolit"
"Griesheim bei Darmstadt","Pdolic","Hpolit"
"Limeshain, Rommelhausen","Pdolic","Hpolit"
"Ortenberg I","Pdolic","Hoblit"
"Limeshain, Rommelhausen","Pdolic","Heryth"
"Ortenberg I","Pdolic","Hangli"
"Limeshain, Rommelhausen","Pdolic","Halien"
"Ortenberg I","Pdolic","Hpolit"
"Vogelsberg, Hoherodskopf","Pdolic","Halien"
"Nufenenpaß, Paßhöhe I","Pdolic","Ofoeti"
"Nufenenpaß, Paßhöhe I","Pdolic","Ohasta"
"Obertauern I","Pdolic","Oadaph"
"Obergoms, Obergesteln","Pdolic","Hpolit"
"Taunus, Hunoldstal","Pdolic","Hleuca"
"Taunus, Usingen","Pdolic","Halien"
"Nufenenpaß, Paßhöhe I","Pdolic","Epurpu"
"Taunus, Usingen","Pdolic","Hleuca"
"Taunus, Usingen","Pdolic","Eatraa"
"Ötztal, Vent/ Gample","Pdolic","Hplicg"
"Ötztal, Vent/ Gample","Pdolic","Hspira"
"Grimselpaß, Grimselsee","Pdolic","Hspirh"
"Grimselpaß, Grimselsee","Pdolic","Hplicg"
"Nufenenpaß, Paßhöhe I","Pdolic","Htuber"
"Obergoms, Obergesteln","Pdolic","Hplicd"
"Obertauern I","Pdolic","Hplicd"
"Preetz, Postsee","Pdolic","Etesta"
"St. Peter-Ording","Pdolic","Eweiff"
"St. Peter-Ording","Pdolic","Ocolla"
"Kiel, Dietrichsdorf","Pdolic","Esubge"
"Preetz, Postsee","Pdolic","Oproxi"
"Tauernpaß, Untertauern II","Pdolic","Oobscu"
"Preetz, Postsee","Pdolic","Eatraa"
"Griesheim bei Darmstadt","Pdolic","Hpruss"
"Griesheim bei Darmstadt","Pdolic","Hleuca"
"Tauernpaß, Untertauern II","Pdolic","Hischn"
"Ötztal, Vent/ Gample","Pdolic","Hischn"
"Ötztal, Vent/ Gample","Pdolic","Egemmf"
"Pitztal, Nähe Mittelberg","Pdolic","Ehasta"
"Tauernpaß, Untertauern II","Pdolic","Eelaea"
"Ötztal, Obergurgl","Pdolic","Epurpu"
"Grimselpaß, Räterichsbodensee","Pdolic","Egemmc"
"Schrems-Pürbach","Pdolic","Evenus"
"Schrems-Pürbach","Pdolic","Emucro"
"Preetz, Postsee","Pdolic","Esubge"
"Preetz, Postsee","Pdolic","Egemmc"
"S.-Varanger, Nyrud","Pdolic","Evenus"
"S.-Varanger, Nyrud","Pdolic","Ospset"
"Ifjordfjellet II","Pdolic","Odolic"
"Ifjordfjellet II","Pdolic","Oglauc"
"Namsskogan, Mellingsmoen","Pdolic","Ovaria"
"Grong","Pdolic","Omyrsi"
"S.-Varanger, Nyelv","Pdolic","Omyrsi"
"N.-Varanger, Sandfjord","Pdolic","Oherba"
"N.-Varanger, Sandfjord","Pdolic","Oretic"
"Lavangsdalen","Pdolic","Obridg"
"Lavangsdalen","Pdolic","Ogalla"
"Lavangsdalen","Pdolic","Evenus"
"Skagen","Pdolic","Ocolla"
"Fauske","Pdolic","Evenus"
"Polarkreis I","Pdolic","Odolic"
"Polarkreis II","Pdolic","Oherba"
"Jostedalen","Pdolic","Evenus"
"Stiklestad","Pdolic","Otrian"
"Polarkreis II","Pdolic","Olappo"
"Fauske","Pdolic","Ohasta"
"Taernaby / Tjamerev.","Pdolic","Osamol"
"Ortenberg I","Pdolic","Oproxi"
"Ortenberg I","Pdolic","Ovimin"
"Riu di Pula, bei Cagliari","Pdolic","Ovimin"
"N.-Varanger, Tanabru","Pdolic","Elappo"
"S.-Varanger, Nyelv","Pdolic","Eboreo"
"S.-Varanger, Vaggatem","Pdolic","Esmyrt"
"S.-Varanger, Nyrud","Pdolic","Elappo"
"Kilpisjärvi","Pdolic","Elanat"
"Kilpisjärvi","Pdolic","Eboreo"
"Kilpisjärvi","Pdolic","Elappc"
"Kilpisjärvi","Pdolic","Ephyli"
"Torne Träsk, Abisko","Pdolic","Esmyrs"
"Lapphaugen bei Bardu","Pdolic","Emyrsi"
"Fauske","Pdolic","Ehasta"
"Polarkreis, Krokstrand","Pdolic","Elanat"
"Polarkreis II","Pdolic","Eboreo"
"Jostedalen","Pdolic","Emyrsi"
"Jostedalen","Pdolic","Elappo"
"Skjelingen","Pdolic","Elappc"
"Skjelingen","Pdolic","Eboreo"
"Skagen","Pdolic","Eweiff"
"Lavangsdalen","Pdolic","Ehasta"
"Ifjordfjellet II","Pdolic","Hplicg"
"Jotunheimen, Breiseterdalen","Pdolic","Hplicg"
"Korgfjellet","Pdolic","Hplicg"
"Limeshain, Rommelhausen","Pdolic","Emucro"
"Schrems-Pürbach","Pdolic","Eaurit"
"Kiel, Dietrichsdorf","Pdolic","Egemmc"
"Kiel, Dietrichsdorf","Pdolic","Eciner"
"Dachsteingebirge, Hoferalm b. Filzmos","Pdolic","Okriec"
"Obertauern III","Pdolic","Ofoeti"
"Dachsteinstraße, Ramsau","Pdolic","Ogalla"
"Dachsteinstraße, Ramsau","Pdolic","Obridg"
"Obertauern III","Pdolic","Obridg"
"Schrems-Pürbach","Pdolic","Obella"
"Obertauern III","Pdolic","Oobscu"
"Dachsteinstraße, Ramsau","Pdolic","Epurpu"
"Obertauern III","Pdolic","Eappen"
"Purath nr. Arbesbach","Pdolic","Emucro"
"Obertauern II","Pdolic","Eelaea"
"Dachsteingebirge, Hoferalm b. Filzmos","Pdolic","Hpolit"
"Rheinau (Jungwuchs)","Pdolic","Ovimin"
"Rheinau (Jungwuchs)","Pdolic","Ovesic"
"Grietherbusch / Dornick","Pdolic","Oproxi"
"Zillis","Pdolic","Okriec"
"Zillis","Pdolic","Ovimin"
"Hartheim","Pdolic","Ovimin"
"Zillis","Pdolic","Ovesic"
"Zillis","Pdolic","Evenus"
"Juppa","Pdolic","Obrevi"
"Juppa","Pdolic","Ovaria"
"Juppa","Pdolic","Ofoeti"
"Juppa","Pdolic","Oobscu"
"Lago di Lei","Pdolic","Obridg"
"Lago di Lei","Pdolic","Ofoeti"
"Julierpaß bei Bivio","Pdolic","Ofoeti"
"Julierpaß bei Bivio","Pdolic","Oobscu"
"Julierpaß bei Bivio","Pdolic","Obrevi"
"Julierpaß bei Bivio","Pdolic","Egemmf"
"Juppa","Pdolic","Egemmf"
"Zillis","Pdolic","Edaphn"
"Zillis","Pdolic","Enigri"
"Grietherbusch / Dornick","Pdolic","Otrian"
"Hartheim","Pdolic","Oproxi"
"Grietherbusch / Dornick","Pdolic","Hangli"
"Grietherbusch / Dornick","Pdolic","Hoblit"
"Hartheim","Pdolic","Hangli"
"Zillis","Pdolic","Hischn"
"Juppa","Pdolic","Hischn"
"Zillis","Pdolic","Eelaea"
"Hartheim","Pdolic","Ovesic"
"Ried / Oberinntal","Pdolic","Etesta"
"Montespluga","Pdolic","Obridg"
"Lago di Lei","Pdolic","Oobscu"
"Juppa","Pdolic","Oretic"
"Lago di Lei","Pdolic","Egemmf"
"Hartheim","Pdolic","Hoblit"
"Lago di Lei","Pdolic","Hpscho"
"Zillis","Pdolic","Hleuco"
"S.-Varanger, Nyrud","Pdolic","Omyrti"
"Lofot, Grunnfjord","Pdolic","Obridg"
"S.-Varanger, Nyrud","Pdolic","Ogalla"
"S.-Varanger, Vaggatem, Gjökasen","Pdolic","Ospset"
"S.-Varanger, Vaggatem, Gjökasen","Pdolic","Esmyrt"
"S.-Varanger, Vaggatem, Gjökasen","Pdolic","Emyrti"
"S.-Varanger, Nyrud","Pdolic","Emyrti"
"Großgerungs","Pdolic","Eciner"
"Dovrefjell","Pdolic","Hnudip"
"N.-Varanger, Sandfjord","Pdolic","Hplicg"
"Karasjok","Pdolic","Hplicp"
"Karasjok","Pdolic","Hnudip"
"N.-Varanger, Tanabru","Pdolic","Hnudip"
"N.-Varanger, Tanabru","Pdolic","Hischn"
"S.-Varanger, Nyrud","Pdolic","Hscapr"
"S.-Varanger, Nyrud","Pdolic","Hleuco"
"S.-Varanger, Nyrud","Pdolic","Hischn"
"S.-Varanger, Nyrud","Pdolic","Hnudip"
"S.-Varanger, Nyrud","Pdolic","Htuber"
"Vikafjell bei Viksöyri","Pdolic","Hacuti"
"S.-Varanger, Vaggatem","Pdolic","Hscapr"
"S.-Varanger, Vaggatem","Pdolic","Hnudip"
"Lapphaugen bei Bardu","Pdolic","Hplicg"
"Lapphaugen bei Bardu","Pdolic","Htuber"
"Ifjordfjellet / Gilojokka","Pdolic","Hplicg"
"Ifjordfjellet / Gilojokka","Pdolic","Hnudip"
"Lofot, Austvagoya, Morfjord","Pdolic","Htuber"
"Lofot, Sandsletta","Pdolic","Hplicg"
"Kilpisjärvi","Pdolic","Hnudip"
"Kilpisjärvi","Pdolic","Hacuti"
"Kilpisjärvi","Pdolic","Hplicg"
"Polarkreis I","Pdolic","Hplicg"
"Kilpisjärvi","Pdolic","Hischn"
"Kilpisjärvi","Pdolic","Htuber"
"Lapphaugen bei Bardu","Pdolic","Hnudip"
"Vikafjell bei Viksöyri","Pdolic","Hplicg"
"Polarkreis I","Pdolic","Hacuti"
"Ifjordfjellet / Gilojokka","Pdolic","Eboreo"
"Kiel, Dietrichsdorf","Pdolic","Hangli"
"Kiel, Dietrichsdorf","Pdolic","Hleuca"
"Schönfeld, Dr. Josef Mehrlhütte","Pdolic","Onigri"
"Schönfeld, Dr. Josef Mehrlhütte","Pdolic","Odolic"
"Usedom, Ziemitz","Pdolic","Otrian"
"Kiel, Dietrichsdorf","Pdolic","Hpruss"
"Storuman","Pdolic","Hnudip"
"Storuman","Pdolic","Hacuti"
"Storuman","Pdolic","Opustu"
"Storuman","Pdolic","Hleuco"
"Fauske","Pdolic","Hcarin"
"Polarkreis I","Pdolic","Opolar"
"Lofot, Austvagoya, Morfjord","Pdolic","Ohasta"
"Lofot, Austvagoya, Morfjord","Pdolic","Ehasta"
"Lofot, Austvagoya, Morfjord","Pdolic","Hplicg"
"Misvaerfjorden, Misvaer","Pdolic","Ovaria"
"Tretten, Nordbu nr. Ringebu","Pdolic","Eboreo"
"Peer Gynt veien I","Pdolic","Osamol"
"Peer Gynt veien I","Pdolic","Elappo"
"Peer Gynt veien II","Pdolic","Hplicp"
"Tretten, Nordbu nr. Ringebu","Pdolic","Elappo"
"Katinger Watt","Pdolic","Opedun"
"Neuwilen, Bommer Weiher","Pdolic","Oviril"
"Neuwilen, Bommer Weiher","Pdolic","Hangli"
"Neuwilen, Bommer Weiher","Pdolic","Hpolit"
"Neuwilen, Bommer Weiher","Pdolic","Hpruss"
"Neuwilen, Bommer Weiher","Pdolic","Hleuca"
"Neuwilen, Bommer Weiher","Pdolic","Hpurpu"
"Katinger Watt","Pdolic","Hleuca"
"Katinger Watt","Pdolic","Hpruss"
"Vejersstrand","Pdolic","Eweiff"
"Klausdorf, Schwentine","Pdolic","Hleuca"
"Langen-Bergheim","Pdolic","Hleuca"
"Langen-Bergheim","Pdolic","Halien"
"Langen-Bergheim","Pdolic","Heryth"
"Klausdorf, Schwentine","Pdolic","Hpruss"
"Langen-Bergheim","Pdolic","Hpruss"
"Langen-Bergheim","Pdolic","Hspecc"
"Langen-Bergheim","Pdolic","Hleuco"
"Langen-Bergheim","Pdolic","Hanoma"
"Ötztal, Vent/ Gample","Pdolic","Htuber"
"Klausdorf, Schwentine","Pdolic","Oproxi"
"Langen-Bergheim","Pdolic","Oproxi"
"Röros","Pdolic","Obridg"
"Skjölden","Pdolic","Ovaria"
"Röros","Pdolic","Ohasta"
"Jotunheimen, Krossbu","Pdolic","Elappc"
"Klausdorf, Schwentine","Pdolic","Hanoma"
"Klausdorf, Schwentine","Pdolic","Hleuco"
"Limeshain, Rommelhausen","Pdolic","Hpruss"
"Limeshain, Rommelhausen","Pdolic","Hleuca"
"Röros","Pdolic","Hanoma"
"Röros","Pdolic","Hsglau"
"Tretten, Nordbu nr. Ringebu","Pdolic","Hacuti"
"Tretten, Nordbu nr. Ringebu","Pdolic","Hplicg"
"Vikafjell bei Viksöyri","Pdolic","Hsglau"
"Röros","Pdolic","Hplicg"
"Preetz, Postsee","Pdolic","Hleuca"
"Kiel, Dietrichsdorf","Pdolic","Hpolit"
"Kiel, Langsee","Pdolic","Hpruss"
"Kiel, Langsee","Pdolic","Hangli"
"Preetz, Postsee","Pdolic","Hpruss"
"Kiel, Langsee","Pdolic","Hleuca"
"Vejersstrand","Pdolic","Hpruss"
"Vejersstrand","Pdolic","Hleuca"
"Vejersstrand","Pdolic","Hangli"
"Tretten, Nordbu nr. Ringebu","Pdolic","Hsglau"
"Tretten, Nordbu nr. Ringebu","Pdolic","Hplicl"
"Vikafjell bei Viksöyri","Pdolic","Hslana"
"Vikafjell bei Viksöyri","Pdolic","Hplicl"
"Kühkopf, Mordhecke III","Peuura","Oproxi"
"Ötztal, Vent/ Gample","Peuura","Ohasta"
"Ötztal, Vent/ Gample","Peuura","Onigri"
"Ötztal, Vent/ Gample","Peuura","Ovaria"
"Ötztal, Vent/ Gample","Peuura","Obridg"
"Ötztal, Vent/ Gample","Peuura","Onival"
"Kühkopf, Mordhecke III","Peuura","Ovimin"
"Ötztal, Vent/ Gample","Peuura","Omacul"
"Ötztal, Vent/ Gample","Peuura","Ohelve"
"Ötztal, Obergurgl","Peuura","Ohasta"
"Ötztal, Obergurgl","Peuura","Ovaria"
"Obergoms, Obergesteln","Peuura","Oviril"
"Obergoms, Obergesteln","Peuura","Otrian"
"Obergoms, Obergesteln","Peuura","Oadaph"
"Arolla","Peuura","Ovimin"
"Arolla","Peuura","Ovaria"
"Saastal, Mattmark","Peuura","Omacul"
"Saastal, Mattmark","Peuura","Ohasta"
"Saastal, Mattmark","Peuura","Ovaria"
"Saastal, Mattmark","Peuura","Obrevi"
"Saastal, Mattmark","Peuura","Oviril"
"Saastal, Mattmark","Peuura","Ovimin"
"Nufenenpaß, Paßhöhe I","Peuura","Oretus"
"Nufenenpaß, Paßhöhe I","Peuura","Omacul"
"Grimselpaß, Räterichsbodensee","Peuura","Onival"
"Grimselpaß, Grimselsee","Peuura","Egemmh"
"S.-Varanger, Vaggatem","Peuura","Oarcti"
"S.-Varanger, Vaggatem","Peuura","Ospset"
"S.-Varanger, Vaggatem","Peuura","Odolic"
"S.-Varanger, Vaggatem","Peuura","Onorve"
"S.-Varanger, Vaggatem","Peuura","Onival"
"S.-Varanger, Vaggatem","Peuura","Osamol"
"S.-Varanger, Vaggatem","Peuura","Omyrti"
"S.-Varanger, Vaggatem","Peuura","Emyrti"
"S.-Varanger, Vaggatem","Peuura","Ovaria"
"S.-Varanger, Vaggatem","Peuura","Oglabr"
"S.-Varanger, Vaggatem","Peuura","Elappo"
"S.-Varanger, Vaggatem","Peuura","Elappc"
"Polarkreis I","Peuura","Olappo"
"Polarkreis I","Peuura","Oherba"
"S.-Varanger, Vaggatem","Peuura","Ohasta"
"Falzthurn-Alm","Peuura","Okriec"
"Falzthurn-Alm","Peuura","Oelaea"
"Falzthurn-Alm","Peuura","Ovesic"
"Falzthurn-Alm","Peuura","Ovimin"
"Falzthurn-Alm","Peuura","Ovaria"
"Falzthurn-Alm","Peuura","Oadaph"
"Torne Träsk, Abisko","Peuura","Oretic"
"Torne Träsk, Abisko","Peuura","Oherba"
"Polarkreis I","Peuura","Elappo"
"Polarkreis I","Peuura","Elappc"
"Kühkopf, Mordhecke III","Peuura","Oviril"
"Obertauern I","Peuura","Onigri"
"Obertauern I","Peuura","Ovaria"
"Obertauern I","Peuura","Omonti"
"Obertauern I","Peuura","Ofoeti"
"Obertauern I","Peuura","Oobscu"
"Obertauern I","Peuura","Egemmf"
"Ötztal, Obergurgl","Peuura","Onival"
"Lapphaugen bei Bardu","Peuura","Ohasta"
"Lapphaugen bei Bardu","Peuura","Oglabr"
"Lapphaugen bei Bardu","Peuura","Onival"
"Lapphaugen bei Bardu","Peuura","Ovaria"
"Lapphaugen bei Bardu","Peuura","Onigri"
"Torne Träsk, Abisko","Peuura","Oglabr"
"Taunus, Oberreiffenberg","Peuura","Ogalla"
"Obertauern I","Peuura","Hischn"
"Obertauern I","Peuura","Emyrsi"
"Obertauern I","Peuura","Ehasta"
"Falzthurn-Alm","Peuura","Eelaea"
"Ötztal, Vent/ Gample","Peuura","Hcarin"
"Ötztal, Vent/ Gample","Peuura","Ehasta"
"Ötztal, Vent/ Gample","Peuura","Eboreo"
"Ötztal, Vent/ Gample","Peuura","Egemmh"
"Ötztal, Obergurgl","Peuura","Hplicg"
"Ötztal, Obergurgl","Peuura","Ehasta"
"Grimselpaß, Räterichsbodensee","Peuura","Egemmh"
"Grimselpaß, Räterichsbodensee","Peuura","Hspirh"
"Grimselpaß, Räterichsbodensee","Peuura","Omacul"
"Grimselpaß, Räterichsbodensee","Peuura","Ehasta"
"Grimselpaß, Räterichsbodensee","Peuura","Ohasta"
"Grimselpaß, Räterichsbodensee","Peuura","Hplicg"
"Saastal, Mattmark","Peuura","Ehasta"
"Nufenenpaß, Paßhöhe I","Peuura","Egemmh"
"Nufenenpaß, Paßhöhe I","Peuura","Oobscu"
"Nufenenpaß, Paßhöhe I","Peuura","Oretic"
"Nufenenpaß, Paßhöhe I","Peuura","Egemmf"
"Taunus, Oberreiffenberg","Peuura","Emucro"
"Ötztal, Vent/ Rofental","Peuura","Egemmh"
"Ötztal, Obergurgl","Peuura","Eboreo"
"Ötztal, Obergurgl/ Bruggboden","Peuura","Egemmf"
"Ötztal, Obergurgl/ Bruggboden","Peuura","Ehasta"
"Ötztal, Obergurgl/ Bruggboden","Peuura","Egemmh"
"Pitztal, Nähe Mittelberg","Peuura","Egemmh"
"Pitztal, Nähe Mittelberg","Peuura","Hspira"
"Pitztal, Nähe Mittelberg","Peuura","Obridg"
"Saastal, Mattmark","Peuura","Egemmf"
"Saastal, Mattmark","Peuura","Emyrsi"
"Arolla","Peuura","Egemmh"
"Arolla","Peuura","Egemmf"
"Arolla","Peuura","Hcarin"
"Arolla","Peuura","Ofoeti"
"Arolla","Peuura","Oobscu"
"Nufenenpaß, Paßhöhe I","Peuura","Hspirh"
"Lapphaugen bei Bardu","Peuura","Ehasta"
"Lapphaugen bei Bardu","Peuura","Elanat"
"Lapphaugen bei Bardu","Peuura","Elappo"
"Lapphaugen bei Bardu","Peuura","Osamol"
"Lapphaugen bei Bardu","Peuura","Olappl"
"Lapphaugen bei Bardu","Peuura","Eboreo"
"S.-Varanger, Svanvik","Peuura","Omyrti"
"S.-Varanger, Svanvik","Peuura","Elappo"
"Torne Träsk, Abisko","Peuura","Eboreo"
"Torne Träsk, Abisko","Peuura","Onival"
"Torne Träsk, Abisko","Peuura","Ehasta"
"Torne Träsk, Abisko","Peuura","Ohasta"
"Torne Träsk, Abisko","Peuura","Oarcti"
"Torne Träsk, Abisko","Peuura","Ephyli"
"Torne Träsk, Abisko","Peuura","Hnudip"
"Torne Träsk, Abisko","Peuura","Odolic"
"Torne Träsk, Abisko","Peuura","Emyrsi"
"Torne Träsk, Abisko","Peuura","Ovaria"
"Torne Träsk, Abisko","Peuura","Hischn"
"Torne Träsk, Abisko","Peuura","Onigri"
"Polarkreis I","Peuura","Oglauc"
"Polarkreis I","Peuura","Onival"
"Polarkreis I","Peuura","Olappl"
"Polarkreis I","Peuura","Hplicl"
"Vikafjell bei Viksöyri","Peuura","Eboreo"
"Vikafjell bei Viksöyri","Peuura","Onival"
"Vikafjell bei Viksöyri","Peuura","Elappo"
"Vikafjell bei Viksöyri","Peuura","Osamol"
"Vikafjell bei Viksöyri","Peuura","Olappl"
"Vikafjell bei Viksöyri","Peuura","Elappc"
"Seljestad bei Odda","Peuura","Eboreo"
"Vikafjell bei Viksöyri","Peuura","Olappo"
"Seljestad bei Odda","Peuura","Elappo"
"Seljestad bei Odda","Peuura","Osamol"
"Seljestad bei Odda","Peuura","Elappc"
"Seljestad bei Odda","Peuura","Olappl"
"Seljestad bei Odda","Peuura","Olappo"
"Seljestad bei Odda","Peuura","Hacuti"
"Obertauern I","Peuura","Obridg"
"Obergoms, Oberwald","Peuura","Epurpu"
"Obergoms, Oberwald","Peuura","Ovesic"
"Grimselpaß, Grimselsee","Peuura","Omacul"
"Grimselpaß, Grimselsee","Peuura","Eboreo"
"Grimselpaß, Grimselsee","Peuura","Onival"
"Grimselpaß, Grimselsee","Peuura","Ohasta"
"Saastal, Mattmark","Peuura","Egemmh"
"Grimselpaß, Grimselsee","Peuura","Ehasta"
"Saastal, Mattmark","Peuura","Ofoeti"
"Obergoms, Obergesteln","Peuura","Edaphn"
"Obergoms, Obergesteln","Peuura","Ovesic"
"Obergoms, Obergesteln","Peuura","Epurpu"
"Nufenenpaß, Val de Bedretto I","Peuura","Okriec"
"Nufenenpaß, Val de Bedretto I","Peuura","Ovesic"
"Nufenenpaß, Val de Bedretto I","Peuura","Eelaea"
"Nufenenpaß, Val de Bedretto I","Peuura","Epurpu"
"Nufenenpaß, Val de Bedretto I","Peuura","Ovimin"
"Obergoms, Oberwald","Peuura","Edaphn"
"Obergoms, Oberwald","Peuura","Oadaph"
"Kühkopf, Mordhecke III","Peuura","Eatraa"
"Kühkopf, Mordhecke III","Peuura","Eangus"
"Nufenenpaß, Paßhöhe I","Peuura","Ofoeti"
"Nufenenpaß, Paßhöhe I","Peuura","Ohasta"
"Obertauern I","Peuura","Oadaph"
"Obergoms, Obergesteln","Peuura","Hpolit"
"Nufenenpaß, Paßhöhe I","Peuura","Epurpu"
"Ötztal, Vent/ Gample","Peuura","Hplicg"
"Ötztal, Vent/ Gample","Peuura","Hspira"
"Grimselpaß, Grimselsee","Peuura","Hspirh"
"Grimselpaß, Grimselsee","Peuura","Hplicg"
"Nufenenpaß, Paßhöhe I","Peuura","Htuber"
"Obergoms, Obergesteln","Peuura","Hplicd"
"Obertauern I","Peuura","Hplicd"
"Ötztal, Vent/ Rofental","Peuura","Ovaria"
"Ötztal, Vent/ Gample","Peuura","Hischn"
"Ötztal, Vent/ Gample","Peuura","Egemmf"
"Pitztal, Nähe Mittelberg","Peuura","Ehasta"
"Ötztal, Obergurgl","Peuura","Epurpu"
"Nufenenpaß, E-Werk","Peuura","Egemmh"
"Grimselpaß, Räterichsbodensee","Peuura","Egemmc"
"Schwarzwald, Altglashütten","Peuura","Emucro"
"Schwarzwald, Altglashütten","Peuura","Eaurit"
"Schwarzwald, Altglashütten","Peuura","Obella"
"Fauske","Peuura","Evenus"
"Polarkreis I","Peuura","Odolic"
"Fauske","Peuura","Ohasta"
"S.-Varanger, Vaggatem","Peuura","Esmyrt"
"S.-Varanger, Svanvik","Peuura","Esmyrt"
"S.-Varanger, Svanvik","Peuura","Esmyrs"
"S.-Varanger, Svanvik","Peuura","Emyrti"
"Torne Träsk, Abisko","Peuura","Esmyrs"
"Lapphaugen bei Bardu","Peuura","Emyrsi"
"Fauske","Peuura","Ehasta"
"Obertauern III","Peuura","Ofoeti"
"Obertauern III","Peuura","Obridg"
"Obertauern III","Peuura","Oobscu"
"Ötztal, Vent/ Rofental","Peuura","Omacul"
"Obertauern III","Peuura","Eappen"
"Purath nr. Arbesbach","Peuura","Emucro"
"Arbesbach I","Peuura","Eaurit"
"Arbesbach I","Peuura","Emucro"
"Juppa","Peuura","Obrevi"
"Juppa","Peuura","Ovaria"
"Juppa","Peuura","Ofoeti"
"Juppa","Peuura","Oobscu"
"Julierpaß bei Bivio","Peuura","Ofoeti"
"Julierpaß bei Bivio","Peuura","Oobscu"
"Julierpaß bei Bivio","Peuura","Obrevi"
"Julierpaß bei Bivio","Peuura","Egemmf"
"Juppa","Peuura","Egemmf"
"Juppa","Peuura","Hischn"
"Juppa","Peuura","Oretic"
"Großgerungs","Peuura","Eciner"
"Vikafjell bei Viksöyri","Peuura","Hacuti"
"S.-Varanger, Vaggatem","Peuura","Hscapr"
"S.-Varanger, Vaggatem","Peuura","Hnudip"
"Lapphaugen bei Bardu","Peuura","Hplicg"
"Lapphaugen bei Bardu","Peuura","Htuber"
"Polarkreis I","Peuura","Hplicg"
"Lapphaugen bei Bardu","Peuura","Hnudip"
"Vikafjell bei Viksöyri","Peuura","Hplicg"
"Polarkreis I","Peuura","Hacuti"
"Seljestad bei Odda","Peuura","Hplicl"
"Schwarzwald, Altglashütten","Peuura","Heryth"
"Schwarzwald, Altglashütten","Peuura","Halien"
"Fauske","Peuura","Hcarin"
"Polarkreis I","Peuura","Opolar"
"Kjölen nr. Halden","Peuura","Eweiff"
"Kjölen nr. Halden","Peuura","Ocolla"
"Kjölen nr. Halden","Peuura","Halien"
"Kjölen nr. Halden","Peuura","Obella"
"Ötztal, Vent/ Gample","Peuura","Htuber"
"Vikafjell bei Viksöyri","Peuura","Hsglau"
"Vikafjell bei Viksöyri","Peuura","Hslana"
"Vikafjell bei Viksöyri","Peuura","Hplicl"
"Kühkopf, Mordhecke I","Pnemat","Ovimin"
"Griesheim bei Darmstadt","Pnemat","Ovimin"
"Griesheim bei Darmstadt","Pnemat","Ogalla"
"Griesheim bei Darmstadt","Pnemat","Obridg"
"Griesheim bei Darmstadt","Pnemat","Ovesic"
"Kühkopf, Mordhecke I","Pnemat","Ovesic"
"Kühkopf, Mordhecke I","Pnemat","Opedun"
"Karben","Pnemat","Otrian"
"Taunus, Waldems-Reichenbach","Pnemat","Oproxi"
"Taunus, Waldems-Esch","Pnemat","Oproxi"
"Taunus, Hunoldstal","Pnemat","Oproxi"
"Taunus, Hunoldstal","Pnemat","Ovimin"
"Kühkopf, Mordhecke I","Pnemat","Obella"
"Kühkopf, Mordhecke I","Pnemat","Oproxi"
"Kühkopf, Mordhecke I","Pnemat","Obridg"
"Griesheim bei Darmstadt","Pnemat","Oviril"
"Griesheim bei Darmstadt","Pnemat","Opedun"
"Taunus, Usingen","Pnemat","Oproxi"
"Taunus, Usingen","Pnemat","Ogalla"
"Taunus, Usingen","Pnemat","Obridg"
"Griesheim bei Darmstadt","Pnemat","Hangli"
"Leitenberg","Pnemat","Oproxi"
"Kühkopf, Mordhecke I","Pnemat","Oviril"
"Mellum","Pnemat","Oproxi"
"Kühkopf, Mordhecke I","Pnemat","Hpruss"
"Planneralm I","Pnemat","Obridg"
"Kühkopf, Mordhecke I","Pnemat","Eatraa"
"Griesheim bei Darmstadt","Pnemat","Epurpu"
"Kühkopf, Mordhecke I","Pnemat","Hpolit"
"Griesheim bei Darmstadt","Pnemat","Hpolit"
"Taunus, Hunoldstal","Pnemat","Hleuca"
"Taunus, Usingen","Pnemat","Halien"
"Taunus, Usingen","Pnemat","Hleuca"
"Taunus, Usingen","Pnemat","Eatraa"
"Griesheim bei Darmstadt","Pnemat","Hpruss"
"Griesheim bei Darmstadt","Pnemat","Hleuca"
"Urdenbach, Urdenbacher Kämpe","Pnemat","Oproxi"
"Grietherbusch / Dornick","Pnemat","Oproxi"
"Hartheim","Pnemat","Ovimin"
"Grietherbusch / Dornick","Pnemat","Otrian"
"Hartheim","Pnemat","Oproxi"
"Grietherbusch / Dornick","Pnemat","Hangli"
"Urdenbach, Urdenbacher Kämpe","Pnemat","Hoblit"
"Grietherbusch / Dornick","Pnemat","Hoblit"
"Urdenbach, Urdenbacher Kämpe","Pnemat","Hangli"
"Hartheim","Pnemat","Hangli"
"Hartheim","Pnemat","Ovesic"
"Hartheim","Pnemat","Hoblit"
"Urdenbach, Urdenbacher Kämpe","Polybl","Oproxi"
"Urdenbach, Urdenbacher Kämpe","Polybl","Hoblit"
"Urdenbach, Urdenbacher Kämpe","Polybl","Hangli"
"Zillertal, Hintertux/ Weitental","Ppecti","Ovaria"
"Zillertal, Hintertux/ Weitental","Ppecti","Onigri"
"Zillertal, Hintertux/ Weitental","Ppecti","Ovesic"
"Zillertal, Hintertux/ Weitental","Ppecti","Oobscu"
"Zillertal, Hintertux/ Weitental","Ppecti","Ofoeti"
"Zillertal, Hintertux/ Weitental","Ppecti","Obridg"
"Zillertal, Hintertux/ Weitental","Ppecti","Oretus"
"Zillertal, Hintertux/ Weitental","Ppecti","Ovimin"
"Zillertal, Hintertux/ Weitental","Ppecti","Oretic"
"Zillertal, Hintertux/ Weitental","Ppecti","Omonti"
"Zillertal, Hintertux/ Weitental","Ppecti","Eelaea"
"Zillertal, Hintertux/ Weitental","Ppecti","Ohasta"
"Zillertal, Hintertux/ Weitental","Ppecti","Egemmf"
"Zillertal, Hintertux/ Weitental","Pponta","Ovaria"
"Zillertal, Hintertux/ Weitental","Pponta","Onigri"
"Zillertal, Hintertux/ Weitental","Pponta","Ovesic"
"Zillertal, Hintertux/ Weitental","Pponta","Oobscu"
"Zillertal, Hintertux/ Weitental","Pponta","Ofoeti"
"Zillertal, Hintertux/ Weitental","Pponta","Obridg"
"Olperer","Pponta","Oretus"
"Zillertal, Hintertux/ Weitental","Pponta","Oretus"
"Zillertal, Hintertux/ Weitental","Pponta","Ovimin"
"Zillertal, Hintertux/ Weitental","Pponta","Oretic"
"Zillertal, Hintertux/ Weitental","Pponta","Omonti"
"Zillertal, Hintertux/ Weitental","Pponta","Eelaea"
"Ötztal, Obergurgl/ Gaisbergf.","Pponta","Oretic"
"Ötztal, Vent/ Am Spiegel","Pponta","Omacul"
"Obergoms, Gletsch","Pponta","Ohelve"
"Obergoms, Gletsch","Pponta","Omacul"
"Nufenenpaß, Paßhöhe I","Pponta","Oretus"
"Nufenenpaß, Paßhöhe I","Pponta","Omacul"
"Obergoms, Gletsch","Pponta","Onival"
"Obergoms, Gletsch","Pponta","Ohasta"
"Sustenpaß","Pponta","Oretus"
"Dovrefjell","Pponta","Odolic"
"Dovrefjell","Pponta","Oarcti"
"Korgfjellet","Pponta","Oglauc"
"Korgfjellet","Pponta","Onival"
"Korgfjellet","Pponta","Oglabr"
"Korgfjellet","Pponta","Oretic"
"Ramfjorden","Pponta","Onorve"
"Polarkreis I","Pponta","Olappo"
"Polarkreis I","Pponta","Oherba"
"Korgfjellet","Pponta","Ohasta"
"Zillertal, Hintertux/ Weitental","Pponta","Ohasta"
"Ötztal, Vent/ Am Spiegel","Pponta","Ohelve"
"Obergoms, Gletsch","Pponta","Oadaph"
"Obergoms, Gletsch","Pponta","Ovesic"
"Obergoms, Gletsch","Pponta","Ovimin"
"Obergoms, Gletsch","Pponta","Oviril"
"Obergoms, Gletsch","Pponta","Obridg"
"Tretten, Nordbu nr. Ringebu","Pponta","Oarcti"
"Peer Gynt veien I","Pponta","Oglabr"
"Peer Gynt veien I","Pponta","Onival"
"Peer Gynt veien I","Pponta","Ohasta"
"Peer Gynt veien II","Pponta","Olappo"
"Tretten, Nordbu nr. Ringebu","Pponta","Onival"
"Tretten, Nordbu nr. Ringebu","Pponta","Olappo"
"Tretten, Nordbu nr. Ringebu","Pponta","Olappl"
"Peer Gynt veien II","Pponta","Onival"
"Peer Gynt veien II","Pponta","Oglauc"
"Korgfjellet","Pponta","Olappo"
"Lofot, Sandsletta","Pponta","Evenus"
"Bardu","Pponta","Oarcti"
"Lofot, Sandsletta","Pponta","Ogalla"
"Lofot, Sandsletta","Pponta","Onival"
"Ramfjorden","Pponta","Olappo"
"Ramfjorden","Pponta","Olappl"
"Ramfjorden","Pponta","Osamol"
"Kvaenangsbotn","Pponta","Ehasta"
"Kvaenangsbotn","Pponta","Ohasta"
"Alta, Baeskades","Pponta","Oglabr"
"Alta, Baeskades","Pponta","Onival"
"Alta, Baeskades","Pponta","Osamol"
"Alta, Baeskades","Pponta","Oarcti"
"Kilpisjärvi","Pponta","Oarcti"
"Alta, Baeskades","Pponta","Oherba"
"Kilpisjärvi","Pponta","Ohasta"
"Kilpisjärvi","Pponta","Osamol"
"Kilpisjärvi","Pponta","Ehasta"
"Kilpisjärvi","Pponta","Olappo"
"Kilpisjärvi","Pponta","Elappo"
"Narvik, Björnfjell","Pponta","Oherba"
"Torne Träsk, Abisko","Pponta","Oretic"
"Torne Träsk, Abisko","Pponta","Oherba"
"Polarkreis I","Pponta","Elappo"
"Polarkreis I","Pponta","Elappc"
"Korgfjellet","Pponta","Omyrsi"
"Korgfjellet","Pponta","Ospeit"
"Korgfjellet","Pponta","Elappc"
"Korgfjellet","Pponta","Elappo"
"Dovrefjell","Pponta","Omyrsi"
"Jotunheimen, Breiseterdalen","Pponta","Omyrsi"
"Tyssedal, Ringedalsvatn","Pponta","Ogalla"
"Obertauern I","Pponta","Onigri"
"Obertauern I","Pponta","Ovaria"
"Obertauern I","Pponta","Omonti"
"Obertauern I","Pponta","Ofoeti"
"Obertauern I","Pponta","Oobscu"
"Obertauern I","Pponta","Egemmf"
"Peer Gynt veien I","Pponta","Olappo"
"Peer Gynt veien I","Pponta","Olappl"
"Peer Gynt veien I","Pponta","Opustu"
"Lapphaugen bei Bardu","Pponta","Ohasta"
"Lapphaugen bei Bardu","Pponta","Oglabr"
"Lapphaugen bei Bardu","Pponta","Onival"
"Lapphaugen bei Bardu","Pponta","Ovaria"
"Lapphaugen bei Bardu","Pponta","Onigri"
"N.-Varanger, Tanabru","Pponta","Oarcti"
"N.-Varanger, Tanabru","Pponta","Osamol"
"N.-Varanger, Tanabru","Pponta","Olappl"
"N.-Varanger, Tanabru","Pponta","Olappo"
"N.-Varanger, Sandfjord","Pponta","Omyrsi"
"N.-Varanger, Sandfjord","Pponta","Ovaria"
"N.-Varanger, Sandfjord, Fjell","Pponta","Oherba"
"N.-Varanger, Sandfjord","Pponta","Onival"
"Ifjordfjellet / Gilojokka","Pponta","Oglabr"
"Ifjordfjellet / Gilojokka","Pponta","Ovaria"
"Ifjordfjellet / Gilojokka","Pponta","Onival"
"Ifjordfjellet / Gilojokka","Pponta","Oarcti"
"Ifjordfjellet / Gilojokka","Pponta","Odolic"
"Ifjordfjellet / Gilojokka","Pponta","Olappo"
"Ifjordfjellet / Gilojokka","Pponta","Osamol"
"Ifjordfjellet / Gilojokka","Pponta","Olappl"
"Kilpisjärvi","Pponta","Odolic"
"Torne Träsk, Abisko","Pponta","Oglabr"
"Polarkreis, Krokstrand","Pponta","Oglabr"
"Polarkreis, Krokstrand","Pponta","Onival"
"Polarkreis, Krokstrand","Pponta","Ovaria"
"Polarkreis, Krokstrand","Pponta","Olappo"
"Polarkreis, Krokstrand","Pponta","Osamol"
"Polarkreis, Krokstrand","Pponta","Elappo"
"Polarkreis, Krokstrand","Pponta","Olappl"
"Korgfjellet","Pponta","Osamol"
"Korgfjellet","Pponta","Olappl"
"Korgfjellet","Pponta","Eboreo"
"Dovrefjell","Pponta","Elappo"
"Dovrefjell","Pponta","Olappo"
"Dovrefjell","Pponta","Olappl"
"Dovrefjell","Pponta","Osamol"
"Dovrefjell","Pponta","Onival"
"Jotunheimen, Breiseterdalen","Pponta","Eboreo"
"Jotunheimen, Breiseterdalen","Pponta","Onival"
"Jotunheimen, Breiseterdalen","Pponta","Oglauc"
"Jotunheimen, Breiseterdalen","Pponta","Elappo"
"Jotunheimen, Breiseterdalen","Pponta","Elappc"
"Jotunheimen, Breiseterdalen","Pponta","Osamol"
"Jotunheimen, Breiseterdalen","Pponta","Olappo"
"Jotunheimen, Breiseterdalen","Pponta","Olappl"
"Geilo","Pponta","Onigri"
"Geilo","Pponta","Emyrsi"
"Geilo","Pponta","Ovaria"
"Obertauern I","Pponta","Hischn"
"Obertauern I","Pponta","Emyrsi"
"Obertauern I","Pponta","Ehasta"
"Zillertal, Hintertux/ Weitental","Pponta","Egemmf"
"Ötztal, Vent/ Am Spiegel","Pponta","Egemmh"
"Nufenenpaß, Paßhöhe I","Pponta","Egemmh"
"Nufenenpaß, Paßhöhe I","Pponta","Oobscu"
"Nufenenpaß, Paßhöhe I","Pponta","Oretic"
"Nufenenpaß, Paßhöhe I","Pponta","Egemmf"
"Nufenenpaß, Paßhöhe I","Pponta","Hspirh"
"Lapphaugen bei Bardu","Pponta","Ehasta"
"Lapphaugen bei Bardu","Pponta","Elanat"
"Lapphaugen bei Bardu","Pponta","Elappo"
"Lapphaugen bei Bardu","Pponta","Osamol"
"Lapphaugen bei Bardu","Pponta","Olappl"
"Lapphaugen bei Bardu","Pponta","Eboreo"
"Ifjordfjellet / Gilojokka","Pponta","Elanat"
"N.-Varanger, Tanabru","Pponta","Ephyli"
"N.-Varanger, Tanabru","Pponta","Ohasta"
"N.-Varanger, Tanabru","Pponta","Elanat"
"N.-Varanger, Tanabru","Pponta","Odolic"
"N.-Varanger, Tanabru","Pponta","Ehasta"
"Alta, Baeskades","Pponta","Elappo"
"Alta, Baeskades","Pponta","Olappl"
"Alta, Baeskades","Pponta","Eboreo"
"Torne Träsk, Abisko","Pponta","Eboreo"
"Torne Träsk, Abisko","Pponta","Onival"
"Torne Träsk, Abisko","Pponta","Ehasta"
"Torne Träsk, Abisko","Pponta","Ohasta"
"Torne Träsk, Abisko","Pponta","Oarcti"
"Torne Träsk, Abisko","Pponta","Ephyli"
"Torne Träsk, Abisko","Pponta","Hnudip"
"Torne Träsk, Abisko","Pponta","Odolic"
"Torne Träsk, Abisko","Pponta","Emyrsi"
"Torne Träsk, Abisko","Pponta","Ovaria"
"Lofot, Sandsletta","Pponta","Hleuco"
"Torne Träsk, Abisko","Pponta","Hischn"
"Torne Träsk, Abisko","Pponta","Onigri"
"Lofot, Sandsletta","Pponta","Obridg"
"Lofot, Sandsletta","Pponta","Elappo"
"Lofot, Sandsletta","Pponta","Elappc"
"Polarkreis II","Pponta","Hacuti"
"Polarkreis I","Pponta","Oglauc"
"Polarkreis I","Pponta","Onival"
"Polarkreis I","Pponta","Olappl"
"Polarkreis I","Pponta","Hplicl"
"Polarkreis, Krokstrand","Pponta","Elappc"
"Polarkreis, Krokstrand","Pponta","Eboreo"
"Polarkreis II","Pponta","Elappc"
"Polarkreis II","Pponta","Elappo"
"Polarkreis II","Pponta","Olappl"
"Korgfjellet","Pponta","Elanat"
"Jotunheimen, Breiseterdalen","Pponta","Odolic"
"Jotunheimen, Breiseterdalen","Pponta","Oarcti"
"Jotunheimen, Breiseterdalen","Pponta","Elanat"
"Jotunheimen, Breiseterdalen","Pponta","Oglabr"
"Jotunheimen, Breiseterdalen","Pponta","Etesta"
"Murtal, Muhr","Pponta","Ovesic"
"Murtal, Muhr","Pponta","Hpolit"
"Murtal, Muhr","Pponta","Ovimin"
"Obertauern I","Pponta","Obridg"
"Obergoms, Gletsch","Pponta","Egemmh"
"Nufenenpaß, Paßhöhe II","Pponta","Ohasta"
"Nufenenpaß, Paßhöhe II","Pponta","Oretus"
"Nufenenpaß, Paßhöhe II","Pponta","Ofoeti"
"Nufenenpaß, Paßhöhe II","Pponta","Oobscu"
"Nufenenpaß, Paßhöhe I","Pponta","Ofoeti"
"Nufenenpaß, Paßhöhe I","Pponta","Ohasta"
"Obertauern I","Pponta","Oadaph"
"Nufenenpaß, Paßhöhe I","Pponta","Epurpu"
"Nufenenpaß, Paßhöhe I","Pponta","Htuber"
"Obertauern I","Pponta","Hplicd"
"Ifjordfjellet II","Pponta","Odolic"
"Ifjordfjellet II","Pponta","Oglauc"
"Grong","Pponta","Omyrsi"
"S.-Varanger, Nyelv","Pponta","Omyrsi"
"N.-Varanger, Sandfjord","Pponta","Oherba"
"N.-Varanger, Sandfjord","Pponta","Oretic"
"Polarkreis I","Pponta","Odolic"
"Polarkreis II","Pponta","Oherba"
"Jostedalen","Pponta","Evenus"
"Polarkreis II","Pponta","Olappo"
"Taernaby / Tjamerev.","Pponta","Osamol"
"N.-Varanger, Tanabru","Pponta","Elappo"
"S.-Varanger, Nyelv","Pponta","Eboreo"
"Kilpisjärvi","Pponta","Elanat"
"Kilpisjärvi","Pponta","Eboreo"
"Kilpisjärvi","Pponta","Elappc"
"Kilpisjärvi","Pponta","Ephyli"
"Torne Träsk, Abisko","Pponta","Esmyrs"
"Lapphaugen bei Bardu","Pponta","Emyrsi"
"Polarkreis, Krokstrand","Pponta","Elanat"
"Polarkreis II","Pponta","Eboreo"
"Jostedalen","Pponta","Emyrsi"
"Jostedalen","Pponta","Elappo"
"Ifjordfjellet II","Pponta","Hplicg"
"Jotunheimen, Breiseterdalen","Pponta","Hplicg"
"Korgfjellet","Pponta","Hplicg"
"Juppa","Pponta","Obrevi"
"Juppa","Pponta","Ovaria"
"Juppa","Pponta","Ofoeti"
"Juppa","Pponta","Oobscu"
"Lago di Lei","Pponta","Obridg"
"Lago di Lei","Pponta","Ofoeti"
"Julierpaß bei Bivio","Pponta","Ofoeti"
"Julierpaß bei Bivio","Pponta","Oobscu"
"Albulapaß nr. Paßhöhe","Pponta","Oretus"
"Julierpaß bei Bivio","Pponta","Obrevi"
"Albulapaß nr. Paßhöhe","Pponta","Oretic"
"Julierpaß bei Bivio","Pponta","Egemmf"
"Juppa","Pponta","Egemmf"
"Juppa","Pponta","Hischn"
"Lago di Lei","Pponta","Oobscu"
"Juppa","Pponta","Oretic"
"Lago di Lei","Pponta","Egemmf"
"Lago di Lei","Pponta","Hpscho"
"Dovrefjell","Pponta","Hnudip"
"N.-Varanger, Sandfjord","Pponta","Hplicg"
"N.-Varanger, Tanabru","Pponta","Hnudip"
"N.-Varanger, Tanabru","Pponta","Hischn"
"Lapphaugen bei Bardu","Pponta","Hplicg"
"Lapphaugen bei Bardu","Pponta","Htuber"
"Ifjordfjellet / Gilojokka","Pponta","Hplicg"
"Ifjordfjellet / Gilojokka","Pponta","Hnudip"
"Lofot, Sandsletta","Pponta","Hplicg"
"Kilpisjärvi","Pponta","Hnudip"
"Kilpisjärvi","Pponta","Hacuti"
"Kilpisjärvi","Pponta","Hplicg"
"Polarkreis I","Pponta","Hplicg"
"Kilpisjärvi","Pponta","Hischn"
"Kilpisjärvi","Pponta","Htuber"
"Lapphaugen bei Bardu","Pponta","Hnudip"
"Polarkreis I","Pponta","Hacuti"
"Ifjordfjellet / Gilojokka","Pponta","Eboreo"
"Polarkreis I","Pponta","Opolar"
"Tretten, Nordbu nr. Ringebu","Pponta","Eboreo"
"Peer Gynt veien I","Pponta","Osamol"
"Peer Gynt veien I","Pponta","Elappo"
"Peer Gynt veien II","Pponta","Hplicp"
"Tretten, Nordbu nr. Ringebu","Pponta","Elappo"
"Tretten, Nordbu nr. Ringebu","Pponta","Hacuti"
"Tretten, Nordbu nr. Ringebu","Pponta","Hplicg"
"Tretten, Nordbu nr. Ringebu","Pponta","Hsglau"
"Tretten, Nordbu nr. Ringebu","Pponta","Hplicl"
"Hartheim","Ppumil","Ovimin"
"Hartheim","Ppumil","Oproxi"
"Hartheim","Ppumil","Hangli"
"Hartheim","Ppumil","Ovesic"
"Hartheim","Ppumil","Hoblit"
"Weißenbach","Ppumil","Oproxi"
"Weißenbach","Ppumil","Hpurpu"
"Storuman","Ppumil","Hnudip"
"Storuman","Ppumil","Hacuti"
"Storuman","Ppumil","Opustu"
"Storuman","Ppumil","Hleuco"
"Griesheim bei Darmstadt","Psauli","Ovimin"
"Griesheim bei Darmstadt","Psauli","Ogalla"
"Griesheim bei Darmstadt","Psauli","Obridg"
"Griesheim bei Darmstadt","Psauli","Ovesic"
"Griesheim bei Darmstadt","Psauli","Oviril"
"Griesheim bei Darmstadt","Psauli","Opedun"
"Griesheim bei Darmstadt","Psauli","Hangli"
"Griesheim bei Darmstadt","Psauli","Epurpu"
"Griesheim bei Darmstadt","Psauli","Hpolit"
"Griesheim bei Darmstadt","Psauli","Hpruss"
"Griesheim bei Darmstadt","Psauli","Hleuca"
"Obergoms, Gletsch","Psoemi","Ohelve"
"Obergoms, Gletsch","Psoemi","Omacul"
"Obergoms, Gletsch","Psoemi","Onival"
"Obergoms, Gletsch","Psoemi","Ohasta"
"Obergoms, Gletsch","Psoemi","Oadaph"
"Obergoms, Gletsch","Psoemi","Ovesic"
"Obergoms, Gletsch","Psoemi","Ovimin"
"Obergoms, Gletsch","Psoemi","Oviril"
"Obergoms, Gletsch","Psoemi","Obridg"
"Obergoms, Gletsch","Psoemi","Egemmh"
"Obergoms, Gletsch","Pterom","Ohelve"
"Obergoms, Gletsch","Pterom","Omacul"
"Obergoms, Gletsch","Pterom","Onival"
"Obergoms, Gletsch","Pterom","Ohasta"
"Obergoms, Gletsch","Pterom","Oadaph"
"Obergoms, Gletsch","Pterom","Ovesic"
"Obergoms, Gletsch","Pterom","Ovimin"
"Obergoms, Gletsch","Pterom","Oviril"
"Obergoms, Gletsch","Pterom","Obridg"
"Obergoms, Gletsch","Pterom","Egemmh"
"Meldal, Resvatnet","Rbrach","Hplicg"
"Meldal, Resvatnet","Rbrach","Hsglau"
"Meldal, Resvatnet","Rbrach","Hacuti"
"Meldal, Resvatnet","Rbrach","Hplicl"
"Meldal, Resvatnet","Rbrach","Hischn"
"Meldal, Resvatnet","Rbrach","Hnudip"
"Meldal, Resvatnet","Rbrach","Hleuco"
"Obergoms, Gletsch","Salcal","Ohelve"
"Obergoms, Gletsch","Salcal","Omacul"
"Obergoms, Gletsch","Salcal","Onival"
"Obergoms, Gletsch","Salcal","Ohasta"
"Obergoms, Gletsch","Salcal","Oadaph"
"Obergoms, Gletsch","Salcal","Ovesic"
"Obergoms, Gletsch","Salcal","Ovimin"
"Obergoms, Gletsch","Salcal","Oviril"
"Obergoms, Gletsch","Salcal","Obridg"
"Obergoms, Gletsch","Salcal","Egemmh"
"Zillertal, Hintertux/ Weitental","Salpin","Ovaria"
"Zillertal, Hintertux/ Weitental","Salpin","Onigri"
"Zillertal, Hintertux/ Weitental","Salpin","Ovesic"
"Zillertal, Hintertux/ Weitental","Salpin","Oobscu"
"Zillertal, Hintertux/ Weitental","Salpin","Ofoeti"
"Zillertal, Hintertux/ Weitental","Salpin","Obridg"
"Zillertal, Hintertux/ Weitental","Salpin","Oretus"
"Zillertal, Hintertux/ Weitental","Salpin","Ovimin"
"Zillertal, Hintertux/ Weitental","Salpin","Oretic"
"Zillertal, Hintertux/ Weitental","Salpin","Omonti"
"Zillertal, Hintertux/ Weitental","Salpin","Eelaea"
"Zillertal, Hintertux/ Weitental","Salpin","Ohasta"
"Zillertal, Hintertux/ Weitental","Salpin","Egemmf"
"Taunus, Waldems-Esch","Saotis","Oproxi"
"Taunus, Oberreiffenberg","Saotis","Ogalla"
"Taunus, Oberreiffenberg","Saotis","Emucro"
"Kvamskogen","Saotis","Opustu"
"Kvamskogen","Saotis","Halien"
"Kvamskogen","Saotis","Hnudip"
"Kvamskogen","Saotis","Hleuco"
"Kvamskogen","Saotis","Hplicl"
"Lakselv / Stabursnes","Sborea","Hischn"
"Lakselv / Stabursnes","Sborea","Hplicp"
"Lakselv / Stabursnes","Sborea","Hnudip"
"Meldal, Resvatnet","Sborea","Hplicg"
"Meldal, Resvatnet","Sborea","Hsglau"
"Meldal, Resvatnet","Sborea","Hacuti"
"Meldal, Resvatnet","Sborea","Hplicl"
"Meldal, Resvatnet","Sborea","Hischn"
"Meldal, Resvatnet","Sborea","Hnudip"
"Meldal, Resvatnet","Sborea","Hleuco"
"Korgfjellet","Sgranu","Oglauc"
"Korgfjellet","Sgranu","Onival"
"Korgfjellet","Sgranu","Oglabr"
"Korgfjellet","Sgranu","Oretic"
"S.-Varanger, Vaggatem","Sgranu","Oarcti"
"S.-Varanger, Vaggatem","Sgranu","Ospset"
"S.-Varanger, Vaggatem","Sgranu","Odolic"
"S.-Varanger, Vaggatem","Sgranu","Onorve"
"S.-Varanger, Vaggatem","Sgranu","Onival"
"S.-Varanger, Vaggatem","Sgranu","Osamol"
"S.-Varanger, Vaggatem","Sgranu","Omyrti"
"S.-Varanger, Vaggatem","Sgranu","Emyrti"
"S.-Varanger, Vaggatem","Sgranu","Ovaria"
"S.-Varanger, Vaggatem","Sgranu","Oglabr"
"S.-Varanger, Vaggatem","Sgranu","Elappo"
"S.-Varanger, Vaggatem","Sgranu","Elappc"
"Ramfjorden","Sgranu","Onorve"
"Korgfjellet","Sgranu","Ohasta"
"S.-Varanger, Vaggatem","Sgranu","Ohasta"
"Korgfjellet","Sgranu","Olappo"
"Ramfjorden","Sgranu","Olappo"
"Ramfjorden","Sgranu","Olappl"
"Ramfjorden","Sgranu","Osamol"
"Oppdal","Sgranu","Onorve"
"Oppdal","Sgranu","Ephyli"
"Korgfjellet","Sgranu","Omyrsi"
"Korgfjellet","Sgranu","Ospeit"
"Korgfjellet","Sgranu","Elappc"
"Korgfjellet","Sgranu","Elappo"
"Polarkreis, Krokstrand","Sgranu","Oglabr"
"Polarkreis, Krokstrand","Sgranu","Onival"
"Polarkreis, Krokstrand","Sgranu","Ovaria"
"Polarkreis, Krokstrand","Sgranu","Olappo"
"Polarkreis, Krokstrand","Sgranu","Osamol"
"Polarkreis, Krokstrand","Sgranu","Elappo"
"Polarkreis, Krokstrand","Sgranu","Olappl"
"Korgfjellet","Sgranu","Osamol"
"Korgfjellet","Sgranu","Olappl"
"Korgfjellet","Sgranu","Eboreo"
"Geilo","Sgranu","Onigri"
"Geilo","Sgranu","Emyrsi"
"Geilo","Sgranu","Ovaria"
"Polarkreis, Krokstrand","Sgranu","Elappc"
"Polarkreis, Krokstrand","Sgranu","Eboreo"
"Korgfjellet","Sgranu","Elanat"
"Fauske","Sgranu","Evenus"
"Fauske","Sgranu","Ohasta"
"S.-Varanger, Vaggatem","Sgranu","Esmyrt"
"Fauske","Sgranu","Ehasta"
"Polarkreis, Krokstrand","Sgranu","Elanat"
"Korgfjellet","Sgranu","Hplicg"
"S.-Varanger, Vaggatem","Sgranu","Hscapr"
"S.-Varanger, Vaggatem","Sgranu","Hnudip"
"Fauske","Sgranu","Hcarin"
"Skjölden","Sgranu","Ovaria"
"Oppdal","Sgranu","Evenus"
"Ötztal, Vent/ Gample","Slappo","Ohasta"
"Ötztal, Vent/ Gample","Slappo","Onigri"
"Ötztal, Vent/ Gample","Slappo","Ovaria"
"Ötztal, Vent/ Gample","Slappo","Obridg"
"Ötztal, Vent/ Gample","Slappo","Onival"
"Zillertal, Stumm/ Märzengrund","Slappo","Obridg"
"Ötztal, Vent/ Gample","Slappo","Omacul"
"Ötztal, Vent/ Gample","Slappo","Ohelve"
"Ötztal, Obergurgl","Slappo","Ohasta"
"Ötztal, Obergurgl","Slappo","Ovaria"
"Nufenenpaß, Paßhöhe I","Slappo","Oretus"
"Nufenenpaß, Paßhöhe I","Slappo","Omacul"
"Grimselpaß, Grimselsee","Slappo","Egemmh"
"Korgfjellet","Slappo","Oglauc"
"Korgfjellet","Slappo","Onival"
"Korgfjellet","Slappo","Oglabr"
"Korgfjellet","Slappo","Oretic"
"Polarkreis I","Slappo","Olappo"
"Polarkreis I","Slappo","Oherba"
"Korgfjellet","Slappo","Ohasta"
"Korgfjellet","Slappo","Olappo"
"Narvik, Björnfjell","Slappo","Oherba"
"Torne Träsk, Abisko","Slappo","Oretic"
"Torne Träsk, Abisko","Slappo","Oherba"
"Polarkreis I","Slappo","Elappo"
"Polarkreis I","Slappo","Elappc"
"Korgfjellet","Slappo","Omyrsi"
"Korgfjellet","Slappo","Ospeit"
"Korgfjellet","Slappo","Elappc"
"Korgfjellet","Slappo","Elappo"
"Jotunheimen, Breiseterdalen","Slappo","Omyrsi"
"Obertauern I","Slappo","Onigri"
"Obertauern I","Slappo","Ovaria"
"Obertauern I","Slappo","Omonti"
"Obertauern I","Slappo","Ofoeti"
"Obertauern I","Slappo","Oobscu"
"Obertauern I","Slappo","Egemmf"
"Ötztal, Obergurgl","Slappo","Onival"
"Lapphaugen bei Bardu","Slappo","Ohasta"
"Lapphaugen bei Bardu","Slappo","Oglabr"
"Lapphaugen bei Bardu","Slappo","Onival"
"Lapphaugen bei Bardu","Slappo","Ovaria"
"Lapphaugen bei Bardu","Slappo","Onigri"
"Torne Träsk, Abisko","Slappo","Oglabr"
"Polarkreis, Krokstrand","Slappo","Oglabr"
"Polarkreis, Krokstrand","Slappo","Onival"
"Polarkreis, Krokstrand","Slappo","Ovaria"
"Polarkreis, Krokstrand","Slappo","Olappo"
"Polarkreis, Krokstrand","Slappo","Osamol"
"Polarkreis, Krokstrand","Slappo","Elappo"
"Polarkreis, Krokstrand","Slappo","Olappl"
"Korgfjellet","Slappo","Osamol"
"Korgfjellet","Slappo","Olappl"
"Korgfjellet","Slappo","Eboreo"
"Jotunheimen, Breiseterdalen","Slappo","Eboreo"
"Jotunheimen, Breiseterdalen","Slappo","Onival"
"Jotunheimen, Breiseterdalen","Slappo","Oglauc"
"Jotunheimen, Breiseterdalen","Slappo","Elappo"
"Jotunheimen, Breiseterdalen","Slappo","Elappc"
"Jotunheimen, Breiseterdalen","Slappo","Osamol"
"Jotunheimen, Breiseterdalen","Slappo","Olappo"
"Jotunheimen, Breiseterdalen","Slappo","Olappl"
"Obertauern I","Slappo","Hischn"
"Obertauern I","Slappo","Emyrsi"
"Obertauern I","Slappo","Ehasta"
"Ötztal, Vent/ Gample","Slappo","Hcarin"
"Ötztal, Vent/ Gample","Slappo","Ehasta"
"Ötztal, Vent/ Gample","Slappo","Eboreo"
"Ötztal, Vent/ Gample","Slappo","Egemmh"
"Ötztal, Obergurgl","Slappo","Hplicg"
"Ötztal, Obergurgl","Slappo","Ehasta"
"Nufenenpaß, Paßhöhe I","Slappo","Egemmh"
"Nufenenpaß, Paßhöhe I","Slappo","Oobscu"
"Nufenenpaß, Paßhöhe I","Slappo","Oretic"
"Nufenenpaß, Paßhöhe I","Slappo","Egemmf"
"Ötztal, Obergurgl","Slappo","Eboreo"
"Pitztal, Nähe Mittelberg","Slappo","Egemmh"
"Pitztal, Nähe Mittelberg","Slappo","Hspira"
"Pitztal, Nähe Mittelberg","Slappo","Obridg"
"Nufenenpaß, Paßhöhe I","Slappo","Hspirh"
"Lapphaugen bei Bardu","Slappo","Ehasta"
"Lapphaugen bei Bardu","Slappo","Elanat"
"Lapphaugen bei Bardu","Slappo","Elappo"
"Lapphaugen bei Bardu","Slappo","Osamol"
"Lapphaugen bei Bardu","Slappo","Olappl"
"Lapphaugen bei Bardu","Slappo","Eboreo"
"Torne Träsk, Abisko","Slappo","Eboreo"
"Torne Träsk, Abisko","Slappo","Onival"
"Torne Träsk, Abisko","Slappo","Ehasta"
"Torne Träsk, Abisko","Slappo","Ohasta"
"Torne Träsk, Abisko","Slappo","Oarcti"
"Torne Träsk, Abisko","Slappo","Ephyli"
"Torne Träsk, Abisko","Slappo","Hnudip"
"Torne Träsk, Abisko","Slappo","Odolic"
"Torne Träsk, Abisko","Slappo","Emyrsi"
"Torne Träsk, Abisko","Slappo","Ovaria"
"Torne Träsk, Abisko","Slappo","Hischn"
"Torne Träsk, Abisko","Slappo","Onigri"
"Polarkreis II","Slappo","Hacuti"
"Polarkreis I","Slappo","Oglauc"
"Polarkreis I","Slappo","Onival"
"Polarkreis I","Slappo","Olappl"
"Polarkreis I","Slappo","Hplicl"
"Polarkreis, Krokstrand","Slappo","Elappc"
"Polarkreis, Krokstrand","Slappo","Eboreo"
"Polarkreis II","Slappo","Elappc"
"Polarkreis II","Slappo","Elappo"
"Polarkreis II","Slappo","Olappl"
"Polarkreis III","Slappo","Olappl"
"Korgfjellet","Slappo","Elanat"
"Polarkreis III","Slappo","Elappc"
"Polarkreis III","Slappo","Odolic"
"Jotunheimen, Breiseterdalen","Slappo","Odolic"
"Jotunheimen, Breiseterdalen","Slappo","Oarcti"
"Jotunheimen, Breiseterdalen","Slappo","Elanat"
"Jotunheimen, Breiseterdalen","Slappo","Oglabr"
"Jotunheimen, Breiseterdalen","Slappo","Etesta"
"Vikafjell bei Viksöyri","Slappo","Eboreo"
"Vikafjell bei Viksöyri","Slappo","Onival"
"Vikafjell bei Viksöyri","Slappo","Elappo"
"Vikafjell bei Viksöyri","Slappo","Osamol"
"Vikafjell bei Viksöyri","Slappo","Olappl"
"Vikafjell bei Viksöyri","Slappo","Elappc"
"Seljestad bei Odda","Slappo","Eboreo"
"Vikafjell bei Viksöyri","Slappo","Olappo"
"Seljestad bei Odda","Slappo","Elappo"
"Seljestad bei Odda","Slappo","Osamol"
"Seljestad bei Odda","Slappo","Elappc"
"Seljestad bei Odda","Slappo","Olappl"
"Seljestad bei Odda","Slappo","Olappo"
"Seljestad bei Odda","Slappo","Hacuti"
"Obertauern I","Slappo","Obridg"
"Grimselpaß, Grimselsee","Slappo","Omacul"
"Grimselpaß, Grimselsee","Slappo","Eboreo"
"Grimselpaß, Grimselsee","Slappo","Onival"
"Grimselpaß, Grimselsee","Slappo","Ohasta"
"Grimselpaß, Grimselsee","Slappo","Ehasta"
"Nufenenpaß, Paßhöhe II","Slappo","Ohasta"
"Nufenenpaß, Paßhöhe II","Slappo","Oretus"
"Nufenenpaß, Paßhöhe II","Slappo","Ofoeti"
"Nufenenpaß, Paßhöhe II","Slappo","Oobscu"
"Nufenenpaß, Paßhöhe I","Slappo","Ofoeti"
"Nufenenpaß, Paßhöhe I","Slappo","Ohasta"
"Obertauern I","Slappo","Oadaph"
"Nufenenpaß, Paßhöhe I","Slappo","Epurpu"
"Ötztal, Vent/ Gample","Slappo","Hplicg"
"Ötztal, Vent/ Gample","Slappo","Hspira"
"Grimselpaß, Grimselsee","Slappo","Hspirh"
"Grimselpaß, Grimselsee","Slappo","Hplicg"
"Nufenenpaß, Paßhöhe I","Slappo","Htuber"
"Obertauern I","Slappo","Hplicd"
"Ötztal, Vent/ Gample","Slappo","Hischn"
"Ötztal, Vent/ Gample","Slappo","Egemmf"
"Pitztal, Nähe Mittelberg","Slappo","Ehasta"
"Ötztal, Obergurgl","Slappo","Epurpu"
"Ifjordfjellet II","Slappo","Odolic"
"Ifjordfjellet II","Slappo","Oglauc"
"Lavangsdalen","Slappo","Obridg"
"Lavangsdalen","Slappo","Ogalla"
"Lavangsdalen","Slappo","Evenus"
"Polarkreis I","Slappo","Odolic"
"Polarkreis II","Slappo","Oherba"
"Polarkreis II","Slappo","Olappo"
"Taernaby / Tjamerev.","Slappo","Osamol"
"Torne Träsk, Abisko","Slappo","Esmyrs"
"Lapphaugen bei Bardu","Slappo","Emyrsi"
"Polarkreis, Krokstrand","Slappo","Elanat"
"Polarkreis II","Slappo","Eboreo"
"Lavangsdalen","Slappo","Ehasta"
"Ifjordfjellet II","Slappo","Hplicg"
"Jotunheimen, Breiseterdalen","Slappo","Hplicg"
"Korgfjellet","Slappo","Hplicg"
"Vikafjell bei Viksöyri","Slappo","Hacuti"
"Lapphaugen bei Bardu","Slappo","Hplicg"
"Lapphaugen bei Bardu","Slappo","Htuber"
"Polarkreis I","Slappo","Hplicg"
"Lapphaugen bei Bardu","Slappo","Hnudip"
"Vikafjell bei Viksöyri","Slappo","Hplicg"
"Polarkreis I","Slappo","Hacuti"
"Seljestad bei Odda","Slappo","Hplicl"
"Defereggental, Stalleralm","Slappo","Obridg"
"Defereggental, Stalleralm","Slappo","Hspira"
"Polarkreis I","Slappo","Opolar"
"Peer Gynt veien III","Slappo","Oglabr"
"Peer Gynt veien III","Slappo","Elanat"
"Ötztal, Vent/ Gample","Slappo","Htuber"
"Peer Gynt veien III","Slappo","Hnudip"
"Vikafjell bei Viksöyri","Slappo","Hsglau"
"Peer Gynt veien III","Slappo","Hischn"
"Peer Gynt veien III","Slappo","Hplicg"
"Vikafjell bei Viksöyri","Slappo","Hslana"
"Vikafjell bei Viksöyri","Slappo","Hplicl"
"Peer Gynt veien III","Slappo","Hacuti"
"Grimselpaß, Räterichsbodensee","Smorle","Onival"
"Grimselpaß, Grimselsee","Smorle","Egemmh"
"S.-Varanger, Vaggatem","Smorle","Oarcti"
"S.-Varanger, Vaggatem","Smorle","Ospset"
"S.-Varanger, Vaggatem","Smorle","Odolic"
"S.-Varanger, Vaggatem","Smorle","Onorve"
"S.-Varanger, Vaggatem","Smorle","Onival"
"S.-Varanger, Vaggatem","Smorle","Osamol"
"S.-Varanger, Vaggatem","Smorle","Omyrti"
"S.-Varanger, Vaggatem","Smorle","Emyrti"
"S.-Varanger, Vaggatem","Smorle","Ovaria"
"S.-Varanger, Vaggatem","Smorle","Oglabr"
"S.-Varanger, Vaggatem","Smorle","Elappo"
"S.-Varanger, Vaggatem","Smorle","Elappc"
"S.-Varanger, Vaggatem","Smorle","Ohasta"
"Kiel, Dietrichsdorf","Smorle","Ovimin"
"Kiel, Dietrichsdorf","Smorle","Opedun"
"Kiel, Dietrichsdorf","Smorle","Obridg"
"Grimselpaß, Räterichsbodensee","Smorle","Egemmh"
"Grimselpaß, Räterichsbodensee","Smorle","Hspirh"
"Grimselpaß, Räterichsbodensee","Smorle","Omacul"
"Grimselpaß, Räterichsbodensee","Smorle","Ehasta"
"Grimselpaß, Räterichsbodensee","Smorle","Ohasta"
"Grimselpaß, Räterichsbodensee","Smorle","Hplicg"
"Grimselpaß, Grimselsee","Smorle","Omacul"
"Grimselpaß, Grimselsee","Smorle","Eboreo"
"Grimselpaß, Grimselsee","Smorle","Onival"
"Grimselpaß, Grimselsee","Smorle","Ohasta"
"Grimselpaß, Grimselsee","Smorle","Ehasta"
"Grimselpaß, Grimselsee","Smorle","Hspirh"
"Grimselpaß, Grimselsee","Smorle","Hplicg"
"Kiel, Dietrichsdorf","Smorle","Esubge"
"Grimselpaß, Räterichsbodensee","Smorle","Egemmc"
"S.-Varanger, Vaggatem","Smorle","Esmyrt"
"Kiel, Dietrichsdorf","Smorle","Egemmc"
"Kiel, Dietrichsdorf","Smorle","Eciner"
"S.-Varanger, Vaggatem","Smorle","Hscapr"
"S.-Varanger, Vaggatem","Smorle","Hnudip"
"Kiel, Dietrichsdorf","Smorle","Hangli"
"Kiel, Dietrichsdorf","Smorle","Hleuca"
"Ramsau, Silberklamm","Smorle","Ovaria"
"Ramsau, Silberklamm","Smorle","Okriec"
"Kiel, Dietrichsdorf","Smorle","Hpruss"
"Wüstensachsen, NWR Stirnberg","Smorle","Hpruss"
"Wüstensachsen, NWR Stirnberg","Smorle","Hanoma"
"Wüstensachsen, NWR Stirnberg","Smorle","Hleuco"
"Wüstensachsen, NWR Stirnberg","Smorle","Halien"
"Wüstensachsen, NWR Stirnberg","Smorle","Hleuca"
"Wüstensachsen, NWR Stirnberg","Smorle","Heryth"
"Ramsau, Silberklamm","Smorle","Hpolit"
"Ramsau, Silberklamm","Smorle","Hischn"
"Ramsau, Silberklamm","Smorle","Hspira"
"Ramsau, Silberklamm","Smorle","Hpurpu"
"Ramsau, Silberklamm","Smorle","Hplicd"
"Ramsau, Silberklamm","Smorle","Hpscho"
"Wüstensachsen, NWR Stirnberg","Smorle","Obridg"
"Berkak","Smorle","Hischn"
"Rügen, Bergen / Kaiseritz","Smorle","Oproxi"
"Radolfzell, Mindelsee","Smorle","Hleuca"
"Radolfzell, Mindelsee","Smorle","Hpruss"
"Rügen, Bergen / Kaiseritz","Smorle","Heryth"
"Rügen, Bergen / Kaiseritz","Smorle","Hanoma"
"Rügen, Bergen / Kaiseritz","Smorle","Hpruss"
"Rügen, Stedar","Smorle","Hpruss"
"Rügen, Stedar","Smorle","Hleuca"
"Rügen, Stedar","Smorle","Hangli"
"Rügen, Bergen / Kaiseritz","Smorle","Hleuca"
"Klausdorf, Schwentine","Smorle","Hleuca"
"Klausdorf, Schwentine","Smorle","Hpruss"
"Klausdorf, Schwentine","Smorle","Oproxi"
"Kvamskogen","Smorle","Opustu"
"Klausdorf, Schwentine","Smorle","Hanoma"
"Klausdorf, Schwentine","Smorle","Hleuco"
"Kvamskogen","Smorle","Halien"
"Kvamskogen","Smorle","Hnudip"
"Kvamskogen","Smorle","Hleuco"
"Kvamskogen","Smorle","Hplicl"
"Kiel, Dietrichsdorf","Smorle","Hpolit"
"Polarkreis I","Snigri","Olappo"
"Polarkreis I","Snigri","Oherba"
"Polarkreis I","Snigri","Elappo"
"Polarkreis I","Snigri","Elappc"
"Polarkreis I","Snigri","Oglauc"
"Polarkreis I","Snigri","Onival"
"Polarkreis I","Snigri","Olappl"
"Polarkreis I","Snigri","Hplicl"
"Polarkreis I","Snigri","Odolic"
"Polarkreis I","Snigri","Hplicg"
"Polarkreis I","Snigri","Hacuti"
"Polarkreis I","Snigri","Opolar"
"Meldal, Resvatnet","Snigri","Hplicg"
"Meldal, Resvatnet","Snigri","Hsglau"
"Meldal, Resvatnet","Snigri","Hacuti"
"Meldal, Resvatnet","Snigri","Hplicl"
"Meldal, Resvatnet","Snigri","Hischn"
"Meldal, Resvatnet","Snigri","Hnudip"
"Meldal, Resvatnet","Snigri","Hleuco"
"Zillertal, Hintertux/ Weitental","Spygid","Ovaria"
"Zillertal, Hintertux/ Weitental","Spygid","Onigri"
"Zillertal, Hintertux/ Weitental","Spygid","Ovesic"
"Zillertal, Hintertux/ Weitental","Spygid","Oobscu"
"Zillertal, Hintertux/ Weitental","Spygid","Ofoeti"
"Zillertal, Hintertux/ Weitental","Spygid","Obridg"
"Zillertal, Hintertux/ Weitental","Spygid","Oretus"
"Zillertal, Hintertux/ Weitental","Spygid","Ovimin"
"Zillertal, Hintertux/ Weitental","Spygid","Oretic"
"Zillertal, Hintertux/ Weitental","Spygid","Omonti"
"Zillertal, Hintertux/ Weitental","Spygid","Eelaea"
"Ötztal, Obergurgl","Spygid","Ohasta"
"Ötztal, Obergurgl","Spygid","Ovaria"
"Saastal, Mattmark","Spygid","Omacul"
"Saastal, Mattmark","Spygid","Ohasta"
"Saastal, Mattmark","Spygid","Ovaria"
"Saastal, Mattmark","Spygid","Obrevi"
"Saastal, Mattmark","Spygid","Oviril"
"Saastal, Mattmark","Spygid","Ovimin"
"Zillertal, Hintertux/ Weitental","Spygid","Ohasta"
"Planneralm II","Spygid","Ovaria"
"Planneralm II","Spygid","Obridg"
"Obertauern I","Spygid","Onigri"
"Obertauern I","Spygid","Ovaria"
"Obertauern I","Spygid","Omonti"
"Obertauern I","Spygid","Ofoeti"
"Obertauern I","Spygid","Oobscu"
"Obertauern I","Spygid","Egemmf"
"Ötztal, Obergurgl","Spygid","Onival"
"Obertauern I","Spygid","Hischn"
"Obertauern I","Spygid","Emyrsi"
"Obertauern I","Spygid","Ehasta"
"Zillertal, Hintertux/ Weitental","Spygid","Egemmf"
"Ötztal, Obergurgl","Spygid","Hplicg"
"Ötztal, Obergurgl","Spygid","Ehasta"
"Saastal, Mattmark","Spygid","Ehasta"
"Ötztal, Obergurgl","Spygid","Eboreo"
"Saastal, Mattmark","Spygid","Egemmf"
"Saastal, Mattmark","Spygid","Emyrsi"
"Obertauern I","Spygid","Obridg"
"Saastal, Mattmark","Spygid","Egemmh"
"Saastal, Mattmark","Spygid","Ofoeti"
"Obertauern I","Spygid","Oadaph"
"Obertauern I","Spygid","Hplicd"
"Ötztal, Obergurgl","Spygid","Epurpu"
"Juppa","Spygid","Obrevi"
"Juppa","Spygid","Ovaria"
"Juppa","Spygid","Ofoeti"
"Juppa","Spygid","Oobscu"
"Juppa","Spygid","Egemmf"
"Juppa","Spygid","Hischn"
"Juppa","Spygid","Oretic"
"S.-Varanger, Vaggatem","Srenov","Oarcti"
"S.-Varanger, Vaggatem","Srenov","Ospset"
"S.-Varanger, Vaggatem","Srenov","Odolic"
"S.-Varanger, Vaggatem","Srenov","Onorve"
"S.-Varanger, Vaggatem","Srenov","Onival"
"S.-Varanger, Vaggatem","Srenov","Osamol"
"S.-Varanger, Vaggatem","Srenov","Omyrti"
"S.-Varanger, Vaggatem","Srenov","Emyrti"
"S.-Varanger, Vaggatem","Srenov","Ovaria"
"S.-Varanger, Vaggatem","Srenov","Oglabr"
"S.-Varanger, Vaggatem","Srenov","Elappo"
"S.-Varanger, Vaggatem","Srenov","Elappc"
"S.-Varanger, Vaggatem","Srenov","Ohasta"
"S.-Varanger, Vaggatem","Srenov","Esmyrt"
"S.-Varanger, Vaggatem","Srenov","Hscapr"
"S.-Varanger, Vaggatem","Srenov","Hnudip"
"Lofot, Austvagoya, Rörvika","Srenov","Hplicg"
"Lofot, Austvagoya, Rörvika","Srenov","Hanoma"
"Lofot, Austvagoya, Rörvika","Srenov","Hleuco"
"Dovrefjell","Ssubar","Odolic"
"Dovrefjell","Ssubar","Oarcti"
"Kilpisjärvi","Ssubar","Oarcti"
"Kilpisjärvi","Ssubar","Ohasta"
"Kilpisjärvi","Ssubar","Osamol"
"Kilpisjärvi","Ssubar","Ehasta"
"Kilpisjärvi","Ssubar","Olappo"
"Kilpisjärvi","Ssubar","Elappo"
"Dovrefjell","Ssubar","Omyrsi"
"Ifjordfjellet / Gilojokka","Ssubar","Oglabr"
"Ifjordfjellet / Gilojokka","Ssubar","Ovaria"
"Ifjordfjellet / Gilojokka","Ssubar","Onival"
"Ifjordfjellet / Gilojokka","Ssubar","Oarcti"
"Ifjordfjellet / Gilojokka","Ssubar","Odolic"
"Ifjordfjellet / Gilojokka","Ssubar","Olappo"
"Ifjordfjellet / Gilojokka","Ssubar","Osamol"
"Ifjordfjellet / Gilojokka","Ssubar","Olappl"
"Kilpisjärvi","Ssubar","Odolic"
"Dovrefjell","Ssubar","Elappo"
"Dovrefjell","Ssubar","Olappo"
"Dovrefjell","Ssubar","Olappl"
"Dovrefjell","Ssubar","Osamol"
"Dovrefjell","Ssubar","Onival"
"Ifjordfjellet / Gilojokka","Ssubar","Elanat"
"Kilpisjärvi","Ssubar","Elanat"
"Kilpisjärvi","Ssubar","Eboreo"
"Kilpisjärvi","Ssubar","Elappc"
"Kilpisjärvi","Ssubar","Ephyli"
"Dovrefjell","Ssubar","Hnudip"
"Lakselv / Stabursnes","Ssubar","Hischn"
"Lakselv / Stabursnes","Ssubar","Hplicp"
"Lakselv / Stabursnes","Ssubar","Hnudip"
"Ifjordfjellet / Gilojokka","Ssubar","Hplicg"
"Ifjordfjellet / Gilojokka","Ssubar","Hnudip"
"Kilpisjärvi","Ssubar","Hnudip"
"Kilpisjärvi","Ssubar","Hacuti"
"Kilpisjärvi","Ssubar","Hplicg"
"Kilpisjärvi","Ssubar","Hischn"
"Kilpisjärvi","Ssubar","Htuber"
"Skogan","Ssubar","Hnudip"
"Ifjordfjellet / Gilojokka","Ssubar","Eboreo"
"Ötztal, Vent/ Gample","Strico","Ohasta"
"Ötztal, Vent/ Gample","Strico","Onigri"
"Ötztal, Vent/ Gample","Strico","Ovaria"
"Ötztal, Vent/ Gample","Strico","Obridg"
"Ötztal, Vent/ Gample","Strico","Onival"
"Ötztal, Vent/ Gample","Strico","Omacul"
"Ötztal, Vent/ Gample","Strico","Ohelve"
"S.-Varanger, Nyrud","Strico","Ovaria"
"S.-Varanger, Nyrud","Strico","Oarcti"
"Obertauern I","Strico","Onigri"
"Obertauern I","Strico","Ovaria"
"Obertauern I","Strico","Omonti"
"Obertauern I","Strico","Ofoeti"
"Obertauern I","Strico","Oobscu"
"Obertauern I","Strico","Egemmf"
"Obertauern I","Strico","Hischn"
"Obertauern I","Strico","Emyrsi"
"Obertauern I","Strico","Ehasta"
"Ötztal, Vent/ Gample","Strico","Hcarin"
"Ötztal, Vent/ Gample","Strico","Ehasta"
"Ötztal, Vent/ Gample","Strico","Eboreo"
"Ötztal, Vent/ Gample","Strico","Egemmh"
"Obertauern I","Strico","Obridg"
"Obertauern I","Strico","Oadaph"
"Kilianstätten","Strico","Hpolit"
"Ötztal, Vent/ Gample","Strico","Hplicg"
"Ötztal, Vent/ Gample","Strico","Hspira"
"Obertauern I","Strico","Hplicd"
"Kilianstätten","Strico","Hangli"
"Ötztal, Vent/ Gample","Strico","Hischn"
"Ötztal, Vent/ Gample","Strico","Egemmf"
"S.-Varanger, Nyrud","Strico","Evenus"
"S.-Varanger, Nyrud","Strico","Ospset"
"S.-Varanger, Nyrud","Strico","Elappo"
"Dachsteingebirge, Hoferalm b. Filzmos","Strico","Okriec"
"Dachsteingebirge, Hoferalm b. Filzmos","Strico","Hpolit"
"Zwettl","Strico","Hoblit"
"S.-Varanger, Nyrud","Strico","Omyrti"
"S.-Varanger, Nyrud","Strico","Ogalla"
"S.-Varanger, Nyrud","Strico","Emyrti"
"Alta","Strico","Hischn"
"S.-Varanger, Nyrud","Strico","Hscapr"
"S.-Varanger, Nyrud","Strico","Hleuco"
"S.-Varanger, Nyrud","Strico","Hischn"
"S.-Varanger, Nyrud","Strico","Hnudip"
"S.-Varanger, Nyrud","Strico","Htuber"
"Ramsau, Silberklamm","Strico","Ovaria"
"Ramsau, Silberklamm","Strico","Okriec"
"Ramsau, Silberklamm","Strico","Hpolit"
"Ramsau, Silberklamm","Strico","Hischn"
"Ramsau, Silberklamm","Strico","Hspira"
"Ramsau, Silberklamm","Strico","Hpurpu"
"Ramsau, Silberklamm","Strico","Hplicd"
"Ramsau, Silberklamm","Strico","Hpscho"
"Usedom, Zempin, Lüttendorf","Strico","Hoblit"
"Berkak","Strico","Hischn"
"Rügen, Glowitz","Strico","Opprox"
"Radolfzell, Mindelsee","Strico","Hleuca"
"Radolfzell, Mindelsee","Strico","Hpruss"
"Rügen, Glowitz","Strico","Hleuco"
"Rügen, Glowitz","Strico","Hpruss"
"Rügen, Glowitz","Strico","Hleuca"
"Rügen, Glowitz","Strico","Hanoma"
"Rügen, Glowitz","Strico","Hoblit"
"Ötztal, Vent/ Gample","Strico","Htuber"
"Ötztal, Hochgurgl","Strico","Hplicg"
"Kühkopf, Mordhecke I","Svesic","Ovimin"
"Griesheim bei Darmstadt","Svesic","Ovimin"
"Griesheim bei Darmstadt","Svesic","Ogalla"
"Griesheim bei Darmstadt","Svesic","Obridg"
"Griesheim bei Darmstadt","Svesic","Ovesic"
"Kühkopf, Mordhecke I","Svesic","Ovesic"
"Kühkopf, Mordhecke I","Svesic","Opedun"
"Taunus, Waldems-Reichenbach","Svesic","Oproxi"
"Taunus, Waldems-Esch","Svesic","Oproxi"
"Taunus, Hunoldstal","Svesic","Oproxi"
"Taunus, Hunoldstal","Svesic","Ovimin"
"Kühkopf, Mordhecke I","Svesic","Obella"
"Ötztal, Vent/ Gample","Svesic","Ohasta"
"Ötztal, Vent/ Gample","Svesic","Onigri"
"Ötztal, Vent/ Gample","Svesic","Ovaria"
"Ötztal, Vent/ Gample","Svesic","Obridg"
"Ötztal, Vent/ Gample","Svesic","Onival"
"Zillertal, Hintertux/ Weitental","Svesic","Ovaria"
"Zillertal, Hintertux/ Weitental","Svesic","Onigri"
"Zillertal, Hintertux/ Weitental","Svesic","Ovesic"
"Zillertal, Hintertux/ Weitental","Svesic","Oobscu"
"Zillertal, Hintertux/ Weitental","Svesic","Ofoeti"
"Zillertal, Hintertux/ Weitental","Svesic","Obridg"
"Kühkopf, Mordhecke I","Svesic","Oproxi"
"Zillertal, Hintertux/ Weitental","Svesic","Oretus"
"Zillertal, Hintertux/ Weitental","Svesic","Ovimin"
"Zillertal, Hintertux/ Weitental","Svesic","Oretic"
"Ötztal, Vent/ Gample","Svesic","Omacul"
"Zillertal, Hintertux/ Weitental","Svesic","Omonti"
"Zillertal, Hintertux/ Weitental","Svesic","Eelaea"
"Kühkopf, Mordhecke I","Svesic","Obridg"
"Griesheim bei Darmstadt","Svesic","Oviril"
"Griesheim bei Darmstadt","Svesic","Opedun"
"Taunus, Usingen","Svesic","Oproxi"
"Taunus, Usingen","Svesic","Ogalla"
"Ötztal, Vent/ Gample","Svesic","Ohelve"
"Zillertal, Lanersbach/ Geiselalm","Svesic","Onigri"
"Zillertal, Lanersbach","Svesic","Onigri"
"Zillertal, Lanersbach","Svesic","Oadaph"
"Zillertal, Lanersbach","Svesic","Ovaria"
"Ötztal, Vent/ Am Spiegel","Svesic","Omacul"
"Ötztal, Obergurgl","Svesic","Ohasta"
"Ötztal, Obergurgl","Svesic","Ovaria"
"Schwarzwald, Schluchsee","Svesic","Ovaria"
"Obergoms, Obergesteln","Svesic","Oviril"
"Vogelsberg, Hoherodskopf","Svesic","Obridg"
"Taunus, Usingen","Svesic","Obridg"
"Griesheim bei Darmstadt","Svesic","Hangli"
"Obergoms, Reckingen","Svesic","Ovesic"
"Obergoms, Reckingen","Svesic","Ovimin"
"Obergoms, Reckingen","Svesic","Oadaph"
"Obergoms, Reckingen","Svesic","Ohasta"
"Obergoms, Obergesteln","Svesic","Otrian"
"Obergoms, Obergesteln","Svesic","Oadaph"
"Obergoms, Gletsch","Svesic","Ohelve"
"Obergoms, Gletsch","Svesic","Omacul"
"Saastal, Mattmark","Svesic","Omacul"
"Saastal, Mattmark","Svesic","Ohasta"
"Saastal, Mattmark","Svesic","Ovaria"
"Saastal, Mattmark","Svesic","Obrevi"
"Saastal, Mattmark","Svesic","Oviril"
"Saastal, Mattmark","Svesic","Ovimin"
"Hospental","Svesic","Oadaph"
"Nufenenpaß, Paßhöhe I","Svesic","Oretus"
"Hospental","Svesic","Ohasta"
"Nufenenpaß, Paßhöhe I","Svesic","Omacul"
"Hospental","Svesic","Ovimin"
"Binntal nr. Fiesch","Svesic","Ofoeti"
"Binntal nr. Fiesch","Svesic","Ovaria"
"Binntal nr. Fiesch","Svesic","Oobscu"
"Binntal nr. Fiesch","Svesic","Omacul"
"Obergoms, Gletsch","Svesic","Onival"
"Obergoms, Gletsch","Svesic","Ohasta"
"Grimselpaß, Räterichsbodensee","Svesic","Onival"
"Grimselpaß, Grimselsee","Svesic","Egemmh"
"Nymindegab","Svesic","Ocolla"
"Nymindegab","Svesic","Obridg"
"Nymindegab","Svesic","Opedun"
"Brandbu","Svesic","Onigri"
"Dovrefjell","Svesic","Odolic"
"Dovrefjell","Svesic","Oarcti"
"Stiklestad","Svesic","Onigri"
"Stiklestad","Svesic","Ovaria"
"Stiklestad","Svesic","Obridg"
"Steinkjer","Svesic","Onigri"
"Steinkjer","Svesic","Obridg"
"Steinkjer","Svesic","Ovaria"
"Korgfjellet","Svesic","Oglauc"
"Korgfjellet","Svesic","Onival"
"Korgfjellet","Svesic","Oglabr"
"Korgfjellet","Svesic","Oretic"
"Lofot, Laubstad","Svesic","Oglauc"
"Lofot, Laubstad","Svesic","Onival"
"Lofot, Laubstad","Svesic","Olappo"
"S.-Varanger, Vaggatem","Svesic","Oarcti"
"S.-Varanger, Vaggatem","Svesic","Ospset"
"S.-Varanger, Vaggatem","Svesic","Odolic"
"S.-Varanger, Vaggatem","Svesic","Onorve"
"S.-Varanger, Vaggatem","Svesic","Onival"
"S.-Varanger, Vaggatem","Svesic","Osamol"
"S.-Varanger, Vaggatem","Svesic","Omyrti"
"S.-Varanger, Vaggatem","Svesic","Emyrti"
"S.-Varanger, Vaggatem","Svesic","Ovaria"
"S.-Varanger, Vaggatem","Svesic","Oglabr"
"S.-Varanger, Nyrud","Svesic","Ovaria"
"S.-Varanger, Vaggatem","Svesic","Elappo"
"S.-Varanger, Vaggatem","Svesic","Elappc"
"Kafjordbotn","Svesic","Onorve"
"Ramfjorden","Svesic","Onorve"
"Polarkreis I","Svesic","Olappo"
"Polarkreis I","Svesic","Oherba"
"Korgfjellet","Svesic","Ohasta"
"Leitenberg","Svesic","Oproxi"
"Schwarzwald, Schluchsee","Svesic","Emucro"
"Schwarzwald, Feldberg","Svesic","Okriec"
"Schwarzwald, Schluchsee","Svesic","Obella"
"Schwarzwald, Feldberg","Svesic","Ogalla"
"Schwarzwald, Todtnau","Svesic","Ovimin"
"Schwarzwald, Todtnau","Svesic","Ovesic"
"Moorburg","Svesic","Oadaph"
"S.-Varanger, Nyrud","Svesic","Oarcti"
"S.-Varanger, Vaggatem","Svesic","Ohasta"
"Kühkopf, Mordhecke I","Svesic","Oviril"
"Vogelsberg, Hoherodskopf","Svesic","Opedun"
"Vogelsberg, Hoherodskopf","Svesic","Hleuco"
"Kiel, Langsee","Svesic","Opedun"
"Kiel, Langsee","Svesic","Obridg"
"Howacht 3","Svesic","Oproxi"
"Kiel, Dietrichsdorf","Svesic","Ovimin"
"Kiel, Dietrichsdorf","Svesic","Opedun"
"Kiel, Dietrichsdorf","Svesic","Obridg"
"Katinger Watt","Svesic","Ovimin"
"Katinger Watt","Svesic","Oproxi"
"Vejersstrand","Svesic","Ocolla"
"Rogerfelde","Svesic","Oproxi"
"Altenkrempe","Svesic","Oproxi"
"Mellum","Svesic","Oproxi"
"Stendorf","Svesic","Oproxi"
"Norderney","Svesic","Ocolla"
"Norderney","Svesic","Oadaph"
"Borkum","Svesic","Ocolla"
"Jechtingen","Svesic","Oadaph"
"Mahndorf","Svesic","Ocolla"
"Gramai-Alm","Svesic","Oelaea"
"Gramai-Alm","Svesic","Okriec"
"Gramai-Alm","Svesic","Oadaph"
"Falzthurn-Alm","Svesic","Okriec"
"Falzthurn-Alm","Svesic","Oelaea"
"Falzthurn-Alm","Svesic","Ovesic"
"Falzthurn-Alm","Svesic","Ovimin"
"Falzthurn-Alm","Svesic","Ovaria"
"Falzthurn-Alm","Svesic","Oadaph"
"Gern-Alm","Svesic","Ovaria"
"Gern-Alm","Svesic","Ovimin"
"Gern-Alm","Svesic","Ovesic"
"Gern-Alm","Svesic","Okriec"
"Gern-Alm","Svesic","Oelaea"
"Gern-Alm","Svesic","Obridg"
"Zillertal, Hintertux/ Weitental","Svesic","Ohasta"
"Ötztal, Vent/ Am Spiegel","Svesic","Ohelve"
"Obergoms, Gletsch","Svesic","Oadaph"
"Obergoms, Gletsch","Svesic","Ovesic"
"Obergoms, Gletsch","Svesic","Ovimin"
"Obergoms, Gletsch","Svesic","Oviril"
"Obergoms, Gletsch","Svesic","Obridg"
"Ketsch","Svesic","Oproxi"
"Ketsch","Svesic","Ovimin"
"Torun","Svesic","Otrian"
"Narewa","Svesic","Oproxi"
"Torun","Svesic","Ovimin"
"Tretten, Nordbu nr. Ringebu","Svesic","Oarcti"
"Peer Gynt veien I","Svesic","Oglabr"
"Peer Gynt veien I","Svesic","Onival"
"Peer Gynt veien I","Svesic","Ohasta"
"Tretten, Nordbu nr. Ringebu","Svesic","Onival"
"Tretten, Nordbu nr. Ringebu","Svesic","Olappo"
"Tretten, Nordbu nr. Ringebu","Svesic","Olappl"
"Skoganvatnet","Svesic","Opustu"
"Skoganvatnet","Svesic","Ovaria"
"Korgfjellet","Svesic","Olappo"
"Lofot, Sandsletta","Svesic","Evenus"
"Lofot, Sandsletta","Svesic","Ogalla"
"Lofot, Sandsletta","Svesic","Onival"
"Ramfjorden","Svesic","Olappo"
"Ramfjorden","Svesic","Olappl"
"Ramfjorden","Svesic","Osamol"
"Alta, Baeskades","Svesic","Oglabr"
"Alta, Baeskades","Svesic","Onival"
"Alta, Baeskades","Svesic","Osamol"
"Alta, Baeskades","Svesic","Oarcti"
"Kilpisjärvi","Svesic","Oarcti"
"Alta, Baeskades","Svesic","Oherba"
"Kilpisjärvi","Svesic","Ohasta"
"Kilpisjärvi","Svesic","Osamol"
"Kilpisjärvi","Svesic","Ehasta"
"Kilpisjärvi","Svesic","Olappo"
"Kilpisjärvi","Svesic","Elappo"
"Torne Träsk, Abisko","Svesic","Oretic"
"Torne Träsk, Abisko","Svesic","Oherba"
"Polarkreis I","Svesic","Elappo"
"Polarkreis I","Svesic","Elappc"
"Korgfjellet","Svesic","Omyrsi"
"Korgfjellet","Svesic","Ospeit"
"Korgfjellet","Svesic","Elappc"
"Korgfjellet","Svesic","Elappo"
"Dovrefjell","Svesic","Omyrsi"
"Tyssedal, Ringedalsvatn","Svesic","Ogalla"
"Kühkopf, Mordhecke I","Svesic","Hpruss"
"Vernagt-Stausee","Svesic","Ovesic"
"Bad Aussee","Svesic","Ovaria"
"Bad Aussee","Svesic","Okriec"
"Obertauern I","Svesic","Onigri"
"Obertauern I","Svesic","Ovaria"
"Obertauern I","Svesic","Omonti"
"Obertauern I","Svesic","Ofoeti"
"Obertauern I","Svesic","Oobscu"
"Obertauern I","Svesic","Egemmf"
"Ötztal, Obergurgl","Svesic","Onival"
"Kruklanki","Svesic","Ovimin"
"Peer Gynt veien I","Svesic","Olappo"
"Peer Gynt veien I","Svesic","Olappl"
"Peer Gynt veien I","Svesic","Opustu"
"Garguluobbal, Karasjok","Svesic","Oarcti"
"N.-Varanger, Tanabru","Svesic","Oarcti"
"N.-Varanger, Tanabru","Svesic","Osamol"
"N.-Varanger, Tanabru","Svesic","Olappl"
"N.-Varanger, Tanabru","Svesic","Olappo"
"N.-Varanger, Sandfjord","Svesic","Omyrsi"
"N.-Varanger, Sandfjord","Svesic","Ovaria"
"N.-Varanger, Sandfjord","Svesic","Onival"
"Ifjordfjellet / Gilojokka","Svesic","Oglabr"
"Ifjordfjellet / Gilojokka","Svesic","Ovaria"
"Ifjordfjellet / Gilojokka","Svesic","Onival"
"Ifjordfjellet / Gilojokka","Svesic","Oarcti"
"Ifjordfjellet / Gilojokka","Svesic","Odolic"
"Ifjordfjellet / Gilojokka","Svesic","Olappo"
"Ifjordfjellet / Gilojokka","Svesic","Osamol"
"Ifjordfjellet / Gilojokka","Svesic","Olappl"
"Kilpisjärvi","Svesic","Odolic"
"Torne Träsk, Abisko","Svesic","Oglabr"
"Polarkreis, Krokstrand","Svesic","Oglabr"
"Polarkreis, Krokstrand","Svesic","Onival"
"Polarkreis, Krokstrand","Svesic","Ovaria"
"Polarkreis, Krokstrand","Svesic","Olappo"
"Polarkreis, Krokstrand","Svesic","Osamol"
"Polarkreis, Krokstrand","Svesic","Elappo"
"Polarkreis, Krokstrand","Svesic","Olappl"
"Korgfjellet","Svesic","Osamol"
"Korgfjellet","Svesic","Olappl"
"Korgfjellet","Svesic","Eboreo"
"Dovrefjell","Svesic","Elappo"
"Dovrefjell","Svesic","Olappo"
"Dovrefjell","Svesic","Olappl"
"Dovrefjell","Svesic","Osamol"
"Dovrefjell","Svesic","Onival"
"Vogelsberg, Hoherodskopf","Svesic","Ogalla"
"Obertauern I","Svesic","Hischn"
"Obertauern I","Svesic","Emyrsi"
"Obertauern I","Svesic","Ehasta"
"Zillertal, Hintertux/ Weitental","Svesic","Egemmf"
"Falzthurn-Alm","Svesic","Eelaea"
"Gramai-Alm","Svesic","Eelaea"
"Gern-Alm","Svesic","Eelaea"
"Ötztal, Vent/ Gample","Svesic","Hcarin"
"Ötztal, Vent/ Gample","Svesic","Ehasta"
"Ötztal, Vent/ Gample","Svesic","Eboreo"
"Ötztal, Vent/ Gample","Svesic","Egemmh"
"Ötztal, Obergurgl","Svesic","Hplicg"
"Ötztal, Obergurgl","Svesic","Ehasta"
"Ötztal, Vent/ Am Spiegel","Svesic","Egemmh"
"Grimselpaß, Räterichsbodensee","Svesic","Egemmh"
"Grimselpaß, Räterichsbodensee","Svesic","Hspirh"
"Grimselpaß, Räterichsbodensee","Svesic","Omacul"
"Grimselpaß, Räterichsbodensee","Svesic","Ehasta"
"Grimselpaß, Räterichsbodensee","Svesic","Ohasta"
"Grimselpaß, Räterichsbodensee","Svesic","Hplicg"
"Saastal, Mattmark","Svesic","Ehasta"
"Nufenenpaß, Paßhöhe I","Svesic","Egemmh"
"Nufenenpaß, Paßhöhe I","Svesic","Oobscu"
"Nufenenpaß, Paßhöhe I","Svesic","Oretic"
"Nufenenpaß, Paßhöhe I","Svesic","Egemmf"
"Ötztal, Vent/ Rofental","Svesic","Egemmh"
"Ötztal, Obergurgl","Svesic","Eboreo"
"Pitztal, Nähe Mittelberg","Svesic","Egemmh"
"Pitztal, Nähe Mittelberg","Svesic","Hspira"
"Pitztal, Nähe Mittelberg","Svesic","Obridg"
"Saastal, Mattmark","Svesic","Egemmf"
"Saastal, Mattmark","Svesic","Emyrsi"
"Nufenenpaß, Paßhöhe I","Svesic","Hspirh"
"Ifjordfjellet / Gilojokka","Svesic","Elanat"
"N.-Varanger, Tanabru","Svesic","Ephyli"
"N.-Varanger, Tanabru","Svesic","Ohasta"
"N.-Varanger, Tanabru","Svesic","Elanat"
"N.-Varanger, Tanabru","Svesic","Odolic"
"N.-Varanger, Tanabru","Svesic","Ehasta"
"Alta, Baeskades","Svesic","Elappo"
"Alta, Baeskades","Svesic","Olappl"
"Alta, Baeskades","Svesic","Eboreo"
"Torne Träsk, Abisko","Svesic","Eboreo"
"Torne Träsk, Abisko","Svesic","Onival"
"Torne Träsk, Abisko","Svesic","Ehasta"
"Torne Träsk, Abisko","Svesic","Ohasta"
"Torne Träsk, Abisko","Svesic","Oarcti"
"Torne Träsk, Abisko","Svesic","Ephyli"
"Torne Träsk, Abisko","Svesic","Hnudip"
"Torne Träsk, Abisko","Svesic","Odolic"
"Torne Träsk, Abisko","Svesic","Emyrsi"
"Torne Träsk, Abisko","Svesic","Ovaria"
"Lofot, Sandsletta","Svesic","Hleuco"
"Torne Träsk, Abisko","Svesic","Hischn"
"Torne Träsk, Abisko","Svesic","Onigri"
"Lofot, Sandsletta","Svesic","Obridg"
"Lofot, Sandsletta","Svesic","Elappo"
"Lofot, Sandsletta","Svesic","Elappc"
"Polarkreis II","Svesic","Hacuti"
"Polarkreis I","Svesic","Oglauc"
"Polarkreis I","Svesic","Onival"
"Polarkreis I","Svesic","Olappl"
"Polarkreis I","Svesic","Hplicl"
"Polarkreis, Krokstrand","Svesic","Elappc"
"Polarkreis, Krokstrand","Svesic","Eboreo"
"Polarkreis II","Svesic","Elappc"
"Polarkreis II","Svesic","Elappo"
"Polarkreis II","Svesic","Olappl"
"Korgfjellet","Svesic","Elanat"
"Namsskogan, Mellingsmoen","Svesic","Evenus"
"Namsskogan, Mellingsmoen","Svesic","Ogalla"
"Namsskogan, Mellingsmoen","Svesic","Hleuco"
"Namsskogan, Mellingsmoen","Svesic","Enigri"
"Namsskogan, Mellingsmoen","Svesic","Obridg"
"Maltatal I","Svesic","Hplicd"
"Maltatal I","Svesic","Edaphn"
"Maltatal I","Svesic","Eelaea"
"Maltatal I","Svesic","Oadaph"
"Obertauern II","Svesic","Hspira"
"Obertauern II","Svesic","Ofoeti"
"Obertauern II","Svesic","Oobscu"
"Obertauern II","Svesic","Omonti"
"Obertauern II","Svesic","Egemmf"
"Murtal, Muhr","Svesic","Ovesic"
"Murtal, Muhr","Svesic","Hpolit"
"Murtal, Muhr","Svesic","Ovimin"
"Obertauern I","Svesic","Obridg"
"Obergoms, Oberwald","Svesic","Epurpu"
"Obergoms, Oberwald","Svesic","Ovesic"
"Obergoms, Gletsch","Svesic","Egemmh"
"Grimselpaß, Grimselsee","Svesic","Omacul"
"Grimselpaß, Grimselsee","Svesic","Eboreo"
"Grimselpaß, Grimselsee","Svesic","Onival"
"Grimselpaß, Grimselsee","Svesic","Ohasta"
"Saastal, Mattmark","Svesic","Egemmh"
"Grimselpaß, Grimselsee","Svesic","Ehasta"
"Saastal, Mattmark","Svesic","Ofoeti"
"Obergoms, Obergesteln","Svesic","Edaphn"
"Obergoms, Obergesteln","Svesic","Ovesic"
"Nufenenpaß, Paßhöhe II","Svesic","Ohasta"
"Obergoms, Obergesteln","Svesic","Epurpu"
"Nufenenpaß, Paßhöhe II","Svesic","Oretus"
"Nufenenpaß, Paßhöhe II","Svesic","Ofoeti"
"Nufenenpaß, Paßhöhe II","Svesic","Oobscu"
"Nufenenpaß, Val de Bedretto I","Svesic","Okriec"
"Nufenenpaß, Val de Bedretto I","Svesic","Ovesic"
"Nufenenpaß, Val de Bedretto I","Svesic","Eelaea"
"Nufenenpaß, Val de Bedretto I","Svesic","Epurpu"
"Nufenenpaß, Val de Bedretto I","Svesic","Ovimin"
"Obergoms, Oberwald","Svesic","Edaphn"
"Obergoms, Oberwald","Svesic","Oadaph"
"Kühkopf, Mordhecke I","Svesic","Eatraa"
"Griesheim bei Darmstadt","Svesic","Epurpu"
"Kühkopf, Mordhecke I","Svesic","Hpolit"
"Griesheim bei Darmstadt","Svesic","Hpolit"
"Ortenberg I","Svesic","Hoblit"
"Ortenberg I","Svesic","Hangli"
"Ortenberg I","Svesic","Hpolit"
"Vogelsberg, Hoherodskopf","Svesic","Halien"
"Val di Egro, Mt. Tremalzo II","Svesic","Ohasta"
"Val di Egro, Mt. Tremalzo II","Svesic","Ehasta"
"Val di Egro, Mt. Tremalzo II","Svesic","Oobscu"
"Val di Egro, Mt. Tremalzo II","Svesic","Obridg"
"Nufenenpaß, Paßhöhe I","Svesic","Ofoeti"
"Nufenenpaß, Paßhöhe I","Svesic","Ohasta"
"Obertauern I","Svesic","Oadaph"
"Obergoms, Obergesteln","Svesic","Hpolit"
"Taunus, Hunoldstal","Svesic","Hleuca"
"Taunus, Usingen","Svesic","Halien"
"Nufenenpaß, Paßhöhe I","Svesic","Epurpu"
"Taunus, Usingen","Svesic","Hleuca"
"Taunus, Usingen","Svesic","Eatraa"
"Ötztal, Vent/ Gample","Svesic","Hplicg"
"Ötztal, Vent/ Gample","Svesic","Hspira"
"Grimselpaß, Grimselsee","Svesic","Hspirh"
"Grimselpaß, Grimselsee","Svesic","Hplicg"
"Nufenenpaß, Paßhöhe I","Svesic","Htuber"
"Obergoms, Obergesteln","Svesic","Hplicd"
"Obertauern I","Svesic","Hplicd"
"St. Peter-Ording","Svesic","Eweiff"
"St. Peter-Ording","Svesic","Ocolla"
"Kiel, Dietrichsdorf","Svesic","Esubge"
"Ötztal, Vent/ Rofental","Svesic","Ovaria"
"Griesheim bei Darmstadt","Svesic","Hpruss"
"Griesheim bei Darmstadt","Svesic","Hleuca"
"Ötztal, Vent/ Gample","Svesic","Hischn"
"Ötztal, Vent/ Gample","Svesic","Egemmf"
"Pitztal, Nähe Mittelberg","Svesic","Ehasta"
"Ötztal, Obergurgl","Svesic","Epurpu"
"Hospental","Svesic","Emyrsi"
"Grimselpaß, Räterichsbodensee","Svesic","Egemmc"
"Etzen","Svesic","Eweiff"
"S.-Varanger, Nyrud","Svesic","Evenus"
"S.-Varanger, Nyrud","Svesic","Ospset"
"Namsskogan, Mellingsmoen","Svesic","Ovaria"
"N.-Varanger, Sandfjord","Svesic","Oherba"
"N.-Varanger, Sandfjord","Svesic","Oretic"
"Skagen","Svesic","Ocolla"
"Fauske","Svesic","Evenus"
"Polarkreis I","Svesic","Odolic"
"Polarkreis II","Svesic","Oherba"
"Stiklestad","Svesic","Otrian"
"Heimhulhatten","Svesic","Obridg"
"Heimhulhatten","Svesic","Obella"
"Polarkreis II","Svesic","Olappo"
"Fauske","Svesic","Ohasta"
"Taernaby / Tjamerev.","Svesic","Osamol"
"Ortenberg I","Svesic","Oproxi"
"Ortenberg I","Svesic","Ovimin"
"N.-Varanger, Tanabru","Svesic","Elappo"
"S.-Varanger, Vaggatem","Svesic","Esmyrt"
"S.-Varanger, Nyrud","Svesic","Elappo"
"Kafjordbotn","Svesic","Ehasta"
"Kilpisjärvi","Svesic","Elanat"
"Kilpisjärvi","Svesic","Eboreo"
"Kilpisjärvi","Svesic","Elappc"
"Kilpisjärvi","Svesic","Ephyli"
"Torne Träsk, Abisko","Svesic","Esmyrs"
"Fauske","Svesic","Ehasta"
"Polarkreis, Krokstrand","Svesic","Elanat"
"Polarkreis II","Svesic","Eboreo"
"Heimhulhatten","Svesic","Emucro"
"Heimhulhatten","Svesic","Eaurit"
"Skutevik","Svesic","Eciner"
"Skutevik","Svesic","Emucro"
"Skutevik","Svesic","Egemmc"
"Skagen","Svesic","Eweiff"
"Korgfjellet","Svesic","Hplicg"
"Heimhulhatten","Svesic","Hcarin"
"Kiel, Dietrichsdorf","Svesic","Egemmc"
"Kiel, Dietrichsdorf","Svesic","Eciner"
"Etzen","Svesic","Eaurit"
"Obertauern III","Svesic","Ofoeti"
"Etzen","Svesic","Ocolla"
"Dachsteinstraße, Ramsau","Svesic","Ogalla"
"Dachsteinstraße, Ramsau","Svesic","Obridg"
"Obertauern III","Svesic","Obridg"
"Obertauern III","Svesic","Oobscu"
"Bad Ischl","Svesic","Etesta"
"Dachsteinstraße, Ramsau","Svesic","Epurpu"
"Ötztal, Vent/ Rofental","Svesic","Omacul"
"Obertauern III","Svesic","Eappen"
"Obertauern II","Svesic","Eelaea"
"Rheinau (Jungwuchs)","Svesic","Ovimin"
"Rheinau (Jungwuchs)","Svesic","Ovesic"
"Urdenbach, Urdenbacher Kämpe","Svesic","Oproxi"
"Grietherbusch / Dornick","Svesic","Oproxi"
"Zillis","Svesic","Okriec"
"Zillis","Svesic","Ovimin"
"Rheinau","Svesic","Ovimin"
"Hartheim","Svesic","Ovimin"
"Rheinau","Svesic","Oproxi"
"Zillis","Svesic","Ovesic"
"Zillis","Svesic","Evenus"
"Juppa","Svesic","Obrevi"
"Juppa","Svesic","Ovaria"
"Juppa","Svesic","Ofoeti"
"Juppa","Svesic","Oobscu"
"Lago di Lei","Svesic","Obridg"
"Lago di Lei","Svesic","Ofoeti"
"Julierpaß bei Bivio","Svesic","Ofoeti"
"Julierpaß bei Bivio","Svesic","Oobscu"
"Julierpaß bei Bivio","Svesic","Obrevi"
"Julierpaß bei Bivio","Svesic","Egemmf"
"Juppa","Svesic","Egemmf"
"Zillis","Svesic","Edaphn"
"Zillis","Svesic","Enigri"
"Grietherbusch / Dornick","Svesic","Otrian"
"Hartheim","Svesic","Oproxi"
"Grietherbusch / Dornick","Svesic","Hangli"
"Urdenbach, Urdenbacher Kämpe","Svesic","Hoblit"
"Grietherbusch / Dornick","Svesic","Hoblit"
"Urdenbach, Urdenbacher Kämpe","Svesic","Hangli"
"Hartheim","Svesic","Hangli"
"Rheinau","Svesic","Hpolit"
"Rheinau","Svesic","Hoblit"
"Zillis","Svesic","Hischn"
"Juppa","Svesic","Hischn"
"Zillis","Svesic","Eelaea"
"Hartheim","Svesic","Ovesic"
"Ried / Oberinntal","Svesic","Etesta"
"Montespluga","Svesic","Obridg"
"Lago di Lei","Svesic","Oobscu"
"Juppa","Svesic","Oretic"
"Lago di Lei","Svesic","Egemmf"
"Hartheim","Svesic","Hoblit"
"Lago di Lei","Svesic","Hpscho"
"Zillis","Svesic","Hleuco"
"S.-Varanger, Nyrud","Svesic","Omyrti"
"Lofot, Grunnfjord","Svesic","Obridg"
"S.-Varanger, Nyrud","Svesic","Ogalla"
"S.-Varanger, Vaggatem, Gjökasen","Svesic","Ospset"
"Skutevik","Svesic","Oarcti"
"S.-Varanger, Vaggatem, Gjökasen","Svesic","Esmyrt"
"S.-Varanger, Vaggatem, Gjökasen","Svesic","Emyrti"
"S.-Varanger, Nyrud","Svesic","Emyrti"
"Dovrefjell","Svesic","Hnudip"
"N.-Varanger, Sandfjord","Svesic","Hplicg"
"N.-Varanger, Tanabru","Svesic","Hnudip"
"N.-Varanger, Tanabru","Svesic","Hischn"
"S.-Varanger, Nyrud","Svesic","Hscapr"
"S.-Varanger, Nyrud","Svesic","Hleuco"
"S.-Varanger, Nyrud","Svesic","Hischn"
"S.-Varanger, Nyrud","Svesic","Hnudip"
"S.-Varanger, Nyrud","Svesic","Htuber"
"S.-Varanger, Vaggatem","Svesic","Hscapr"
"S.-Varanger, Vaggatem","Svesic","Hnudip"
"Ifjordfjellet / Gilojokka","Svesic","Hplicg"
"Ifjordfjellet / Gilojokka","Svesic","Hnudip"
"Lofot, Austvagoya, Morfjord","Svesic","Htuber"
"Lofot, Sandsletta","Svesic","Hplicg"
"Kilpisjärvi","Svesic","Hnudip"
"Kilpisjärvi","Svesic","Hacuti"
"Kilpisjärvi","Svesic","Hplicg"
"Polarkreis I","Svesic","Hplicg"
"Kilpisjärvi","Svesic","Hischn"
"Kilpisjärvi","Svesic","Htuber"
"Skutevik","Svesic","Hanoma"
"Polarkreis I","Svesic","Hacuti"
"Skutevik","Svesic","Heryth"
"Skutevik","Svesic","Halien"
"Ifjordfjellet / Gilojokka","Svesic","Eboreo"
"Skutevik","Svesic","Eaurit"
"Kiel, Dietrichsdorf","Svesic","Hangli"
"Kiel, Dietrichsdorf","Svesic","Hleuca"
"Ramsau, Silberklamm","Svesic","Ovaria"
"Ramsau, Silberklamm","Svesic","Okriec"
"Schönfeld, Dr. Josef Mehrlhütte","Svesic","Onigri"
"Schönfeld, Dr. Josef Mehrlhütte","Svesic","Odolic"
"Usedom, Ziemitz","Svesic","Otrian"
"Kiel, Dietrichsdorf","Svesic","Hpruss"
"Ramsau, Silberklamm","Svesic","Hpolit"
"Ramsau, Silberklamm","Svesic","Hischn"
"Ramsau, Silberklamm","Svesic","Hspira"
"Ramsau, Silberklamm","Svesic","Hpurpu"
"Ramsau, Silberklamm","Svesic","Hplicd"
"Ramsau, Silberklamm","Svesic","Hpscho"
"Fauske","Svesic","Hcarin"
"Polarkreis I","Svesic","Opolar"
"Lofot, Austvagoya, Morfjord","Svesic","Ohasta"
"Lofot, Austvagoya, Morfjord","Svesic","Ehasta"
"Lofot, Austvagoya, Morfjord","Svesic","Hplicg"
"Leira nr. Trondheim","Svesic","Halien"
"Leira nr. Trondheim","Svesic","Heryth"
"Leira nr. Trondheim","Svesic","Obella"
"Tretten, Nordbu nr. Ringebu","Svesic","Eboreo"
"Peer Gynt veien I","Svesic","Osamol"
"Peer Gynt veien I","Svesic","Elappo"
"Peer Gynt veien III","Svesic","Oglabr"
"Peer Gynt veien III","Svesic","Elanat"
"Tretten, Nordbu nr. Ringebu","Svesic","Elappo"
"Katinger Watt","Svesic","Opedun"
"Horn / Bodensee / Gnadensee","Svesic","Oviril"
"Horn / Bodensee / Gnadensee","Svesic","Hleuca"
"Katinger Watt","Svesic","Hleuca"
"Katinger Watt","Svesic","Hpruss"
"Kiduliai nr. Jurbarkas","Svesic","Oaacut"
"Kiduliai nr. Jurbarkas","Svesic","Ovimin"
"Nymindegab","Svesic","Eweiff"
"Vejersstrand","Svesic","Eweiff"
"Kiduliai nr. Jurbarkas","Svesic","Hangli"
"Langen-Bergheim","Svesic","Hleuca"
"Langen-Bergheim","Svesic","Halien"
"Langen-Bergheim","Svesic","Heryth"
"Langen-Bergheim","Svesic","Hpruss"
"Langen-Bergheim","Svesic","Hspecc"
"Langen-Bergheim","Svesic","Hleuco"
"Langen-Bergheim","Svesic","Hanoma"
"Ötztal, Vent/ Gample","Svesic","Htuber"
"Langen-Bergheim","Svesic","Oproxi"
"Röros","Svesic","Obridg"
"Kvamskogen","Svesic","Opustu"
"Röros","Svesic","Ohasta"
"Jotunheimen, Krossbu","Svesic","Elappc"
"Peer Gynt veien III","Svesic","Hnudip"
"Röros","Svesic","Hanoma"
"Röros","Svesic","Hsglau"
"Tretten, Nordbu nr. Ringebu","Svesic","Hacuti"
"Tretten, Nordbu nr. Ringebu","Svesic","Hplicg"
"Peer Gynt veien III","Svesic","Hischn"
"Röros","Svesic","Hplicg"
"Kvamskogen","Svesic","Halien"
"Kvamskogen","Svesic","Hnudip"
"Kvamskogen","Svesic","Hleuco"
"Kvamskogen","Svesic","Hplicl"
"Aldino","Svesic","Oviril"
"Aldino","Svesic","Hpurpu"
"Kiel, Dietrichsdorf","Svesic","Hpolit"
"Kiel, Langsee","Svesic","Hpruss"
"Kiel, Langsee","Svesic","Hangli"
"Kiel, Langsee","Svesic","Hleuca"
"Vejersstrand","Svesic","Hpruss"
"Nymindegab","Svesic","Hpruss"
"Nymindegab","Svesic","Hleuca"
"Nymindegab","Svesic","Hangli"
"Vejersstrand","Svesic","Hleuca"
"Vejersstrand","Svesic","Hangli"
"Peer Gynt veien III","Svesic","Hplicg"
"Tretten, Nordbu nr. Ringebu","Svesic","Hsglau"
"Tretten, Nordbu nr. Ringebu","Svesic","Hplicl"
"Peer Gynt veien III","Svesic","Hacuti"
"Nymindegab","Tetras","Ocolla"
"Nymindegab","Tetras","Obridg"
"Nymindegab","Tetras","Opedun"
"Nymindegab","Tetras","Eweiff"
"Nymindegab","Tetras","Hpruss"
"Nymindegab","Tetras","Hleuca"
"Nymindegab","Tetras","Hangli"
"Griesheim bei Darmstadt","Themip","Ovimin"
"Griesheim bei Darmstadt","Themip","Ogalla"
"Griesheim bei Darmstadt","Themip","Obridg"
"Griesheim bei Darmstadt","Themip","Ovesic"
"Griesheim bei Darmstadt","Themip","Oviril"
"Griesheim bei Darmstadt","Themip","Opedun"
"Griesheim bei Darmstadt","Themip","Hangli"
"Saastal, Mattmark","Themip","Omacul"
"Saastal, Mattmark","Themip","Ohasta"
"Saastal, Mattmark","Themip","Ovaria"
"Saastal, Mattmark","Themip","Obrevi"
"Saastal, Mattmark","Themip","Oviril"
"Saastal, Mattmark","Themip","Ovimin"
"Saastal, Mattmark","Themip","Ehasta"
"Saastal, Mattmark","Themip","Egemmf"
"Saastal, Mattmark","Themip","Emyrsi"
"Saastal, Mattmark","Themip","Egemmh"
"Saastal, Mattmark","Themip","Ofoeti"
"Griesheim bei Darmstadt","Themip","Epurpu"
"Griesheim bei Darmstadt","Themip","Hpolit"
"Griesheim bei Darmstadt","Themip","Hpruss"
"Griesheim bei Darmstadt","Themip","Hleuca"
"Nymindegab","Torymu","Ocolla"
"Nymindegab","Torymu","Obridg"
"Nymindegab","Torymu","Opedun"
"Falzthurn-Alm","Torymu","Okriec"
"Falzthurn-Alm","Torymu","Oelaea"
"Falzthurn-Alm","Torymu","Ovesic"
"Falzthurn-Alm","Torymu","Ovimin"
"Falzthurn-Alm","Torymu","Ovaria"
"Falzthurn-Alm","Torymu","Oadaph"
"Falzthurn-Alm","Torymu","Eelaea"
"St. Peter-Ording","Torymu","Eweiff"
"St. Peter-Ording","Torymu","Ocolla"
"Nymindegab","Torymu","Eweiff"
"Nymindegab","Torymu","Hpruss"
"Nymindegab","Torymu","Hleuca"
"Nymindegab","Torymu","Hangli"
"Kühkopf, Mordhecke I","Tspfiv","Ovimin"
"Kühkopf, Mordhecke I","Tspfiv","Ovesic"
"Kühkopf, Mordhecke I","Tspfiv","Opedun"
"Kühkopf, Mordhecke I","Tspfiv","Obella"
"Kühkopf, Mordhecke I","Tspfiv","Oproxi"
"Kühkopf, Mordhecke I","Tspfiv","Obridg"
"Kühkopf, Mordhecke I","Tspfiv","Oviril"
"Kühkopf, Mordhecke I","Tspfiv","Hpruss"
"Kühkopf, Mordhecke I","Tspfiv","Eatraa"
"Kühkopf, Mordhecke I","Tspfiv","Hpolit"
"Zillis","Tspfiv","Okriec"
"Zillis","Tspfiv","Ovimin"
"Zillis","Tspfiv","Ovesic"
"Zillis","Tspfiv","Evenus"
"Zillis","Tspfiv","Edaphn"
"Zillis","Tspfiv","Enigri"
"Zillis","Tspfiv","Hischn"
"Zillis","Tspfiv","Eelaea"
"Zillis","Tspfiv","Hleuco"
"Griesheim bei Darmstadt","Tspfou","Ovimin"
"Griesheim bei Darmstadt","Tspfou","Ogalla"
"Griesheim bei Darmstadt","Tspfou","Obridg"
"Griesheim bei Darmstadt","Tspfou","Ovesic"
"Griesheim bei Darmstadt","Tspfou","Oviril"
"Griesheim bei Darmstadt","Tspfou","Opedun"
"Griesheim bei Darmstadt","Tspfou","Hangli"
"Griesheim bei Darmstadt","Tspfou","Epurpu"
"Griesheim bei Darmstadt","Tspfou","Hpolit"
"Griesheim bei Darmstadt","Tspfou","Hpruss"
"Griesheim bei Darmstadt","Tspfou","Hleuca"
"Zillertal, Hintertux/ Weitental","Tspone","Ovaria"
"Zillertal, Hintertux/ Weitental","Tspone","Onigri"
"Zillertal, Hintertux/ Weitental","Tspone","Ovesic"
"Zillertal, Hintertux/ Weitental","Tspone","Oobscu"
"Zillertal, Hintertux/ Weitental","Tspone","Ofoeti"
"Zillertal, Hintertux/ Weitental","Tspone","Obridg"
"Zillertal, Hintertux/ Weitental","Tspone","Oretus"
"Zillertal, Hintertux/ Weitental","Tspone","Ovimin"
"Zillertal, Hintertux/ Weitental","Tspone","Oretic"
"Zillertal, Hintertux/ Weitental","Tspone","Omonti"
"Zillertal, Hintertux/ Weitental","Tspone","Eelaea"
"Zillertal, Hintertux/ Weitental","Tspone","Ohasta"
"Zillertal, Hintertux/ Weitental","Tspone","Egemmf"
"Rheinau (Jungwuchs)","Tspone","Ovimin"
"Rheinau (Jungwuchs)","Tspone","Ovesic"
"Kühkopf, Mordhecke I","Tspsix","Ovimin"
"Kühkopf, Mordhecke I","Tspsix","Ovesic"
"Kühkopf, Mordhecke I","Tspsix","Opedun"
"Kühkopf, Mordhecke I","Tspsix","Obella"
"Kühkopf, Mordhecke I","Tspsix","Oproxi"
"Kühkopf, Mordhecke I","Tspsix","Obridg"
"Kühkopf, Mordhecke I","Tspsix","Oviril"
"Kühkopf, Mordhecke I","Tspsix","Hpruss"
"Kühkopf, Mordhecke I","Tspsix","Eatraa"
"Kühkopf, Mordhecke I","Tspsix","Hpolit"
"Schwarzwald, Feldberg","Tspthr","Okriec"
"Schwarzwald, Feldberg","Tspthr","Ogalla"
"Schwarzwald, Feldberg","Tsptwo","Okriec"
"Schwarzwald, Feldberg","Tsptwo","Ogalla"
