"site","species","trophic_level"
"Kühkopf, Mordhecke I","Eacicu","consumer"
"Kühkopf, Mordhecke I","Etorym","consumer"
"Kühkopf, Mordhecke I","Ilappo","consumer"
"Kühkopf, Mordhecke I","Ccruxx","consumer"
"Griesheim bei Darmstadt","Eacicu","consumer"
"Griesheim bei Darmstadt","Etorym","consumer"
"Griesheim bei Darmstadt","Pdolic","consumer"
"Griesheim bei Darmstadt","Chalci","consumer"
"Griesheim bei Darmstadt","Ccruxx","consumer"
"Griesheim bei Darmstadt","Ilappo","consumer"
"Griesheim bei Darmstadt","Aminim","consumer"
"Griesheim bei Darmstadt","Binter","consumer"
"Kühkopf, Mordhecke I","Pdolic","consumer"
"Kühkopf, Mordhecke I","Bdisco","consumer"
"Kühkopf, Mordhecke I","Binter","consumer"
"Kühkopf, Mordhecke I","Bpicti","consumer"
"Kühkopf, Mordhecke I","Aminim","consumer"
"Kühkopf, Mordhecke I","Mvesic","consumer"
"Kühkopf, Mordhecke I","Amorri","consumer"
"Kühkopf, Mordhecke I","Svesic","consumer"
"Karben","Pnemat","consumer"
"Karben","Pdolic","consumer"
"Karben","Lsubco","consumer"
"Karben","Ccruxx","consumer"
"Taunus, Waldems-Reichenbach","Pdolic","consumer"
"Taunus, Waldems-Reichenbach","Ccruxx","consumer"
"Taunus, Waldems-Reichenbach","Etoxon","consumer"
"Taunus, Waldems-Esch","Pdolic","consumer"
"Taunus, Waldems-Esch","Ccruxx","consumer"
"Taunus, Waldems-Esch","Etoxon","consumer"
"Taunus, Hunoldstal","Llugen","consumer"
"Taunus, Hunoldstal","Ccruxx","consumer"
"Taunus, Hunoldstal","Etoxon","consumer"
"Taunus, Hunoldstal","Pdolic","consumer"
"Frankfurt, Riedwiese","Eacicu","consumer"
"Frankfurt, Riedwiese","Pdolic","consumer"
"Frankfurt, Riedwiese","Dstram","consumer"
"Frankfurt, Riedwiese","Ccruxx","consumer"
"Frankfurt, Riedwiese","Etoxon","consumer"
"Frankfurt, Riedwiese","Binter","consumer"
"Frankfurt, Riedwiese","Etorym","consumer"
"Kühkopf, Mordhecke III","Pdolic","consumer"
"Kühkopf, Mordhecke III","Bdisco","consumer"
"Kühkopf, Mordhecke III","Llugen","consumer"
"Kühkopf, Mordhecke III","Ccruxx","consumer"
"Kühkopf, Mordhecke III","Etoxon","consumer"
"Ötztal, Sölden/ Rechenau","Etorym","consumer"
"Ötztal, Sölden/ Rechenau","Olesic","consumer"
"Ötztal, Sölden/ Rechenau","Hruber","consumer"
"Ötztal, Vent/ Gample","Hruber","consumer"
"Ötztal, Vent/ Gample","Pdolic","consumer"
"Kühkopf, Mordhecke I","Aalvea","consumer"
"Kühkopf, Mordhecke I","Ealbit","consumer"
"Kühkopf, Mordhecke I","Eurozo","consumer"
"Kühkopf, Mordhecke I","Chalci","consumer"
"Kühkopf, Mordhecke III","Ealbit","consumer"
"Kühkopf, Mordhecke III","Eurozo","consumer"
"Kühkopf, Mordhecke III","Bracin","consumer"
"Zillertal, Hintertux/ Weitental","Eacicu","consumer"
"Zillertal, Hintertux/ Weitental","Chalci","consumer"
"Zillertal, Hintertux/ Weitental","Svesic","consumer"
"Zillertal, Hintertux/ Weitental","Cvitta","consumer"
"Zillertal, Hintertux/ Weitental","Pdolic","consumer"
"Zillertal, Hintertux/ Weitental","Binter","consumer"
"Zillertal, Hintertux/ Weitental","Lalpio","consumer"
"Zillertal, Hintertux/ Weitental","Broman","consumer"
"Zillertal, Hintertux/ Weitental","Bracin","consumer"
"Zillertal, Stumm/ Märzengrund","Slappo","consumer"
"Olperer","Etorym","consumer"
"Olperer","Pdolic","consumer"
"Olperer","Pponta","consumer"
"Olperer","Chalci","consumer"
"Griesheim bei Darmstadt","Ealbit","consumer"
"Griesheim bei Darmstadt","Eurozo","consumer"
"Kühkopf, Mordhecke III","Etorym","consumer"
"Kühkopf, Mordhecke I","Broman","consumer"
"Kühkopf, Mordhecke I","Bracin","consumer"
"Kühkopf, Mordhecke I","Llugen","consumer"
"Kühkopf, Mordhecke I","Pclavi","consumer"
"Zillertal, Hintertux/ Weitental","Pponta","consumer"
"Zillertal, Hintertux/ Weitental","Ichnin","consumer"
"Zillertal, Hintertux/ Weitental","Etorym","consumer"
"Ötztal, Vent/ Gample","Broman","consumer"
"Ötztal, Vent/ Gample","Svesic","consumer"
"Ötztal, Vent/ Gample","Chalci","consumer"
"Zillertal, Hintertux/ Weitental","Tspone","consumer"
"Taunus, Hunoldstal","Eacicu","consumer"
"Taunus, Hunoldstal","Etorym","consumer"
"Taunus, Hunoldstal","Chalci","consumer"
"Taunus, Hunoldstal","Broman","consumer"
"Taunus, Hunoldstal","Svesic","consumer"
"Taunus, Hunoldstal","Pnemat","consumer"
"Taunus, Hunoldstal","Bdisco","consumer"
"Taunus, Waldems-Reichenbach","Pnemat","consumer"
"Taunus, Waldems-Reichenbach","Chalci","consumer"
"Taunus, Waldems-Reichenbach","Llugen","consumer"
"Taunus, Waldems-Reichenbach","Svesic","consumer"
"Taunus, Waldems-Esch","Pnemat","consumer"
"Taunus, Waldems-Esch","Chalci","consumer"
"Taunus, Waldems-Esch","Llugen","consumer"
"Taunus, Waldems-Esch","Svesic","consumer"
"Kühkopf, Mordhecke I","Tspfiv","consumer"
"Kühkopf, Mordhecke I","Pnemat","consumer"
"Griesheim bei Darmstadt","Themip","consumer"
"Frankfurt, Riedwiese","Llugen","consumer"
"Griesheim bei Darmstadt","Llugen","consumer"
"Griesheim bei Darmstadt","Etoxon","consumer"
"Taunus, Usingen","Pnemat","consumer"
"Taunus, Usingen","Eacicu","consumer"
"Taunus, Usingen","Pdolic","consumer"
"Taunus, Usingen","Chalci","consumer"
"Taunus, Usingen","Llugen","consumer"
"Taunus, Usingen","Svesic","consumer"
"Taunus, Usingen","Ccruxx","consumer"
"Taunus, Usingen","Etoxon","consumer"
"Zillertal, Hintertux/ Weitental","Hruber","consumer"
"Zillertal, Lanersbach/ Geiselalm","Pdolic","consumer"
"Zillertal, Lanersbach/ Geiselalm","Anigro","consumer"
"Zillertal, Lanersbach/ Geiselalm","Svesic","consumer"
"Zillertal, Lanersbach/ Geiselalm","Hruber","consumer"
"Zillertal, Lanersbach","Pdolic","consumer"
"Zillertal, Lanersbach","Svesic","consumer"
"Zillertal, Lanersbach","Hruber","consumer"
"Zillertal, Lanersbach","Etorym","consumer"
"Zillertal, Lanersbach","Eacicu","consumer"
"Zillertal, Lanersbach","Pcynip","consumer"
"Zillertal, Lanersbach","Chalci","consumer"
"Ötztal, Obergurgl/ Gaisbergf.","Pdolic","consumer"
"Ötztal, Obergurgl/ Gaisbergf.","Pponta","consumer"
"Ötztal, Obergurgl/ Gaisbergf.","Chalci","consumer"
"Ötztal, Obergurgl/ Gaisbergf.","Bkopel","consumer"
"Ötztal, Obergurgl/ Gaisbergf.","Broman","consumer"
"Ötztal, Vent/ Am Spiegel","Chalci","consumer"
"Ötztal, Vent/ Am Spiegel","Broman","consumer"
"Ötztal, Vent/ Am Spiegel","Hruber","consumer"
"Ötztal, Vent/ Gample","Etorym","consumer"
"Ötztal, Obergurgl","Eacicu","consumer"
"Ötztal, Obergurgl","Pdolic","consumer"
"Ötztal, Obergurgl","Chalci","consumer"
"Ötztal, Obergurgl","Bracin","consumer"
"Ötztal, Obergurgl","Hruber","consumer"
"Ötztal, Obergurgl","Broman","consumer"
"Ötztal, Obergurgl","Svesic","consumer"
"Zillertal, Hintertux/ Weitental","Bdisco","consumer"
"Zillertal, Hintertux/ Weitental","Ppecti","consumer"
"Zillertal, Hintertux/ Weitental","Cflavi","consumer"
"Zillertal, Hintertux/ Weitental","Pcynip","consumer"
"Griesheim bei Darmstadt","Svesic","consumer"
"Griesheim bei Darmstadt","Psauli","consumer"
"Griesheim bei Darmstadt","Pnemat","consumer"
"Griesheim bei Darmstadt","Bbrevi","consumer"
"Griesheim bei Darmstadt","Bdisco","consumer"
"Taunus, Hunoldstal","Bbrevi","consumer"
"Taunus, Waldems-Esch","Bdisco","consumer"
"Schwarzwald, Schluchsee","Eacicu","consumer"
"Schwarzwald, Schluchsee","Etorym","consumer"
"Schwarzwald, Schluchsee","Bdisco","consumer"
"Schwarzwald, Schluchsee","Svesic","consumer"
"Obergoms, Obergesteln","Anigro","consumer"
"Frankfurt, Riedwiese","Chalci","consumer"
"Frankfurt, Riedwiese","Csalic","consumer"
"Vogelsberg, Hoherodskopf","Pdolic","consumer"
"Vogelsberg, Hoherodskopf","Ccruxx","consumer"
"Vogelsberg, Hoherodskopf","Etoxon","consumer"
"Griesheim bei Darmstadt","Tspfou","consumer"
"Obergoms, Reckingen","Eacicu","consumer"
"Obergoms, Reckingen","Etorym","consumer"
"Obergoms, Reckingen","Pcynip","consumer"
"Obergoms, Reckingen","Pdolic","consumer"
"Obergoms, Reckingen","Chalci","consumer"
"Obergoms, Reckingen","Svesic","consumer"
"Obergoms, Reckingen","Ccruxx","consumer"
"Obergoms, Reckingen","Bracin","consumer"
"Obergoms, Reckingen","Anigro","consumer"
"Obergoms, Reckingen","Hruber","consumer"
"Obergoms, Obergesteln","Etorym","consumer"
"Obergoms, Obergesteln","Pdolic","consumer"
"Obergoms, Obergesteln","Chalci","consumer"
"Obergoms, Obergesteln","Svesic","consumer"
"Obergoms, Obergesteln","Ccruxx","consumer"
"Obergoms, Gletsch","Pdolic","consumer"
"Obergoms, Gletsch","Salcal","consumer"
"Obergoms, Gletsch","Bracin","consumer"
"Obergoms, Gletsch","Anigro","consumer"
"Obergoms, Gletsch","Chalci","consumer"
"Obergoms, Gletsch","Etorym","consumer"
"Obergoms, Gletsch","Svesic","consumer"
"Obergoms, Gletsch","Hruber","consumer"
"Arolla","Chalci","consumer"
"Leukerbad","Eacicu","consumer"
"Leukerbad","Etorym","consumer"
"Leukerbad","Chalci","consumer"
"Les Hauderes","Eacicu","consumer"
"Les Hauderes","Chalci","consumer"
"Arolla","Pdolic","consumer"
"Arolla","Hruber","consumer"
"Saastal, Mattmark","Chalci","consumer"
"Saastal, Mattmark","Hruber","consumer"
"Saastal, Mattmark","Mymari","consumer"
"Saastal, Mattmark","Broman","consumer"
"Saastal, Mattmark","Spygid","consumer"
"Saastal, Mattmark","Svesic","consumer"
"Saastal, Mattmark","Themip","consumer"
"Hospental","Eacicu","consumer"
"Hospental","Etorym","consumer"
"Hospental","Chalci","consumer"
"Hospental","Svesic","consumer"
"Hospental","Hruber","consumer"
"Nufenenpaß, Paßhöhe I","Pponta","consumer"
"Nufenenpaß, Paßhöhe I","Chalci","consumer"
"Nufenenpaß, Paßhöhe I","Broman","consumer"
"Nufenenpaß, Paßhöhe I","Bracin","consumer"
"Nufenenpaß, Paßhöhe I","Anigro","consumer"
"Nufenenpaß, Paßhöhe I","Etorym","consumer"
"Hospental","Pcynip","consumer"
"Binntal nr. Fiesch","Etorym","consumer"
"Binntal nr. Fiesch","Chalci","consumer"
"Binntal nr. Fiesch","Anigro","consumer"
"Binntal nr. Fiesch","Llugen","consumer"
"Binntal nr. Fiesch","Hruber","consumer"
"Binntal nr. Fiesch","Eacicu","consumer"
"Binntal nr. Fiesch","Pdolic","consumer"
"Binntal nr. Fiesch","Ccruxx","consumer"
"Binntal nr. Fiesch","Svesic","consumer"
"Binntal nr. Fiesch","Broman","consumer"
"Binntal nr. Fiesch","Cflavi","consumer"
"Binntal nr. Fiesch","Bracin","consumer"
"Saastal, Mattmark","Eacicu","consumer"
"Saastal, Mattmark","Pdolic","consumer"
"Grimselpaß, Räterichsbodensee","Etorym","consumer"
"Grimselpaß, Grimselsee","Peuura","consumer"
"Grimselpaß, Grimselsee","Geliss","consumer"
"Sustenpaß","Pponta","consumer"
"Sustenpaß","Chalci","consumer"
"Zillertal, Lanersbach","Bracin","consumer"
"Zillertal, Lanersbach","Anigro","consumer"
"Nymindegab","Etorym","consumer"
"Nymindegab","Svesic","consumer"
"Nymindegab","Aminim","consumer"
"Brandbu","Chalci","consumer"
"Brandbu","Epygma","consumer"
"Brandbu","Svesic","consumer"
"Dovrefjell","Eacicu","consumer"
"Dovrefjell","Chalci","consumer"
"Dovrefjell","Svesic","consumer"
"Dovrefjell","Hruber","consumer"
"Stiklestad","Pdolic","consumer"
"Stiklestad","Chalci","consumer"
"Stiklestad","Svesic","consumer"
"Stiklestad","Ccruxx","consumer"
"Stiklestad","Eacicu","consumer"
"Stiklestad","Pcynip","consumer"
"Stiklestad","Llugen","consumer"
"Stiklestad","Ichnin","consumer"
"Stiklestad","Hruber","consumer"
"Steinkjer","Pdolic","consumer"
"Steinkjer","Chalci","consumer"
"Steinkjer","Svesic","consumer"
"Steinkjer","Ichnin","consumer"
"Steinkjer","Ccruxx","consumer"
"Steinkjer","Hruber","consumer"
"Steinkjer","Aalvea","consumer"
"Korgfjellet","Pdolic","consumer"
"Korgfjellet","Chalci","consumer"
"Korgfjellet","Broman","consumer"
"Korgfjellet","Claevi","consumer"
"Korgfjellet","Bracin","consumer"
"Korgfjellet","Svesic","consumer"
"Lofot, Laubstad","Bracin","consumer"
"Lofot, Laubstad","Svesic","consumer"
"Lofot, Laubstad","Chalci","consumer"
"Lofot, Laubstad","Acubic","consumer"
"Karasjok","Cvitta","consumer"
"Karasjok","Etorym","consumer"
"Karasjok","Celong","consumer"
"Karasjok","Pdolic","consumer"
"S.-Varanger, Vaggatem","Chalci","consumer"
"S.-Varanger, Vaggatem","Hruber","consumer"
"S.-Varanger, Vaggatem","Celong","consumer"
"S.-Varanger, Vaggatem","Pdolic","consumer"
"S.-Varanger, Vaggatem","Svesic","consumer"
"S.-Varanger, Vaggatem","Etorym","consumer"
"S.-Varanger, Vaggatem","Eacicu","consumer"
"Kirkenes","Eacicu","consumer"
"Kirkenes","Chalci","consumer"
"Kirkenes","Etorym","consumer"
"S.-Varanger, Vaggatem","Cvitta","consumer"
"S.-Varanger, Vaggatem","Sgranu","consumer"
"Hauge, S.-Varanger","Chalci","consumer"
"S.-Varanger, Nyrud","Eacicu","consumer"
"S.-Varanger, Nyrud","Etorym","consumer"
"S.-Varanger, Nyrud","Chalci","consumer"
"S.-Varanger, Nyrud","Hruber","consumer"
"S.-Varanger, Vaggatem","Bracin","consumer"
"Kafjordbotn","Etorym","consumer"
"Kafjordbotn","Chalci","consumer"
"Kafjordbotn","Svesic","consumer"
"Ramfjorden","Etorym","consumer"
"Ramfjorden","Chalci","consumer"
"Ramfjorden","Anigro","consumer"
"Ramfjorden","Sgranu","consumer"
"Ramfjorden","Svesic","consumer"
"Polarkreis I","Bracin","consumer"
"Polarkreis I","Acubic","consumer"
"Polarkreis I","Anigro","consumer"
"Polarkreis I","Chalci","consumer"
"Korgfjellet","Anigro","consumer"
"Korgfjellet","Sgranu","consumer"
"Frankfurt, Uni-Campus","Chalci","consumer"
"Leitenberg","Ealbit","consumer"
"Leitenberg","Pnemat","consumer"
"Leitenberg","Bbrevi","consumer"
"Leitenberg","Llugen","consumer"
"Leitenberg","Svesic","consumer"
"Leitenberg","Ccruxx","consumer"
"Herbertshausen","Chalci","consumer"
"Herbertshausen","Llugen","consumer"
"Herbertshausen","Ccruxx","consumer"
"Schwarzwald, Schluchsee","Enobbe","consumer"
"Schwarzwald, Schluchsee","Pdolic","consumer"
"Schwarzwald, Schluchsee","Chalci","consumer"
"Schwarzwald, Schluchsee","Claevi","consumer"
"Schwarzwald, Feldberg","Tsptwo","consumer"
"Schwarzwald, Feldberg","Tspthr","consumer"
"Schwarzwald, Feldberg","Eacicu","consumer"
"Schwarzwald, Feldberg","Etorym","consumer"
"Schwarzwald, Feldberg","Chalci","consumer"
"Schwarzwald, Feldberg","Binter","consumer"
"Schwarzwald, Feldberg","Bracin","consumer"
"Schwarzwald, Feldberg","Svesic","consumer"
"Schwarzwald, Schluchsee","Bbrevi","consumer"
"Schwarzwald, Schluchsee","Binter","consumer"
"Schwarzwald, Schluchsee","Bracin","consumer"
"Schwarzwald, Feldberg","Bbrevi","consumer"
"Schwarzwald, Todtnau","Etorym","consumer"
"Schwarzwald, Todtnau","Chalci","consumer"
"Schwarzwald, Todtnau","Eacicu","consumer"
"Schwarzwald, Todtnau","Binter","consumer"
"Schwarzwald, Todtnau","Svesic","consumer"
"Moorburg","Eacicu","consumer"
"Moorburg","Pcynip","consumer"
"Moorburg","Pdolic","consumer"
"Moorburg","Binter","consumer"
"Moorburg","Svesic","consumer"
"Lofot, Laubstad","Hruber","consumer"
"Kirkenes, Flugplatz","Cvitta","consumer"
"Kühkopf, Mordhecke I","Etoxon","consumer"
"Limeshain, Rommelhausen","Eacicu","consumer"
"Limeshain, Rommelhausen","Chalci","consumer"
"Limeshain, Rommelhausen","Aminim","consumer"
"Limeshain, Rommelhausen","Ccruxx","consumer"
"Limeshain, Rommelhausen","Etoxon","consumer"
"Limeshain, Rommelhausen","Pdolic","consumer"
"Vogelsberg, Hoherodskopf","Llugen","consumer"
"Vogelsberg, Hoherodskopf","Chalci","consumer"
"Vogelsberg, Hoherodskopf","Svesic","consumer"
"Vogelsberg, Hoherodskopf","Apusil","consumer"
"Kiel, Langsee","Eacicu","consumer"
"Kiel, Langsee","Pdolic","consumer"
"Kiel, Langsee","Ilappo","consumer"
"Kiel, Langsee","Svesic","consumer"
"Kiel, Langsee","Ccruxx","consumer"
"Preetz, Postsee","Pdolic","consumer"
"Preetz, Postsee","Chalci","consumer"
"Preetz, Postsee","Bracin","consumer"
"Preetz, Postsee","Ccruxx","consumer"
"Kiel, Langsee","Etoxon","consumer"
"Preetz, Postsee","Eacicu","consumer"
"Howacht 1","Pdolic","consumer"
"Howacht 1","Ccruxx","consumer"
"Howacht 1","Etoxon","consumer"
"Howacht 3","Pdolic","consumer"
"Howacht 3","Chalci","consumer"
"Howacht 3","Bbrevi","consumer"
"Howacht 3","Llugen","consumer"
"Howacht 3","Svesic","consumer"
"Howacht 3","Ccruxx","consumer"
"Kiel, Dietrichsdorf","Eacicu","consumer"
"Kiel, Dietrichsdorf","Pdolic","consumer"
"Kiel, Dietrichsdorf","Ilappo","consumer"
"Kiel, Dietrichsdorf","Svesic","consumer"
"Kiel, Dietrichsdorf","Ccruxx","consumer"
"Kiel, Dietrichsdorf","Chalci","consumer"
"Kiel, Dietrichsdorf","Etoxon","consumer"
"Katinger Watt","Eacicu","consumer"
"Katinger Watt","Etorym","consumer"
"Katinger Watt","Pdolic","consumer"
"Katinger Watt","Ilappo","consumer"
"Katinger Watt","Svesic","consumer"
"Katinger Watt","Ccruxx","consumer"
"Katinger Watt","Llugen","consumer"
"Hennestrand","Eacicu","consumer"
"Hennestrand","Etorym","consumer"
"Hennestrand","Mvesic","consumer"
"Hennestrand","Pcynip","consumer"
"Hennestrand","Pdolic","consumer"
"Hennestrand","Chalci","consumer"
"Hennestrand","Aminim","consumer"
"Hennestrand","Ccruxx","consumer"
"Vejersstrand","Etorym","consumer"
"Vejersstrand","Mvesic","consumer"
"Vejersstrand","Pcynip","consumer"
"Vejersstrand","Pdolic","consumer"
"Vejersstrand","Chalci","consumer"
"Vejersstrand","Aminim","consumer"
"Vejersstrand","Ccruxx","consumer"
"Rogerfelde","Pdolic","consumer"
"Rogerfelde","Chalci","consumer"
"Rogerfelde","Llugen","consumer"
"Rogerfelde","Svesic","consumer"
"Rogerfelde","Ccruxx","consumer"
"Altenkrempe","Pdolic","consumer"
"Altenkrempe","Bbrevi","consumer"
"Altenkrempe","Llugen","consumer"
"Altenkrempe","Svesic","consumer"
"Altenkrempe","Ccruxx","consumer"
"Ritterhude","Chalci","consumer"
"Ritterhude","Ccruxx","consumer"
"Mellum","Pnemat","consumer"
"Mellum","Chalci","consumer"
"Mellum","Llugen","consumer"
"Mellum","Svesic","consumer"
"Mellum","Ccruxx","consumer"
"Stendorf","Pdolic","consumer"
"Stendorf","Chalci","consumer"
"Stendorf","Bbrevi","consumer"
"Stendorf","Svesic","consumer"
"Stendorf","Ccruxx","consumer"
"Norderney","Eacicu","consumer"
"Norderney","Etorym","consumer"
"Norderney","Pdolic","consumer"
"Norderney","Chalci","consumer"
"Norderney","Aminim","consumer"
"Norderney","Ccruxx","consumer"
"Norderney","Svesic","consumer"
"Norderney","Ilappo","consumer"
"Mellum","Pdolic","consumer"
"Borkum","Eheyer","consumer"
"Borkum","Pcynip","consumer"
"Borkum","Pdolic","consumer"
"Borkum","Chalci","consumer"
"Borkum","Svesic","consumer"
"Borkum","Aminim","consumer"
"Borkum","Ccruxx","consumer"
"Jechtingen","Eacicu","consumer"
"Jechtingen","Etorym","consumer"
"Jechtingen","Chalci","consumer"
"Jechtingen","Svesic","consumer"
"Jechtingen","Ccruxx","consumer"
"Mahndorf","Ealbit","consumer"
"Mahndorf","Eacicu","consumer"
"Mahndorf","Pdolic","consumer"
"Mahndorf","Chalci","consumer"
"Mahndorf","Svesic","consumer"
"Mahndorf","Ccruxx","consumer"
"Altenkrempe","Chalci","consumer"
"Kühkopf, Mordhecke I","Tspsix","consumer"
"Taunus, Waldems-Esch","Saotis","consumer"
"Griesheim bei Darmstadt","Epygma","consumer"
"Taunus, Waldems-Esch","Dstram","consumer"
"Gramai-Alm","Atymbe","consumer"
"Gramai-Alm","Cvitta","consumer"
"Gramai-Alm","Pdolic","consumer"
"Gramai-Alm","Chalci","consumer"
"Gramai-Alm","Svesic","consumer"
"Gramai-Alm","Ccruxx","consumer"
"Gramai-Alm","Hruber","consumer"
"Gramai-Alm","Eacicu","consumer"
"Gramai-Alm","Etorym","consumer"
"Falzthurn-Alm","Eacicu","consumer"
"Falzthurn-Alm","Etorym","consumer"
"Falzthurn-Alm","Chalci","consumer"
"Falzthurn-Alm","Ccruxx","consumer"
"Falzthurn-Alm","Pdolic","consumer"
"Falzthurn-Alm","Svesic","consumer"
"Falzthurn-Alm","Bepitr","consumer"
"Falzthurn-Alm","Hruber","consumer"
"Gern-Alm","Eacicu","consumer"
"Gern-Alm","Etorym","consumer"
"Gern-Alm","Chalci","consumer"
"Gern-Alm","Ccruxx","consumer"
"Gern-Alm","Hruber","consumer"
"Gern-Alm","Pdolic","consumer"
"Gern-Alm","Svesic","consumer"
"Rofan Gebirge, Erfurter Hütte","Chalci","consumer"
"Ötztal, Vent/ Gample","Eacicu","consumer"
"Saastal, Mattmark","Ichnin","consumer"
"Obergoms, Gletsch","Pterom","consumer"
"Obergoms, Gletsch","Psoemi","consumer"
"Obergoms, Gletsch","Pponta","consumer"
"Obergoms, Gletsch","Llugen","consumer"
"Obergoms, Reckingen","Etoxon","consumer"
"Gedern","Pdolic","consumer"
"Gedern","Ccruxx","consumer"
"Ketsch","Pdolic","consumer"
"Ketsch","Chalci","consumer"
"Ketsch","Svesic","consumer"
"Ketsch","Ccruxx","consumer"
"Ketsch","Eacicu","consumer"
"Ketsch","Etorym","consumer"
"Torun","Pdolic","consumer"
"Torun","Svesic","consumer"
"Torun","Ccruxx","consumer"
"Narewa","Svesic","consumer"
"Torun","Eacicu","consumer"
"Torun","Chalci","consumer"
"Tretten, Nordbu nr. Ringebu","Pdolic","consumer"
"Tretten, Nordbu nr. Ringebu","Chalci","consumer"
"Peer Gynt veien I","Chalci","consumer"
"Peer Gynt veien I","Epygma","consumer"
"Peer Gynt veien I","Eacicu","consumer"
"Peer Gynt veien I","Lflexi","consumer"
"Peer Gynt veien II","Pdolic","consumer"
"Peer Gynt veien II","Pponta","consumer"
"Peer Gynt veien II","Ilappo","consumer"
"Peer Gynt veien II","Epygma","consumer"
"Peer Gynt veien II","Hruber","consumer"
"Tretten, Nordbu nr. Ringebu","Epygma","consumer"
"Tretten, Nordbu nr. Ringebu","Hruber","consumer"
"Tretten, Nordbu nr. Ringebu","Pponta","consumer"
"Tretten, Nordbu nr. Ringebu","Ilappo","consumer"
"Tretten, Nordbu nr. Ringebu","Acubic","consumer"
"Tretten, Nordbu nr. Ringebu","Celong","consumer"
"Peer Gynt veien II","Chalci","consumer"
"Peer Gynt veien II","Celong","consumer"
"Skoganvatnet","Eacicu","consumer"
"Skoganvatnet","Pdolic","consumer"
"Skoganvatnet","Chalci","consumer"
"Skoganvatnet","Acubic","consumer"
"Skoganvatnet","Svesic","consumer"
"Skoganvatnet","Ichnin","consumer"
"Skoganvatnet","Ccruxx","consumer"
"Skoganvatnet","Hruber","consumer"
"Skoganvatnet","Ilappo","consumer"
"Skoganvatnet","Lflexi","consumer"
"Korgfjellet","Eacicu","consumer"
"Korgfjellet","Epygma","consumer"
"Korgfjellet","Pponta","consumer"
"Korgfjellet","Lflexi","consumer"
"Korgfjellet","Etorym","consumer"
"Korgfjellet","Ilappo","consumer"
"Korgfjellet","Acubic","consumer"
"Polarkreis I","Eacicu","consumer"
"Polarkreis I","Pdolic","consumer"
"Polarkreis I","Pponta","consumer"
"Polarkreis I","Broman","consumer"
"Bardu","Eacicu","consumer"
"Bardu","Pdolic","consumer"
"Bardu","Pponta","consumer"
"Bardu","Chalci","consumer"
"Bardu","Epygma","consumer"
"Bardu","Ccruxx","consumer"
"Lofot, Sandsletta","Chalci","consumer"
"Lofot, Sandsletta","Hruber","consumer"
"Lofot, Sandsletta","Eacicu","consumer"
"Lofot, Sandsletta","Epygma","consumer"
"Ramfjorden","Pdolic","consumer"
"Ramfjorden","Epygma","consumer"
"Ramfjorden","Celong","consumer"
"Ramfjorden","Pponta","consumer"
"Ramfjorden","Broman","consumer"
"Kvaenangsbotn","Pponta","consumer"
"Kvaenangsbotn","Chalci","consumer"
"Kvaenangsbotn","Etorym","consumer"
"Kvaenangsbotn","Pdolic","consumer"
"Alta, Baeskades","Etorym","consumer"
"Alta, Baeskades","Pponta","consumer"
"Alta, Baeskades","Chalci","consumer"
"Alta, Baeskades","Broman","consumer"
"Alta, Baeskades","Ilappo","consumer"
"Alta, Baeskades","Epygma","consumer"
"Alta, Baeskades","Eacicu","consumer"
"Alta, Baeskades","Bracin","consumer"
"Alta, Baeskades","Lflexi","consumer"
"Alta, Baeskades","Ichnin","consumer"
"Kilpisjärvi","Eacicu","consumer"
"Kilpisjärvi","Pponta","consumer"
"Kilpisjärvi","Chalci","consumer"
"Kilpisjärvi","Ilappo","consumer"
"Kilpisjärvi","Lflexi","consumer"
"Kilpisjärvi","Celong","consumer"
"Kilpisjärvi","Etorym","consumer"
"Kilpisjärvi","Broman","consumer"
"Kilpisjärvi","Acubic","consumer"
"Kilpisjärvi","Lforti","consumer"
"Narvik, Björnfjell","Pdolic","consumer"
"Narvik, Björnfjell","Pponta","consumer"
"Narvik, Björnfjell","Chalci","consumer"
"Narvik, Björnfjell","Broman","consumer"
"Narvik, Björnfjell","Slappo","consumer"
"Torne Träsk, Abisko","Pdolic","consumer"
"Torne Träsk, Abisko","Pponta","consumer"
"Torne Träsk, Abisko","Chalci","consumer"
"Torne Träsk, Abisko","Broman","consumer"
"Torne Träsk, Abisko","Slappo","consumer"
"Torne Träsk, Abisko","Lflexi","consumer"
"Torne Träsk, Abisko","Ichnin","consumer"
"Oppdal","Eacicu","consumer"
"Oppdal","Etorym","consumer"
"Oppdal","Pcynip","consumer"
"Oppdal","Chalci","consumer"
"Oppdal","Bracin","consumer"
"Oppdal","Sgranu","consumer"
"Dovrefjell","Lflexi","consumer"
"Jotunheimen, Breiseterdalen","Pponta","consumer"
"Jotunheimen, Breiseterdalen","Chalci","consumer"
"Jotunheimen, Breiseterdalen","Broman","consumer"
"Tyssedal, Ringedalsvatn","Etorym","consumer"
"Tyssedal, Ringedalsvatn","Pcynip","consumer"
"Tyssedal, Ringedalsvatn","Pponta","consumer"
"Tyssedal, Ringedalsvatn","Chalci","consumer"
"Tyssedal, Ringedalsvatn","Campop","consumer"
"Tyssedal, Ringedalsvatn","Svesic","consumer"
"Tyssedal, Ringedalsvatn","Hruber","consumer"
"Röldal","Eacicu","consumer"
"Röldal","Broman","consumer"
"Röldal","Acubic","consumer"
"Gießen, Staufenberger Forst","Chalci","consumer"
"Gießen, Staufenberger Forst","Bepitr","consumer"
"Gießen, Staufenberger Forst","Broman","consumer"
"Kühkopf, Mordhecke I","Apusil","consumer"
"Kühkopf, Mordhecke III","Chalci","consumer"
"Kühkopf, Mordhecke III","Apante","consumer"
"Gramai-Alm","Epygma","consumer"
"Vernagt-Stausee","Chalci","consumer"
"Vernagt-Stausee","Svesic","consumer"
"Planneralm I","Pnemat","consumer"
"Planneralm I","Pdolic","consumer"
"Planneralm I","Chalci","consumer"
"Planneralm II","Eacicu","consumer"
"Planneralm II","Chalci","consumer"
"Planneralm II","Spygid","consumer"
"Planneralm II","Ccruxx","consumer"
"Planneralm II","Etoxon","consumer"
"Planneralm II","Hruber","consumer"
"Tauplitzalm","Eacicu","consumer"
"Tauplitzalm","Chalci","consumer"
"Tauplitzalm","Broman","consumer"
"Tauplitzalm","Hruber","consumer"
"Bad Aussee","Eacicu","consumer"
"Bad Aussee","Etorym","consumer"
"Bad Aussee","Pdolic","consumer"
"Bad Aussee","Chalci","consumer"
"Bad Aussee","Ilappo","consumer"
"Bad Aussee","Svesic","consumer"
"Bad Aussee","Aminim","consumer"
"Bad Aussee","Ccruxx","consumer"
"Bad Aussee","Etoxon","consumer"
"Obertauern I","Chalci","consumer"
"Obertauern I","Svesic","consumer"
"Obertauern I","Hruber","consumer"
"Obertauern I","Eacicu","consumer"
"Obertauern I","Pdolic","consumer"
"Obertauern I","Broman","consumer"
"Obertauern I","Slappo","consumer"
"Zillertal, Hintertux/ Weitental","Spygid","consumer"
"Zillertal, Lanersbach","Ilappo","consumer"
"Ötztal, Vent/ Gample","Slappo","consumer"
"Ötztal, Vent/ Gample","Bracin","consumer"
"Ötztal, Obergurgl","Slappo","consumer"
"Ötztal, Obergurgl","Spygid","consumer"
"Ötztal, Timmelsjoch","Chalci","consumer"
"Ötztal, Timmelsjoch","Broman","consumer"
"Spytkowo","Pdolic","consumer"
"Spytkowo","Chalci","consumer"
"Spytkowo","Ccruxx","consumer"
"Kruklanki","Etorym","consumer"
"Kruklanki","Chalci","consumer"
"Kruklanki","Svesic","consumer"
"Kruklanki","Ccruxx","consumer"
"Tretten, Nordbu nr. Ringebu","Eacicu","consumer"
"Tretten, Nordbu nr. Ringebu","Svesic","consumer"
"Peer Gynt veien I","Celong","consumer"
"Peer Gynt veien I","Pdolic","consumer"
"Peer Gynt veien I","Pponta","consumer"
"Tretten, Nordbu nr. Ringebu","Coreop","consumer"
"Tretten, Nordbu nr. Ringebu","Croman","consumer"
"Lapphaugen bei Bardu","Celong","consumer"
"Lapphaugen bei Bardu","Eacicu","consumer"
"Lapphaugen bei Bardu","Etorym","consumer"
"Lapphaugen bei Bardu","Pdolic","consumer"
"Lapphaugen bei Bardu","Pponta","consumer"
"Lapphaugen bei Bardu","Chalci","consumer"
"Lapphaugen bei Bardu","Broman","consumer"
"Lapphaugen bei Bardu","Lflexi","consumer"
"Lapphaugen bei Bardu","Ilappo","consumer"
"Folldal, Dahlholen","Celong","consumer"
"Folldal, Dahlholen","Eacicu","consumer"
"Folldal, Dahlholen","Chalci","consumer"
"Folldal, Dahlholen","Hruber","consumer"
"Alta, Baeskades","Pcynip","consumer"
"Alta, Baeskades","Acubic","consumer"
"Alta, Baeskades","Svesic","consumer"
"Garguluobbal, Karasjok","Eacicu","consumer"
"Garguluobbal, Karasjok","Pdolic","consumer"
"Garguluobbal, Karasjok","Ilappo","consumer"
"Garguluobbal, Karasjok","Bracin","consumer"
"Garguluobbal, Karasjok","Acubic","consumer"
"Garguluobbal, Karasjok","Svesic","consumer"
"N.-Varanger, Tanabru","Eacicu","consumer"
"N.-Varanger, Tanabru","Pponta","consumer"
"N.-Varanger, Tanabru","Pdolic","consumer"
"N.-Varanger, Tanabru","Chalci","consumer"
"N.-Varanger, Tanabru","Svesic","consumer"
"N.-Varanger, Sandfjord","Celong","consumer"
"N.-Varanger, Sandfjord","Eacicu","consumer"
"N.-Varanger, Sandfjord","Pdolic","consumer"
"N.-Varanger, Sandfjord","Chalci","consumer"
"N.-Varanger, Sandfjord","Ilappo","consumer"
"N.-Varanger, Sandfjord, Fjell","Eacicu","consumer"
"N.-Varanger, Sandfjord, Fjell","Pponta","consumer"
"N.-Varanger, Sandfjord, Fjell","Chalci","consumer"
"N.-Varanger, Sandfjord, Fjell","Bkopel","consumer"
"N.-Varanger, Sandfjord, Fjell","Broman","consumer"
"N.-Varanger, Sandfjord","Lflexi","consumer"
"Ifjordfjellet / Gilojokka","Eacicu","consumer"
"Ifjordfjellet / Gilojokka","Pdolic","consumer"
"Ifjordfjellet / Gilojokka","Pponta","consumer"
"Ifjordfjellet / Gilojokka","Chalci","consumer"
"Ifjordfjellet / Gilojokka","Broman","consumer"
"Ifjordfjellet / Gilojokka","Ilappo","consumer"
"Ifjordfjellet / Gilojokka","Svesic","consumer"
"Ifjordfjellet / Gilojokka","Lflexi","consumer"
"Ifjordfjellet / Gilojokka","Epygma","consumer"
"Kilpisjärvi","Svesic","consumer"
"Torne Träsk, Abisko","Bkopel","consumer"
"Polarkreis, Krokstrand","Chalci","consumer"
"Polarkreis, Krokstrand","Broman","consumer"
"Polarkreis, Krokstrand","Sgranu","consumer"
"Polarkreis, Krokstrand","Svesic","consumer"
"Polarkreis, Krokstrand","Eacicu","consumer"
"Polarkreis, Krokstrand","Pponta","consumer"
"Polarkreis, Krokstrand","Ilappo","consumer"
"Polarkreis, Krokstrand","Bracin","consumer"
"Polarkreis, Krokstrand","Acubic","consumer"
"Polarkreis, Krokstrand","Pdolic","consumer"
"Polarkreis, Krokstrand","Lflexi","consumer"
"Dovrefjell","Pdolic","consumer"
"Dovrefjell","Broman","consumer"
"Dovrefjell","Acubic","consumer"
"Dovrefjell","Celong","consumer"
"Dovrefjell","Pponta","consumer"
"Dovrefjell","Ilappo","consumer"
"Dovrefjell","Etorym","consumer"
"Dovrefjell","Bracin","consumer"
"Jotunheimen, Breiseterdalen","Eacicu","consumer"
"Jotunheimen, Breiseterdalen","Celong","consumer"
"Jotunheimen, Breiseterdalen","Claevi","consumer"
"Jotunheimen, Breiseterdalen","Acubic","consumer"
"Geilo","Celong","consumer"
"Geilo","Chalci","consumer"
"Geilo","Broman","consumer"
"Geilo","Bracin","consumer"
"Geilo","Enobbe","consumer"
"Geilo","Ilappo","consumer"
"Geilo","Eacicu","consumer"
"Geilo","Pponta","consumer"
"Geilo","Sgranu","consumer"
"Vogelsberg, Hoherodskopf","Bpicti","consumer"
"Vogelsberg, Hoherodskopf","Broman","consumer"
"Vogelsberg, Hoherodskopf","Ilappo","consumer"
"Taunus, Oberreiffenberg","Eacicu","consumer"
"Taunus, Oberreiffenberg","Chalci","consumer"
"Taunus, Oberreiffenberg","Bpicti","consumer"
"Obertauern I","Apusil","consumer"
"Obertauern I","Croman","consumer"
"Obertauern I","Strico","consumer"
"Obertauern I","Peuura","consumer"
"Obertauern I","Pponta","consumer"
"Obertauern I","Claevi","consumer"
"Obertauern I","Etorym","consumer"
"Obertauern I","Bpicti","consumer"
"Zillertal, Hintertux/ Weitental","Claevi","consumer"
"Zillertal, Hintertux/ Weitental","Bepitr","consumer"
"Zillertal, Hintertux/ Weitental","Bkopel","consumer"
"Zillertal, Hintertux/ Weitental","Salpin","consumer"
"Falzthurn-Alm","Pcynip","consumer"
"Falzthurn-Alm","Aacumi","consumer"
"Falzthurn-Alm","Esalic","consumer"
"Falzthurn-Alm","Peuura","consumer"
"Falzthurn-Alm","Torymu","consumer"
"Falzthurn-Alm","Ichnin","consumer"
"Gramai-Alm","Aacumi","consumer"
"Gramai-Alm","Enobbe","consumer"
"Gramai-Alm","Esalic","consumer"
"Gern-Alm","Bracin","consumer"
"Halltal","Eacicu","consumer"
"Halltal","Etorym","consumer"
"Halltal","Pcynip","consumer"
"Halltal","Pdolic","consumer"
"Halltal","Ilappo","consumer"
"Halltal","Ccruxx","consumer"
"Ötztal, Vent/ Gample","Celong","consumer"
"Ötztal, Vent/ Gample","Ctrifa","consumer"
"Ötztal, Vent/ Gample","Peuura","consumer"
"Ötztal, Vent/ Gample","Bepitr","consumer"
"Ötztal, Obergurgl","Celong","consumer"
"Ötztal, Obergurgl","Agalli","consumer"
"Ötztal, Obergurgl","Enobbe","consumer"
"Ötztal, Obergurgl","Peuura","consumer"
"Ötztal, Vent/ Am Spiegel","Eacicu","consumer"
"Ötztal, Vent/ Am Spiegel","Eurozo","consumer"
"Ötztal, Vent/ Am Spiegel","Pponta","consumer"
"Ötztal, Vent/ Am Spiegel","Svesic","consumer"
"Grimselpaß, Räterichsbodensee","Peuura","consumer"
"Grimselpaß, Räterichsbodensee","Chalci","consumer"
"Grimselpaß, Räterichsbodensee","Celong","consumer"
"Grimselpaß, Räterichsbodensee","Apusil","consumer"
"Grimselpaß, Räterichsbodensee","Smorle","consumer"
"Grimselpaß, Räterichsbodensee","Pdolic","consumer"
"Grimselpaß, Räterichsbodensee","Broman","consumer"
"Grimselpaß, Räterichsbodensee","Claevi","consumer"
"Grimselpaß, Räterichsbodensee","Bracin","consumer"
"Grimselpaß, Räterichsbodensee","Svesic","consumer"
"Saastal, Mattmark","Peuura","consumer"
"Saastal, Mattmark","Geliss","consumer"
"Nufenenpaß, Paßhöhe I","Enobbe","consumer"
"Nufenenpaß, Paßhöhe I","Peuura","consumer"
"Nufenenpaß, Paßhöhe I","Svesic","consumer"
"Eberswalde","Esalic","consumer"
"Eberswalde","Bbrevi","consumer"
"Eberswalde","Ccruxx","consumer"
"Plauer See","Chalci","consumer"
"Taunus, Oberreiffenberg","Aacumi","consumer"
"Taunus, Oberreiffenberg","Enobbe","consumer"
"Taunus, Oberreiffenberg","Mvesic","consumer"
"Taunus, Oberreiffenberg","Peuura","consumer"
"Taunus, Oberreiffenberg","Lforti","consumer"
"Taunus, Oberreiffenberg","Saotis","consumer"
"Marköbel","Enobbe","consumer"
"Marköbel","Ccruxx","consumer"
"Obertauern I","Cnrsub","consumer"
"Obertauern I","Pcynip","consumer"
"Obertauern I","Dwestw","consumer"
"Obertauern I","Bracin","consumer"
"Obertauern I","Ichnin","consumer"
"Falzthurn-Alm","Aprost","consumer"
"Falzthurn-Alm","Ealbit","consumer"
"Ötztal, Vent/ Rofental","Peuura","consumer"
"Ötztal, Vent/ Rofental","Chalci","consumer"
"Ötztal, Obergurgl","Etorym","consumer"
"Ötztal, Obergurgl","Mesole","consumer"
"Ötztal, Obergurgl/ Bruggboden","Peuura","consumer"
"Ötztal, Obergurgl/ Bruggboden","Chalci","consumer"
"Pitztal, Nähe Mittelberg","Peuura","consumer"
"Pitztal, Nähe Mittelberg","Celong","consumer"
"Pitztal, Nähe Mittelberg","Pdolic","consumer"
"Pitztal, Nähe Mittelberg","Broman","consumer"
"Pitztal, Nähe Mittelberg","Slappo","consumer"
"Pitztal, Nähe Mittelberg","Svesic","consumer"
"Pitztal, Nähe Mittelberg","Hruber","consumer"
"Saastal, Mattmark","Etorym","consumer"
"Arolla","Peuura","consumer"
"Arolla","Eacicu","consumer"
"Arolla","Broman","consumer"
"Arolla","Enobbe","consumer"
"Arolla","Celong","consumer"
"Nufenenpaß, Paßhöhe I","Celong","consumer"
"Lapphaugen bei Bardu","Peuura","consumer"
"Lapphaugen bei Bardu","Ichnin","consumer"
"Neiden","Esalic","consumer"
"Neiden","Chalci","consumer"
"Lapphaugen bei Bardu","Slappo","consumer"
"Lapphaugen bei Bardu","Claevi","consumer"
"Neiden","Lflexi","consumer"
"Neiden","Hruber","consumer"
"Neiden","Etorym","consumer"
"S.-Varanger, Svanvik","Eacicu","consumer"
"S.-Varanger, Svanvik","Etorym","consumer"
"S.-Varanger, Svanvik","Esalic","consumer"
"S.-Varanger, Svanvik","Chalci","consumer"
"N.-Varanger, Tanabru","Etorym","consumer"
"Kvalsund, Breidalsfjell","Chalci","consumer"
"Alta, Baeskades","Pdolic","consumer"
"Torne Träsk, Abisko","Peuura","consumer"
"Torne Träsk, Abisko","Etorym","consumer"
"Torne Träsk, Abisko","Svesic","consumer"
"Torne Träsk, Abisko","Eacicu","consumer"
"Torne Träsk, Abisko","Celong","consumer"
"Torne Träsk, Abisko","Latole","consumer"
"Lofot, Sandsletta","Pdolic","consumer"
"Lofot, Sandsletta","Ichnin","consumer"
"Polarkreis I","Slappo","consumer"
"Polarkreis I","Ichnin","consumer"
"Polarkreis I","Svesic","consumer"
"Polarkreis, Krokstrand","Claevi","consumer"
"Polarkreis, Krokstrand","Slappo","consumer"
"Polarkreis, Krokstrand","Lforti","consumer"
"Polarkreis, Krokstrand","Etorym","consumer"
"Polarkreis II","Chalci","consumer"
"Polarkreis II","Pdolic","consumer"
"Polarkreis II","Claevi","consumer"
"Polarkreis II","Slappo","consumer"
"Polarkreis II","Svesic","consumer"
"Polarkreis II","Ichnin","consumer"
"Polarkreis III","Pdolic","consumer"
"Polarkreis III","Chalci","consumer"
"Polarkreis III","Slappo","consumer"
"Polarkreis IV","Chalci","consumer"
"Polarkreis III","Llappo","consumer"
"Polarkreis III","Olesic","consumer"
"Namsskogan, Mellingsmoen","Pdolic","consumer"
"Namsskogan, Mellingsmoen","Chalci","consumer"
"Namsskogan, Mellingsmoen","Lforti","consumer"
"Namsskogan, Mellingsmoen","Claevi","consumer"
"Jotunheimen, Breiseterdalen","Pdolic","consumer"
"Jotunheimen, Breiseterdalen","Slappo","consumer"
"Jotunheimen, Breiseterdalen","Ichnin","consumer"
"Jotunheimen, Breiseterdalen","Lforti","consumer"
"Jotunheimen, Breiseterdalen","Olesic","consumer"
"Jotunheimen, Breiseterdalen","Ilappo","consumer"
"Lusterfjord, Höyheimsvik","Enobbe","consumer"
"Lusterfjord, Höyheimsvik","Pdolic","consumer"
"Lusterfjord, Höyheimsvik","Chalci","consumer"
"Vikafjell bei Viksöyri","Peuura","consumer"
"Vikafjell bei Viksöyri","Chalci","consumer"
"Vikafjell bei Viksöyri","Eacicu","consumer"
"Vikafjell bei Viksöyri","Acubic","consumer"
"Vikafjell bei Viksöyri","Ichnin","consumer"
"Vikafjell bei Viksöyri","Pdolic","consumer"
"Vikafjell bei Viksöyri","Broman","consumer"
"Vikafjell bei Viksöyri","Llappo","consumer"
"Seljestad bei Odda","Chalci","consumer"
"Vikafjell bei Viksöyri","Etorym","consumer"
"Vikafjell bei Viksöyri","Slappo","consumer"
"Seljestad bei Odda","Peuura","consumer"
"Seljestad bei Odda","Slappo","consumer"
"Seljestad bei Odda","Ichnin","consumer"
"Seljestad bei Odda","Llappo","consumer"
"Seljestad bei Odda","Claevi","consumer"
"Seljestad bei Odda","Hruber","consumer"
"Seljestad bei Odda","Celong","consumer"
"Altenstadt, Höchst","Celong","consumer"
"Kühkopf, Mordhecke I","Celong","consumer"
"Maltatal I","Celong","consumer"
"Maltatal I","Chalci","consumer"
"Maltatal I","Aminim","consumer"
"Maltatal I","Pdolic","consumer"
"Maltatal I","Eacicu","consumer"
"Maltatal I","Etorym","consumer"
"Maltatal I","Bepitr","consumer"
"Maltatal I","Svesic","consumer"
"Maltatal II","Chalci","consumer"
"Maltatal II","Aminim","consumer"
"Obertauern I","Celong","consumer"
"Obertauern II","Celong","consumer"
"Obertauern II","Adelog","consumer"
"Obertauern II","Eacicu","consumer"
"Obertauern II","Etorym","consumer"
"Obertauern II","Pdolic","consumer"
"Obertauern II","Chalci","consumer"
"Obertauern II","Svesic","consumer"
"Preber See bei Tamsweg","Pdolic","consumer"
"Preber See bei Tamsweg","Cincer","consumer"
"Preber See bei Tamsweg","Ichnin","consumer"
"Obertauern II","Bracin","consumer"
"Obertauern II","Ichnin","consumer"
"Obertauern II","Hruber","consumer"
"Zederhaustal, Oberweißburg","Celong","consumer"
"Zederhaustal, Oberweißburg","Eacicu","consumer"
"Zederhaustal, Oberweißburg","Chalci","consumer"
"Zederhaustal, Oberweißburg","Llugen","consumer"
"Zederhaustal, Oberweißburg","Etorym","consumer"
"Zederhaustal, Oberweißburg","Pcynip","consumer"
"Zederhaustal, Oberweißburg","Pdolic","consumer"
"Murtal, Muhr","Eacicu","consumer"
"Murtal, Muhr","Pdolic","consumer"
"Murtal, Muhr","Pponta","consumer"
"Murtal, Muhr","Chalci","consumer"
"Murtal, Muhr","Bepitr","consumer"
"Murtal, Muhr","Blivid","consumer"
"Murtal, Muhr","Bpulch","consumer"
"Murtal, Muhr","Svesic","consumer"
"Murtal, Muhr","Celong","consumer"
"Murtal, Muhr","Etorym","consumer"
"Tauernpaß, Tweng","Celong","consumer"
"Tauernpaß, Tweng","Eacicu","consumer"
"Tauernpaß, Tweng","Etorym","consumer"
"Tauernpaß, Tweng","Chalci","consumer"
"Tauernpaß, Tweng","Bracin","consumer"
"Tauernpaß, Tweng","Hruber","consumer"
"Tauernpaß, Tweng","Ilappo","consumer"
"Tauernpaß, Tweng","Lalpic","consumer"
"Murtal, Muhr, Kraftwerk","Aacumi","consumer"
"Murtal, Muhr, Kraftwerk","Ccruxx","consumer"
"Obergoms, Oberwald","Enobbe","consumer"
"Obergoms, Oberwald","Ichnin","consumer"
"Obergoms, Gletsch","Eacicu","consumer"
"Obergoms, Gletsch","Ilappo","consumer"
"Obergoms, Oberwald","Etorym","consumer"
"Obergoms, Oberwald","Svesic","consumer"
"Grimselpaß, Grimselsee","Chalci","consumer"
"Grimselpaß, Grimselsee","Broman","consumer"
"Grimselpaß, Grimselsee","Slappo","consumer"
"Grimselpaß, Grimselsee","Ichnin","consumer"
"Grimselpaß, Grimselsee","Ilappo","consumer"
"Grimselpaß, Grimselsee","Svesic","consumer"
"Mattertal, Täsch","Eacicu","consumer"
"Mattertal, Täsch","Etorym","consumer"
"Mattertal, Täsch","Pdolic","consumer"
"Mattertal, Täsch","Chalci","consumer"
"Mattertal, Täsch","Ccruxx","consumer"
"Mattertal, Täsch","Aacumi","consumer"
"Mattertal, Täsch","Esalic","consumer"
"Mattertal, Täsch","Lalpic","consumer"
"Obergoms, Obergesteln","Eacicu","consumer"
"Nufenenpaß, Paßhöhe II","Chalci","consumer"
"Nufenenpaß, Paßhöhe II","Broman","consumer"
"Obergoms, Obergesteln","Aacumi","consumer"
"Obergoms, Obergesteln","Esalic","consumer"
"Nufenenpaß, Paßhöhe II","Pponta","consumer"
"Nufenenpaß, Paßhöhe II","Pdolic","consumer"
"Nufenenpaß, Paßhöhe II","Bracin","consumer"
"Nufenenpaß, Paßhöhe II","Slappo","consumer"
"Nufenenpaß, Paßhöhe II","Svesic","consumer"
"Nufenenpaß, Paßhöhe II","Ichnin","consumer"
"Nufenenpaß, Val de Bedretto I","Svesic","consumer"
"Nufenenpaß, Val de Bedretto I","Pdolic","consumer"
"Nufenenpaß, Val de Bedretto I","Peuura","consumer"
"Nufenenpaß, Val de Bedretto I","Chalci","consumer"
"Nufenenpaß, Val de Bedretto I","Ccruxx","consumer"
"Nufenenpaß, Val de Bedretto I","Aacumi","consumer"
"Nufenenpaß, Val de Bedretto I","Ichnin","consumer"
"Nufenenpaß, Val de Bedretto I","Eacicu","consumer"
"Nufenenpaß, Val de Bedretto I","Etorym","consumer"
"Val Divedro, Domodossola","Eacicu","consumer"
"Val Divedro, Domodossola","Chalci","consumer"
"Val Divedro, Domodossola","Blivid","consumer"
"Val Divedro, Domodossola","Aminim","consumer"
"Nufenenpaß, Val de Bedretto II","Aacumi","consumer"
"Nufenenpaß, Val de Bedretto II","Esalic","consumer"
"Nufenenpaß, Val de Bedretto II","Mlongi","consumer"
"Nufenenpaß, Val de Bedretto II","Chalci","consumer"
"Nufenenpaß, Val de Bedretto II","Ccruxx","consumer"
"Nufenenpaß, Val de Bedretto II","Etorym","consumer"
"Nufenenpaß, Val de Bedretto II","Bpulch","consumer"
"Obergoms, Oberwald","Pdolic","consumer"
"Obergoms, Oberwald","Peuura","consumer"
"Obergoms, Oberwald","Chalci","consumer"
"Obergoms, Oberwald","Aacumi","consumer"
"Obergoms, Oberwald","Esalic","consumer"
"Obergoms, Oberwald","Eacicu","consumer"
"Taunus, Oberreiffenberg","Pdolic","consumer"
"Kühkopf, Mordhecke I","Esalic","consumer"
"Kühkopf, Mordhecke III","Aacumi","consumer"
"Kühkopf, Mordhecke III","Esalic","consumer"
"Kühkopf, Mordhecke III","Peuura","consumer"
"Kühkopf, Mordhecke III","Ichnin","consumer"
"Griesheim bei Darmstadt","Aacumi","consumer"
"Griesheim bei Darmstadt","Esalic","consumer"
"Griesheim bei Darmstadt","Mspone","consumer"
"Griesheim bei Darmstadt","Celong","consumer"
"Griesheim bei Darmstadt","Ibrevi","consumer"
"Mörfelden, Baggersee","Celong","consumer"
"Mörfelden, Baggersee","Adelog","consumer"
"Limeshain, Rommelhausen","Celong","consumer"
"Limeshain, Rommelhausen","Adelog","consumer"
"Ortenberg I","Adelog","consumer"
"Vogelsberg, Hoherodskopf","Celong","consumer"
"Ortenberg III","Adelog","consumer"
"Taunus, Dorfweil","Chalci","consumer"
"Taunus, Dorfweil","Ccruxx","consumer"
"Taunus, Dorfweil","Etoxon","consumer"
"Val di Egro, Mt. Tremalzo II","Chalci","consumer"
"Paso di Gavia, Pezzo","Eacicu","consumer"
"Paso di Gavia, Pezzo","Etorym","consumer"
"Paso di Gavia, Pezzo","Chalci","consumer"
"Val di Egro, Mt. Tremalzo II","Broman","consumer"
"Val di Egro, Mt. Tremalzo II","Ichnin","consumer"
"Paso del Maniva, Dosso Alto","Chalci","consumer"
"Paso del Maniva, Dosso Alto","Etoxon","consumer"
"Paso del Tonale","Chalci","consumer"
"Val di Egro, Mt. Tremalzo II","Svesic","consumer"
"Paso del Tonale","Eacicu","consumer"
"Val di Egro, Mt. Tremalzo II","Cincer","consumer"
"Val di Egro, Mt. Tremalzo II","Llugen","consumer"
"Grimselpaß, Grimselsee","Pdolic","consumer"
"Nufenenpaß, Aegtnental","Eacicu","consumer"
"Nufenenpaß, Aegtnental","Chalci","consumer"
"Nufenenpaß, Paßhöhe I","Slappo","consumer"
"Nufenenpaß, Paßhöhe I","Pdolic","consumer"
"Nufenenpaß, Val de Bedretto II","Ichnin","consumer"
"Obergoms, Reckingen","Ichnin","consumer"
"Mörfelden, Baggersee","Ibrevi","consumer"
"Taunus, Hunoldstal","Celong","consumer"
"Nufenenpaß, Val de Bedretto I","Esalic","consumer"
"Taunus, Usingen","Celong","consumer"
"Kilianstätten","Adelog","consumer"
"Kilianstätten","Strico","consumer"
"Obergoms, Obergesteln","Enobbe","consumer"
"Taunus, Dorfweil","Dcoleo","consumer"
"Taunus, Dorfweil","Adelog","consumer"
"Taunus, Usingen","Aacumi","consumer"
"Taunus, Usingen","Enobbe","consumer"
"Taunus, Usingen","Esalic","consumer"
"Taunus, Dorfweil","Celong","consumer"
"Taunus, Dorfweil","Apusil","consumer"
"Taunus, Dorfweil","Ichnin","consumer"
"Kühkopf, Mordhecke III","Enobbe","consumer"
"Mt. Altissimo di Nago","Adelog","consumer"
"Mörfelden, Baggersee","Aacumi","consumer"
"Mörfelden, Baggersee","Esalic","consumer"
"Mörfelden, Baggersee","Chalci","consumer"
"Val di Egro, Mt. Tremalzo I","Adelog","consumer"
"Paso del Maniva, Dosso Alto","Adelog","consumer"
"Val Vermiglio, Pellizano","Adelog","consumer"
"Paso di Gavia, Pezzo","Adelog","consumer"
"Ötztal, Obergurgl","Adelog","consumer"
"Ötztal, Vent/ Gample","Adelog","consumer"
"Grimselpaß, Grimselsee","Adelog","consumer"
"Grimselpaß, Grimselsee","Celong","consumer"
"Grimselpaß, Grimselsee","Agalli","consumer"
"Nufenenpaß, Paßhöhe I","Adelog","consumer"
"Obergoms, Obergesteln","Celong","consumer"
"Obergoms, Obergesteln","Adelog","consumer"
"Preetz, Postsee","Aminim","consumer"
"St. Peter-Ording","Esalic","consumer"
"St. Peter-Ording","Pdolic","consumer"
"St. Peter-Ording","Svesic","consumer"
"St. Peter-Ording","Chalci","consumer"
"St. Peter-Ording","Ccruxx","consumer"
"Ötztal, Vent/ Rofental","Svesic","consumer"
"Obertauern I","Spygid","consumer"
"Tauernpaß, Untertauern II","Pdolic","consumer"
"Preetz, Postsee","Enobbe","consumer"
"Preetz, Postsee","Esalic","consumer"
"Ortenberg I","Apusil","consumer"
"Ortenberg I","Svesic","consumer"
"Kühkopf, Mordhecke II","Adelog","consumer"
"Kilianstätten","Ibrevi","consumer"
"Kühkopf, Mordhecke II","Bracin","consumer"
"Kilianstätten","Celong","consumer"
"Kilianstätten","Dlongi","consumer"
"Nidderau-Heldenbergen","Adelog","consumer"
"Ortenberg II","Celong","consumer"
"Ortenberg II","Chalci","consumer"
"Griesheim bei Darmstadt","Ichnin","consumer"
"Obertauern I","Adelog","consumer"
"Ötztal, Vent/ Gample","Strico","consumer"
"Pitztal, Nähe Mittelberg","Adelog","consumer"
"Tauernpaß, Untertauern II","Esalic","consumer"
"Ötztal, Obergurgl","Aacumi","consumer"
"Ötztal, Obergurgl","Esalic","consumer"
"Nufenenpaß, Val de Bedretto I","Enobbe","consumer"
"Obergoms, Obergesteln","Peuura","consumer"
"Hospental","Enobbe","consumer"
"Nufenenpaß, E-Werk","Peuura","consumer"
"Nufenenpaß, E-Werk","Chalci","consumer"
"Grimselpaß, Räterichsbodensee","Enobbe","consumer"
"Schwarzwald, Altglashütten","Enobbe","consumer"
"Schwarzwald, Altglashütten","Peuura","consumer"
"Etzen","Enobbe","consumer"
"Korgfjellet","Slappo","consumer"
"Namsskogan, Mellingsmoen","Ichnin","consumer"
"Kilpisjärvi","Ccruxx","consumer"
"S.-Varanger, Nyrud","Celong","consumer"
"S.-Varanger, Nyrud","Pcynip","consumer"
"S.-Varanger, Nyrud","Pdolic","consumer"
"S.-Varanger, Nyrud","Bracin","consumer"
"S.-Varanger, Nyrud","Svesic","consumer"
"Ifjordfjellet II","Celong","consumer"
"Ifjordfjellet II","Pponta","consumer"
"Ifjordfjellet II","Chalci","consumer"
"Ifjordfjellet II","Bracin","consumer"
"Ifjordfjellet II","Eridol","consumer"
"Ifjordfjellet II","Pdolic","consumer"
"Ifjordfjellet II","Slappo","consumer"
"Namsskogan, Mellingsmoen","Svesic","consumer"
"Korgfjellet","Bkopel","consumer"
"Grong","Pdolic","consumer"
"Grong","Pponta","consumer"
"Grong","Chalci","consumer"
"S.-Varanger, Nyelv","Eacicu","consumer"
"S.-Varanger, Nyelv","Pdolic","consumer"
"S.-Varanger, Nyelv","Pponta","consumer"
"S.-Varanger, Nyelv","Chalci","consumer"
"Kilpisjärvi","Pdolic","consumer"
"N.-Varanger, Sandfjord","Pponta","consumer"
"N.-Varanger, Sandfjord","Bkopel","consumer"
"N.-Varanger, Sandfjord","Broman","consumer"
"N.-Varanger, Sandfjord","Svesic","consumer"
"Lavangsdalen","Pdolic","consumer"
"Lavangsdalen","Slappo","consumer"
"Lavangsdalen","Etorym","consumer"
"Skagen","Eacicu","consumer"
"Skagen","Pdolic","consumer"
"Skagen","Chalci","consumer"
"Skagen","Aminim","consumer"
"Fauske","Eacicu","consumer"
"Polarkreis I","Celong","consumer"
"Polarkreis I","Ilappo","consumer"
"N.-Varanger, Sandfjord","Etorym","consumer"
"N.-Varanger, Sandfjord","Ichnin","consumer"
"Lofot, Sandsletta","Pponta","consumer"
"Lofot, Sandsletta","Svesic","consumer"
"Polarkreis II","Pponta","consumer"
"Polarkreis II","Bkopel","consumer"
"Polarkreis II","Broman","consumer"
"Jostedalen","Pdolic","consumer"
"Jostedalen","Pponta","consumer"
"Heimhulhatten","Svesic","consumer"
"Polarkreis II","Acubic","consumer"
"Fauske","Pdolic","consumer"
"Fauske","Broman","consumer"
"Fauske","Sgranu","consumer"
"Fauske","Svesic","consumer"
"Taernaby / Tjamerev.","Eacicu","consumer"
"Taernaby / Tjamerev.","Pdolic","consumer"
"Taernaby / Tjamerev.","Pponta","consumer"
"Taernaby / Tjamerev.","Chalci","consumer"
"Taernaby / Tjamerev.","Slappo","consumer"
"Taernaby / Tjamerev.","Acubic","consumer"
"Taernaby / Tjamerev.","Svesic","consumer"
"Ortenberg I","Eacicu","consumer"
"Ortenberg I","Chalci","consumer"
"Ortenberg I","Bconju","consumer"
"Ortenberg I","Llugen","consumer"
"Ortenberg I","Ccruxx","consumer"
"Schrems-Pürbach","Chalci","consumer"
"Schrems-Pürbach","Eacicu","consumer"
"Ortenberg I","Etorym","consumer"
"Ortenberg I","Pdolic","consumer"
"Ortenberg I","Broman","consumer"
"Riu di Pula, bei Cagliari","Eacicu","consumer"
"Riu di Pula, bei Cagliari","Euryto","consumer"
"Riu di Pula, bei Cagliari","Etorym","consumer"
"Riu di Pula, bei Cagliari","Pdolic","consumer"
"Riu di Pula, bei Cagliari","Chalci","consumer"
"Riu Malliu, bei Cagliari","Chalci","consumer"
"Riu Malliu, bei Cagliari","Broman","consumer"
"F. Corogiu, Tortoli","Eacicu","consumer"
"F. Corogiu, Tortoli","Chalci","consumer"
"S.-Varanger, Vaggatem","Enobbe","consumer"
"S.-Varanger, Vaggatem","Peuura","consumer"
"S.-Varanger, Vaggatem, Elentj.","Enobbe","consumer"
"S.-Varanger, Vaggatem, Elentj.","Chalci","consumer"
"S.-Varanger, Nyrud","Enobbe","consumer"
"S.-Varanger, Svanvik","Enobbe","consumer"
"S.-Varanger, Svanvik","Peuura","consumer"
"Kvaenangen, Gildetun","Chalci","consumer"
"Kilpisjärvi","Ichnin","consumer"
"Lofot, Laukvik","Chalci","consumer"
"Lofot, Hadselsand","Chalci","consumer"
"Fauske","Enobbe","consumer"
"Fauske","Peuura","consumer"
"Fauske","Chalci","consumer"
"Grane","Chalci","consumer"
"Korgfjellet","Enobbe","consumer"
"Korgfjellet","Ichnin","consumer"
"Nordfjorden","Chalci","consumer"
"Haugsdalen","Enobbe","consumer"
"Haugsdalen","Chalci","consumer"
"Nordfjorden","Ccruxx","consumer"
"Heimhulhatten","Chalci","consumer"
"Malm","Enobbe","consumer"
"Malm","Chalci","consumer"
"Hegra","Enobbe","consumer"
"Hegra","Chalci","consumer"
"Jostedalen","Chalci","consumer"
"Skjelingen","Chalci","consumer"
"Skutevik","Chalci","consumer"
"Skutevik","Enobbe","consumer"
"Skjelingen","Pdolic","consumer"
"Skagen","Enobbe","consumer"
"Lavangsdalen","Chalci","consumer"
"Ifjordfjellet II","Ichnin","consumer"
"Kühkopf, Mordhecke II","Celong","consumer"
"Kühkopf, Mordhecke II","Mesole","consumer"
"Kilianstätten","Apusil","consumer"
"Kilianstätten","Ichnin","consumer"
"Limeshain, Rommelhausen","Ichnin","consumer"
"Limeshain, Rommelhausen","Esalic","consumer"
"Etzen","Chalci","consumer"
"Etzen","Eurozo","consumer"
"Etzen","Pcynip","consumer"
"Etzen","Eridol","consumer"
"Etzen","Mesole","consumer"
"Etzen","Svesic","consumer"
"Vejersstrand","Eacicu","consumer"
"Vejersstrand","Bracin","consumer"
"Vejersstrand","Svesic","consumer"
"Vejersstrand","Ichnin","consumer"
"Dachsteingebirge, Hoferalm b. Filzmos","Eacicu","consumer"
"Dachsteingebirge, Hoferalm b. Filzmos","Etorym","consumer"
"Dachsteingebirge, Hoferalm b. Filzmos","Pdolic","consumer"
"Dachsteingebirge, Hoferalm b. Filzmos","Chalci","consumer"
"Dachsteingebirge, Hoferalm b. Filzmos","Bracin","consumer"
"Dachsteingebirge, Hoferalm b. Filzmos","Hruber","consumer"
"Obertauern III","Chalci","consumer"
"Obertauern III","Svesic","consumer"
"Obertauern III","Ccruxx","consumer"
"Etzen","Etorym","consumer"
"Annaberg, Tennengau","Etorym","consumer"
"Annaberg, Tennengau","Chalci","consumer"
"Annaberg, Tennengau","Broman","consumer"
"Dachsteinstraße, Ramsau","Chalci","consumer"
"Dachsteinstraße, Ramsau","Svesic","consumer"
"Dachsteinstraße, Ramsau","Hruber","consumer"
"Grimselpaß, Grimselsee","Etorym","consumer"
"Dachsteinstraße, Ramsau","Pdolic","consumer"
"Dachsteinstraße, Ramsau","Olesic","consumer"
"Schremser Moor","Etorym","consumer"
"Schremser Moor","Chalci","consumer"
"Obertauern III","Hruber","consumer"
"Schrems-Pürbach","Pdolic","consumer"
"Schrems-Pürbach","Aminim","consumer"
"Rappottenstein, Edmühle, (Kamputer)","Aacumi","consumer"
"Rappottenstein, Edmühle, (Kamputer)","Chalci","consumer"
"Obertauern III","Pdolic","consumer"
"Schrems-Pürbach","Esalic","consumer"
"Schrems-Pürbach","Ccruxx","consumer"
"Bad Ischl","Aacumi","consumer"
"Bad Ischl","Eacicu","consumer"
"Bad Ischl","Chalci","consumer"
"Bad Ischl","Svesic","consumer"
"Bad Ischl","Ccruxx","consumer"
"Kilianstätten","Bracin","consumer"
"Kilianstätten","Espone","consumer"
"Limeshain, Rommelhausen","Acubic","consumer"
"Ortenberg III","Apusil","consumer"
"Rappottenstein, Edmühle","Esalic","consumer"
"Rappottenstein, Edmühle","Chalci","consumer"
"Dachsteinstraße, Ramsau","Ichnin","consumer"
"Annaberg","Aacumi","consumer"
"Annaberg","Esalic","consumer"
"Annaberg","Chalci","consumer"
"Obertauern III","Aacumi","consumer"
"Obertauern III","Peuura","consumer"
"Tauernpaß, Tweng","Enobbe","consumer"
"Obertauern I","Aacumi","consumer"
"Ötztal, Vent/ Rofental","Aacumi","consumer"
"Purath nr. Arbesbach","Enobbe","consumer"
"Purath nr. Arbesbach","Esalic","consumer"
"Purath nr. Arbesbach","Pdolic","consumer"
"Purath nr. Arbesbach","Peuura","consumer"
"Purath nr. Arbesbach","Chalci","consumer"
"Dachsteingebirge, Hoferalm b. Filzmos","Celong","consumer"
"Dachsteingebirge, Hoferalm b. Filzmos","Apusil","consumer"
"Dachsteingebirge, Hoferalm b. Filzmos","Strico","consumer"
"Obertauern I","Acubic","consumer"
"Ötztal, Vent/ Gample","Ichnin","consumer"
"Traismauer an der Donau","Ichnin","consumer"
"Schremser Moor","Celong","consumer"
"Grimselpaß, Grimselsee","Smorle","consumer"
"Arbesbach I","Aacumi","consumer"
"Arbesbach I","Enobbe","consumer"
"Arbesbach I","Esalic","consumer"
"Arbesbach I","Peuura","consumer"
"Arbesbach I","Chalci","consumer"
"Arbesbach II","Aacumi","consumer"
"Arbesbach II","Enobbe","consumer"
"Arbesbach II","Esalic","consumer"
"Arbesbach II","Chalci","consumer"
"Arbesbach III","Aacumi","consumer"
"Arbesbach III","Enobbe","consumer"
"Arbesbach III","Chalci","consumer"
"Altenstadt, Nidder","Enobbe","consumer"
"Altenstadt, Nidder","Chalci","consumer"
"Rheinau (Jungwuchs)","Chalci","consumer"
"Rheinau (Jungwuchs)","Bracin","consumer"
"Rheinau (Jungwuchs)","Svesic","consumer"
"Rheinau (Jungwuchs)","Aminim","consumer"
"Rheinau (Jungwuchs)","Ccruxx","consumer"
"Rheinau (Jungwuchs)","Tspone","consumer"
"Rheinau (Jungwuchs)","Eacicu","consumer"
"Rheinau (Jungwuchs)","Pdolic","consumer"
"Rheinau (Jungwuchs)","Axanth","consumer"
"Rheinau (Jungwuchs)","Bconju","consumer"
"Rheinau (Jungwuchs)","Bdisco","consumer"
"Rheinau (Jungwuchs)","Bepitr","consumer"
"Rheinau (Jungwuchs)","Bpicti","consumer"
"Rheinau (Jungwuchs)","Bpulch","consumer"
"Urdenbach, Urdenbacher Kämpe","Chalci","consumer"
"Urdenbach, Urdenbacher Kämpe","Bracin","consumer"
"Urdenbach, Urdenbacher Kämpe","Svesic","consumer"
"Urdenbach, Urdenbacher Kämpe","Ccruxx","consumer"
"Grietherbusch / Dornick","Pnemat","consumer"
"Grietherbusch / Dornick","Chalci","consumer"
"Grietherbusch / Dornick","Llugen","consumer"
"Grietherbusch / Dornick","Svesic","consumer"
"Grietherbusch / Dornick","Ichnin","consumer"
"Grietherbusch / Dornick","Ccruxx","consumer"
"Grietherbusch / Dornick","Etoxon","consumer"
"Zillis","Eacicu","consumer"
"Zillis","Etorym","consumer"
"Zillis","Pdolic","consumer"
"Zillis","Chalci","consumer"
"Zillis","Broman","consumer"
"Zillis","Svesic","consumer"
"Zillis","Ccruxx","consumer"
"Zillis","Csalic","consumer"
"Zillis","Hruber","consumer"
"Zillis","Bepitr","consumer"
"Zillis","Bpicti","consumer"
"Zillis","Ibrevi","consumer"
"Rheinau","Ealbit","consumer"
"Rheinau","Chalci","consumer"
"Rheinau","Ccruxx","consumer"
"Hartheim","Chalci","consumer"
"Hartheim","Ccruxx","consumer"
"Rheinau","Svesic","consumer"
"Honau","Eacicu","consumer"
"Honau","Chalci","consumer"
"Hartheim","Etorym","consumer"
"Hartheim","Pdolic","consumer"
"Honau","Etorym","consumer"
"Honau","Aminim","consumer"
"Honau","Ccruxx","consumer"
"Obertauern I","Mesole","consumer"
"Zillis","Pcynip","consumer"
"Zillis","Tspfiv","consumer"
"Zillis","Bbrevi","consumer"
"Zillis","Bracin","consumer"
"Zillis","Mesole","consumer"
"Juppa","Chalci","consumer"
"Juppa","Broman","consumer"
"Juppa","Bracin","consumer"
"Juppa","Ichnin","consumer"
"Juppa","Pdolic","consumer"
"Juppa","Bobscu","consumer"
"Juppa","Mesole","consumer"
"Juppa","Svesic","consumer"
"Juppa","Ccruxx","consumer"
"Juppa","Etorym","consumer"
"Juppa","Pponta","consumer"
"Juppa","Pcynip","consumer"
"Juppa","Hruber","consumer"
"Lago di Lei","Chalci","consumer"
"Lago di Lei","Ichnin","consumer"
"Lago di Lei","Hruber","consumer"
"Lago di Lei","Pdolic","consumer"
"Lago di Lei","Broman","consumer"
"Lago di Lei","Svesic","consumer"
"Julierpaß bei Bivio","Eacicu","consumer"
"Julierpaß bei Bivio","Pponta","consumer"
"Julierpaß bei Bivio","Chalci","consumer"
"Julierpaß bei Bivio","Svesic","consumer"
"Julierpaß bei Bivio","Pdolic","consumer"
"Julierpaß bei Bivio","Bracin","consumer"
"Albulapaß nr. Paßhöhe","Pponta","consumer"
"Albulapaß nr. Paßhöhe","Chalci","consumer"
"Albulapaß nr. Paßhöhe","Broman","consumer"
"Albulapaß nr. Paßhöhe","Mesole","consumer"
"Julierpaß bei Bivio","Bobscu","consumer"
"Julierpaß bei Bivio","Broman","consumer"
"Julierpaß bei Bivio","Ichnin","consumer"
"Julierpaß bei Bivio","Hruber","consumer"
"La Massane","Chalci","consumer"
"La Massane","Ichnin","consumer"
"La Massane","Ccruxx","consumer"
"Albulapaß nr. Paßhöhe","Ichnin","consumer"
"Albulapaß nr. Paßhöhe","Hruber","consumer"
"Juppa","Peuura","consumer"
"Zillis","Enobbe","consumer"
"Urdenbach, Urdenbacher Kämpe","Ealbit","consumer"
"Urdenbach, Urdenbacher Kämpe","Pnemat","consumer"
"Urdenbach, Urdenbacher Kämpe","Bdisco","consumer"
"Urdenbach, Urdenbacher Kämpe","Llugen","consumer"
"Grietherbusch / Dornick","Pdolic","consumer"
"Grietherbusch / Dornick","Bconju","consumer"
"Grietherbusch / Dornick","Bdisco","consumer"
"Grietherbusch / Dornick","Bracin","consumer"
"Hartheim","Bdisco","consumer"
"Hartheim","Llugen","consumer"
"Hartheim","Svesic","consumer"
"Urdenbach, Urdenbacher Kämpe","Celong","consumer"
"Urdenbach, Urdenbacher Kämpe","Eanali","consumer"
"Urdenbach, Urdenbacher Kämpe","Ichnin","consumer"
"Grietherbusch / Dornick","Celong","consumer"
"Urdenbach, Urdenbacher Kämpe","Polybl","consumer"
"Honau","Ichnin","consumer"
"Honau","Ibrevi","consumer"
"Etzen","Esalic","consumer"
"Etzen","Mvesic","consumer"
"Rheinau","Ibrevi","consumer"
"Honau","Adelog","consumer"
"Honau","Apusil","consumer"
"Honau","Celong","consumer"
"Zillis","Ialter","consumer"
"Zillis","Aacumi","consumer"
"Zillis","Bimmut","consumer"
"Zillis","Ichnin","consumer"
"Zillis","Esalic","consumer"
"Hartheim","Eacicu","consumer"
"Hartheim","Bbrevi","consumer"
"Hartheim","Bimmut","consumer"
"Hartheim","Bracin","consumer"
"Hartheim","Pnemat","consumer"
"Hartheim","Eurozo","consumer"
"Hartheim","Aminim","consumer"
"Rheinau","Bepitr","consumer"
"Rheinau","Aminim","consumer"
"Rheinau","Bconju","consumer"
"Rheinau","Binter","consumer"
"Honau","Bdisco","consumer"
"Honau","Llugen","consumer"
"Ried / Oberinntal","Aacumi","consumer"
"Ried / Oberinntal","Esalic","consumer"
"Ried / Oberinntal","Pdolic","consumer"
"Ried / Oberinntal","Chalci","consumer"
"Ried / Oberinntal","Svesic","consumer"
"Zillis","Aalvea","consumer"
"Montespluga","Pdolic","consumer"
"Montespluga","Chalci","consumer"
"Montespluga","Bkopel","consumer"
"Montespluga","Broman","consumer"
"Montespluga","Svesic","consumer"
"Lago di Lei","Pponta","consumer"
"Julierpaß bei Bivio","Bkopel","consumer"
"Fluela-Paß","Chalci","consumer"
"Fluela-Paß","Llugen","consumer"
"Juppa","Bkopel","consumer"
"Juppa","Bimmut","consumer"
"Juppa","Spygid","consumer"
"Julierpaß bei Bivio","Peuura","consumer"
"Hartheim","Bkopel","consumer"
"Hartheim","Celong","consumer"
"Hartheim","Ichnin","consumer"
"Zillis","Celong","consumer"
"Zwettl","Strico","consumer"
"Honau","Bracin","consumer"
"N.-Varanger, Sandfjord, Fjell","Ichnin","consumer"
"Lofot, Grunnfjord","Pdolic","consumer"
"Lofot, Grunnfjord","Chalci","consumer"
"Lofot, Grunnfjord","Svesic","consumer"
"Lofot, Grunnfjord","Hruber","consumer"
"S.-Varanger, Vaggatem, Gjökasen","Pdolic","consumer"
"S.-Varanger, Vaggatem, Gjökasen","Chalci","consumer"
"S.-Varanger, Vaggatem, Gjökasen","Svesic","consumer"
"Skutevik","Svesic","consumer"
"S.-Varanger, Vaggatem, Gjökasen","Eacicu","consumer"
"Polarkreis I","Peuura","consumer"
"Lofot, Austvagoya, Moksnes","Chalci","consumer"
"Vikafjell bei Viksöyri II","Chalci","consumer"
"Großgerungs","Esalic","consumer"
"Großgerungs","Pdolic","consumer"
"Großgerungs","Peuura","consumer"
"Großgerungs","Chalci","consumer"
"Dovrefjell","Ssubar","consumer"
"Lakselv / Stabursnes","Lpunct","consumer"
"Lakselv / Stabursnes","Bracin","consumer"
"Lakselv / Stabursnes","Ssubar","consumer"
"Alta","Strico","consumer"
"Lakselv / Stabursnes","Sborea","consumer"
"N.-Varanger, Tanabru","Celong","consumer"
"N.-Varanger, Tanabru","Lpunct","consumer"
"S.-Varanger, Ferdesmyra","Eanali","consumer"
"N.-Varanger, Reppen","Celong","consumer"
"N.-Varanger, Reppen","Lpunct","consumer"
"S.-Varanger, Storskog","Celong","consumer"
"S.-Varanger, Storskog","Atroch","consumer"
"S.-Varanger, Storskog","Ichnin","consumer"
"S.-Varanger, Nyrud","Lalpiu","consumer"
"S.-Varanger, Vaggatem, Elentj.","Celong","consumer"
"S.-Varanger, Vaggatem, Elentj.","Ichnin","consumer"
"S.-Varanger, Nyrud","Strico","consumer"
"S.-Varanger, Vaggatem","Apusil","consumer"
"S.-Varanger, Vaggatem","Mesole","consumer"
"S.-Varanger, Vaggatem","Smorle","consumer"
"S.-Varanger, Vaggatem","Srenov","consumer"
"Lapphaugen bei Bardu","Atroch","consumer"
"Lapphaugen bei Bardu","Etaige","consumer"
"Ifjordfjellet / Gilojokka","Celong","consumer"
"Ifjordfjellet / Gilojokka","Eclytu","consumer"
"Ifjordfjellet / Gilojokka","Ssubar","consumer"
"Lofot, Austvagoya, Morfjord","Celong","consumer"
"Lofot, Austvagoya, Morfjord","Apusil","consumer"
"Kilpisjärvi","Ssubar","consumer"
"Lofot, Austvagoya, Rörvika","Srenov","consumer"
"Vikafjell bei Viksöyri II","Ichnin","consumer"
"Vikafjell bei Viksöyri","Apusil","consumer"
"Skogan","Celong","consumer"
"Skogan","Ssubar","consumer"
"Seljestad bei Odda","Apusil","consumer"
"Lofot, Flakstad, Flakstad","Apusil","consumer"
"Lofot, Flakstad, Flakstad","Coreop","consumer"
"Polarkreis I","Apusil","consumer"
"Polarkreis I","Snigri","consumer"
"Skutevik","Cdorsa","consumer"
"Seljestad bei Odda","Lpunct","consumer"
"Skutevik","Lpunct","consumer"
"Olderfjord / Hatter","Chalci","consumer"
"Altenstadt, Nidder","Esalic","consumer"
"Hartheim","Ealbit","consumer"
"Defereggental, Stalleralm","Cgraci","consumer"
"Defereggental, Stalleralm","Slappo","consumer"
"Hohe Tauern, Kals","Chalci","consumer"
"Defereggental, St. Jakob, Trojer Alm","Ichnin","consumer"
"Defereggental, St. Jakob, Trojer Alm","Hruber","consumer"
"Luxembourg","Chalci","consumer"
"Luxembourg","Broman","consumer"
"Luxembourg","Bracin","consumer"
"Kiel, Dietrichsdorf","Celong","consumer"
"Kiel, Dietrichsdorf","Smorle","consumer"
"Defereggental, Erlsbach","Apusil","consumer"
"Defereggental, Erlsbach","Ichnin","consumer"
"Defereggental, St. Jakob, Trojer Alm","Celong","consumer"
"Defereggental, Erlsbach","Celong","consumer"
"Defereggental, St. Jakob, Trojer Alm","Adelog","consumer"
"Defereggental, Oberhausalpe","Adelog","consumer"
"Defereggental, Erlsbach","Adelog","consumer"
"Hohe Tauern, Kals","Adelog","consumer"
"Defereggental, Stalleralm","Adelog","consumer"
"Weißenbach","Chalci","consumer"
"Weißenbach","Ccruxx","consumer"
"Ramsau, Silberklamm","Etorym","consumer"
"Ramsau, Silberklamm","Chalci","consumer"
"Ramsau, Silberklamm","Eacicu","consumer"
"Ramsau, Silberklamm","Svesic","consumer"
"Ramsau, Silberklamm","Ccruxx","consumer"
"Schönfeld, Dr. Josef Mehrlhütte","Pdolic","consumer"
"Schönfeld, Dr. Josef Mehrlhütte","Chalci","consumer"
"Schönfeld, Dr. Josef Mehrlhütte","Svesic","consumer"
"Schönfeld, Dr. Josef Mehrlhütte","Bracin","consumer"
"Usedom, Görmitz","Chalci","consumer"
"Usedom, Görmitz","Bepitr","consumer"
"Usedom, Ziemitz","Pdolic","consumer"
"Usedom, Ziemitz","Chalci","consumer"
"Usedom, Ziemitz","Bracin","consumer"
"Usedom, Ziemitz","Svesic","consumer"
"Usedom, Ziemitz","Ccruxx","consumer"
"Wüstensachsen, NWR Stirnberg","Celong","consumer"
"Wüstensachsen, NWR Stirnberg","Apusil","consumer"
"Wüstensachsen, NWR Stirnberg","Smorle","consumer"
"Waldverchs","Celong","consumer"
"Waldverchs","Adelog","consumer"
"Waldverchs","Ichnin","consumer"
"Waldverchs","Apusil","consumer"
"Waldverchs","Bracin","consumer"
"Schladming, Untertal","Celong","consumer"
"Ramsau, Silberklamm","Celong","consumer"
"Ramsau, Silberklamm","Adelog","consumer"
"Ramsau, Silberklamm","Smorle","consumer"
"Schladming, Untertal, Riesachfälle","Celong","consumer"
"Schladming, Untertal, Riesachfälle","Adelog","consumer"
"Weißenbach","Celong","consumer"
"Weißenbach","Ppumil","consumer"
"Ramsau, Silberklamm","Strico","consumer"
"Usedom, Trassenheide","Celong","consumer"
"Usedom, Trassenheide","Bracin","consumer"
"Usedom, Zempin, Lüttendorf","Strico","consumer"
"Möggingen","Celong","consumer"
"Möggingen","Chalci","consumer"
"Dettingen","Celong","consumer"
"Hegne nr. Allensbach","Celong","consumer"
"Kiel, Dietrichsdorf","Eanali","consumer"
"Schwarzwald, Altglashütten","Celong","consumer"
"Schwarzwald, Altglashütten","Apusil","consumer"
"Hartheim","Apusil","consumer"
"Hartheim","Ppumil","consumer"
"Wüstensachsen, NWR Stirnberg","Etoxon","consumer"
"Östersund","Ichnin","consumer"
"Östersund","Celong","consumer"
"Storuman","Ichnin","consumer"
"Storuman","Eacicu","consumer"
"Storuman","Pdolic","consumer"
"Storuman","Bracin","consumer"
"Storuman","Acubic","consumer"
"Storuman","Ppumil","consumer"
"Storuman","Adelog","consumer"
"Fauske","Ichnin","consumer"
"Lofot, Austvagoya, Morfjord","Pdolic","consumer"
"Lofot, Austvagoya, Morfjord","Chalci","consumer"
"Lofot, Austvagoya, Morfjord","Svesic","consumer"
"Lofot, Austvagoya, Morfjord","Ichnin","consumer"
"Lofot, Austvagoya, Morfjord","Bracin","consumer"
"Lofot, Austvagoya, Delp","Apusil","consumer"
"Lofot, Austvagoya, Delp","Croman","consumer"
"Lofot, Austvagoya, Delp","Chalci","consumer"
"Lofot, Flakstad, Flakstad","Ichnin","consumer"
"Misvaerfjorden, Misvaer","Etorym","consumer"
"Misvaerfjorden, Misvaer","Pdolic","consumer"
"Tennholmfjorden, Gimstad","Ichnin","consumer"
"Lofot, Vestvagoy, Torvdalen","Eacicu","consumer"
"Lofot, Vestvagoy, Torvdalen","Chalci","consumer"
"Steinamoen","Chalci","consumer"
"Steinamoen","Celong","consumer"
"Hammer","Lpunct","consumer"
"Leira nr. Trondheim","Cdorsa","consumer"
"Leira nr. Trondheim","Croman","consumer"
"Leira nr. Trondheim","Lpunct","consumer"
"Leira nr. Trondheim","Ichnin","consumer"
"Leira nr. Trondheim","Chalci","consumer"
"Leira nr. Trondheim","Svesic","consumer"
"Berkak","Bracin","consumer"
"Berkak","Smorle","consumer"
"Berkak","Strico","consumer"
"Dovrefjell, Grönbakken","Eacicu","consumer"
"Dovrefjell, Grönbakken","Etorym","consumer"
"Dovrefjell, Grönbakken","Chalci","consumer"
"Dovrefjell, Grönbakken","Ichnin","consumer"
"Dovrefjell, Grönbakken","Celong","consumer"
"Dovrefjell, Grönbakken","Bracin","consumer"
"Dovrefjell, Grönbakken","Broman","consumer"
"Tretten, Nordbu nr. Ringebu","Ichnin","consumer"
"Peer Gynt veien I","Broman","consumer"
"Peer Gynt veien I","Acubic","consumer"
"Peer Gynt veien I","Svesic","consumer"
"Peer Gynt veien I","Ichnin","consumer"
"Peer Gynt veien II","Cflavi","consumer"
"Peer Gynt veien III","Eacicu","consumer"
"Peer Gynt veien III","Chalci","consumer"
"Peer Gynt veien III","Bracin","consumer"
"Peer Gynt veien III","Svesic","consumer"
"Peer Gynt veien III","Ichnin","consumer"
"Kjölen nr. Halden","Peuura","consumer"
"Kjölen nr. Halden","Chalci","consumer"
"Kjölen nr. Halden","Ichnin","consumer"
"Kjölen nr. Halden","Celong","consumer"
"Kjölen nr. Halden","Broman","consumer"
"Süder-Friedrichs-Koog","Chalci","consumer"
"Süder-Friedrichs-Koog","Ccruxx","consumer"
"Katinger Watt","Bracin","consumer"
"Horn / Bodensee / Gnadensee","Chalci","consumer"
"Horn / Bodensee / Gnadensee","Svesic","consumer"
"Horn / Bodensee / Gnadensee","Ccruxx","consumer"
"Neuwilen, Bommer Weiher","Pdolic","consumer"
"Neuwilen, Bommer Weiher","Chalci","consumer"
"Neuwilen, Bommer Weiher","Ccruxx","consumer"
"Radolfzell, Mettnau","Chalci","consumer"
"Radolfzell, Mettnau","Ccruxx","consumer"
"Andelshofen","Chalci","consumer"
"Andelshofen","Ccruxx","consumer"
"Rügen, Bergen / Kaiseritz","Chalci","consumer"
"Rügen, Bergen / Kaiseritz","Ccruxx","consumer"
"Rügen, Glowitz","Chalci","consumer"
"Rügen, Glowitz","Bimmut","consumer"
"Rügen, Glowitz","Ccruxx","consumer"
"Rügen, Neukamp","Chalci","consumer"
"Rügen, Neukamp","Bimmut","consumer"
"Rügen, Neukamp","Bkopel","consumer"
"Rügen, Neukamp","Bracin","consumer"
"Rügen, Neukamp","Ccruxx","consumer"
"Modrus","Eacicu","consumer"
"Modrus","Chalci","consumer"
"Modrus","Ichnin","consumer"
"St. Ulrichs","Aacumi","consumer"
"St. Ulrichs","Esalic","consumer"
"St. Ulrichs","Chalci","consumer"
"Etzen","Aacumi","consumer"
"Pretrobruck","Aacumi","consumer"
"Pretrobruck","Chalci","consumer"
"Rastenfeld","Esalic","consumer"
"Rastenfeld","Chalci","consumer"
"St. Peter-Ording","Eurozo","consumer"
"St. Peter-Ording","Pcynip","consumer"
"St. Peter-Ording","Torymu","consumer"
"St. Peter-Ording","Gornat","consumer"
"Weinfelden / Thur","Ireuni","consumer"
"Radolfzell, Mettnau","Ireuni","consumer"
"Weinfelden / Thur","Celong","consumer"
"Radolfzell, Mindelsee","Ireuni","consumer"
"Radolfzell, Mindelsee","Smorle","consumer"
"Markelfingen / Schlafbach","Celong","consumer"
"Hegne nr. Allensbach","Apusil","consumer"
"Radolfzell, Mindelsee","Celong","consumer"
"Neuwilen, Bommer Weiher","Celong","consumer"
"Kattenhorn nr. Wangen / Bodensee /Untersee","Celong","consumer"
"Kattenhorn nr. Wangen / Bodensee /Untersee","Ireuni","consumer"
"Hegne nr. Allensbach","Chalci","consumer"
"Hegne nr. Allensbach","Ireuni","consumer"
"Markelfingen / Schlafbach","Chalci","consumer"
"Skaerbaek","Celong","consumer"
"Tondern","Celong","consumer"
"Rastenfeld","Celong","consumer"
"Rügen, Glowitz","Apusil","consumer"
"Rügen, Bergen / Kaiseritz","Cvarie","consumer"
"Rügen, Bergen / Kaiseritz","Celong","consumer"
"Rügen, Bergen / Kaiseritz","Smorle","consumer"
"Rügen, Zittvitz","Apusil","consumer"
"Rügen, Neuensien","Apusil","consumer"
"Rügen, Bergen / Kaiseritz","Apusil","consumer"
"Rügen, Bergen / Kaiseritz","Ichnin","consumer"
"Rügen, Neuensien","Celong","consumer"
"Rügen, Dolgemost","Celong","consumer"
"Rügen, Dolgemost","Ireuni","consumer"
"Rügen, Bergen / Nonnenweiher","Celong","consumer"
"Rügen, Kiekut","Celong","consumer"
"Rügen, Kiekut","Apusil","consumer"
"Rügen, Glowitz","Ecalca","consumer"
"Rügen, Glowitz","Strico","consumer"
"Rügen, Stedar","Celong","consumer"
"Rügen, Stedar","Apusil","consumer"
"Rügen, Neukamp","Celong","consumer"
"Rügen, Neukamp","Apusil","consumer"
"Rügen, Stedar","Smorle","consumer"
"Rügen, Bergen / Nonnenweiher","Apusil","consumer"
"Waldreichs","Celong","consumer"
"Waldreichs","Apusil","consumer"
"Waldreichs","Ichnin","consumer"
"Palanga","Eacicu","consumer"
"Palanga","Chalci","consumer"
"Palanga","Bracin","consumer"
"Kiduliai nr. Jurbarkas","Svesic","consumer"
"Kiduliai nr. Jurbarkas","Eacicu","consumer"
"nr. Rociskiai","Chalci","consumer"
"Nymindegab","Esalic","consumer"
"Nymindegab","Chalci","consumer"
"Vejersstrand","Esalic","consumer"
"Markelfingen","Celong","consumer"
"Markelfingen / Schlafbach","Ichnin","consumer"
"Radolfzell, Mettnau","Celong","consumer"
"Markelfingen","Chalci","consumer"
"Markelfingen","Adelog","consumer"
"Hegne nr. Allensbach","Adelog","consumer"
"Grafenschlag","Celong","consumer"
"Grafenschlag","Adelog","consumer"
"nr. Grabnik","Celong","consumer"
"nr. Grabnik","Ichnin","consumer"
"Siluva","Celong","consumer"
"Sudargas","Celong","consumer"
"Jurbarkas","Celong","consumer"
"Kiduliai nr. Jurbarkas","Celong","consumer"
"Jurbarkas","Adelog","consumer"
"Sudargas","Adelog","consumer"
"nr. Rociskiai","Adelog","consumer"
"Palanga","Celong","consumer"
"Palanga","Adelog","consumer"
"Raudone","Celong","consumer"
"Walcz","Celong","consumer"
"Walcz","Adelog","consumer"
"Dabrowka nr. Mikolaiken","Celong","consumer"
"Dabrowka nr. Mikolaiken","Adelog","consumer"
"nr. Rociskiai","Celong","consumer"
"Neringa, Juodkrante","Celong","consumer"
"Neringa, Juodkrante","Adelog","consumer"
"Nemirseta nr. Palanga","Adelog","consumer"
"Skagen","Svesic","consumer"
"St. Peter-Ording","Bracin","consumer"
"Langen-Bergheim","Celong","consumer"
"Langen-Bergheim","Apusil","consumer"
"Bodman, Stockenloch","Apusil","consumer"
"Radolfzell, Markelfingen, Hornhalde","Celong","consumer"
"Radolfzell, Mettnau","Apusil","consumer"
"Radolfzell, Mindelsee","Strico","consumer"
"Radolfzell, Markelfingen, Hornhalde","Apusil","consumer"
"Mühlhofen, Alseweiher","Celong","consumer"
"Gebhardsweiler, Mühlhofen","Apusil","consumer"
"Eigeltingen","Apusil","consumer"
"Ötztal, Vent/ Gample","Apusil","consumer"
"Ötztal, Zwieselstein","Celong","consumer"
"Ötztal, Sölden/ Windache","Celong","consumer"
"Sulztal, Gries","Apusil","consumer"
"Sulztal, Gries","Celong","consumer"
"Ötztal, Hochgurgl","Celong","consumer"
"Ötztal, Hochgurgl","Strico","consumer"
"Klausdorf, Schwentine","Pdolic","consumer"
"Klausdorf, Schwentine","Ccruxx","consumer"
"Langen-Bergheim","Pdolic","consumer"
"Langen-Bergheim","Bracin","consumer"
"Langen-Bergheim","Svesic","consumer"
"Langen-Bergheim","Ccruxx","consumer"
"Röros","Pdolic","consumer"
"Röros","Ichnsp","consumer"
"Röros","Svesic","consumer"
"Röros","Latole","consumer"
"Skjölden","Pdolic","consumer"
"Skjölden","Sgranu","consumer"
"Kvamskogen","Chalci","consumer"
"Kvamskogen","Svesic","consumer"
"Röros","Eacicu","consumer"
"Nigardsbreen nr. Gaupne","Esalic","consumer"
"Nigardsbreen nr. Gaupne","Chalci","consumer"
"Jotunheimen, Krossbu","Pdolic","consumer"
"Jotunheimen, Krossbu","Chalci","consumer"
"Jotunheimen, Krossbu","Svesic","consumer"
"St. Peter-Ording","Bracsp","consumer"
"Nymindegab","Torymu","consumer"
"Limeshain, Rommelhausen","Apusil","consumer"
"Meldal, Resvatnet","Celong","consumer"
"Meldal, Resvatnet","Efront","consumer"
"Meldal, Resvatnet","Rbrach","consumer"
"Rondane Nationalpark, Solvang","Celong","consumer"
"Peer Gynt veien III","Slappo","consumer"
"Röros","Celong","consumer"
"Röros","Chalci","consumer"
"Kvamskogen","Celong","consumer"
"Kvamskogen","Adelog","consumer"
"Kvamskogen","Smorle","consumer"
"Kvamskogen","Saotis","consumer"
"Kvamskogen","Latole","consumer"
"Hordalia nr. Röldal","Lpunct","consumer"
"Meldal, Resvatnet","Ctenoc","consumer"
"Skutevik","Adelog","consumer"
"Aldino","Chalci","consumer"
"Aldino","Svesic","consumer"
"Aldino","Aminim","consumer"
"Nymindegab","Tetras","consumer"
"Nymindegab","Bracsp","consumer"
"Truden","Celong","consumer"
"Passo di Mendola nr. Kaltern","Bracin","consumer"
"Passo di Mendola nr. Kaltern","Cflavi","consumer"
"Bletterbachschlucht nr.Aldino","Chalci","consumer"
"Aldino","Celong","consumer"
"Preetz, Postsee","Celong","consumer"
"Klausdorf, Schwentine","Smorle","consumer"
"Kiel, Langsee","Apusil","consumer"
"Preetz, Postsee","Apusil","consumer"
"Kiel, Langsee","Celong","consumer"
"Langen-Bergheim","Chalci","consumer"
"Langen-Bergheim","Ichnin","consumer"
"Born, Darß","Celong","consumer"
"Born, Darß","Apusil","consumer"
"Born, Darß","Dstram","consumer"
"Blavand","Celong","consumer"
"Nymindegab","Celong","consumer"
"Vejersstrand","Celong","consumer"
"Peer Gynt veien, Hattal","Celong","consumer"
"Peer Gynt veien III","Apusil","consumer"
"Meldal, Resvatnet","Apusil","consumer"
"Meldal, Resvatnet","Ichnin","consumer"
"Peer Gynt veien, Gala","Celong","consumer"
"Peer Gynt veien, Gala","Apusil","consumer"
"Peer Gynt veien III","Celong","consumer"
"Meldal, Resvatnet","Sborea","consumer"
"Meldal, Resvatnet","Snigri","consumer"
"Hordalia nr. Röldal","Celong","consumer"
"Hordalia nr. Röldal","Apusil","consumer"
"Hordalia nr. Röldal","Ichnin","consumer"
"Store Bjornvatn","Apusil","consumer"
"Sunnylvsfjorden nr Royr, Stranda","Ichnin","consumer"
"Griesheim bei Darmstadt","Ovimin","resource"
"Griesheim bei Darmstadt","Ogalla","resource"
"Griesheim bei Darmstadt","Obridg","resource"
"Griesheim bei Darmstadt","Ovesic","resource"
"Kühkopf, Mordhecke III","Oproxi","resource"
"Kühkopf, Mordhecke III","Ovimin","resource"
"Griesheim bei Darmstadt","Oviril","resource"
"Griesheim bei Darmstadt","Opedun","resource"
"Taunus, Usingen","Oproxi","resource"
"Taunus, Usingen","Ogalla","resource"
"Ötztal, Obergurgl","Ohasta","resource"
"Ötztal, Obergurgl","Ovaria","resource"
"Obergoms, Obergesteln","Oviril","resource"
"Taunus, Usingen","Obridg","resource"
"Griesheim bei Darmstadt","Hangli","resource"
"Obergoms, Obergesteln","Otrian","resource"
"Obergoms, Obergesteln","Oadaph","resource"
"Gramai-Alm","Oelaea","resource"
"Gramai-Alm","Okriec","resource"
"Gramai-Alm","Oadaph","resource"
"Falzthurn-Alm","Okriec","resource"
"Falzthurn-Alm","Oelaea","resource"
"Falzthurn-Alm","Ovesic","resource"
"Falzthurn-Alm","Ovimin","resource"
"Falzthurn-Alm","Ovaria","resource"
"Falzthurn-Alm","Oadaph","resource"
"Kühkopf, Mordhecke III","Oviril","resource"
"Obertauern I","Onigri","resource"
"Obertauern I","Ovaria","resource"
"Obertauern I","Omonti","resource"
"Obertauern I","Ofoeti","resource"
"Obertauern I","Oobscu","resource"
"Obertauern I","Egemmf","resource"
"Ötztal, Obergurgl","Onival","resource"
"Taunus, Oberreiffenberg","Ogalla","resource"
"Obertauern I","Hischn","resource"
"Obertauern I","Emyrsi","resource"
"Obertauern I","Ehasta","resource"
"Falzthurn-Alm","Eelaea","resource"
"Gramai-Alm","Eelaea","resource"
"Ötztal, Obergurgl","Hplicg","resource"
"Ötztal, Obergurgl","Ehasta","resource"
"Taunus, Oberreiffenberg","Emucro","resource"
"Ötztal, Vent/ Rofental","Egemmh","resource"
"Ötztal, Obergurgl","Eboreo","resource"
"Obertauern I","Obridg","resource"
"Murtal, Muhr, Kraftwerk","Eelaea","resource"
"Obergoms, Oberwald","Epurpu","resource"
"Obergoms, Oberwald","Ovesic","resource"
"Mattertal, Täsch","Ovimin","resource"
"Mattertal, Täsch","Epurpu","resource"
"Mattertal, Täsch","Oadaph","resource"
"Obergoms, Obergesteln","Edaphn","resource"
"Obergoms, Obergesteln","Ovesic","resource"
"Obergoms, Obergesteln","Epurpu","resource"
"Nufenenpaß, Val de Bedretto I","Okriec","resource"
"Nufenenpaß, Val de Bedretto I","Ovesic","resource"
"Nufenenpaß, Val de Bedretto I","Eelaea","resource"
"Nufenenpaß, Val de Bedretto I","Epurpu","resource"
"Nufenenpaß, Val de Bedretto I","Ovimin","resource"
"Nufenenpaß, Val de Bedretto II","Eelaea","resource"
"Nufenenpaß, Val de Bedretto II","Okriec","resource"
"Obergoms, Oberwald","Edaphn","resource"
"Obergoms, Oberwald","Oadaph","resource"
"Kühkopf, Mordhecke III","Eatraa","resource"
"Kühkopf, Mordhecke III","Eangus","resource"
"Griesheim bei Darmstadt","Epurpu","resource"
"Mörfelden, Baggersee","Hpolit","resource"
"Griesheim bei Darmstadt","Hpolit","resource"
"Mörfelden, Baggersee","Hoblit","resource"
"Mörfelden, Baggersee","Hleuca","resource"
"Obertauern I","Oadaph","resource"
"Obergoms, Obergesteln","Hpolit","resource"
"Taunus, Usingen","Halien","resource"
"Taunus, Usingen","Hleuca","resource"
"Taunus, Usingen","Eatraa","resource"
"Mörfelden, Baggersee","Eatraa","resource"
"Obergoms, Obergesteln","Hplicd","resource"
"Obertauern I","Hplicd","resource"
"Ötztal, Vent/ Rofental","Ovaria","resource"
"Griesheim bei Darmstadt","Hpruss","resource"
"Griesheim bei Darmstadt","Hleuca","resource"
"Ötztal, Obergurgl","Epurpu","resource"
"Etzen","Eweiff","resource"
"Etzen","Eaurit","resource"
"Obertauern III","Ofoeti","resource"
"Etzen","Ocolla","resource"
"Obertauern III","Obridg","resource"
"Rappottenstein, Edmühle, (Kamputer)","Etesta","resource"
"Obertauern III","Oobscu","resource"
"Bad Ischl","Etesta","resource"
"Annaberg","Eelaea","resource"
"Ötztal, Vent/ Rofental","Omacul","resource"
"Obertauern III","Eappen","resource"
"Arbesbach I","Eaurit","resource"
"Arbesbach I","Emucro","resource"
"Arbesbach II","Eaurit","resource"
"Arbesbach II","Emucro","resource"
"Arbesbach III","Eaurit","resource"
"Arbesbach III","Emucro","resource"
"Zillis","Okriec","resource"
"Zillis","Ovimin","resource"
"Zillis","Ovesic","resource"
"Zillis","Evenus","resource"
"Zillis","Edaphn","resource"
"Zillis","Enigri","resource"
"Zillis","Hischn","resource"
"Zillis","Eelaea","resource"
"Ried / Oberinntal","Etesta","resource"
"Zillis","Hleuco","resource"
"St. Ulrichs","Eciner","resource"
"Pretrobruck","Eaurit","resource"
"Kühkopf, Mordhecke I","Ovimin","resource"
"Kühkopf, Mordhecke I","Ovesic","resource"
"Kühkopf, Mordhecke I","Opedun","resource"
"Kühkopf, Mordhecke I","Obella","resource"
"Kühkopf, Mordhecke I","Oproxi","resource"
"Kühkopf, Mordhecke I","Obridg","resource"
"Steinkjer","Onigri","resource"
"Steinkjer","Obridg","resource"
"Steinkjer","Ovaria","resource"
"Kühkopf, Mordhecke I","Oviril","resource"
"Kühkopf, Mordhecke I","Hpruss","resource"
"Kühkopf, Mordhecke I","Eatraa","resource"
"Kühkopf, Mordhecke I","Hpolit","resource"
"Dovrefjell","Odolic","resource"
"Dovrefjell","Oarcti","resource"
"Korgfjellet","Oglauc","resource"
"Korgfjellet","Onival","resource"
"Korgfjellet","Oglabr","resource"
"Korgfjellet","Oretic","resource"
"Lofot, Laubstad","Oglauc","resource"
"Lofot, Laubstad","Onival","resource"
"Lofot, Laubstad","Olappo","resource"
"Polarkreis I","Olappo","resource"
"Polarkreis I","Oherba","resource"
"Korgfjellet","Ohasta","resource"
"Limeshain, Rommelhausen","Opedun","resource"
"Limeshain, Rommelhausen","Otrian","resource"
"Tretten, Nordbu nr. Ringebu","Oarcti","resource"
"Peer Gynt veien I","Oglabr","resource"
"Peer Gynt veien I","Onival","resource"
"Peer Gynt veien I","Ohasta","resource"
"Tretten, Nordbu nr. Ringebu","Onival","resource"
"Tretten, Nordbu nr. Ringebu","Olappo","resource"
"Tretten, Nordbu nr. Ringebu","Olappl","resource"
"Skoganvatnet","Opustu","resource"
"Skoganvatnet","Ovaria","resource"
"Korgfjellet","Olappo","resource"
"Alta, Baeskades","Oglabr","resource"
"Alta, Baeskades","Onival","resource"
"Alta, Baeskades","Osamol","resource"
"Alta, Baeskades","Oarcti","resource"
"Kilpisjärvi","Oarcti","resource"
"Alta, Baeskades","Oherba","resource"
"Kilpisjärvi","Ohasta","resource"
"Kilpisjärvi","Osamol","resource"
"Kilpisjärvi","Ehasta","resource"
"Kilpisjärvi","Olappo","resource"
"Kilpisjärvi","Elappo","resource"
"Polarkreis I","Elappo","resource"
"Polarkreis I","Elappc","resource"
"Korgfjellet","Omyrsi","resource"
"Korgfjellet","Ospeit","resource"
"Korgfjellet","Elappc","resource"
"Korgfjellet","Elappo","resource"
"Dovrefjell","Omyrsi","resource"
"Jotunheimen, Breiseterdalen","Omyrsi","resource"
"Röldal","Oherba","resource"
"Peer Gynt veien I","Olappo","resource"
"Peer Gynt veien I","Olappl","resource"
"Peer Gynt veien I","Opustu","resource"
"Garguluobbal, Karasjok","Oarcti","resource"
"Kilpisjärvi","Odolic","resource"
"Polarkreis, Krokstrand","Oglabr","resource"
"Polarkreis, Krokstrand","Onival","resource"
"Polarkreis, Krokstrand","Ovaria","resource"
"Polarkreis, Krokstrand","Olappo","resource"
"Polarkreis, Krokstrand","Osamol","resource"
"Polarkreis, Krokstrand","Elappo","resource"
"Polarkreis, Krokstrand","Olappl","resource"
"Korgfjellet","Osamol","resource"
"Korgfjellet","Olappl","resource"
"Korgfjellet","Eboreo","resource"
"Dovrefjell","Elappo","resource"
"Dovrefjell","Olappo","resource"
"Dovrefjell","Olappl","resource"
"Dovrefjell","Osamol","resource"
"Dovrefjell","Onival","resource"
"Jotunheimen, Breiseterdalen","Eboreo","resource"
"Jotunheimen, Breiseterdalen","Onival","resource"
"Jotunheimen, Breiseterdalen","Oglauc","resource"
"Jotunheimen, Breiseterdalen","Elappo","resource"
"Jotunheimen, Breiseterdalen","Elappc","resource"
"Jotunheimen, Breiseterdalen","Osamol","resource"
"Jotunheimen, Breiseterdalen","Olappo","resource"
"Jotunheimen, Breiseterdalen","Olappl","resource"
"Alta, Baeskades","Elappo","resource"
"Alta, Baeskades","Olappl","resource"
"Alta, Baeskades","Eboreo","resource"
"Polarkreis II","Hacuti","resource"
"Polarkreis I","Oglauc","resource"
"Polarkreis I","Onival","resource"
"Polarkreis I","Olappl","resource"
"Polarkreis I","Hplicl","resource"
"Polarkreis, Krokstrand","Elappc","resource"
"Polarkreis, Krokstrand","Eboreo","resource"
"Polarkreis II","Elappc","resource"
"Polarkreis II","Elappo","resource"
"Polarkreis II","Olappl","resource"
"Korgfjellet","Elanat","resource"
"Jotunheimen, Breiseterdalen","Odolic","resource"
"Jotunheimen, Breiseterdalen","Oarcti","resource"
"Jotunheimen, Breiseterdalen","Elanat","resource"
"Jotunheimen, Breiseterdalen","Oglabr","resource"
"Jotunheimen, Breiseterdalen","Etesta","resource"
"Vikafjell bei Viksöyri","Eboreo","resource"
"Vikafjell bei Viksöyri","Onival","resource"
"Vikafjell bei Viksöyri","Elappo","resource"
"Vikafjell bei Viksöyri","Osamol","resource"
"Vikafjell bei Viksöyri","Olappl","resource"
"Vikafjell bei Viksöyri","Elappc","resource"
"Vikafjell bei Viksöyri","Olappo","resource"
"Limeshain, Rommelhausen","Hpolit","resource"
"Limeshain, Rommelhausen","Heryth","resource"
"Limeshain, Rommelhausen","Halien","resource"
"Polarkreis I","Odolic","resource"
"Polarkreis II","Oherba","resource"
"Polarkreis II","Olappo","resource"
"Taernaby / Tjamerev.","Osamol","resource"
"Kilpisjärvi","Elanat","resource"
"Kilpisjärvi","Eboreo","resource"
"Kilpisjärvi","Elappc","resource"
"Kilpisjärvi","Ephyli","resource"
"Polarkreis, Krokstrand","Elanat","resource"
"Polarkreis II","Eboreo","resource"
"Jotunheimen, Breiseterdalen","Hplicg","resource"
"Korgfjellet","Hplicg","resource"
"Limeshain, Rommelhausen","Emucro","resource"
"Dovrefjell","Hnudip","resource"
"Vikafjell bei Viksöyri","Hacuti","resource"
"Kilpisjärvi","Hnudip","resource"
"Kilpisjärvi","Hacuti","resource"
"Kilpisjärvi","Hplicg","resource"
"Polarkreis I","Hplicg","resource"
"Kilpisjärvi","Hischn","resource"
"Kilpisjärvi","Htuber","resource"
"Vikafjell bei Viksöyri","Hplicg","resource"
"Polarkreis I","Hacuti","resource"
"Storuman","Hnudip","resource"
"Storuman","Hacuti","resource"
"Storuman","Opustu","resource"
"Storuman","Hleuco","resource"
"Polarkreis I","Opolar","resource"
"Tretten, Nordbu nr. Ringebu","Eboreo","resource"
"Peer Gynt veien I","Osamol","resource"
"Peer Gynt veien I","Elappo","resource"
"Tretten, Nordbu nr. Ringebu","Elappo","resource"
"Limeshain, Rommelhausen","Hpruss","resource"
"Limeshain, Rommelhausen","Hleuca","resource"
"Tretten, Nordbu nr. Ringebu","Hacuti","resource"
"Tretten, Nordbu nr. Ringebu","Hplicg","resource"
"Vikafjell bei Viksöyri","Hsglau","resource"
"Tretten, Nordbu nr. Ringebu","Hsglau","resource"
"Tretten, Nordbu nr. Ringebu","Hplicl","resource"
"Vikafjell bei Viksöyri","Hslana","resource"
"Vikafjell bei Viksöyri","Hplicl","resource"
"Ötztal, Vent/ Gample","Ohasta","resource"
"Ötztal, Vent/ Gample","Onigri","resource"
"Ötztal, Vent/ Gample","Ovaria","resource"
"Ötztal, Vent/ Gample","Obridg","resource"
"Ötztal, Vent/ Gample","Onival","resource"
"Ötztal, Vent/ Gample","Omacul","resource"
"Ötztal, Vent/ Gample","Ohelve","resource"
"Nufenenpaß, Paßhöhe I","Oretus","resource"
"Nufenenpaß, Paßhöhe I","Omacul","resource"
"Grimselpaß, Grimselsee","Egemmh","resource"
"Ötztal, Vent/ Gample","Hcarin","resource"
"Ötztal, Vent/ Gample","Ehasta","resource"
"Ötztal, Vent/ Gample","Eboreo","resource"
"Ötztal, Vent/ Gample","Egemmh","resource"
"Nufenenpaß, Paßhöhe I","Egemmh","resource"
"Nufenenpaß, Paßhöhe I","Oobscu","resource"
"Nufenenpaß, Paßhöhe I","Oretic","resource"
"Nufenenpaß, Paßhöhe I","Egemmf","resource"
"Pitztal, Nähe Mittelberg","Egemmh","resource"
"Pitztal, Nähe Mittelberg","Hspira","resource"
"Pitztal, Nähe Mittelberg","Obridg","resource"
"Nufenenpaß, Paßhöhe I","Hspirh","resource"
"Obertauern II","Hspira","resource"
"Obertauern II","Ofoeti","resource"
"Obertauern II","Oobscu","resource"
"Obertauern II","Omonti","resource"
"Obertauern II","Egemmf","resource"
"Grimselpaß, Grimselsee","Omacul","resource"
"Grimselpaß, Grimselsee","Eboreo","resource"
"Grimselpaß, Grimselsee","Onival","resource"
"Grimselpaß, Grimselsee","Ohasta","resource"
"Grimselpaß, Grimselsee","Ehasta","resource"
"Ortenberg I","Hoblit","resource"
"Ortenberg I","Hangli","resource"
"Ortenberg I","Hpolit","resource"
"Ortenberg III","Hangli","resource"
"Ortenberg III","Hleuca","resource"
"Taunus, Dorfweil","Obridg","resource"
"Paso di Gavia, Pezzo","Ovimin","resource"
"Paso del Maniva, Dosso Alto","Obridg","resource"
"Nufenenpaß, Paßhöhe I","Ofoeti","resource"
"Nufenenpaß, Paßhöhe I","Ohasta","resource"
"Nufenenpaß, Paßhöhe I","Epurpu","resource"
"Kilianstätten","Hpolit","resource"
"Taunus, Dorfweil","Hpruss","resource"
"Taunus, Dorfweil","Hleuca","resource"
"Mt. Altissimo di Nago","Hsglab","resource"
"Val di Egro, Mt. Tremalzo I","Hsglab","resource"
"Paso del Maniva, Dosso Alto","Hsglab","resource"
"Val Vermiglio, Pellizano","Hpolit","resource"
"Paso di Gavia, Pezzo","Hischn","resource"
"Ötztal, Vent/ Gample","Hplicg","resource"
"Paso di Gavia, Pezzo","Hpolit","resource"
"Mt. Altissimo di Nago","Hspira","resource"
"Ötztal, Vent/ Gample","Hspira","resource"
"Grimselpaß, Grimselsee","Hspirh","resource"
"Grimselpaß, Grimselsee","Hplicg","resource"
"Nufenenpaß, Paßhöhe I","Htuber","resource"
"Kühkopf, Mordhecke II","Hpolit","resource"
"Kühkopf, Mordhecke II","Hpruss","resource"
"Kühkopf, Mordhecke II","Hoblit","resource"
"Kilianstätten","Hangli","resource"
"Nidderau-Heldenbergen","Hangli","resource"
"Ötztal, Vent/ Gample","Hischn","resource"
"Ötztal, Vent/ Gample","Egemmf","resource"
"Pitztal, Nähe Mittelberg","Ehasta","resource"
"Ortenberg I","Oproxi","resource"
"Ortenberg I","Ovimin","resource"
"Skutevik","Eciner","resource"
"Skutevik","Emucro","resource"
"Skutevik","Egemmc","resource"
"Obertauern II","Eelaea","resource"
"Honau","Ovaria","resource"
"Honau","Ovimin","resource"
"Honau","Hoblit","resource"
"Honau","Hpolit","resource"
"Honau","Hpruss","resource"
"Honau","Oproxi","resource"
"Honau","Hangli","resource"
"Skutevik","Oarcti","resource"
"Skutevik","Hanoma","resource"
"Skutevik","Heryth","resource"
"Skutevik","Halien","resource"
"Skutevik","Eaurit","resource"
"Defereggental, Stalleralm","Obridg","resource"
"Hohe Tauern, Kals","Omonti","resource"
"Hohe Tauern, Kals","Oobscu","resource"
"Defereggental, St. Jakob, Trojer Alm","Obridg","resource"
"Defereggental, Erlsbach","Hpolit","resource"
"Defereggental, Erlsbach","Hpurpu","resource"
"Defereggental, Erlsbach","Hspira","resource"
"Defereggental, St. Jakob, Trojer Alm","Hpurpu","resource"
"Defereggental, Erlsbach","Hplicd","resource"
"Defereggental, St. Jakob, Trojer Alm","Hpolit","resource"
"Defereggental, St. Jakob, Trojer Alm","Hspira","resource"
"Defereggental, Oberhausalpe","Hspira","resource"
"Defereggental, St. Jakob, Trojer Alm","Hpscho","resource"
"Hohe Tauern, Kals","Hspira","resource"
"Defereggental, Stalleralm","Hspira","resource"
"Defereggental, Erlsbach","Hischn","resource"
"Ramsau, Silberklamm","Ovaria","resource"
"Ramsau, Silberklamm","Okriec","resource"
"Waldverchs","Hpolit","resource"
"Waldverchs","Hpurpu","resource"
"Waldverchs","Hpruss","resource"
"Waldverchs","Hleuca","resource"
"Waldverchs","Hangli","resource"
"Ramsau, Silberklamm","Hpolit","resource"
"Ramsau, Silberklamm","Hischn","resource"
"Schladming, Untertal, Riesachfälle","Halien","resource"
"Schladming, Untertal, Riesachfälle","Hleuco","resource"
"Schladming, Untertal, Riesachfälle","Hspira","resource"
"Ramsau, Silberklamm","Hspira","resource"
"Ramsau, Silberklamm","Hpurpu","resource"
"Ramsau, Silberklamm","Hplicd","resource"
"Ramsau, Silberklamm","Hpscho","resource"
"Markelfingen","Hpruss","resource"
"Hegne nr. Allensbach","Hleuca","resource"
"Markelfingen","Hleuca","resource"
"Hegne nr. Allensbach","Hpruss","resource"
"Palanga","Oadaph","resource"
"nr. Rociskiai","Etesta","resource"
"Markelfingen","Hleuco","resource"
"Markelfingen","Hoblit","resource"
"Markelfingen","Hpolit","resource"
"Markelfingen","Hanoma","resource"
"Grafenschlag","Hpurpu","resource"
"Sudargas","Hleuca","resource"
"nr. Rociskiai","Hoblit","resource"
"Jurbarkas","Hangli","resource"
"Jurbarkas","Hleuca","resource"
"Sudargas","Hleuco","resource"
"Sudargas","Hpruss","resource"
"Jurbarkas","Hpruss","resource"
"Sudargas","Hanoma","resource"
"Sudargas","Heryth","resource"
"nr. Rociskiai","Hpruss","resource"
"Palanga","Hpruss","resource"
"Walcz","Hanoma","resource"
"Dabrowka nr. Mikolaiken","Hanoma","resource"
"Sudargas","Halien","resource"
"nr. Rociskiai","Hleuca","resource"
"Palanga","Hischn","resource"
"Nemirseta nr. Palanga","Hoblit","resource"
"Neringa, Juodkrante","Hpruss","resource"
"Palanga","Hanoma","resource"
"Nemirseta nr. Palanga","Hleuca","resource"
"Palanga","Hleuca","resource"
"Ötztal, Vent/ Gample","Htuber","resource"
"Kvamskogen","Opustu","resource"
"Kvamskogen","Halien","resource"
"Kvamskogen","Hnudip","resource"
"Kvamskogen","Hleuco","resource"
"Kvamskogen","Hplicl","resource"
"Nymindegab","Ocolla","resource"
"Nymindegab","Obridg","resource"
"Nymindegab","Opedun","resource"
"Preetz, Postsee","Oadaph","resource"
"Preetz, Postsee","Opedun","resource"
"Hennestrand","Ocolla","resource"
"Vejersstrand","Ocolla","resource"
"Norderney","Ocolla","resource"
"Norderney","Oadaph","resource"
"Borkum","Ocolla","resource"
"Bad Aussee","Ovaria","resource"
"Bad Aussee","Okriec","resource"
"Maltatal I","Hplicd","resource"
"Maltatal I","Edaphn","resource"
"Maltatal I","Eelaea","resource"
"Maltatal I","Oadaph","resource"
"Maltatal II","Eelaea","resource"
"Val Divedro, Domodossola","Ovimin","resource"
"Preetz, Postsee","Etesta","resource"
"Preetz, Postsee","Oproxi","resource"
"Preetz, Postsee","Eatraa","resource"
"Schrems-Pürbach","Evenus","resource"
"Schrems-Pürbach","Emucro","resource"
"Preetz, Postsee","Esubge","resource"
"Preetz, Postsee","Egemmc","resource"
"Skagen","Ocolla","resource"
"Skagen","Eweiff","resource"
"Schrems-Pürbach","Eaurit","resource"
"Schrems-Pürbach","Obella","resource"
"Rheinau (Jungwuchs)","Ovimin","resource"
"Rheinau (Jungwuchs)","Ovesic","resource"
"Rheinau","Ovimin","resource"
"Hartheim","Ovimin","resource"
"Rheinau","Oproxi","resource"
"Hartheim","Oproxi","resource"
"Hartheim","Hangli","resource"
"Rheinau","Hpolit","resource"
"Rheinau","Hoblit","resource"
"Hartheim","Ovesic","resource"
"Hartheim","Hoblit","resource"
"Nymindegab","Eweiff","resource"
"Vejersstrand","Eweiff","resource"
"Aldino","Oviril","resource"
"Aldino","Hpurpu","resource"
"Preetz, Postsee","Hleuca","resource"
"Preetz, Postsee","Hpruss","resource"
"Vejersstrand","Hpruss","resource"
"Nymindegab","Hpruss","resource"
"Nymindegab","Hleuca","resource"
"Nymindegab","Hangli","resource"
"Vejersstrand","Hleuca","resource"
"Vejersstrand","Hangli","resource"
"Zillertal, Lanersbach/ Geiselalm","Onigri","resource"
"Zillertal, Lanersbach","Onigri","resource"
"Zillertal, Lanersbach","Oadaph","resource"
"Zillertal, Lanersbach","Ovaria","resource"
"Obergoms, Reckingen","Ovesic","resource"
"Obergoms, Reckingen","Ovimin","resource"
"Obergoms, Reckingen","Oadaph","resource"
"Obergoms, Reckingen","Ohasta","resource"
"Obergoms, Gletsch","Ohelve","resource"
"Obergoms, Gletsch","Omacul","resource"
"Binntal nr. Fiesch","Ofoeti","resource"
"Binntal nr. Fiesch","Ovaria","resource"
"Binntal nr. Fiesch","Oobscu","resource"
"Binntal nr. Fiesch","Omacul","resource"
"Obergoms, Gletsch","Onival","resource"
"Obergoms, Gletsch","Ohasta","resource"
"Ramfjorden","Onorve","resource"
"Obergoms, Gletsch","Oadaph","resource"
"Obergoms, Gletsch","Ovesic","resource"
"Obergoms, Gletsch","Ovimin","resource"
"Obergoms, Gletsch","Oviril","resource"
"Obergoms, Gletsch","Obridg","resource"
"Ramfjorden","Olappo","resource"
"Ramfjorden","Olappl","resource"
"Ramfjorden","Osamol","resource"
"Obergoms, Gletsch","Egemmh","resource"
"Vogelsberg, Hoherodskopf","Obridg","resource"
"Grimselpaß, Räterichsbodensee","Onival","resource"
"S.-Varanger, Vaggatem","Oarcti","resource"
"S.-Varanger, Vaggatem","Ospset","resource"
"S.-Varanger, Vaggatem","Odolic","resource"
"S.-Varanger, Vaggatem","Onorve","resource"
"S.-Varanger, Vaggatem","Onival","resource"
"S.-Varanger, Vaggatem","Osamol","resource"
"S.-Varanger, Vaggatem","Omyrti","resource"
"S.-Varanger, Vaggatem","Emyrti","resource"
"S.-Varanger, Vaggatem","Ovaria","resource"
"S.-Varanger, Vaggatem","Oglabr","resource"
"S.-Varanger, Vaggatem","Elappo","resource"
"S.-Varanger, Vaggatem","Elappc","resource"
"S.-Varanger, Vaggatem","Ohasta","resource"
"Vogelsberg, Hoherodskopf","Opedun","resource"
"Vogelsberg, Hoherodskopf","Hleuco","resource"
"Kiel, Langsee","Opedun","resource"
"Kiel, Langsee","Obridg","resource"
"Vogelsberg, Hoherodskopf","Ogalla","resource"
"Grimselpaß, Räterichsbodensee","Egemmh","resource"
"Grimselpaß, Räterichsbodensee","Hspirh","resource"
"Grimselpaß, Räterichsbodensee","Omacul","resource"
"Grimselpaß, Räterichsbodensee","Ehasta","resource"
"Grimselpaß, Räterichsbodensee","Ohasta","resource"
"Grimselpaß, Räterichsbodensee","Hplicg","resource"
"Seljestad bei Odda","Eboreo","resource"
"Seljestad bei Odda","Elappo","resource"
"Seljestad bei Odda","Osamol","resource"
"Seljestad bei Odda","Elappc","resource"
"Seljestad bei Odda","Olappl","resource"
"Seljestad bei Odda","Olappo","resource"
"Seljestad bei Odda","Hacuti","resource"
"Vogelsberg, Hoherodskopf","Halien","resource"
"Grimselpaß, Räterichsbodensee","Egemmc","resource"
"Schwarzwald, Altglashütten","Emucro","resource"
"Schwarzwald, Altglashütten","Eaurit","resource"
"Schwarzwald, Altglashütten","Obella","resource"
"S.-Varanger, Vaggatem","Esmyrt","resource"
"Dachsteingebirge, Hoferalm b. Filzmos","Okriec","resource"
"Dachsteingebirge, Hoferalm b. Filzmos","Hpolit","resource"
"S.-Varanger, Vaggatem","Hscapr","resource"
"S.-Varanger, Vaggatem","Hnudip","resource"
"Lofot, Austvagoya, Morfjord","Htuber","resource"
"Lofot, Flakstad, Flakstad","Hplicg","resource"
"Seljestad bei Odda","Hplicl","resource"
"Wüstensachsen, NWR Stirnberg","Hpruss","resource"
"Wüstensachsen, NWR Stirnberg","Hanoma","resource"
"Wüstensachsen, NWR Stirnberg","Hleuco","resource"
"Wüstensachsen, NWR Stirnberg","Halien","resource"
"Wüstensachsen, NWR Stirnberg","Hleuca","resource"
"Wüstensachsen, NWR Stirnberg","Heryth","resource"
"Schwarzwald, Altglashütten","Heryth","resource"
"Schwarzwald, Altglashütten","Halien","resource"
"Wüstensachsen, NWR Stirnberg","Obridg","resource"
"Lofot, Austvagoya, Morfjord","Ohasta","resource"
"Lofot, Austvagoya, Morfjord","Ehasta","resource"
"Lofot, Austvagoya, Morfjord","Hplicg","resource"
"Lofot, Austvagoya, Delp","Hplicg","resource"
"Lofot, Austvagoya, Delp","Onival","resource"
"Peer Gynt veien III","Oglabr","resource"
"Peer Gynt veien III","Elanat","resource"
"Radolfzell, Mettnau","Oviril","resource"
"Rügen, Bergen / Kaiseritz","Oproxi","resource"
"Rügen, Glowitz","Opprox","resource"
"Rügen, Neukamp","Opprox","resource"
"Radolfzell, Mettnau","Hpurpu","resource"
"Radolfzell, Mettnau","Hpolit","resource"
"Radolfzell, Mettnau","Halien","resource"
"Radolfzell, Mettnau","Heryth","resource"
"Rügen, Glowitz","Hleuco","resource"
"Rügen, Neukamp","Hpruss","resource"
"Rügen, Bergen / Kaiseritz","Heryth","resource"
"Rügen, Glowitz","Hpruss","resource"
"Rügen, Bergen / Kaiseritz","Hanoma","resource"
"Rügen, Zittvitz","Hpruss","resource"
"Rügen, Bergen / Kaiseritz","Hpruss","resource"
"Rügen, Zittvitz","Hleuca","resource"
"Rügen, Neuensien","Heryth","resource"
"Rügen, Glowitz","Hleuca","resource"
"Rügen, Neuensien","Hleuco","resource"
"Rügen, Glowitz","Hanoma","resource"
"Rügen, Zittvitz","Hleuco","resource"
"Rügen, Neuensien","Hpruss","resource"
"Rügen, Neukamp","Hanoma","resource"
"Rügen, Bergen / Nonnenweiher","Heryth","resource"
"Rügen, Kiekut","Hpruss","resource"
"Rügen, Neuensien","Hanoma","resource"
"Rügen, Zittvitz","Hanoma","resource"
"Rügen, Neuensien","Hleuca","resource"
"Rügen, Glowitz","Hoblit","resource"
"Rügen, Bergen / Nonnenweiher","Hpruss","resource"
"Rügen, Stedar","Hpruss","resource"
"Rügen, Bergen / Nonnenweiher","Hangli","resource"
"Rügen, Bergen / Nonnenweiher","Hleuca","resource"
"Rügen, Kiekut","Hleuca","resource"
"Rügen, Stedar","Hleuca","resource"
"Rügen, Neukamp","Hleuca","resource"
"Rügen, Stedar","Hangli","resource"
"Rügen, Bergen / Kaiseritz","Hleuca","resource"
"Rügen, Bergen / Nonnenweiher","Halien","resource"
"Waldreichs","Hleuca","resource"
"Radolfzell, Mettnau","Hoblit","resource"
"Langen-Bergheim","Hleuca","resource"
"Langen-Bergheim","Halien","resource"
"Langen-Bergheim","Heryth","resource"
"Langen-Bergheim","Hpruss","resource"
"Langen-Bergheim","Hspecc","resource"
"Langen-Bergheim","Hleuco","resource"
"Langen-Bergheim","Hanoma","resource"
"Bodman, Stockenloch","Hleuco","resource"
"Bodman, Stockenloch","Hpruss","resource"
"Radolfzell, Markelfingen, Hornhalde","Hspecc","resource"
"Radolfzell, Mettnau","Hspecc","resource"
"Radolfzell, Mettnau","Hpruss","resource"
"Radolfzell, Markelfingen, Hornhalde","Hanoma","resource"
"Radolfzell, Mettnau","Hleuca","resource"
"Radolfzell, Markelfingen, Hornhalde","Hleuco","resource"
"Gebhardsweiler, Mühlhofen","Hleuco","resource"
"Eigeltingen","Hleuco","resource"
"Eigeltingen","Hanoma","resource"
"Sulztal, Gries","Hspira","resource"
"Langen-Bergheim","Oproxi","resource"
"Meldal, Resvatnet","Hplicg","resource"
"Peer Gynt veien III","Hnudip","resource"
"Meldal, Resvatnet","Hsglau","resource"
"Hordalia nr. Röldal","Hplicg","resource"
"Meldal, Resvatnet","Hacuti","resource"
"Peer Gynt veien III","Hischn","resource"
"Hordalia nr. Röldal","Hplicl","resource"
"Meldal, Resvatnet","Hplicl","resource"
"Meldal, Resvatnet","Hischn","resource"
"Kiel, Langsee","Hpruss","resource"
"Kiel, Langsee","Hangli","resource"
"Kiel, Langsee","Hleuca","resource"
"Born, Darß","Halien","resource"
"Born, Darß","Heryth","resource"
"Peer Gynt veien, Gala","Hplicl","resource"
"Peer Gynt veien III","Hplicg","resource"
"Meldal, Resvatnet","Hnudip","resource"
"Hordalia nr. Röldal","Hsglau","resource"
"Peer Gynt veien, Gala","Hplicg","resource"
"Store Bjornvatn","Hplicl","resource"
"Peer Gynt veien III","Hacuti","resource"
"Meldal, Resvatnet","Hleuco","resource"
"Store Bjornvatn","Hplicg","resource"
"Lapphaugen bei Bardu","Ohasta","resource"
"Lapphaugen bei Bardu","Oglabr","resource"
"Lapphaugen bei Bardu","Onival","resource"
"Lapphaugen bei Bardu","Ovaria","resource"
"Lapphaugen bei Bardu","Onigri","resource"
"Lapphaugen bei Bardu","Ehasta","resource"
"Lapphaugen bei Bardu","Elanat","resource"
"Lapphaugen bei Bardu","Elappo","resource"
"Lapphaugen bei Bardu","Osamol","resource"
"Lapphaugen bei Bardu","Olappl","resource"
"Lapphaugen bei Bardu","Eboreo","resource"
"Lapphaugen bei Bardu","Emyrsi","resource"
"S.-Varanger, Storskog","Hnudip","resource"
"Lapphaugen bei Bardu","Hplicg","resource"
"Lapphaugen bei Bardu","Htuber","resource"
"Lapphaugen bei Bardu","Hnudip","resource"
"Taunus, Hunoldstal","Oproxi","resource"
"Taunus, Hunoldstal","Ovimin","resource"
"Schwarzwald, Schluchsee","Ovaria","resource"
"Leitenberg","Oproxi","resource"
"Schwarzwald, Schluchsee","Emucro","resource"
"Schwarzwald, Feldberg","Okriec","resource"
"Schwarzwald, Schluchsee","Obella","resource"
"Schwarzwald, Feldberg","Ogalla","resource"
"Howacht 3","Oproxi","resource"
"Altenkrempe","Oproxi","resource"
"Stendorf","Oproxi","resource"
"Eberswalde","Enigri","resource"
"Taunus, Hunoldstal","Hleuca","resource"
"Grietherbusch / Dornick","Oproxi","resource"
"Grietherbusch / Dornick","Otrian","resource"
"Grietherbusch / Dornick","Hangli","resource"
"Grietherbusch / Dornick","Hoblit","resource"
"Taunus, Waldems-Esch","Oproxi","resource"
"Zillertal, Hintertux/ Weitental","Ovaria","resource"
"Zillertal, Hintertux/ Weitental","Onigri","resource"
"Zillertal, Hintertux/ Weitental","Ovesic","resource"
"Zillertal, Hintertux/ Weitental","Oobscu","resource"
"Zillertal, Hintertux/ Weitental","Ofoeti","resource"
"Zillertal, Hintertux/ Weitental","Obridg","resource"
"Zillertal, Hintertux/ Weitental","Oretus","resource"
"Zillertal, Hintertux/ Weitental","Ovimin","resource"
"Zillertal, Hintertux/ Weitental","Oretic","resource"
"Zillertal, Hintertux/ Weitental","Omonti","resource"
"Zillertal, Hintertux/ Weitental","Eelaea","resource"
"Zillertal, Hintertux/ Weitental","Ohasta","resource"
"Zillertal, Hintertux/ Weitental","Egemmf","resource"
"Urdenbach, Urdenbacher Kämpe","Oproxi","resource"
"Urdenbach, Urdenbacher Kämpe","Hoblit","resource"
"Urdenbach, Urdenbacher Kämpe","Hangli","resource"
"Gießen, Staufenberger Forst","Obella","resource"
"Murtal, Muhr","Ovesic","resource"
"Murtal, Muhr","Hpolit","resource"
"Murtal, Muhr","Ovimin","resource"
"Usedom, Görmitz","Ogalla","resource"
"Juppa","Obrevi","resource"
"Juppa","Ovaria","resource"
"Juppa","Ofoeti","resource"
"Juppa","Oobscu","resource"
"Juppa","Egemmf","resource"
"Juppa","Hischn","resource"
"Juppa","Oretic","resource"
"Frankfurt, Riedwiese","Opedun","resource"
"Frankfurt, Riedwiese","Obridg","resource"
"Frankfurt, Riedwiese","Ovimin","resource"
"Schwarzwald, Todtnau","Ovimin","resource"
"Schwarzwald, Todtnau","Ovesic","resource"
"Moorburg","Oadaph","resource"
"Ötztal, Obergurgl/ Gaisbergf.","Oretic","resource"
"Torne Träsk, Abisko","Oretic","resource"
"Torne Träsk, Abisko","Oherba","resource"
"N.-Varanger, Sandfjord","Omyrsi","resource"
"N.-Varanger, Sandfjord","Ovaria","resource"
"N.-Varanger, Sandfjord, Fjell","Oherba","resource"
"N.-Varanger, Sandfjord","Onival","resource"
"Torne Träsk, Abisko","Oglabr","resource"
"Torne Träsk, Abisko","Eboreo","resource"
"Torne Träsk, Abisko","Onival","resource"
"Torne Träsk, Abisko","Ehasta","resource"
"Torne Träsk, Abisko","Ohasta","resource"
"Torne Träsk, Abisko","Oarcti","resource"
"Torne Träsk, Abisko","Ephyli","resource"
"Torne Träsk, Abisko","Hnudip","resource"
"Torne Träsk, Abisko","Odolic","resource"
"Torne Träsk, Abisko","Emyrsi","resource"
"Torne Träsk, Abisko","Ovaria","resource"
"Torne Träsk, Abisko","Hischn","resource"
"Torne Träsk, Abisko","Onigri","resource"
"N.-Varanger, Sandfjord","Oherba","resource"
"N.-Varanger, Sandfjord","Oretic","resource"
"Torne Träsk, Abisko","Esmyrs","resource"
"Julierpaß bei Bivio","Ofoeti","resource"
"Julierpaß bei Bivio","Oobscu","resource"
"Julierpaß bei Bivio","Obrevi","resource"
"Julierpaß bei Bivio","Egemmf","resource"
"Montespluga","Obridg","resource"
"N.-Varanger, Sandfjord","Hplicg","resource"
"S.-Varanger, Nyrud","Ovaria","resource"
"S.-Varanger, Nyrud","Oarcti","resource"
"Katinger Watt","Ovimin","resource"
"Katinger Watt","Oproxi","resource"
"Gern-Alm","Ovaria","resource"
"Gern-Alm","Ovimin","resource"
"Gern-Alm","Ovesic","resource"
"Gern-Alm","Okriec","resource"
"Gern-Alm","Oelaea","resource"
"Gern-Alm","Obridg","resource"
"Oppdal","Onorve","resource"
"Oppdal","Ephyli","resource"
"Geilo","Onigri","resource"
"Geilo","Emyrsi","resource"
"Geilo","Ovaria","resource"
"Gern-Alm","Eelaea","resource"
"Tauernpaß, Tweng","Hplicd","resource"
"Tauernpaß, Tweng","Okriec","resource"
"Tauernpaß, Tweng","Oadaph","resource"
"Tauernpaß, Tweng","Eelaea","resource"
"Nufenenpaß, Paßhöhe II","Ohasta","resource"
"Nufenenpaß, Paßhöhe II","Oretus","resource"
"Nufenenpaß, Paßhöhe II","Ofoeti","resource"
"Nufenenpaß, Paßhöhe II","Oobscu","resource"
"St. Peter-Ording","Eweiff","resource"
"St. Peter-Ording","Ocolla","resource"
"S.-Varanger, Nyrud","Evenus","resource"
"S.-Varanger, Nyrud","Ospset","resource"
"Ifjordfjellet II","Odolic","resource"
"Ifjordfjellet II","Oglauc","resource"
"S.-Varanger, Nyrud","Elappo","resource"
"Ifjordfjellet II","Hplicg","resource"
"Tauernpaß, Tweng","Edaphn","resource"
"Tauernpaß, Tweng","Eappen","resource"
"S.-Varanger, Nyrud","Omyrti","resource"
"S.-Varanger, Nyrud","Ogalla","resource"
"S.-Varanger, Nyrud","Emyrti","resource"
"Lakselv / Stabursnes","Hischn","resource"
"Lakselv / Stabursnes","Hplicp","resource"
"Lakselv / Stabursnes","Hnudip","resource"
"S.-Varanger, Nyrud","Hscapr","resource"
"S.-Varanger, Nyrud","Hleuco","resource"
"S.-Varanger, Nyrud","Hischn","resource"
"S.-Varanger, Nyrud","Hnudip","resource"
"S.-Varanger, Nyrud","Htuber","resource"
"Luxembourg","Oaacut","resource"
"Schönfeld, Dr. Josef Mehrlhütte","Onigri","resource"
"Schönfeld, Dr. Josef Mehrlhütte","Odolic","resource"
"Usedom, Ziemitz","Otrian","resource"
"Usedom, Trassenheide","Hpruss","resource"
"Berkak","Hischn","resource"
"Dovrefjell, Grönbakken","Omyrsi","resource"
"Dovrefjell, Grönbakken","Esmyrs","resource"
"Dovrefjell, Grönbakken","Hacuti","resource"
"Dovrefjell, Grönbakken","Hplicp","resource"
"Dovrefjell, Grönbakken","Odolic","resource"
"Dovrefjell, Grönbakken","Oarcti","resource"
"Dovrefjell, Grönbakken","Ephyli","resource"
"Katinger Watt","Opedun","resource"
"Katinger Watt","Hleuca","resource"
"Katinger Watt","Hpruss","resource"
"Oppdal","Evenus","resource"
"Passo di Mendola nr. Kaltern","Hanoma","resource"
"Passo di Mendola nr. Kaltern","Hleuco","resource"
"Ötztal, Vent/ Am Spiegel","Omacul","resource"
"Arolla","Ovimin","resource"
"Arolla","Ovaria","resource"
"Saastal, Mattmark","Omacul","resource"
"Saastal, Mattmark","Ohasta","resource"
"Saastal, Mattmark","Ovaria","resource"
"Saastal, Mattmark","Obrevi","resource"
"Saastal, Mattmark","Oviril","resource"
"Saastal, Mattmark","Ovimin","resource"
"Ötztal, Vent/ Am Spiegel","Ohelve","resource"
"Narvik, Björnfjell","Oherba","resource"
"Tauplitzalm","Ovimin","resource"
"Tauplitzalm","Ofoeti","resource"
"Tauplitzalm","Okriec","resource"
"Ötztal, Timmelsjoch","Omacul","resource"
"Ifjordfjellet / Gilojokka","Oglabr","resource"
"Ifjordfjellet / Gilojokka","Ovaria","resource"
"Ifjordfjellet / Gilojokka","Onival","resource"
"Ifjordfjellet / Gilojokka","Oarcti","resource"
"Ifjordfjellet / Gilojokka","Odolic","resource"
"Ifjordfjellet / Gilojokka","Olappo","resource"
"Ifjordfjellet / Gilojokka","Osamol","resource"
"Ifjordfjellet / Gilojokka","Olappl","resource"
"Ötztal, Vent/ Am Spiegel","Egemmh","resource"
"Saastal, Mattmark","Ehasta","resource"
"Saastal, Mattmark","Egemmf","resource"
"Saastal, Mattmark","Emyrsi","resource"
"Arolla","Egemmh","resource"
"Arolla","Egemmf","resource"
"Arolla","Hcarin","resource"
"Arolla","Ofoeti","resource"
"Arolla","Oobscu","resource"
"Ifjordfjellet / Gilojokka","Elanat","resource"
"Saastal, Mattmark","Egemmh","resource"
"Saastal, Mattmark","Ofoeti","resource"
"Val di Egro, Mt. Tremalzo II","Ohasta","resource"
"Val di Egro, Mt. Tremalzo II","Ehasta","resource"
"Val di Egro, Mt. Tremalzo II","Oobscu","resource"
"Val di Egro, Mt. Tremalzo II","Obridg","resource"
"Fauske","Evenus","resource"
"Fauske","Ohasta","resource"
"Riu Malliu, bei Cagliari","Ovimin","resource"
"Fauske","Ehasta","resource"
"Annaberg, Tennengau","Ovaria","resource"
"Lago di Lei","Obridg","resource"
"Lago di Lei","Ofoeti","resource"
"Albulapaß nr. Paßhöhe","Oretus","resource"
"Albulapaß nr. Paßhöhe","Oretic","resource"
"Lago di Lei","Oobscu","resource"
"Lago di Lei","Egemmf","resource"
"Lago di Lei","Hpscho","resource"
"Ifjordfjellet / Gilojokka","Hplicg","resource"
"Ifjordfjellet / Gilojokka","Hnudip","resource"
"Ifjordfjellet / Gilojokka","Eboreo","resource"
"Fauske","Hcarin","resource"
"Kjölen nr. Halden","Eweiff","resource"
"Kjölen nr. Halden","Ocolla","resource"
"Kjölen nr. Halden","Halien","resource"
"Kjölen nr. Halden","Obella","resource"
"Tyssedal, Ringedalsvatn","Ogalla","resource"
"Karben","Otrian","resource"
"Taunus, Waldems-Reichenbach","Oproxi","resource"
"Stiklestad","Onigri","resource"
"Stiklestad","Ovaria","resource"
"Stiklestad","Obridg","resource"
"Herbertshausen","Oproxi","resource"
"Howacht 1","Oproxi","resource"
"Kiel, Dietrichsdorf","Ovimin","resource"
"Kiel, Dietrichsdorf","Opedun","resource"
"Kiel, Dietrichsdorf","Obridg","resource"
"Rogerfelde","Oproxi","resource"
"Ritterhude","Oadaph","resource"
"Mellum","Oproxi","resource"
"Jechtingen","Oadaph","resource"
"Mahndorf","Ocolla","resource"
"Gedern","Ogalla","resource"
"Ketsch","Oproxi","resource"
"Ketsch","Ovimin","resource"
"Torun","Otrian","resource"
"Torun","Ovimin","resource"
"Bardu","Oarcti","resource"
"Planneralm II","Ovaria","resource"
"Planneralm II","Obridg","resource"
"Spytkowo","Ovaria","resource"
"Kruklanki","Ovimin","resource"
"Halltal","Okriec","resource"
"Marköbel","Emucro","resource"
"Kiel, Dietrichsdorf","Esubge","resource"
"Stiklestad","Otrian","resource"
"Nordfjorden","Emucro","resource"
"Nordfjorden","Eaurit","resource"
"Nordfjorden","Halien","resource"
"Kiel, Dietrichsdorf","Egemmc","resource"
"Kiel, Dietrichsdorf","Eciner","resource"
"La Massane","Opedun","resource"
"Kiel, Dietrichsdorf","Hangli","resource"
"Kiel, Dietrichsdorf","Hleuca","resource"
"Weißenbach","Oproxi","resource"
"Kiel, Dietrichsdorf","Hpruss","resource"
"Weißenbach","Hpurpu","resource"
"Süder-Friedrichs-Koog","Ovimin","resource"
"Süder-Friedrichs-Koog","Ovesic","resource"
"Süder-Friedrichs-Koog","Obridg","resource"
"Horn / Bodensee / Gnadensee","Oviril","resource"
"Neuwilen, Bommer Weiher","Oviril","resource"
"Andelshofen","Oviril","resource"
"Neuwilen, Bommer Weiher","Hangli","resource"
"Neuwilen, Bommer Weiher","Hpolit","resource"
"Neuwilen, Bommer Weiher","Hpruss","resource"
"Neuwilen, Bommer Weiher","Hleuca","resource"
"Horn / Bodensee / Gnadensee","Hleuca","resource"
"Neuwilen, Bommer Weiher","Hpurpu","resource"
"Klausdorf, Schwentine","Hleuca","resource"
"Klausdorf, Schwentine","Hpruss","resource"
"Klausdorf, Schwentine","Oproxi","resource"
"Klausdorf, Schwentine","Hanoma","resource"
"Klausdorf, Schwentine","Hleuco","resource"
"Kiel, Dietrichsdorf","Hpolit","resource"
"Leira nr. Trondheim","Halien","resource"
"Leira nr. Trondheim","Heryth","resource"
"Leira nr. Trondheim","Obella","resource"
"Karasjok","Onorve","resource"
"Karasjok","Olappl","resource"
"Peer Gynt veien II","Olappo","resource"
"Peer Gynt veien II","Onival","resource"
"Peer Gynt veien II","Oglauc","resource"
"Folldal, Dahlholen","Odolic","resource"
"N.-Varanger, Tanabru","Oarcti","resource"
"N.-Varanger, Tanabru","Osamol","resource"
"N.-Varanger, Tanabru","Olappl","resource"
"N.-Varanger, Tanabru","Olappo","resource"
"N.-Varanger, Tanabru","Ephyli","resource"
"N.-Varanger, Tanabru","Ohasta","resource"
"N.-Varanger, Tanabru","Elanat","resource"
"N.-Varanger, Tanabru","Odolic","resource"
"N.-Varanger, Tanabru","Ehasta","resource"
"Altenstadt, Höchst","Hleuco","resource"
"Zederhaustal, Oberweißburg","Hplicd","resource"
"Zederhaustal, Oberweißburg","Edaphn","resource"
"Zederhaustal, Oberweißburg","Oproxi","resource"
"Zederhaustal, Oberweißburg","Oadaph","resource"
"Altenstadt, Höchst","Hleuca","resource"
"Ortenberg II","Hangli","resource"
"N.-Varanger, Tanabru","Elappo","resource"
"S.-Varanger, Vaggatem, Elentj.","Emyrti","resource"
"S.-Varanger, Vaggatem, Elentj.","Esmyrt","resource"
"S.-Varanger, Vaggatem, Elentj.","Elappo","resource"
"Schremser Moor","Obella","resource"
"Schremser Moor","Heryth","resource"
"Karasjok","Hplicp","resource"
"Karasjok","Hnudip","resource"
"N.-Varanger, Tanabru","Hnudip","resource"
"N.-Varanger, Tanabru","Hischn","resource"
"N.-Varanger, Reppen","Hplicp","resource"
"N.-Varanger, Reppen","Hischn","resource"
"N.-Varanger, Reppen","Hplicg","resource"
"S.-Varanger, Vaggatem, Elentj.","Hnudip","resource"
"S.-Varanger, Vaggatem, Elentj.","Hischn","resource"
"Skogan","Hnudip","resource"
"Schladming, Untertal","Hleuco","resource"
"Schladming, Untertal","Hpscho","resource"
"Möggingen","Hleuca","resource"
"Dettingen","Hleuco","resource"
"Dettingen","Hanoma","resource"
"Möggingen","Hpruss","resource"
"Kattenhorn nr. Wangen / Bodensee /Untersee","Hpruss","resource"
"Kattenhorn nr. Wangen / Bodensee /Untersee","Hleuca","resource"
"Östersund","Hleuca","resource"
"Östersund","Hpruss","resource"
"Steinamoen","Emyrsi","resource"
"Steinamoen","Ovaria","resource"
"Steinamoen","Onigri","resource"
"Steinamoen","Hischn","resource"
"Peer Gynt veien II","Hplicp","resource"
"Rastenfeld","Epurpu","resource"
"Weinfelden / Thur","Hangli","resource"
"Markelfingen / Schlafbach","Hpurpu","resource"
"Weinfelden / Thur","Hpolit","resource"
"Weinfelden / Thur","Hpurpu","resource"
"Radolfzell, Mindelsee","Hleuca","resource"
"Markelfingen / Schlafbach","Hpolit","resource"
"Radolfzell, Mindelsee","Hpruss","resource"
"Markelfingen / Schlafbach","Hleuca","resource"
"Markelfingen / Schlafbach","Hpruss","resource"
"Weinfelden / Thur","Hleuco","resource"
"Skaerbaek","Hleuca","resource"
"Skaerbaek","Halien","resource"
"Skaerbaek","Heryth","resource"
"Tondern","Hleuca","resource"
"Tondern","Hpruss","resource"
"Rastenfeld","Hpurpu","resource"
"Rügen, Dolgemost","Hpruss","resource"
"Rügen, Dolgemost","Hleuca","resource"
"Kiduliai nr. Jurbarkas","Oaacut","resource"
"Kiduliai nr. Jurbarkas","Ovimin","resource"
"Markelfingen / Schlafbach","Hoblit","resource"
"nr. Grabnik","Hpurpu","resource"
"nr. Grabnik","Hpolit","resource"
"nr. Grabnik","Hanoma","resource"
"Siluva","Hanoma","resource"
"Siluva","Hleuco","resource"
"Siluva","Hleuca","resource"
"Kiduliai nr. Jurbarkas","Hangli","resource"
"Raudone","Hoblit","resource"
"Raudone","Hangli","resource"
"Mühlhofen, Alseweiher","Hpolit","resource"
"Mühlhofen, Alseweiher","Hleuca","resource"
"Mühlhofen, Alseweiher","Hpruss","resource"
"Ötztal, Sölden/ Windache","Hpscho","resource"
"Ötztal, Zwieselstein","Hspira","resource"
"Ötztal, Zwieselstein","Hpscho","resource"
"Ötztal, Sölden/ Windache","Hspira","resource"
"Ötztal, Hochgurgl","Hplicg","resource"
"Röros","Obridg","resource"
"Röros","Ohasta","resource"
"Rondane Nationalpark, Solvang","Hnudip","resource"
"Röros","Hanoma","resource"
"Rondane Nationalpark, Solvang","Hischn","resource"
"Röros","Hsglau","resource"
"Rondane Nationalpark, Solvang","Hplicg","resource"
"Röros","Hplicg","resource"
"Truden","Hleuco","resource"
"Truden","Hanoma","resource"
"Blavand","Hleuca","resource"
"Peer Gynt veien, Hattal","Hplicg","resource"
"Peer Gynt veien, Hattal","Hacuti","resource"
"Olperer","Oretus","resource"
"Leukerbad","Okriec","resource"
"Les Hauderes","Ovaria","resource"
"Hospental","Oadaph","resource"
"Hospental","Ohasta","resource"
"Hospental","Ovimin","resource"
"Sustenpaß","Oretus","resource"
"Brandbu","Onigri","resource"
"Kirkenes","Oarcti","resource"
"Kirkenes","Onival","resource"
"Hauge, S.-Varanger","Omyrsi","resource"
"Hauge, S.-Varanger","Ospeit","resource"
"Kafjordbotn","Onorve","resource"
"Frankfurt, Uni-Campus","Oadaph","resource"
"Rofan Gebirge, Erfurter Hütte","Oobscu","resource"
"Lofot, Sandsletta","Evenus","resource"
"Lofot, Sandsletta","Ogalla","resource"
"Lofot, Sandsletta","Onival","resource"
"Kvaenangsbotn","Ehasta","resource"
"Kvaenangsbotn","Ohasta","resource"
"Vernagt-Stausee","Ovesic","resource"
"Planneralm I","Obridg","resource"
"Plauer See","Emucro","resource"
"Ötztal, Obergurgl/ Bruggboden","Egemmf","resource"
"Ötztal, Obergurgl/ Bruggboden","Ehasta","resource"
"Ötztal, Obergurgl/ Bruggboden","Egemmh","resource"
"Neiden","Elanat","resource"
"Neiden","Ovaria","resource"
"Neiden","Oglabr","resource"
"Neiden","Oarcti","resource"
"S.-Varanger, Svanvik","Omyrti","resource"
"Neiden","Hischn","resource"
"S.-Varanger, Svanvik","Elappo","resource"
"Kvalsund, Breidalsfjell","Elanat","resource"
"Kvalsund, Breidalsfjell","Oglabr","resource"
"Lofot, Sandsletta","Hleuco","resource"
"Lofot, Sandsletta","Obridg","resource"
"Lofot, Sandsletta","Elappo","resource"
"Lofot, Sandsletta","Elappc","resource"
"Polarkreis III","Olappl","resource"
"Polarkreis IV","Elappo","resource"
"Polarkreis III","Elappc","resource"
"Polarkreis III","Odolic","resource"
"Namsskogan, Mellingsmoen","Evenus","resource"
"Namsskogan, Mellingsmoen","Ogalla","resource"
"Namsskogan, Mellingsmoen","Hleuco","resource"
"Namsskogan, Mellingsmoen","Enigri","resource"
"Namsskogan, Mellingsmoen","Obridg","resource"
"Lusterfjord, Höyheimsvik","Evenus","resource"
"Lusterfjord, Höyheimsvik","Ogalla","resource"
"Paso del Tonale","Ovesic","resource"
"Paso del Tonale","Ovimin","resource"
"Nufenenpaß, Aegtnental","Ovimin","resource"
"Nufenenpaß, Aegtnental","Ovesic","resource"
"Nufenenpaß, Aegtnental","Epurpu","resource"
"Hospental","Emyrsi","resource"
"Nufenenpaß, E-Werk","Egemmh","resource"
"Namsskogan, Mellingsmoen","Ovaria","resource"
"Grong","Omyrsi","resource"
"S.-Varanger, Nyelv","Omyrsi","resource"
"Lavangsdalen","Obridg","resource"
"Lavangsdalen","Ogalla","resource"
"Lavangsdalen","Evenus","resource"
"Lofot, Laukvik","Evenus","resource"
"Jostedalen","Evenus","resource"
"Heimhulhatten","Obridg","resource"
"Heimhulhatten","Obella","resource"
"Riu di Pula, bei Cagliari","Ovimin","resource"
"F. Corogiu, Tortoli","Ovimin","resource"
"S.-Varanger, Nyelv","Eboreo","resource"
"S.-Varanger, Svanvik","Esmyrt","resource"
"S.-Varanger, Svanvik","Esmyrs","resource"
"S.-Varanger, Svanvik","Emyrti","resource"
"Kafjordbotn","Ehasta","resource"
"Kvaenangen, Gildetun","Eboreo","resource"
"Lofot, Laukvik","Elappo","resource"
"Lofot, Hadselsand","Enigri","resource"
"Grane","Emyrsi","resource"
"Haugsdalen","Emucro","resource"
"Heimhulhatten","Emucro","resource"
"Heimhulhatten","Eaurit","resource"
"Malm","Eaurit","resource"
"Hegra","Eaurit","resource"
"Jostedalen","Emyrsi","resource"
"Jostedalen","Elappo","resource"
"Skjelingen","Elappc","resource"
"Skjelingen","Eboreo","resource"
"Lavangsdalen","Ehasta","resource"
"Lofot, Laukvik","Hleuco","resource"
"Grane","Hischn","resource"
"Heimhulhatten","Hcarin","resource"
"Dachsteinstraße, Ramsau","Ogalla","resource"
"Dachsteinstraße, Ramsau","Obridg","resource"
"Rappottenstein, Edmühle","Eatraa","resource"
"Dachsteinstraße, Ramsau","Epurpu","resource"
"Purath nr. Arbesbach","Emucro","resource"
"Altenstadt, Nidder","Eatraa","resource"
"Fluela-Paß","Oobscu","resource"
"Lofot, Grunnfjord","Obridg","resource"
"S.-Varanger, Vaggatem, Gjökasen","Ospset","resource"
"S.-Varanger, Vaggatem, Gjökasen","Esmyrt","resource"
"S.-Varanger, Vaggatem, Gjökasen","Emyrti","resource"
"Lofot, Austvagoya, Moksnes","Eboreo","resource"
"Vikafjell bei Viksöyri II","Eboreo","resource"
"Großgerungs","Eciner","resource"
"Lofot, Sandsletta","Hplicg","resource"
"Olderfjord / Hatter","Hacuti","resource"
"Vikafjell bei Viksöyri II","Hplicg","resource"
"Olderfjord / Hatter","Elappo","resource"
"Lofot, Vestvagoy, Torvdalen","Eboreo","resource"
"Modrus","Ovimin","resource"
"Modrus","Ovesic","resource"
"Nigardsbreen nr. Gaupne","Emyrsi","resource"
"Jotunheimen, Krossbu","Elappc","resource"
"Bletterbachschlucht nr.Aldino","Hspira","resource"
"Preber See bei Tamsweg","Emyrsi","resource"
"Kirkenes, Flugplatz","Ohasta","resource"
"S.-Varanger, Ferdesmyra","Hacuti","resource"
"S.-Varanger, Ferdesmyra","Hplicl","resource"
"Tauernpaß, Untertauern II","Oobscu","resource"
"Tauernpaß, Untertauern II","Hischn","resource"
"Tauernpaß, Untertauern II","Eelaea","resource"
"Ötztal, Sölden/ Rechenau","Obridg","resource"
"Misvaerfjorden, Misvaer","Ovaria","resource"
"Traismauer an der Donau","Eatraa","resource"
"Traismauer an der Donau","Hoblit","resource"
"Tennholmfjorden, Gimstad","Hplicg","resource"
"Sunnylvsfjorden nr Royr, Stranda","Hnudip","resource"
"Hammer","Hcarin","resource"
"Hammer","Hischn","resource"
"Hammer","Halien","resource"
"Skjölden","Ovaria","resource"
"Zillertal, Stumm/ Märzengrund","Obridg","resource"
"Lofot, Austvagoya, Rörvika","Hplicg","resource"
"Lofot, Austvagoya, Rörvika","Hanoma","resource"
"Lofot, Austvagoya, Rörvika","Hleuco","resource"
"Zwettl","Hoblit","resource"
"Alta","Hischn","resource"
"Usedom, Zempin, Lüttendorf","Hoblit","resource"
"Narewa","Oproxi","resource"
